u_r,u_theta,ro_i,agent_position_y[1],agent_position_y[2],agent_position_y[3],agent_position_y[4],agent_position_y[5],agent_position_y[6]
-0.005999999999999999,0.00047999999999999996,5.0,5.0000096,9.330127018922193,9.330127018922195,5.000000000000001,0.6698729810778072,0.6698729810778072
-2.744556778080376,0.0065279911825209145,5.0,5.0000096,9.282655180995091,9.330127018922195,5.000000000000001,0.6698729810778072,0.6698729810778072
-10.969227112321505,-15.695090813604708,5.000000000000001,5.0000096,9.282655180995091,9.297085340275213,5.000000000000001,0.6698729810778072,0.6698729810778072
-24.680011002723397,15.506432601263706,5.0,5.0000096,9.282655180995091,9.297085340275213,4.6898713479747265,0.6698729810778072,0.6698729810778072
-10.969227112321514,0.1596579285285445,5.000000000000001,5.0000096,9.282655180995091,9.297085340275213,4.6898713479747265,0.8582689885755508,0.6698729810778072
-2.744556778080376,-0.0043665288544051835,5.0,5.0000096,9.282655180995091,9.297085340275213,4.6898713479747265,0.8582689885755508,0.7173664336281907
-0.025999382732747583,0.0024802928188423223,4.987880011577737,5.000059203354372,9.282655180995091,9.297085340275213,4.6898713479747265,0.8582689885755508,0.7173664336281907
-0.02273829426101523,-0.16485670954562703,4.939132565821722,5.000059203354372,9.28061838257486,9.297085340275213,4.6898713479747265,0.8582689885755508,0.7173664336281907
-0.03127643326054105,0.4738183994157186,4.796241160643598,5.000059203354372,9.28061838257486,9.292315565666017,4.6898713479747265,0.8582689885755508,0.7173664336281907
-0.03432569593955609,-0.30592182278806834,4.529029401165487,5.000059203354372,9.28061838257486,9.292315565666017,4.696022431826844,0.8582689885755508,0.7173664336281907
-0.021988940134632463,0.0008078870808417783,4.786608405879737,5.000059203354372,9.28061838257486,9.292315565666017,4.696022431826844,0.8586414167827154,0.7173664336281907
-0.022712885934290196,0.007354333272351941,4.939107501830848,5.000059203354372,9.28061838257486,9.292315565666017,4.696022431826844,0.8586414167827154,0.7178335861321009
-0.045936132150743846,0.0028016688716318277,4.975360105637614,5.000115215163544,9.28061838257486,9.292315565666017,4.696022431826844,0.8586414167827154,0.7178335861321009
-0.042430956657767,0.007300088981132336,4.932742620065138,5.000115215163544,9.279954491783558,9.292315565666017,4.696022431826844,0.8586414167827154,0.7178335861321009
-0.04074400064098038,-0.014180308498572242,4.801027156416578,5.000115215163544,9.279954491783558,9.291714064180407,4.696022431826844,0.8586414167827154,0.7178335861321009
-0.041460257043058814,0.0026515012705309957,4.540317055018698,5.000115215163544,9.279954491783558,9.291714064180407,4.6960250261155565,0.8586414167827154,0.7178335861321009
-0.04100965578537647,0.009271821671612536,4.792158106614473,5.000115215163544,9.279954491783558,9.291714064180407,4.6960250261155565,0.8592569061229661,0.7178335861321009
-0.042381834607552904,0.009212959455851408,4.932648496049314,5.000115215163544,9.279954491783558,9.291714064180407,4.6960250261155565,0.8592569061229661,0.7186608920089148
-0.06580825448517799,0.006518735623556923,4.962441605226418,5.0002455249448285,9.279954491783558,9.291714064180407,4.6960250261155565,0.8592569061229661,0.7186608920089148
-0.0620985950474273,0.000809230779480071,4.926005200732984,5.0002455249448285,9.278883385002398,9.291714064180407,4.6960250261155565,0.8592569061229661,0.7186608920089148
-0.05976642089468443,0.0007400387344172026,4.805663362614941,5.0002455249448285,9.278883385002398,9.290639880996173,4.6960250261155565,0.8592569061229661,0.7186608920089148
-0.0592730766842764,-0.005101509153789661,4.551455971818606,5.0002455249448285,9.278883385002398,9.290639880996173,4.696205967543096,0.8592569061229661,0.7186608920089148
-0.06004997314689251,0.010944131049494345,4.797324604665321,5.0002455249448285,9.278883385002398,9.290639880996173,4.696205967543096,0.8601829597957797,0.7186608920089148
-0.06201665242140729,0.011229031372303005,4.925792672921167,5.0002455249448285,9.278883385002398,9.290639880996173,4.696205967543096,0.8601829597957797,0.719849986088404
-0.08561376735599757,0.008364031423617007,4.949125876788223,5.000412640914861,9.278883385002398,9.290639880996173,4.696205967543096,0.8601829597957797,0.719849986088404
-0.08172447592474912,0.0030342141753369562,4.9189218386040645,5.000412640914861,9.277491422898178,9.290639880996173,4.696205967543096,0.8601829597957797,0.719849986088404
-0.0788424915770072,0.00233549079965678,4.809968499801092,5.000412640914861,9.277491422898178,9.289212099665258,4.696205967543096,0.8601829597957797,0.719849986088404
-0.07714511484827775,-0.006723002474628398,4.562236696775251,5.000412640914861,9.277491422898178,9.289212099665258,4.696442791761647,0.8601829597957797,0.719849986088404
-0.07911462370869143,0.012820905147881551,4.802107413401254,5.000412640914861,9.277491422898178,9.289212099665258,4.696442791761647,0.86141698692426,0.719849986088404
-0.0816149410858342,0.01322257279114437,4.918540657634685,5.000412640914861,9.277491422898178,9.289212099665258,4.696442791761647,0.86141698692426,0.7214006613270465
-0.10535068851784897,0.010328146903898315,4.935414325670644,5.0006188739984765,9.277491422898178,9.289212099665258,4.696442791761647,0.86141698692426,0.7214006613270465
-0.10131351050192587,0.004946867510610941,4.911493675968283,5.0006188739984765,9.275775174489695,9.289212099665258,4.696442791761647,0.86141698692426,0.7214006613270465
-0.09793782910765607,0.004261441268891093,4.813941379922942,5.0006188739984765,9.275775174489695,9.287428023012119,4.696442791761647,0.86141698692426,0.7214006613270465
-0.09506920800623438,-0.008466279887948668,4.5726579999237895,5.0006188739984765,9.275775174489695,9.287428023012119,4.696737818963291,0.86141698692426,0.7214006613270465
-0.09820137995030762,0.014694135375383615,4.806505947318782,5.0006188739984765,9.275775174489695,9.287428023012119,4.696737818963291,0.862958453020213,0.7214006613270465
-0.10117472961268217,0.015214578305100354,4.910893125687624,5.0006188739984765,9.275775174489695,9.287428023012119,4.696737818963291,0.862958453020213,0.7233128756482404
-0.12501704769594998,0.012280658379692173,4.921308398820697,5.000863909355781,9.275775174489695,9.287428023012119,4.696737818963291,0.862958453020213,0.7233128756482404
-0.12086359985214748,0.006866017002079127,4.9037217435922305,5.000863909355781,9.273734397686281,9.287428023012119,4.696737818963291,0.862958453020213,0.7233128756482404
-0.11705137791821842,0.006181558521797744,4.817581509074773,5.000863909355781,9.273734397686281,9.285288007293543,4.696737818963291,0.862958453020213,0.7233128756482404
-0.11304357726095181,-0.010211298575994489,4.582718796290227,5.000863909355781,9.273734397686281,9.285288007293543,4.697090956611618,0.862958453020213,0.7233128756482404
-0.11730832655112335,0.016569295603221866,4.810519667462205,5.000863909355781,9.273734397686281,9.285288007293543,4.697090956611618,0.8648067357464561,0.7233128756482404
-0.12069404270973039,0.01720323944053684,4.902850793580824,5.000863909355781,9.273734397686281,9.285288007293543,4.697090956611618,0.8648067357464561,0.7255865257351963
-0.14461088062567787,0.014227185900236097,4.906809583788647,5.001147527954123,9.273734397686281,9.285288007293543,4.697090956611618,0.8648067357464561,0.7255865257351963
-0.140373042218894,-0.01876031884817625,4.895607116729332,5.001147527954123,9.271100237812533,9.285288007293543,4.697090956611618,0.8648067357464561,0.7255865257351963
-0.13618145742099974,0.007831934941170692,4.8208884141724155,5.001147527954123,9.271100237812533,9.282794862678262,4.697090956611618,0.8648067357464561,0.7255865257351963
-0.13106641328836635,-0.0119627857152399,4.592418037361852,5.001147527954123,9.271100237812533,9.282794862678262,4.697502189900659,0.8648067357464561,0.7255865257351963
-0.1364335364648831,0.018446049442051034,4.814148075080171,5.001147527954123,9.271100237812533,9.282794862678262,4.697502189900659,0.8669611835477539,0.7255865257351963
-0.14017090976848282,0.019188491332564894,4.894414418954889,5.001147527954123,9.271100237812533,9.282794862678262,4.697502189900659,0.8669611835477539,0.7282214643764853
-0.1641302308262187,0.015890990777360104,4.891919408703901,5.001463959321795,9.271100237812533,9.282794862678262,4.697502189900659,0.8669611835477539,0.7282214643764853
-0.15983953089298325,-0.020212196897994,4.88714972539474,5.001463959321795,9.268109480270383,9.282794862678262,4.697502189900659,0.8669611835477539,0.7282214643764853
-0.15532638205009983,0.009726469539223747,4.823861643727635,5.001463959321795,9.268109480270383,9.279946741003444,4.697502189900659,0.8669611835477539,0.7282214643764853
-0.14913590226416307,-0.013715602504156179,4.601754711765923,5.001463959321795,9.268109480270383,9.279946741003444,4.697971384838127,0.8669611835477539,0.7282214643764853
-0.15557508059884148,0.020324297406860443,4.817390711841476,5.001463959321795,9.268109480270383,9.279946741003444,4.697971384838127,0.8694211133055135,0.7282214643764853
-0.15960336409207387,0.021167412506522515,4.885584800493965,5.001463959321795,9.268109480270383,9.279946741003444,4.697971384838127,0.8694211133055135,0.7312174728042363
-0.18357314886677656,0.01779580818171689,4.8766394414883525,5.00181789515595,9.268109480270383,9.279946741003444,4.697971384838127,0.8694211133055135,0.7312174728042363
-0.17926305521085487,-0.022137737166796918,4.878350563214506,5.00181789515595,9.264757618601553,9.279946741003444,4.697971384838127,0.8694211133055135,0.7312174728042363
-0.17448451034117016,0.011612773045742854,4.82650079100968,5.00181789515595,9.264757618601553,9.276744132972498,4.697971384838127,0.8694211133055135,0.7312174728042363
-0.16725022543086387,-0.01547211320282701,4.610727845321579,5.00181789515595,9.264757618601553,9.276744132972498,4.698498438055654,0.8694211133055135,0.7312174728042363
-0.17473102775438,0.022203827963231323,4.820247159853602,5.00181789515595,9.264757618601553,9.276744132972498,4.698498438055654,0.8721858115489423,0.7312174728042363
-0.17898944322601873,0.02314513279147768,4.876362777960438,5.00181789515595,9.264757618601553,9.276744132972498,4.698498438055654,0.8721858115489423,0.7345743391136434
-0.2029376953925192,0.019684327250211877,4.8609712912007605,5.0022088614330995,9.264757618601553,9.276744132972498,4.698498438055654,0.8721858115489423,0.7345743391136434
-0.19864086992012261,-0.02405012342926257,4.869210614995674,5.0022088614330995,9.26104494829134,9.276744132972498,4.698498438055654,0.8721858115489423,0.7345743391136434
-0.19365415922815493,0.013500525965088803,4.828805481603035,5.0022088614330995,9.26104494829134,9.273187477039462,4.698498438055654,0.8721858115489423,0.7345743391136434
-0.18540755938434392,-0.017232034974519365,4.619336501148431,5.0022088614330995,9.26104494829134,9.273187477039462,4.699083223977531,0.8721858115489423,0.7345743391136434
-0.19389944484654573,0.02408453913038979,4.822717041687686,5.0022088614330995,9.26104494829134,9.273187477039462,4.699083223977531,0.8752545333935589,0.7345743391136434
-0.19832718889281198,0.0251188338539966,4.866749231899941,5.0022088614330995,9.26104494829134,9.273187477039462,4.699083223977531,0.8752545333935589,0.7382917809558438
-0.2222219375261622,0.021566351541234804,4.84491660671343,5.002636563760752,9.26104494829134,9.273187477039462,4.699083223977531,0.8752545333935589,0.7382917809558438
-0.21797129569962684,-0.02595873519216398,4.859730920547847,5.002636563760752,9.256971709466036,9.273187477039462,4.699083223977531,0.8752545333935589,0.7382917809558438
-0.2128336558287383,0.015389310398566357,4.830775374794221,5.002636563760752,9.256971709466036,9.269277251744942,4.699083223977531,0.8752545333935589,0.7382917809558438
-0.20360607620381554,-0.018995232914601708,4.6275797797492135,5.002636563760752,9.256971709466036,9.269277251744942,4.699725597795401,0.8752545333935589,0.7382917809558438
-0.21307839709508167,0.025966246687388235,4.824800020395575,5.002636563760752,9.256971709466036,9.269277251744942,4.699725597795401,0.878626503455385,0.7382917809558438
-0.21761464767578134,0.02708851595593363,4.856745083659265,5.002636563760752,9.256971709466036,9.269277251744942,4.699725597795401,0.878626503455385,0.7423694731142199
-0.24142395140732953,0.02344143535188816,4.82847707692713,5.003100682222395,9.256971709466036,9.269277251744942,4.699725597795401,0.878626503455385,0.7423694731142199
-0.23725263807668487,-0.027863256244667265,4.849912553729194,5.003100682222395,9.252538181400709,9.269277251744942,4.699725597795401,0.878626503455385,0.7423694731142199
-0.2320213252728947,0.017279004489724876,4.832410163334498,5.003100682222395,9.252538181400709,9.265013972987264,4.699725597795401,0.878626503455385,0.7423694731142199
-0.2218439436537936,-0.020761566788322965,4.635456819093404,5.003100682222395,9.252538181400709,9.265013972987264,4.700425395382977,0.878626503455385,0.7423694731142199
-0.23226594823679705,0.02784879581914316,4.826495799527097,5.003100682222395,9.252538181400709,9.265013972987264,4.700425395382977,0.8823009156175031,0.7423694731142199
-0.2368498708438579,0.02905402160958969,4.846351295289084,5.003100682222395,9.252538181400709,9.265013972987264,4.700425395382977,0.8823009156175031,0.7468070460801132
-0.26054182180512614,0.02530943280334574,4.8116544305996225,5.003600877342943,9.252538181400709,9.265013972987264,4.700425395382977,0.8823009156175031,0.7468070460801132
-0.2564832085091127,-0.02976355818677096,4.839756622761446,5.003600877342943,9.247744680638498,9.265013972987264,4.700425395382977,0.8823009156175031,0.7468070460801132
-0.25121549133984034,0.019169478610071004,4.83370957346607,5.003600877342943,9.247744680638498,9.260398194078983,4.700425395382977,0.8823009156175031,0.7468070460801132
-0.2401193253707957,-0.022530895945785452,4.642966794697003,5.003600877342943,9.247744680638498,9.260398194078983,4.701182433309271,0.8823009156175031,0.7468070460801132
-0.251460160723035,0.029732029509875527,4.827804123142851,5.003600877342943,9.247744680638498,9.260398194078983,4.701182433309271,0.8862769331241621,0.7468070460801132
-0.256030914672373,0.031015199865627955,4.835568869452673,5.003600877342943,9.247744680638498,9.260398194078983,4.701182433309271,0.8862769331241621,0.7516040862292572
-0.27957364234201804,0.02717019083800048,4.794450436197096,5.0041367899081814,9.247744680638498,9.260398194078983,4.701182433309271,0.8862769331241621,0.7516040862292572
-0.2756613241473346,-0.031659509371636,4.8292642701319215,5.0041367899081814,9.242591560963103,9.260398194078983,4.701182433309271,0.8862769331241621,0.7516040862292572
-0.27041447661197837,0.02106060328681433,4.834673364935066,5.0041367899081814,9.242591560963103,9.25543050572709,4.701182433309271,0.8862769331241621,0.7516040862292572
-0.25843038105129545,-0.0243030794662541,4.650108919698905,5.0041367899081814,9.242591560963103,9.25543050572709,4.701996508855082,0.8862769331241621,0.7516040862292572
-0.2706590959237986,0.03161579080965938,4.828724775823857,5.0041367899081814,9.242591560963103,9.25543050572709,4.701996508855082,0.8905536886535164,0.7516040862292572
-0.27515584063876614,0.03297190001137702,4.824398849328884,5.0041367899081814,9.242591560963103,9.25543050572709,4.701996508855082,0.8905536886535164,0.7567601359404911
-0.29851751569104445,0.029023557185070475,4.776866901741545,5.0047080409421785,9.242591560963103,9.25543050572709,4.701996508855082,0.8905536886535164,0.7567601359404911
-0.29478530801288144,-0.033550978568762276,4.818436672500468,5.0047080409421785,9.237079213332583,9.25543050572709,4.701996508855082,0.8905536886535164,0.7567601359404911
-0.28961660264295747,0.02295224901905078,4.835301331001557,5.0047080409421785,9.237079213332583,9.250111536011689,4.701996508855082,0.8905536886535164,0.7567601359404911
-0.2767752666400128,-0.026077976150996194,4.656882444933851,5.0047080409421785,9.237079213332583,9.250111536011689,4.702867400029751,0.8905536886535164,0.7567601359404911
-0.2898608143304514,0.03349992273996141,4.829257582677939,5.0047080409421785,9.237079213332583,9.250111536011689,4.702867400029751,0.8951302843933603,0.7567601359404911
-0.294222715624588,0.03492397179424196,4.812842318511803,5.0047080409421785,9.237079213332583,9.250111536011689,4.702867400029751,0.8951302843933603,0.7622746937200103
-0.3173715537730996,0.030869380180469877,4.758905674655151,5.005314231679485,9.237079213332583,9.250111536011689,4.702867400029751,0.8951302843933603,0.7622746937200103
-0.31385348916833805,-0.03543783490501124,4.807275040603173,5.005314231679485,9.231208065810502,9.250111536011689,4.702867400029751,0.8951302843933603,0.7622746937200103
-0.3088201901253984,0.024844286294784294,4.835593298446302,5.005314231679485,9.231208065810502,9.24444195036129,4.702867400029751,0.8951302843933603,0.7622746937200103
-0.29515213451855044,-0.02785544453986029,4.6632866590019475,5.005314231679485,9.231208065810502,9.24444195036129,4.703794865588673,0.8951302843933603,0.7622746937200103
-0.30906337575852894,0.035384268310711696,4.829402409342816,5.005314231679485,9.231208065810502,9.24444195036129,4.703794865588673,0.9000057921186847,0.7622746937200103
-0.31322961211671296,0.03687126543458076,4.800900400907019,5.005314231679485,9.231208065810502,9.24444195036129,4.703794865588673,0.9000057921186847,0.7681472143291262
-0.3361338779534029,0.032707508783564536,4.740568641601688,5.005954943535952,9.231208065810502,9.24444195036129,4.703794865588673,0.9000057921186847,0.7681472143291262
-0.33286420288694063,-0.03731994787571419,4.795780619153046,5.005954943535952,9.224978583493767,9.24444195036129,4.703794865588673,0.9000057921186847,0.7681472143291262
-0.32802355905864805,0.02673658560301434,4.835549127574234,5.005954943535952,9.224978583493767,9.238422451524755,4.703794865588673,0.9000057921186847,0.7681472143291262
-0.31355913369435984,-0.029635342926402138,4.669320888334713,5.005954943535952,9.224978583493767,9.238422451524755,4.7047786450515545,0.9000057921186847,0.7681472143291262
-0.32826483955054,0.037268670533159826,4.8291591619859116,5.005954943535952,9.224978583493767,9.238422451524755,4.7047786450515545,0.9051792532710794,0.7681472143291262
-0.33217460840801116,0.03881363164474185,4.788574260624495,5.005954943535952,9.224978583493767,9.238422451524755,4.7047786450515545,0.9051792532710794,0.7743771089155959
-0.3548026192371688,0.03453779258921623,4.721857728324997,5.006629738077935,9.224978583493767,9.238422451524755,4.7047786450515545,0.9051792532710794,0.7743771089155959
-0.35181579082165165,-0.03919718735426911,4.783954686737675,5.006629738077935,9.218391268437188,9.238422451524755,4.7047786450515545,0.9051792532710794,0.7743771089155959
-0.3472250289165344,0.028629017446022895,4.83516871221467,5.006629738077935,9.218391268437188,9.232053779539907,4.7047786450515545,0.9051792532710794,0.7743771089155959
-0.33199440999001906,-0.03141752937308391,4.674984497257669,5.006629738077935,9.218391268437188,9.232053779539907,4.705818458721441,0.9051792532710794,0.7743771089155959
-0.3474632647787473,0.03915297243283692,4.828527787300857,5.006629738077935,9.218391268437188,9.232053779539907,4.705818458721441,0.910649679039961,0.7743771089155959
-0.3510557887974556,0.040750921647932196,4.775865101868092,5.006629738077935,9.218391268437188,9.232053779539907,4.705818458721441,0.910649679039961,0.7809637451485242
-0.37337591846446216,0.03636008183970048,4.702774899484596,5.007338156989757,9.218391268437188,9.232053779539907,4.705818458721441,0.910649679039961,0.7809637451485242
-0.37070660117370074,-0.0410694236015356,4.771798555713881,5.007338156989757,9.211446659574777,9.232053779539907,4.705818458721441,0.910649679039961,0.7809637451485242
-0.3664229188151077,0.030521452351684852,4.834451979718235,5.007338156989757,9.211446659574777,9.225336711698818,4.705818458721441,0.910649679039961,0.7809637451485242
-0.3504561062328052,-0.03320186172651752,4.680276888049437,5.007338156989757,9.211446659574777,9.225336711698818,4.7069140077045235,0.910649679039961,0.7809637451485242
-0.3666567104479103,0.04103701706254521,4.827508272500681,5.007338156989757,9.211446659574777,9.225336711698818,4.7069140077045235,0.916416050445604,0.7809637451485242
-0.369871243789647,0.04268298719710001,4.762774168821767,5.007338156989757,9.211446659574777,9.225336711698818,4.7069140077045235,0.916416050445604,0.7879064473568395
-0.39185192650422324,0.03817422743646281,4.683322158488487,5.008079722039274,9.211446659574777,9.225336711698818,4.7069140077045235,0.916416050445604,0.7879064473568395
-0.3895349888605753,-0.04293652727508416,4.759313572099403,5.008079722039274,9.204145332637815,9.225336711698818,4.7069140077045235,0.916416050445604,0.7879064473568395
-0.3856155476803499,0.03241376088588814,4.833398890950522,5.008079722039274,9.204145332637815,9.218272062509758,4.7069140077045235,0.916416050445604,0.7879064473568395
-0.3689423624445433,-0.034988197632701945,4.685197500997344,5.008079722039274,9.204145332637815,9.218272062509758,4.708064973930744,0.916416050445604,0.7879064473568395
-0.38584323569797313,0.04292064751534177,4.8261006453076885,5.008079722039274,9.204145332637815,9.218272062509758,4.708064973930744,0.9224773184239541,0.7879064473568395
-0.38861907029373877,0.044609680593838325,4.749302745532442,5.008079722039274,9.204145332637815,9.218272062509758,4.708064973930744,0.9224773184239541,0.7952044966713435
-0.4102288044474518,0.03998008095163511,4.663501547323198,5.008853935041397,9.204145332637815,9.218272062509758,4.708064973930744,0.9224773184239541,0.7952044966713435
-0.4082993156834458,-0.04479836943811655,4.746501115461635,5.008853935041397,9.196487900069672,9.218272062509758,4.708064973930744,0.9224773184239541,0.7952044966713435
-0.40480123441583726,0.034305813664904074,4.832009440282454,5.008853935041397,9.196487900069672,9.210860683655845,4.708064973930744,0.9224773184239541,0.7952044966713435
-0.38745131603171434,-0.03677639455230318,4.689745814449509,5.008853935041397,9.196487900069672,9.210860683655845,4.709271020175214,0.9224773184239541,0.7952044966713435
-0.405020900006682,0.044803706937506044,4.824304973939996,5.008853935041397,9.196487900069672,9.210860683655845,4.709271020175214,0.9288324039131979,0.7952044966713435
-0.40729737182174625,0.04653085470729238,4.735452155789613,5.008853935041397,9.196487900069672,9.210860683655845,4.709271020175214,0.9288324039131979,0.8028571311703352
-0.42850472379953475,0.04177749463936782,4.643315146381149,5.0096602778194095,9.196487900069672,9.210860683655845,4.709271020175214,0.9288324039131979,0.8028571311703352
-0.42699795049401224,-0.04665482156824779,4.73336259880342,5.0096602778194095,9.188475010937463,9.210860683655845,4.709271020175214,0.9288324039131979,0.8028571311703352
-0.4239782980703393,0.03619748136791518,4.830283655577356,5.0096602778194095,9.188475010937463,9.203103463950358,4.709271020175214,0.9288324039131979,0.8028571311703352
-0.4059811019758044,-0.03856630977593695,4.693921344863426,5.0096602778194095,9.188475010937463,9.203103463950358,4.710531790080441,0.9288324039131979,0.8028571311703352
-0.4241877633921156,0.04668603854152574,4.822121367094747,5.0096602778194095,9.188475010937463,9.203103463950358,4.710531790080441,0.9354801979420672,0.8028571311703352
-0.4259042586862225,0.04844636299311784,4.721223763001694,5.0096602778194095,9.188475010937463,9.203103463950358,4.710531790080441,0.9354801979420672,0.8108635460288063
-0.4466778666717051,0.04356632144692671,4.622765074285399,5.010498212163905,9.188475010937463,9.203103463950358,4.710531790080441,0.9354801979420672,0.8108635460288063
-0.44562926936075503,-0.04850575556598899,4.719899468445957,5.010498212163905,9.180107350840496,9.203103463950358,4.710531790080441,0.9354801979420672,0.8108635460288063
-0.4431450580053379,0.0380886347494891,4.8282215981747365,5.010498212163905,9.180107350840496,9.195001329288772,4.710531790080441,0.9354801979420672,0.8108635460288063
-0.4245298530238776,-0.04035780043949144,4.697723646850992,5.010498212163905,9.180107350840496,9.195001329288772,4.711846908179398,0.9354801979420672,0.8108635460288063
-0.44334188661511104,0.04856748561902505,4.81954997392797,5.010498212163905,9.180107350840496,9.195001329288772,4.711846908179398,0.9424195617198505,0.8108635460288063
-0.4444378481972848,0.050356059512437844,4.706618970069139,5.010498212163905,9.180107350840496,9.195001329288772,4.711846908179398,0.9424195617198505,0.8192228936712079
-0.4647464259716211,0.04534641502557212,4.601853487711829,5.011367179789182,9.180107350840496,9.195001329288772,4.711846908179398,0.9424195617198505,0.8192228936712079
-0.46419165573457694,-0.05035104376297795,4.7061132039088305,5.011367179789182,9.171385641815586,9.195001329288772,4.711846908179398,0.9424195617198505,0.8192228936712079
-0.46229983406244923,0.039979144652180665,4.8258233628707785,5.011367179789182,9.171385641815586,9.18655524259748,4.711846908179398,0.9424195617198505,0.8192228936712079
-0.44309569987935415,-0.04215072353944572,4.701152313220011,5.011367179789182,9.171385641815586,9.18655524259748,4.713215979919423,0.9424195617198505,0.8192228936712079
-0.46248133138156927,0.05044789155371123,4.816590984031107,5.011367179789182,9.171385641815586,9.18655524259748,4.713215979919423,0.9496493267280858,0.8192228936712079
-0.4628962648589743,0.05225979895084043,4.6916392192543706,5.011367179789182,9.171385641815586,9.18655524259748,4.713215979919423,0.9496493267280858,0.8279342839277828
-0.48270860559305107,0.047117629741198014,4.5805825812088505,5.012266602286888,9.171385641815586,9.18655524259748,4.713215979919423,0.9496493267280858,0.8279342839277828
-0.4826835006138206,-0.05219055892995917,4.692005317787179,5.012266602286888,9.162310642239227,9.18655524259748,4.713215979919423,0.9496493267280858,0.8279342839277828
-0.4814409467307343,0.0418688820190806,4.8230890778955136,5.012266602286888,9.162310642239227,9.177766203779248,4.713215979919423,0.9496493267280858,0.8279342839277828
-0.46167677139297647,-0.04394493594822532,4.7042069750121325,5.012266602286888,9.162310642239227,9.177766203779248,4.714638591686956,0.9496493267280858,0.8279342839277828
-0.4816041605446238,0.05232709983425902,4.813244627404178,5.012266602286888,9.162310642239227,9.177766203779248,4.714638591686956,0.9571682948139065,0.8279342839277828
-0.48127764056493333,0.05415743663742364,4.676285992048545,5.012266602286888,9.162310642239227,9.177766203779248,4.714638591686956,0.9571682948139065,0.8369967841944594
-0.5005626206046547,0.048879820684727085,4.558954587014714,5.013195881076744,9.162310642239227,9.177766203779248,4.714638591686956,0.9571682948139065,0.8369967841944594
-0.5011032027086478,-0.05402417428446593,4.677577355626053,5.013195881076744,9.152883146726664,9.177766203779248,4.714638591686956,0.9571682948139065,0.8369967841944594
-0.5005667173138785,0.04375771790651707,4.820018904886719,5.013195881076744,9.152883146726664,9.168635249655376,4.714638591686956,0.9571682948139065,0.8369967841944594
-0.4802711947539445,-0.04574029442956544,4.706887301537237,5.013195881076744,9.152883146726664,9.168635249655376,4.716114310833133,0.9571682948139065,0.8369967841944594
-0.5007084383066546,0.05420495406717436,4.809511174425593,5.013195881076744,9.152883146726664,9.168635249655376,4.716114310833133,0.9649752382850134,0.8369967841944594
-0.49958011479338355,0.056048828563869516,4.6605608090351796,5.013195881076744,9.152883146726664,9.168635249655376,4.716114310833133,0.9649752382850134,0.8464094195963039
-0.5183066974378476,0.05063284368226805,4.536971774872476,5.014154397354113,9.152883146726664,9.168635249655376,4.716114310833133,0.9649752382850134,0.8464094195963039
-0.5194491686047663,-0.05585176349821461,4.662830895791978,5.014154397354113,9.143103986027889,9.168635249655376,4.716114310833133,0.9649752382850134,0.8464094195963039
-0.5196754680972269,0.0456455234966704,4.816613038860486,5.014154397354113,9.143103986027889,9.159163453904611,4.716114310833133,0.9649752382850134,0.8464094195963039
-0.4988770956812032,-0.04753665565391394,4.709193000404251,5.014154397354113,9.143103986027889,9.159163453904611,4.7176426857002145,0.9649752382850134,0.8464094195963039
-0.5197922304211325,0.05608129798964042,4.805390935818625,5.014154397354113,9.143103986027889,9.159163453904611,4.7176426857002145,0.9730689000062392,0.8464094195963039
-0.517801834801389,0.05793383140355649,4.644465229750703,5.014154397354113,9.143103986027889,9.159163453904611,4.7176426857002145,0.9730689000062392,0.8561711731545204
-0.535939074073739,0.05237655530499576,4.51463645184272,5.015141512034232,9.143103986027889,9.159163453904611,4.7176426857002145,0.9730689000062392,0.8561711731545204
-0.5377198129264884,-0.05767320070417992,4.647767549341737,5.015141512034232,9.132974026920579,9.159163453904611,4.7176426857002145,0.9730689000062392,0.8561711731545204
-0.5387655225146571,0.047532170110338806,4.8128717081784975,5.015141512034232,9.132974026920579,9.149351926998811,4.7176426857002145,0.9730689000062392,0.8561711731545204
-0.5174925986148634,-0.049333876213802905,4.711123817548375,5.015141512034232,9.132974026920579,9.149351926998811,4.71922324564888,0.9730689000062392,0.8561711731545204
-0.5388536043942759,0.057955975482256845,4.8008842626145025,5.015141512034232,9.132974026920579,9.149351926998811,4.71922324564888,0.9814479934976795,0.8561711731545204
-0.5359409558183877,0.05981230253074626,4.628000852541929,5.015141512034232,9.132974026920579,9.149351926998811,4.71922324564888,0.9814479934976795,0.8662809859569952
-0.5534580002291323,0.05411081287875295,4.4919509621141165,5.016156565692846,9.132974026920579,9.149351926998811,4.71922324564888,0.9814479934976795,0.8662809859569952
-0.5559135584991097,-0.05948836050334416,4.632388959888446,5.016156565692846,9.122494172100016,9.149351926998811,4.71922324564888,0.9814479934976795,0.8662809859569952
-0.5578352053152731,0.04941752921965173,4.808795174511997,5.016156565692846,9.122494172100016,9.13920181613536,4.71922324564888,0.9814479934976795,0.8662809859569952
-0.5361158269077384,-0.05113181263929644,4.712679537254746,5.016156565692846,9.122494172100016,9.13920181613536,4.720855501086359,0.9814479934976795,0.8662809859569952
-0.557890629686503,0.05982883058179389,4.795991546112161,5.016156565692846,9.122494172100016,9.13920181613536,4.720855501086359,0.9901112030343532,0.8662809859569952
-0.553995641238977,0.06168410003982042,4.611169314420509,5.016156565692846,9.122494172100016,9.13920181613536,4.720855501086359,0.9901112030343532,0.8767377573323749
-0.5708617375415782,0.05583547449340946,4.468917686811903,5.01719887850303,9.122494172100016,9.13920181613536,4.720855501086359,0.9901112030343532,0.8767377573323749
-0.5740288365105917,-0.06129711797113097,4.6166968034648885,5.01719887850303,9.111665360066015,9.13920181613536,4.720855501086359,0.9901112030343532,0.8767377573323749
-0.5768828427299043,0.05130147246087389,4.804383732802447,5.01719887850303,9.111665360066015,9.128714305166364,4.720855501086359,0.9901112030343532,0.8767377573323749
-0.5547449030169774,-0.05293032141341979,4.713859982178485,5.01719887850303,9.111665360066015,9.128714305166364,4.7225389434954135,0.9901112030343532,0.8767377573323749
-0.5769013779136646,0.06169970749383955,4.790713217834633,5.01719887850303,9.111665360066015,9.128714305166364,4.7225389434954135,0.9990571837473624,0.8767377573323749
-0.5719640628149345,0.06354908276456123,4.593972290914407,5.01719887850303,9.111665360066015,9.128714305166364,4.7225389434954135,0.9990571837473624,0.8875403450276688
-0.5881485597534707,0.05755039901189139,4.445539043804387,5.018267750167938,9.111665360066015,9.128714305166364,4.7225389434954135,0.9990571837473624,0.8875403450276688
-0.5920640866725357,-0.06309934866343425,4.60069278838421,5.018267750167938,9.100488565006888,9.128714305166364,4.7225389434954135,0.9990571837473624,0.8875403450276688
-0.5959067626373938,0.05318387164721197,4.799637711218875,5.018267750167938,9.100488565006888,9.117890614524642,4.7225389434954135,0.9990571837473624,0.8875403450276688
-0.5733779486957792,-0.05472925898760452,4.714665013361162,5.018267750167938,9.100488565006888,9.117890614524642,4.7242730454641615,0.9990571837473624,0.8875403450276688
-0.5958839230480387,0.06356845060539627,4.785049749482091,5.018267750167938,9.100488565006888,9.117890614524642,4.7242730454641615,1.008284561726516,0.8875403450276688
-0.5898444008464627,0.06540711029753739,4.576411495916435,5.018267750167938,9.100488565006888,9.117890614524642,4.7242730454641615,1.008284561726516,0.8986875653893656
-0.6053167528951771,0.059255446078917015,4.421817487507545,5.019362459849214,9.100488565006888,9.117890614524642,4.7242730454641615,1.008284561726516,0.8986875653893656
-0.6100177573804345,-0.06489492862231493,4.584378655097951,5.019362459849214,9.088964796680472,9.117890614524642,4.7242730454641615,1.008284561726516,0.8986875653893656
-0.6149052947306579,0.055064598781651056,4.794557471111918,5.019362459849214,9.088964796680472,9.10673200114652,4.7242730454641615,1.008284561726516,0.8986875653893656
-0.5920130851851659,-0.056528481797161925,4.715094530243663,5.019362459849214,9.088964796680472,9.10673200114652,4.726057260716746,1.008284561726516,0.8986875653893656
-0.6148363416190717,0.06543490449741354,4.7790016528815285,5.019362459849214,9.088964796680472,9.10673200114652,4.726057260716746,1.0177919341243797,0.8986875653893656
-0.6076348443726386,0.06725804300954344,4.558488681529872,5.019362459849214,9.088964796680472,9.10673200114652,4.726057260716746,1.0177919341243797,0.9101781935480531
-0.622364615467193,0.060950476129443175,4.397755508687852,5.0204822660907915,9.088964796680472,9.10673200114652,4.726057260716746,1.0177919341243797,0.9101781935480531
-0.6278883058731873,-0.0666837343812761,4.567756176051472,5.0204822660907915,9.077095100292269,9.10673200114652,4.726057260716746,1.0177919341243797,0.9101781935480531
-0.6338767706825011,0.0569435260698574,4.789143406964553,5.0204822660907915,9.077095100292269,9.095239758391449,4.726057260716746,1.0177919341243797,0.9101781935480531
-0.6106484334058004,-0.05832784627677797,4.715148470675432,5.0204822660907915,9.077095100292269,9.095239758391449,4.7278910241448235,1.0177919341243797,0.9101781935480531
-0.6337567129138489,0.06729891395720888,4.7725694799331,5.0204822660907915,9.077095100292269,9.095239758391449,4.7278910241448235,1.02757786926172,0.9101781935480531
-0.625333591361055,0.06910174206914245,4.540205637911242,5.0204822660907915,9.077095100292269,9.095239758391449,4.7278910241448235,1.02757786926172,0.9220109636065275
-0.6392904586213165,0.06263535039674727,4.373355634263417,5.021626406737785,9.077095100292269,9.095239758391449,4.7278910241448235,1.02757786926172,0.9220109636065275
-0.6456741983918659,-0.06846564297012829,4.550827155536821,5.021626406737785,9.064880556370715,9.095239758391449,4.7278910241448235,1.02757786926172,0.9220109636065275
-0.652819524311172,0.05882052593306448,4.783395946339521,5.021626406737785,9.064880556370715,9.083415215958453,4.7278910241448235,1.02757786926172,0.9220109636065275
-0.6292821141498279,-0.06012720887598276,4.714826810920114,5.021626406737785,9.064880556370715,9.083415215958453,4.729773751839885,1.02757786926172,0.9220109636065275
-0.6526431191772771,0.06916032399083641,4.765753822553121,5.021626406737785,9.064880556370715,9.083415215958453,4.729773751839885,1.037640906734297,0.9220109636065275
-0.6429388488966372,0.07093806946229483,4.521564193110267,5.021626406737785,9.064880556370715,9.083415215958453,4.729773751839885,1.037640906734297,0.934184568831379
-0.6560926063408298,0.06430993092020813,4.348620427103546,5.022794098850174,9.064880556370715,9.083415215958453,4.729773751839885,1.037640906734297,0.934184568831379
-0.6633739103377164,-0.07024053191940877,4.533593429543036,5.022794098850174,9.052322280639633,9.083415215958453,4.729773751839885,1.037640906734297,0.934184568831379
-0.6717318917456397,0.06069547102101675,4.777315549823436,5.022794098850174,9.052322280639633,9.071259739799455,4.729773751839885,1.037640906734297,0.934184568831379
-0.6479122482727242,-0.12385285214940069,4.714129565657581,5.022794098850174,9.052322280639633,9.071259739799455,4.732941590385016,1.037640906734297,0.934184568831379
-0.6714936458119651,0.07039116585204686,4.758555312613724,5.022794098850174,9.052322280639633,9.071259739799455,4.732941590385016,1.0479865800443815,0.934184568831379
-0.6604488333696221,0.07276092506762503,4.50256621290707,5.022794098850174,9.052322280639633,9.071259739799455,4.732941590385016,1.0479865800443815,0.9466976096393727
-0.672769395619686,0.06597402288782532,4.323552485826849,5.023984537457692,9.052322280639633,9.071259739799455,4.732941590385016,1.0479865800443815,0.9466976096393727
-0.6809859264293875,-0.0720082798693927,4.516056865603969,5.023984537457692,9.039421423882638,9.071259739799455,4.732941590385016,1.0479865800443815,0.9466976096393727
-0.6906122115905784,0.06194067746600241,4.770902710967598,5.023984537457692,9.039421423882638,9.058781194376841,4.732941590385016,1.0479865800443815,0.9466976096393727
-0.6665378326322838,-0.12499859715523519,4.71305771250547,5.023984537457692,9.039421423882638,9.058781194376841,4.736140701759929,1.0479865800443815,0.9466976096393727
-0.6903064181000641,0.07226740743804508,4.750974645846584,5.023984537457692,9.039421423882638,9.058781194376841,4.736140701759929,1.0586061160672102,0.9466976096393727
-0.6778617707486172,0.07458242858195197,4.483213600882008,5.023984537457692,9.039421423882638,9.058781194376841,4.736140701759929,1.0586061160672102,0.959548753635443
-0.6893191766398947,0.06762760948514811,4.298154444597355,5.0251968990091855,9.039421423882638,9.058781194376841,4.736140701759929,1.0586061160672102,0.959548753635443
-0.6985087408593552,-0.07377469739637907,4.498219362643602,5.0251968990091855,9.026179120689266,9.058781194376841,4.736140701759929,1.0586061160672102,0.959548753635443
-0.7094587817480494,0.06383181213844392,4.764157927371935,5.0251968990091855,9.026179120689266,9.045974350789209,4.736140701759929,1.0586061160672102,0.959548753635443
-0.6851551863655208,-0.12862089208534502,4.711610843347667,5.0251968990091855,9.026179120689266,9.045974350789209,4.739419766810721,1.0586061160672102,0.959548753635443
-0.7090794668937652,0.07410260431140474,4.743012535994352,5.0251968990091855,9.026179120689266,9.045974350789209,4.739419766810721,1.0694983937539857,0.959548753635443
-0.6951758962689859,0.07639566676136256,4.463508297800997,5.0251968990091855,9.026179120689266,9.045974350789209,4.739419766810721,1.0694983937539857,0.9727365685231483
-0.7057403129517777,0.06927043072989049,4.272428972921775,5.026430336381481,9.026179120689266,9.045974350789209,4.739419766810721,1.0694983937539857,0.9727365685231483
-0.7159408573275604,-0.07552746868628542,4.480082850560127,5.026430336381481,9.012596645897942,9.045974350789209,4.739419766810721,1.0694983937539857,0.9727365685231483
-0.7282700194734456,0.0656825266522714,4.757081763502455,5.026430336381481,9.012596645897942,9.032841074755211,4.739419766810721,1.0694983937539857,0.9727365685231483
-0.7037633995726923,-0.13214446619287645,4.7097891555524045,5.026430336381481,9.012596645897942,9.032841074755211,4.742775876846321,1.0694983937539857,0.9727365685231483
-0.7278109154289781,0.0759363786927851,4.734669735472399,5.026430336381481,9.012596645897942,9.032841074755211,4.742775876846321,1.080661817668024,0.9727365685231483
-0.7123894556125067,0.07820101679157905,4.443452281641798,5.026430336381481,9.012596645897942,9.032841074755211,4.742775876846321,1.080661817668024,0.9862595864626681
-0.7220311816447464,0.07090247588470622,4.246378775441782,5.027683983744777,9.012596645897942,9.032841074755211,4.742775876846321,1.080661817668024,0.9862595864626681
-0.7332807898263373,-0.07727321808193843,4.461649290560601,5.027683983744777,8.99867525053057,9.032841074755211,4.742775876846321,1.080661817668024,0.9862595864626681
-0.7470442392486363,0.06753248036294768,4.749674810083606,5.027683983744777,8.99867525053057,9.01938285749811,4.742775876846321,1.080661817668024,0.9862595864626681
-0.7223605521960548,-0.1356704564301821,4.707592838145033,5.027683983744777,8.99867525053057,9.01938285749811,4.746208125164456,1.080661817668024,0.9862595864626681
-0.7464988623147338,0.07776676046863605,4.725947035996134,5.027683983744777,8.99867525053057,9.01938285749811,4.746208125164456,1.0920947845582714,0.9862595864626681
-0.729500704234943,0.07999831892288141,4.423047567431797,5.027683983744777,8.99867525053057,9.01938285749811,4.746208125164456,1.0920947845582714,1.0001162995588646
-0.7381901735287926,0.07252354402275407,4.220006591729876,5.028956952616449,8.99867525053057,9.01938285749811,4.746208125164456,1.0920947845582714,1.0001162995588646
-0.7505270616164799,-0.07901131568296095,4.442920674775269,5.028956952616449,8.9844162245331,9.01938285749811,4.746208125164456,1.0920947845582714,1.0001162995588646
-0.7657797929648688,0.06937972968137943,4.74193769147344,5.028956952616449,8.9844162245331,9.0056012447744,4.746208125164456,1.0920947845582714,1.0001162995588646
-0.7409447721765859,-0.13919459830143835,4.705022120748458,5.028956952616449,8.9844162245331,9.0056012447744,4.749715496317462,1.0920947845582714,1.0001162995588646
-0.7651414119414853,0.07959367365871978,4.716845268908237,5.028956952616449,8.9844162245331,9.0056012447744,4.749715496317462,1.1037956621777991,1.0001162995588646
-0.7465079078447562,0.08178744102552059,4.402296207075362,5.028956952616449,8.9844162245331,9.0056012447744,4.749715496317462,1.1037956621777991,1.0143051603068698
-0.7542156933029045,0.07413350836131101,4.193315196080485,5.030248333206272,8.9844162245331,9.0056012447744,4.749715496317462,1.1037956621777991,1.0143051603068698
-0.7676782063541648,-0.08074166933871413,4.42389902608562,5.030248333206272,8.969820891989697,9.0056012447744,4.749715496317462,1.1037956621777991,1.0143051603068698
-0.7844750338504061,0.07122422621786548,4.733871064610173,5.030248333206272,8.969820891989697,8.99149781715422,4.749715496317462,1.1037956621777991,1.0143051603068698
-0.7595141868981244,-0.1427167682353336,4.702077271463193,5.030248333206272,8.969820891989697,8.99149781715422,4.7532969490923955,1.1037956621777991,1.0143051603068698
-0.7837366729791421,0.0814169631132983,4.7073653050742195,5.030248333206272,8.969820891989697,8.99149781715422,4.7532969490923955,1.1157627902949674,1.0143051603068698
-0.7634093425641693,0.08356825140728356,4.381200289175306,5.030248333206272,8.969820891989697,8.99149781715422,4.7532969490923955,1.1157627902949674,1.0288245818029682
-0.7701061597315211,0.07573223638643214,4.166307397302632,5.031557194151445,8.969820891989697,8.99149781715422,4.7532969490923955,1.1157627902949674,1.0288245818029682
-0.7847327679164817,-0.08246415889887398,4.404586397954086,5.031557194151445,8.954890611221966,8.99149781715422,4.7532969490923955,1.1157627902949674,1.0288245818029682
-0.8031283186790333,0.07306584238161097,4.725475618985731,5.031557194151445,8.954890611221966,8.97707419073904,4.7532969490923955,1.1157627902949674,1.0288245818029682
-0.7780669253317045,-0.14623668052435074,4.698758596920488,5.031557194151445,8.954890611221966,8.97707419073904,4.756951413307498,1.1157627902949674,1.0288245818029682
-0.8022827586512027,0.08323647722972213,4.697508054800138,5.031557194151445,8.954890611221966,8.97707419073904,4.756951413307498,1.1279944807728972,1.0288245818029682
-0.7802032951119339,0.08534061932759886,4.359761938852276,5.031557194151445,8.954890611221966,8.97707419073904,4.756951413307498,1.1279944807728972,1.043672937963127
-0.7858600058156252,0.07731959684018708,4.138986038511519,5.032882582383351,8.954890611221966,8.97707419073904,4.756951413307498,1.1279944807728972,1.043672937963127
-0.8016893005768966,-0.08417866604306459,4.3849848742557676,5.032882582383351,8.93962677462897,8.97707419073904,4.756951413307498,1.1279944807728972,1.043672937963127
-0.821738007839709,0.07490445414032271,4.716752076561186,5.032882582383351,8.93962677462897,8.962332017016566,4.756951413307498,1.1279944807728972,1.043672937963127
-0.7966011181492391,-0.14975405618191684,4.695066442244233,5.032882582383351,8.93962677462897,8.962332017016566,4.760677789991809,1.1279944807728972,1.043672937963127
-0.820777786928397,0.0850520646090061,4.687274467745884,5.032882582383351,8.93962677462897,8.962332017016566,4.760677789991809,1.140489017687826,1.043672937963127
-0.7968880629840693,0.08710441504977377,4.337983317561809,5.032882582383351,8.93962677462897,8.962332017016566,4.760677789991809,1.140489017687826,1.0588485637450995
-0.8014756789638772,0.07889545930250302,4.111353996919852,5.034223522976983,8.93962677462897,8.962332017016566,4.760677789991809,1.140489017687826,1.0588485637450995
-0.8185463691545471,-0.0858850729111783,4.365096569107623,5.034223522976983,8.924030808536534,8.962332017016566,4.760677789991809,1.140489017687826,1.0588485637450995
-0.8403024655025628,0.0767399376849489,4.7077011916813465,5.034223522976983,8.924030808536534,8.94727298274762,4.760677789991809,1.140489017687826,1.0588485637450995
-0.8151148979184749,-0.1532686163548439,4.691001191012757,5.034223522976983,8.924030808536534,8.94727298274762,4.7644749514335265,1.140489017687826,1.0588485637450995
-0.839219880725219,0.08686357420077764,4.676665532835283,5.034223522976983,8.924030808536534,8.94727298274762,4.7644749514335265,1.1532446574468342,1.0588485637450995
-0.8134619546336587,0.08885950985846337,4.315866622909152,5.034223522976983,8.924030808536534,8.94727298274762,4.7644749514335265,1.1532446574468342,1.0743497553737729
-0.8169516411626293,0.08045969421600582,4.083414183629068,5.035579018991422,8.924030808536534,8.94727298274762,4.7644749514335265,1.1532446574468342,1.0743497553737729
-0.8353025491639855,-0.08758326216034651,4.344923626695544,5.035579018991422,8.908104173043688,8.94727298274762,4.7644749514335265,1.1532446574468342,1.0743497553737729
-0.8588200597804001,0.07857216957583396,4.698323750985955,5.035579018991422,8.908104173043688,8.931898809848747,4.7644749514335265,1.1532446574468342,1.0743497553737729
-0.8336063992944677,-0.15678008261449522,4.686563265216851,5.035579018991422,8.908104173043688,8.931898809848747,4.768341741234895,1.1532446574468342,1.0743497553737729
-0.8576071680958581,0.08867085530852273,4.665682278162966,5.035579018991422,8.908104173043688,8.931898809848747,4.768341741234895,1.1662596289064724,1.0743497553737729
-0.8299232896496689,0.09060577608134272,4.293414088461924,5.035579018991422,8.908104173043688,8.931898809848747,4.768341741234895,1.1662596289064724,1.0901747705697713
-0.8322863691449208,0.08201217288803761,4.05516954342059,5.0369480513003495,8.908104173043688,8.931898809848747,4.768341741234895,1.1662596289064724,1.0901747705697713
-0.8519564269639613,-0.08927311696025235,4.324468221099369,5.0369480513003495,8.891848361866764,8.931898809848747,4.768341741234895,1.1662596289064724,1.0901747705697713
-0.8772891628899112,0.08040102675046297,4.688620573317627,5.0369480513003495,8.891848361866764,8.916211255271968,4.768341741234895,1.1662596289064724,1.0901747705697713
-0.8520737592109457,-0.16028817697845288,4.681753125214144,5.0369480513003495,8.891848361866764,8.916211255271968,4.772276974368192,1.1662596289064724,1.0901747705697713
-0.8759377824296521,0.09047375760017601,4.65432577089803,5.0369480513003495,8.891848361866764,8.916211255271968,4.772276974368192,1.1795321334921651,1.0901747705697713
-0.8462703989347854,0.09234308711081993,4.270627983560692,5.0369480513003495,8.891848361866764,8.916211255271968,4.772276974368192,1.1795321334921651,1.1063218287812808
-0.8474783545584479,0.08355276749308901,4.02662305454737,5.038329578412042,8.891848361866764,8.916211255271968,4.772276974368192,1.1795321334921651,1.1063218287812808
-0.8685065999053012,-0.09095452099002946,4.3037325561158335,5.038329578412042,8.87526490218123,8.916211255271968,4.772276974368192,1.1795321334921651,1.1063218287812808
-0.8957081513124028,0.08222638653662698,4.678592509626493,5.038329578412042,8.87526490218123,8.900212110881712,4.772276974368192,1.1795321334921651,1.1063218287812808
-0.870515117071415,-0.16379262194266614,4.676571269679862,5.038329578412042,8.87526490218123,8.900212110881712,4.776279437232973,1.1795321334921651,1.1063218287812808
-0.8942098626460421,0.09227213111828393,4.642597117184507,5.038329578412042,8.87526490218123,8.900212110881712,4.776279437232973,1.193060345318339,1.1063218287812808
-0.8625016248822458,0.09407131742603111,4.247510613127535,5.038329578412042,8.87526490218123,8.900212110881712,4.776279437232973,1.193060345318339,1.1227891114190693
-0.8625261041325141,0.08508135107464762,3.9977777285258904,5.03972253627821,8.87526490218123,8.900212110881712,4.776279437232973,1.193060345318339,1.1227891114190693
-0.8849516764778668,-0.09262735843423593,4.282718865079559,5.03972253627821,8.8583553544613,8.900212110881712,4.776279437232973,1.193060345318339,1.1227891114190693
-0.9140754059540391,0.08404812666550876,4.668240442871581,5.03972253627821,8.8583553544613,8.883903203328922,4.776279437232973,1.193060345318339,1.1227891114190693
-0.8889286149399871,-0.1672931405133507,4.671018235553918,5.03972253627821,8.8583553544613,8.883903203328922,4.780347887714551,1.193060345318339,1.1227891114190693
-0.9124215533890107,0.09406582628994999,4.630497462038654,5.03972253627821,8.8583553544613,8.883903203328922,4.780347887714551,1.2068424113092093,1.1227891114190693
-0.8786153215516634,0.09579034261511206,4.224064317472673,5.03972253627821,8.8583553544613,8.883903203328922,4.780347887714551,1.2068424113092093,1.1395747620946681
-0.8774281398439633,0.08659779754639867,3.9686366099288635,5.041125838091025,8.8583553544613,8.883903203328922,4.780347887714551,1.2068424113092093,1.1395747620946681
-0.9012902764565848,-0.09429151397782895,4.261429410682103,5.041125838091025,8.841121312317375,8.883903203328922,4.780347887714551,1.2068424113092093,1.1395747620946681
-0.9323893123055786,0.0858661252847424,4.6575652879189215,5.041125838091025,8.841121312317375,8.867286393922376,4.780347887714551,1.2068424113092093,1.1395747620946681
-0.9073123977319132,-0.17078945623891062,4.665094597984385,5.041125838091025,8.841121312317375,8.867286393922376,4.784481055243654,1.2068424113092093,1.1395747620946681
-0.9305710052209917,0.09585469393655477,4.618027989243105,5.041125838091025,8.841121312317375,8.867286393922376,4.784481055243654,1.2208764513201646,1.1395747620946681
-0.8946098548438273,0.09750003939784212,4.200291472099276,5.041125838091025,8.841121312317375,8.867286393922376,4.784481055243654,1.2208764513201646,1.1566768868616844
-0.8921829990821024,0.0881019816928142,3.9392027761788566,5.042538374067645,8.841121312317375,8.867286393922376,4.784481055243654,1.2208764513201646,1.1566768868616844
-0.9175210310465363,-0.09594687280014919,4.23986648478913,5.042538374067645,8.823564402331384,8.867286393922376,4.784481055243654,1.2208764513201646,1.1566768868616844
-0.950648260601588,0.08768026097154162,4.646567991436405,5.042538374067645,8.823564402331384,8.85036357849726,4.784481055243654,1.2208764513201646,1.1566768868616844
-0.9256646134038063,-0.1742812932418502,4.658800970267307,5.042538374067645,8.823564402331384,8.85036357849726,4.788677640857233,1.2208764513201646,1.1566768868616844
-0.9486563748162328,0.09763858528319429,4.605189921237866,5.042538374067645,8.823564402331384,8.85036357849726,4.788677640857233,1.2351605582596836,1.1566768868616844
-0.9104836026744689,0.09920028564860273,4.176194487506488,5.042538374067645,8.823564402331384,8.85036357849726,4.788677640857233,1.2351605582596836,1.1740935544602096
-0.9067892348126186,0.08959377916904067,3.909479337343101,5.043959011221482,8.823564402331384,8.85036357849726,4.788677640857233,1.2351605582596836,1.1740935544602096
-0.933642583027095,-0.0975933205678172,4.2180324082557625,5.043959011221482,8.805686283890092,8.85036357849726,4.788677640857233,1.2351605582596836,1.1740935544602096
-0.9688506459791191,0.08949041274587433,4.635249531785362,5.043959011221482,8.805686283890092,8.83313668728104,4.788677640857233,1.2351605582596836,1.1740935544602096
-0.9439834131435317,-0.17776837625081904,4.652138003782878,5.043959011221482,8.805686283890092,8.83313668728104,4.792936317260366,1.2351605582596836,1.1740935544602096
-0.9666758251535956,0.09941735196789828,4.591984519008226,5.043959011221482,8.805686283890092,8.83313668728104,4.792936317260366,1.2496927982117143,1.1740935544602096
-0.9262349551469854,0.10089096041975623,4.1517758089908225,5.043959011221482,8.805686283890092,8.83313668728104,4.792936317260366,1.2496927982117143,1.1918227965642885
-0.921245415740501,0.09107306650011304,3.8794694359297286,5.045386593119439,8.805686283890092,8.83313668728104,4.792936317260366,1.2496927982117143,1.1918227965642885
-0.9496535868951065,-0.09923074342650373,4.195929530740164,5.045386593119439,8.787488649016435,8.83313668728104,4.792936317260366,1.2496927982117143,1.1918227965642885
-0.9869948686358311,0.09129646008367348,4.62361091890891,5.045386593119439,8.787488649016435,8.81560768475663,4.792936317260366,1.2496927982117143,1.1918227965642885
-0.962266951559747,-0.1812504306326359,4.645106387927978,5.045386593119439,8.787488649016435,8.81560768475663,4.797255728889211,1.2496927982117143,1.1918227965642885
-0.9846275257087813,0.10119084605050467,4.578413081969557,5.045386593119439,8.787488649016435,8.81560768475663,4.797255728889211,1.2644712105584486,1.1918227965642885
-0.9418623147241068,0.102571943965393,4.127037916445974,5.045386593119439,8.787488649016435,8.81560768475663,4.797255728889211,1.2644712105584486,1.2098626080324095
-0.9355501264719731,0.09253972107939562,3.8491762466857375,5.046819939624276,8.787488649016435,8.81560768475663,4.797255728889211,1.2644712105584486,1.2098626080324095
-0.9655527090070957,-0.10085902799144669,4.173560230515414,5.046819939624276,8.768973222198959,8.81560768475663,4.797255728889211,1.2644712105584486,1.2098626080324095
-1.0050793339875443,0.09309828293007866,4.611653194217036,5.046819939624276,8.768973222198959,8.797778569522936,4.797255728889211,1.2644712105584486,1.2098626080324095
-0.980513386871074,-0.18472718242441816,4.637706850045057,5.046819939624276,8.768973222198959,8.797778569522936,4.801634491974971,1.2644712105584486,1.2098626080324095
-1.0025096526459611,0.10295892002128453,4.564476947849072,5.046819939624276,8.768973222198959,8.797778569522936,4.801634491974971,1.2794938081034166,1.2098626080324095
-0.9573640963984985,0.10424311776556539,4.10198332416118,5.046819939624276,8.768973222198959,8.797778569522936,4.801634491974971,1.2794938081034166,1.2282109471609788
-0.9497019676754513,0.09399362116626343,3.818602976396961,5.048257846621221,8.768973222198959,8.797778569522936,4.801634491974971,1.2794938081034166,1.2282109471609788
-0.9813386277204958,-0.10247806133669857,4.150926914279743,5.048257846621221,8.750141760219412,8.797778569522936,4.801634491974971,1.2794938081034166,1.2282109471609788
-1.0231024528252055,0.09489576171274626,4.5993774304684525,5.048257846621221,8.750141760219412,8.779651374152804,4.801634491974971,1.2794938081034166,1.2282109471609788
-0.998720881094884,-0.18819835836570573,4.629940155347404,5.048257846621221,8.750141760219412,8.779651374152804,4.806071194608801,1.2794938081034166,1.2282109471609788
-1.020320389008801,0.10472142680920801,4.550177492564526,5.048257846621221,8.750141760219412,8.779651374152804,4.806071194608801,1.2947585771948278,1.2282109471609788
-0.972738727862291,0.10590436455097639,4.076614580618231,5.048257846621221,8.750141760219412,8.779651374152804,4.806071194608801,1.2947585771948278,1.2468657359407347
-0.9636995562415367,0.0954346458829662,3.7877528636903643,5.049699085727878,8.750141760219412,8.779651374152804,4.806071194608801,1.2947585771948278,1.2468657359407347
-0.9970100335338881,-0.10408773098298259,4.128032016965167,5.049699085727878,8.730996051978607,8.779651374152804,4.806071194608801,1.2947585771948278,1.2468657359407347
-1.0410626414712536,0.09668877735522034,4.586784731649212,5.049699085727878,8.730996051978607,8.761228165048381,4.806071194608801,1.2947585771948278,1.2468657359407347
-1.016887600235676,-0.19166368593070718,4.6218071068407465,5.049699085727878,8.730996051978607,8.761228165048381,4.81056439680762,1.2947585771948278,1.2468657359407347
-1.0380579249108637,0.10647821978987779,4.5355161300999205,5.049699085727878,8.730996051978607,8.761228165048381,4.81056439680762,1.3102634778490796,1.2468657359407347
-0.9879846496755237,0.10755556832821288,4.050934268287232,5.049699085727878,8.730996051978607,8.761228165048381,4.81056439680762,1.3102634778490796,1.2658248603160605
-0.9775415254420589,0.09686267521061329,3.7566291788389985,5.051142403986452,8.730996051978607,8.761228165048381,4.81056439680762,1.3102634778490796,1.2658248603160605
-1.012565629226243,-0.1056879248840458,4.10487800154462,5.051142403986452,8.711537918320591,8.761228165048381,4.81056439680762,1.3102634778490796,1.2658248603160605
-1.0589583219353655,0.0984772112903118,4.573876232848096,5.051142403986452,8.711537918320591,8.742511042293977,4.81056439680762,1.3102634778490796,1.2658248603160605
-1.03501171447303,-0.1951228933605431,4.613308545241245,5.051142403986452,8.711537918320591,8.742511042293977,4.815112630580753,1.3102634778490796,1.2658248603160605
-1.055720457725373,0.10822915279310594,4.520494312378223,5.051142403986452,8.711537918320591,8.742511042293977,4.815112630580753,1.3260064438743537,1.2658248603160605
-1.0031003154334972,0.10919661440551025,4.024945003421247,5.051142403986452,8.711537918320591,8.742511042293977,4.815112630580753,1.3260064438743537,1.2850861704471475
-0.9912265250881838,0.09827758998426334,3.7252352235699586,5.052586523537201,8.711537918320591,8.742511042293977,4.815112630580753,1.3260064438743537,1.2850861704471475
-1.0280041299951557,-0.10727853141145373,4.081467358837619,5.052586523537201,8.691769211855215,8.742511042293977,4.815112630580753,1.3260064438743537,1.2850861704471475
-1.0767879220695704,0.10026094547357835,4.560653100128775,5.052586523537201,8.691769211855215,8.723502139506435,4.815112630580753,1.3260064438743537,1.2850861704471475
-1.0530913983491188,-0.19857570969558913,4.604445348889827,5.052586523537201,8.691769211855215,8.723502139506435,4.819714399997359,1.3260064438743537,1.2850861704471475
-1.0733061922743266,0.1099740801101017,4.505113529131126,5.052586523537201,8.691769211855215,8.723502139506435,4.819714399997359,1.341985382994217,1.2850861704471475
-1.0180841919330248,0.11082738941914658,3.9986494358499383,5.052586523537201,8.691769211855215,8.723502139506435,4.819714399997359,1.341985382994217,1.3046474809749629
-1.004753221687606,0.09967927188706946,3.6935743308757374,5.054030141272001,8.691769211855215,8.723502139506435,4.819714399997359,1.341985382994217,1.3046474809749629
-1.0433242635940658,-0.10885943933769464,4.057802607314543,5.054030141272001,8.67169181677921,8.723502139506435,4.819714399997359,1.341985382994217,1.3046474809749629
-1.09454987572271,0.10203986239684586,4.547116530398764,5.054030141272001,8.67169181677921,8.704203623683075,4.819714399997359,1.341985382994217,1.3046474809749629
-1.071124830955756,-0.20202186480786316,4.5952184336629145,5.054030141272001,8.67169181677921,8.704203623683075,4.824368181254574,1.341985382994217,1.3046474809749629
-1.0908133410169418,0.11171285650022324,4.4893753077658936,5.054030141272001,8.67169181677921,8.704203623683075,4.824368181254574,1.3581981769711389,1.3046474809749629
-1.032934759337573,0.11244778136048264,3.9720502487723435,5.054030141272001,8.67169181677921,8.704203623683075,4.824368181254574,1.3581981769711389,1.3245065712889685
-1.0181202986008449,0.10106760344338643,3.6616498648293456,5.055471928466812,8.67169181677921,8.704203623683075,4.824368181254574,1.3581981769711389,1.3245065712889685
-1.0585247704684528,-0.11043053781745524,4.033886292899607,5.055471928466812,8.651307648695825,8.704203623683075,4.824368181254574,1.3581981769711389,1.3245065712889685
-1.1122426228942395,0.10381384510178035,4.533267751275163,5.055471928466812,8.651307648695825,8.684617695047239,4.824368181254574,1.3581981769711389,1.3245065712889685
-1.089110196120964,-0.20546108943348576,4.585628752879509,5.055471928466812,8.651307648695825,8.684617695047239,4.829072422746295,1.3581981769711389,1.3245065712889685
-1.1082401242374205,0.11344533719733138,4.473281213229313,5.055471928466812,8.651307648695825,8.684617695047239,4.829072422746295,1.3746426817298376,1.3245065712889685
-1.0476505113412895,0.1140576796037141,3.945150158548903,5.055471928466812,8.651307648695825,8.684617695047239,4.829072422746295,1.3746426817298376,1.34466118579754
-1.0313264561966629,0.10244246801083393,3.6294652204036515,5.056910530391758,8.651307648695825,8.684617695047239,4.829072422746295,1.3746426817298376,1.34466118579754
-1.0736044038910013,-0.11199171636697752,4.009720988772581,5.056910530391758,8.630618654433132,8.684617695047239,4.829072422746295,1.3746426817298376,1.34466118579754
-1.1298646098873408,0.10558277719356791,4.519108020947199,5.056910530391758,8.630618654433132,8.664746586891503,4.829072422746295,1.3746426817298376,1.34466118579754
-1.1070456825950414,-0.20889311520521586,4.575677297204656,5.056910530391758,8.630618654433132,8.664746586891503,4.833825545132556,1.3746426817298376,1.34466118579754
-1.125584770232019,0.11517137791564301,4.456832847868788,5.056910530391758,8.630618654433132,8.664746586891503,4.833825545132556,1.391316727480361,1.34466118579754
-1.0622299553319008,0.11565697493438704,3.9179519144929005,5.056910530391758,8.630618654433132,8.664746586891503,4.833825545132556,1.391316727480361,1.365109034201027
-1.0443704120066364,0.1038037497712358,3.5970238232953817,5.05834456589746,8.630618654433132,8.664746586891503,4.833825545132556,1.391316727480361,1.365109034201027
-1.0885619300957274,-0.11354286484133295,3.9853092951693516,5.05834456589746,8.609626811861096,8.664746586891503,4.833825545132556,1.391316727480361,1.365109034201027
-1.1474142894613424,0.10734654285461527,4.504638628035563,5.05834456589746,8.609626811861096,8.644592565418597,4.833825545132556,1.391316727480361,1.365109034201027
-1.124929484236115,-0.2123176746850613,4.565365094549303,5.05834456589746,8.609626811861096,8.644592565418597,4.838625941409401,1.391316727480361,1.365109034201027
-1.1428455154954074,0.11689083485510718,4.4400318512906125,5.05834456589746,8.609626811861096,8.644592565418597,4.838625941409401,1.4082181188408056,1.365109034201027
-1.0766716125524856,0.11724555957872763,3.8904582986614704,5.05834456589746,8.609626811861096,8.644592565418597,4.838625941409401,1.4082181188408056,1.3858477917673997
-1.0572509008789,0.10515133372035806,3.5643291297542605,5.059772626976146,8.609626811861096,8.644592565418597,4.838625941409401,1.4082181188408056,1.3858477917673997
-1.1033961284110576,-0.11508387340945903,3.960653839181388,5.059772626976146,8.588334129707516,8.644592565418597,4.838625941409401,1.4082181188408056,1.3858477917673997
-1.1648901209834255,0.10910502685836714,4.489860891448585,5.059772626976146,8.588334129707516,8.62415792958007,4.838625941409401,1.4082181188408056,1.3858477917673997
-1.1427598001951516,-0.21573450139695102,4.55469320996652,5.059772626976146,8.588334129707516,8.62415792958007,4.843471976979192,1.4082181188408056,1.3858477917673997
-1.1600206049063078,0.11860356470624651,4.4228799002154595,5.059772626976146,8.588334129707516,8.62415792958007,4.843471976979192,1.4253446349595744,1.3858477917673997
-1.0909740182621077,0.11882332723389828,3.862672125646297,5.059772626976146,8.588334129707516,8.62415792958007,4.843471976979192,1.4253446349595744,1.4068750996104142
-1.0699666751310961,0.10648510565640082,3.5313846264178164,5.061193278295989,8.588334129707516,8.62415792958007,4.843471976979192,1.4253446349595744,1.4068750996104142
-1.1181057913918537,-0.11661463252681484,3.935757274554208,5.061193278295989,8.566742647372905,8.62415792958007,4.843471976979192,1.4253446349595744,1.4068750996104142
-1.1822905705796014,0.11085811458319558,4.474776160235207,5.061193278295989,8.566742647372905,8.603445010912784,4.843471976979192,1.4253446349595744,1.4068750996104142
-1.1605348351004159,-0.21914332985952797,4.543662745544128,5.061193278295989,8.566742647372905,8.603445010912784,4.848361989721276,1.4253446349595744,1.4068750996104142
-1.1771082919123936,0.12030942465443638,4.40537870833112,5.061193278295989,8.566742647372905,8.603445010912784,4.848361989721276,1.4426940296370696,1.4068750996104142
-1.1051357218953082,0.1203901730991821,3.8345962423642095,5.061193278295989,8.566742647372905,8.603445010912784,4.848361989721276,1.4426940296370696,1.4281885649702342
-1.0825165047025602,0.10780495216714896,3.4981938301523954,5.0626050567070005,8.566742647372905,8.603445010912784,4.848361989721276,1.4426940296370696,1.4281885649702342
-1.1326897249503798,-0.11813503290546783,3.9106222814849088,5.0626050567070005,8.544854434744472,8.603445010912784,4.848361989721276,1.4426940296370696,1.4281885649702342
-1.1996141112849448,0.11260569202637638,4.459385813434791,5.0626050567070005,8.544854434744472,8.582456173373254,4.848361989721276,1.4426940296370696,1.4281885649702342
-1.178252799241355,0.2537662207659962,4.532274840293714,5.0626050567070005,8.544854434744472,8.582456173373254,4.843770083603271,1.4426940296370696,1.4281885649702342
-1.1941068387144398,0.1266524619200085,4.387530026142536,5.0626050567070005,8.544854434744472,8.582456173373254,4.843770083603271,1.4602079756692279,1.4281885649702342
-1.119155287220449,0.24397306766004082,3.806233527847829,5.0626050567070005,8.544854434744472,8.582456173373254,4.843770083603271,1.4602079756692279,1.4507252025512636
-1.0948991773057788,0.11023382647580122,3.4647602879009836,5.064028917801573,8.544854434744472,8.582456173373254,4.843770083603271,1.4602079756692279,1.4507252025512636
-1.1471467484862001,-0.11963227169904542,3.885251566418869,5.064028917801573,8.522671686588914,8.582456173373254,4.843770083603271,1.4602079756692279,1.4507252025512636
-1.2168592231930677,0.11903547415701134,4.44369125992377,5.064028917801573,8.522671686588914,8.561140130569717,4.843770083603271,1.4602079756692279,1.4507252025512636
-1.1959098688429939,-0.244795840406746,4.520526918436165,5.064028917801573,8.522671686588914,8.561140130569717,4.849170269689689,1.4602079756692279,1.4507252025512636
-1.2110142545215634,0.12483470980797005,4.3693354689709984,5.064028917801573,8.522671686588914,8.561140130569717,4.849170269689689,1.477982907550571,1.4507252025512636
-1.1330308309874362,0.24214651430744671,3.7775826474499357,5.064028917801573,8.522671686588914,8.561140130569717,4.849170269689689,1.477982907550571,1.4735099073964684
-1.1071135329434012,0.1114755814864674,3.431087605949834,5.06543975023216,8.522671686588914,8.561140130569717,4.849170269689689,1.477982907550571,1.4735099073964684
-1.161475695287832,-0.12109141307173278,3.859647862457819,5.06543975023216,8.500196735467195,8.561140130569717,4.849170269689689,1.477982907550571,1.4735099073964684
-1.234024742502127,0.11579858315775896,4.427694170657066,5.06543975023216,8.500196735467195,8.539610208855487,4.849170269689689,1.477982907550571,1.4735099073964684
-1.2135126595511387,0.2622092757512134,4.508423885553951,5.06543975023216,8.500196735467195,8.539610208855487,4.8444020817756535,1.477982907550571,1.4735099073964684
-1.2278294489966735,0.1315225024046027,4.35079694268984,5.06543975023216,8.500196735467195,8.539610208855487,4.8444020817756535,1.4959132039938217,1.4735099073964684
-1.1467656535174304,0.24542422765133184,3.748644270850542,5.06543975023216,8.500196735467195,8.539610208855487,4.8444020817756535,1.4959132039938217,1.4965795396832768
-1.1191583312575422,0.11277349547092354,3.3971793757214623,5.066837412974392,8.500196735467195,8.539610208855487,4.8444020817756535,1.4959132039938217,1.4965795396832768
-1.1756754121008657,-0.12262397714260574,3.833813930035838,5.066837412974392,8.477431117504887,8.539610208855487,4.8444020817756535,1.4959132039938217,1.4965795396832768
-1.2511082149505668,0.12264228997372222,4.4113957094921155,5.066837412974392,8.477431117504887,8.517752685865226,4.8444020817756535,1.4959132039938217,1.4965795396832768
-1.231046053289323,-0.252127557347117,4.4959626006990465,5.066837412974392,8.477431117504887,8.517752685865226,4.849942457479392,1.4959132039938217,1.4965795396832768
-1.2445499309639363,0.12815946750283058,4.331916155245871,5.066837412974392,8.477431117504887,8.517752685865226,4.849942457479392,1.5141187284484912,1.4965795396832768
-1.1603540183577554,0.24830239500211376,3.719421267746267,5.066837412974392,8.477431117504887,8.517752685865226,4.849942457479392,1.5141187284484912,1.51992839300948
-1.1310324463603736,0.11405136780414823,3.36303923612805,5.068220204846716,8.477431117504887,8.517752685865226,4.849942457479392,1.5141187284484912,1.51992839300948
-1.1897447564182788,-0.12405631965423962,3.807752551502698,5.068220204846716,8.45437768235723,8.517752685865226,4.849942457479392,1.5141187284484912,1.51992839300948
-1.2681093734164788,0.11923875419202658,4.394797693474028,5.068220204846716,8.45437768235723,8.49568844952329,4.849942457479392,1.5141187284484912,1.51992839300948
-1.2485224906323846,0.26985880175357185,4.483148719130734,5.068220204846716,8.45437768235723,8.49568844952329,4.845011968680955,1.5141187284484912,1.51992839300948
-1.2611748770245066,0.13504858346299908,4.312695137564775,5.068220204846716,8.45437768235723,8.49568844952329,4.845011968680955,1.5324719804046214,1.51992839300948
-1.1737946619284891,0.25135039677540477,3.689916503486285,5.068220204846716,8.45437768235723,8.49568844952329,4.845011968680955,1.5324719804046214,1.5435550949010508
-1.1427347366264655,0.11531733994130659,3.3286708539741356,5.069586559355682,8.45437768235723,8.49568844952329,4.845011968680955,1.5324719804046214,1.5435550949010508
-1.2036826088774872,-0.12556840166196717,3.7814665379876136,5.069586559355682,8.431037984787826,8.49568844952329,4.845011968680955,1.5324719804046214,1.5435550949010508
-1.2850254611189957,0.12621117972028492,4.377901323561656,5.069586559355682,8.431037984787826,8.473299579156889,4.845011968680955,1.5324719804046214,1.5435550949010508
-1.2659256281208369,0.2528587615380471,4.469978931318524,5.069586559355682,8.431037984787826,8.473299579156889,4.840446177035527,1.5324719804046214,1.5435550949010508
-1.2777016477092078,0.13649222744394793,4.2931356795914155,5.069586559355682,8.431037984787826,8.473299579156889,4.840446177035527,1.5510371171793957,1.5435550949010508
-1.187086179689002,0.25427409838729265,3.6601328743431725,5.069586559355682,8.431037984787826,8.473299579156889,4.840446177035527,1.5510371171793957,1.5674559971150837
-1.1542640812226528,0.11656686886003158,3.2940779257378376,5.070934789368941,8.431037984787826,8.473299579156889,4.840446177035527,1.5510371171793957,1.5674559971150837
-1.217487851923606,-0.12697784717524707,3.7549587224417604,5.070934789368941,8.407414941293847,8.473299579156889,4.840446177035527,1.5510371171793957,1.5674559971150837
-1.3018562857173988,0.12767359350257892,4.360708488183727,5.070934789368941,8.407414941293847,8.45065265334657,4.840446177035527,1.5510371171793957,1.5674559971150837
-1.2832654387908118,0.25718005436387653,4.456453958618562,5.070934789368941,8.407414941293847,8.45065265334657,4.8358170875641155,1.5510371171793957,1.5674559971150837
-1.294129244398926,0.1382422523922891,4.273239702533919,5.070934789368941,8.407414941293847,8.45065265334657,4.8358170875641155,1.5698078850433408,1.5674559971150837
-1.200227196960386,0.2571843694491455,3.6300733036800366,5.070934789368941,8.407414941293847,8.45065265334657,4.8358170875641155,1.5698078850433408,1.5916282679471419
-1.1656193776172499,0.11780254822255244,3.259264177195482,5.0722632295727275,8.407414941293847,8.45065265334657,4.8358170875641155,1.5698078850433408,1.5916282679471419
-1.2311593949768176,-0.1284256082578917,3.728231966273655,5.0722632295727275,8.383510469086854,8.45065265334657,4.8358170875641155,1.5698078850433408,1.5916282679471419
-1.3185994414353837,0.12944838888559274,4.343220685989521,5.0722632295727275,8.383510469086854,8.42774655113408,4.8358170875641155,1.5698078850433408,1.5916282679471419
-1.3005361223808531,0.2606499365189627,4.442575426441122,5.0722632295727275,8.383510469086854,8.42774655113408,4.8311424911916365,1.5698078850433408,1.5916282679471419
-1.3104557755161907,0.1399698418270762,4.253009204232135,5.0722632295727275,8.383510469086854,8.42774655113408,4.8311424911916365,1.5887820355722442,1.5916282679471419
-1.2132163458471577,0.26007099248141696,3.599740746124693,5.0722632295727275,8.383510469086854,8.42774655113408,4.8311424911916365,1.5887820355722442,1.616068968280126
-1.1767995423176996,0.1190228864752514,3.224233363485818,5.073570153646107,8.383510469086854,8.42774655113408,4.8311424911916365,1.5887820355722442,1.616068968280126
-1.244696149829657,-0.12985841133897652,3.701289154369298,5.073570153646107,8.35932690215683,8.42774655113408,4.8311424911916365,1.5887820355722442,1.616068968280126
-1.335253762959867,0.13120184482740327,4.3254395406423995,5.073570153646107,8.35932690215683,8.404584073341848,4.8311424911916365,1.5887820355722442,1.616068968280126
-1.3177356160913378,0.2641412897770359,4.428344567505245,5.073570153646107,8.35932690215683,8.404584073341848,4.826422636089782,1.5887820355722442,1.616068968280126
-1.3266795906511357,0.14168976521882937,4.232446218956248,5.073570153646107,8.35932690215683,8.404584073341848,4.826422636089782,1.6079571132797776,1.616068968280126
-1.2260522764629642,0.2629344139078194,3.5691381847307797,5.073570153646107,8.35932690215683,8.404584073341848,4.826422636089782,1.6079571132797776,1.6407751331186162
-1.1878035106755276,0.12022827495485587,3.188989268958526,5.074853811216853,8.35932690215683,8.404584073341848,4.826422636089782,1.6079571132797776,1.6407751331186162
-1.258097050857093,-0.1312800798453178,3.6741331958519763,5.074853811216853,8.334866574729322,8.404584073341848,4.826422636089782,1.6079571132797776,1.6407751331186162
-1.3518177758263048,0.1329490462644418,4.307366693791981,5.074853811216853,8.334866574729322,8.38116787415196,4.826422636089782,1.6079571132797776,1.6407751331186162
-1.3348621763330621,0.2676195331639313,4.413762674309416,5.074853811216853,8.334866574729322,8.38116787415196,4.821658473616956,1.6079571132797776,1.6407751331186162
-1.3427990368185194,0.1434012646079666,4.2115528162101485,5.074853811216853,8.334866574729322,8.38116787415196,4.821658473616956,1.6273306465422943,1.6407751331186162
-1.2387336536795173,0.2657744335197063,3.5382686308907916,5.074853811216853,8.334866574729322,8.38116787415196,4.821658473616956,1.6273306465422943,1.6657437670151165
-1.1986302372178304,0.1214185619952087,3.153535707157338,5.076112416022636,8.334866574729322,8.38116787415196,4.821658473616956,1.6273306465422943,1.6657437670151165
-1.271361044339118,-0.1326902959541837,3.6467670242331187,5.076112416022636,8.310131851140861,8.38116787415196,4.821658473616956,1.6273306465422943,1.6657437670151165
-1.368290031955042,0.13468924471257834,4.289003815886868,5.076112416022636,8.310131851140861,8.357500646209205,4.821658473616956,1.6273306465422943,1.6657437670151165
-1.3519140543688668,-0.2766131964937039,4.39883107234392,5.076112416022636,8.310131851140861,8.357500646209205,4.8278021064242855,1.6273306465422943,1.6657437670151165
-1.3588124721413042,0.13984334519357594,4.190331100645877,5.076112416022636,8.310131851140861,8.357500646209205,4.8278021064242855,1.6469651746348053,1.6657437670151165
-1.2512591575643028,0.2685021808724145,3.507135124039646,5.076112416022636,8.310131851140861,8.357500646209205,4.8278021064242855,1.6469651746348053,1.6909711849222153
-1.209278695719629,-0.12922170722128987,3.1178765207723194,5.072314219339093,8.310131851140861,8.357500646209205,4.8278021064242855,1.6469651746348053,1.6909711849222153
-1.2844870914816158,-0.13703985019776094,3.6191935972169027,5.072314219339093,8.285104495572375,8.357500646209205,4.8278021064242855,1.6469651746348053,1.6909711849222153
-1.3846690909574186,0.13104510752505652,4.270352605417261,5.072314219339093,8.285104495572375,8.333648894206918,4.8278021064242855,1.6469651746348053,1.6909711849222153
-1.3688932969230954,0.296225173666506,4.3835572596033545,5.072314219339093,8.285104495572375,8.333648894206918,4.822449839738444,1.6469651746348053,1.6909711849222153
-1.374718563217865,0.14711343782698297,4.1687834075492605,5.072314219339093,8.285104495572375,8.333648894206918,4.822449839738444,1.6667237229319518,1.6909711849222153
-1.2636274829296037,0.26573034966184894,3.4757407338164765,5.072314219339093,8.285104495572375,8.333648894206918,4.822449839738444,1.6667237229319518,1.7164137522094791
-1.219742170474513,0.12871350502094026,3.082011190046702,5.073656315230523,8.285104495572375,8.333648894206918,4.822449839738444,1.6667237229319518,1.7164137522094791
-1.297474103547013,-0.135420181985405,3.5914157468932153,5.073656315230523,8.259828680728884,8.333648894206918,4.822449839738444,1.6667237229319518,1.7164137522094791
-1.4009531064307665,0.13847546106152087,4.251414513129265,5.073656315230523,8.259828680728884,8.30948355543382,4.822449839738444,1.6667237229319518,1.7164137522094791
-1.3857849189159268,0.27712701511942456,4.36793667897482,5.073656315230523,8.259828680728884,8.30948355543382,4.817508900076811,1.6667237229319518,1.7164137522094791
-1.3905148830921512,0.14840400541056623,4.1469117697891695,5.073656315230523,8.259828680728884,8.30948355543382,4.817508900076811,1.6866780858478407,1.7164137522094791
-1.2758373022234157,0.2744638933346053,3.4440887124496933,5.073656315230523,8.259828680728884,8.30948355543382,4.817508900076811,1.6866780858478407,1.7421539677605202
-1.2300355816826936,-0.13187699391077448,3.0459480908202052,5.069739878793862,8.259828680728884,8.30948355543382,4.817508900076811,1.6866780858478407,1.7421539677605202
-1.310321351034598,-0.13989892428582484,3.5634365876745933,5.069739878793862,8.234264325363629,8.30948355543382,4.817508900076811,1.6866780858478407,1.7421539677605202
-1.417141783044276,0.1398227196108301,4.232191663252773,5.069739878793862,8.234264325363629,8.285079883660297,4.817508900076811,1.6866780858478407,1.7421539677605202
-1.4026020365815164,0.28144083734581415,4.35197017355479,5.069739878793862,8.234264325363629,8.285079883660297,4.812509033053935,1.6866780858478407,1.7421539677605202
-1.4062005623356666,0.15016857834010702,4.1247183446832,5.069739878793862,8.234264325363629,8.285079883660297,4.812509033053935,1.7068196744473136,1.7421539677605202
-1.2878872657167053,0.2710570204227504,3.412182190428419,5.069739878793862,8.234264325363629,8.285079883660297,4.812509033053935,1.7068196744473136,1.7680990789583606
-1.2401368926789393,0.13112129457040447,3.0096860912830965,5.071064123310952,8.234264325363629,8.285079883660297,4.812509033053935,1.7068196744473136,1.7680990789583606
-1.3230274034085558,-0.13812618718818023,3.53525903050546,5.071064123310952,8.208457045719896,8.285079883660297,4.812509033053935,1.7068196744473136,1.7680990789583606
-1.4332326711081755,0.14158744491544456,4.212685731691952,5.071064123310952,8.208457045719896,8.260435611434431,4.812509033053935,1.7068196744473136,1.7680990789583606
-1.4193379361097616,0.2848234949877079,4.33565969841052,5.071064123310952,8.208457045719896,8.260435611434431,4.807469706676625,1.7068196744473136,1.7680990789583606
-1.4217737535411987,0.15175912805463043,4.102205373392038,5.071064123310952,8.208457045719896,8.260435611434431,4.807469706676625,1.7271479607937876,1.7680990789583606
-1.299776352015311,0.2799152094109085,3.3800243026312007,5.071064123310952,8.208457045719896,8.260435611434431,4.807469706676625,1.7271479607937876,1.7943365579902237
-1.2500671107967802,-0.1343846239082894,2.9732341248047205,5.067029352087707,8.208457045719896,8.260435611434431,4.807469706676625,1.7271479607937876,1.7943365579902237
-1.3355917304286153,-0.14271619932534815,3.5068862443514264,5.067029352087707,8.18236558508586,8.260435611434431,4.807469706676625,1.7271479607937876,1.7943365579902237
-1.4492247109762246,0.14325062828244522,4.192898541418505,5.067029352087707,8.18236558508586,8.235554712989638,4.807469706676625,1.7271479607937876,1.7943365579902237
-1.4359905347269797,0.28822395789514377,4.319006715720843,5.067029352087707,8.18236558508586,8.235554712989638,4.802391303434698,1.7271479607937876,1.7943365579902237
-1.4372328972268298,0.15349325112904252,4.079375135525459,5.067029352087707,8.18236558508586,8.235554712989638,4.802391303434698,1.7476584185302044,1.7943365579902237
-1.3115030758396786,0.2763097248937612,3.347618251940017,5.067029352087707,8.18236558508586,8.235554712989638,4.802391303434698,1.7476584185302044,1.8207718419601266
-1.2598025489636346,0.133464430237801,2.9365907490939374,5.068331305724936,8.18236558508586,8.235554712989638,4.802391303434698,1.7476584185302044,1.8207718419601266
-1.3480129072490978,-0.14083009049906792,3.4783211812038792,5.068331305724936,8.156036546197209,8.235554712989638,4.802391303434698,1.7476584185302044,1.8207718419601266
-1.4651164775571477,0.1449862788879795,4.172831925094005,5.068331305724936,8.156036546197209,8.210439096545246,4.802391303434698,1.7476584185302044,1.8207718419601266
-1.4525581415648292,0.29161433813955884,4.302012752123027,5.068331305724936,8.156036546197209,8.210439096545246,4.7972747748892015,1.7476584185302044,1.8207718419601266
-1.4525764035402642,0.15506339753933204,4.056229940929208,5.068331305724936,8.156036546197209,8.210439096545246,4.7972747748892015,1.7683503537822953,1.8207718419601266
-1.3230664528208103,0.285266776376715,3.3149672163414032,5.068331305724936,8.156036546197209,8.210439096545246,4.7972747748892015,1.7683503537822953,1.847493900551308
-1.2693658301412856,-0.13683638572253584,2.899765314294533,5.064176089139303,8.156036546197209,8.210439096545246,4.7972747748892015,1.7683503537822953,1.847493900551308
-1.36029045764865,-0.14548346272385485,3.449567059086088,5.064176089139303,8.129428148409055,8.210439096545246,4.7972747748892015,1.7683503537822953,1.847493900551308
-1.4809065956453065,0.14663338464552855,4.152487748328255,5.064176089139303,8.129428148409055,8.18509264433629,4.7972747748892015,1.7683503537822953,1.847493900551308
-1.4690390594255915,-0.30126505438434664,4.284679366135322,5.064176089139303,8.129428148409055,8.18509264433629,4.804042447007915,1.7683503537822953,1.847493900551308
-1.4678027235259474,0.15111757977179818,4.032772137082078,5.064176089139303,8.129428148409055,8.18509264433629,4.804042447007915,1.7892902962554578,1.847493900551308
-1.3344650369682631,0.2813705591993011,3.2820744610318986,5.064176089139303,8.129428148409055,8.18509264433629,4.804042447007915,1.7892902962554578,1.8744059121244823
-1.2787316790356336,-0.1327195534239761,2.8627560447926674,5.060090351183837,8.129428148409055,8.18509264433629,4.804042447007915,1.7892902962554578,1.8744059121244823
-1.3724229672247683,-0.14672876450225084,3.4206268720100095,5.060090351183837,8.10256602129769,8.18509264433629,4.804042447007915,1.7892902962554578,1.8744059121244823
-1.4965936777643694,0.1425342128095392,4.1318678978350665,5.060090351183837,8.10256602129769,8.159588027500558,4.804042447007915,1.7892902962554578,1.8744059121244823
-1.4854362614530268,0.3219555384250348,4.267015673597789,5.060090351183837,8.10256602129769,8.159588027500558,4.798297455722773,1.7892902962554578,1.8744059121244823
-1.4829106146319264,0.15866826724157354,4.009004314476691,5.060090351183837,8.10256602129769,8.159588027500558,4.798297455722773,1.8103303909241877,1.8744059121244823
-1.3456978672066806,0.2843754972664948,3.2489432083605005,5.060090351183837,8.10256602129769,8.159588027500558,4.798297455722773,1.8103303909241877,1.9015552294182145
-1.287916988443942,-0.13394356585773073,2.825566941005604,5.055966577113996,8.10256602129769,8.159588027500558,4.798297455722773,1.8103303909241877,1.9015552294182145
-1.3844099362530038,-0.14814168296920144,3.3915037151544665,5.055966577113996,8.075451578398917,8.159588027500558,4.798297455722773,1.8103303909241877,1.9015552294182145
-1.512175905413673,0.15033897340812274,4.110973986123305,5.055966577113996,8.075451578398917,8.133782988956746,4.798297455722773,1.8103303909241877,1.9015552294182145
-1.5017317860649835,0.30076090399850275,4.249015984904786,5.055966577113996,8.075451578398917,8.133782988956746,4.793010854194201,1.8103303909241877,1.9015552294182145
-1.4978976753724675,0.15994129586779024,3.984928742244155,5.055966577113996,8.075451578398917,8.133782988956746,4.793010854194201,1.831547323480469,1.9015552294182145
-1.3567634774709139,0.2868538397974552,3.2155769528240468,5.055966577113996,8.075451578398917,8.133782988956746,4.793010854194201,1.831547323480469,1.9289349273647098
-1.2969154136791325,0.13790049827207973,2.7882017977783726,5.057257512907714,8.075451578398917,8.133782988956746,4.793010854194201,1.831547323480469,1.9289349273647098
-1.39625028111345,-0.14611125645521136,3.362200744325623,5.057257512907714,8.048109952201246,8.133782988956746,4.793010854194201,1.831547323480469,1.9289349273647098
-1.5276531655234156,0.15168314380108974,4.089808371286227,5.057257512907714,8.048109952201246,8.10775942437724,4.793010854194201,1.831547323480469,1.9289349273647098
-1.5179421863843106,0.30505866203349324,4.23068125829879,5.057257512907714,8.048109952201246,8.10775942437724,4.787670265992158,1.831547323480469,1.9289349273647098
-1.512763168614224,0.16156548947728386,3.960547799032576,5.057257512907714,8.048109952201246,8.10775942437724,4.787670265992158,1.852933785791118,1.9289349273647098
-1.3676608934051655,0.2956271403301681,3.1819789957985725,5.057257512907714,8.048109952201246,8.10775942437724,4.787670265992158,1.852933785791118,1.956587096765114
-1.3057340529822532,-0.14152547133798074,2.7506705991257476,5.052903925433353,8.048109952201246,8.10775942437724,4.787670265992158,1.852933785791118,1.956587096765114
-1.407943202577185,-0.15089377470369003,3.3327213219892626,5.052903925433353,8.020498977842816,8.10775942437724,4.787670265992158,1.852933785791118,1.956587096765114
-1.543022972236002,0.15331200709908693,4.068372901626578,5.052903925433353,8.020498977842816,8.081516766324834,4.787670265992158,1.852933785791118,1.956587096765114
-1.5340596611546427,0.3083349001316097,4.212013783002883,5.052903925433353,8.020498977842816,8.081516766324834,4.782297049728442,1.852933785791118,1.956587096765114
-1.5275053230082862,0.1632421454292891,3.9358639640044144,5.052903925433353,8.020498977842816,8.081516766324834,4.782297049728442,1.8744862365591834,1.956587096765114
-1.3783890271754036,0.2914437152500902,3.148152506606573,5.052903925433353,8.020498977842816,8.081516766324834,4.782297049728442,1.8744862365591834,1.9844153892321326
-1.3143500760711158,-0.1371740013711102,2.7129708818913083,5.048624272915693,8.020498977842816,8.081516766324834,4.782297049728442,1.8744862365591834,1.9844153892321326
-1.4194874927163557,-0.15208504172084947,3.3030685255774253,5.048624272915693,7.992644923235021,8.081516766324834,4.782297049728442,1.8744862365591834,1.9844153892321326
-1.5582843518060774,0.15496089274365502,4.046669581548371,5.048624272915693,7.992644923235021,8.055057715889822,4.782297049728442,1.8744862365591834,1.9844153892321326
-1.55008210661025,0.3116379856377589,4.193015241453833,5.048624272915693,7.992644923235021,8.055057715889822,4.776891465432774,1.8744862365591834,1.9844153892321326
-1.542122646288426,0.1647461113326914,3.910879746221321,5.048624272915693,7.992644923235021,8.055057715889822,4.776891465432774,1.8962039740706855,1.9844153892321326
-1.3889467834041704,0.29425993596284256,3.1141007928171347,5.048624272915693,7.992644923235021,8.055057715889822,4.776891465432774,1.8962039740706855,2.012467073053205
-1.3227829536736864,-0.1383453646918268,2.6751067477825723,5.044307285727124,7.992644923235021,8.055057715889822,4.776891465432774,1.8962039740706855,2.012467073053205
-1.4308827444359076,-0.15340305389421519,3.2732455316935436,5.044307285727124,7.964549601868853,8.055057715889822,4.776891465432774,1.8962039740706855,2.012467073053205
-1.5734359633064698,0.15659955607799478,4.024700431002117,5.044307285727124,7.964549601868853,8.028385374265543,4.776891465432774,1.8962039740706855,2.012467073053205
-1.566007893422057,0.3149202416059328,4.173687386366728,5.044307285727124,7.964549601868853,8.028385374265543,4.771454739402869,1.8962039740706855,2.012467073053205
-1.5566136605955694,0.1663307514978294,3.885597692311563,5.044307285727124,7.964549601868853,8.028385374265543,4.771454739402869,1.918083040523102,2.012467073053205
-1.3993327785689031,0.2966437102775359,3.0798274760260997,5.044307285727124,7.964549601868853,8.028385374265543,4.771454739402869,1.918083040523102,2.040735851106636
-1.3310256476037883,0.14217702099992163,2.6370820616401507,5.045577099524115,7.964549601868853,8.028385374265543,4.771454739402869,1.918083040523102,2.040735851106636
-1.4421279243725964,-0.15120014807384555,3.2432555855662377,5.045577099524115,7.936238031969986,8.028385374265543,4.771454739402869,1.918083040523102,2.040735851106636
-1.5884764877236983,0.15827349879372102,4.002467495063221,5.045577099524115,7.936238031969986,8.001502305386662,4.771454739402869,1.918083040523102,2.040735851106636
-1.5818353834798062,-0.32522807995522107,4.154032000448593,5.045577099524115,7.936238031969986,8.001502305386662,4.778851154822986,1.918083040523102,2.040735851106636
-1.5709768780057938,0.16185876107976652,3.8600203804410302,5.045577099524115,7.936238031969986,8.001502305386662,4.778851154822986,1.9401978271376703,2.040735851106636
-1.4095461062080956,0.30549708546277404,3.045335957797103,5.045577099524115,7.936238031969986,8.001502305386662,4.778851154822986,1.9401978271376703,2.0692643118328395
-1.3390864617355425,-0.14598333276280423,2.598907747879147,5.041022294389368,7.936238031969986,8.001502305386662,4.778851154822986,1.9401978271376703,2.0692643118328395
-1.4532222987343673,-0.15611217414057746,3.2131021487097935,5.041022294389368,7.9076676287266325,8.001502305386662,4.778851154822986,1.9401978271376703,2.0692643118328395
-1.603404621762032,0.15364662338434792,3.979972846396607,5.041022294389368,7.9076676287266325,7.974489969659768,4.778851154822986,1.9401978271376703,2.0692643118328395
-1.5975686279089785,0.34691673460249833,4.134060020665284,5.041022294389368,7.9076676287266325,7.974489969659768,4.772746164857789,1.9401978271376703,2.0692643118328395
-1.5852111888274414,0.1698997430082105,3.8341506514347214,5.041022294389368,7.9076676287266325,7.974489969659768,4.772746164857789,1.9623848449985026,2.0692643118328395
-1.4195857644044139,0.3010194286198898,3.0106295011787085,5.041022294389368,7.9076676287266325,7.974489969659768,4.772746164857789,1.9623848449985026,2.0979546617681257
-1.3469395328652183,-0.14140450378521466,2.560580526003786,5.036545604500167,7.9076676287266325,7.974489969659768,4.772746164857789,1.9623848449985026,2.0979546617681257
-1.4641647054685456,-0.15729826356161347,3.1827883755378776,5.036545604500167,7.8788648971234,7.974489969659768,4.772746164857789,1.9623848449985026,2.0979546617681257
-1.6182185511899396,0.3236859848211363,3.957218240901703,5.036545604500167,7.8788648971234,7.945169806799972,4.772746164857789,1.9623848449985026,2.0979546617681257
-1.6131862115864073,0.32707832899097006,4.113764403210104,5.036545604500167,7.8788648971234,7.945169806799972,4.767078064143325,1.9623848449985026,2.0979546617681257
-1.599314188101683,0.17101359036341213,3.807990995110579,5.036545604500167,7.8788648971234,7.945169806799972,4.767078064143325,1.984730337918229,2.0979546617681257
-1.4294506975978034,0.303737847228144,2.9757114868185406,5.036545604500167,7.8788648971234,7.945169806799972,4.767078064143325,1.984730337918229,2.126854765258938
-1.3546072817292176,-0.142521884446032,2.52210460007499,5.032032161437408,7.8788648971234,7.945169806799972,4.767078064143325,1.984730337918229,2.126854765258938
-1.4749548342655043,-0.15721459520058936,3.1523175174840032,5.032032161437408,7.84984042804452,7.945169806799972,4.767078064143325,1.984730337918229,2.126854765258938
-1.6329330952100096,-0.3467640947848418,3.9342164627832963,5.032032161437408,7.84984042804452,7.924085811523159,4.767078064143325,1.984730337918229,2.126854765258938
-1.628708746694364,0.3170742824828865,4.093146261586092,5.032032161437408,7.84984042804452,7.924085811523159,4.7616474664583635,1.984730337918229,2.126854765258938
-1.6132853182796507,0.17243958071969237,3.7815440014967465,5.032032161437408,7.84984042804452,7.924085811523159,4.7616474664583635,2.0072272470757873,2.126854765258938
-1.4391396010973025,0.3060134065587471,2.940585658907162,5.032032161437408,7.84984042804452,7.924085811523159,4.7616474664583635,2.0072272470757873,2.1559581998180652
-1.362081864902282,0.1462012499222609,2.4834838993798916,5.033267725663351,7.84984042804452,7.924085811523159,4.7616474664583635,2.0072272470757873,2.1559581998180652
-1.48559173667422,-0.16018581968937085,3.1216929787681007,5.033267725663351,7.820578060134711,7.924085811523159,4.7616474664583635,2.0072272470757873,2.1559581998180652
-1.6474772215827798,0.34952766812826347,3.9109402483632163,5.033267725663351,7.820578060134711,7.89404200471732,4.7616474664583635,2.0072272470757873,2.1559581998180652
-1.6441267000145903,0.3354197325435961,4.0722078648767015,5.033267725663351,7.820578060134711,7.89404200471732,4.755886318753468,2.0072272470757873,2.1559581998180652
-1.627122872202234,0.17410779000304127,3.7548123820975587,5.033267725663351,7.820578060134711,7.89404200471732,4.755886318753468,2.029869396426169,2.1559581998180652
-1.4486516402444043,0.31514262472859067,2.905255511534993,5.033267725663351,7.820578060134711,7.89404200471732,4.755886318753468,2.029869396426169,2.185309487988717
-1.3693729544194664,-0.1502356334781974,2.4447304128174303,5.028507094214287,7.820578060134711,7.89404200471732,4.755886318753468,2.029869396426169,2.185309487988717
-1.4960745153033308,-0.15957876803479965,3.090918040375873,5.028507094214287,7.791102607035788,7.89404200471732,4.755886318753468,2.029869396426169,2.185309487988717
-1.6619747801323095,-0.3537575892010142,3.8874189317365606,5.028507094214287,7.791102607035788,7.872695209372701,4.755886318753468,2.029869396426169,2.185309487988717
-1.6594389357861876,-0.35301272022720137,4.050951834650024,5.028507094214287,7.791102607035788,7.872695209372701,4.763927301058132,2.029869396426169,2.185309487988717
-1.6408254377441192,0.1692746120350509,3.7277988701401523,5.028507094214287,7.791102607035788,7.872695209372701,4.763927301058132,2.0527377001112534,2.185309487988717
-1.4579859029593707,0.310053376273811,2.869724391764059,5.028507094214287,7.791102607035788,7.872695209372701,4.763927301058132,2.0527377001112534,2.2148058810476616
-1.3764512067735672,-0.14539623274698185,2.405839907343305,5.023829260797236,7.791102607035788,7.872695209372701,4.763927301058132,2.0527377001112534,2.2148058810476616
-1.5064026864412186,-0.16637012487762803,3.059996146444581,5.023829260797236,7.761372037415558,7.872695209372701,4.763927301058132,2.0527377001112534,2.2148058810476616
-1.6762800526703363,0.34316361193208855,3.863626267046134,5.023829260797236,7.761372037415558,7.84234252700195,4.763927301058132,2.0527377001112534,2.2148058810476616
-1.6746498644576013,0.36849935487272045,4.029390488168295,5.023829260797236,7.761372037415558,7.84234252700195,4.757469157303881,2.0527377001112534,2.2148058810476616
-1.6543920098077907,0.17749281491587376,3.7005064782538915,5.023829260797236,7.761372037415558,7.84234252700195,4.757469157303881,2.0756596508257665,2.2148058810476616
-1.4671413695651605,0.3128022387199968,2.8339957457061677,5.023829260797236,7.761372037415558,7.84234252700195,4.757469157303881,2.0756596508257665,2.2444989227330794
-1.3833424149767592,-0.14650262445681272,2.366816689048813,5.019114208697223,7.761372037415558,7.84234252700195,4.757469157303881,2.0756596508257665,2.2444989227330794
-1.5165751540589143,-0.16196216202757432,3.0289304057599433,5.019114208697223,7.731456908410724,7.84234252700195,4.757469157303881,2.0756596508257665,2.2444989227330794
-1.690537964387759,-0.3588909027033951,3.8395922403746567,5.019114208697223,7.731456908410724,7.820719042432937,4.757469157303881,2.0756596508257665,2.2444989227330794
-1.6897344557753933,-0.36081272347379784,4.007514994720175,5.019114208697223,7.731456908410724,7.820719042432937,4.7656365657603486,2.0756596508257665,2.2444989227330794
-1.6678201894743063,0.1720685417685736,3.6729378542161424,5.019114208697223,7.731456908410724,7.820719042432937,4.7656365657603486,2.098809615347288,2.2444989227330794
-1.476116810520697,0.3148583372422108,2.7980734489629695,5.019114208697223,7.731456908410724,7.820719042432937,4.7656365657603486,2.098809615347288,2.274380408910043
-1.3900377984192362,0.1499480734041499,2.3276647472065926,5.02030049622194,7.731456908410724,7.820719042432937,4.7656365657603486,2.098809615347288,2.274380408910043
-1.526591894628949,-0.16493931433635672,2.997724438033978,5.02030049622194,7.701315557197015,7.820719042432937,4.7656365657603486,2.098809615347288,2.274380408910043
-1.7046016790865433,0.3496015621856737,3.8152915357870136,5.02030049622194,7.701315557197015,7.789905842108917,4.7656365657603486,2.098809615347288,2.274380408910043
-1.704724763830149,0.3754163695051349,3.985338096997844,5.02030049622194,7.701315557197015,7.789905842108917,4.759005362805769,2.098809615347288,2.274380408910043
-1.6811099196902073,0.1804803535460484,3.6450959861919148,5.02030049622194,7.701315557197015,7.789905842108917,4.759005362805769,2.122003989611617,2.274380408910043
-1.484911473133832,0.3242769641661214,2.7619610808531707,5.02030049622194,7.701315557197015,7.789905842108917,4.759005362805769,2.122003989611617,2.304497594269231
-1.3965485931561998,-0.15421730003627426,2.2883972856442787,5.015329213259242,7.701315557197015,7.789905842108917,4.759005362805769,2.122003989611617,2.304497594269231
-1.5364514057901553,-0.1644663949316105,2.966381684411136,5.015329213259242,7.67097137862041,7.789905842108917,4.759005362805769,2.122003989611617,2.304497594269231
-1.7186162064506971,-0.36496359760486236,3.7907542839734623,5.015329213259242,7.67097137862041,7.768029122525818,4.759005362805769,2.122003989611617,2.304497594269231
-1.7195854579050591,0.3342107226276603,3.9628512026229825,5.015329213259242,7.67097137862041,7.768029122525818,4.753244474407811,2.122003989611617,2.304497594269231
-1.694258498723512,0.18149728428625406,3.616983581851884,5.015329213259242,7.67097137862041,7.768029122525818,4.753244474407811,2.145336509391867,2.304497594269231
-1.4935245353501811,0.3188637585949396,2.725662072054258,5.015329213259242,7.67097137862041,7.768029122525818,4.753244474407811,2.145336509391867,2.3347448314473422
-1.4028414374772635,-0.2983427875659454,2.2490089586124378,5.007467593432628,7.67097137862041,7.768029122525818,4.753244474407811,2.145336509391867,2.3347448314473422
-1.546153524023417,-0.1731735363926449,2.9349056625648413,5.007467593432628,7.640373768220295,7.768029122525818,4.753244474407811,2.145336509391867,2.3347448314473422
-1.7324323637864838,0.3692063147386303,3.7659546402987543,5.007467593432628,7.640373768220295,7.736597944507736,4.753244474407811,2.145336509391867,2.3347448314473422
-1.7343417452295906,0.3545724575671176,3.9400553936812837,5.007467593432628,7.640373768220295,7.736597944507736,4.747116171150697,2.145336509391867,2.3347448314473422
-1.7072655661575085,0.1830227887767218,3.5886034293194298,5.007467593432628,7.640373768220295,7.736597944507736,4.747116171150697,2.1687973076981524,2.3347448314473422
-1.501955017280707,0.3177997275254092,2.6891799168809047,5.007467593432628,7.640373768220295,7.736597944507736,4.747116171150697,2.1687973076981524,2.365148992473543
-1.4089458104647974,0.31091267814933254,2.209505361088014,5.011785149982065,7.640373768220295,7.736597944507736,4.747116171150697,2.1687973076981524,2.365148992473543
-1.55569717852714,-0.1603613106306816,2.903299432505529,5.011785149982065,7.609650503348183,7.736597944507736,4.747116171150697,2.1687973076981524,2.365148992473543
-1.7461999724024169,-0.37186115006767617,3.7409243726861208,5.011785149982065,7.609650503348183,7.714492120613282,4.747116171150697,2.1687973076981524,2.365148992473543
-1.7489838555617132,-0.37308560913977074,3.9169545156236256,5.011785149982065,7.609650503348183,7.714492120613282,4.755578686868363,2.1687973076981524,2.365148992473543
-1.7201294769192639,0.177704446996413,3.559958449913025,5.011785149982065,7.609650503348183,7.714492120613282,4.755578686868363,2.1924727959175456,2.365148992473543
-1.5102017027846404,0.3347127691499578,2.652518714655286,5.011785149982065,7.609650503348183,7.714492120613282,4.755578686868363,2.1924727959175456,2.395829166603072
-1.4148776452535576,-0.3202078904574276,2.169905462535356,5.003374787450007,7.609650503348183,7.714492120613282,4.755578686868363,2.1924727959175456,2.395829166603072
-1.5650827847198248,-0.17592859228751057,2.871567151592668,5.003374787450007,7.578640929582139,7.714492120613282,4.755578686868363,2.1924727959175456,2.395829166603072
-1.7597626069208423,0.3620437973134618,3.7156355522570834,5.003374787450007,7.578640929582139,7.682794840103809,4.755578686868363,2.1924727959175456,2.395829166603072
-1.7635163573973034,0.3888874385254674,3.893562563973518,5.003374787450007,7.578640929582139,7.682794840103809,4.748719489548686,2.1924727959175456,2.395829166603072
-1.7328493510737757,0.18645312478000442,3.5310518637236195,5.003374787450007,7.578640929582139,7.682794840103809,4.748719489548686,2.2161745327739677,2.395829166603072
-1.5182641708655136,0.3209903865871402,2.615681912476205,5.003374787450007,7.578640929582139,7.682794840103809,4.748719489548686,2.2161745327739677,2.4265730275643875
-1.4205634380780934,0.314957623952922,2.1301916967628927,5.007663767640597,7.578640929582139,7.682794840103809,4.748719489548686,2.2161745327739677,2.4265730275643875
-1.574307761960884,-0.16253395797865838,2.8397117665106624,5.007663767640597,7.547513399629966,7.682794840103809,4.748719489548686,2.2161745327739677,2.4265730275643875
-1.773275597694122,-0.37668964025927293,3.6901200466967783,5.007663767640597,7.547513399629966,7.660443104579716,4.748719489548686,2.2161745327739677,2.4265730275643875
-1.777910999218914,0.3460143853663681,3.869869236678128,5.007663767640597,7.547513399629966,7.660443104579716,4.742767500479725,2.2161745327739677,2.4265730275643875
-1.7454227807070932,0.18709434478205145,3.501886489872192,5.007663767640597,7.547513399629966,7.660443104579716,4.742767500479725,2.240006513471268,2.4265730275643875
-1.526141442575177,0.33920197565459503,2.5786728863472397,5.007663767640597,7.547513399629966,7.660443104579716,4.742767500479725,2.240006513471268,2.4575940179847207
-1.4260991752870864,-0.32398316781956216,2.090390593964537,4.99906380356375,7.547513399629966,7.660443104579716,4.742767500479725,2.240006513471268,2.4575940179847207
-1.583373911575113,-0.17825151268513434,2.8077373754489616,4.99906380356375,7.516106417203426,7.660443104579716,4.742767500479725,2.240006513471268,2.4575940179847207
-1.7865819912044303,0.3820123483259981,3.664351017272146,4.99906380356375,7.516106417203426,7.628142168152289,4.742767500479725,2.240006513471268,2.4575940179847207
-1.7921961738652834,0.36693772956133014,3.845875609544924,4.99906380356375,7.516106417203426,7.628142168152289,4.736439724963885,2.240006513471268,2.4575940179847207
-1.7578495320321332,0.18890453912815497,3.472465233263546,4.99906380356375,7.516106417203426,7.628142168152289,4.736439724963885,2.263949972523173,2.4575940179847207
-1.5338325079528599,0.32493772826971884,2.5414957193132914,4.99906380356375,7.516106417203426,7.628142168152289,4.736439724963885,2.263949972523173,2.4886687916249888
-1.4313847179401518,-0.3008197193582551,2.050483522861728,4.9909547841166155,7.516106417203426,7.628142168152289,4.736439724963885,2.263949972523173,2.4886687916249888
-1.5922781902663106,-0.17296938058999375,2.775646952908629,4.9909547841166155,7.484541127196996,7.628142168152289,4.736439724963885,2.263949972523173,2.4886687916249888
-1.7998385563768506,-0.3838356441511144,3.6383615235292517,4.9909547841166155,7.484541127196996,7.605588480830495,4.736439724963885,2.263949972523173,2.4886687916249888
-1.8063613612801683,-0.386090699564178,3.8215858124577866,4.9909547841166155,7.484541127196996,7.605588480830495,4.7452129427917455,2.263949972523173,2.4886687916249888
-1.7701279465698778,0.18317592648554273,3.442791127597489,4.9909547841166155,7.484541127196996,7.605588480830495,4.7452129427917455,2.2881012634801516,2.4886687916249888
-1.5413367132081441,0.32799746239090555,2.504153746544482,4.9909547841166155,7.484541127196996,7.605588480830495,4.7452129427917455,2.2881012634801516,2.5199112838583346
-1.4364919430908671,0.31897184025639164,2.0104743170105963,4.9952325030873235,7.484541127196996,7.605588480830495,4.7452129427917455,2.2881012634801516,2.5199112838583346
-1.6010223181289986,-0.17146720164588072,2.7434441242664023,4.9952325030873235,7.4527989608354295,7.605588480830495,4.7452129427917455,2.2881012634801516,2.5199112838583346
-1.8128817747597952,-0.3702841912180666,3.6121224807503074,4.9952325030873235,7.4527989608354295,7.582655064375457,4.7452129427917455,2.2881012634801516,2.5199112838583346
-1.8204117624564962,0.3862108794142109,3.7970151435779345,4.9952325030873235,7.4527989608354295,7.582655064375457,4.738448760922565,2.2881012634801516,2.5199112838583346
-1.782257279976077,0.1917356158252184,3.412867524321976,4.9952325030873235,7.4527989608354295,7.582655064375457,4.738448760922565,2.312267117543091,2.5199112838583346
-1.5486527532491734,0.3454139086197141,2.466651548198676,4.9952325030873235,7.4527989608354295,7.582655064375457,4.738448760922565,2.312267117543091,2.5514136951036868
-1.4414310507148598,-0.32930644133664094,1.9703930479429848,4.986425517331569,7.4527989608354295,7.582655064375457,4.738448760922565,2.312267117543091,2.5514136951036868
-1.6096043700315137,-0.1814448267243273,2.7111327778598433,4.986425517331569,7.420820699272078,7.582655064375457,4.738448760922565,2.312267117543091,2.5514136951036868
-1.8258223264875133,0.39139696920771305,3.585637936545328,4.986425517331569,7.420820699272078,7.549697053519421,4.738448760922565,2.312267117543091,2.5514136951036868
-1.8343160375095138,-0.3763533012578,3.772151759749367,4.986425517331569,7.420820699272078,7.549697053519421,4.746980842959056,2.312267117543091,2.5514136951036868
-1.7942351253711166,0.18622756326266268,3.382697376038962,4.986425517331569,7.420820699272078,7.549697053519421,4.746980842959056,2.3366316060194925,2.5514136951036868
-1.555780639254352,0.33053012543324456,2.428992452430942,4.986425517331569,7.420820699272078,7.549697053519421,4.746980842959056,2.3366316060194925,2.582956314460041
-1.4461127087036376,-0.3056111581208915,1.9302177089520964,4.978123200489732,7.420820699272078,7.549697053519421,4.746980842959056,2.3366316060194925,2.582956314460041
-1.618023763142858,-0.17627947820810602,2.6787160293745447,4.978123200489732,7.3886916449492634,7.549697053519421,4.746980842959056,2.3366316060194925,2.582956314460041
-1.838683232016465,-0.40675172721511005,3.558941025679978,4.978123200489732,7.3886916449492634,7.526960358038783,4.746980842959056,2.3366316060194925,2.582956314460041
-1.8481154586153383,0.39110196453047735,3.7470115700681395,4.978123200489732,7.3886916449492634,7.526960358038783,4.740069600940099,2.3366316060194925,2.582956314460041
-1.8060617049876766,0.19443532525830753,3.3522839495845433,4.978123200489732,7.3886916449492634,7.526960358038783,4.740069600940099,2.3610081449148668,2.582956314460041
-1.5627192385992377,0.3337477208263699,2.391179841655761,4.978123200489732,7.3886916449492634,7.526960358038783,4.740069600940099,2.3610081449148668,2.614656916850116
-1.4506170713436388,0.32351949922329376,1.8899520873746543,4.982394159878063,7.3886916449492634,7.526960358038783,4.740069600940099,2.3610081449148668,2.614656916850116
-1.6262810718650584,-0.17453506460439178,2.6461976663064166,4.982394159878063,7.356395894575664,7.526960358038783,4.740069600940099,2.3610081449148668,2.614656916850116
-1.8513239025511403,0.39902611662714316,3.532001728596073,4.982394159878063,7.356395894575664,7.493581804898702,4.740069600940099,2.3610081449148668,2.614656916850116
-1.8617671675196539,0.38076322780417327,3.72158405204568,4.982394159878063,7.356395894575664,7.493581804898702,4.733417060023149,2.3610081449148668,2.614656916850116
-1.8177344018577242,0.19554392091091805,3.3216302598971925,4.982394159878063,7.356395894575664,7.493581804898702,4.733417060023149,2.3854886765260988,2.614656916850116
-1.5694673618637947,0.351437510898067,2.353218434172993,4.982394159878063,7.356395894575664,7.493581804898702,4.733417060023149,2.3854886765260988,2.64660729303069
-1.4549556572719315,-0.3342975789573006,1.8496291530792905,4.973379363213829,7.356395894575664,7.493581804898702,4.733417060023149,2.3854886765260988,2.64660729303069
-1.6343747676257563,-0.17893409892539552,2.6135816619993593,4.973379363213829,7.323904172529941,7.493581804898702,4.733417060023149,2.3854886765260988,2.64660729303069
-1.8639153471954295,-0.3981363408922325,3.5048548330114917,4.973379363213829,7.323904172529941,7.470466442686671,4.733417060023149,2.3854886765260988,2.64660729303069
-1.875302917058117,-0.401854424059096,3.6958711696208235,4.973379363213829,7.323904172529941,7.470466442686671,4.742461572404656,2.3854886765260988,2.64660729303069
-1.8292530282950064,0.19002128740901014,3.2907393594525556,4.973379363213829,7.323904172529941,7.470466442686671,4.742461572404656,2.4101583981179986,2.64660729303069
-1.5760251378040775,0.3359607936159104,2.3151115881972495,4.973379363213829,7.323904172529941,7.470466442686671,4.742461572404656,2.4101583981179986,2.6785844096405502
-1.459029369976364,-0.31007018712559914,1.8092240500092325,4.964883138031595,7.323904172529941,7.470466442686671,4.742461572404656,2.4101583981179986,2.6785844096405502
-1.6423044307209262,-0.18553195452750385,2.58087153836109,4.964883138031595,7.291208923529401,7.470466442686671,4.742461572404656,2.4101583981179986,2.6785844096405502
-1.8762826213540285,-0.38394505480555896,3.4774701658423735,4.964883138031595,7.291208923529401,7.446968366765489,4.742461572404656,2.4101583981179986,2.6785844096405502
-1.888718350548495,0.401518244726406,3.6698909417475467,4.964883138031595,7.291208923529401,7.446968366765489,4.735333361314477,2.4101583981179986,2.6785844096405502
-1.8406165347118935,0.19845692675797907,3.259614747074523,4.964883138031595,7.291208923529401,7.446968366765489,4.735333361314477,2.434826074284477,2.6785844096405502
-1.5823913965456577,0.3391328078689167,2.276862679144013,4.964883138031595,7.291208923529401,7.446968366765489,4.735333361314477,2.434826074284477,2.7107082503022175
-1.462927422038345,0.32765289601409775,1.768740557197555,4.969131510317287,7.291208923529401,7.446968366765489,4.735333361314477,2.434826074284477,2.7107082503022175
-1.6500699489288122,-0.1769890139813034,2.5480705210555388,4.969131510317287,7.2583912271852205,7.446968366765489,4.735333361314477,2.434826074284477,2.7107082503022175
-1.888543170600056,0.4068921078504482,3.449852065100265,4.969131510317287,7.2583912271852205,7.4129873745599575,4.735333361314477,2.434826074284477,2.7107082503022175
-1.9019783268788248,0.3894159932894973,3.6436299668996472,4.969131510317287,7.2583912271852205,7.4129873745599575,4.728502090659314,2.434826074284477,2.7107082503022175
-1.851822623186288,0.19950808501672598,3.228259519407843,4.969131510317287,7.2583912271852205,7.4129873745599575,4.728502090659314,2.4595881464898466,2.7107082503022175
-1.5885650354757568,0.3572315027131614,2.2384765744277937,4.969131510317287,7.2583912271852205,7.4129873745599575,4.728502090659314,2.4595881464898466,2.7430724010230483
-1.4666627258931118,-0.3389996006399764,1.728214951789085,4.959905877989801,7.2583912271852205,7.4129873745599575,4.728502090659314,2.4595881464898466,2.7430724010230483
-1.657671401398706,-0.18208921817618542,2.5151827743907544,4.959905877989801,7.2253842715482275,7.4129873745599575,4.728502090659314,2.4595881464898466,2.7430724010230483
-1.900722065641371,-0.4063496265988243,3.422035462081386,4.959905877989801,7.2253842715482275,7.389536232711336,4.728502090659314,2.4595881464898466,2.7430724010230483
-1.9151200258008236,-0.41108018857693984,3.617090922757097,4.959905877989801,7.2253842715482275,7.389536232711336,4.737728128167683,2.4595881464898466,2.7430724010230483
-1.862871198867064,0.19384821334789834,3.1966768005098163,4.959905877989801,7.2253842715482275,7.389536232711336,4.737728128167683,2.484531425446353,2.7430724010230483
-1.594546308929247,0.34113204686552623,2.1999566657389327,4.959905877989801,7.2253842715482275,7.389536232711336,4.737728128167683,2.484531425446353,2.7754495764254457
-1.4701250354825237,-0.31436095488712584,1.6876191153682374,4.951210519287754,7.2253842715482275,7.389536232711336,4.737728128167683,2.484531425446353,2.7754495764254457
-1.6651070266729717,-0.18865198478219486,2.482211997094886,4.951210519287754,7.192184793819424,7.389536232711336,4.737728128167683,2.484531425446353,2.7754495764254457
-1.9126703665561624,-0.3917503080706144,3.393988541150161,4.951210519287754,7.192184793819424,7.365700206831804,4.737728128167683,2.484531425446353,2.7754495764254457
-1.9281379589461725,0.4104367517666983,3.590293029347443,4.951210519287754,7.192184793819424,7.365700206831804,4.73041008968919,2.484531425446353,2.7754495764254457
-1.8737612555833878,0.2023464806731585,3.164870182842033,4.951210519287754,7.192184793819424,7.365700206831804,4.73041008968919,2.5094605246327535,2.7754495764254457
-1.6003340054538007,0.3442543735206177,2.161306305026641,4.951210519287754,7.192184793819424,7.365700206831804,4.73041008968919,2.5094605246327535,2.8079620462091315
-1.4734139161007607,0.3315460436553024,1.6469568051706678,4.955422583336567,7.192184793819424,7.365700206831804,4.73041008968919,2.5094605246327535,2.8079620462091315
-1.6723772922017583,-0.17963023981999282,2.449161440092516,4.955422583336567,7.158873178032857,7.365700206831804,4.73041008968919,2.5094605246327535,2.8079620462091315
-1.9245095263271064,0.4157552382891676,3.365715725041598,4.955422583336567,7.158873178032857,7.3311247518397,4.73041008968919,2.5094605246327535,2.8079620462091315
-1.9409947846825257,0.397953509116467,3.563221855191215,4.955422583336567,7.158873178032857,7.3311247518397,4.723399476898959,2.5094605246327535,2.8079620462091315
-1.8844905100842844,0.2033551156392974,3.132842846527258,4.955422583336567,7.158873178032857,7.3311247518397,4.723399476898959,2.534473997154547,2.8079620462091315
-1.605927109954301,0.36279722864155745,2.122530519831949,4.955422583336567,7.158873178032857,7.3311247518397,4.723399476898959,2.534473997154547,2.840705365293916
-1.4765438992609874,-0.3434325608507226,1.6062681229970501,4.945980981634349,7.158873178032857,7.3311247518397,4.723399476898959,2.534473997154547,2.840705365293916
-1.6794823054027699,-0.18511688016087915,2.416035362367529,4.945980981634349,7.125381102422124,7.3311247518397,4.723399476898959,2.534473997154547,2.840705365293916
-1.936266102281139,-0.41439496884844523,3.337253089461948,4.945980981634349,7.125381102422124,7.307358203743232,4.723399476898959,2.534473997154547,2.840705365293916
-1.953730317329727,-0.4201129412262691,3.5358801759539955,4.945980981634349,7.125381102422124,7.307358203743232,4.732800435900096,2.534473997154547,2.840705365293916
-1.895058950817991,0.19756509592741395,3.100597987823632,4.945980981634349,7.125381102422124,7.307358203743232,4.732800435900096,2.559660395997461,2.840705365293916
-1.6113260127639981,0.34603847696165024,2.083632731026368,4.945980981634349,7.125381102422124,7.307358203743232,4.732800435900096,2.559660395997461,2.8734477244083934
-1.4793918231081231,-0.3184012511584832,1.565521154727983,4.937081231780919,7.125381102422124,7.307358203743232,4.732800435900096,2.559660395997461,2.8734477244083934
-1.6864202686603216,-0.19164916516438535,2.3828375062898592,4.937081231780919,7.0917077450789385,7.307358203743232,4.732800435900096,2.559660395997461,2.8734477244083934
-1.9477855779032793,0.4061590849026654,3.3085677220370915,4.937081231780919,7.0917077450789385,7.272632386312126,4.732800435900096,2.559660395997461,2.8734477244083934
-1.9663387520329783,0.4364922991983627,3.5082884348003067,4.937081231780919,7.0917077450789385,7.272632386312126,4.724946712858872,2.559660395997461,2.8734477244083934
-1.905465624329769,0.20626934486326257,3.068139291455328,4.937081231780919,7.0917077450789385,7.272632386312126,4.724946712858872,2.5848182689414068,2.8734477244083934
-1.616529447913861,0.3491144569906689,2.0446162547390583,4.937081231780919,7.0917077450789385,7.272632386312126,4.724946712858872,2.5848182689414068,2.906313836379516
-1.4820692651501457,0.33510489899619295,1.5247196302383652,4.941239592891351,7.0917077450789385,7.272632386312126,4.724946712858872,2.5848182689414068,2.906313836379516
-1.6931918054167758,-0.1763118473681078,2.3495711448307555,4.941239592891351,7.057959870784717,7.272632386312126,4.724946712858872,2.5848182689414068,2.906313836379516
-1.9592533788458795,-0.41806878403229336,3.279696715740746,4.941239592891351,7.057959870784717,7.248694275592655,4.724946712858872,2.5848182689414068,2.906313836379516
-1.978781109258759,-0.42729563911400137,3.480431601894594,4.941239592891351,7.057959870784717,7.248694275592655,4.734428721151362,2.5848182689414068,2.906313836379516
-1.915708251597326,0.19969930498836666,3.0354700129512384,4.941239592891351,7.057959870784717,7.248694275592655,4.734428721151362,2.610152935853151,2.906313836379516
-1.6215364920778865,0.3680410279029663,2.0054862926526944,4.941239592891351,7.057959870784717,7.248694275592655,4.734428721151362,2.610152935853151,2.939400726347516
-0.593837051714423,-0.34751729467008624,1.4839081233571172,4.933221901062008,7.057959870784717,7.248694275592655,4.734428721151362,2.610152935853151,2.939400726347516
-1.6997972319166108,-0.1941023023292384,2.3162410585451503,4.933221901062008,7.023985157903063,7.248694275592655,4.734428721151362,2.610152935853151,2.939400726347516
-1.9704834576217356,-0.40436846337059906,3.250608877050494,4.933221901062008,7.023985157903063,7.224388109803099,4.734428721151362,2.610152935853151,2.939400726347516
-1.991109130703043,0.4248838250416501,3.4523295018623537,4.933221901062008,7.023985157903063,7.224388109803099,4.726737238213492,2.610152935853151,2.939400726347516
-1.9257874137125295,0.20885345912198175,3.002593747570739,4.933221901062008,7.023985157903063,7.224388109803099,4.726737238213492,2.6354450290267715,2.939400726347516
-1.6263476805489916,0.3508991666696967,1.9662462925419681,4.933221901062008,7.023985157903063,7.224388109803099,4.726737238213492,2.6354450290267715,2.972474417583105
-0.594765095360651,-0.32224900558451813,1.4608653519158574,4.925725429174439,7.023985157903063,7.224388109803099,4.726737238213492,2.6354450290267715,2.972474417583105
-1.7062338121358052,-0.19418794214272228,2.282850351924084,4.925725429174439,6.989870479893701,7.224388109803099,4.726737238213492,2.6354450290267715,2.972474417583105
-1.9815994232151026,0.4297909500195431,3.2213081072840826,4.925725429174439,6.989870479893701,7.188908314641066,4.726737238213492,2.6354450290267715,2.972474417583105
-2.0032676698772414,0.41173953193970814,3.4239670591341738,4.925725429174439,6.989870479893701,7.188908314641066,4.719371378667117,2.6354450290267715,2.972474417583105
-1.9357004012410841,0.20947058994711149,2.9695137971757846,4.925725429174439,6.989870479893701,7.188908314641066,4.719371378667117,2.660808705215888,2.972474417583105
-1.6309616885012623,0.3538368743404061,1.9268995191256828,4.925725429174439,6.989870479893701,7.188908314641066,4.719371378667117,2.660808705215888,3.0056596015201555
-0.5956621597326022,-0.3243283435122336,1.43780607734205,4.918201985677087,6.989870479893701,7.188908314641066,4.719371378667117,2.660808705215888,3.0056596015201555
-1.712504093751286,-0.18924470727080436,2.2494024067644296,4.918201985677087,6.955641614866932,7.188908314641066,4.719371378667117,2.660808705215888,3.0056596015201555
-1.9926316642972248,-0.42726007594084187,3.1918323093780123,4.918201985677087,6.955641614866932,7.164708665462177,4.719371378667117,2.660808705215888,3.0056596015201555
-2.015300331868856,-0.43471238948538127,3.3953472498080113,4.918201985677087,6.955641614866932,7.164708665462177,4.728990359501593,2.660808705215888,3.0056596015201555
-1.9454474610580057,0.20323289673728953,2.9362334735362743,4.918201985677087,6.955641614866932,7.164708665462177,4.728990359501593,2.686334200338741,3.0056596015201555
-1.6353776872189179,0.3551293382271142,1.8874513454782804,4.918201985677087,6.955641614866932,7.164708665462177,4.728990359501593,2.686334200338741,3.0389420128442968
-0.5965133458851912,0.3397707793238393,1.414733224913094,4.923924397288801,6.955641614866932,7.164708665462177,4.728990359501593,2.686334200338741,3.0389420128442968
-1.718606664080025,-0.18579012020426297,2.2159015029642766,4.923924397288801,6.921294444438419,7.164708665462177,4.728990359501593,2.686334200338741,3.0389420128442968
-2.0034162085266836,0.4200751640192576,3.1621467661178007,4.923924397288801,6.921294444438419,7.129109727463694,4.728990359501593,2.686334200338741,3.0389420128442968
-2.0272006033543533,0.45118450614432526,3.3664926311908268,4.923924397288801,6.921294444438419,7.129109727463694,4.720752127419448,2.686334200338741,3.0389420128442968
-1.9550276866534668,0.21230571957180303,2.9027566324843845,4.923924397288801,6.921294444438419,7.129109727463694,4.720752127419448,2.7118061838836005,3.0389420128442968
-1.6395956850652837,0.37421078468183666,1.8479057519961832,4.923924397288801,6.921294444438419,7.129109727463694,4.720752127419448,2.7118061838836005,3.072429193201749
-0.5973403978954498,-0.3525831909804344,1.391691106515223,4.915761040795249,6.921294444438419,7.129109727463694,4.720752127419448,2.7118061838836005,3.072429193201749
-1.7245408642943372,-0.19168682186782326,2.1823520386501785,4.915761040795249,6.886791221727473,7.129109727463694,4.720752127419448,2.7118061838836005,3.072429193201749
-2.014149683693646,-0.43098907965117383,3.1322904724034655,4.915761040795249,6.886791221727473,7.104770635589409,4.720752127419448,2.7118061838836005,3.072429193201749
-2.038925786029423,-0.44171367045107607,3.3373863146831786,4.915761040795249,6.886791221727473,7.104770635589409,4.7304384886567785,2.7118061838836005,3.072429193201749
-1.964438787730016,0.2057635259657965,2.8690866562144763,4.915761040795249,6.886791221727473,7.104770635589409,4.7304384886567785,2.737437201834985,3.072429193201749
-1.6436158503649585,0.35674948733066686,1.808266344157772,4.915761040795249,6.886791221727473,7.104770635589409,4.7304384886567785,2.737437201834985,3.105888042186341
-0.598082065491252,-0.3267389389178793,1.3686363969471904,4.908131532310918,6.886791221727473,7.104770635589409,4.7304384886567785,2.737437201834985,3.105888042186341
-1.730306303846318,-0.1979900108687394,2.148757683549677,4.908131532310918,6.852134680037743,7.104770635589409,4.7304384886567785,2.737437201834985,3.105888042186341
-2.024635044914736,-0.41625101591531916,3.1022305740128893,4.908131532310918,6.852134680037743,7.080053933451395,4.7304384886567785,2.737437201834985,3.105888042186341
-2.050533152515764,0.4386944740840305,3.3080501548659544,4.908131532310918,6.852134680037743,7.080053933451395,4.722369542483311,2.737437201834985,3.105888042186341
-1.9736815496568372,0.2144275419394447,2.835227253165013,4.908131532310918,6.852134680037743,7.080053933451395,4.722369542483311,2.7630122063942597,3.105888042186341
-1.6474368221544535,0.3596818464978726,1.7685363247652846,4.908131532310918,6.852134680037743,7.080053933451395,4.722369542483311,2.7630122063942597,3.1394430039836223
-0.5987945198656204,0.3427672801200549,1.3455685622201028,4.913850217898696,6.852134680037743,7.080053933451395,4.722369542483311,2.7630122063942597,3.1394430039836223
-1.7359034644078235,-0.18797829928032456,2.115121768982937,4.913850217898696,6.817397554222362,7.080053933451395,4.722369542483311,2.7630122063942597,3.1394430039836223
-2.0350030747435146,0.4438123532380334,3.0719711198366153,4.913850217898696,6.817397554222362,7.043734129201503,4.722369542483311,2.7630122063942597,3.1394430039836223
-2.061962087869072,0.42494771604894943,3.278467209603529,4.913850217898696,6.817397554222362,7.043734129201503,4.714643791046833,2.7630122063942597,3.1394430039836223
-1.9827533101364878,0.21528872721302847,2.8011818768927372,4.913850217898696,6.817397554222362,7.043734129201503,4.714643791046833,2.788636518855843,3.1394430039836223
-1.6510579153268718,0.3783584468541134,1.7287212988425464,4.913850217898696,6.817397554222362,7.043734129201503,4.714643791046833,2.788636518855843,3.1731873044757593
-0.5994851807154908,-0.35623564349714476,1.322538364160995,4.905550475833774,6.817397554222362,7.043734129201503,4.714643791046833,2.788636518855843,3.1731873044757593
-1.7413326205764945,-0.19412703827607866,2.0814488568846214,4.905550475833774,6.782515102937358,7.043734129201503,4.714643791046833,2.788636518855843,3.1731873044757593
-2.0452870054617756,-0.4395428680202207,3.0415520668368456,4.905550475833774,6.782515102937358,7.019164054969319,4.714643791046833,2.788636518855843,3.1731873044757593
-2.0732610231205646,-0.44872494281135156,3.248640613378352,4.905550475833774,6.782515102937358,7.019164054969319,4.724453402951858,2.788636518855843,3.1731873044757593
-1.9916543790110743,0.2091049550265033,2.766953949811148,4.905550475833774,6.782515102937358,7.019164054969319,4.724453402951858,2.8144040415129377,3.1731873044757593
-1.6544799789887767,0.36095275684383815,1.6888247968857175,4.905550475833774,6.782515102937358,7.019164054969319,4.724453402951858,2.8144040415129377,3.206893697474636
-0.6000869160031264,-0.3301030430071669,1.2994983244325247,4.897790775503053,6.782515102937358,7.019164054969319,4.724453402951858,2.8144040415129377,3.206893697474636
-1.7465919016435154,-0.20049376519935985,2.0477428639317585,4.897790775503053,6.747491085427532,7.019164054969319,4.724453402951858,2.8144040415129377,3.206893697474636
-2.0553124434327468,0.43281089766098396,3.010936665708032,4.897790775503053,6.747491085427532,6.98277260107694,4.724453402951858,2.8144040415129377,3.206893697474636
-2.0844227251327148,0.4652400953383206,3.2185952438841277,4.897790775503053,6.747491085427532,6.98277260107694,4.715826316395242,2.8144040415129377,3.206893697474636
-2.000383986778335,0.21793438929593184,2.7325474591755468,4.897790775503053,6.747491085427532,6.98277260107694,4.715826316395242,2.840100758981657,3.206893697474636
-1.657701537988649,0.36378502020085723,1.6488499965985768,4.897790775503053,6.747491085427532,6.98277260107694,4.715826316395242,2.840100758981657,3.2406839453126275
-0.6006610788617489,-0.33216495432946747,1.2764477875541265,4.8900059283706,6.747491085427532,6.98277260107694,4.715826316395242,2.840100758981657,3.2406839453126275
-1.7516824018989305,-0.19530878239165325,2.014007141845751,4.8900059283706,6.712375783858455,6.98277260107694,4.715826316395242,2.840100758981657,3.2406839453126275
-2.065288160643789,-0.4429165643239294,2.9801658905774127,4.8900059283706,6.712375783858455,6.958090349697526,4.715826316395242,2.840100758981657,3.2406839453126275
-2.0954004128351733,0.41236566413335196,3.188312129555059,4.8900059283706,6.712375783858455,6.958090349697526,4.708333450292792,2.840100758981657,3.2406839453126275
-2.008939895040675,0.21841240508789625,2.697965924371732,4.8900059283706,6.712375783858455,6.958090349697526,4.708333450292792,2.8658404605258663,3.2406839453126275
-1.6607220273817476,0.36495635414265215,1.6088026761962648,4.8900059283706,6.712375783858455,6.958090349697526,4.708333450292792,2.8658404605258663,3.2745439139159425
-0.6011894201492218,0.34687647056019594,1.2533900268246467,4.89575565820598,6.712375783858455,6.958090349697526,4.708333450292792,2.8658404605258663,3.2745439139159425
-1.756604314734596,-0.19129554429855114,1.9802459302679174,4.89575565820598,6.677167203779687,6.958090349697526,4.708333450292792,2.8658404605258663,3.2745439139159425
-2.0750054591654292,0.4543663101516287,2.9492052024412883,4.89575565820598,6.677167203779687,6.921202513003603,4.708333450292792,2.8658404605258663,3.2745439139159425
-2.1062435729254276,0.4365480013882377,3.157792138879212,4.89575565820598,6.677167203779687,6.921202513003603,4.700420556893925,2.8658404605258663,3.2745439139159425
-2.0173225283224876,0.21967917038209805,2.663212843118608,4.89575565820598,6.677167203779687,6.921202513003603,4.700420556893925,2.8916080477810673,3.2745439139159425
-1.6635416185309246,0.38338709436873414,1.5686869211199483,4.89575565820598,6.677167203779687,6.921202513003603,4.700420556893925,2.8916080477810673,3.308574304218518
-0.6016985391930253,-0.36074851264563634,1.230379139947814,4.887311087800065,6.677167203779687,6.921202513003603,4.700420556893925,2.8916080477810673,3.308574304218518
-1.7613565780954958,-0.19736143125823574,1.9464638565285621,4.887311087800065,6.641829969103207,6.921202513003603,4.700420556893925,2.8916080477810673,3.308574304218518
-2.084674377770648,-0.44883913962241934,2.918097083892014,4.887311087800065,6.641829969103207,6.896459770396266,4.700420556893925,2.8916080477810673,3.308574304218518
-2.116935615733888,-0.45955447579866565,3.1270414387540444,4.887311087800065,6.641829969103207,6.896459770396266,4.710496462455572,2.8916080477810673,3.308574304218518
-2.0255305976213402,0.2133394647742143,2.6282919364700974,4.887311087800065,6.641829969103207,6.896459770396266,4.710496462455572,2.917506193409061,3.308574304218518
-1.6661712182763073,0.366124084551422,1.5285064474312944,4.887311087800065,6.641829969103207,6.896459770396266,4.710496462455572,2.917506193409061,3.342554567559993
-0.6021135671729086,-0.3342403376556378,1.2073618892733455,4.8794151346531285,6.641829969103207,6.896459770396266,4.710496462455572,2.917506193409061,3.342554567559993
-1.765938885170368,-0.20364612064817153,1.912664706829867,4.8794151346531285,6.606368049150156,6.896459770396266,4.710496462455572,2.917506193409061,3.342554567559993
-2.0940768273584562,0.44282184623143,2.8868035571604094,4.8794151346531285,6.606368049150156,6.859533389527722,4.710496462455572,2.917506193409061,3.342554567559993
-2.127485908066359,0.4760107437096018,3.0960853626608684,4.8794151346531285,6.606368049150156,6.859533389527722,4.701689210759112,2.917506193409061,3.342554567559993
-2.0335638591027987,0.22218844833913298,2.5932073064082632,4.8794151346531285,6.606368049150156,6.859533389527722,4.701689210759112,2.9433160834085377,3.342554567559993
-0.667455120575052,0.36884908883967704,1.4882641563529777,4.8794151346531285,6.606368049150156,6.859533389527722,4.701689210759112,2.9433160834085377,3.3575018296758485
-0.6025033886266496,-0.3362145182553779,1.1843374729850717,4.871496760912293,6.606368049150156,6.859533389527722,4.701689210759112,2.9433160834085377,3.3575018296758485
-1.770351989495911,-0.19843272816428864,1.8788518635750233,4.871496760912293,6.57082793067401,6.859533389527722,4.701689210759112,2.9433160834085377,3.3575018296758485
-2.103430993179503,-0.45199489724822367,2.855367122728179,4.871496760912293,6.57082793067401,6.834702079953515,4.701689210759112,2.9433160834085377,3.3575018296758485
-2.137844528114239,-0.46613295345756905,3.0649029631523366,4.871496760912293,6.57082793067401,6.834702079953515,4.711804303325386,2.9433160834085377,3.3575018296758485
-2.0414200627364765,0.21508330715946133,2.557962575773851,4.871496760912293,6.57082793067401,6.834702079953515,4.711804303325386,2.969259792365658,3.3575018296758485
-0.6684010034175624,0.36978514248681954,1.4679889303683094,4.871496760912293,6.57082793067401,6.834702079953515,4.711804303325386,2.969259792365658,3.3724677119832704
-0.6028474630357386,0.3505746123198606,1.1613093853163718,4.877262408471669,6.57082793067401,6.834702079953515,4.711804303325386,2.969259792365658,3.3724677119832704
-1.774596171228056,-0.3882770689768917,1.8450296542905293,4.877262408471669,6.5345219739117475,6.834702079953515,4.711804303325386,2.969259792365658,3.3724677119832704
-2.1125187517023103,-0.44181317852521257,2.823751911970141,4.877262408471669,6.5345219739117475,6.8095600532547795,4.711804303325386,2.969259792365658,3.3724677119832704
-2.148081211757082,0.4618033289573398,3.0335205247214203,4.877262408471669,6.5345219739117475,6.8095600532547795,4.703179651951988,2.969259792365658,3.3724677119832704
-2.0491003134569534,0.22414311920419783,2.522561703554253,4.877262408471669,6.5345219739117475,6.8095600532547795,4.703179651951988,2.995103376957956,3.3724677119832704
-0.669306419700212,0.3883170732051367,1.4476874206890638,4.877262408471669,6.5345219739117475,6.8095600532547795,4.703179651951988,2.995103376957956,3.3875557981083464
-0.6031757578707952,-0.3673740884942941,1.1383384806765684,4.868624036849177,6.5345219739117475,6.8095600532547795,4.703179651951988,2.995103376957956,3.3875557981083464
-1.7786687976092337,-0.404880435597887,1.8111898560632795,4.868624036849177,6.498080999418313,6.8095600532547795,4.703179651951988,2.995103376957956,3.3875557981083464
-2.12148422815739,0.46057686055065766,2.7919623355541665,4.868624036849177,6.498080999418313,6.772055269468245,4.703179651951988,2.995103376957956,3.3875557981083464
-2.158122916031445,0.4470521341130695,3.0019169096654705,4.868624036849177,6.498080999418313,6.772055269468245,4.6949300000383385,2.995103376957956,3.3875557981083464
-2.0566018912108657,0.2251660707657839,2.487008369211228,4.868624036849177,6.498080999418313,6.772055269468245,4.6949300000383385,3.0209579598385163,3.3875557981083464
-0.6701704802944182,0.3708015126172123,1.4273599635932903,4.868624036849177,6.498080999418313,6.772055269468245,4.6949300000383385,3.0209579598385163,3.4025519956852284
-0.6034039922401403,-0.3405478433588058,1.115364783829798,4.8605421444826415,6.498080999418313,6.772055269468245,4.6949300000383385,3.0209579598385163,3.4025519956852284
-1.782584569546556,-0.3931422071210545,1.7773234921350516,4.8605421444826415,6.461607229994323,6.772055269468245,4.6949300000383385,3.0209579598385163,3.4025519956852284
-2.1303657096601336,-0.46577085488576303,2.7600409692156798,4.8605421444826415,6.461607229994323,6.747131888527021,4.6949300000383385,3.0209579598385163,3.4025519956852284
-2.1680288699660997,-0.4725119958365602,2.9700955621027347,4.8605421444826415,6.461607229994323,6.747131888527021,4.705145269488263,3.0209579598385163,3.4025519956852284
-2.0639254421415374,0.21809679058587922,2.4513061572998205,4.8605421444826415,6.461607229994323,6.747131888527021,4.705145269488263,3.046934254426242,3.4025519956852284
-0.6709950092957857,0.37321561351844174,1.4070061547912764,4.8605421444826415,6.461607229994323,6.747131888527021,4.705145269488263,3.046934254426242,3.4175728714905476
-0.6036097702360049,-0.3422518590597208,1.092386979751906,4.852444656223873,6.461607229994323,6.747131888527021,4.705145269488263,3.046934254426242,3.4175728714905476
-1.7863312396699613,-0.4070507711941089,1.7434331581813474,4.852444656223873,6.425015991968172,6.747131888527021,4.705145269488263,3.046934254426242,3.4175728714905476
-2.1389710655766647,-0.4483402274670606,2.7279488838832284,4.852444656223873,6.425015991968172,6.721799223097327,4.705145269488263,3.046934254426242,3.4175728714905476
-2.1777903841863413,0.4690094099028369,2.938086402964334,4.852444656223873,6.425015991968172,6.721799223097327,4.696336768800374,3.046934254426242,3.4175728714905476
-2.0710704376509494,0.2271719584729191,2.415459348251206,4.852444656223873,6.425015991968172,6.721799223097327,4.696336768800374,3.0727966422877153,3.4175728714905476
-0.6717786006325782,0.3742903022479096,1.3866287614069142,4.852444656223873,6.425015991968172,6.721799223097327,4.696336768800374,3.0727966422877153,3.432609676497511
-0.6037699228350463,-0.3431611225558982,1.0694088217790134,4.8443481766707865,6.425015991968172,6.721799223097327,4.696336768800374,3.0727966422877153,3.432609676497511
-1.7899078747093298,-0.4076855624781222,1.7095230933435484,4.8443481766707865,6.388356406532541,6.721799223097327,4.696336768800374,3.0727966422877153,3.432609676497511
-2.147454021360305,0.4676386813032252,2.6956906926906656,4.8443481766707865,6.388356406532541,6.6838823103292295,4.696336768800374,3.0727966422877153,3.432609676497511
-2.187350262197593,0.4540046432330062,2.905864995599042,4.8443481766707865,6.388356406532541,6.6838823103292295,4.687912740711508,3.0727966422877153,3.432609676497511
-2.0780345573449623,0.22784597636824608,2.379471702516021,4.8443481766707865,6.388356406532541,6.6838823103292295,4.687912740711508,3.09866232347292,3.432609676497511
-0.672521519068141,0.37532202714313784,1.3662285163264083,4.8443481766707865,6.388356406532541,6.6838823103292295,4.687912740711508,3.09866232347292,3.447661269806906
-0.6038840231195229,0.35233133042591863,1.0464309042741418,4.850106567138212,6.388356406532541,6.6838823103292295,4.687912740711508,3.09866232347292,3.447661269806906
-1.7933153086211064,-0.3748439444436824,1.6755958035188439,4.850106567138212,6.351743207535436,6.6838823103292295,4.687912740711508,3.09866232347292,3.447661269806906
-2.1558541840820555,-0.47157780618968576,2.6633108518575246,4.850106567138212,6.351743207535436,6.658779853339563,4.687912740711508,3.09866232347292,3.447661269806906
-2.1967728462122897,-0.4799396606806325,2.873434830743862,4.850106567138212,6.351743207535436,6.658779853339563,4.6982456652273035,3.09866232347292,3.447661269806906
-2.084818576046649,0.2210280387764399,2.343346879438998,4.850106567138212,6.351743207535436,6.658779853339563,4.6982456652273035,3.1246341244872164,3.447661269806906
-0.673223705423629,0.3943766382355842,1.3458062912805766,4.850106567138212,6.351743207535436,6.658779853339563,4.6982456652273035,3.1246341244872164,3.4628309532656454
-0.6039871788837932,-0.3718017809112598,1.0235233095264473,4.8413279683785975,6.351743207535436,6.658779853339563,4.6982456652273035,3.1246341244872164,3.4628309532656454
-1.7965523436780484,-0.4125790145675166,1.6416566443814673,4.8413279683785975,6.3149467524864935,6.658779853339563,4.6982456652273035,3.1246341244872164,3.4628309532656454
-2.1639713517875006,-0.45456008269369524,2.630768981715032,4.8413279683785975,6.3149467524864935,6.633274952640349,4.6982456652273035,3.1246341244872164,3.4628309532656454
-2.206048984954311,0.4760199937523036,2.8408277422056396,4.8413279683785975,6.3149467524864935,6.633274952640349,4.689252552639127,3.1246341244872164,3.4628309532656454
-2.0914219642853933,0.23037906228109525,2.307089247439029,4.8413279683785975,6.3149467524864935,6.633274952640349,4.689252552639127,3.1504740908623927,3.4628309532656454
-0.6738842342150595,0.37611937232085046,1.3253624075931953,4.8413279683785975,6.3149467524864935,6.633274952640349,4.689252552639127,3.1504740908623927,3.477903045827822
-0.6039820389366858,-0.34495984385053063,1.0006173870710673,4.833108027574304,6.3149467524864935,6.633274952640349,4.689252552639127,3.1504740908623927,3.477903045827822
-1.7996184385657676,-0.4112977741098996,1.6077107584075214,4.833108027574304,6.278099058368574,6.633274952640349,4.689252552639127,3.1504740908623927,3.477903045827822
-2.1719651679165604,0.47442693570385175,2.5980698617016453,4.833108027574304,6.278099058368574,6.5949715693442466,4.689252552639127,3.1504740908623927,3.477903045827822
-2.2151178362957062,-0.46447673881614066,2.808017427425745,4.833108027574304,6.278099058368574,6.5949715693442466,4.699156679025674,3.1504740908623927,3.477903045827822
-2.097842438646535,0.223030798453439,2.2707026187384423,4.833108027574304,6.278099058368574,6.5949715693442466,4.699156679025674,3.1764197763721005,3.477903045827822
-0.6745051022603727,0.3784956566536088,1.3048962696264652,4.833108027574304,6.278099058368574,6.5949715693442466,4.699156679025674,3.1764197763721005,3.4929949223113077
0.5993173223847096,-0.3467000243360295,0.9777112332396064,4.827550412237166,6.278099058368574,6.5949715693442466,4.699156679025674,3.1764197763721005,3.4929949223113077
-1.8025163566499534,-0.4009638187596162,1.5737584394465258,4.827550412237166,6.241232388980085,6.5949715693442466,4.699156679025674,3.1764197763721005,3.4929949223113077
-2.1798775786610394,-0.4957259823882127,2.565259427358035,4.827550412237166,6.241232388980085,6.569963984811786,4.699156679025674,3.1764197763721005,3.4929949223113077
-2.224063015607924,0.4789230147777484,2.7750348872051798,4.827550412237166,6.241232388980085,6.569963984811786,4.689982412023805,3.1764197763721005,3.4929949223113077
-2.1040815319468553,0.23190570259951246,2.2341911404620554,4.827550412237166,6.241232388980085,6.569963984811786,4.689982412023805,3.2022309331572343,3.4929949223113077
-0.6750848063899679,0.3797052356112941,1.2844109260582692,4.827550412237166,6.241232388980085,6.569963984811786,4.689982412023805,3.2022309331572343,3.5080990150525433
0.5993384038643539,-0.347205874272858,0.9788743950309313,4.821960059354036,6.241232388980085,6.569963984811786,4.689982412023805,3.2022309331572343,3.5080990150525433
-1.8052439975460157,-0.41451081091151104,1.5398041388251744,4.821960059354036,6.204274938519752,6.569963984811786,4.689982412023805,3.2022309331572343,3.5080990150525433
-2.187499761739987,-0.4417704234532383,2.532296367055245,4.821960059354036,6.204274938519752,6.544044389206687,4.689982412023805,3.2022309331572343,3.5080990150525433
-2.2328018384743253,-0.4892764028040503,2.7418566579642643,4.821960059354036,6.204274938519752,6.544044389206687,4.700262829475287,3.2022309331572343,3.5080990150525433
-2.1101364654287855,0.2247119760054334,2.19755871280016,4.821960059354036,6.204274938519752,6.544044389206687,4.700262829475287,3.228137170962463,3.5080990150525433
-0.6756236259645184,0.3806266468094279,1.2639071116589131,4.821960059354036,6.204274938519752,6.544044389206687,4.700262829475287,3.228137170962463,3.523212783163951
0.5993572339496794,-0.34807028031760606,0.9800411306487543,4.816329828374044,6.204274938519752,6.544044389206687,4.700262829475287,3.228137170962463,3.523212783163951
-1.8078014339776125,-0.41448118493326835,1.505852180812252,4.816329828374044,6.167273066812854,6.544044389206687,4.700262829475287,3.228137170962463,3.523212783163951
-2.1949977452990614,-0.4638012050403476,2.499183077194966,4.816329828374044,6.167273066812854,6.518268054287666,4.700262829475287,3.228137170962463,3.523212783163951
-2.241416546533192,0.4849331574497595,2.708515656750093,4.816329828374044,6.167273066812854,6.518268054287666,4.690832006087744,3.228137170962463,3.523212783163951
-2.1160088160981805,0.2337173717656335,2.160809543563227,4.816329828374044,6.167273066812854,6.518268054287666,4.690832006087744,3.2538971708105815,3.523212783163951
-0.6761215255419536,0.3817244518459588,1.2433857011979754,4.816329828374044,6.167273066812854,6.518268054287666,4.690832006087744,3.2538971708105815,3.538336306943458
0.5993737875795864,0.3570101312086435,0.9812114042968532,4.824699144046139,6.167273066812854,6.518268054287666,4.690832006087744,3.2538971708105815,3.538336306943458
-0.7240758138870778,-0.3948834681293346,1.471905020179764,4.824699144046139,6.1517601997588365,6.518268054287666,4.690832006087744,3.2538971708105815,3.538336306943458
-2.202330347349487,0.4840681418060582,2.4659265474187175,4.824699144046139,6.1517601997588365,6.479419449751963,4.690832006087744,3.2538971708105815,3.538336306943458
-2.2498179618478322,-0.47332897336750057,2.6749838423293615,4.824699144046139,6.1517601997588365,6.479419449751963,4.700661712696597,3.2538971708105815,3.538336306943458
-2.121695829244839,0.2266387898466961,2.1239475717009992,4.824699144046139,6.1517601997588365,6.479419449751963,4.700661712696597,3.2797420508193915,3.538336306943458
-0.6765784594106171,0.40000296451582573,1.222847601331154,4.824699144046139,6.1517601997588365,6.479419449751963,4.700661712696597,3.2797420508193915,3.553564718782622
0.599349560220803,-0.37713916728933045,0.9824610045028525,4.818628182740785,6.1517601997588365,6.479419449751963,4.700661712696597,3.2797420508193915,3.553564718782622
-0.7250063953692795,-0.40694716229270866,1.459689754523563,4.818628182740785,6.136207913565002,6.479419449751963,4.700661712696597,3.2797420508193915,3.553564718782622
-2.2095832610091124,-0.5039321104150378,2.4325730819473197,4.818628182740785,6.136207913565002,6.454155509052888,4.700661712696597,3.2797420508193915,3.553564718782622
-2.2580950419282555,0.4876081914562487,2.641294557559177,4.818628182740785,6.136207913565002,6.454155509052888,4.691042132436582,3.2797420508193915,3.553564718782622
-2.1271991764991793,0.23573860892096724,2.086977043679989,4.818628182740785,6.136207913565002,6.454155509052888,4.691042132436582,3.305429329283948,3.553564718782622
-0.6769934891330632,0.3825186059166495,1.2022931578050406,4.818628182740785,6.136207913565002,6.454155509052888,4.691042132436582,3.305429329283948,3.5686982154374696
0.5993912800082332,-0.34962500685577463,0.9837140337699165,4.813075499770998,6.136207913565002,6.454155509052888,4.691042132436582,3.305429329283948,3.5686982154374696
-0.7259123011331143,-0.4187438714667486,1.4475149041351174,4.813075499770998,6.120617907986995,6.454155509052888,4.691042132436582,3.305429329283948,3.5686982154374696
-2.2165354797031385,-0.44890795525724875,2.39907896257154,4.813075499770998,6.120617907986995,6.427964658971014,4.691042132436582,3.305429329283948,3.5686982154374696
-2.2661594922901727,-0.4983779380739256,2.6074222125002193,4.813075499770998,6.120617907986995,6.427964658971014,4.701241089048727,3.305429329283948,3.5686982154374696
-2.1325160900347973,0.22815560885155528,2.0499019409137063,4.813075499770998,6.120617907986995,6.427964658971014,4.701241089048727,3.3312001871763632,3.5686982154374696
-0.6773686809612167,0.3847825990288789,1.1817216342752095,4.813075499770998,6.120617907986995,6.427964658971014,4.701241089048727,3.3312001871763632,3.583845136223867
0.5994006533925534,-0.351594453692255,0.9849677963454743,4.807462661130019,6.120617907986995,6.427964658971014,4.701241089048727,3.3312001871763632,3.583845136223867
-0.726794274606982,-0.4188172372319724,1.435379158542229,4.807462661130019,6.105024800445246,6.427964658971014,4.701241089048727,3.3312001871763632,3.583845136223867
-2.22336299175797,-0.4712192413504458,2.3654465233563498,4.807462661130019,6.105024800445246,6.401923749243948,4.701241089048727,3.3312001871763632,3.583845136223867
-2.2740994233975056,0.49341844015640546,2.5734022685190583,4.807462661130019,6.105024800445246,6.401923749243948,4.691355790369525,3.3312001871763632,3.583845136223867
-2.1376483884672703,0.23713275383503127,2.012726587000867,4.807462661130019,6.105024800445246,6.401923749243948,4.691355790369525,3.3568048806096145,3.583845136223867
-0.6777025186520901,0.38573593344196966,1.1611362682244533,4.807462661130019,6.105024800445246,6.401923749243948,4.691355790369525,3.3568048806096145,3.598997334865291
0.5994071397177445,-0.3522735171443953,0.986225792563007,4.801814925193853,6.105024800445246,6.401923749243948,4.691355790369525,3.3568048806096145,3.598997334865291
-0.7276522586331137,-0.4202522223282067,1.4232817325982159,4.801814925193853,6.089425347296871,6.401923749243948,4.691355790369525,3.3568048806096145,3.598997334865291
-2.23002282689219,0.4912673991148887,2.331683225954934,4.801814925193853,6.089425347296871,6.362597431914933,4.691355790369525,3.3568048806096145,3.598997334865291
-2.2818194723551617,0.4774226348120453,2.5392041142292077,4.801814925193853,6.089425347296871,6.362597431914933,4.681894012171009,3.3568048806096145,3.598997334865291
-2.142593218921121,0.23764481525287004,1.9754550464712999,4.801814925193853,6.089425347296871,6.362597431914933,4.681894012171009,3.3823651061980553,3.598997334865291
-0.6779952998075464,0.38665540320698494,1.1405378204977703,4.801814925193853,6.089425347296871,6.362597431914933,4.681894012171009,3.3823651061980553,3.614153693146944
0.5994111834900249,-0.3530243947268025,0.9874877682718847,4.796130820922743,6.089425347296871,6.362597431914933,4.681894012171009,3.3823651061980553,3.614153693146944
-0.728486117898074,-0.40948343153540384,1.4112231145798468,4.796130820922743,6.073854285951439,6.362597431914933,4.681894012171009,3.3823651061980553,3.614153693146944
-2.236606176905643,-0.4943068774804459,2.2978376437541943,4.796130820922743,6.073854285951439,6.336864772901865,4.681894012171009,3.3823651061980553,3.614153693146944
-2.2893987728400926,-0.5051877988994363,2.5048315370267473,4.796130820922743,6.073854285951439,6.336864772901865,4.692183236342578,3.3823651061980553,3.614153693146944
-2.147351822923368,0.23064972452338167,1.9380912032097746,4.796130820922743,6.073854285951439,6.336864772901865,4.692183236342578,3.407986534753123,3.614153693146944
-0.6782469850837882,0.38746950944418374,1.11992722040085,4.796130820922743,6.073854285951439,6.336864772901865,4.692183236342578,3.407986534753123,3.6293127007103507
-0.60407154402953,-0.3536019376217029,0.988753661980119,4.787778647900531,6.073854285951439,6.336864772901865,4.692183236342578,3.407986534753123,3.6293127007103507
-0.729295824507231,-0.42346709104023883,1.3992042268702654,4.787778647900531,6.0582442116559845,6.336864772901865,4.692183236342578,3.407986534753123,3.6293127007103507
-2.2428784527718304,-0.4751551877178093,2.2638629599583378,4.787778647900531,6.0582442116559845,6.310702022708839,4.692183236342578,3.407986534753123,3.6293127007103507
-2.29682525912985,0.4995101387915354,2.4703239752051807,4.787778647900531,6.0582442116559845,6.310702022708839,4.682113117076817,3.407986534753123,3.6293127007103507
-2.151923904856771,0.23953036033263592,1.9006398009757457,4.787778647900531,6.0582442116559845,6.310702022708839,4.682113117076817,3.4334272379771087,3.6293127007103507
-0.6784575590605336,0.38827175643685036,1.0993054109545621,4.787778647900531,6.0582442116559845,6.310702022708839,4.682113117076817,3.4334272379771087,3.64447334994282
0.599461589789576,0.36222602628305833,0.9659537447545546,4.7962728214695565,6.0582442116559845,6.310702022708839,4.682113117076817,3.4334272379771087,3.64447334994282
-0.7300814921708487,-0.4032139518002836,1.3872262259962411,4.7962728214695565,6.042688193428938,6.310702022708839,4.682113117076817,3.4334272379771087,3.64447334994282
-2.2490260603257646,0.4975035566966359,2.2297642142226435,4.7962728214695565,6.042688193428938,6.271077047054402,4.682113117076817,3.4334272379771087,3.64447334994282
-2.3040252134016037,-0.4878458083298906,2.435647603419257,4.7962728214695565,6.042688193428938,6.271077047054402,4.691900014537114,3.4334272379771087,3.64447334994282
-2.156307192497312,0.23238047669288503,1.8631049791480976,4.7962728214695565,6.042688193428938,6.271077047054402,4.691900014537114,3.4589221090461657,3.64447334994282
-0.6786270021549075,0.40502447387123675,1.0786733558553554,4.7962728214695565,6.042688193428938,6.271077047054402,4.691900014537114,3.4589221090461657,3.6597201748760675
0.5994649828395208,-0.3833303215234769,0.9673092471881964,4.79010983439197,6.042688193428938,6.271077047054402,4.691900014537114,3.4589221090461657,3.6597201748760675
-0.7308433102141352,-0.41381957448003304,1.3752890100418353,4.79010983439197,6.027104993085952,6.271077047054402,4.691900014537114,3.4589221090461657,3.6597201748760675
-2.2551017454783824,-0.5177736083336424,2.1955944731808397,4.79010983439197,6.027104993085952,6.2455158258913235,4.691900014537114,3.4589221090461657,3.6597201748760675
-2.311101764832158,0.5016502180276665,2.400840870206311,4.79010983439197,6.027104993085952,6.2455158258913235,4.681628108093266,3.4589221090461657,3.6597201748760675
-2.1605037039569224,0.2413075496680732,1.8254911853958034,4.79010983439197,6.027104993085952,6.2455158258913235,4.681628108093266,3.484224536855119,3.6597201748760675
-0.6787543568914072,0.38909906181204845,1.0580314979621122,4.79010983439197,6.027104993085952,6.2455158258913235,4.681628108093266,3.484224536855119,3.6748782676406533
0.5995391198010078,-0.3553663862883985,0.9686692786965946,4.7844745416037515,6.027104993085952,6.2455158258913235,4.681628108093266,3.484224536855119,3.6748782676406533
-0.7315810166396706,-0.4265054544900778,1.3633950135191546,4.7844745416037515,6.011489970423608,6.2455158258913235,4.681628108093266,3.484224536855119,3.6748782676406533
-2.260857965303488,0.5020112939513535,2.1613055102124856,4.7844745416037515,6.011489970423608,6.2057649080409885,4.681628108093266,3.484224536855119,3.6748782676406533
-2.317953875672851,0.48704665428415406,2.365873527578445,4.7844745416037515,6.011489970423608,6.2057649080409885,4.671762101815115,3.484224536855119,3.6748782676406533
-2.164510600249963,0.24147107376015375,1.7878026133917404,4.7844745416037515,6.011489970423608,6.2057649080409885,4.671762101815115,3.5094624163792187,3.6748782676406533
-0.6788417286952547,0.3912149696810045,1.0373789959407633,4.7844745416037515,6.011489970423608,6.2057649080409885,4.671762101815115,3.5094624163792187,3.6900420841568717
0.599578538381721,-0.3573709894543441,0.9700310184637726,4.778779294151147,6.011489970423608,6.2057649080409885,4.671762101815115,3.5094624163792187,3.6900420841568717
-0.732295364400641,-0.4141345096454295,1.3515429172410176,4.778779294151147,5.995907622172233,6.2057649080409885,4.671762101815115,3.5094624163792187,3.6900420841568717
-2.266591086075831,-0.5035036065727372,2.12695014447226,4.778779294151147,5.995907622172233,6.180025551215295,4.671762101815115,3.5094624163792187,3.6900420841568717
-2.324662840894172,-0.5155946400164335,2.330747892254962,4.778779294151147,5.995907622172233,6.180025551215295,4.682058306290505,3.5094624163792187,3.6900420841568717
-2.168329359616184,0.2344870217246316,1.7500432754498538,4.778779294151147,5.995907622172233,6.180025551215295,4.682058306290505,3.5347371583892104,3.6900420841568717
-0.6788876180396476,0.39187309117826863,1.016719259069801,4.778779294151147,5.995907622172233,6.180025551215295,4.682058306290505,3.5347371583892104,3.705202989957039
0.5996148590997856,-0.3578700057262921,0.9713981231101627,4.773053608291099,5.995907622172233,6.180025551215295,4.682058306290505,3.5347371583892104,3.705202989957039
-0.732986160496008,-0.428572006664627,1.3397322852013738,4.773053608291099,5.9802915341857155,6.180025551215295,4.682058306290505,3.5347371583892104,3.705202989957039
-2.2720013576438687,-0.48368563996134234,2.0924807101125915,4.773053608291099,5.9802915341857155,6.1538427054641645,4.682058306290505,3.5347371583892104,3.705202989957039
-2.3312171981345466,0.5089726311879249,2.295507724850381,4.773053608291099,5.9802915341857155,6.1538427054641645,4.671566752977439,3.5347371583892104,3.705202989957039
-2.1719597486869553,0.2432234304012405,1.7122181296457177,4.773053608291099,5.9802915341857155,6.1538427054641645,4.671566752977439,3.5598049125293,3.705202989957039
0.6784085575770109,0.39279196126356725,0.996053093664078,4.773053608291099,5.9802915341857155,6.1538427054641645,4.671566752977439,3.5598049125293,3.6941576477397637
0.5996485158768529,-0.35876727520575896,0.9727703215836169,4.767289580777705,5.9802915341857155,6.1538427054641645,4.671566752977439,3.5598049125293,3.6941576477397637
-0.7336533375713169,-0.42883980639271185,1.3279644994356066,4.767289580777705,5.964677041422623,6.1538427054641645,4.671566752977439,3.5598049125293,3.6941576477397637
-2.277287301894776,0.5056926881961594,2.0579024099291012,4.767289580777705,5.964677041422623,6.113864548910992,4.671566752977439,3.5598049125293,3.6941576477397637
-2.3375354643272908,-0.497424922018404,2.260114720257713,4.767289580777705,5.964677041422623,6.113864548910992,4.681324717654461,3.5598049125293,3.6941576477397637
-2.175399495206654,0.23612640535573218,1.6743314817009842,4.767289580777705,5.964677041422623,6.113864548910992,4.681324717654461,3.584901050593854,3.6941576477397637
-0.6789208646321359,0.39336989640042297,1.0025274886903222,4.767289580777705,5.964677041422623,6.113864548910992,4.681324717654461,3.584901050593854,3.7093122196092
0.5996794797264338,-0.3594991394285401,0.9741475831786715,4.761490402394109,5.964677041422623,6.113864548910992,4.681324717654461,3.584901050593854,3.7093122196092
-0.7342973250122876,-0.4169865285723954,1.316238254917606,4.761490402394109,5.949093930076471,6.113864548910992,4.681324717654461,3.584901050593854,3.7093122196092
-2.282507405471758,-0.5266751077092259,2.023271547832856,4.761490402394109,5.949093930076471,6.088331646026571,4.681324717654461,3.584901050593854,3.7093122196092
-2.3437325445356487,0.5107547641332068,2.224611730960893,4.761490402394109,5.949093930076471,6.088331646026571,4.670618946809375,3.584901050593854,3.7093122196092
-2.1786508994146065,0.2446116676095432,1.636387944023957,4.761490402394109,5.949093930076471,6.088331646026571,4.670618946809375,3.6097819544617327,3.7093122196092
0.6784296513542565,0.3942735998502389,0.9818496613903734,4.761490402394109,5.949093930076471,6.088331646026571,4.670618946809375,3.6097819544617327,3.69823349292208
0.5997077464440814,0.3676412909232868,0.9755298127740246,4.770124222108507,5.949093930076471,6.088331646026571,4.670618946809375,3.6097819544617327,3.69823349292208
-0.7349177717208728,-0.41273230749174383,1.3045546072804755,4.770124222108507,5.933524945145079,6.088331646026571,4.670618946809375,3.6097819544617327,3.69823349292208
-2.287394624260722,-0.46835900297648203,1.9885368797871725,4.770124222108507,5.933524945145079,6.061811455852537,4.670618946809375,3.6097819544617327,3.69823349292208
-2.3496962158294825,-0.5231289679828983,2.1889644058084827,4.770124222108507,5.933524945145079,6.061811455852537,4.680716613707729,3.6097819544617327,3.69823349292208
-2.1817110836867486,0.23738316109318588,1.5983919056917788,4.770124222108507,5.933524945145079,6.061811455852537,4.680716613707729,3.634682532967619,3.69823349292208
0.6784402493857584,0.4094222520670856,0.9883133716120137,4.770124222108507,5.933524945145079,6.061811455852537,4.680716613707729,3.634682532967619,3.687212050301637
0.5996899681315209,-0.38944395128570114,0.9770016247132307,4.7638792617418435,5.933524945145079,6.061811455852537,4.680716613707729,3.634682532967619,3.687212050301637
-0.7355146315819329,-0.43297086800140394,1.2929158295791876,4.7638792617418435,5.917914227743706,6.061811455852537,4.680716613707729,3.634682532967619,3.687212050301637
-2.2921571503385865,-0.4917638619136665,1.953699731161363,4.7638792617418435,5.917914227743706,6.035460038899791,4.680716613707729,3.634682532967619,3.687212050301637
-2.3555394102145306,0.5159260004124577,2.153218458887619,4.7638792617418435,5.917914227743706,6.035460038899791,4.6697103836190035,3.634682532967619,3.687212050301637
-2.184582463881526,0.24624022924155423,1.5603480765749824,4.7638792617418435,5.917914227743706,6.035460038899791,4.6697103836190035,3.6593495659486006,3.687212050301637
0.6784387934038595,0.3946336418464473,0.9947710282424213,4.7638792617418435,5.917914227743706,6.035460038899791,4.6697103836190035,3.6593495659486006,3.6760984749839594
0.5997460664506504,-0.3611450824546887,0.9784783466094297,4.7581697391711595,5.917914227743706,6.035460038899791,4.6697103836190035,3.6593495659486006,3.6760984749839594
-0.7360884671160997,-0.43278356975819743,1.2813220039568585,4.7581697391711595,5.9023083604710225,6.035460038899791,4.6697103836190035,3.6593495659486006,3.6760984749839594
-2.2967471525955223,0.5122630590551314,1.9187693862111572,4.7581697391711595,5.9023083604710225,5.995109095231677,4.6697103836190035,3.6593495659486006,3.6760984749839594
-2.3611405376770493,-0.5045744579340287,2.1173327375864472,4.7581697391711595,5.9023083604710225,5.995109095231677,4.679245718934569,3.6593495659486006,3.6760984749839594
-2.1872620693591465,0.23893717886429985,1.5222609030018066,4.7581697391711595,5.9023083604710225,5.995109095231677,4.679245718934569,3.6840263583891693,3.6760984749839594
-0.6790273795325705,0.3963900312843101,1.0012202716977918,4.7581697391711595,5.9023083604710225,5.995109095231677,4.679245718934569,3.6840263583891693,3.691241925799537
0.5997657513619847,-0.36299809081599377,0.9799571551044213,4.752404632368258,5.9023083604710225,5.995109095231677,4.679245718934569,3.6840263583891693,3.691241925799537
-0.7366395752391659,-0.42027551564807264,1.2697709849437848,4.752404632368258,5.886735231067892,5.995109095231677,4.679245718934569,3.6840263583891693,3.691241925799537
-2.3012761301906393,-0.5333656600971154,1.8838023056050395,4.752404632368258,5.886735231067892,5.969421384545388,4.679245718934569,3.6840263583891693,3.691241925799537
-2.366622267745055,0.5174604591092699,2.0813536777376873,4.752404632368258,5.886735231067892,5.969421384545388,4.668013779467044,3.6840263583891693,3.691241925799537
-0.8759010177551421,0.24727774593011514,1.4841351583726021,4.752404632368258,5.886735231067892,5.969421384545388,4.668013779467044,3.6915323842120222,3.691241925799537
0.6784601112099403,0.39716133600534753,0.980514011040939,4.752404632368258,5.886735231067892,5.969421384545388,4.668013779467044,3.6915323842120222,3.680101627441719
0.5997821234090067,-0.3634491938694684,0.9814417507351633,4.746611444195867,5.886735231067892,5.969421384545388,4.668013779467044,3.6915323842120222,3.680101627441719
-0.7371674644224022,-0.4359950018908541,1.2582638910090351,4.746611444195867,5.871134465855076,5.969421384545388,4.668013779467044,3.6915323842120222,3.680101627441719
-2.3054587184844317,-0.4748341723456339,1.8487438714740607,4.746611444195867,5.871134465855076,5.942738796757067,4.668013779467044,3.6915323842120222,3.680101627441719
-2.3718641911212948,-0.5303803189563898,2.045243542353388,4.746611444195867,5.871134465855076,5.942738796757067,4.677874479486059,3.6915323842120222,3.680101627441719
-0.8768727715142446,0.24000270161397264,1.4722522508179554,4.746611444195867,5.871134465855076,5.942738796757067,4.677874479486059,3.6990987528895016,3.680101627441719
0.6784732430311844,0.39777220997584994,0.9869512846283107,4.746611444195867,5.871134465855076,5.942738796757067,4.677874479486059,3.6990987528895016,3.668944955002461
0.5997955898736803,-0.36440376346645015,0.9829318864458594,4.740780211536828,5.871134465855076,5.942738796757067,4.677874479486059,3.6990987528895016,3.668944955002461
-0.7376724031102997,-0.43560517407941757,1.2468021617984786,4.740780211536828,5.855540541939884,5.942738796757067,4.677874479486059,3.6990987528895016,3.668944955002461
-2.30951802351882,-0.49766824477941224,1.8135950431673376,4.740780211536828,5.855540541939884,5.916214719469128,4.677874479486059,3.6990987528895016,3.668944955002461
-2.376987787689224,0.522696865602555,2.0090519901004904,4.740780211536828,5.855540541939884,5.916214719469128,4.666322652092429,3.6990987528895016,3.668944955002461
-0.8778212879652696,0.2486185324933482,1.4603658036036036,4.740780211536828,5.855540541939884,5.916214719469128,4.666322652092429,3.706478959860563,3.668944955002461
0.6784734855588336,0.39859958922161304,0.9933823081878745,4.740780211536828,5.855540541939884,5.916214719469128,4.666322652092429,3.706478959860563,3.657773536940393
0.5998061240463336,-0.36508290905958235,0.9844275434992314,4.7349163091077395,5.855540541939884,5.916214719469128,4.666322652092429,3.706478959860563,3.657773536940393
-0.7381547841747765,-0.43696360777663007,1.2353841564749901,4.7349163091077395,5.839950425635235,5.916214719469128,4.666322652092429,3.706478959860563,3.657773536940393
-2.3134036699394196,0.518276714095586,1.778365716848558,4.7349163091077395,5.839950425635235,5.875529595846993,4.666322652092429,3.706478959860563,3.657773536940393
-2.381862367671319,-0.5108739767149063,1.9727337630242232,4.7349163091077395,5.839950425635235,5.875529595846993,4.675584254638114,3.706478959860563,3.657773536940393
-0.8787454138496766,0.2412746608161794,1.4484763506639209,4.7349163091077395,5.839950425635235,5.875529595846993,4.675584254638114,3.713919628176693,3.657773536940393
-0.6791382671911183,0.399207191445461,0.9998065474333145,4.7349163091077395,5.839950425635235,5.875529595846993,4.675584254638114,3.713919628176693,3.6729035863518726
0.5998137212704442,-0.36585179915084487,0.9859286201421681,4.729017930099691,5.839950425635235,5.875529595846993,4.675584254638114,3.713919628176693,3.6729035863518726
-0.7386144176404397,-0.4235963466720858,1.224010343377825,4.729017930099691,5.824394560846722,5.875529595846993,4.675584254638114,3.713919628176693,3.6729035863518726
-2.317236590874378,-0.5395742218608708,1.74311622568177,4.729017930099691,5.824394560846722,5.849708973514328,4.675584254638114,3.713919628176693,3.6729035863518726
-2.386620000513846,0.5242235458725741,1.9363392616392023,4.729017930099691,5.824394560846722,5.849708973514328,4.663789292689393,3.713919628176693,3.6729035863518726
-0.8796463027648921,0.24988060760141448,1.4365846441446617,4.729017930099691,5.824394560846722,5.849708973514328,4.663789292689393,3.721171697221968,3.6729035863518726
0.6784954994068587,0.40017318029608395,0.9790714984685068,4.729017930099691,5.824394560846722,5.849708973514328,4.663789292689393,3.721171697221968,3.6617023209168638
0.599818368078333,0.3738896183983631,0.9874350574343829,4.7378007729683835,5.824394560846722,5.849708973514328,4.663789292689393,3.721171697221968,3.6617023209168638
-0.7390511879629569,-0.4220465549815605,1.2126816424343332,4.7378007729683835,5.808850401904841,5.849708973514328,4.663789292689393,3.721171697221968,3.6617023209168638
-2.320707929173287,-0.47977892081799334,1.7077878176273091,4.7378007729683835,5.808850401904841,5.822869631781315,4.663789292689393,3.721171697221968,3.6617023209168638
-2.3911314902018073,-0.5367248786703297,1.899827076547911,4.7378007729683835,5.808850401904841,5.822869631781315,4.673359757097087,3.721171697221968,3.6617023209168638
-0.8805227856957858,0.24214266862979378,1.4246912327186683,4.7378007729683835,5.808850401904841,5.822869631781315,4.673359757097087,3.7284893975211055,3.6617023209168638
0.6785113937413563,0.4153845216586298,0.9854821950516311,4.7378007729683835,5.808850401904841,5.822869631781315,4.673359757097087,3.7284893975211055,3.6505563787991155
-0.6044753480506079,-0.396319693752057,0.9890352523664883,4.728412862415597,5.808850401904841,5.822869631781315,4.673359757097087,3.7284893975211055,3.6505563787991155
-0.7394650952374793,-0.44097111426911334,1.2014004995458278,4.728412862415597,5.793279071963743,5.822869631781315,4.673359757097087,3.7284893975211055,3.6505563787991155
-2.324058131922979,-0.5032445272443993,1.6723809455801415,4.728412862415597,5.793279071963743,5.7961938169052685,4.673359757097087,3.7284893975211055,3.6505563787991155
-2.3955273703616555,0.5292496969813913,1.8632511235742215,4.728412862415597,5.793279071963743,5.7961938169052685,4.66122970502268,3.7284893975211055,3.6505563787991155
-0.8813760419194637,0.25140864881584074,1.4127968988031225,4.728412862415597,5.793279071963743,5.7961938169052685,4.66122970502268,3.735605535853995,3.6505563787991155
0.6785153318100385,0.4004231768758321,0.9918855210466184,4.728412862415597,5.793279071963743,5.7961938169052685,4.66122970502268,3.735605535853995,3.6393230048081913
0.5998586576577218,-0.36751838341130655,0.9665557532351677,4.722608817478527,5.793279071963743,5.7961938169052685,4.66122970502268,3.735605535853995,3.6393230048081913
-0.7398567998284624,-0.44065713230605713,1.190166711119448,4.722608817478527,5.777716895810365,5.7961938169052685,4.66122970502268,3.735605535853995,3.6393230048081913
-2.327233903381108,0.5238255951785168,1.6369063883022072,4.722608817478527,5.777716895810365,5.755211065300456,4.66122970502268,3.735605535853995,3.6393230048081913
-2.3996672535616272,-0.5165244405751322,1.8265616643140559,4.722608817478527,5.777716895810365,5.755211065300456,4.6701681401033195,3.735605535853995,3.6393230048081913
-0.882204843414232,0.24334759591322583,1.4009021744762657,4.722608817478527,5.777716895810365,5.755211065300456,4.6701681401033195,3.742791491539902,3.6393230048081913
-0.6792526888647399,0.4023794458445897,0.9982790262339074,4.722608817478527,5.777716895810365,5.755211065300456,4.6701681401033195,3.742791491539902,3.6544426331461595
0.5999021188385132,-0.36937564304557813,0.9681643977888937,4.716750209060913,5.777716895810365,5.755211065300456,4.6701681401033195,3.742791491539902,3.6544426331461595
-0.7402264697455584,-0.4264919080958874,1.1789780148107853,4.716750209060913,5.762189953420411,5.755211065300456,4.6701681401033195,3.742791491539902,3.6544426331461595
-2.33036715736421,-0.545288726196426,1.6014288787095075,4.716750209060913,5.762189953420411,5.72927863944979,4.6701681401033195,3.742791491539902,3.6544426331461595
-2.403693299592157,0.5305009510551947,1.7898134706215323,4.716750209060913,5.762189953420411,5.72927863944979,4.6577813459248185,3.742791491539902,3.6544426331461595
-0.883010451976468,0.2524406110694958,1.389007820169922,4.716750209060913,5.762189953420411,5.72927863944979,4.6577813459248185,3.7497759211199115,3.6544426331461595
0.678537635448802,0.4032771362598518,0.9775095378341904,4.716750209060913,5.762189953420411,5.72927863944979,4.6577813459248185,3.7497759211199115,3.6431870289768753
0.5999420162731908,-0.3697788937507708,0.9697800194339395,4.710865567536859,5.762189953420411,5.72927863944979,4.6577813459248185,3.7497759211199115,3.6431870289768753
-0.7405735872347228,-0.4438921972156522,1.1678355699500953,4.710865567536859,5.746642666270375,5.72927863944979,4.6577813459248185,3.7497759211199115,3.6431870289768753
-2.3331214684263473,-0.4853304802051026,1.5658847982078887,4.710865567536859,5.746642666270375,5.702316664008979,4.6577813459248185,3.7497759211199115,3.6431870289768753
-2.4074667863816206,-0.5425940059285562,1.7529610219085647,4.710865567536859,5.746642666270375,5.702316664008979,4.667013953997948,3.7497759211199115,3.6431870289768753
-0.8837915990275498,0.24416456642594278,1.3771144140452065,4.710865567536859,5.746642666270375,5.702316664008979,4.667013953997948,3.756832618261191,3.6431870289768753
0.6785565695955214,0.4038543552214488,0.9838881154429023,4.710865567536859,5.746642666270375,5.702316664008979,4.667013953997948,3.756832618261191,3.6319164870558622
0.5999787412254264,-0.37077576941306195,0.9714023653866174,4.704943164037405,5.746642666270375,5.702316664008979,4.667013953997948,3.756832618261191,3.6319164870558622
-0.7408985453041163,-0.443277664253767,1.156741112056501,4.704943164037405,5.731106472076537,5.702316664008979,4.667013953997948,3.756832618261191,3.6319164870558622
-2.3357576579880495,-0.5082407158738065,1.5302740590601402,4.704943164037405,5.731106472076537,5.675503988915952,4.667013953997948,3.756832618261191,3.6319164870558622
-2.411128174411479,0.5353282909537248,1.7160630739340308,4.704943164037405,5.731106472076537,5.675503988915952,4.654274501475547,3.756832618261191,3.6319164870558622
-0.8845495616634698,0.2537324359534137,1.3652227443087621,4.704943164037405,5.731106472076537,5.675503988915952,4.654274501475547,3.763677545804488,3.6319164870558622
0.6785627364433778,0.40469529610343963,0.9902590156201801,4.704943164037405,5.731106472076537,5.675503988915952,4.654274501475547,3.763677545804488,3.6206327971091086
0.6000122659483565,-0.37144465309738944,0.9730314266755384,4.6989894105637315,5.731106472076537,5.675503988915952,4.654274501475547,3.763677545804488,3.6206327971091086
-0.7412017108736577,-0.4446215519124615,1.145692502959672,4.6989894105637315,5.715578613289489,5.675503988915952,4.654274501475547,3.763677545804488,3.6206327971091086
-0.9352875700888819,0.5288710933122972,1.4946082507111869,4.6989894105637315,5.715578613289489,5.6546453576846005,4.654274501475547,3.763677545804488,3.6206327971091086
-2.414526304506548,-0.5219037836308716,1.6790647353373676,4.6989894105637315,5.715578613289489,5.6546453576846005,4.662844218312789,3.763677545804488,3.6206327971091086
-0.885283037173379,0.24533196022499767,1.3533333754748609,4.6989894105637315,5.715578613289489,5.6546453576846005,4.662844218312789,3.7705958468181695,3.6206327971091086
0.6785561726263507,0.40527098678379236,0.9966217139115701,4.6989894105637315,5.715578613289489,5.6546453576846005,4.662844218312789,3.7705958468181695,3.609335305768683
0.6000425834533277,-0.3721664447254921,0.9746670944872059,4.6930032428282535,5.715578613289489,5.6546453576846005,4.662844218312789,3.7705958468181695,3.609335305768683
-0.7414828789088226,-0.4295453639654375,1.1346902040974964,4.6930032428282535,5.700086851871156,5.6546453576846005,4.662844218312789,3.7705958468181695,3.609335305768683
-0.9363152308827977,-0.5507327985732346,1.4870146344857351,4.6930032428282535,5.700086851871156,5.648822759014977,4.662844218312789,3.7705958468181695,3.609335305768683
-2.417814604385441,0.5366940758429637,1.6420258269593502,4.6930032428282535,5.700086851871156,5.648822759014977,4.649824320763575,3.7705958468181695,3.609335305768683
-0.8859933591775052,0.2549766759226614,1.3414470689556022,4.6930032428282535,5.700086851871156,5.648822759014977,4.649824320763575,3.777298429160194,3.609335305768683
-0.679396928710218,0.4061300186199348,1.0029756539489805,4.6930032428282535,5.700086851871156,5.648822759014977,4.649824320763575,3.777298429160194,3.6244397823659193
0.600069677469365,0.3800420363040953,0.9763093107567542,4.70194203903649,5.700086851871156,5.648822759014977,4.649824320763575,3.777298429160194,3.6244397823659193
-0.7417418606762278,-0.43040894899255794,1.1237351341259372,4.70194203903649,5.684606634992756,5.648822759014977,4.649824320763575,3.777298429160194,3.6244397823659193
-0.937241199614465,0.5337331973752266,1.4793947670693728,4.70194203903649,5.684606634992756,5.6278997052634345,4.649824320763575,3.777298429160194,3.6244397823659193
-2.420843693476863,0.5200690980559268,1.6048960579319551,4.70194203903649,5.684606634992756,5.6278997052634345,4.637326479298685,3.777298429160194,3.6244397823659193
-0.8866791935624774,0.2552475687438884,1.329564402569465,4.70194203903649,5.684606634992756,5.6278997052634345,4.637326479298685,3.783935265942805,3.6244397823659193
0.6785793903159211,0.4219641991478672,0.9821616691341113,4.70194203903649,5.684606634992756,5.6278997052634345,4.637326479298685,3.783935265942805,3.6131863319671824
0.6000447664901917,-0.40315488039699565,0.978052516344559,4.6955023670267115,5.684606634992756,5.6278997052634345,4.637326479298685,3.783935265942805,3.6131863319671824
-0.7419787505001257,-0.432360669314452,1.1128300160702296,4.6955023670267115,5.669136816793823,5.6278997052634345,4.637326479298685,3.783935265942805,3.6131863319671824
-0.9382373070668486,-0.5340659332437115,1.4718126845213522,4.6955023670267115,5.669136816793823,5.621942911170481,4.637326479298685,3.783935265942805,3.6131863319671824
-2.423738533873964,-0.5488648654141154,1.5676767132536926,4.6955023670267115,5.669136816793823,5.621942911170481,4.646373438690332,3.783935265942805,3.6131863319671824
-0.8873415310343162,0.24671782625401503,1.3176854088415917,4.6955023670267115,5.669136816793823,5.621942911170481,4.646373438690332,3.7906461639952305,3.6131863319671824
0.6785898237293009,0.4065284850048012,0.9884980029999826,4.6955023670267115,5.669136816793823,5.621942911170481,4.646373438690332,3.7906461639952305,3.6018486607039786
0.6001025797901199,-0.37357127942898516,0.9798021487943311,4.689625526832381,5.669136816793823,5.621942911170481,4.646373438690332,3.7906461639952305,3.6018486607039786
-0.7421939689732978,-0.44873063294572213,1.1019750499217336,4.689625526832381,5.653656063332996,5.621942911170481,4.646373438690332,3.7906461639952305,3.6018486607039786
-0.93913260809088,-0.5132229444059865,1.4642025153522462,4.689625526832381,5.653656063332996,5.615595036335249,4.646373438690332,3.7906461639952305,3.6018486607039786
-2.426476738633251,0.5430160171363031,1.5304377427840965,4.689625526832381,5.653656063332996,5.615595036335249,4.633115060453996,3.7906461639952305,3.6018486607039786
-0.8879804368752104,0.25683998921618073,1.3058115392402705,4.689625526832381,5.653656063332996,5.615595036335249,4.633115060453996,3.797129499719915,3.6018486607039786
0.6785865038376123,0.40862527383596925,0.994822937513471,4.689625526832381,5.653656063332996,5.615595036335249,4.633115060453996,3.797129499719915,3.590504755112205
0.6001193851081468,-0.37572878695767836,0.9815553370629503,4.683689806527471,5.653656063332996,5.615595036335249,4.633115060453996,3.797129499719915,3.590504755112205
-0.7423879421063866,-0.44863792163582444,1.091169598904018,4.683689806527471,5.638188295069135,5.615595036335249,4.633115060453996,3.797129499719915,3.590504755112205
-0.9400387999318673,0.5358459450939661,1.4565644376579154,4.683689806527471,5.638188295069135,5.594613719329481,4.633115060453996,3.797129499719915,3.590504755112205
-0.9715752546961316,-0.529354572965755,1.4931143676477072,4.683689806527471,5.638188295069135,5.594613719329481,4.64281060587184,3.797129499719915,3.590504755112205
-0.8885948489355878,0.24768217724233513,1.2939433630807229,4.683689806527471,5.638188295069135,5.594613719329481,4.64281060587184,3.80369621799542,3.590504755112205
-0.6794951439145337,0.40910366094564093,1.001138559753478,4.683689806527471,5.638188295069135,5.594613719329481,4.64281060587184,3.80369621799542,3.6055985872574574
0.6001323574340828,-0.37641984980545307,0.9833160585055424,4.677723907555847,5.638188295069135,5.594613719329481,4.64281060587184,3.80369621799542,3.6055985872574574
-0.7425606924412411,-0.4337504057791039,1.0804114312519988,4.677723907555847,5.6227551858441,5.594613719329481,4.64281060587184,3.80369621799542,3.6055985872574574
-0.9409906606396167,-0.5578766319873322,1.4489695476043958,4.677723907555847,5.6227551858441,5.5889984600117995,4.64281060587184,3.80369621799542,3.6055985872574574
-0.972577342968473,0.5438763578110144,1.4849208374024403,4.677723907555847,5.6227551858441,5.5889984600117995,4.63087207233543,3.80369621799542,3.6055985872574574
-0.8891862057056295,0.2578900292190897,1.282081653404189,4.677723907555847,5.6227551858441,5.5889984600117995,4.63087207233543,3.810031151098711,3.6055985872574574
0.6786103004557411,0.4101082306002572,0.9802828285473932,4.677723907555847,5.6227551858441,5.5889984600117995,4.63087207233543,3.810031151098711,3.5942302427418102
0.6001418657962271,-0.37684577263006513,0.9850840270841715,4.671733086365157,5.6227551858441,5.5889984600117995,4.63087207233543,3.810031151098711,3.5942302427418102
-0.7427116959741368,-0.4515976058376364,1.0697016286008532,4.671733086365157,5.607312839041607,5.5889984600117995,4.63087207233543,3.810031151098711,3.5942302427418102
-0.9418399376988518,-0.49451860828018523,1.4413488910497974,4.671733086365157,5.607312839041607,5.582387887045797,4.63087207233543,3.810031151098711,3.5942302427418102
-0.9735298381668281,-0.5533565368500447,1.4766797185544926,4.671733086365157,5.607312839041607,5.582387887045797,4.640932404072684,3.810031151098711,3.5942302427418102
-0.8897530638605474,0.24859133549342102,1.2702270254635843,4.671733086365157,5.607312839041607,5.582387887045797,4.640932404072684,3.8164509087014364,3.5942302427418102
0.6786235847399982,0.41064822901616094,0.9865795687047775,4.671733086365157,5.607312839041607,5.582387887045797,4.640932404072684,3.8164509087014364,3.582849057645629
0.6001478801934452,-0.3779014573388367,0.9868591787118858,4.66570490839779,5.607312839041607,5.582387887045797,4.640932404072684,3.8164509087014364,3.582849057645629
-0.742841493357523,-0.4507643431034807,1.059042228285834,4.66570490839779,5.591885728213743,5.582387887045797,4.640932404072684,3.8164509087014364,3.582849057645629
-0.9426990392683985,-0.5197340714692636,1.4336956453611946,4.66570490839779,5.591885728213743,5.576037409931674,4.640932404072684,3.8164509087014364,3.582849057645629
-0.9745002882455291,0.5479532692183983,1.46845658565189,4.66570490839779,5.591885728213743,5.576037409931674,4.6287957655844085,3.8164509087014364,3.582849057645629
-0.8902969051557919,0.25899659873626096,1.258380253663288,4.66570490839779,5.591885728213743,5.576037409931674,4.6287957655844085,3.822632808007505,3.582849057645629
0.678624272311187,0.41150934066921163,0.9928666079579891,4.66570490839779,5.591885728213743,5.576037409931674,4.6287957655844085,3.822632808007505,3.571457003400696
-0.6047256480603452,-0.37858130501720405,0.9886415053415195,4.656720765515605,5.591885728213743,5.576037409931674,4.6287957655844085,3.822632808007505,3.571457003400696
-0.7429503702564464,-0.4521779083548569,1.0484306761942963,4.656720765515605,5.576471505882639,5.576037409931674,4.6287957655844085,3.822632808007505,3.571457003400696
-0.9435447861970433,0.5408607407781136,1.426020907685655,4.656720765515605,5.576471505882639,5.554924081148088,4.6287957655844085,3.822632808007505,3.571457003400696
-0.9754177964054982,0.5274459048016795,1.4601831619769405,4.656720765515605,5.576471505882639,5.554924081148088,4.617153275238689,3.822632808007505,3.571457003400696
-0.8908162595807966,0.2591558772273568,1.2465419590351725,4.656720765515605,5.576471505882639,5.554924081148088,4.617153275238689,3.8287446272316323,3.571457003400696
-0.679599899752724,0.41201918771013807,0.9991434360291784,4.656720765515605,5.576471505882639,5.554924081148088,4.617153275238689,3.8287446272316323,3.5865393446009404
0.6001978956111494,0.38587279943336356,0.9663333929211625,4.6658241872464155,5.576471505882639,5.554924081148088,4.617153275238689,3.8287446272316323,3.5865393446009404
-0.743038140641772,-0.4208287779562414,1.0378674229446578,4.6658241872464155,5.561111715014976,5.554924081148088,4.617153275238689,3.8287446272316323,3.5865393446009404
-0.9444361614298332,-0.5414545849928393,1.4183904494080999,4.6658241872464155,5.561111715014976,5.54898690812656,4.617153275238689,3.8287446272316323,3.5865393446009404
-0.9763439924868671,-0.5572472130304505,1.4518591018351774,4.6658241872464155,5.561111715014976,5.54898690812656,4.627253813391756,3.8287446272316323,3.5865393446009404
-0.8913122439925746,0.25022809201526824,1.234712080242574,4.6658241872464155,5.561111715014976,5.54898690812656,4.627253813391756,3.834933884215101,3.5865393446009404
0.6786486028948002,0.42820935628436896,0.9782452783970724,4.6658241872464155,5.561111715014976,5.54898690812656,4.627253813391756,3.834933884215101,3.575191796985856
0.6001894678861894,-0.4097586986378559,0.9682313375737506,4.659317763374526,5.561111715014976,5.54898690812656,4.627253813391756,3.834933884215101,3.575191796985856
-0.7431042068959409,-0.4555239669366287,1.0273540891368278,4.659317763374526,5.545729100418126,5.54898690812656,4.627253813391756,3.834933884215101,3.575191796985856
-0.9452229452464984,-0.5213670572324857,1.4107326729793084,4.659317763374526,5.545729100418126,5.5426615604341976,4.627253813391756,3.834933884215101,3.575191796985856
-0.9772657253694977,0.551504686256088,1.443558353101761,4.659317763374526,5.545729100418126,5.5426615604341976,4.615005189076266,3.834933884215101,3.575191796985856
-0.8917849037135936,0.26076697964324314,1.2228921542224225,4.659317763374526,5.545729100418126,5.5426615604341976,4.615005189076266,3.8408788215783667,3.575191796985856
0.6786667956405553,0.41270778179642875,0.9845013095166023,4.659317763374526,5.545729100418126,5.5426615604341976,4.615005189076266,3.8408788215783667,3.563764837294546
0.600269299491763,-0.3803150188716857,0.9701370175320013,4.6533722541495,5.545729100418126,5.5426615604341976,4.615005189076266,3.8408788215783667,3.563764837294546
-0.7431495349254075,-0.45399877315987625,1.0168947217262962,4.6533722541495,5.53036394445328,5.5426615604341976,4.615005189076266,3.8408788215783667,3.563764837294546
-0.946020669163429,0.5444424569025665,1.403047676653265,4.6533722541495,5.53036394445328,5.521471898407446,4.615005189076266,3.8408788215783667,3.563764837294546
-0.9781322916445676,-0.5378477225136693,1.4352074227660612,4.6533722541495,5.53036394445328,5.521471898407446,4.624592335952864,3.8408788215783667,3.563764837294546
-0.892233129799579,0.2514767928591914,1.211082785425864,4.6533722541495,5.53036394445328,5.521471898407446,4.624592335952864,3.8469064124126215,3.563764837294546
0.6786714443153503,0.41448749458592477,0.990744359628506,4.6533722541495,5.53036394445328,5.521471898407446,4.624592335952864,3.8469064124126215,3.552331695810401
0.6003052397978617,-0.38214987826342206,0.9720475249826553,4.647375600262959,5.53036394445328,5.521471898407446,4.624592335952864,3.8469064124126215,3.552331695810401
-0.7431746627676238,-0.43939293767857046,1.0064837862638432,4.647375600262959,5.515031505729113,5.521471898407446,4.624592335952864,3.8469064124126215,3.552331695810401
-0.9468664512436805,-0.5662651092707606,1.3954076482053113,4.647375600262959,5.515031505729113,5.515886774518689,4.624592335952864,3.8469064124126215,3.552331695810401
-0.979018104243778,0.5520357944385165,1.4268736021739126,4.647375600262959,5.515031505729113,5.515886774518689,4.612217956568087,3.8469064124126215,3.552331695810401
-0.8926584459931706,0.26159724410423996,1.1992847046624486,4.647375600262959,5.515031505729113,5.515886774518689,4.612217956568087,3.852693755223159,3.552331695810401
0.6786638276259223,0.41528701595610584,0.9969765970782178,4.647375600262959,5.515031505729113,5.515886774518689,4.612217956568087,3.852693755223159,3.5408888562057528
0.600337053844298,-0.3825209749886207,0.9739668844262862,4.641356521286201,5.515031505729113,5.515886774518689,4.612217956568087,3.852693755223159,3.5408888562057528
-0.7431786788994797,-0.45688012868837413,0.9961225327080726,4.641356521286201,5.499698884387572,5.515886774518689,4.612217956568087,3.852693755223159,3.5408888562057528
-0.9476068065835483,-0.5018052511671954,1.3877427226080652,4.641356521286201,5.499698884387572,5.509282804768226,4.612217956568087,3.852693755223159,3.5408888562057528
-0.9798527175161973,-0.5620545586460073,1.4184931730400605,4.641356521286201,5.499698884387572,5.509282804768226,4.622166183650946,3.852693755223159,3.5408888562057528
-0.8930593724193641,0.2523653789576508,1.1874985895550145,4.641356521286201,5.499698884387572,5.509282804768226,4.622166183650946,3.8585618939860247,3.5408888562057528
-0.6797321580253562,0.41583016722907484,1.0031973183161091,4.641356521286201,5.499698884387572,5.509282804768226,4.622166183650946,3.8585618939860247,3.5559603730618425
0.6003650755256189,-0.38362118127813893,0.975894848887535,4.635300647312494,5.499698884387572,5.509282804768226,4.622166183650946,3.8585618939860247,3.5559603730618425
0.7409114699122619,-0.4560133336170963,0.9858131605484083,4.635300647312494,5.514025920632986,5.509282804768226,4.622166183650946,3.8585618939860247,3.5559603730618425
-0.9483569798070839,-0.5270312574721386,1.3800453376518738,4.635300647312494,5.514025920632986,5.502931701677414,4.622166183650946,3.8585618939860247,3.5559603730618425
-0.9807064101324369,0.5560495009872803,1.4101360954928923,4.635300647312494,5.514025920632986,5.502931701677414,4.609589445662085,3.8585618939860247,3.5559603730618425
-0.8934374206941561,0.26261079265427134,1.1757251949693095,4.635300647312494,5.514025920632986,5.502931701677414,4.609589445662085,3.8641848339577765,3.5559603730618425
0.6786889411311374,0.4168343383653432,0.9822384866993733,4.635300647312494,5.514025920632986,5.502931701677414,4.609589445662085,3.8641848339577765,3.5444977224146346
0.6003892785841619,-0.38435101486787376,0.9778314228126538,4.62921521878243,5.514025920632986,5.502931701677414,4.609589445662085,3.8641848339577765,3.5444977224146346
-0.7432190033609943,-0.45735341770069143,1.005234287350479,4.62921521878243,5.498725000140182,5.502931701677414,4.609589445662085,3.8641848339577765,3.5444977224146346
-0.9490939971240208,0.5491545263774196,1.372327458495815,4.62921521878243,5.498725000140182,5.481616323366376,4.609589445662085,3.8641848339577765,3.5444977224146346
-0.9815053858013087,-0.542567485512207,1.4017294833861482,4.62921521878243,5.498725000140182,5.481616323366376,4.6190192218203885,3.8641848339577765,3.5444977224146346
-0.8937911197302022,0.2535746444953884,1.1639651952647418,4.62921521878243,5.498725000140182,5.481616323366376,4.6190192218203885,3.8698844559726915,3.5444977224146346
0.6786983167489413,0.4173508737755749,0.9884364713726581,4.62921521878243,5.498725000140182,5.481616323366376,4.6190192218203885,3.8698844559726915,3.5330244789603085
0.6004096510042163,-0.38509289851859807,0.9797764876518749,4.623099990163895,5.498725000140182,5.481616323366376,4.6190192218203885,3.8698844559726915,3.5330244789603085
-0.7432214534622821,-0.4422781587938846,0.9950209266958165,4.623099990163895,5.483454640532879,5.481616323366376,4.6190192218203885,3.8698844559726915,3.5330244789603085
-0.9498790496036723,-0.5710140867569865,1.3646558596743024,4.623099990163895,5.483454640532879,5.475993742749124,4.6190192218203885,3.8698844559726915,3.5330244789603085
-0.9823235915266114,0.556539669801889,1.3933423851820632,4.623099990163895,5.483454640532879,5.475993742749124,4.606315936583397,3.8698844559726915,3.5330244789603085
-0.8941219910004223,0.2635894974899343,1.152219309741499,4.623099990163895,5.483454640532879,5.475993742749124,4.606315936583397,3.8753399156501214,3.5330244789603085
0.678695302574583,0.4182198170095456,0.9946227125729994,4.623099990163895,5.483454640532879,5.475993742749124,4.606315936583397,3.8753399156501214,3.521542673856329
0.6004261728256897,-0.385498741081295,0.9817299823936195,4.616961619492908,5.483454640532879,5.475993742749124,4.606315936583397,3.8753399156501214,3.521542673856329
0.7409511899881638,-0.46009269626099625,0.9848559296006021,4.616961619492908,5.497838798835259,5.475993742749124,4.606315936583397,3.8753399156501214,3.521542673856329
-0.9505566145570405,-0.5055501985589899,1.356959903629586,4.616961619492908,5.497838798835259,5.469336409799416,4.606315936583397,3.8753399156501214,3.521542673856329
-0.9830904567695319,-0.5668723246487611,1.38490941814931,4.616961619492908,5.497838798835259,5.469336409799416,4.616104941886409,3.8753399156501214,3.521542673856329
-0.8944285794614578,0.2544106958944985,1.1404882300738612,4.616961619492908,5.497838798835259,5.469336409799416,4.616104941886409,3.880873555556662,3.521542673856329
-0.6798252810729882,0.4187467921824892,1.000796713621554,4.616961619492908,5.497838798835259,5.469336409799416,4.616104941886409,3.880873555556662,3.536604824296496
0.600438825509623,0.3926156972387401,0.9836918358562567,4.626249220821427,5.497838798835259,5.469336409799416,4.616104941886409,3.880873555556662,3.536604824296496
-0.7432621243218085,-0.44355770722425125,1.0044246669183927,4.626249220821427,5.48259946808629,5.469336409799416,4.616104941886409,3.880873555556662,3.536604824296496
-0.9512441703338208,-0.5314251591895025,1.3492315509932769,4.626249220821427,5.48259946808629,5.462936050873287,4.616104941886409,3.880873555556662,3.536604824296496
-0.983876362119074,0.5605086647965829,1.3765023985822478,4.626249220821427,5.48259946808629,5.462936050873287,4.603198549510204,3.880873555556662,3.536604824296496
-0.8947123974641159,0.5291317282639575,1.1287727008682995,4.626249220821427,5.48259946808629,5.462936050873287,4.603198549510204,3.8817162576988475,3.536604824296496
0.678721011485663,0.43981240108629377,0.9797878405370597,4.626249220821427,5.48259946808629,5.462936050873287,4.603198549510204,3.8817162576988475,3.5251896303131125
0.6003932179645224,-0.41780253903044107,0.9857669277504196,4.619645012330143,5.48259946808629,5.462936050873287,4.603198549510204,3.8817162576988475,3.5251896303131125
-0.7432630916714528,-0.461538261793338,0.9943561353855878,4.619645012330143,5.467362766412478,5.462936050873287,4.603198549510204,3.8817162576988475,3.5251896303131125
-0.9519186834632531,0.5536867196747778,1.3414833961190427,4.619645012330143,5.467362766412478,5.441499316889197,4.603198549510204,3.8817162576988475,3.5251896303131125
-0.9846073310804198,0.5458604397210522,1.3680464494734152,4.619645012330143,5.467362766412478,5.441499316889197,4.59067707853124,3.8817162576988475,3.5251896303131125
-0.8949661726340414,0.2596725362984991,1.117062309789291,4.619645012330143,5.467362766412478,5.441499316889197,4.59067707853124,3.88709017235151,3.5251896303131125
0.6787364017950616,0.41911263112865826,0.985937103025902,4.619645012330143,5.467362766412478,5.441499316889197,4.59067707853124,3.88709017235151,3.5136797992704367
0.6004394685409824,-0.38759363862236307,0.9878502931955755,4.613618073366922,5.467362766412478,5.441499316889197,4.59067707853124,3.88709017235151,3.5136797992704367
0.7409887713224901,-0.4448512307100658,0.9843367664313606,4.613618073366922,5.481816114616134,5.441499316889197,4.59067707853124,3.88709017235151,3.5136797992704367
-0.9526428618049909,-0.5537864515808677,1.3337831195995657,4.613618073366922,5.481816114616134,5.435527757236216,4.59067707853124,3.88709017235151,3.5136797992704367
-0.9853492972062732,-0.5709136510060919,1.3595417890398964,4.613618073366922,5.481816114616134,5.435527757236216,4.600510924250091,3.88709017235151,3.5136797992704367
-0.895207327795302,0.5119379192376269,1.1053311483507924,4.613618073366922,5.481816114616134,5.435527757236216,4.600510924250091,3.8881372498317606,3.5136797992704367
0.6787382364095014,0.4258637904215208,0.9920704237052678,4.613618073366922,5.481816114616134,5.435527757236216,4.600510924250091,3.8881372498317606,3.5021866928416756
-0.6049958772131342,-0.38913212572884115,0.9899389547199614,4.604256568644465,5.481816114616134,5.435527757236216,4.600510924250091,3.8881372498317606,3.5021866928416756
-0.7433045049740856,-0.46316515592549934,1.0040488010537336,4.604256568644465,5.4666104092315235,5.435527757236216,4.600510924250091,3.8881372498317606,3.5021866928416756
-0.9532571414483227,-0.5333020673327015,1.3260566404393928,4.604256568644465,5.4666104092315235,5.429150917053672,4.600510924250091,3.8881372498317606,3.5021866928416756
-0.9860853365263422,0.5702207735400091,1.3510680316044332,4.604256568644465,5.4666104092315235,5.429150917053672,4.58737189515497,3.8881372498317606,3.5021866928416756
-0.895414325531373,0.5219264843751457,1.0936062221412501,4.604256568644465,5.4666104092315235,5.429150917053672,4.58737189515497,3.889017494362382,3.5021866928416756
-0.6799253914017552,0.4263517653557811,0.998190839564644,4.604256568644465,5.4666104092315235,5.429150917053672,4.58737189515497,3.889017494362382,3.5172630174850177
0.6004890698213641,-0.3902215591295382,0.9679283279634879,4.598150979558997,5.4666104092315235,5.429150917053672,4.58737189515497,3.889017494362382,3.5172630174850177
0.7410064232305508,-0.46271951073232903,0.9941230119234096,4.598150979558997,5.481086519748062,5.429150917053672,4.58737189515497,3.889017494362382,3.5172630174850177
-0.9538828734987157,0.5574988371089553,1.3183038996017098,4.598150979558997,5.481086519748062,5.407638722347909,4.58737189515497,3.889017494362382,3.5172630174850177
-0.9867645529334237,0.5486069547622214,1.3425459704363931,4.598150979558997,5.481086519748062,5.407638722347909,4.574760297396139,3.889017494362382,3.5172630174850177
-0.8956024863685013,0.5220381044951986,1.0818529097076817,4.598150979558997,5.481086519748062,5.407638722347909,4.574760297396139,3.8899005190842124,3.5172630174850177
0.6787650736602352,0.42727733408417123,0.9771237617270241,4.598150979558997,5.481086519748062,5.407638722347909,4.574760297396139,3.8899005190842124,3.50575546281884
0.6005289761801422,-0.39095393794751426,0.970036541612606,4.592017283741907,5.481086519748062,5.407638722347909,4.574760297396139,3.8899005190842124,3.50575546281884
-0.7433469431104127,-0.44671917908902326,1.0139280087693465,4.592017283741907,5.465920279020403,5.407638722347909,4.574760297396139,3.8899005190842124,3.50575546281884
-0.9545611845910614,-0.5575203783835324,1.3105998918547284,4.592017283741907,5.465920279020403,5.401718840938851,4.574760297396139,3.8899005190842124,3.50575546281884
-0.9874551222443447,-0.567806863421676,1.33397415517432,4.592017283741907,5.465920279020403,5.401718840938851,4.584495762178808,3.8899005190842124,3.50575546281884
-0.895767073519258,0.5045454693081739,1.0700697829486474,4.592017283741907,5.465920279020403,5.401718840938851,4.584495762178808,3.891082174907087,3.50575546281884
0.6787849949669553,0.42767881144492054,0.9832162488864016,4.592017283741907,5.465920279020403,5.401718840938851,4.584495762178808,3.891082174907087,3.4942396859515936
0.6005647027858022,-0.3913600010784256,0.9721546619267059,4.585861950784375,5.465920279020403,5.401718840938851,4.584495762178808,3.891082174907087,3.4942396859515936
-0.743367803470522,-0.4655173238984989,1.0040905429337639,4.585861950784375,5.450757859984593,5.401718840938851,4.584495762178808,3.891082174907087,3.4942396859515936
-0.9551283704265114,-0.5363030569684302,1.302869973593765,4.585861950784375,5.450757859984593,5.395378627653158,4.584495762178808,3.891082174907087,3.4942396859515936
-0.9881398503607204,0.5730718286950821,1.3254349704389308,4.585861950784375,5.450757859984593,5.395378627653158,4.571262013572786,3.891082174907087,3.4942396859515936
-0.8959081230908743,0.26242583024318505,1.0582574099195523,4.585861950784375,5.450757859984593,5.395378627653158,4.571262013572786,3.8963368736732087,3.4942396859515936
0.6787927455626172,0.4238156984213126,0.9892945812254702,4.585861950784375,5.450757859984593,5.395378627653158,4.571262013572786,3.8963368736732087,3.4826986485889595
0.6005962245507178,-0.392545791820878,0.9742826224203898,4.579669613681887,5.450757859984593,5.395378627653158,4.571262013572786,3.8963368736732087,3.4826986485889595
-0.7433694042396778,-0.4652036237112225,0.9942993631375837,4.579669613681887,5.435609495495828,5.395378627653158,4.571262013572786,3.8963368736732087,3.4826986485889595
-0.9557069933247826,0.5603956161283783,1.2951139426058877,4.579669613681887,5.435609495495828,5.373804347379632,4.571262013572786,3.8963368736732087,3.4826986485889595
-0.9887671551404635,0.5451509393611613,1.3168486354445263,4.579669613681887,5.435609495495828,5.373804347379632,4.558683299109772,3.8963368736732087,3.4826986485889595
-0.8960315511765184,0.5348600409402675,1.0464321453510046,4.579669613681887,5.435609495495828,5.373804347379632,4.558683299109772,3.8969047337966405,3.4826986485889595
0.6787881292608655,0.4299503144868745,0.9953583710123067,4.579669613681887,5.435609495495828,5.373804347379632,4.558683299109772,3.8969047337966405,3.4711730308641964
0.60062352541792,-0.3931341555352639,0.9764204250432157,4.573451997673219,5.435609495495828,5.373804347379632,4.558683299109772,3.8969047337966405,3.4711730308641964
0.7410790178995582,-0.44909093365560404,0.9845513001728083,4.573451997673219,5.450160676316692,5.373804347379632,4.558683299109772,3.8969047337966405,3.4711730308641964
-0.9563392859398342,-0.560438325044463,1.2874071151854483,4.573451997673219,5.450160676316692,5.367921628779325,4.558683299109772,3.8969047337966405,3.4711730308641964
-0.9894058605726372,-0.5705495737884008,1.3082120026008415,4.573451997673219,5.450160676316692,5.367921628779325,4.568434403413401,3.8969047337966405,3.4711730308641964
-0.8961202041829227,0.506869342452874,1.0346176067963695,4.573451997673219,5.450160676316692,5.367921628779325,4.568434403413401,3.897953538361835,3.4711730308641964
-0.6800574733480101,0.4299385836511398,1.001407791941285,4.573451997673219,5.450160676316692,5.367921628779325,4.568434403413401,3.897953538361835,3.486243373552088
0.6006465880570081,-0.39362199225005784,0.9785679340350469,4.567211137312904,5.450160676316692,5.367921628779325,4.568434403413401,3.897953538361835,3.486243373552088
-0.743412484726817,-0.4679902176938667,1.004535785300869,4.567211137312904,5.43504020929151,5.367921628779325,4.568434403413401,3.897953538361835,3.486243373552088
-0.9568594062830167,-0.5394021035685775,1.2796747488986902,4.567211137312904,5.43504020929151,5.361616444880733,4.568434403413401,3.897953538361835,3.486243373552088
-0.9900395930536455,0.5763244613597818,1.299612241959695,4.567211137312904,5.43504020929151,5.361616444880733,4.555093866131804,3.897953538361835,3.486243373552088
-0.8961902065094043,0.5273757906377922,1.0227727728700746,4.567211137312904,5.43504020929151,5.361616444880733,4.555093866131804,3.898652598429382,3.486243373552088
0.6788158144213177,0.43113167712964484,0.9802648499818972,4.567211137312904,5.43504020929151,5.361616444880733,4.555093866131804,3.898652598429382,3.474705283662894
0.6006653873956744,0.40022684011332454,0.9807251065523217,4.57670068451801,5.43504020929151,5.361616444880733,4.555093866131804,3.898652598429382,3.474705283662894
-0.7434155394562003,-0.45164135861679006,0.994875714452583,4.57670068451801,5.419941282106254,5.361616444880733,4.555093866131804,3.898652598429382,3.474705283662894
-0.9573909183337452,0.564036796085762,1.2719165731634228,4.57670068451801,5.419941282106254,5.339970562275269,4.555093866131804,3.898652598429382,3.474705283662894
-0.9906140615280856,0.5549200913933794,1.2909655102542907,4.57670068451801,5.419941282106254,5.339970562275269,4.542280664346758,3.898652598429382,3.474705283662894
-0.8962363929536266,0.5270646741021725,1.0109038089693432,4.57670068451801,5.419941282106254,5.339970562275269,4.542280664346758,3.8993612527233728,3.474705283662894
0.6788295910947644,0.44768410110717627,0.9862839524586362,4.57670068451801,5.419941282106254,5.339970562275269,4.542280664346758,3.8993612527233728,3.4632261134674684
0.600621754697832,-0.4265767924050844,0.9830037500349335,4.569990197518284,5.419941282106254,5.339970562275269,4.542280664346758,3.8993612527233728,3.4632261134674684
0.741114294197398,-0.4521365281575929,0.9852577753630543,4.569990197518284,5.434539385354536,5.339970562275269,4.542280664346758,3.8993612527233728,3.4632261134674684
-0.9579773045177525,-0.5635146107453506,1.264208274052488,4.569990197518284,5.434539385354536,5.334124426263056,4.542280664346758,3.8993612527233728,3.4632261134674684
-0.9912013128910901,-0.5742727018373704,1.2822691655003766,4.569990197518284,5.434539385354536,5.334124426263056,4.5520668671911215,3.8993612527233728,3.4632261134674684
-0.8962587832099752,0.510145261016112,0.9990071152796941,4.569990197518284,5.434539385354536,5.334124426263056,4.5520668671911215,3.900359226343993,3.4632261134674684
0.6788321758105123,0.431189491782117,0.992287388430765,4.569990197518284,5.434539385354536,5.334124426263056,4.5520668671911215,3.900359226343993,3.4516760026094047
0.6006761453987673,-0.3953364862926444,0.9852919622942238,4.56387829507559,5.434539385354536,5.334124426263056,4.5520668671911215,3.900359226343993,3.4516760026094047
-0.7434586861117407,-0.4701898112825509,1.005375457831555,4.56387829507559,5.419461570094105,5.334124426263056,4.5520668671911215,3.900359226343993,3.4516760026094047
-0.9584502466082938,0.543784107215665,1.2564746994068763,4.56387829507559,5.419461570094105,5.312775036901399,4.5520668671911215,3.900359226343993,3.4516760026094047
-0.9917832694553157,0.6021312997513343,1.2736120439869203,4.56387829507559,5.419461570094105,5.312775036901399,4.538170072668151,3.900359226343993,3.4516760026094047
0.8914778453606798,0.2650384217215202,0.9870833397177766,4.56387829507559,5.419461570094105,5.312775036901399,4.538170072668151,3.8863278054775665,3.4516760026094047
-0.6801514340956132,0.4279847739517961,0.9982720401048877,4.56387829507559,5.419461570094105,5.312775036901399,4.538170072668151,3.8863278054775665,3.46672623510227
0.600681302577764,-0.39777845760339375,0.9875866599229843,4.5577066151011545,5.419461570094105,5.312775036901399,4.538170072668151,3.8863278054775665,3.46672623510227
-0.743463986539617,-0.45249328962944046,0.9958453981262892,4.5577066151011545,5.404403410582045,5.312775036901399,4.538170072668151,3.8863278054775665,3.46672623510227
-0.9590015899019844,-0.5640040780952881,1.2487815450799629,4.5577066151011545,5.404403410582045,5.30704435715826,4.538170072668151,3.8863278054775665,3.46672623510227
-0.9923059249324915,0.5268918605268357,1.2649105368756646,4.5577066151011545,5.404403410582045,5.30704435715826,4.525881572459941,3.8863278054775665,3.46672623510227
-0.8963135334980283,0.5395811249494529,1.010904194763953,4.5577066151011545,5.404403410582045,5.30704435715826,4.525881572459941,3.886719798744827,3.46672623510227
0.6788601246449334,0.43471030764121044,0.9770609978908742,4.5577066151011545,5.404403410582045,5.30704435715826,4.525881572459941,3.886719798744827,3.455173992020005
-0.6052024709825785,-0.3979675005122207,0.989892203892955,4.548121263190142,5.404403410582045,5.30704435715826,4.525881572459941,3.886719798744827,3.455173992020005
0.7411505682469047,-0.4719605551055814,0.9863560068557902,4.548121263190142,5.419039134362828,5.30704435715826,4.525881572459941,3.886719798744827,3.455173992020005
-0.959445830671988,0.5680698856614607,1.241067307090493,4.548121263190142,5.419039134362828,5.285372457135264,4.525881572459941,3.886719798744827,3.455173992020005
-0.9928380524758298,0.5613179313709359,1.2561520296465238,4.548121263190142,5.419039134362828,5.285372457135264,4.512994887719006,3.886719798744827,3.455173992020005
-0.896330672837655,0.5301786777433612,0.9989839590458335,4.548121263190142,5.419039134362828,5.285372457135264,4.512994887719006,3.8872796314837563,3.455173992020005
0.6788805060907411,0.43483885596641453,0.9830146664951206,4.548121263190142,5.419039134362828,5.285372457135264,4.512994887719006,3.8872796314837563,3.443615312770452
0.6007303178102539,-0.3991683393539391,0.9680905790712875,4.541898339949346,5.419039134362828,5.285372457135264,4.512994887719006,3.8872796314837563,3.443615312770452
-0.7435083235412766,-0.45340786983612597,1.0066022178588778,4.541898339949346,5.404005648914331,5.285372457135264,4.512994887719006,3.8872796314837563,3.443615312770452
-0.9599692172368581,-0.567795274947364,1.2333982564429313,4.541898339949346,5.404005648914331,5.279810842359942,4.512994887719006,3.8872796314837563,3.443615312770452
-0.9933578927375196,-0.5785556350363313,1.2473528758119896,4.541898339949346,5.404005648914331,5.279810842359942,4.52292951182153,3.8872796314837563,3.443615312770452
0.891545317332536,0.5128068201433995,0.9870341738855888,4.541898339949346,5.404005648914331,5.279810842359942,4.52292951182153,3.8691066870926702,3.443615312770452
0.6788889619698414,0.43503330234507986,0.9889519046846482,4.541898339949346,5.404005648914331,5.279810842359942,4.52292951182153,3.8691066870926702,3.4320509215516335
0.6007696998598648,-0.39951651615474726,0.9704180793280546,4.535656542446629,5.404005648914331,5.279810842359942,4.52292951182153,3.8691066870926702,3.4320509215516335
-0.7435162397829207,-0.47360807686189615,0.9971948834390254,4.535656542446629,5.388979553749814,5.279810842359942,4.52292951182153,3.8691066870926702,3.4320509215516335
-0.9603806356065713,-0.5462940326520237,1.2257046273401468,4.535656542446629,5.388979553749814,5.273802999013784,4.52292951182153,3.8691066870926702,3.4320509215516335
-0.9938710037941466,0.5837904676133789,1.2385980715138991,4.535656542446629,5.388979553749814,5.273802999013784,4.509443713645037,3.8691066870926702,3.4320509215516335
-0.8963790273469778,0.53337579848186,1.0108148218940558,4.535656542446629,5.388979553749814,5.273802999013784,4.509443713645037,3.8696136707190396,3.4320509215516335
0.6788855647010172,0.43658137738493874,0.9948723128448631,4.535656542446629,5.388979553749814,5.273802999013784,4.509443713645037,3.8696136707190396,3.4204866879108664
0.600804455236438,-0.4006351516560162,0.9727567868890438,4.529380724987277,5.388979553749814,5.273802999013784,4.509443713645037,3.8696136707190396,3.4204866879108664
0.7411879015322753,-0.4732041464347694,0.9878297236103979,4.529380724987277,5.403655248592323,5.273802999013784,4.509443713645037,3.8696136707190396,3.4204866879108664
-0.9608025469072642,0.5714247407956186,1.2179858325149717,4.529380724987277,5.403655248592323,5.252063259681042,4.509443713645037,3.8696136707190396,3.4204866879108664
-0.9943197904352176,0.5619029753074444,1.2297960436630906,4.529380724987277,5.403655248592323,5.252063259681042,4.496499959282722,3.8696136707190396,3.4204866879108664
-0.8964009597255687,0.5330356012913753,0.9988136724551056,4.529380724987277,5.403655248592323,5.252063259681042,4.496499959282722,3.8701315142735653,3.4204866879108664
-0.6802792801731381,0.43728063292067426,1.000775469138634,4.529380724987277,5.403655248592323,5.252063259681042,4.496499959282722,3.8701315142735653,3.4355598922194965
0.6008345629076937,-0.40138593190708227,0.9751067133961636,4.523078082083448,5.403655248592323,5.252063259681042,4.496499959282722,3.8701315142735653,3.4355598922194965
-0.7435618311561699,-0.45546388388296605,1.0081970288463493,4.523078082083448,5.3886553743526004,5.252063259681042,4.496499959282722,3.8701315142735653,3.4355598922194965
-0.9612813069100752,-0.57087384778242,1.2103162162872336,4.523078082083448,5.3886553743526004,5.246524860232064,4.496499959282722,3.8701315142735653,3.4355598922194965
-0.9947844845096965,0.5401256715606607,1.2209441128000147,4.523078082083448,5.3886553743526004,5.246524860232064,4.48408959398562,3.8701315142735653,3.4355598922194965
0.8916138127322905,0.5334915211302917,0.98678458163919,4.523078082083448,5.3886553743526004,5.246524860232064,4.48408959398562,3.851604936307828,3.4355598922194965
0.6789148614053757,0.4376492195883038,0.9794777384384947,4.523078082083448,5.3886553743526004,5.246524860232064,4.48408959398562,3.851604936307828,3.4239884322742804
0.6008600029966389,-0.4017686487764776,0.9774677373148388,4.516755912872046,5.3886553743526004,5.246524860232064,4.48408959398562,3.851604936307828,3.4239884322742804
-0.7435734380975939,-0.4761322045961354,0.9989077525033858,4.516755912872046,5.373663488653387,5.246524860232064,4.48408959398562,3.851604936307828,3.4239884322742804
-0.96164571750192,0.573064664197806,1.202622352666863,4.516755912872046,5.373663488653387,5.22478042971731,4.48408959398562,3.851604936307828,3.4239884322742804
-0.9952309713517631,0.5656313532932461,1.2120433517493552,4.516755912872046,5.373663488653387,5.22478042971731,4.471263248871565,3.851604936307828,3.4239884322742804
-0.896449048578761,0.5349041531069415,1.010488453043168,4.516755912872046,5.373663488653387,5.22478042971731,4.471263248871565,3.8521003341278686,3.4239884322742804
0.6789305479774931,0.43879829504565987,0.9853461586324673,4.516755912872046,5.373663488653387,5.22478042971731,4.471263248871565,3.8521003341278686,3.4124161538973996
0.600880747118282,-0.40291159851000313,0.9798397898679876,4.510399259051211,5.373663488653387,5.22478042971731,4.471263248871565,3.8521003341278686,3.4124161538973996
0.7412273889245105,-0.4570002928825384,0.9896592390423073,4.510399259051211,5.388380243753165,5.22478042971731,4.471263248871565,3.8521003341278686,3.4124161538973996
-0.9620923410550679,-0.5724353662194219,1.1949730776962029,4.510399259051211,5.388380243753165,5.219379179062199,4.471263248871565,3.8521003341278686,3.4124161538973996
-0.9956620551603989,-0.5835322735016378,1.2031002544931468,4.510399259051211,5.388380243753165,5.219379179062199,4.48146004685019,3.8521003341278686,3.4124161538973996
-0.896470135232947,0.25802917386672003,0.9984038161498695,4.510399259051211,5.388380243753165,5.219379179062199,4.48146004685019,3.857286486175307,3.4124161538973996
0.6789345707419985,0.43389217171818095,0.9911969504613343,4.510399259051211,5.388380243753165,5.219379179062199,4.48146004685019,3.857286486175307,3.4008198030797714
0.6008967783789123,0.40878107277553943,0.9822228761690978,4.520117017606985,5.388380243753165,5.219379179062199,4.48146004685019,3.857286486175307,3.4008198030797714
-0.7436191540022077,-0.46131169134609024,1.0101441473492803,4.520117017606985,5.373414021320615,5.219379179062199,4.48146004685019,3.857286486175307,3.4008198030797714
-0.9624261549205508,-0.5507762004199015,1.1872999843957097,4.520117017606985,5.373414021320615,5.213518235728278,4.48146004685019,3.857286486175307,3.4008198030797714
-0.9960885957014949,0.5825994956316367,1.1942097157996818,4.520117017606985,5.373414021320615,5.213518235728278,4.468130528969541,3.857286486175307,3.4008198030797714
0.891675451354397,0.5476994969259787,0.9863057082907678,4.520117017606985,5.373414021320615,5.213518235728278,4.468130528969541,3.8385651719978826,3.4008198030797714
-0.6803734327035,0.4567024994334021,0.9970295873592454,4.520117017606985,5.373414021320615,5.213518235728278,4.468130528969541,3.8385651719978826,3.415960718925244
0.6008459436597599,-0.43627150385748237,0.9847359888780264,4.513291831395635,5.373414021320615,5.213518235728278,4.468130528969541,3.8385651719978826,3.415960718925244
-0.7436351005169864,-0.4785149966164446,1.000972441136899,4.513291831395635,5.358456512292936,5.213518235728278,4.468130528969541,3.8385651719978826,3.415960718925244
-0.9627699745443741,0.5759336348153484,1.1796023194979794,4.513291831395635,5.358456512292936,5.191712782549175,4.468130528969541,3.8385651719978826,3.415960718925244
-0.9964447003898451,0.5671505793894432,1.1852707145407502,4.513291831395635,5.358456512292936,5.191712782549175,4.455216287688061,3.8385651719978826,3.415960718925244
-0.8965188326600168,0.5373863787072105,1.00998775387094,4.513291831395635,5.358456512292936,5.191712782549175,4.455216287688061,3.8389206300035172,3.415960718925244
0.6789651475014571,0.43996229868467673,0.9756584413751113,4.513291831395635,5.358456512292936,5.191712782549175,4.455216287688061,3.8389206300035172,3.404382045887256
0.6008995833332421,-0.4046109461485835,0.987259951498046,4.507074480214527,5.358456512292936,5.191712782549175,4.455216287688061,3.8389206300035172,3.404382045887256
0.7412705295408876,-0.45874782717886675,0.9918393743733848,4.507074480214527,5.373208540169758,5.191712782549175,4.455216287688061,3.8389206300035172,3.404382045887256
-0.9631722954478944,-0.5753802770678149,1.171953785113161,4.507074480214527,5.373208540169758,5.186323785923278,4.455216287688061,3.8389206300035172,3.404382045887256
-0.9968204618504161,-0.5864204468753745,1.1762825660495255,4.507074480214527,5.373208540169758,5.186323785923278,4.465410297786482,3.8389206300035172,3.404382045887256
-0.8965387789894544,0.5181160021202644,0.9978757270305464,4.507074480214527,5.373208540169758,5.186323785923278,4.465410297786482,3.8396086915725043,3.404382045887256
0.6789886211806461,0.44162391836665377,0.9814523358478997,4.507074480214527,5.373208540169758,5.186323785923278,4.465410297786482,3.8396086915725043,3.392805624231034
-0.6053922219696197,-0.4062436746093703,0.9897916075231583,4.497249378232524,5.373208540169758,5.186323785923278,4.465410297786482,3.8396086915725043,3.392805624231034
-0.7436815353135353,-0.4804369828736434,1.012440388147325,4.497249378232524,5.358271630478385,5.186323785923278,4.465410297786482,3.8396086915725043,3.392805624231034
-0.9634592030783442,-0.5540189096820516,1.164281850469736,4.497249378232524,5.358271630478385,5.1804744060969234,4.465410297786482,3.8396086915725043,3.392805624231034
-0.9971938144677037,0.5918514194493133,1.1673510719345723,4.497249378232524,5.358271630478385,5.1804744060969234,4.4518334993158835,3.8396086915725043,3.392805624231034
0.8917486594145659,0.5402462447883262,0.9857354147350852,4.497249378232524,5.358271630478385,5.1804744060969234,4.4518334993158835,3.8210077635508957,3.392805624231034
0.6790006351863624,0.4421568345934632,0.987227877229779,4.497249378232524,5.358271630478385,5.1804744060969234,4.4518334993158835,3.8210077635508957,3.381227812378465
0.6009484427182463,-0.40738213500049214,0.9682095768249598,4.490957247465855,5.358271630478385,5.1804744060969234,4.4518334993158835,3.8210077635508957,3.381227812378465
-0.7437031654016297,-0.47977779964218553,1.0033810338234823,4.490957247465855,5.343342793877188,5.1804744060969234,4.4518334993158835,3.8210077635508957,3.381227812378465
-0.963756138978082,0.5790533078345538,1.1565857116348974,4.490957247465855,5.343342793877188,5.1586050514535025,4.4518334993158835,3.8210077635508957,3.381227812378465
-0.9974952368177187,0.569439528108535,1.158371854951171,4.490957247465855,5.343342793877188,5.1586050514535025,4.438815345676627,3.8210077635508957,3.381227812378465
-0.8965865045743273,0.5400006821062199,1.0093372194483026,4.490957247465855,5.343342793877188,5.1586050514535025,4.438815345676627,3.8213275425382487,3.381227812378465
0.6790011438012193,0.44344086359753715,0.9929844051491099,4.490957247465855,5.343342793877188,5.1586050514535025,4.438815345676627,3.8213275425382487,3.369652107999965
0.6009872783598601,-0.40807202965327805,0.9707662669090423,4.484641230130406,5.343342793877188,5.1586050514535025,4.438815345676627,3.8213275425382487,3.369652107999965
-0.7437069681389179,-0.4608246807046898,0.9943557068055061,4.484641230130406,5.328424167555159,5.1586050514535025,4.438815345676627,3.8213275425382487,3.369652107999965
-0.9641130295504315,-0.5785885639928805,1.148939504147923,4.484641230130406,5.328424167555159,5.153228452818205,4.438815345676627,3.8213275425382487,3.369652107999965
-0.9978168618800733,-0.5892598158174274,1.1493420723937855,4.484641230130406,5.328424167555159,5.153228452818205,4.449004992270734,3.8213275425382487,3.369652107999965
-0.8966049890446581,0.5201399726762972,0.997144104592096,4.484641230130406,5.328424167555159,5.153228452818205,4.449004992270734,3.8219900372575384,3.369652107999965
-0.680504187323359,0.44375342754083114,0.9987214582602447,4.484641230130406,5.328424167555159,5.153228452818205,4.449004992270734,3.8219900372575384,3.384737830439362
0.6010210255308658,-0.4084398530379746,0.9733356171417007,4.478307730250337,5.328424167555159,5.153228452818205,4.449004992270734,3.8219900372575384,3.384737830439362
0.7413328838701958,-0.48255598184931797,0.9853651150810933,4.478307730250337,5.343216132910523,5.153228452818205,4.449004992270734,3.8219900372575384,3.384737830439362
-0.964352976850131,-0.5564328136179354,1.141270324957094,4.478307730250337,5.343216132910523,5.147375170622999,4.449004992270734,3.8219900372575384,3.384737830439362
-0.9981367801933726,0.5947695839800026,1.1403730062413713,4.478307730250337,5.343216132910523,5.147375170622999,4.435306521995385,3.8219900372575384,3.384737830439362
0.8918150568079742,0.542840222506916,0.9849225241774838,4.478307730250337,5.343216132910523,5.147375170622999,4.435306521995385,3.8033407359261022,3.384737830439362
0.6790321661387633,0.4445821558839034,0.9772485627571671,4.478307730250337,5.343216132910523,5.147375170622999,4.435306521995385,3.8033407359261022,3.3731613513638448
0.6010496524442532,-0.4096418878190961,0.9759175714464868,4.47194035827138,5.343216132910523,5.147375170622999,4.435306521995385,3.8033407359261022,3.3731613513638448
-0.7437541994369785,-0.4823016429200281,1.0061130962742841,4.47194035827138,5.328314067909369,5.147375170622999,4.435306521995385,3.8033407359261022,3.3731613513638448
-0.9646029897375492,0.5819309671271842,1.1335771368535927,4.47194035827138,5.328314067909369,5.125446066236619,4.435306521995385,3.8033407359261022,3.3731613513638448
-0.998382798570415,0.5721454740460651,1.131356194513612,4.47194035827138,5.328314067909369,5.125446066236619,4.422173644932928,3.8033407359261022,3.3731613513638448
-0.8966524802639638,0.5425721481288512,1.0084456521695189,4.47194035827138,5.328314067909369,5.125446066236619,4.422173644932928,3.8036258591607752,3.3731613513638448
0.6790528139640201,0.44566142407327236,0.9829464138206716,4.47194035827138,5.328314067909369,5.125446066236619,4.422173644932928,3.8036258591607752,3.3615868842366456
0.6010731418097708,-0.41034764283646114,0.9785121403102273,4.465548829448808,5.328314067909369,5.125446066236619,4.422173644932928,3.8036258591607752,3.3615868842366456
-0.7437639914996077,-0.4627791761308871,0.997192505770919,4.465548829448808,5.313420044515758,5.125446066236619,4.422173644932928,3.8036258591607752,3.3615868842366456
-0.9649145284867761,-0.5813919592674134,1.1259348359713761,4.465548829448808,5.313420044515758,5.120072561035066,4.422173644932928,3.8036258591607752,3.3615868842366456
-0.9986503950520791,-0.5920414878085617,1.1222886712701703,4.465548829448808,5.313420044515758,5.120072561035066,4.4323550548891415,3.8036258591607752,3.3615868842366456
-0.8966689890886554,0.5221180409619371,0.9961710057329575,4.465548829448808,5.313420044515758,5.120072561035066,4.4323550548891415,3.8042638440181347,3.3615868842366456
0.6790621456673028,0.445962935510833,0.9886244143080434,4.465548829448808,5.313420044515758,5.120072561035066,4.4323550548891415,3.8042638440181347,3.3500120666816438
0.6010914682415966,-0.41070344348720655,0.9811191870210558,4.459140098025944,5.313420044515758,5.120072561035066,4.4323550548891415,3.8042638440181347,3.3500120666816438
0.7413655870146905,-0.485113748289638,0.988305128832029,4.459140098025944,5.328238901855734,5.120072561035066,4.4323550548891415,3.8042638440181347,3.3500120666816438
-0.9651075073855874,-0.5591893743023011,1.1182699773970974,4.459140098025944,5.328238901855734,5.114216713938024,4.4323550548891415,3.8042638440181347,3.3500120666816438
-0.9989166555761191,0.597615158142416,1.1132859617597541,4.459140098025944,5.328238901855734,5.114216713938024,4.418533875600019,3.8042638440181347,3.3500120666816438
0.8918799537793671,0.5454493919183565,0.9838677273204341,4.459140098025944,5.328238901855734,5.114216713938024,4.418533875600019,3.7855658265754495,3.3500120666816438
0.6790601657817882,0.44679352626012064,0.9942820142642769,4.459140098025944,5.328238901855734,5.114216713938024,4.418533875600019,3.7855658265754495,3.338439471669048
0.6011045996119628,-0.4119244476432887,0.9837386514208725,4.452697158182527,5.328238901855734,5.114216713938024,4.418533875600019,3.7855658265754495,3.338439471669048
-0.7438118688059481,-0.4848350096608362,1.0091568676774418,4.452697158182527,5.313360716506361,5.114216713938024,4.418533875600019,3.7855658265754495,3.338439471669048
-0.9653106219237559,0.5847699778426815,1.1105814238044378,4.452697158182527,5.313360716506361,5.092229178274382,4.418533875600019,3.7855658265754495,3.338439471669048
-0.9991070100308783,0.5747846604596898,1.1042354464320876,4.452697158182527,5.313360716506361,5.092229178274382,4.405285230334487,3.7855658265754495,3.338439471669048
-0.8967162453551046,0.545149237961948,1.0073116808880416,4.452697158182527,5.313360716506361,5.092229178274382,4.405285230334487,3.7858164951660718,3.338439471669048
-0.6806236657922057,0.44789114831747523,0.9999188047114425,4.452697158182527,5.313360716506361,5.092229178274382,4.405285230334487,3.7858164951660718,3.3535399489770743
0.6011125195067193,-0.41263657120573344,0.986370544780374,4.446229974432865,5.313360716506361,5.092229178274382,4.405285230334487,3.7858164951660718,3.3535399489770743
-0.743828270606062,-0.46472494785754737,1.000336882424615,4.446229974432865,5.298488445851326,5.092229178274382,4.405285230334487,3.7858164951660718,3.3535399489770743
-0.9655768661576192,-0.5841364415662365,1.1029446962188985,4.446229974432865,5.298488445851326,5.0868543041361765,4.405285230334487,3.7858164951660718,3.3535399489770743
-0.9993203864913287,0.552714345647924,1.095134031502824,4.446229974432865,5.298488445851326,5.0868543041361765,4.392586455729315,3.7858164951660718,3.3535399489770743
-0.896730292003103,0.5455740399276471,0.9949550702559053,4.446229974432865,5.298488445851326,5.0868543041361765,4.392586455729315,3.78606597213675,3.3535399489770743
0.679092203813473,0.4486139258069465,0.9783408739217314,4.446229974432865,5.298488445851326,5.0868543041361765,4.392586455729315,3.78606597213675,3.3419729782681915
-0.6055526994252695,-0.4129765994564788,0.9890147262219439,4.436347092057025,5.298488445851326,5.0868543041361765,4.392586455729315,3.78606597213675,3.3419729782681915
0.7414036185768307,-0.48789654361696505,0.9915486034540355,4.436347092057025,5.31333130859752,5.0868543041361765,4.392586455729315,3.78606597213675,3.3419729782681915
-0.9657228606016258,0.5869244750875323,1.0952858173182245,4.436347092057025,5.31333130859752,5.0648594119414545,4.392586455729315,3.78606597213675,3.3419729782681915
-0.9995150088071214,0.578376087024664,1.0859831157190447,4.436347092057025,5.31333130859752,5.0648594119414545,4.379478438570784,3.78606597213675,3.3419729782681915
0.8919428820873366,0.5468469027123307,0.9825696883991254,4.436347092057025,5.31333130859752,5.0648594119414545,4.379478438570784,3.7673356137430205,3.3419729782681915
0.6791110134659281,0.44876865396663196,0.9839359010080108,4.436347092057025,5.31333130859752,5.0648594119414545,4.379478438570784,3.7673356137430205,3.3304064323140703
0.6011613259618895,-0.4142289940985596,0.9675377821863573,4.429828153476155,5.31333130859752,5.0648594119414545,4.379478438570784,3.7673356137430205,3.3304064323140703
-0.7438767847397283,-0.4658830104147964,1.0125002640992318,4.429828153476155,5.298473117202769,5.0648594119414545,4.379478438570784,3.7673356137430205,3.3304064323140703
-0.9659569178961913,-0.5859004555503791,1.0876736249543757,4.429828153476155,5.298473117202769,5.059629066155732,4.379478438570784,3.7673356137430205,3.3304064323140703
-0.9996940427429201,-0.5965772757433024,1.076790054155968,4.429828153476155,5.298473117202769,5.059629066155732,4.389917830352374,3.7673356137430205,3.3304064323140703
-0.8967772768462979,0.5251936488079877,1.005929275241179,4.429828153476155,5.298473117202769,5.059629066155732,4.389917830352374,3.7679428430301427,3.3304064323140703
0.6791186774049495,0.4496326330565938,0.989509685957229,4.429828153476155,5.298473117202769,5.059629066155732,4.389917830352374,3.7679428430301427,3.318843560815348
0.6012017396830567,0.41960075297580957,0.970207265540974,4.439813045971402,5.298473117202769,5.059629066155732,4.389917830352374,3.7679428430301427,3.318843560815348
-0.7438996290791661,-0.4724257862544382,1.0037771140555631,4.439813045971402,5.283624042233773,5.059629066155732,4.389917830352374,3.7679428430301427,3.318843560815348
-0.9660724020258373,0.5654650343975124,1.0800397562372643,4.439813045971402,5.283624042233773,5.037960789485769,4.389917830352374,3.7679428430301427,3.318843560815348
-0.9998716491819257,0.6251711589014844,1.0676712495175102,4.439813045971402,5.283624042233773,5.037960789485769,4.375680816300134,3.7679428430301427,3.318843560815348
-0.8967883716018328,0.5503709137986903,0.9934858523119618,4.439813045971402,5.283624042233773,5.037960789485769,4.375680816300134,3.7681197892635048,3.318843560815348
0.6791152715135835,0.46784176610091016,0.9950618528849868,4.439813045971402,5.283624042233773,5.037960789485769,4.375680816300134,3.7681197892635048,3.3073528312323597
0.6011686736557542,-0.44840136648306944,0.9730196651613252,4.432823259128804,5.283624042233773,5.037960789485769,4.375680816300134,3.7681197892635048,3.3073528312323597
-0.7439052379353783,-0.4689690720760593,0.9950881637309305,4.432823259128804,5.268782534377389,5.037960789485769,4.375680816300134,3.7681197892635048,3.3073528312323597
-0.9662721656390613,-0.585663947603188,1.072445342750521,4.432823259128804,5.268782534377389,5.032835091442401,4.375680816300134,3.7681197892635048,3.3073528312323597
-0.9999684663032492,0.5542727170600168,1.0585068898657266,4.432823259128804,5.268782534377389,5.032835091442401,4.362986618239354,3.7681197892635048,3.3073528312323597
0.8920032954621832,0.5491663503874257,0.9810184054235557,4.432823259128804,5.268782534377389,5.032835091442401,4.362986618239354,3.749345307751214,3.3073528312323597
-0.680733372368514,0.45002772460847107,1.0005920012816487,4.432823259128804,5.268782534377389,5.032835091442401,4.362986618239354,3.749345307751214,3.3224673423793565
0.6012498973479091,-0.4154236990299163,0.9758448906761222,4.426468228396395,5.268782534377389,5.032835091442401,4.362986618239354,3.749345307751214,3.3224673423793565
0.7414648600045162,-0.4907657781072527,0.9864323905306563,4.426468228396395,5.28365861393545,5.032835091442401,4.362986618239354,3.749345307751214,3.3224673423793565
-0.9663597043115124,0.5906345719617205,1.0648345915904571,4.426468228396395,5.28365861393545,5.010833445265106,4.362986618239354,3.749345307751214,3.3224673423793565
-1.0000872111779242,0.5817953630286513,1.0492824801459397,4.426468228396395,5.28365861393545,5.010833445265106,4.34984820979173,3.749345307751214,3.3224673423793565
-0.8968351340225942,0.5504314070400103,1.004297575461329,4.426468228396395,5.28365861393545,5.010833445265106,4.34984820979173,3.749534721071275,3.3224673423793565
0.6791490834387776,0.45257463248416135,0.9788996723134016,4.426468228396395,5.28365861393545,5.010833445265106,4.34984820979173,3.749534721071275,3.3109230372278082
0.601273336849297,-0.4178986145401107,0.9786796357740338,4.4200563909703945,5.28365861393545,5.010833445265106,4.34984820979173,3.749534721071275,3.3109230372278082
-0.7439545271999488,-0.4683957177436566,1.00751747786777,4.4200563909703945,5.268828489392426,5.010833445265106,4.34984820979173,3.749534721071275,3.3109230372278082
-0.9665325332591318,-0.5892276882443066,1.0572691534650551,4.4200563909703945,5.268828489392426,5.0058754375135095,4.34984820979173,3.749534721071275,3.3109230372278082
-1.000192966253241,-0.6000088437238518,1.0400162060097085,4.4200563909703945,5.268828489392426,5.0058754375135095,4.360400790614493,3.749534721071275,3.3109230372278082
-0.8968427560034504,0.5279757891973698,0.9917712350175971,4.4200563909703945,5.268828489392426,5.0058754375135095,4.360400790614493,3.7501110960666773,3.3109230372278082
0.6791671818138942,0.4527330372859417,0.984382586393884,4.4200563909703945,5.268828489392426,5.0058754375135095,4.360400790614493,3.7501110960666773,3.2993813175236033
0.6012908926254693,-0.4181415035647603,0.9815287312180183,4.413631416764214,5.268828489392426,5.0058754375135095,4.360400790614493,3.7501110960666773,3.2993813175236033
-0.7439680251559286,-0.49276364671364553,0.9989233263133287,4.413631416764214,5.254009136874412,5.0058754375135095,4.360400790614493,3.7501110960666773,3.2993813175236033
-0.9665872711815171,-0.5673125243220258,1.0496831155104176,4.413631416764214,5.254009136874412,5.000411987247179,4.360400790614493,3.7501110960666773,3.2993813175236033
-1.0002986097392625,0.6057790027058638,1.0308317744500768,4.413631416764214,5.254009136874412,5.000411987247179,4.346576021674834,3.7501110960666773,3.2993813175236033
0.8920607561050087,0.5533570015307836,0.9792157722741982,4.413631416764214,5.254009136874412,5.000411987247179,4.346576021674834,3.7312611120095145,3.2993813175236033
0.6791743699458306,0.45359542021010857,0.9898428672254664,4.413631416764214,5.254009136874412,5.000411987247179,4.346576021674834,3.7312611120095145,3.287845436125874
0.601302769319159,-0.4193878726722647,0.9843918141763837,4.407173629888685,5.254009136874412,5.000411987247179,4.346576021674834,3.7312611120095145,3.287845436125874
0.7414979727196832,-0.4921210500096864,0.9903618488880609,4.407173629888685,5.268901896129384,5.000411987247179,4.346576021674834,3.7312611120095145,3.287845436125874
-0.9666505145419774,0.5934832291118208,1.0420749923100086,4.407173629888685,5.268901896129384,4.97834918056463,4.346576021674834,3.7312611120095145,3.287845436125874
-1.0003168619849674,0.5823028805680779,1.021598196665278,4.407173629888685,5.268901896129384,4.97834918056463,4.333344753617261,3.7312611120095145,3.287845436125874
-0.8968892986711892,0.5529478695699359,1.0024144850673316,4.407173629888685,5.268901896129384,4.97834918056463,4.333344753617261,3.731418114757931,3.287845436125874
0.6791707221470445,0.45468551510995403,0.9952801494978806,4.407173629888685,5.268901896129384,4.97834918056463,4.333344753617261,3.731418114757931,3.2763169448504206
0.6013089417289366,-0.4201075373692182,0.9872689156781785,4.40069333105145,5.268901896129384,4.97834918056463,4.333344753617261,3.731418114757931,3.2763169448504206
-0.7440187428116785,-0.47033136921201535,1.0115377239153927,4.40069333105145,5.254085354560072,4.97834918056463,4.333344753617261,3.731418114757931,3.2763169448504206
-0.9667801081375625,-0.5918414254674579,1.0345175434672584,4.40069333105145,5.254085354560072,4.9733629983863965,4.333344753617261,3.731418114757931,3.2763169448504206
-1.0003648292475498,-0.6024197182420196,1.012312178870272,4.40069333105145,5.254085354560072,4.9733629983863965,4.3438579618645425,3.731418114757931,3.2763169448504206
-0.8968929515078994,0.5298637928223056,0.9898048706686616,4.40069333105145,5.254085354560072,4.9733629983863965,4.3438579618645425,3.7319727897657926,3.2763169448504206
-0.68083801763905,0.45492455546338917,1.0006939453869388,4.40069333105145,5.254085354560072,4.9733629983863965,4.3438579618645425,3.7319727897657926,3.291459696006769
-0.6057303253328183,-0.4204252666820575,0.9901598897820034,4.390550873984707,5.254085354560072,4.9733629983863965,4.3438579618645425,3.7319727897657926,3.291459696006769
-0.7440407453605156,-0.4955962120169082,1.0030313620843099,4.390550873984707,5.239279381661098,4.9733629983863965,4.3438579618645425,3.7319727897657926,3.291459696006769
-0.9667881453402467,-0.5698754933670422,1.026939843229232,4.390550873984707,5.239279381661098,4.9678655566110725,4.3438579618645425,3.7319727897657926,3.291459696006769
-1.0004156909988042,0.6083668177762439,1.003113227682076,4.390550873984707,5.239279381661098,4.9678655566110725,4.329892252755274,3.7319727897657926,3.291459696006769
0.8921147149233772,0.5559973497752959,0.9771659937412629,4.390550873984707,5.239279381661098,4.9678655566110725,4.329892252755274,3.7130731946014315,3.291459696006769
0.679204925734969,0.4555955414488144,0.9788838397448769,4.390550873984707,5.239279381661098,4.9678655566110725,4.329892252755274,3.7130731946014315,3.279941570588747
0.6013571422692275,-0.42169466593141125,0.9689238843805327,4.384022784177313,5.239279381661098,4.9678655566110725,4.329892252755274,3.7130731946014315,3.279941570588747
-0.7440467110247975,-0.49471595593269424,0.9945563808542175,4.384022784177313,5.224475524638705,4.9678655566110725,4.329892252755274,3.7130731946014315,3.279941570588747
-0.9668048833840921,0.5957929190220986,1.0193403626241797,4.384022784177313,5.224475524638705,4.94575021201713,4.329892252755274,3.7130731946014315,3.279941570588747
-1.0003768284263685,0.5846537311513246,0.9938649359971565,4.384022784177313,5.224475524638705,4.94575021201713,4.316528216610036,3.7130731946014315,3.279941570588747
-0.8969392565339778,0.5555458031015248,1.0002833269424718,4.384022784177313,5.224475524638705,4.94575021201713,4.316528216610036,3.7131967886984003,3.279941570588747
0.6792234570847882,0.4568671171915364,0.9842506292339132,4.384022784177313,5.224475524638705,4.94575021201713,4.316528216610036,3.7131967886984003,3.2684324419020814
0.6013943194080351,-0.4223823788953117,0.9718434419303198,4.377472805456979,5.224475524638705,4.94575021201713,4.316528216610036,3.7131967886984003,3.2684324419020814
0.741552452151887,-0.47262361449798274,0.9861080120993484,4.377472805456979,5.239381571439968,4.94575021201713,4.316528216610036,3.7131967886984003,3.2684324419020814
-0.9668898916324283,-0.5940367252336384,1.0117927124120072,4.377472805456979,5.239381571439968,4.940725953150897,4.316528216610036,3.7131967886984003,3.2684324419020814
0.9965228876286574,0.5625204286715898,0.9845638110738715,4.377472805456979,5.239381571439968,4.940725953150897,4.306894851899391,3.7131967886984003,3.2684324419020814
0.8921400511324429,0.5554619839944087,0.9875900056254271,4.377472805456979,5.239381571439968,4.940725953150897,4.306894851899391,3.694299885849505,3.2684324419020814
0.6792313639534822,0.4571577636727147,0.9895935915555085,4.377472805456979,5.239381571439968,4.940725953150897,4.306894851899391,3.694299885849505,3.2569291961878926
0.6014256766193637,-0.4227059831281011,0.9747775180050633,4.370908176217591,5.239381571439968,4.940725953150897,4.306894851899391,3.694299885849505,3.2569291961878926
-0.7440973877403267,-0.4980086541069084,1.0073985292436642,4.370908176217591,5.22458623623729,4.940725953150897,4.306894851899391,3.694299885849505,3.2569291961878926
-0.9668512702998685,0.597174894820481,1.0042252165188017,4.370908176217591,5.22458623623729,4.918617542783762,4.306894851899391,3.694299885849505,3.2569291961878926
-1.0004453444699701,0.5886913951988345,1.0151488641646538,4.370908176217591,5.22458623623729,4.918617542783762,4.293677298503784,3.694299885849505,3.2569291961878926
-0.8969853842224389,0.5572663166539329,1.010648866183829,4.370908176217591,5.22458623623729,4.918617542783762,4.293677298503784,3.694407939467157,3.2569291961878926
0.6792286563517864,0.45832276963727153,0.9949121643469773,4.370908176217591,5.22458623623729,4.918617542783762,4.293677298503784,3.694407939467157,3.2454358363695293
0.6014511766471015,-0.42395045418512023,0.9777260532695341,4.364310820766466,5.22458623623729,4.918617542783762,4.293677298503784,3.694407939467157,3.2454358363695293
-0.7441125951549766,-0.4737188828062031,0.9990067170054183,4.364310820766466,5.209787680994977,4.918617542783762,4.293677298503784,3.694407939467157,3.2454358363695293
0.9656892785554971,-0.5961446744145917,0.9967037654827787,4.364310820766466,5.209787680994977,4.940615568745204,4.293677298503784,3.694407939467157,3.2454358363695293
-1.0004825693575636,-0.606450536840723,1.0057524508849562,4.364310820766466,5.209787680994977,4.940615568745204,4.304424452246944,3.694407939467157,3.2454358363695293
-0.8970051711867401,0.5335355059078859,0.9978960385749877,4.364310820766466,5.209787680994977,4.940615568745204,4.304424452246944,3.6949248453362524,3.2454358363695293
-0.6809403327217275,0.4585331992771113,1.000205976166798,4.364310820766466,5.209787680994977,4.940615568745204,4.304424452246944,3.6949248453362524,3.2606078277897503
0.6014708023988984,-0.4241845354518564,0.9806890624050056,4.357700611565741,5.209787680994977,4.940615568745204,4.304424452246944,3.6949248453362524,3.2606078277897503
0.7415846466386091,-0.49926292489941954,0.9906403252875957,4.357700611565741,5.224712401204242,4.940615568745204,4.304424452246944,3.6949248453362524,3.2606078277897503
-0.9669147640093952,-0.5736878397715198,1.0278134971946216,4.357700611565741,5.224712401204242,4.935214425963537,4.304424452246944,3.6949248453362524,3.2606078277897503
-1.0005218531194322,0.6126606154423178,0.9964482536769902,4.357700611565741,5.224712401204242,4.935214425963537,4.290504509490726,3.6949248453362524,3.2606078277897503
0.8922109594874335,0.560238939796649,0.9851132707616285,4.357700611565741,5.224712401204242,4.935214425963537,4.290504509490726,3.6759420995542933,3.2606078277897503
0.679263993399576,0.4594145899639879,0.9782713795260763,4.357700611565741,5.224712401204242,4.935214425963537,4.290504509490726,3.6759420995542933,3.249130078255963
0.6014845149411956,-0.4254588935214721,0.9836663884422558,4.351057130941336,5.224712401204242,4.935214425963537,4.290504509490726,3.6759420995542933,3.249130078255963
-0.744163788137001,-0.49885494564329763,1.012017982925456,4.351057130941336,5.209924104618946,4.935214425963537,4.290504509490726,3.6759420995542933,3.249130078255963
-0.9669323993195521,0.6000952938822622,1.020249810862753,4.351057130941336,5.209924104618946,4.913045780637325,4.290504509490726,3.6759420995542933,3.249130078255963
0.9966338357010911,0.5885981062714926,0.9870935604476202,4.351057130941336,5.209924104618946,4.913045780637325,4.280339465300045,3.6759420995542933,3.249130078255963
-0.8970510751992491,0.5592732910760305,1.0080906674777699,4.351057130941336,5.209924104618946,4.913045780637325,4.280339465300045,3.67602771344033,3.249130078255963
0.679284237014959,0.46046871728859157,0.9835155715268437,4.351057130941336,5.209924104618946,4.913045780637325,4.280339465300045,3.67602771344033,3.2376628410657933
0.6014922961809779,-0.4261711070887692,0.9866580605404539,4.34439138012173,5.209924104618946,4.913045780637325,4.280339465300045,3.67602771344033,3.2376628410657933
-0.7441887305161955,-0.47621079172170017,1.0037055054224902,4.34439138012173,5.195131644780357,4.913045780637325,4.280339465300045,3.67602771344033,3.2376628410657933
-0.967017618417737,-0.5987110425198148,1.0127351229126635,4.34439138012173,5.195131644780357,4.908124215665447,4.280339465300045,3.67602771344033,3.2376628410657933
-1.0005378834314447,-0.6092512433473518,1.017626160496253,4.34439138012173,5.195131644780357,4.908124215665447,4.291035534407235,3.67602771344033,3.2376628410657933
-0.8970655344145545,0.5361773396189426,0.9952529085959522,4.34439138012173,5.195131644780357,4.908124215665447,4.291035534407235,3.6765112830051048,3.2376628410657933
0.679294101066461,0.46069833731684795,0.9887346027589282,4.34439138012173,5.195131644780357,4.908124215665447,4.291035534407235,3.6765112830051048,3.2262035471151287
-0.6058657578518555,0.4311577694850985,0.9896639217161856,4.3511511639426095,5.195131644780357,4.908124215665447,4.291035534407235,3.6765112830051048,3.2262035471151287
-0.7441962869768115,-0.48452346131299145,0.9954173724459551,4.3511511639426095,5.180345563369007,4.908124215665447,4.291035534407235,3.6765112830051048,3.2262035471151287
-0.9669814797921978,0.578360307339052,1.0052011840547288,4.3511511639426095,5.180345563369007,4.886288624889371,4.291035534407235,3.6765112830051048,3.2262035471151287
-1.000600373040494,0.6387366363272343,1.0083085075235545,4.3511511639426095,5.180345563369007,4.886288624889371,4.2765017745153155,3.6765112830051048,3.2262035471151287
0.8922770140766718,0.5630552906301489,0.9823851914839284,4.3511511639426095,5.180345563369007,4.886288624889371,4.2765017745153155,3.6574753399670987,3.2262035471151287
0.6792936052368789,0.4788780465724988,0.9939279585700985,4.3511511639426095,5.180345563369007,4.886288624889371,4.2765017745153155,3.6574753399670987,3.2148250291636375
0.6014662847910466,-0.46137829609807374,0.9686778966563274,4.344008016776553,5.180345563369007,4.886288624889371,4.2765017745153155,3.6574753399670987,3.2148250291636375
0.7416405819459173,-0.479282177490744,0.9871580874080871,4.344008016776553,5.195276690174083,4.886288624889371,4.2765017745153155,3.6574753399670987,3.2148250291636375
-0.9670308048846267,-0.5979815244858468,0.9977036316368592,4.344008016776553,5.195276690174083,4.881457000290567,4.2765017745153155,3.6574753399670987,3.2148250291636375
-1.000570853091762,0.5658231622361235,0.9989431807762075,4.344008016776553,5.195276690174083,4.881457000290567,4.263556744419411,3.6574753399670987,3.2148250291636375
-0.8971112022939542,0.5619348291445028,1.0052799446777176,4.344008016776553,5.195276690174083,4.881457000290567,4.263556744419411,3.657528085598884,3.2148250291636375
-0.6810432611262254,0.46148481865513713,0.9990955838244581,4.344008016776553,5.195276690174083,4.881457000290567,4.263556744419411,3.657528085598884,3.2300321359720954
0.601560348154255,-0.4273770534442672,0.9718539286940142,4.337520718125024,5.195276690174083,4.881457000290567,4.263556744419411,3.657528085598884,3.2300321359720954
-0.7442475495921125,-0.503409657578498,1.008642754270178,4.337520718125024,5.180500707409961,4.881457000290567,4.263556744419411,3.657528085598884,3.2300321359720954
0.9659357231412287,0.603246490796971,0.9901927822580546,4.337520718125024,5.180500707409961,4.886415329759401,4.263556744419411,3.657528085598884,3.2300321359720954
0.9967576378201962,0.5938235164589647,0.9895144948719968,4.337520718125024,5.180500707409961,4.886415329759401,4.253264705926468,3.657528085598884,3.2300321359720954
-0.8971198339534827,0.5625447333801811,0.9923567140492838,4.337520718125024,5.180500707409961,4.886415329759401,4.253264705926468,3.657577829844603,3.2300321359720954
0.6793308685423218,0.46361447810531475,0.9770269430794808,4.337520718125024,5.180500707409961,4.886415329759401,4.253264705926468,3.657577829844603,3.218612119472485
0.6015913306302187,-0.4299224683166173,0.9750413330612959,4.330977342096474,5.180500707409961,4.886415329759401,4.253264705926468,3.657577829844603,3.218612119472485
-0.7442664020985001,-0.4791707780479051,1.000437508684757,4.330977342096474,5.165718176545566,4.886415329759401,4.253264705926468,3.657577829844603,3.218612119472485
-0.9670936489263955,-0.6017510163503023,1.021378680475829,4.330977342096474,5.165718176545566,4.881733872646221,4.253264705926468,3.657577829844603,3.218612119472485
-1.0006388726409208,-0.612576314472615,1.0199882821886503,4.330977342096474,5.165718176545566,4.881733872646221,4.26404954333344,3.657577829844603,3.218612119472485
0.8923376810043,0.5396624139433231,0.9794034120614953,4.330977342096474,5.165718176545566,4.881733872646221,4.26404954333344,3.638927315580584,3.218612119472485
0.6793541738397045,0.46335966906740916,0.9821392534416427,4.330977342096474,5.165718176545566,4.881733872646221,4.26404954333344,3.638927315580584,3.207199969365697
0.6016157549497929,-0.4301326131857724,0.9782452223072731,4.3244235203640295,5.165718176545566,4.881733872646221,4.26404954333344,3.638927315580584,3.207199969365697
0.7416738900927211,-0.5047502703490152,0.9922548700257686,4.3244235203640295,5.180661918693819,4.881733872646221,4.26404954333344,3.638927315580584,3.207199969365697
-0.9670765647691605,-0.5786131678729964,1.013887543045387,4.3244235203640295,5.180661918693819,4.876504740209942,4.26404954333344,3.638927315580584,3.207199969365697
-1.000706472096458,0.6183570311233952,1.010609420767622,4.3244235203640295,5.180661918693819,4.876504740209942,4.249939338212393,3.638927315580584,3.207199969365697
-0.8971652236888572,0.5660133374303931,1.0022092424813096,4.3244235203640295,5.180661918693819,4.876504740209942,4.249939338212393,3.6389233219262658,3.207199969365697
0.6793673289842616,0.4650274142533563,0.9872249829696678,4.3244235203640295,5.180661918693819,4.876504740209942,4.249939338212393,3.6389233219262658,3.1958039696691416
0.6016337800046858,-0.4313859026545558,0.9814652089263841,4.3178388331540845,5.180661918693819,4.876504740209942,4.249939338212393,3.6389233219262658,3.1958039696691416
-0.7443188332120041,-0.5043302861463249,1.01381855745563,4.3178388331540845,5.165885898405308,4.876504740209942,4.249939338212393,3.6389233219262658,3.1958039696691416
-0.9670648170799107,0.6059691701277817,1.0063756619289275,4.3178388331540845,5.165885898405308,4.854273197081131,4.249939338212393,3.6389233219262658,3.1958039696691416
-1.0006779798262126,0.5947209162705888,1.0011788176473433,4.3178388331540845,5.165885898405308,4.854273197081131,4.236426005732845,3.6389233219262658,3.1958039696691416
-0.8971675397766824,0.5653127792170711,0.989200303497102,4.3178388331540845,5.165885898405308,4.854273197081131,4.236426005732845,3.6389393875253804,3.1958039696691416
0.6793704482577817,0.46567508811760033,0.9922838946594136,4.3178388331540845,5.165885898405308,4.854273197081131,4.236426005732845,3.6389393875253804,3.1844208641767646
0.6016453819509882,-0.43210849947001284,0.9847013258912799,4.3112336463532515,5.165885898405308,4.854273197081131,4.236426005732845,3.6389393875253804,3.1844208641767646
-0.74434846571935,-0.48109438142881733,1.0056846507830588,4.3112336463532515,5.151102619958444,4.854273197081131,4.236426005732845,3.6389393875253804,3.1844208641767646
-0.9671206609919445,-0.6042686437716329,0.9989097082228293,4.3112336463532515,5.151102619958444,4.849526793058861,4.236426005732845,3.6389393875253804,3.1844208641767646
-1.0006844457897264,0.5716760684556281,0.9916932761226941,4.3112336463532515,5.151102619958444,4.849526793058861,4.223489100083302,3.6389393875253804,3.1844208641767646
0.8923925090670228,0.5656707203183962,0.9761608163997542,4.3112336463532515,5.151102619958444,4.849526793058861,4.223489100083302,3.6198427773660087,3.1844208641767646
-0.6811517784816683,0.4659720586340297,0.9973153809072552,4.3112336463532515,5.151102619958444,4.849526793058861,4.223489100083302,3.6198427773660087,3.199674190822011
0.6016505242673303,-0.4323783057034953,0.9879534184320674,4.304616932194803,5.151102619958444,4.849526793058861,4.223489100083302,3.6198427773660087,3.199674190822011
-0.744361015237593,-0.5074173859085873,0.9975723241944953,4.304616932194803,5.1363276408800305,4.849526793058861,4.223489100083302,3.6198427773660087,3.199674190822011
0.9660777561468065,0.6076293979592179,0.9914256967689486,4.304616932194803,5.1363276408800305,4.85443433047481,4.223489100083302,3.6198427773660087,3.199674190822011
0.9969050588980193,0.5976966367120228,0.9821545933774645,4.304616932194803,5.1363276408800305,4.85443433047481,4.212984449735726,3.6198427773660087,3.199674190822011
-0.8972127344870092,0.5667797291837862,0.9988822510208794,4.304616932194803,5.1363276408800305,4.85443433047481,4.212984449735726,3.619849597673177,3.199674190822011
0.6794082472701843,0.46711142715219556,0.9751087264888292,4.304616932194803,5.1363276408800305,4.85443433047481,4.212984449735726,3.619849597673177,3.1883184725939655
-0.6060147062768543,-0.4336676281961575,0.9912214191804934,4.2941255498030975,5.1363276408800305,4.85443433047481,4.212984449735726,3.619849597673177,3.1883184725939655
0.7417352537295163,-0.48334040428473724,0.9894862969995168,4.2941255498030975,5.15126500004524,4.85443433047481,4.212984449735726,3.619849597673177,3.1883184725939655
-0.9671801469921658,-0.6055931459446796,1.022640154303635,4.2941255498030975,5.15126500004524,4.8497960372790265,4.212984449735726,3.619849597673177,3.1883184725939655
-1.0007547796952194,-0.6165721500614143,1.0125220130565544,4.2941255498030975,5.15126500004524,4.8497960372790265,4.223983231435349,3.619849597673177,3.1883184725939655
0.8924189736482889,0.5433830561937368,0.9857814322808095,4.2941255498030975,5.15126500004524,4.8497960372790265,4.223983231435349,3.6011229834300478,3.1883184725939655
0.679435985619635,0.46669900216500043,0.9800852117841634,4.2941255498030975,5.15126500004524,4.8497960372790265,4.223983231435349,3.6011229834300478,3.176972525155533
0.6016980623602162,-0.43394876371075913,0.9703520737427286,4.287465645196382,5.15126500004524,4.8497960372790265,4.223983231435349,3.6011229834300478,3.176972525155533
-0.7444141133263872,-0.5089102149224355,1.0111432779838492,4.287465645196382,5.1364886495274105,4.8497960372790265,4.223983231435349,3.6011229834300478,3.176972525155533
-0.967165931167735,-0.5830954649887815,1.0151734581723755,4.287465645196382,5.1364886495274105,4.8446145027382155,4.223983231435349,3.6011229834300478,3.176972525155533
-1.000809015460748,0.6226491687933999,1.0030370634739172,4.287465645196382,5.1364886495274105,4.8446145027382155,4.2099014827091805,3.6011229834300478,3.176972525155533
-0.8972577174867844,0.5702712154114412,1.0084428526700258,4.287465645196382,5.1364886495274105,4.8446145027382155,4.2099014827091805,3.6010763163243076,3.176972525155533
0.6794538460159901,0.46856425229186766,0.9850338602924076,4.287465645196382,5.1364886495274105,4.8446145027382155,4.2099014827091805,3.6010763163243076,3.1656462693227856
0.6017319404254542,-0.4351784088975689,0.9736528082953255,4.280775448112793,5.1364886495274105,4.8446145027382155,4.2099014827091805,3.6010763163243076,3.1656462693227856
-0.7444390709766786,-0.5081985483049423,1.003102976351128,4.280775448112793,5.121708310401248,4.8446145027382155,4.2099014827091805,3.6010763163243076,3.1656462693227856
-0.9671559375506,0.6102569083641861,1.007686540543893,4.280775448112793,5.121708310401248,4.8223162481724975,4.2099014827091805,3.6010763163243076,3.1656462693227856
-1.0007623631216458,0.5986431634371362,0.9934993340745036,4.280775448112793,5.121708310401248,4.8223162481724975,4.196423757640102,3.6010763163243076,3.1656462693227856
-0.8972721508215378,0.5695446298873542,0.9952857788958664,4.280775448112793,5.121708310401248,4.8223162481724975,4.196423757640102,3.6010506703181635,3.1656462693227856
0.6794619570850229,0.4691952745425943,0.9899544874968711,4.280775448112793,5.121708310401248,4.8223162481724975,4.196423757640102,3.6010506703181635,3.154335542566121
0.601759233761132,-0.43588886658718784,0.9769701944204469,4.274065105324727,5.121708310401248,4.8223162481724975,4.196423757640102,3.6010506703181635,3.154335542566121
-0.7444480252769947,-0.48507146082545344,0.995082628690987,4.274065105324727,5.106919686146659,4.8223162481724975,4.196423757640102,3.6010506703181635,3.154335542566121
-0.9672129399499365,-0.6084036508343142,1.0002431491844435,4.274065105324727,5.106919686146659,4.817606356745201,4.196423757640102,3.6010506703181635,3.154335542566121
0.9970057733710509,-0.6189133247462266,0.9839056261416848,4.274065105324727,5.106919686146659,4.817606356745201,4.210184371315969,3.6010506703181635,3.154335542566121
0.892486724792029,0.5457725274049016,0.9820975350553862,4.274065105324727,5.106919686146659,4.817606356745201,4.210184371315969,3.5822768363425928,3.154335542566121
0.679460350684756,0.469004733714181,0.9948464596121499,4.274065105324727,5.106919686146659,4.817606356745201,4.210184371315969,3.5822768363425928,3.1430375552916217
0.6017799041522731,-0.4361879794190351,0.9803040764011894,4.2673427759123665,5.106919686146659,4.817606356745201,4.210184371315969,3.5822768363425928,3.1430375552916217
0.7417864222665864,-0.5112611996455819,0.9870824544068888,4.2673427759123665,5.121860828885767,4.817606356745201,4.210184371315969,3.5822768363425928,3.1430375552916217
0.9662285719399419,-0.5845505601378308,0.9927822178617441,4.2673427759123665,5.121860828885767,4.839504414814001,4.210184371315969,3.5822768363425928,3.1430375552916217
-1.0008558007205437,0.6253209176153204,1.0143656386156041,4.2673427759123665,5.121860828885767,4.839504414814001,4.195945773916419,3.5822768363425928,3.1430375552916217
-0.8973168851286281,0.5726429616636786,1.0046737488145574,4.2673427759123665,5.121860828885767,4.839504414814001,4.195945773916419,3.582204994541629,3.1430375552916217
-0.6812832789326003,0.470689625392792,0.9997093598183056,4.2673427759123665,5.121860828885767,4.839504414814001,4.195945773916419,3.582204994541629,3.1583531718839635
0.6017939095961677,-0.4374127700556179,0.9836543858412546,4.260590321879651,5.121860828885767,4.839504414814001,4.195945773916419,3.582204994541629,3.1583531718839635
-0.7445017234059792,-0.5104318787881514,1.0088318442921897,4.260590321879651,5.107073358601536,4.839504414814001,4.195945773916419,3.582204994541629,3.1583531718839635
-0.9671939686222848,0.6127582368623993,1.0239669592903844,4.260590321879651,5.107073358601536,4.817144193902434,4.195945773916419,3.582204994541629,3.1583531718839635
-1.000831921176183,0.6010000159087416,1.0048168682687284,4.260590321879651,5.107073358601536,4.817144193902434,4.182315959124795,3.582204994541629,3.1583531718839635
-0.8973235708094087,0.5719440394379014,0.9914287425702024,4.260590321879651,5.107073358601536,4.817144193902434,4.182315959124795,3.5821538792620777,3.1583531718839635
0.6794996632402917,0.4713110116562749,0.9773283455794675,4.260590321879651,5.107073358601536,4.817144193902434,4.182315959124795,3.5821538792620777,3.1470929733643525
0.6018012319282368,-0.4381271251355488,0.9870211350653874,4.253817721635477,5.107073358601536,4.817144193902434,4.182315959124795,3.5821538792620777,3.1470929733643525
-0.7445225655286818,-0.4874832141280651,1.0008749433172017,4.253817721635477,5.092276799698338,4.817144193902434,4.182315959124795,3.5821538792620777,3.1470929733643525
-0.9672824040730946,-0.610909194880664,1.0165259025460787,4.253817721635477,5.092276799698338,4.812348347401802,4.182315959124795,3.5821538792620777,3.1470929733643525
-1.000845109756112,-0.6213283482700117,0.9952117212379289,4.253817721635477,5.092276799698338,4.812348347401802,4.193176122221133,3.5821538792620777,3.1470929733643525
0.8925472087104794,0.5479525581871022,0.9781524870001417,4.253817721635477,5.092276799698338,4.812348347401802,4.193176122221133,3.5633361666872108,3.1470929733643525
0.6795237450787037,0.4711057864399425,0.98213326231152,4.253817721635477,5.092276799698338,4.812348347401802,4.193176122221133,3.5633361666872108,3.1358468807710076
-0.6061224836578338,-0.4384342864107396,0.9904041676669848,4.243266056172204,5.092276799698338,4.812348347401802,4.193176122221133,3.5633361666872108,3.1358468807710076
0.7418174855244734,-0.5137318143874107,0.992936981033569,4.243266056172204,5.107211019303607,4.812348347401802,4.193176122221133,3.5633361666872108,3.1358468807710076
-0.9672549149366031,0.5901451692671115,1.0090670432780546,4.243266056172204,5.107211019303607,4.79032753977301,4.193176122221133,3.5633361666872108,3.1358468807710076
0.9970899850634244,0.6514761018684098,0.9857108879055287,4.243266056172204,5.107211019303607,4.79032753977301,4.182103183116945,3.5633361666872108,3.1358468807710076
-0.8973680617626267,0.5752814198029876,1.0006426793558252,4.243266056172204,5.107211019303607,4.79032753977301,4.182103183116945,3.5632352464001955,3.1358468807710076
0.6795383103056967,0.4725653202365215,0.9869087113261814,4.243266056172204,5.107211019303607,4.79032753977301,4.182103183116945,3.5632352464001955,3.1246225634428875
0.6018487742795803,-0.4397039750841639,0.9696449287381508,4.236450463847355,5.107211019303607,4.79032753977301,4.182103183116945,3.5632352464001955,3.1246225634428875
-0.7445767066444223,-0.48906627554500787,1.0147497071460139,4.236450463847355,5.09240899709855,4.79032753977301,4.182103183116945,3.5632352464001955,3.1246225634428875
-0.9673074139954126,-0.6106469158430277,1.0016372675316896,4.236450463847355,5.09240899709855,4.785610693451843,4.182103183116945,3.5632352464001955,3.1246225634428875
-1.0008832777290477,0.577329619620504,1.0161181103270185,4.236450463847355,5.09240899709855,4.785610693451843,4.16883643700821,3.5632352464001955,3.1246225634428875
0.892574343018906,0.5737683670916972,0.9873092737769513,4.236450463847355,5.09240899709855,4.785610693451843,4.16883643700821,3.5439783867416894,3.1246225634428875
0.679543468237366,0.4729714301622523,0.991654484822672,4.236450463847355,5.09240899709855,4.785610693451843,4.16883643700821,3.5439783867416894,3.1134163981439706
0.6018841608440095,-0.4399436633407697,0.9730613678671716,4.2296241645968164,5.09240899709855,4.785610693451843,4.16883643700821,3.5439783867416894,3.1134163981439706
-0.7446088191256938,-0.5154170732899763,1.006852926726748,4.2296241645968164,5.077610803286563,4.785610693451843,4.16883643700821,3.5439783867416894,3.1134163981439706
0.9663878564397109,0.6160027018863022,0.9941961326567414,4.2296241645968164,5.077610803286563,4.790470880976724,4.16883643700821,3.5439783867416894,3.1134163981439706
-1.0009155815216708,0.6062060473814451,1.00650009940379,4.2296241645968164,5.077610803286563,4.790470880976724,4.1550983046032535,3.5439783867416894,3.1134163981439706
-0.897412512286974,0.5754991626216662,1.0097432892255085,4.2296241645968164,5.077610803286563,4.790470880976724,4.1550983046032535,3.543891635035644,3.1134163981439706
-0.6813847999643959,0.4741167749287823,0.9963700366215499,4.2296241645968164,5.077610803286563,4.790470880976724,4.1550983046032535,3.543891635035644,3.12878996986725
0.6019127175278256,0.4446600037189156,0.9764947305685696,4.24027144903491,5.077610803286563,4.790470880976724,4.1550983046032535,3.543891635035644,3.12878996986725
-0.7446264233556956,-0.47263873766459435,0.9989787524253139,4.24027144903491,5.062798997810867,4.790470880976724,4.1550983046032535,3.543891635035644,3.12878996986725
-0.9673686833667375,-0.6135951204435139,1.0254594906743215,4.24027144903491,5.062798997810867,4.785875192375953,4.1550983046032535,3.543891635035644,3.12878996986725
-1.0009345283114708,0.5811780976980913,0.996836650170026,4.24027144903491,5.062798997810867,4.785875192375953,4.1419740687631545,3.543891635035644,3.12878996986725
-0.8974289440357476,0.5757797281422168,0.996346715874002,4.24027144903491,5.062798997810867,4.785875192375953,4.1419740687631545,3.5438090284654837,3.12878996986725
0.6795841707655544,0.4923034205848765,0.9738365927816273,4.24027144903491,5.062798997810867,4.785875192375953,4.1419740687631545,3.5438090284654837,3.1177032609564517
0.6018539883065139,-0.4761144186947532,0.9800971826797835,4.232961164547377,5.062798997810867,4.785875192375953,4.1419740687631545,3.5438090284654837,3.1177032609564517
0.7418830127437864,-0.5177618659113251,0.9911218502775628,4.232961164547377,5.077726735931777,4.785875192375953,4.1419740687631545,3.5438090284654837,3.1177032609564517
-0.9673606538581128,0.6183199138864566,1.0180328036064856,4.232961164547377,5.077726735931777,4.763489897208972,4.1419740687631545,3.5438090284654837,3.1177032609564517
0.9972326167003948,0.607630460035674,0.9871177257686492,4.232961164547377,5.077726735931777,4.763489897208972,4.1312718588854604,3.5438090284654837,3.1177032609564517
0.8926453740285236,0.5769802462683536,0.9829186140592757,4.232961164547377,5.077726735931777,4.763489897208972,4.1312718588854604,3.524486569087429,3.1177032609564517
0.6796165320274008,0.47390815595327135,0.9784920613801323,4.232961164547377,5.077726735931777,4.763489897208972,4.1312718588854604,3.524486569087429,3.1065578417625095
0.6019291717599189,-0.4420116788466815,0.983716249224362,4.226309831359943,5.077726735931777,4.763489897208972,4.1312718588854604,3.524486569087429,3.1065578417625095
-0.7446804712544779,-0.49147701558750584,1.0130212486369117,4.226309831359943,5.06291332549797,4.763489897208972,4.1312718588854604,3.524486569087429,3.1065578417625095
-0.9674325201157136,-0.6158721127325998,1.0106381665163624,4.226309831359943,5.06291332549797,4.759011376711436,4.1312718588854604,3.524486569087429,3.1065578417625095
-1.0010044349040939,-0.6266358946965858,1.0173149551868563,4.226309831359943,5.06291332549797,4.759011376711436,4.142468418401389,3.524486569087429,3.1065578417625095
-0.8974731269998144,0.5527135359977017,1.0052607863261644,4.226309831359943,5.06291332549797,4.759011376711436,4.142468418401389,3.524810863531903,3.1065578417625095
0.6796393624577631,0.47593266820528346,0.9831134241105015,4.226309831359943,5.06291332549797,4.759011376711436,4.142468418401389,3.524810863531903,3.0954398786987367
0.60193586993352,-0.4435806309998634,0.9873484726044262,4.21962385389775,5.06291332549797,4.759011376711436,4.142468418401389,3.524810863531903,3.0954398786987367
-0.7447096483218264,-0.518332911002442,1.0052061977399163,4.21962385389775,5.048102230376315,4.759011376711436,4.142468418401389,3.524810863531903,3.0954398786987367
-0.9673947947938883,-0.5922211687689712,1.0032274430031505,4.21962385389775,5.048102230376315,4.753956897642425,4.142468418401389,3.524810863531903,3.0954398786987367
-1.0010693267508077,0.6326214505982238,1.007655653545645,4.21962385389775,5.048102230376315,4.753956897642425,4.12817728661958,3.524810863531903,3.0954398786987367
-0.8974802638448773,0.580166150530875,0.9917692326484664,4.21962385389775,5.048102230376315,4.753956897642425,4.12817728661958,3.5246703385165405,3.0954398786987367
0.6796528757710312,0.47709844204109336,0.9877040666938162,4.21962385389775,5.048102230376315,4.753956897642425,4.12817728661958,3.5246703385165405,3.084346692980006
-0.6062536868294149,-0.4448227063996494,0.9909990040679227,4.208790952832151,5.048102230376315,4.753956897642425,4.12817728661958,3.5246703385165405,3.084346692980006
-0.7447245489110755,-0.517760166306409,0.9974126857072908,4.208790952832151,5.033283474682127,4.753956897642425,4.12817728661958,3.5246703385165405,3.084346692980006
0.9665608718730117,0.6204063167452084,0.9957977720392206,4.208790952832151,5.033283474682127,4.758823768858078,4.12817728661958,3.5246703385165405,3.084346692980006
-1.001027503478357,0.6081543916512991,0.9979414905749625,4.208790952832151,5.033283474682127,4.758823768858078,4.114496878042187,3.5246703385165405,3.084346692980006
0.89270774184048,0.5793910162924569,0.9782518627886955,4.208790952832151,5.033283474682127,4.758823768858078,4.114496878042187,3.5052996249109425,3.084346692980006
0.6796573798936576,0.47709050589960433,0.9922633694459712,4.208790952832151,5.033283474682127,4.758823768858078,4.114496878042187,3.5052996249109425,3.0732738854214987
0.6019825826823012,-0.44556482257927404,0.9705038465851031,4.202058009294242,5.033283474682127,4.758823768858078,4.114496878042187,3.5052996249109425,3.0732738854214987
0.7419394961964837,-0.49440385838334083,0.989635365598747,4.202058009294242,5.04818695761747,4.758823768858078,4.114496878042187,3.5052996249109425,3.0732738854214987
-0.9674724113408883,-0.6178821099338122,1.0270815380857878,4.202058009294242,5.04818695761747,4.7542205360122605,4.114496878042187,3.5052996249109425,3.0732738854214987
0.9973533362518752,-0.628529538437543,0.9881694199490426,4.202058009294242,5.04818695761747,4.7542205360122605,4.128464850204533,3.5052996249109425,3.0732738854214987
-0.8975242534118859,0.5551623536472364,1.0005063062580444,4.202058009294242,5.04818695761747,4.7542205360122605,4.128464850204533,3.5056000005993972,3.0732738854214987
-0.681520861396993,0.47792711924372067,0.9967908481287487,4.202058009294242,5.04818695761747,4.7542205360122605,4.128464850204533,3.5056000005993972,3.0887284754983817
0.602015575521776,-0.4457770741478079,0.9741914326582438,4.195316944318781,5.04818695761747,4.7542205360122605,4.128464850204533,3.5056000005993972,3.0887284754983817
-0.744779648610389,-0.5205490613677597,1.0116075192189025,4.195316944318781,5.033357661896972,4.7542205360122605,4.128464850204533,3.5056000005993972,3.0887284754983817
-0.9674677426276705,-0.5947904056458346,1.0196702373978568,4.195316944318781,5.033357661896972,4.7490539269933105,4.128464850204533,3.5056000005993972,3.0887284754983817
-1.0011223929295812,0.6351968825223754,1.0184704867024488,4.195316944318781,5.033357661896972,4.7490539269933105,4.114006690829268,3.5056000005993972,3.0887284754983817
0.892735599614503,0.5825787258750158,0.9869244838317499,4.195316944318781,5.033357661896972,4.7490539269933105,4.114006690829268,3.486172167913268,3.0887284754983817
0.6796998025757821,0.4787313034849662,0.9740628417206603,4.195316944318781,5.033357661896972,4.7490539269933105,4.114006690829268,3.486172167913268,3.0777053945912667
0.6020411856258557,-0.44704201154099504,0.9778977638627403,4.188547180459194,5.033357661896972,4.7490539269933105,4.114006690829268,3.486172167913268,3.0777053945912667
-0.7448077625558106,-0.5198091168611946,1.0038664303157916,4.188547180459194,5.018519596896271,4.7490539269933105,4.114006690829268,3.486172167913268,3.0777053945912667
-0.9674641825001763,0.6229710131319858,1.0122397794312439,4.188547180459194,5.018519596896271,4.726536258053511,4.114006690829268,3.486172167913268,3.0777053945912667
-1.0011024435577172,0.6109882603309856,1.0087487221570839,4.188547180459194,5.018519596896271,4.726536258053511,4.100152685536607,3.486172167913268,3.0777053945912667
-0.8975679872647178,0.5821196405791259,1.0091219572464813,4.188547180459194,5.018519596896271,4.726536258053511,4.100152685536607,3.486026846356293,3.0777053945912667
0.6797321177159846,0.47976701326510485,0.9785267064643993,4.188547180459194,5.018519596896271,4.726536258053511,4.100152685536607,3.486026846356293,3.0667092746511644
0.6020593948534763,-0.44774118286431713,0.9816228625406243,4.181759751909958,5.018519596896271,4.726536258053511,4.100152685536607,3.486026846356293,3.0667092746511644
-0.7448203683978161,-0.49627463664786914,0.9961404364873393,4.181759751909958,5.003670891721203,4.726536258053511,4.100152685536607,3.486026846356293,3.0667092746511644
-0.9675263666807595,-0.6209174503071353,1.0048470369736253,4.181759751909958,5.003670891721203,4.7218357399834945,4.100152685536607,3.486026846356293,3.0667092746511644
-1.0011227503629254,0.5872587307894046,0.9989687462079707,4.181759751909958,5.003670891721203,4.7218357399834945,4.086884554041726,3.486026846356293,3.0667092746511644
-0.8975825833007047,0.5824735348284101,0.9954813309897294,4.181759751909958,5.003670891721203,4.7218357399834945,4.086884554041726,3.4858852484732203,3.0667092746511644
0.6797556686970979,0.480433007829367,0.9829584808984598,4.181759751909958,5.003670891721203,4.7218357399834945,4.086884554041726,3.4858852484732203,3.0557393210779376
0.6020701575887608,-0.44801263581882517,0.9853665558177437,4.1749631264181115,5.003670891721203,4.7218357399834945,4.086884554041726,3.4858852484732203,3.0557393210779376
0.7419913016187791,-0.5229049545520033,0.98842955142834,4.1749631264181115,5.018557322617801,4.7218357399834945,4.086884554041726,3.4858852484732203,3.0557393210779376
0.9667383662656536,0.6249499539838885,0.9974383175609244,4.1749631264181115,5.018557322617801,4.726710530722859,4.086884554041726,3.4858852484732203,3.0557393210779376
0.9974807850129447,0.6140327298032991,0.989132566524331,4.1749631264181115,5.018557322617801,4.726710530722859,4.076080904359774,3.4858852484732203,3.0557393210779376
0.8928060294092737,0.583316146194427,0.9818085290604179,4.1749631264181115,5.018557322617801,4.726710530722859,4.076080904359774,3.4664323771757677,3.0557393210779376
0.6797705143432595,0.48070434981362,0.987357741045988,4.1749631264181115,5.018557322617801,4.726710530722859,4.076080904359774,3.4664323771757677,3.0447944936780105
0.6020734269506776,-0.44929605232195746,0.9891287697703887,4.168137507356295,5.018557322617801,4.726710530722859,4.076080904359774,3.4664323771757677,3.0447944936780105
-0.7448760944086807,-0.49787967557623186,1.0104752089117615,4.168137507356295,5.003695917434785,4.726710530722859,4.076080904359774,3.4664323771757677,3.0447944936780105
-0.9675839069123615,-0.6225615116025225,1.0287414506892043,4.168137507356295,5.003695917434785,4.722102203278677,4.076080904359774,3.4664323771757677,3.0447944936780105
-1.0011925586465986,-0.633031443578184,1.0192203221722358,4.168137507356295,5.003695917434785,4.722102203278677,4.087377539551187,3.4664323771757677,3.0447944936780105
-0.8976261388105309,0.5592747466529603,1.0039115710140087,4.168137507356295,5.003695917434785,4.722102203278677,4.087377539551187,3.4667008899457783,3.0447944936780105
0.6797767048998076,0.4813000610754894,0.9917241245547666,4.168137507356295,5.003695917434785,4.722102203278677,4.087377539551187,3.4667008899457783,3.0338770315820907
-0.6063544392571454,-0.44952470862795624,0.9929095127961338,4.157232904054684,5.003695917434785,4.722102203278677,4.087377539551187,3.4667008899457783,3.0338770315820907
-0.7449012444229292,-0.52464090710405,1.0027980536323415,4.157232904054684,4.988832024949513,4.722102203278677,4.087377539551187,3.4667008899457783,3.0338770315820907
-0.9675826767390764,0.6015809569387435,1.021344329060272,4.157232904054684,4.988832024949513,4.699918064890415,4.087377539551187,3.4667008899457783,3.0338770315820907
-1.001261823695203,0.6639862049561062,1.0094476103564343,4.157232904054684,4.988832024949513,4.699918064890415,4.072431168654476,3.4667008899457783,3.0338770315820907
-0.8976299598128024,0.5873668964156414,0.990173968049954,4.157232904054684,4.988832024949513,4.699918064890415,4.072431168654476,3.4664953153157327,3.0338770315820907
-0.6816532760820846,0.4823398160634519,0.9960573628306039,4.157232904054684,4.988832024949513,4.699918064890415,4.072431168654476,3.4664953153157327,3.0494248157113257
0.6021200672977555,-0.45077541119756914,0.972540132444869,4.150370774088163,4.988832024949513,4.699918064890415,4.072431168654476,3.4664953153157327,3.0494248157113257
-0.744912461289267,-0.49991344673314025,0.9951401786201547,4.150370774088163,4.973956993819146,4.699918064890415,4.072431168654476,3.4664953153157327,3.0494248157113257
-0.967654540071452,-0.6220411075922783,1.0139684876807713,4.150370774088163,4.973956993819146,4.695365804279311,4.072431168654476,3.4664953153157327,3.0494248157113257
-1.0012228674550343,0.5885629722909725,0.9996221057006118,4.150370774088163,4.973956993819146,4.695365804279311,4.059119226647111,3.4664953153157327,3.0494248157113257
0.8928663992308314,0.5855920291387052,0.9764100062529167,4.150370774088163,4.973956993819146,4.695365804279311,4.059119226647111,3.44699557061843,3.0494248157113257
0.6798209546860376,0.4827106770208926,0.9731286562762369,4.150370774088163,4.973956993819146,4.695365804279311,4.059119226647111,3.44699557061843,3.038565299499491
0.6021490158385383,-0.4510007338637784,0.9763587816864351,4.143500507136506,4.973956993819146,4.695365804279311,4.059119226647111,3.44699557061843,3.038565299499491
0.7420381950287052,-0.525936984128386,0.987495835473119,4.143500507136506,4.988817441531755,4.695365804279311,4.059119226647111,3.44699557061843,3.038565299499491
-0.9676263829648364,0.6284610168541707,1.0065833718431458,4.143500507136506,4.988817441531755,4.672813129375829,4.059119226647111,3.44699557061843,3.038565299499491
0.9976108286707177,0.6177067027032382,0.9897279777259037,4.143500507136506,4.988817441531755,4.672813129375829,4.048263126681555,3.44699557061843,3.038565299499491
-0.8976733320834059,0.5868483129472238,0.9984231573721306,4.143500507136506,4.988817441531755,4.672813129375829,4.048263126681555,3.4468199871705987,3.038565299499491
0.6798562094275571,0.48381615051662197,0.977395354766715,4.143500507136506,4.988817441531755,4.672813129375829,4.048263126681555,3.4468199871705987,3.0277378353756714
0.6021703202573054,-0.4522386472672601,0.9801965226992637,4.1366023028180425,4.988817441531755,4.672813129375829,4.048263126681555,3.4468199871705987,3.0277378353756714
-0.7449686645830301,-0.5005464489139989,1.0096095575807302,4.1366023028180425,4.973927179471852,4.672813129375829,4.048263126681555,3.4468199871705987,3.0277378353756714
-0.9676726352593792,-0.6258721888483217,0.9992263559289534,4.1366023028180425,4.973927179471852,4.668389622719457,4.048263126681555,3.4468199871705987,3.0277378353756714
-1.0012900067994526,-0.6367025846932066,1.019762388214147,4.1366023028180425,4.973927179471852,4.668389622719457,4.059611869832251,3.4468199871705987,3.0277378353756714
0.8928947856696493,0.5628702458115123,0.9845933633201406,4.1366023028180425,4.973927179471852,4.668389622719457,4.059611869832251,3.4276941179505656,3.0277378353756714
0.6798831046086452,0.4835500246112301,0.9816285940420999,4.1366023028180425,4.973927179471852,4.668389622719457,4.059611869832251,3.4276941179505656,3.0169367035149404
0.6021839608600121,-0.45247198433979186,0.9840533699444227,4.129695856618726,4.973927179471852,4.668389622719457,4.059611869832251,3.4276941179505656,3.0169367035149404
-0.744992574229648,-0.527956434625608,1.0019964830566968,4.129695856618726,4.959031915025346,4.668389622719457,4.059611869832251,3.4276941179505656,3.0169367035149404
0.9669205183237655,-0.6014492613667143,0.991855254788427,4.129695856618726,4.959031915025346,4.690533283077421,4.059611869832251,3.4276941179505656,3.0169367035149404
-1.0013606404948676,0.6431471251164554,1.0099342292170375,4.129695856618726,4.959031915025346,4.690533283077421,4.04505876140621,3.4276941179505656,3.0169367035149404
-0.8977163569133021,0.5904090388726406,1.006542404395723,4.129695856618726,4.959031915025346,4.690533283077421,4.04505876140621,3.427468777557634,3.0169367035149404
0.6799016848704015,0.4851992761124222,0.985827921999049,4.129695856618726,4.959031915025346,4.690533283077421,4.04505876140621,3.427468777557634,3.006171972200555
0.6021898814327603,-0.45375644085526734,0.9879291460474707,4.122760602464181,4.959031915025346,4.690533283077421,4.04505876140621,3.427468777557634,3.006171972200555
-0.7450027445932746,-0.5267170755744989,0.9944016980616112,4.122760602464181,4.944125437095269,4.690533283077421,4.04505876140621,3.427468777557634,3.006171972200555
-0.9676540018550102,0.6308201925030988,1.0231551369470073,4.122760602464181,4.944125437095269,4.6679115914241,4.04505876140621,3.427468777557634,3.006171972200555
-1.0013191033960775,0.6180413918508328,1.000049331055519,4.122760602464181,4.944125437095269,4.6679115914241,4.031127364247143,3.427468777557634,3.006171972200555
-0.8977252609357088,0.5896341397102847,0.9926525363021992,4.122760602464181,4.944125437095269,4.6679115914241,4.031127364247143,3.4272677671098863,3.006171972200555
0.6799120469886679,0.48579851108493444,0.9899932466215783,4.122760602464181,4.944125437095269,4.6679115914241,4.031127364247143,3.4272677671098863,2.9954396137959636
-0.606432939491495,-0.4544550150465828,0.9918238618898442,4.11177558962573,4.944125437095269,4.6679115914241,4.031127364247143,3.4272677671098863,2.9954396137959636
0.7420803995548031,-0.5036149225808987,0.9868195990906721,4.11177558962573,4.958950433822685,4.6679115914241,4.031127364247143,3.4272677671098863,2.9954396137959636
-0.9677344426483109,-0.6279215441218018,1.0157963608787106,4.11177558962573,4.958950433822685,4.6633459414352245,4.031127364247143,3.4272677671098863,2.9954396137959636
0.997741856439855,0.5945386480142617,0.9901045909501389,4.11177558962573,4.958950433822685,4.6633459414352245,4.020757479228624,3.4272677671098863,2.9954396137959636
0.8929608582517536,0.5895059519645365,0.9787294775250568,4.11177558962573,4.958950433822685,4.6633459414352245,4.020757479228624,3.4076844371388284,2.9954396137959636
0.6799142682542466,0.485801703795965,0.9941240622511472,4.11177558962573,4.958950433822685,4.6633459414352245,4.020757479228624,3.4076844371388284,2.9847374922800216
0.6022364598346432,0.45936439611882096,0.9715649134117731,4.122840611635246,4.958950433822685,4.6633459414352245,4.020757479228624,3.4076844371388284,2.9847374922800216
-0.7450591433693585,-0.5112680805451552,1.0089917483686663,4.122840611635246,4.944026652660449,4.6633459414352245,4.020757479228624,3.4076844371388284,2.9847374922800216
-0.9677072576802829,0.6326758918732358,1.008422924756657,4.122840611635246,4.944026652660449,4.640710967495389,4.020757479228624,3.4076844371388284,2.9847374922800216
-1.0013863569940413,0.6221643809859655,1.0200830756572927,4.122840611635246,4.944026652660449,4.640710967495389,4.006954221170873,3.4076844371388284,2.9847374922800216
-0.8977681819533319,0.5914130786147384,1.0005873286890103,4.122840611635246,4.944026652660449,4.640710967495389,4.006954221170873,3.407474963724176,2.9847374922800216
-0.6818011293182856,0.5058090335120223,0.9982200453896007,4.122840611635246,4.944026652660449,4.640710967495389,4.006954221170873,3.407474963724176,3.0005022561650567
0.6021791890226976,-0.49174694161903587,0.975664746610637,4.115399944859257,4.944026652660449,4.640710967495389,4.006954221170873,3.407474963724176,3.0005022561650567
-0.7450828107808453,-0.505645724719424,1.0014386253207226,4.115399944859257,4.929095222787939,4.640710967495389,4.006954221170873,3.407474963724176,3.0005022561650567
-0.9677558245900931,-0.6300517059859125,1.0010756160204595,4.115399944859257,4.929095222787939,4.636244641459299,4.006954221170873,3.407474963724176,3.0005022561650567
-1.0014307170932457,-0.6406959119739146,1.010031356198191,4.115399944859257,4.929095222787939,4.636244641459299,4.018465821442714,3.407474963724176,3.0005022561650567
0.8929896362066257,0.5671387880634711,0.9865980620778079,4.115399944859257,4.929095222787939,4.636244641459299,4.018465821442714,3.388258657904127,3.0005022561650567
0.6799611960009312,0.48564818395878645,0.975047967108556,4.115399944859257,4.929095222787939,4.636244641459299,4.018465821442714,3.388258657904127,2.989866688595771
0.6022684227124854,-0.45545464428576377,0.9797835760763715,4.108661587506253,4.929095222787939,4.636244641459299,4.018465821442714,3.388258657904127,2.989866688595771
-0.745091194841933,-0.5314403847071187,0.9939007294604614,4.108661587506253,4.914155313841228,4.636244641459299,4.018465821442714,3.388258657904127,2.989866688595771
0.9670785252834471,0.6093999078478489,0.9937147469492095,4.108661587506253,4.914155313841228,4.641251666862143,4.018465821442714,3.388258657904127,2.989866688595771
-1.0014832310029282,0.6717260430924202,1.000099734059733,4.108661587506253,4.914155313841228,4.641251666862143,4.003410341325145,3.388258657904127,2.989866688595771
-0.8978107991619368,0.5952780822750441,1.0083908560627062,4.108661587506253,4.914155313841228,4.641251666862143,4.003410341325145,3.3879957769245572,2.989866688595771
0.6799943673765503,0.48878815236071455,0.9790716453196561,4.108661587506253,4.914155313841228,4.641251666862143,4.003410341325145,3.3879957769245572,2.979279571293318
0.6022822243986772,-0.4581087018451453,0.9839179023664469,4.101869922381701,4.914155313841228,4.641251666862143,4.003410341325145,3.3879957769245572,2.979279571293318
0.7421217178740348,-0.5067290405334218,0.986379799889551,4.101869922381701,4.928949186551225,4.641251666862143,4.003410341325145,3.3879957769245572,2.979279571293318
-0.9678078962800458,-0.6289703022376527,1.0250642275817856,4.101869922381701,4.928949186551225,4.636811698181574,4.003410341325145,3.3879957769245572,2.979279571293318
0.9978736991834275,0.5958220027560356,0.99011374618434,4.101869922381701,4.928949186551225,4.636811698181574,3.9930530361436642,3.3879957769245572,2.979279571293318
-0.8978230313669345,0.5929625104100021,0.9943405148510498,4.101869922381701,4.928949186551225,4.636811698181574,3.9930530361436642,3.3877840323695074,2.979279571293318
0.6800192921652737,0.4892559599202864,0.9830606840307015,4.101869922381701,4.928949186551225,4.636811698181574,3.9930530361436642,3.3877840323695074,2.968728725459595
0.6022876567712019,-0.4582512303122868,0.9880733956210109,4.095073820870008,4.928949186551225,4.636811698181574,3.9930530361436642,3.3877840323695074,2.968728725459595
-0.7451482398836673,-0.532914519073771,1.0086141811196192,4.095073820870008,4.913988349450472,4.636811698181574,3.9930530361436642,3.3877840323695074,2.968728725459595
-0.9678032402523498,0.6357720928100802,1.0177098314741233,4.095073820870008,4.913988349450472,4.614154561989001,3.9930530361436642,3.3877840323695074,2.968728725459595
-1.0014834764059877,0.6253594033429747,1.0200428493615243,4.095073820870008,4.913988349450472,4.614154561989001,3.9791500523630323,3.3877840323695074,2.968728725459595
0.8930598425352575,0.5947095734718371,0.9802562726315984,4.095073820870008,4.913988349450472,4.614154561989001,3.9791500523630323,3.3680944863766946,2.968728725459595
0.6800364750656274,0.4895221305547698,0.9870142950186563,4.095073820870008,4.913988349450472,4.614154561989001,3.9791500523630323,3.3680944863766946,2.95821397965764
-0.6065373552182997,-0.45954047835996614,0.9922496094268868,4.083811975738619,4.913988349450472,4.614154561989001,3.9791500523630323,3.3680944863766946,2.95821397965764
-0.7451725163584456,-0.5076100865331192,1.0011199639538126,4.083811975738619,4.899017545045479,4.614154561989001,3.9791500523630323,3.3680944863766946,2.95821397965764
-0.9678681241574376,-0.6331430514038962,1.010378452542134,4.083811975738619,4.899017545045479,4.609835581376032,3.9791500523630323,3.3680944863766946,2.95821397965764
-1.0015275896174103,-0.6439079856735824,1.0099371218882696,4.083811975738619,4.899017545045479,4.609835581376032,3.9906863124239718,3.3680944863766946,2.95821397965764
-0.89786556059566,0.5697625404187248,1.0019566148527155,4.083811975738619,4.899017545045479,4.609835581376032,3.9906863124239718,3.36829489233787,2.95821397965764
0.6800459303599529,0.48985573590431114,0.9909322210524188,4.083811975738619,4.899017545045479,4.609835581376032,3.9906863124239718,3.36829489233787,2.9477365289729156
0.6023332900933732,-0.459786160095723,0.972270121253226,4.076982843751815,4.899017545045479,4.609835581376032,3.9906863124239718,3.36829489233787,2.9477365289729156
-0.7451805519501243,-0.5345812065949567,0.9936359491187564,4.076982843751815,4.884035306392951,4.609835581376032,3.9906863124239718,3.36829489233787,2.9477365289729156
-0.9678314542262261,-0.6089613343585207,1.0030345650435757,4.076982843751815,4.884035306392951,4.6049117178377434,3.9906863124239718,3.36829489233787,2.9477365289729156
-1.0015800814644442,0.6505099670731549,0.9999538212814579,4.076982843751815,4.884035306392951,4.6049117178377434,3.9760151854385,3.36829489233787,2.9477365289729156
0.8930891967708166,0.598024628192581,0.9878050533376677,4.076982843751815,4.884035306392951,4.6049117178377434,3.9760151854385,3.3485447895692273,2.9477365289729156
0.6800477289533982,0.49088822785601677,0.994814253642895,4.076982843751815,4.884035306392951,4.6049117178377434,3.9760151854385,3.3485447895692273,2.9373010230995833
0.6023619968933512,-0.46105823776039895,0.9764887905651297,4.07012741399094,4.884035306392951,4.6049117178377434,3.9760151854385,3.3485447895692273,2.9373010230995833
0.7421608322418425,-0.5337746825613022,0.9861681190784671,4.07012741399094,4.8987852741127025,4.6049117178377434,3.9760151854385,3.3485447895692273,2.9373010230995833
0.9672549073693617,0.6387919369299987,0.9956744749708951,4.07012741399094,4.8987852741127025,4.609652510730497,3.9760151854385,3.3485447895692273,2.9373010230995833
0.9980103205082603,0.6251342992503947,0.9899123210999189,4.07012741399094,4.8987852741127025,4.609652510730497,3.965126479145357,3.3485447895692273,2.9373010230995833
-0.8979078428749082,0.5970167192944522,1.0094452542053738,4.07012741399094,4.8987852741127025,4.609652510730497,3.965126479145357,3.3483007046882003,2.9373010230995833
-0.6819270224641137,0.49190166298702076,0.9986602173516861,4.07012741399094,4.8987852741127025,4.609652510730497,3.965126479145357,3.3483007046882003,2.9531098348564577
0.6023822724746163,-0.46162618575082354,0.9807289473894206,4.063259401294603,4.8987852741127025,4.609652510730497,3.965126479145357,3.3483007046882003,2.9531098348564577
-0.7452390559962458,-0.5097873572887419,1.008457536833134,4.063259401294603,4.883779920360032,4.609652510730497,3.965126479145357,3.3483007046882003,2.9531098348564577
-0.9679018108192876,-0.635750004697116,1.0270418691720637,4.063259401294603,4.883779920360032,4.6051714993534665,3.965126479145357,3.3483007046882003,2.9531098348564577
-1.0015803996078751,0.6014046377623297,1.0197993842866675,4.063259401294603,4.883779920360032,4.6051714993534665,3.951662469736888,3.3483007046882003,2.9531098348564577
-0.8979217173058909,0.5977581001537527,0.9952317067480673,4.063259401294603,4.883779920360032,4.6051714993534665,3.951662469736888,3.3480560254611347,2.9531098348564577
0.6800966566989044,0.4925225119068149,0.9752305461611888,4.063259401294603,4.883779920360032,4.6051714993534665,3.951662469736888,3.3480560254611347,2.9427590130221266
0.6023940595611279,-0.461884787235178,0.9849903971869572,4.0563849520499,4.883779920360032,4.6051714993534665,3.951662469736888,3.3480560254611347,2.9427590130221266
-0.7452621088827175,-0.5368166082108985,1.0010092589108004,4.0563849520499,4.868760347627725,4.6051714993534665,3.951662469736888,3.3480560254611347,2.9427590130221266
-0.967898320951555,0.6401321337155477,1.0196948401630317,4.0563849520499,4.868760347627725,4.582422122340605,3.951662469736888,3.3480560254611347,2.9427590130221266
-1.0016205814927701,0.6292486861659538,1.0096371821576715,4.0563849520499,4.868760347627725,4.582422122340605,3.9377410254368432,3.3480560254611347,2.9427590130221266
0.8931617604951274,0.5990960512451905,0.9809843276404168,4.0563849520499,4.868760347627725,4.582422122340605,3.9377410254368432,3.3282730934205587,2.9427590130221266
0.680130665489973,0.4927548849140301,0.9790043760238617,4.0563849520499,4.868760347627725,4.582422122340605,3.9377410254368432,3.3282730934205587,2.932449024967935
0.6023973080260103,-0.4631802658022289,0.9892730751667281,4.0494838274899045,4.868760347627725,4.582422122340605,3.9377410254368432,3.3282730934205587,2.932449024967935
-0.745271815027268,-0.5112603411526448,0.993576221471051,4.0494838274899045,4.853732444411001,4.582422122340605,3.9377410254368432,3.3282730934205587,2.932449024967935
-0.9679659307822566,-0.637343170087869,1.0123690598866033,4.0494838274899045,4.853732444411001,4.578020615518893,3.9377410254368432,3.3282730934205587,2.932449024967935
-1.001643488400081,-0.6478520124134446,0.9994250857078858,4.0494838274899045,4.853732444411001,4.578020615518893,3.949420256591296,3.3282730934205587,2.932449024967935
-0.8979638695350944,0.5737229515785777,1.0025248981496544,4.0494838274899045,4.853732444411001,4.578020615518893,3.949420256591296,3.328455705648427,2.932449024967935
0.6801573278018797,0.4932901695033594,0.9827418032912159,4.0494838274899045,4.853732444411001,4.578020615518893,3.949420256591296,3.328455705648427,2.9221824782157295
-0.6066153183942367,-0.46337472488675907,0.9935769751580197,4.038152658468828,4.853732444411001,4.578020615518893,3.949420256591296,3.328455705648427,2.9221824782157295
0.7421997239178073,-0.5386153284304384,0.9861522506503251,4.038152658468828,4.868435826899885,4.578020615518893,3.949420256591296,3.328455705648427,2.9221824782157295
-0.967933067865875,-0.6129755806208599,1.0050311577171887,4.038152658468828,4.868435826899885,4.573010398262295,3.949420256591296,3.328455705648427,2.9221824782157295
0.9980745233865943,0.6548999194113417,0.9893415922834071,4.038152658468828,4.868435826899885,4.573010398262295,3.9380166425393957,3.328455705648427,2.9221824782157295
-0.8979634718734307,0.6019438446559321,0.9882089987749627,4.038152658468828,4.868435826899885,4.573010398262295,3.9380166425393957,3.328166203041063,2.9221824782157295
0.6801767157845078,0.4942823253441147,0.9864426733046757,4.038152658468828,4.868435826899885,4.573010398262295,3.9380166425393957,3.328166203041063,2.9119630038314916
0.6024428053072232,-0.46466433276506497,0.9737217487433729,4.031220047074137,4.868435826899885,4.573010398262295,3.9380166425393957,3.328166203041063,2.9119630038314916
-0.745329524688795,-0.5379237941858708,1.0084928164886062,4.031220047074137,4.853376628329213,4.573010398262295,3.9380166425393957,3.328166203041063,2.9119630038314916
0.9674396178554585,0.6425008021969388,0.9976773283427527,4.031220047074137,4.853376628329213,4.5778488012631415,3.9380166425393957,3.328166203041063,2.9119630038314916
-1.001673578405235,0.6296455655639976,1.0191933230252206,4.031220047074137,4.853376628329213,4.5778488012631415,3.9239280388700584,3.328166203041063,2.9119630038314916
0.8932209021511044,0.6014020389372348,0.9738653643753779,4.031220047074137,4.853376628329213,4.5778488012631415,3.9239280388700584,3.30833377435747,2.9119630038314916
0.6801889214333761,0.4946555537536741,0.9901068086890019,4.031220047074137,4.853376628329213,4.5778488012631415,3.9239280388700584,3.30833377435747,2.9017882491270144
0.6024685905362918,-0.46535469175950883,0.9780689669887614,4.024272697167971,4.853376628329213,4.5778488012631415,3.9239280388700584,3.30833377435747,2.9017882491270144
-0.74535423039682,-0.5136711679767549,1.0010922614959845,4.024272697167971,4.838309882623299,4.5778488012631415,3.9239280388700584,3.30833377435747,2.9017882491270144
-0.968002405059305,-0.6399224122181844,1.029055541822928,4.024272697167971,4.838309882623299,4.573278074362678,3.9239280388700584,3.30833377435747,2.9017882491270144
-1.001712964965258,-0.6501476976442385,1.0089880490586314,4.024272697167971,4.838309882623299,4.573278074362678,3.9354782001196047,3.30833377435747,2.9017882491270144
-0.8980054639659282,0.5764916839131283,0.995310914335049,4.024272697167971,4.838309882623299,4.573278074362678,3.9354782001196047,3.3084967149759312,2.9017882491270144
0.6801940208401098,0.49521201473857734,0.9937339114232876,4.024272697167971,4.838309882623299,4.573278074362678,3.9354782001196047,3.3084967149759312,2.8916602666489664
0.6024856751620661,-0.4655962909547016,0.9824379519744934,4.017319460419369,4.838309882623299,4.573278074362678,3.9354782001196047,3.3084967149759312,2.8916602666489664
-0.7453631157742469,-0.5406273989787754,0.9937000843318268,4.017319460419369,4.823224724084278,4.573278074362678,3.9354782001196047,3.3084967149759312,2.8916602666489664
-0.968002811580785,0.618651727116579,1.0217141885602308,4.017319460419369,4.823224724084278,4.550798506324475,3.9354782001196047,3.3084967149759312,2.8916602666489664
-1.0017638050225848,0.6823524602339034,0.9989101853283042,4.017319460419369,4.823224724084278,4.550798506324475,3.920067762842124,3.3084967149759312,2.8916602666489664
0.8932509328224509,0.6053718590439789,0.9808976552326101,4.017319460419369,4.823224724084278,4.550798506324475,3.920067762842124,3.2885920675268756,2.8916602666489664
-0.682049701986914,0.496003503120426,0.9973238266262154,4.017319460419369,4.823224724084278,4.550798506324475,3.920067762842124,3.2885920675268756,2.9076178901592855
0.6024940049349738,-0.4667821987161471,0.9868286107092558,4.010341918658429,4.823224724084278,4.550798506324475,3.920067762842124,3.2885920675268756,2.9076178901592855
0.7422373906323781,-0.5156359041816373,0.9863222050163301,4.010341918658429,4.837880045103182,4.550798506324475,3.920067762842124,3.2885920675268756,2.9076178901592855
-0.9680694245267581,-0.6389804061607627,1.0143859603046528,4.010341918658429,4.837880045103182,4.546256600049271,3.920067762842124,3.2885920675268756,2.9076178901592855
0.9982751269743688,0.6050828901829566,0.9887764215545877,4.010341918658429,4.837880045103182,4.546256600049271,3.9096848288909922,3.2885920675268756,2.9076178901592855
-0.8980471126413628,0.6033974128385923,1.0022814277324545,4.010341918658429,4.837880045103182,4.546256600049271,3.9096848288909922,3.2883200237528807,2.9076178901592855
0.6802455680156286,0.4969610134415447,0.9736317113983072,4.010341918658429,4.837880045103182,4.546256600049271,3.9096848288909922,3.2883200237528807,2.897590604938073
-0.6066782081501098,-0.46694200611552833,0.9912409351413443,3.998944694597685,4.837880045103182,4.546256600049271,3.9096848288909922,3.2883200237528807,2.897590604938073
-0.7454211194406581,-0.5427189168579981,1.0087042328195828,3.998944694597685,4.8227670462136585,4.546256600049271,3.9096848288909922,3.2883200237528807,2.897590604938073
-0.9680430576189908,0.6459709990410016,1.007051910940869,3.998944694597685,4.8227670462136585,4.5234006875671735,3.9096848288909922,3.2883200237528807,2.897590604938073
-1.00176090856171,0.6353313541975939,1.0185692089963332,3.998944694597685,4.8227670462136585,4.5234006875671735,3.895437784030187,3.2883200237528807,2.897590604938073
0.8932808249016866,0.6051801306645817,0.9878043939992677,3.998944694597685,4.8227670462136585,4.5234006875671735,3.895437784030187,3.2684080522234016,2.897590604938073
0.6802845040039949,0.4969494164718236,0.977147532203237,3.998944694597685,4.8227670462136585,4.5234006875671735,3.895437784030187,3.2684080522234016,2.8876104002173832
0.6025393804128497,0.47256281495080554,0.9714913017946084,4.010436649541334,4.8227670462136585,4.5234006875671735,3.895437784030187,3.2684080522234016,2.8876104002173832
-0.7454470279365895,-0.49692197993967324,1.0013471631687056,4.010436649541334,4.807656317880198,4.5234006875671735,3.895437784030187,3.2684080522234016,2.8876104002173832
-0.9680843561938057,-0.6427745882648478,0.9997381038353226,4.010436649541334,4.807656317880198,4.518965715742771,3.895437784030187,3.2684080522234016,2.8876104002173832
-1.0018014136597633,0.6081488069368798,1.0083122131201747,4.010436649541334,4.807656317880198,4.518965715742771,3.8818408671431945,3.2684080522234016,2.8876104002173832
-0.8980887065078864,0.6057022017636818,1.0091195572862253,4.010436649541334,4.807656317880198,4.518965715742771,3.8818408671431945,3.268123802340381,2.8876104002173832
0.6803166424912866,0.5170632581866822,0.9806260133746286,4.010436649541334,4.807656317880198,4.518965715742771,3.8818408671431945,3.268123802340381,2.8778007992384707
0.6024744420077802,-0.5052943648255054,0.9761276200285526,4.002964038798166,4.807656317880198,4.518965715742771,3.8818408671431945,3.268123802340381,2.8778007992384707
-0.7454559757681377,-0.545373884887954,0.9939967588208222,4.002964038798166,4.792518840782165,4.518965715742771,3.8818408671431945,3.268123802340381,2.8778007992384707
0.9676237531450822,0.6477562501465102,0.992413514841865,4.002964038798166,4.792518840782165,4.523598249762504,3.8818408671431945,3.268123802340381,2.8778007992384707
-1.0018178761356766,0.6363357936403388,0.9979944864130414,4.002964038798166,4.792518840782165,4.523598249762504,3.867779344240336,3.268123802340381,2.8778007992384707
-0.898101154330142,0.6074818274373315,0.9945727844296907,4.002964038798166,4.792518840782165,4.523598249762504,3.867779344240336,3.2678232244905576,2.8778007992384707
0.6803423306749689,0.4975974971350324,0.9840686158056796,4.002964038798166,4.792518840782165,4.523598249762504,3.867779344240336,3.2678232244905576,2.867927223780077
0.6025672855497257,-0.46896848139831077,0.9807853686492879,3.9961943246783704,4.792518840782165,4.523598249762504,3.867779344240336,3.2678232244905576,2.867927223780077
0.7422777995704025,-0.5179149838080561,0.9866638441990997,3.9961943246783704,4.807123661819953,4.523598249762504,3.867779344240336,3.2678232244905576,2.867927223780077
-0.9681386660499562,-0.6443349639066036,1.023817370229492,3.9961943246783704,4.807123661819953,4.519221831389548,3.867779344240336,3.2678232244905576,2.867927223780077
0.9983668703992123,-0.6549185461178851,0.9876259117684024,3.9961943246783704,4.807123661819953,4.519221831389548,3.8820988979263813,3.2678232244905576,2.867927223780077
0.8933535956831963,0.5818781716303064,0.979991099090192,3.9961943246783704,4.807123661819953,4.519221831389548,3.8820988979263813,3.2482844022520956,2.867927223780077
0.6803616955262559,0.498784084306935,0.9874696710200035,3.9961943246783704,4.807123661819953,4.519221831389548,3.8820988979263813,3.2482844022520956,2.85811126899321
0.6025781374423805,-0.4705434371315245,0.9854611660770346,3.989394996989515,4.807123661819953,4.519221831389548,3.8820988979263813,3.2482844022520956,2.85811126899321
-0.7455144192967296,-0.5453418690285365,1.009092098593459,3.989394996989515,4.791956817619303,4.519221831389548,3.8820988979263813,3.2482844022520956,2.85811126899321
-0.9681297217826142,-0.6200719734510687,1.0164968843917166,3.989394996989515,4.791956817619303,4.514232919233173,3.8820988979263813,3.2482844022520956,2.85811126899321
-1.0019206167339625,0.6623742680945415,1.0173900127109958,3.989394996989515,4.791956817619303,4.514232919233173,3.8672463062162916,3.2482844022520956,2.85811126899321
-0.8981422970845035,0.6102448388730685,1.001203192600791,3.989394996989515,4.791956817619303,4.514232919233173,3.8672463062162916,3.2479546157750803,2.85811126899321
0.6803739003973334,0.5003419498141003,0.9908331827652146,3.989394996989515,4.791956817619303,4.514232919233173,3.8672463062162916,3.2479546157750803,2.8483567406031285
-0.6067756219051843,-0.4717526111351923,0.9901607502504611,3.9777146317279324,4.791956817619303,4.514232919233173,3.8672463062162916,3.2479546157750803,2.8483567406031285
-0.7455415372700399,-0.5447639751100488,1.001777829697335,3.9777146317279324,4.776772732345065,4.514232919233173,3.8672463062162916,3.2479546157750803,2.8483567406031285
-0.9681139993150496,0.6503491565620191,1.0091616893580426,3.9777146317279324,4.776772732345065,4.4912824057959435,3.8672463062162916,3.2479546157750803,2.8483567406031285
-1.0018847428402577,0.6371729845842732,1.007089925493908,3.9777146317279324,4.776772732345065,4.4912824057959435,3.853013012899688,3.2479546157750803,2.8483567406031285
0.8933840939456732,0.60944020192288,0.9865566187878424,3.9777146317279324,4.776772732345065,4.4912824057959435,3.853013012899688,3.2279482845376597,2.8483567406031285
0.6803796558853398,0.5002199678018695,0.9941589678206804,3.9777146317279324,4.776772732345065,4.4912824057959435,3.853013012899688,3.2279482845376597,2.838654541552622
0.6026225313688246,-0.47249605683950324,0.9706967446994303,3.970879187984981,4.776772732345065,4.4912824057959435,3.853013012899688,3.2279482845376597,2.838654541552622
-0.7455537971023994,-0.5198796933191056,0.9944703275747876,3.970879187984981,4.761584910322686,4.4912824057959435,3.853013012899688,3.2279482845376597,2.838654541552622
-0.9681607929575681,-0.6474124108246679,1.0018515576052045,3.970879187984981,4.761584910322686,4.486739967582257,3.853013012899688,3.2279482845376597,2.838654541552622
-1.0018993836583794,-0.6577347710423819,0.9967266282913135,3.970879187984981,4.761584910322686,4.486739967582257,3.8647207220891753,3.2279482845376597,2.838654541552622
-0.8981836022061412,0.5835991723744041,1.007704999002843,3.970879187984981,4.761584910322686,4.486739967582257,3.8647207220891753,3.228092568250958,2.838654541552622
-0.6821911172567181,0.5009923026804021,0.9974466646200455,3.970879187984981,4.761584910322686,4.486739967582257,3.8647207220891753,3.228092568250958,2.854802949648019
0.6026534655044431,-0.4725933178877809,0.9754441881648859,3.9640429524353276,4.761584910322686,4.486739967582257,3.8647207220891753,3.228092568250958,2.854802949648019
0.7423197889298275,-0.5476833291830813,0.9871691561430762,3.9640429524353276,4.776115626320172,4.486739967582257,3.8647207220891753,3.228092568250958,2.854802949648019
0.9677895012927288,-0.6223556764893268,0.9945310013021353,3.9640429524353276,4.776115626320172,4.50928702094325,3.8647207220891753,3.228092568250958,2.854802949648019
0.9984581214124537,0.6654975292669304,0.9864995976162376,3.9640429524353276,4.776115626320172,4.50928702094325,3.853286169442814,3.228092568250958,2.854802949648019
-0.8981925716577278,0.6125826775451723,0.992986708679251,3.9640429524353276,4.776115626320172,4.50928702094325,3.853286169442814,3.2277556229959843,2.854802949648019
0.6804344947476361,0.5021589688892465,0.973445144842432,3.9640429524353276,4.776115626320172,4.50928702094325,3.853286169442814,3.2277556229959843,2.8452230999217334
0.6026748755947524,-0.4738174694210314,0.9802158099211841,3.957184029668713,4.776115626320172,4.50928702094325,3.853286169442814,3.2277556229959843,2.8452230999217334
-0.7456122729486366,-0.5467422278334755,1.0096379762419256,3.957184029668713,4.7608826230301675,4.50928702094325,3.853286169442814,3.2277556229959843,2.8452230999217334
-0.9681419854737066,0.6528617866288047,1.0259111550247864,3.957184029668713,4.7608826230301675,4.486263670367987,3.853286169442814,3.2277556229959843,2.8452230999217334
-1.0019274148257733,0.6394875543005459,1.0162188343303724,3.957184029668713,4.7608826230301675,4.486263670367987,3.838839854707403,3.2277556229959843,2.8452230999217334
0.8934545928885493,0.6120131086877421,0.9782393521464234,3.957184029668713,4.7608826230301675,4.486263670367987,3.838839854707403,3.2076935406952676,2.8452230999217334
0.6804760515732434,0.5022644716590803,0.9766575101601144,3.957184029668713,4.7608826230301675,4.486263670367987,3.838839854707403,3.2076935406952676,2.8357012596425983
0.6026867416572403,-0.47449701962430535,0.9850116156141631,3.950312956679682,4.7608826230301675,4.486263670367987,3.838839854707403,3.2076935406952676,2.8357012596425983
-0.745640510690833,-0.5222398710457562,1.0023549235976346,3.950312956679682,4.745647089736969,4.486263670367987,3.838839854707403,3.2076935406952676,2.8357012596425983
-0.9682216329788478,-0.6499653774713039,1.0185976401687242,3.950312956679682,4.745647089736969,4.481540273888317,3.838839854707403,3.2076935406952676,2.8357012596425983
-1.0019601243575467,0.6147931648611786,1.0058663079749042,3.950312956679682,4.745647089736969,4.481540273888317,3.824992732945218,3.2076935406952676,2.8357012596425983
-0.8982336554784132,0.6127010103608299,0.9992889947366023,3.950312956679682,4.745647089736969,4.481540273888317,3.824992732945218,3.2073849895730504,2.8357012596425983
0.6805114647453494,0.5033076651932923,0.9798319686980658,3.950312956679682,4.745647089736969,4.481540273888317,3.824992732945218,3.2073849895730504,2.8262448249895624
-0.6068560911862084,-0.4747072186841861,0.9898313939370469,3.93857042458627,4.745647089736969,4.481540273888317,3.824992732945218,3.2073849895730504,2.8262448249895624
-0.7456531304873586,-0.5501447657541643,0.9950774071904377,3.93857042458627,4.730381120102037,4.481540273888317,3.824992732945218,3.2073849895730504,2.8262448249895624
-0.9682004703809531,0.6545308823944493,1.011272968730093,3.93857042458627,4.730381120102037,4.45850048397103,3.824992732945218,3.2073849895730504,2.8262448249895624
-1.0019713363272726,0.6431033741691728,0.9954526758334517,3.93857042458627,4.730381120102037,4.45850048397103,3.810678717869992,3.2073849895730504,2.8262448249895624
0.893485360927304,0.6140750596791377,0.9844693426716707,3.93857042458627,4.730381120102037,4.45850048397103,3.810678717869992,3.18727715459475,2.8262448249895624
0.6805407894112577,0.5032474495606764,0.9829685935251273,3.93857042458627,4.730381120102037,4.45850048397103,3.810678717869992,3.18727715459475,2.8168478749758257
0.6027309621303161,-0.47605690603051426,0.9704841351954668,3.931671530311382,4.730381120102037,4.45850048397103,3.810678717869992,3.18727715459475,2.8168478749758257
0.7423626779470897,-0.5236692075144944,0.9878116613362732,3.931671530311382,4.744857345583193,4.45850048397103,3.810678717869992,3.18727715459475,2.8168478749758257
-0.968248109660755,-0.6512474645996895,1.003966034694553,3.931671530311382,4.744857345583193,4.4538417209068815,3.810678717869992,3.18727715459475,2.8168478749758257
0.9986116939593785,-0.6616907973074884,0.9849872413839806,3.931671530311382,4.744857345583193,4.4538417209068815,3.825250455251904,3.18727715459475,2.8168478749758257
-0.8982744871733659,0.5882462119958572,1.0054483482285939,3.931671530311382,4.744857345583193,4.4538417209068815,3.825250455251904,3.187406425828227,2.8168478749758257
0.6805641242889992,0.503985684431225,0.9860671855907881,3.931671530311382,4.744857345583193,4.4538417209068815,3.825250455251904,3.187406425828227,2.807516961675975
0.6027622502160139,-0.47615846955739416,0.9753526318645499,3.9247720283538876,4.744857345583193,4.4538417209068815,3.825250455251904,3.187406425828227,2.807516961675975
-0.7457117755857217,-0.5518476029442467,1.0103111954970916,3.9247720283538876,4.729557610358999,4.4538417209068815,3.825250455251904,3.187406425828227,2.807516961675975
0.9679656122853189,0.6309495607749348,0.9966490111749428,3.9247720283538876,4.729557610358999,4.459057736971734,3.825250455251904,3.187406425828227,2.807516961675975
-1.002074868198706,0.6948037359240318,1.0146669428503834,3.9247720283538876,4.729557610358999,4.459057736971734,3.8096304362114757,3.187406425828227,2.807516961675975
-0.8982785224249543,0.6177902548957455,0.9905561331594421,3.9247720283538876,4.729557610358999,4.459057736971734,3.8096304362114757,3.187047014749385,2.807516961675975
0.6805815195131957,0.5051857105901806,0.9891278524389003,3.9247720283538876,4.729557610358999,4.459057736971734,3.8096304362114757,3.187047014749385,2.7982567424738574
0.6027837708743562,-0.4774186219294171,0.9802457224294223,3.9178493989364744,4.729557610358999,4.459057736971734,3.8096304362114757,3.187047014749385,2.7982567424738574
-0.745742169392849,-0.525798535793705,1.0030610443613404,3.9178493989364744,4.714258020752097,4.459057736971734,3.8096304362114757,3.187047014749385,2.7982567424738574
-0.9682979843910005,-0.6509884073406352,1.028062006977442,3.9178493989364744,4.714258020752097,4.4544154378172545,3.8096304362114757,3.187047014749385,2.7982567424738574
-1.0020330974484049,0.6160568440530437,1.0042765530904572,3.9178493989364744,4.714258020752097,4.4544154378172545,3.795706050822296,3.187047014749385,2.7982567424738574
0.8935517220498357,0.6158527300945058,0.9756343270664749,3.9178493989364744,4.714258020752097,4.4544154378172545,3.795706050822296,3.1668957108120814,2.7982567424738574
0.6805930861007485,0.5052502388888415,0.9921505959120731,3.9178493989364744,4.714258020752097,4.4544154378172545,3.795706050822296,3.1668957108120814,2.789060923890048
0.6027955054082308,-0.4775884314838078,0.9851634051725502,3.91092485393844,4.714258020752097,4.4544154378172545,3.795706050822296,3.1668957108120814,2.789060923890048
-0.7457565719282986,-0.5528950534183618,0.9958150697299725,3.91092485393844,4.698924244222234,4.4544154378172545,3.795706050822296,3.1668957108120814,2.789060923890048
-0.9682995892342534,0.6580226573709687,1.020747372948241,3.91092485393844,4.698924244222234,4.431337337064597,3.795706050822296,3.1668957108120814,2.789060923890048
-1.0020381320649483,0.6462495139477484,0.9938117513014904,3.91092485393844,4.698924244222234,4.431337337064597,3.7812765501847614,3.1668957108120814,2.789060923890048
-0.8983192269355179,0.6177179774149631,0.9965123098349802,3.91092485393844,4.698924244222234,4.431337337064597,3.7812765501847614,3.1665699838645094,2.789060923890048
0.6805989102869701,0.5063414233665581,0.9951352382888041,3.91092485393844,4.698924244222234,4.431337337064597,3.7812765501847614,3.1665699838645094,2.7799379901654118
-0.6069376271657934,0.4839657135623502,0.9901054549745025,3.9179560508913296,4.698924244222234,4.431337337064597,3.7812765501847614,3.1665699838645094,2.7799379901654118
0.7424097777725089,-0.5074248662423961,0.9885799146457861,3.9179560508913296,4.713346717748779,4.431337337064597,3.7812765501847614,3.1665699838645094,2.7799379901654118
-0.9683641705394733,-0.6539895515050616,1.0134480115973956,3.9179560508913296,4.713346717748779,4.426777312403641,3.7812765501847614,3.1665699838645094,2.7799379901654118
0.998724784345591,-0.6648049941917141,0.9832952136855608,3.9179560508913296,4.713346717748779,4.426777312403641,3.795963044949369,3.1665699838645094,2.7799379901654118
0.8935828857113584,0.5919713765572823,0.9815168433923228,3.9179560508913296,4.713346717748779,4.426777312403641,3.795963044949369,3.146804075439502,2.7799379901654118
-0.6823364473656359,0.525434534082161,0.9980819397180142,3.9179560508913296,4.713346717748779,4.426777312403641,3.795963044949369,3.146804075439502,2.7964519939608716
0.6027379219889359,-0.5166537336665405,0.971070177429496,3.9105460902761298,4.713346717748779,4.426777312403641,3.795963044949369,3.146804075439502,2.7964519939608716
-0.7458145288435364,-0.5561235830988973,1.0111118148192892,3.9105460902761298,4.697980071267842,4.426777312403641,3.795963044949369,3.146804075439502,2.7964519939608716
-0.9683337644261498,-0.6295505258698513,1.0061394245244604,3.9105460902761298,4.697980071267842,4.421595483205878,3.795963044949369,3.146804075439502,2.7964519939608716
-1.0021421534449486,0.6724845781001761,1.0129297595763485,3.9105460902761298,4.697980071267842,4.421595483205878,3.780732743993707,3.146804075439502,2.7964519939608716
-0.8983593902213575,0.6214443047626406,1.0023226298680807,3.9105460902761298,4.697980071267842,4.421595483205878,3.780732743993707,3.1464373981989353,2.7964519939608716
0.6806579082939932,0.5062433044974457,0.9737340967515782,3.9105460902761298,4.697980071267842,4.421595483205878,3.780732743993707,3.1464373981989353,2.787469293886051
0.6028451491141643,-0.47936305912066063,0.9762535427119403,3.903856894721466,4.697980071267842,4.421595483205878,3.780732743993707,3.1464373981989353,2.787469293886051
-0.7458471502996771,-0.5536678150067962,1.003894258294383,3.903856894721466,4.6825949159216265,4.421595483205878,3.780732743993707,3.1464373981989353,2.787469293886051
0.9681611308607923,0.6605233872280822,0.9988175034507151,3.903856894721466,4.6825949159216265,4.426615650898684,3.780732743993707,3.1464373981989353,2.787469293886051
-1.0020933046941294,0.6465354875404229,1.002486725155286,3.903856894721466,4.6825949159216265,4.426615650898684,3.766136156665309,3.1464373981989353,2.787469293886051
0.8936143468249086,0.6201603925444287,0.9872595625855791,3.903856894721466,4.6825949159216265,4.426615650898684,3.766136156665309,3.1261941357716645,2.787469293886051
0.6807025051859692,0.5078737906708811,0.9766035851422816,3.903856894721466,4.6825949159216265,4.426615650898684,3.766136156665309,3.1261941357716645,2.778568702869442
0.6028639590138412,-0.4814776415746411,0.981457594274223,3.8971302623556667,4.6825949159216265,4.426615650898684,3.766136156665309,3.1261941357716645,2.778568702869442
-0.7458647425455306,-0.5289325697660253,0.9966804990650101,3.8971302623556667,4.667212368839445,4.426615650898684,3.766136156665309,3.1261941357716645,2.778568702869442
-0.9683977436918121,-0.657318643716454,1.0302442328225452,3.8971302623556667,4.667212368839445,4.421861290976295,3.766136156665309,3.1261941357716645,2.778568702869442
-1.002098006215666,0.622146288636708,0.9919787249467523,3.8971302623556667,4.667212368839445,4.421861290976295,3.7521329405169057,3.1261941357716645,2.778568702869442
-0.8983997966504476,0.620941334744544,1.007998713999693,3.8971302623556667,4.667212368839445,4.421861290976295,3.7521329405169057,3.125869914845036,2.778568702869442
0.6807408899757902,0.5088014578141722,0.979435827270761,3.8971302623556667,4.667212368839445,4.421861290976295,3.7521329405169057,3.125869914845036,2.7697470444466035
0.6028723398584866,-0.48160818150648044,0.9866883268727665,3.89040449177948,4.667212368839445,4.421861290976295,3.7521329405169057,3.125869914845036,2.7697470444466035
0.7424615124659695,-0.5564599336947952,0.9894704068083431,3.89040449177948,4.681524128089505,4.421861290976295,3.7521329405169057,3.125869914845036,2.7697470444466035
-0.9684006876420783,0.6627073732513173,1.0229318187691834,3.89040449177948,4.681524128089505,4.398683284358911,3.7521329405169057,3.125869914845036,2.7697470444466035
0.998833041648982,0.6500708068744502,0.9814084597268599,3.89040449177948,4.681524128089505,4.398683284358911,3.7406599823226006,3.125869914845036,2.7697470444466035
-0.8984086438603337,0.6217819653304969,0.9928609342151058,3.89040449177948,4.681524128089505,4.398683284358911,3.7406599823226006,3.125548486604876,2.7697470444466035
0.6807739675842773,0.5093917404013156,0.9822307081077039,3.89040449177948,4.681524128089505,4.398683284358911,3.7406599823226006,3.125548486604876,2.7610035181766603
-0.6070378513104546,-0.4828204172008388,0.9919453355703208,3.8782987824823034,4.681524128089505,4.398683284358911,3.7406599823226006,3.125548486604876,2.7610035181766603
-0.7459236730362864,-0.530205820046934,1.0120369763757047,3.8782987824823034,4.6661065103807315,4.398683284358911,3.7406599823226006,3.125548486604876,2.7610035181766603
-0.9684687034532315,-0.6591442495917399,1.0156336325109145,3.8782987824823034,4.6661065103807315,4.3939918853696325,3.7406599823226006,3.125548486604876,2.7610035181766603
-1.0021667950093354,-0.6691691498744774,1.0108029382611536,3.8782987824823034,4.6661065103807315,4.3939918853696325,3.7526238210359675,3.125548486604876,2.7610035181766603
0.8936862193459263,0.5965090192452575,0.9776860916917354,3.8782987824823034,4.6661065103807315,4.3939918853696325,3.7526238210359675,3.105678901321668,2.7610035181766603
0.6808017882513075,0.5087591849551812,0.9849882582719951,3.8782987824823034,4.6661065103807315,4.3939918853696325,3.7526238210359675,3.105678901321668,2.7523303612177115
0.6029153344394764,-0.4830670367850947,0.9730304327567533,3.8715518712415506,4.6661065103807315,4.3939918853696325,3.7526238210359675,3.105678901321668,2.7523303612177115
-0.7459565986522756,-0.5584178042365086,1.004839438778941,3.8715518712415506,4.650646042056672,4.3939918853696325,3.7526238210359675,3.105678901321668,2.7523303612177115
-0.9684422853515063,0.6378639475245561,1.0083265740290077,3.8715518712415506,4.650646042056672,4.371160418954837,3.7526238210359675,3.105678901321668,2.7523303612177115
-1.002223670698088,0.702865378031517,1.0003217522546222,3.8715518712415506,4.650646042056672,4.371160418954837,3.736818370324028,3.105678901321668,2.7523303612177115
-0.8984483951274238,0.626084309509911,0.9983157212444846,3.8715518712415506,4.650646042056672,4.371160418954837,3.736818370324028,3.105309092185914,2.7523303612177115
0.6808244126249905,0.5106406910971102,0.9877084675100337,3.8715518712415506,4.650646042056672,4.371160418954837,3.736818370324028,3.105309092185914,2.7437481367570093
0.6029404823749166,-0.4842906670105117,0.9783409242078192,3.864784928103388,4.650646042056672,4.371160418954837,3.736818370324028,3.105309092185914,2.7437481367570093
-0.7459769050456604,-0.5319819523553454,0.9976513155841125,3.864784928103388,4.635192021954283,4.371160418954837,3.736818370324028,3.105309092185914,2.7437481367570093
-0.968476531296005,-0.6584573710914758,1.0010259215429465,3.864784928103388,4.635192021954283,4.36648279070172,3.736818370324028,3.105309092185914,2.7437481367570093
0.9989162254802324,0.6228811102634951,0.9897812362748539,3.864784928103388,4.635192021954283,4.36648279070172,3.7260686150251496,3.105309092185914,2.7437481367570093
0.8937180766624737,0.6236011030216306,0.9830720063349611,3.864784928103388,4.635192021954283,4.36648279070172,3.7260686150251496,3.0849806908235826,2.7437481367570093
0.6808418769192802,0.5106446815793279,0.9903918577041825,3.864784928103388,4.635192021954283,4.36648279070172,3.7260686150251496,3.0849806908235826,2.7352443724168936
0.6029550024990263,-0.4844332033387046,0.9836784101549992,3.858018878262982,4.635192021954283,4.36648279070172,3.7260686150251496,3.0849806908235826,2.7352443724168936
0.7425164163563253,-0.5599305998404503,0.990465614569479,3.858018878262982,4.649420542437085,4.36648279070172,3.7260686150251496,3.0849806908235826,2.7352443724168936
0.9683538352402309,0.6658422863431571,0.9937239665404315,3.858018878262982,4.649420542437085,4.371347986471413,3.7260686150251496,3.0849806908235826,2.7352443724168936
-1.0022122697666702,0.6538500505588569,1.0191853144190157,3.858018878262982,4.649420542437085,4.371347986471413,3.7114601478880096,3.0849806908235826,2.7352443724168936
-0.8984884151211836,0.625816205915528,1.0036335764714293,3.858018878262982,4.649420542437085,4.371347986471413,3.7114601478880096,3.0846513258697827,2.7352443724168936
0.6808543587012376,0.5117148698005984,0.9930382584325773,3.858018878262982,4.649420542437085,4.371347986471413,3.7114601478880096,3.0846513258697827,2.7268289527410055
0.6029588104540187,-0.4856295641911218,0.9890426512251805,3.8512333182349354,4.649420542437085,4.371347986471413,3.7114601478880096,3.0846513258697827,2.7268289527410055
-0.7460359239283867,-0.5330738111902366,1.0130591942729732,3.8512333182349354,4.633929947467641,4.371347986471413,3.7114601478880096,3.0846513258697827,2.7268289527410055
-0.9685322256506199,-0.6622204662048014,1.0251676394488378,3.8512333182349354,4.633929947467641,4.366743859609963,3.7114601478880096,3.0846513258697827,2.7268289527410055
-1.002252249525085,-0.6723391579786473,1.0085151056900779,3.8512333182349354,4.633929947467641,4.366743859609963,3.7234096614681436,3.0846513258697827,2.7268289527410055
-0.8984881355459207,0.5997222520016661,0.988313917089669,3.8512333182349354,4.633929947467641,4.366743859609963,3.7234096614681436,3.0847723964606595,2.7268289527410055
0.6808618591908752,0.5117239311407069,0.9956480198096463,3.8512333182349354,4.633929947467641,4.366743859609963,3.7234096614681436,3.0847723964606595,2.7184952659851573
-0.6071033689111597,-0.4857703362132952,0.9944336120529016,3.8390569961037486,4.633929947467641,4.366743859609963,3.7234096614681436,3.0847723964606595,2.7184952659851573
-0.7460712058109351,-0.5616999785539105,1.005884442784117,3.8390569961037486,4.618391381077631,4.366743859609963,3.7234096614681436,3.0847723964606595,2.7184952659851573
-0.9685260027354481,-0.6372319276951295,1.0178674234295415,3.8390569961037486,4.618391381077631,4.36150695931942,3.7234096614681436,3.0847723964606595,2.7184952659851573
-1.0023045596195408,0.6804572593815068,0.997990600361106,3.8390569961037486,4.618391381077631,4.36150695931942,3.7079781011686817,3.0847723964606595,2.7184952659851573
0.8937819334111448,0.6288598874772725,0.9729562452177862,3.8390569961037486,4.618391381077631,4.36150695931942,3.7079781011686817,3.064341356089972,2.7184952659851573
-0.6824762158963253,0.5122187479978348,0.9982211777875944,3.8390569961037486,4.618391381077631,4.36150695931942,3.7079781011686817,3.064341356089972,2.7351382836809863
0.6030015896409188,-0.48696394795580583,0.9756499514314257,3.832253289483772,4.618391381077631,4.36150695931942,3.7079781011686817,3.064341356089972,2.7351382836809863
-0.7460939567734441,-0.560579547905965,0.9987183983474085,3.832253289483772,4.602832188062273,4.36150695931942,3.7079781011686817,3.064341356089972,2.7351382836809863
-0.9685664889317334,0.6684028989733093,1.0105547689448304,3.832253289483772,4.602832188062273,4.338217656110605,3.7079781011686817,3.064341356089972,2.7351382836809863
0.9990513767971104,0.6539651067936584,0.987402896265916,3.832253289483772,4.602832188062273,4.338217656110605,3.696700667210343,3.064341356089972,2.7351382836809863
-0.8985276313858575,0.6280243184428949,0.9934127885953905,3.832253289483772,4.602832188062273,4.338217656110605,3.696700667210343,3.064019130213465,2.7351382836809863
0.6809258197139649,0.5133878024202229,0.9734916959464973,3.832253289483772,4.602832188062273,4.338217656110605,3.696700667210343,3.064019130213465,2.7269873839627112
0.6030213943942444,0.4940862926560262,0.9810952568938386,3.844578951932779,4.602832188062273,4.338217656110605,3.696700667210343,3.064019130213465,2.7269873839627112
-0.7461019822456809,-0.5155657513585946,0.991554824961811,3.844578951932779,4.58730663995163,4.338217656110605,3.696700667210343,3.064019130213465,2.7269873839627112
-0.9685554461820539,-0.6646341271464226,1.0032608808414047,3.844578951932779,4.58730663995163,4.333404813150348,3.696700667210343,3.064019130213465,2.7269873839627112
-1.002293404030185,0.6285929687480909,1.0167735438637286,3.844578951932779,4.58730663995163,4.333404813150348,3.6825238982878936,3.064019130213465,2.7269873839627112
0.8938138894673152,0.62867714487855,0.9779848637811723,3.844578951932779,4.58730663995163,4.333404813150348,3.6825238982878936,3.04357746616871,2.7269873839627112
0.6809738011477938,0.5328368168903499,0.9759936641024061,3.844578951932779,4.58730663995163,4.333404813150348,3.6825238982878936,3.04357746616871,2.719087667283127
0.6029251402147153,-0.5262190074621783,0.9867686743309485,3.8372996565170805,4.58730663995163,4.333404813150348,3.6825238982878936,3.04357746616871,2.719087667283127
0.7425844313666872,-0.5650041888397194,0.9843926392915204,3.8372996565170805,4.601424029682411,4.333404813150348,3.6825238982878936,3.04357746616871,2.719087667283127
0.9684536486371882,0.6701146511782126,0.9959604114247026,3.8372996565170805,4.601424029682411,4.338435940561843,3.6825238982878936,3.04357746616871,2.719087667283127
-1.002324944152173,0.6577101936735826,1.0060549572306643,3.8372996565170805,4.601424029682411,4.338435940561843,3.6678609281010583,3.04357746616871,2.719087667283127
-0.8985671383892291,0.6308666230793533,0.9983656190181533,3.8372996565170805,4.601424029682411,4.338435940561843,3.6678609281010583,3.043245737457103,2.719087667283127
0.6810171128639133,0.5131781577037166,0.9784626002395842,3.8372996565170805,4.601424029682411,4.338435940561843,3.6678609281010583,3.043245737457103,2.711118896916492
-0.60717306522605,-0.48811064200145243,0.9924674481145542,3.8248828813777522,4.601424029682411,4.338435940561843,3.6678609281010583,3.043245737457103,2.711118896916492
-0.7461605423932555,-0.5367592496347658,1.0070170101429872,3.8248828813777522,4.5858389348379465,4.338435940561843,3.6678609281010583,3.043245737457103,2.711118896916492
-0.9686264196933527,-0.6664514814116821,1.027408178924335,3.8248828813777522,4.5858389348379465,4.333666711717663,3.6678609281010583,3.043245737457103,2.711118896916492
-1.0023383037224218,-0.6761798151228896,0.9952825341198509,3.8248828813777522,4.5858389348379465,4.333666711717663,3.6799125410847737,3.043245737457103,2.711118896916492
0.893846128874924,0.6039816749921548,0.9828607637884248,3.8248828813777522,4.5858389348379465,4.333666711717663,3.6799125410847737,3.0231986057194016,2.711118896916492
0.6810568687949212,0.5140529919944651,0.9808923218854989,3.8248828813777522,4.5858389348379465,4.333666711717663,3.6799125410847737,3.0231986057194016,2.703248988643518
0.6030481045311438,-0.4898270864098402,0.973985155171248,3.818311443390477,4.5858389348379465,4.333666711717663,3.6799125410847737,3.0231986057194016,2.703248988643518
-0.7461841141513623,-0.5649253751101598,0.9998678147261802,3.818311443390477,4.570200598227371,4.333666711717663,3.6799125410847737,3.0231986057194016,2.703248988643518
-0.9686972459275172,0.6446315529512815,1.0201084040609163,3.818311443390477,4.570200598227371,4.3107077720422105,3.6799125410847737,3.0231986057194016,2.703248988643518
0.9990942650220556,0.7104007765952939,0.984662489143541,3.818311443390477,4.570200598227371,4.3107077720422105,3.667628272207741,3.0231986057194016,2.703248988643518
-0.8986061609217857,0.6339778308394327,1.003165203972791,3.818311443390477,4.570200598227371,4.3107077720422105,3.667628272207741,3.022842583730517,2.703248988643518
0.6810911437912884,0.5158211615225224,0.9832874902566245,3.818311443390477,4.570200598227371,4.3107077720422105,3.667628272207741,3.022842583730517,2.6954878396523263
0.6030702765522733,-0.49097407997525355,0.9797362233112277,3.811723764038889,4.570200598227371,4.3107077720422105,3.667628272207741,3.022842583730517,2.6954878396523263
-0.7461952350913514,-0.5386312285867323,0.9927266101663532,3.811723764038889,4.55457559792108,4.3107077720422105,3.667628272207741,3.022842583730517,2.6954878396523263
-0.9687002184456223,-0.6659962739896266,1.0128102287426808,3.811723764038889,4.55457559792108,4.305946695450871,3.667628272207741,3.022842583730517,2.6954878396523263
-1.0023641016414275,0.6298095038682764,1.0140101748165375,3.811723764038889,4.55457559792108,4.305946695450871,3.653342905726458,3.022842583730517,2.6954878396523263
0.893878724228491,0.6323160050549634,0.9875889215388771,3.811723764038889,4.55457559792108,4.305946695450871,3.653342905726458,3.0023170810849016,2.6954878396523263
0.6811210160532277,0.5158188889701275,0.985648530203516,3.811723764038889,4.55457559792108,4.305946695450871,3.653342905726458,3.0023170810849016,2.6878224110500857
0.6030809275381344,-0.49109546595603576,0.9855165310722495,3.8051395773551238,4.55457559792108,4.305946695450871,3.653342905726458,3.0023170810849016,2.6878224110500857
0.7426201002465862,-0.5664206415349317,0.9855862160326843,3.8051395773551238,4.568598873245506,4.305946695450871,3.653342905726458,3.0023170810849016,2.6878224110500857
-0.968745890467622,0.6736588993798232,1.005513178685763,3.8051395773551238,4.568598873245506,4.282592244913619,3.653342905726458,3.0023170810849016,2.6878224110500857
-1.0023871317453492,0.6613757686531913,1.0032510362726943,3.8051395773551238,4.568598873245506,4.282592244913619,3.6385222406991726,3.0023170810849016,2.6878224110500857
-0.8986455133814699,0.6342756723912408,1.00782309129212,3.8051395773551238,4.568598873245506,4.282592244913619,3.6385222406991726,3.0019962993128475,2.6878224110500857
0.6811466114235954,-0.5389161747881765,0.9879755086213362,3.8051395773551238,4.568598873245506,4.282592244913619,3.6385222406991726,3.0019962993128475,2.6708167615325915
-0.6072261715107435,-0.5136220649640783,0.9913258273034402,3.7922118545178334,4.568598873245506,4.282592244913619,3.6385222406991726,3.0019962993128475,2.6708167615325915
-0.7462543747440675,-0.5398421152333559,1.0082299046276368,3.7922118545178334,4.552933668406402,4.282592244913619,3.6385222406991726,3.0019962993128475,2.6708167615325915
0.9685918704962708,-0.669705608607838,0.9982253035191538,3.7922118545178334,4.552933668406402,4.305839908721995,3.6385222406991726,3.0019962993128475,2.6708167615325915
-1.0023948048002267,0.633940096325712,0.9924382230213816,3.7922118545178334,4.552933668406402,4.305839908721995,3.62435454279999,3.0019962993128475,2.6708167615325915
-0.8986528681254762,0.6130605882035731,0.9921682858040531,3.7922118545178334,4.552933668406402,4.305839908721995,3.62435454279999,3.0020457708884836,2.6708167615325915
0.6810835400550602,0.5584949747508937,0.9903567671031105,3.7922118545178334,4.552933668406402,4.305839908721995,3.62435454279999,3.0020457708884836,2.663394236257586
0.6031230603553263,-0.49126523901265956,0.9729578439535997,3.7856303800202276,4.552933668406402,4.305839908721995,3.62435454279999,3.0020457708884836,2.663394236257586
-0.7462806882265329,-0.5679003545667695,1.0010970888358712,3.7856303800202276,4.537210371547452,4.305839908721995,3.62435454279999,3.0020457708884836,2.663394236257586
-0.9688174868487069,0.6753380458722519,1.0296760678284196,3.7856303800202276,4.537210371547452,4.282465900283414,3.62435454279999,3.0020457708884836,2.663394236257586
0.9992457123470292,0.6618541506481334,0.9815604543255971,3.7856303800202276,4.537210371547452,4.282465900283414,3.612571843018076,3.0020457708884836,2.663394236257586
0.8939515920715823,0.6364840348342801,0.9764739455703875,3.7856303800202276,4.537210371547452,4.282465900283414,3.612571843018076,2.9814333430886286,2.663394236257586
0.6811346084602153,0.5165281708262885,0.9927029315163863,3.7856303800202276,4.537210371547452,4.282465900283414,3.612571843018076,2.9814333430886286,2.655716026816879
0.6031471036939133,-0.49420118763244386,0.9788214594705715,3.778998564578457,4.537210371547452,4.282465900283414,3.612571843018076,2.9814333430886286,2.655716026816879
-0.7462945597970246,-0.5411894449141268,0.9939715494895477,3.778998564578457,4.521504460741814,4.282465900283414,3.612571843018076,2.9814333430886286,2.655716026816879
-0.9688404850859564,-0.671472451008981,1.022386806758581,3.778998564578457,4.521504460741814,4.277826815151015,3.612571843018076,2.9814333430886286,2.655716026816879
-1.0024627193695193,-0.6812973293938661,1.0106598845437362,3.778998564578457,4.521504460741814,4.277826815151015,3.6248500072995062,2.9814333430886286,2.655716026816879
-0.8986916880807638,0.6089488428324685,0.9965979501441922,3.778998564578457,4.521504460741814,4.277826815151015,3.6248500072995062,2.9815822527463114,2.655716026816879
0.6811482524739998,-0.5419580192856709,0.995006918858622,3.778998564578457,4.521504460741814,4.277826815151015,3.6248500072995062,2.9815822527463114,2.638687437408324
0.6031594954003747,-0.5153625719696195,0.9847149415200978,3.771962347609015,4.521504460741814,4.277826815151015,3.6248500072995062,2.9815822527463114,2.638687437408324
0.742661538728628,-0.5699154964750824,0.9868460522292049,3.771962347609015,4.535426119447271,4.277826815151015,3.6248500072995062,2.9815822527463114,2.638687437408324
-0.9689045358551356,-0.6456237450809847,1.0150930758862933,3.771962347609015,4.535426119447271,4.272533212680952,3.6248500072995062,2.9815822527463114,2.638687437408324
-1.0025212363412634,0.6897689992859369,0.9998812662816033,3.771962347609015,4.535426119447271,4.272533212680952,3.609358548241513,2.9815822527463114,2.638687437408324
0.8939846461875531,0.6176155277510471,0.980829279046664,3.771962347609015,4.535426119447271,4.272533212680952,3.609358548241513,2.9612702641799387,2.638687437408324
-0.6827499011633151,0.5607869450108957,0.9973641485423302,3.771962347609015,4.535426119447271,4.272533212680952,3.609358548241513,2.9612702641799387,2.6558529413865943
-0.6072823879889987,-0.4939727545552586,0.9906375832730062,3.7594073455684085,4.535426119447271,4.272533212680952,3.609358548241513,2.9612702641799387,2.6558529413865943
-0.7463536947525629,-0.569200117940508,1.0095069306735425,3.7594073455684085,4.519635801722329,4.272533212680952,3.609358548241513,2.9612702641799387,2.6558529413865943
-0.9689537689291564,0.6777542910138061,1.0077871856839113,3.7594073455684085,4.519635801722329,4.24908615516103,3.609358548241513,2.9612702641799387,2.6558529413865943
0.999333310357128,0.6626135166210854,0.9890378360031218,3.7594073455684085,4.519635801722329,4.24908615516103,3.597770634038752,2.9612702641799387,2.6558529413865943
-0.8987299908663989,0.6391181778338381,1.0008812831403986,3.7594073455684085,4.519635801722329,4.24908615516103,3.597770634038752,2.960943176273734,2.6558529413865943
0.6811683095440128,0.5188842977924962,0.9724105533432732,3.7594073455684085,4.519635801722329,4.24908615516103,3.597770634038752,2.960943176273734,2.648182426019473
0.6032013840197749,-0.49642886436991,0.9723762779993305,3.7527449645820594,4.519635801722329,4.24908615516103,3.597770634038752,2.960943176273734,2.648182426019473
-0.7463840642929207,-0.5430086308674896,1.0023887510982605,3.7527449645820594,4.503865032875338,4.24908615516103,3.597770634038752,2.960943176273734,2.648182426019473
-0.9689359186974784,-0.6742025691197868,1.0004965866038562,3.7527449645820594,4.503865032875338,4.244220190451485,3.597770634038752,2.960943176273734,2.648182426019473
-1.0025050299899194,-0.684055349184729,1.0181611601777816,3.7527449645820594,4.503865032875338,4.244220190451485,3.6098936809324367,2.960943176273734,2.648182426019473
0.8940175924361404,0.6116365648270257,0.9850444995277239,3.7527449645820594,4.503865032875338,4.244220190451485,3.6098936809324367,2.9407173473209687,2.648182426019473
0.681223031876899,-0.5449429792059928,0.9746915908127778,3.7527449645820594,4.503865032875338,4.244220190451485,3.6098936809324367,2.9407173473209687,2.631127900104155
0.6032265899346227,-0.5180227368361755,0.9783541641538098,3.745670069777093,4.503865032875338,4.244220190451485,3.6098936809324367,2.9407173473209687,2.631127900104155
-0.7463990288227835,-0.5726554038668675,0.9952701594793755,3.745670069777093,4.488027311911804,4.244220190451485,3.6098936809324367,2.9407173473209687,2.631127900104155
0.9686715534577008,0.6531155909941435,0.9932017554459238,3.745670069777093,4.488027311911804,4.249673562611592,3.6098936809324367,2.9407173473209687,2.631127900104155
-1.0025773971175256,0.7185714209859414,1.007402823773831,3.745670069777093,4.488027311911804,4.249673562611592,3.5936439192247067,2.9407173473209687,2.631127900104155
-0.8987684080203615,0.6198318592432657,1.005022242172407,3.745670069777093,4.488027311911804,4.249673562611592,3.5936439192247067,2.940738987544578,2.631127900104155
0.681186250291761,0.5635550070217524,0.9770271526577783,3.745670069777093,4.488027311911804,4.249673562611592,3.5936439192247067,2.940738987544578,2.6237164817363174
0.6032403758663853,-0.49646923397024145,0.9843616827904426,3.73901305278168,4.488027311911804,4.249673562611592,3.5936439192247067,2.940738987544578,2.6237164817363174
0.7427074399979341,-0.5454378918994043,0.9881583873274992,3.73901305278168,4.5018833012116035,4.249673562611592,3.5936439192247067,2.940738987544578,2.6237164817363174
-0.969006415082462,-0.6729900671144676,1.0246563793399142,3.73901305278168,4.5018833012116035,4.244787337896999,3.5936439192247067,2.940738987544578,2.6237164817363174
-1.002510515903652,0.6367647084918646,0.9965826952289915,3.73901305278168,4.5018833012116035,4.244787337896999,3.5791484567292757,2.940738987544578,2.6237164817363174
-0.8987694184083553,0.641191403290417,0.9891110730872386,3.73901305278168,4.5018833012116035,4.244787337896999,3.5791484567292757,2.9404220549196864,2.6237164817363174
0.6812640209898233,0.5212900527692607,0.9793280711525972,3.73901305278168,4.5018833012116035,4.244787337896999,3.5791484567292757,2.9404220549196864,2.61605360098183
-0.6073416296244136,-0.4982401146040071,0.9903944427626913,3.7263626348250116,4.5018833012116035,4.244787337896999,3.5791484567292757,2.9404220549196864,2.61605360098183
-0.7464581437851828,-0.5738227962366916,1.0108278072856047,3.7263626348250116,4.4860002692443475,4.244787337896999,3.5791484567292757,2.9404220549196864,2.61605360098183
-0.9690781880431623,0.6811310058721586,1.0173597321432857,3.7263626348250116,4.4860002692443475,4.221295696100233,3.5791484567292757,2.9404220549196864,2.61605360098183
0.9994649645448224,0.668356226128253,0.9856836033290481,3.7263626348250116,4.4860002692443475,4.221295696100233,3.5675367734466983,2.9404220549196864,2.61605360098183
0.894085425712407,0.6403988722347945,0.9731649689996461,3.7263626348250116,4.4860002692443475,4.221295696100233,3.5675367734466983,2.9197071013273423,2.61605360098183
0.6813049598442502,0.5227483638641165,0.9815871314801866,3.7263626348250116,4.4860002692443475,4.221295696100233,3.5675367734466983,2.9197071013273423,2.6085070568213085
0.6032815534765006,-0.4994837763064538,0.9722451311822373,3.719659933793813,4.4860002692443475,4.221295696100233,3.5675367734466983,2.9197071013273423,2.6085070568213085
-0.7464919340677146,-0.546040825295284,1.0037207449380101,3.719659933793813,4.4701429930291265,4.221295696100233,3.5675367734466983,2.9197071013273423,2.6085070568213085
-0.9690763131215454,-0.6772801466055958,1.010069429453001,3.719659933793813,4.4701429930291265,4.216487095097304,3.5675367734466983,2.9197071013273423,2.6085070568213085
-1.0025763131902783,0.6403426292094573,1.0147685395325472,3.719659933793813,4.4701429930291265,4.216487095097304,3.5531677194453377,2.9197071013273423,2.6085070568213085
-0.8988080067139874,0.6414579619165672,0.9930354200817572,3.719659933793813,4.4701429930291265,4.216487095097304,3.5531677194453377,2.9194304934099713,2.6085070568213085
0.6813393737284403,-0.5475874664974621,0.983813680635544,3.719659933793813,4.4701429930291265,4.216487095097304,3.5531677194453377,2.9194304934099713,2.5914040933135007
0.6033069190662186,-0.5210211518571886,0.978337794375939,3.7125460335211695,4.4701429930291265,4.216487095097304,3.5531677194453377,2.9194304934099713,2.5914040933135007
-0.7465097765755688,-0.5756555496011592,0.9966121774236347,3.7125460335211695,4.454213308261192,4.216487095097304,3.5531677194453377,2.9194304934099713,2.5914040933135007
-0.969117911077079,0.6827751598407441,1.0027758386962893,3.7125460335211695,4.454213308261192,4.192974207441583,3.5531677194453377,2.9194304934099713,2.5914040933135007
-1.002602482719325,0.6704058764430676,1.0037477434106739,3.7125460335211695,4.454213308261192,4.192974207441583,3.538291632870456,2.9194304934099713,2.5914040933135007
0.8941187760034697,0.62135537400658,0.9770080063095519,3.7125460335211695,4.454213308261192,4.192974207441583,3.538291632870456,2.8990130088261195,2.5914040933135007
0.681286811965474,0.5660022396718354,0.986090842848398,3.7125460335211695,4.454213308261192,4.192974207441583,3.538291632870456,2.8990130088261195,2.5841162478416364
0.6033206460689889,-0.49956550056919335,0.9844603263446337,3.7058480545568813,4.454213308261192,4.192974207441583,3.538291632870456,2.8990130088261195,2.5841162478416364
0.7427606152442705,-0.5474881315833632,0.9895097778581413,3.7058480545568813,4.46796375770597,4.192974207441583,3.538291632870456,2.8990130088261195,2.5841162478416364
0.968796230534572,-0.6785721816152779,0.9954875106839114,3.7058480545568813,4.46796375770597,4.216379649797351,3.538291632870456,2.8990130088261195,2.5841162478416364
-1.0026100516145073,-0.688752971717221,0.9926715338178836,3.7058480545568813,4.46796375770597,4.216379649797351,3.5506367419594316,2.8990130088261195,2.5841162478416364
-0.8988459756745801,0.6170817586730566,0.9967983891937746,3.7058480545568813,4.46796375770597,4.216379649797351,3.5506367419594316,2.89917192002798,2.5841162478416364
0.6813451043600505,0.5234435335403053,0.9883341866047004,3.7058480545568813,4.46796375770597,4.216379649797351,3.5506367419594316,2.89917192002798,2.5765730316245548
-0.6074014162524866,-0.5013067064693207,0.9906083151360324,3.693125615758426,4.46796375770597,4.216379649797351,3.5506367419594316,2.89917192002798,2.5765730316245548
-0.7465687709088095,-0.5769181088716538,1.012191160621903,3.693125615758426,4.451987540728346,4.216379649797351,3.5506367419594316,2.89917192002798,2.5765730316245548
-0.9691901658470539,-0.6538176084060849,1.0269512346989558,3.693125615758426,4.451987540728346,4.2109644228298695,3.5506367419594316,2.89917192002798,2.5765730316245548
0.9994928016072597,0.6977910817862902,0.9817599284788081,3.693125615758426,4.451987540728346,4.2109644228298695,3.5385750093872845,2.89917192002798,2.5765730316245548
0.8941528758911059,0.6453110219680059,0.9806940976095346,3.693125615758426,4.451987540728346,4.2109644228298695,3.5385750093872845,2.8783530147763328,2.5765730316245548
0.6813685140713573,-0.5507628595446227,0.9905363563213058,3.693125615758426,4.451987540728346,4.2109644228298695,3.5385750093872845,2.8783530147763328,2.559441213819963
0.603361655621598,-0.5238670832219764,0.9725716507048182,3.6859696616880346,4.451987540728346,4.2109644228298695,3.5385750093872845,2.8783530147763328,2.559441213819963
-0.7466055442693608,-0.5762039537536364,1.005092426664286,3.6859696616880346,4.435987629296555,4.2109644228298695,3.5385750093872845,2.8783530147763328,2.559441213819963
-0.9692642545706838,0.6853567628626601,1.0196459878855777,3.6859696616880346,4.435987629296555,4.187380876335481,3.5385750093872845,2.8783530147763328,2.559441213819963
-1.0026306235327702,0.6705187917838724,1.0108239572352828,3.6859696616880346,4.435987629296555,4.187380876335481,3.5234933678093814,2.8783530147763328,2.559441213819963
-0.8988840383468303,0.6233301665851803,1.000415849273166,3.6859696616880346,4.435987629296555,4.187380876335481,3.5234933678093814,2.878443668330265,2.559441213819963
0.6813033532103664,0.5688166375876899,0.9927880210600355,3.6859696616880346,4.435987629296555,4.187380876335481,3.5234933678093814,2.878443668330265,2.5521781809532396
0.603386868474271,-0.5019218772646707,0.9787798890548938,3.679238943868292,4.435987629296555,4.187380876335481,3.5234933678093814,2.878443668330265,2.5521781809532396
-0.7466276315744692,-0.5498808786690021,0.997992649773156,3.679238943868292,4.420016412935991,4.187380876335481,3.5234933678093814,2.878443668330265,2.5521781809532396
-0.9692697747660219,-0.6815407403415996,1.0123530795472697,3.679238943868292,4.420016412935991,4.182369905902366,3.5234933678093814,2.878443668330265,2.5521781809532396
-1.0026496212746967,0.6441561710458666,0.9997755393469858,3.679238943868292,4.420016412935991,4.182369905902366,3.509040309564101,2.878443668330265,2.5521781809532396
0.8941867069263832,0.6467855610910789,0.9842356064832655,3.679238943868292,4.420016412935991,4.182369905902366,3.509040309564101,2.8575881778192236,2.5521781809532396
0.6813475648594985,0.5257078358713927,0.9950060458764002,3.679238943868292,4.420016412935991,4.182369905902366,3.509040309564101,2.8575881778192236,2.5446568643528686
0.6033989826534446,-0.503776404778243,0.985013831793218,3.6724788100065897,4.420016412935991,4.182369905902366,3.509040309564101,2.8575881778192236,2.5446568643528686
-0.746634337827298,-0.5789853589176973,0.9908909825337472,3.6724788100065897,4.403966821743713,4.182369905902366,3.509040309564101,2.8575881778192236,2.5446568643528686
-0.9693166951119571,0.6869741808071366,1.005056841210954,3.6724788100065897,4.403966821743713,4.1587653197952275,3.509040309564101,2.8575881778192236,2.5446568643528686
0.9996267236962263,0.6742487351894882,0.98866101123255,3.6724788100065897,4.403966821743713,4.1587653197952275,3.4971024888794755,2.8575881778192236,2.5446568643528686
-0.8989218401556003,0.6463342992969879,1.0038814205341038,3.6724788100065897,4.403966821743713,4.1587653197952275,3.4971024888794755,2.857339327145691,2.5446568643528686
-0.6830066051159348,-0.5526871192081982,0.9971830056642471,3.6724788100065897,4.403966821743713,4.1587653197952275,3.4971024888794755,2.857339327145691,2.5518552898890334
-0.6074599697496426,-0.5269891406090879,0.9912779678445102,3.659246328916099,4.403966821743713,4.1587653197952275,3.4971024888794755,2.857339327145691,2.5518552898890334
0.7428278893257687,-0.5520271014719252,0.983794858899876,3.659246328916099,4.417570937040696,4.1587653197952275,3.4971024888794755,2.857339327145691,2.5518552898890334
0.9688781670541602,-0.6830202766716945,0.9977655977317602,3.659246328916099,4.417570937040696,4.182269151860771,3.4971024888794755,2.857339327145691,2.5518552898890334
-1.0027173008418022,-0.6926397363609464,1.017535441046939,3.659246328916099,4.417570937040696,4.182269151860771,3.5095139153636254,2.857339327145691,2.5518552898890334
0.8942203628651927,0.5981210096066911,0.9876239573063792,3.659246328916099,4.417570937040696,4.182269151860771,3.5095139153636254,2.8372641088022057,2.5518552898890334
0.6813378997081587,0.5698833176776718,0.9721232290550071,3.659246328916099,4.417570937040696,4.182269151860771,3.5095139153636254,2.8372641088022057,2.544599947039934
0.6034405385490453,-0.503608528189541,0.9733545933289145,3.652495479387721,4.417570937040696,4.182269151860771,3.5095139153636254,2.8372641088022057,2.544599947039934
-0.7466932473510997,-0.5803467751629439,1.0064855342364378,3.652495479387721,4.401472848216615,4.182269151860771,3.5095139153636254,2.8372641088022057,2.544599947039934
-0.9693890128448338,0.6612631390253249,1.0292321535724789,3.652495479387721,4.401472848216615,4.159009745685886,3.5095139153636254,2.8372641088022057,2.544599947039934
-1.0027900246931625,0.7278246742171117,1.0065266750064952,3.652495479387721,4.401472848216615,4.159009745685886,3.493174716981092,2.8372641088022057,2.544599947039934
-0.8989589595979798,0.6523185385115339,1.0071876358132827,3.652495479387721,4.401472848216615,4.159009745685886,3.493174716981092,2.836943136046954,2.544599947039934
0.6814239447097235,0.5283906308167144,0.9743178072511217,3.652495479387721,4.401472848216615,4.159009745685886,3.493174716981092,2.836943136046954,2.5371043665422213
0.6034634150127497,-0.25328413285553614,0.9796743804797107,3.6505997310353475,4.401472848216615,4.159009745685886,3.493174716981092,2.836943136046954,2.5371043665422213
-0.746718873654104,-0.548325471847334,0.99939128804968,3.6505997310353475,4.3854199174255095,4.159009745685886,3.493174716981092,2.836943136046954,2.5371043665422213
-0.9694085900906679,-0.6823398052595226,1.0219307742577057,3.6505997310353475,4.3854199174255095,4.154022572047461,3.493174716981092,2.836943136046954,2.5371043665422213
-1.0027161452241116,0.6458550869132289,0.9954546107134798,3.6505997310353475,4.3854199174255095,4.154022572047461,3.4785924980037355,2.836943136046954,2.5371043665422213
-0.8989638362063852,0.6484447018749929,0.9908589326149977,3.6505997310353475,4.3854199174255095,4.154022572047461,3.4785924980037355,2.8367115358016934,2.5371043665422213
0.6814759943011293,0.5354398014970533,0.9764721221612694,3.6505997310353475,4.3854199174255095,4.154022572047461,3.4785924980037355,2.8367115358016934,2.5297853516072006
0.6034609393517081,-0.25823367273475273,0.9860400260896269,3.6486803042769,4.3854199174255095,4.154022572047461,3.4785924980037355,2.8367115358016934,2.5297853516072006
-0.7467283514673753,-0.5770292653475495,0.992294035404082,3.6486803042769,4.369284915088734,4.154022572047461,3.4785924980037355,2.8367115358016934,2.5297853516072006
-0.9694789486166026,0.6905593396562315,1.0146337912891965,3.6486803042769,4.369284915088734,4.130369382259826,3.4785924980037355,2.8367115358016934,2.5297853516072006
0.9997543964085085,0.6773572758867764,0.9843020470156066,3.6486803042769,4.369284915088734,4.130369382259826,3.466698192784461,2.8367115358016934,2.5297853516072006
0.8942933385963878,0.6496281356120933,0.9744875918358621,3.6486803042769,4.369284915088734,4.130369382259826,3.466698192784461,2.8157762246436078,2.5297853516072006
0.6815215427537976,-0.5521068887378737,0.9785965565716571,3.6486803042769,4.369284915088734,4.130369382259826,3.466698192784461,2.8157762246436078,2.512608700956721
-0.6075346998838902,-0.2699558181901742,0.9924893995341386,3.6403071248745946,4.369284915088734,4.130369382259826,3.466698192784461,2.8157762246436078,2.512608700956721
0.7428658232908703,-0.5498564423631191,0.9852024912213901,3.6403071248745946,4.382783253689682,4.130369382259826,3.466698192784461,2.8157762246436078,2.512608700956721
-0.9694703989781003,-0.6860719767294082,1.0073400341363967,3.6403071248745946,4.382783253689682,4.125442832261992,3.466698192784461,2.8157762246436078,2.512608700956721
-1.0027813355800592,-0.6962791000099818,1.0131420645132139,3.6403071248745946,4.382783253689682,4.125442832261992,3.4790776330240156,2.8157762246436078,2.512608700956721
-0.8990014206203712,0.6010585494764471,0.9939397092003449,3.6403071248745946,4.382783253689682,4.125442832261992,3.4790776330240156,2.816367153367752,2.512608700956721
0.6814832052160146,0.578328359725521,0.9807649534710898,3.6403071248745946,4.382783253689682,4.125442832261992,3.4790776330240156,2.816367153367752,2.5055625705125335
0.6034890039686274,-0.2585804220536123,0.9748016558184133,3.6385221307174254,4.382783253689682,4.125442832261992,3.4790776330240156,2.816367153367752,2.5055625705125335
-0.7467868262291741,-0.5786945063430035,1.00790074135055,3.6385221307174254,4.366600384157183,4.125442832261992,3.4790776330240156,2.816367153367752,2.5055625705125335
-0.9695103539714204,-0.659805970527869,1.0000450708894526,3.6385221307174254,4.366600384157183,4.119845551801831,3.4790776330240156,2.816367153367752,2.5055625705125335
-1.0028453474806822,0.7044178346408555,1.0020977612999251,3.6385221307174254,4.366600384157183,4.119845551801831,3.4631079023954534,2.816367153367752,2.5055625705125335
0.8943282822111569,0.6547256204237502,0.9774836631082674,3.6385221307174254,4.366600384157183,4.119845551801831,3.4631079023954534,2.795339604765737,2.5055625705125335
0.6815499970444882,0.535453204673268,0.9829032362882251,3.6385221307174254,4.366600384157183,4.119845551801831,3.4631079023954534,2.795339604765737,2.4982644134817136
0.6035011472290374,-0.25991691098199454,0.9814186578192841,3.636784536906673,4.366600384157183,4.119845551801831,3.4631079023954534,2.795339604765737,2.4982644134817136
-0.7468153369332124,-0.5777762236180733,1.0008118021302115,3.636784536906673,4.350394894282607,4.119845551801831,3.4631079023954534,2.795339604765737,2.4982644134817136
0.9689539364152182,0.6930477893057314,0.9927405672439493,3.636784536906673,4.350394894282607,4.12529624223873,3.4631079023954534,2.795339604765737,2.4982644134817136
0.999848891197999,0.6775053219248212,0.9909861132244359,3.636784536906673,4.350394894282607,4.12529624223873,3.4514342881801876,2.795339604765737,2.4982644134817136
-0.8990384684015753,0.6519457828784835,0.9968648990375392,3.636784536906673,4.350394894282607,4.12529624223873,3.4514342881801876,2.7951298219491476,2.4982644134817136
0.6815857962871817,0.5380500088993161,0.9850016289229674,3.636784536906673,4.350394894282607,4.12529624223873,3.4514342881801876,2.7951298219491476,2.4911093340707984
0.6035004506167855,-0.26026634398077975,0.9881216734581303,3.635113109700041,4.350394894282607,4.12529624223873,3.4514342881801876,2.7951298219491476,2.4911093340707984
-0.7468291599311581,-0.5515469899613286,0.9937214478084067,3.635113109700041,4.334228782679336,4.12529624223873,3.4514342881801876,2.7951298219491476,2.4911093340707984
-0.9695841353901762,-0.6890251042994872,1.024214307636672,3.635113109700041,4.334228782679336,4.120102231591697,3.4514342881801876,2.7951298219491476,2.4911093340707984
-1.002824073844605,0.651609518746085,1.0198556722336434,3.635113109700041,4.334228782679336,4.120102231591697,3.4367312380268418,2.7951298219491476,2.4911093340707984
0.8943623344723095,0.6527137207883491,0.980335966445173,3.635113109700041,4.334228782679336,4.120102231591697,3.4367312380268418,2.774118277093037,2.4911093340707984
0.681615088073401,-0.5555415437441074,0.9870703642128316,3.635113109700041,4.334228782679336,4.120102231591697,3.4367312380268418,2.774118277093037,2.4738668720260426
-0.6076113681563857,-0.2715158703990164,0.9949106689130495,3.6264826107338726,4.334228782679336,4.120102231591697,3.4367312380268418,2.774118277093037,2.4738668720260426
0.7429110296945666,-0.5808205009767471,0.9866288557745136,3.6264826107338726,4.347539282469672,4.120102231591697,3.4367312380268418,2.774118277093037,2.4738668720260426
-0.9696569489899253,0.695006891093985,1.0169152660252816,3.6264826107338726,4.347539282469672,4.096355317722495,3.4367312380268418,2.774118277093037,2.4738668720260426
-1.0028593879170267,0.6817711840390804,1.008605941419043,3.6264826107338726,4.347539282469672,4.096355317722495,3.4215181078064507,2.774118277093037,2.4738668720260426
-0.8990757523457266,0.6322112860836059,0.9996327574777082,3.6264826107338726,4.347539282469672,4.096355317722495,3.4215181078064507,2.774280899749672,2.4738668720260426
0.6815624688490856,0.5820016552990694,0.9891794470331722,3.6264826107338726,4.347539282469672,4.096355317722495,3.4215181078064507,2.774280899749672,2.467008944288438
0.6035274738879219,-0.26070866587718716,0.9775628936364888,3.6249476056347327,4.347539282469672,4.096355317722495,3.4215181078064507,2.774280899749672,2.467008944288438
-0.7468874837969672,-0.552209473601388,1.0093361984367681,3.6249476056347327,4.331329516415858,4.096355317722495,3.4215181078064507,2.774280899749672,2.467008944288438
-0.9696533230047243,-0.6905525251708567,1.0096189590796032,3.6249476056347327,4.331329516415858,4.091190980455239,3.4215181078064507,2.774280899749672,2.467008944288438
-1.0028755709141444,-0.7005386780918266,0.9972991913335721,3.6249476056347327,4.331329516415858,4.091190980455239,3.433974935287783,2.774280899749672,2.467008944288438
0.8943972250313426,0.6284208371117136,0.9830182378252371,3.6249476056347327,4.331329516415858,4.091190980455239,3.433974935287783,2.75365104368644,2.467008944288438
0.6816109717770202,0.5376847051214149,0.9912598477553995,3.6249476056347327,4.331329516415858,4.091190980455239,3.433974935287783,2.75365104368644,2.459883453220966
0.6035332112173275,-0.26147814672395664,0.9845248200895204,3.6234727031301914,4.331329516415858,4.091190980455239,3.433974935287783,2.75365104368644,2.459883453220966
-0.7469171901857447,-0.5821514761170924,1.002245278522775,3.6234727031301914,4.315024828002963,4.091190980455239,3.433974935287783,2.75365104368644,2.459883453220966
-0.9696983449011933,0.6688777256265899,1.0023212517116344,3.6234727031301914,4.315024828002963,4.067788186176624,3.433974935287783,2.75365104368644,2.459883453220966
0.9998962256330368,0.7363572273620062,0.9861651277405362,3.6234727031301914,4.315024828002963,4.067788186176624,3.4212788392583144,2.75365104368644,2.459883453220966
-0.8991122350891333,0.6575950281373417,1.0022357387772751,3.6234727031301914,4.315024828002963,4.067788186176624,3.4212788392583144,2.7534316254246676,2.459883453220966
0.6816307933723816,0.5409791797589575,0.9933013252250116,3.6234727031301914,4.315024828002963,4.067788186176624,3.4212788392583144,2.7534316254246676,2.4529124420871105
-0.6076622495156898,-0.262135374014105,0.9915752250954699,3.6148506157720903,4.315024828002963,4.067788186176624,3.4212788392583144,2.7534316254246676,2.4529124420871105
-0.7469346501101222,-0.5543759769951884,0.99515915094678,3.6148506157720903,4.29876746358904,4.067788186176624,3.4212788392583144,2.7534316254246676,2.4529124420871105
0.9690805663237513,-0.6900569896069625,0.9950182379736342,3.6148506157720903,4.29876746358904,4.0914262005312585,3.4212788392583144,2.7534316254246676,2.4529124420871105
-1.0028960694239861,0.652774804193945,1.0150216674244374,3.6148506157720903,4.29876746358904,4.0914262005312585,3.4064421497348545,2.7534316254246676,2.4529124420871105
0.8944319269950564,0.6559545740670477,0.9855473303960991,3.6148506157720903,4.29876746358904,4.0914262005312585,3.4064421497348545,2.7323405320486764,2.4529124420871105
0.6816440454680776,0.540747733680444,0.9953146434830766,3.6148506157720903,4.29876746358904,4.0914262005312585,3.4064421497348545,2.7323405320486764,2.4460665423433827
0.6035588177524865,-0.26231314917105886,0.9744906675473959,3.6135110193592324,4.29876746358904,4.0914262005312585,3.4064421497348545,2.7323405320486764,2.4460665423433827
0.7429623400101004,-0.5829390488373447,0.9880697894286844,3.6135110193592324,4.311951441459435,4.0914262005312585,3.4064421497348545,2.7323405320486764,2.4460665423433827
-0.9697723265193577,0.6984778872300572,1.0264933718006826,3.6135110193592324,4.311951441459435,4.0676322747974165,3.4064421497348545,2.7323405320486764,2.4460665423433827
-1.0029186694289582,0.6848837773783888,1.0037399128554756,3.6135110193592324,4.311951441459435,4.0676322747974165,3.3910567369977582,2.7323405320486764,2.4460665423433827
-0.8991494587045281,0.657962999214627,1.0046863155415873,3.6135110193592324,4.311951441459435,4.0676322747974165,3.3910567369977582,2.732169455310562,2.4460665423433827
-0.6832900171369019,-0.5594790091811297,0.9972998947419591,3.6135110193592324,4.311951441459435,4.0676322747974165,3.3910567369977582,2.732169455310562,2.452630809340534
0.6035704712061871,-0.27407297634408767,0.9817208590422788,3.6120241881586987,4.311951441459435,4.0676322747974165,3.3910567369977582,2.732169455310562,2.452630809340534
-0.7469927302175116,-0.5552098132309822,1.0107829551981722,3.6120241881586987,4.295649344633239,4.0676322747974165,3.3910567369977582,2.732169455310562,2.452630809340534
-0.9697875014509512,-0.6936834203771158,1.0191943623957962,3.6120241881586987,4.295649344633239,4.062508461358938,3.3910567369977582,2.732169455310562,2.452630809340534
1.000039546610686,0.6565187810624032,0.9924012648336593,3.6120241881586987,4.295649344633239,4.062508461358938,3.3795949106997916,2.732169455310562,2.452630809340534
0.8944667390810732,0.6351692511361378,0.9879110081746814,3.6120241881586987,4.295649344633239,4.062508461358938,3.3795949106997916,2.711398471722143,2.452630809340534
0.6816429918230543,0.5852468479138556,0.9720238904187853,3.6120241881586987,4.295649344633239,4.062508461358938,3.3795949106997916,2.711398471722143,2.4461055633357636
0.6035682945129586,-0.2625262494710773,0.9890405521728338,3.610830290103034,4.295649344633239,4.062508461358938,3.3795949106997916,2.711398471722143,2.4461055633357636
-0.7470255092011748,-0.5847783363384592,1.0036943544240124,3.610830290103034,4.2792474672292355,4.062508461358938,3.3795949106997916,2.711398471722143,2.4461055633357636
-0.9698532185072786,0.6998431200142461,1.0118948121854414,3.610830290103034,4.2792474672292355,4.038695161007241,3.3795949106997916,2.711398471722143,2.4461055633357636
-1.0029861769386554,0.686486040455042,1.021052822794928,3.610830290103034,4.2792474672292355,4.038695161007241,3.364369619952272,2.711398471722143,2.4461055633357636
-0.8991859056628702,0.6613369254971306,1.0069641508757177,3.610830290103034,4.2792474672292355,4.038695161007241,3.364369619952272,2.7112174773452775,2.4461055633357636
0.6817248475307042,0.5418374568069124,0.9740212064656466,3.610830290103034,4.2792474672292355,4.038695161007241,3.364369619952272,2.7112174773452775,2.439317407271155
-0.6077401362288752,-0.2638845725863367,0.996449780480233,3.601945051973094,4.2792474672292355,4.038695161007241,3.364369619952272,2.7112174773452775,2.439317407271155
-0.7470460102721326,-0.5565724071433328,0.996609948927967,3.601945051973094,4.262898899588386,4.038695161007241,3.364369619952272,2.7112174773452775,2.439317407271155
-0.9698380390773673,-0.6955316400990281,1.0045953412738267,3.601945051973094,4.262898899588386,4.033597640391042,3.364369619952272,2.7112174773452775,2.439317407271155
-1.0030264975759777,-0.7051937796180501,1.0095873238214286,3.601945051973094,4.262898899588386,4.033597640391042,3.3770074988852854,2.7112174773452775,2.439317407271155
-0.899189142023616,0.6320450690445732,0.9901070974658484,3.601945051973094,4.262898899588386,4.033597640391042,3.3770074988852854,2.711539665068703,2.439317407271155
0.6817809330789215,0.543327998783683,0.9759823892789867,3.601945051973094,4.262898899588386,4.033597640391042,3.3770074988852854,2.711539665068703,2.432677828967467
0.6035926112132366,-0.26402341650181604,0.9797241866989683,3.6008771285599632,4.262898899588386,4.033597640391042,3.3770074988852854,2.711539665068703,2.432677828967467
0.7430203908750657,-0.5861909372266509,0.9895217280449767,3.6008771285599632,4.275948694460467,4.033597640391042,3.3770074988852854,2.711539665068703,2.432677828967467
0.9691541020662326,-0.6683135087169083,0.9972967618022057,3.6008771285599632,4.275948694460467,4.056985407678903,3.3770074988852854,2.711539665068703,2.432677828967467
-1.0030851033598145,0.7148522292244633,0.9982970503792538,3.6008771285599632,4.275948694460467,4.056985407678903,3.3608914846487523,2.711539665068703,2.432677828967467
0.8945404571114773,0.6626926275199615,0.9732052751866003,3.6008771285599632,4.275948694460467,4.056985407678903,3.3608914846487523,2.6903029849926825,2.432677828967467
0.681830529604391,-0.5635828070421625,0.9779181920359183,3.6008771285599632,4.275948694460467,4.056985407678903,3.3608914846487523,2.6903029849926825,2.4152557592935087
0.6035929051069725,-0.2759429488637749,0.9873178555557844,3.599662010667756,4.275948694460467,4.056985407678903,3.3608914846487523,2.6903029849926825,2.4152557592935087
-0.7471038940549961,-0.585170715059324,1.0122390967216575,3.599662010667756,4.259474688849972,4.056985407678903,3.3608914846487523,2.6903029849926825,2.4152557592935087
-0.9699733514761081,0.7025790168546234,1.0287672139601527,3.599662010667756,4.259474688849972,4.033106999349217,3.3608914846487523,2.6903029849926825,2.4152557592935087
1.0001821424296777,0.6864859139087751,0.9869380573030568,3.599662010667756,4.259474688849972,4.033106999349217,3.3489698668615757,2.6903029849926825,2.4152557592935087
-0.8992255218595555,0.6389807536103375,0.9921414930981235,3.599662010667756,4.259474688849972,4.033106999349217,3.3489698668615757,2.69055782740885,2.4152557592935087
0.6818018336887703,0.5886985652502082,0.9798875664918835,3.599662010667756,4.259474688849972,4.033106999349217,3.3489698668615757,2.69055782740885,2.408965738255788
-0.6077873053106809,-0.2646070278567253,0.9950029663839847,3.5905919411439013,4.259474688849972,4.033106999349217,3.3489698668615757,2.69055782740885,2.408965738255788
-0.747140926523723,-0.558619493610262,1.0051519625730077,3.5905919411439013,4.243053331798204,4.033106999349217,3.3489698668615757,2.69055782740885,2.408965738255788
-0.9699965625310969,-0.6981793321571009,1.0214652244153795,3.5905919411439013,4.243053331798204,4.02773126466157,3.3489698668615757,2.69055782740885,2.408965738255788
-1.0030589543310449,0.6598835438382833,1.015569633133106,3.5905919411439013,4.243053331798204,4.02773126466157,3.3341627419202378,2.69055782740885,2.408965738255788
0.8945758274092208,0.6635863675800218,0.9751575319714899,3.5905919411439013,4.243053331798204,4.02773126466157,3.3341627419202378,2.6692919426052564,2.408965738255788
0.6818663823754547,0.5439343798092031,0.9818331796092018,3.5905919411439013,4.243053331798204,4.02773126466157,3.3341627419202378,2.6692919426052564,2.4023960289361397
0.6036173718229161,-0.26547705041803954,0.9785525464887976,3.58972853996487,4.243053331798204,4.02773126466157,3.3341627419202378,2.6692919426052564,2.4023960289361397
-0.7471626460958813,-0.5880672261274436,0.9980608996826148,3.58972853996487,4.226525279805366,4.02773126466157,3.3341627419202378,2.6692919426052564,2.4023960289361397
-0.9700672606468427,0.7040339543182075,1.0141624684160393,3.58972853996487,4.226525279805366,4.003832449045457,3.3341627419202378,2.6692919426052564,2.4023960289361397
-1.0030846855953308,0.6908873032628424,1.0040690027474204,3.58972853996487,4.226525279805366,4.003832449045457,3.3188274817750147,2.6692919426052564,2.4023960289361397
-0.8992617920413878,0.6636594191379829,0.9940113381494988,3.58972853996487,4.226525279805366,4.003832449045457,3.3188274817750147,2.6691964944980326,2.4023960289361397
0.6819077282423885,0.5469007426677599,0.9837442648072636,3.58972853996487,4.226525279805366,4.003832449045457,3.3188274817750147,2.6691964944980326,2.395995051187164
0.6036193462994905,-0.2661132409347277,0.9864248068350916,3.588932280138084,4.226525279805366,4.003832449045457,3.3188274817750147,2.6691964944980326,2.395995051187164
-0.7471720598562657,-0.5597651677539748,0.9909735688555312,3.588932280138084,4.210057408061571,4.003832449045457,3.3188274817750147,2.6691964944980326,2.395995051187164
-0.9700572844116482,-0.6997490973915304,1.0068598653372882,3.588932280138084,4.210057408061571,3.9984793734293365,3.3188274817750147,2.6691964944980326,2.395995051187164
1.0002361087161533,-0.7089920840978743,0.9925103479454046,3.588932280138084,4.210057408061571,3.9984793734293365,3.334417789427523,2.6691964944980326,2.395995051187164
0.8946109287730318,0.6366185929230964,0.9769439227929055,3.588932280138084,4.210057408061571,3.9984793734293365,3.334417789427523,2.64834754831266,2.395995051187164
0.6819424740624643,-0.5677980950926523,0.9856322638968861,3.588932280138084,4.210057408061571,3.9984793734293365,3.334417789427523,2.64834754831266,2.378490043709327
-0.6078386747393959,-0.27754621868389984,0.9943916845481583,3.5794469369539716,4.210057408061571,3.9984793734293365,3.334417789427523,2.64834754831266,2.378490043709327
0.7430952407855084,-0.5899660738570928,0.9838818597718592,3.5794469369539716,4.222928860117683,3.9984793734293365,3.334417789427523,2.64834754831266,2.378490043709327
-0.97010023108338,0.6790273745727466,0.9995578841894055,3.5794469369539716,4.222928860117683,3.974904229535579,3.334417789427523,2.64834754831266,2.378490043709327
-1.0031958671687276,0.746717961760003,1.0211904939146332,3.5794469369539716,4.222928860117683,3.974904229535579,3.31765339157953,2.64834754831266,2.378490043709327
-0.8992976015356153,0.6449704065681021,0.995708634130231,3.5794469369539716,4.222928860117683,3.974904229535579,3.31765339157953,2.6486008378071335,2.378490043709327
0.6819014862140433,0.5915882062906594,0.9875499975590772,3.5794469369539716,4.222928860117683,3.974904229535579,3.31765339157953,2.6486008378071335,2.3724512459325924
0.6036437859487727,-0.26650503874347814,0.9782231210709341,3.5787997975413375,4.222928860117683,3.974904229535579,3.31765339157953,2.6486008378071335,2.3724512459325924
-0.7472296896709274,-0.5610027568526849,1.006599141632092,3.5787997975413375,4.206413402140308,3.974904229535579,3.31765339157953,2.6486008378071335,2.3724512459325924
0.9692951839244073,-0.6991939065960189,0.9922483047767834,3.5787997975413375,4.206413402140308,3.99870014484818,3.31765339157953,2.6486008378071335,2.3724512459325924
-1.0031445403025232,0.6610442491241879,1.0097384051646479,3.5787997975413375,4.206413402140308,3.99870014484818,3.302716765531537,2.6486008378071335,2.3724512459325924
0.8946471201856783,0.6668299226679939,0.9785574094620059,3.5787997975413375,4.206413402140308,3.99870014484818,3.302716765531537,2.627253055324002,2.3724512459325924
0.6819490971261115,0.5468816177582868,0.9894460135999755,3.5787997975413375,4.206413402140308,3.99870014484818,3.302716765531537,2.627253055324002,2.366128765346158
0.6036451508340295,-0.2672594228258254,0.9863793177015401,3.5782188936905936,4.206413402140308,3.99870014484818,3.302716765531537,2.627253055324002,2.366128765346158
-0.7472543570245878,-0.5906853692882712,0.9995057508996056,3.5782188936905936,4.189784645271564,3.99870014484818,3.302716765531537,2.627253055324002,2.366128765346158
-0.9701747648597285,0.7074684118630188,1.023730699077057,3.5782188936905936,4.189784645271564,3.9747543910473597,3.302716765531537,2.627253055324002,2.366128765346158
-1.0031555095360036,0.6940091984815507,0.9982025940364273,3.5782188936905936,4.189784645271564,3.9747543910473597,3.2872131473461437,2.627253055324002,2.366128765346158
-0.8993338443926288,0.6670731284168493,0.9972454772419495,3.5782188936905936,4.189784645271564,3.9747543910473597,3.2872131473461437,2.627202379490612,2.366128765346158
0.6819760974799848,0.5495723211950453,0.9913096508365763,3.5782188936905936,4.189784645271564,3.9747543910473597,3.2872131473461437,2.627202379490612,2.3599787564028905
-0.607890383150218,-0.26790144140674815,0.9946318784410894,3.5687442261601783,4.189784645271564,3.9747543910473597,3.2872131473461437,2.627202379490612,2.3599787564028905
-0.7472667676789312,-0.5626428755188456,0.9924156719771273,3.5687442261601783,4.17322048572193,3.9747543910473597,3.2872131473461437,2.627202379490612,2.3599787564028905
-0.9701836515901704,-0.7028804165635673,1.0164241291687897,3.5687442261601783,4.17322048572193,3.969427359883256,3.2872131473461437,2.627202379490612,2.3599787564028905
1.0003780187517297,-0.712060124090356,0.9866088903639142,3.5687442261601783,4.17322048572193,3.969427359883256,3.3029697075356172,2.627202379490612,2.3599787564028905
0.8946825366748675,0.6396414392887879,0.9800088383056051,3.5687442261601783,4.17322048572193,3.969427359883256,3.3029697075356172,2.606273333999267,2.3599787564028905
0.6819965146676675,-0.5716049734830758,0.993152432827577,3.5687442261601783,4.17322048572193,3.969427359883256,3.3029697075356172,2.606273333999267,2.3423941200563783
0.6036682546757732,-0.27921162690568335,0.9787504291142126,3.568103332338732,4.17322048572193,3.969427359883256,3.3029697075356172,2.606273333999267,2.3423941200563783
0.7431386665937704,-0.592328074173137,0.9853207035840874,3.568103332338732,4.185947564906424,3.969427359883256,3.3029697075356172,2.606273333999267,2.3423941200563783
-0.9702471701507268,-0.6754578670697978,1.009119012621877,3.568103332338732,4.185947564906424,3.9634123106016705,3.3029697075356172,2.606273333999267,2.3423941200563783
-1.003267286916255,0.7219600225192183,1.015260831734425,3.568103332338732,4.185947564906424,3.9634123106016705,3.286590874937866,2.606273333999267,2.3423941200563783
-0.8993693324288125,0.6478123460699973,0.9986064788537831,3.568103332338732,4.185947564906424,3.9634123106016705,3.286590874937866,2.6065819203842233,2.3423941200563783
0.6819437600908562,0.5947836967623624,0.9950212012307468,3.568103332338732,4.185947564906424,3.9634123106016705,3.286590874937866,2.6065819203842233,2.3366318887388293
0.6036692136200986,-0.26827573300204344,0.9871967229907339,3.5677433944308996,4.185947564906424,3.9634123106016705,3.286590874937866,2.6065819203842233,2.3366318887388293
-0.747324117060262,-0.5913742025131518,1.0080369988970128,3.5677433944308996,4.169243926955768,3.9634123106016705,3.286590874937866,2.6065819203842233,2.3366318887388293
-0.9702895276495801,0.7099873997465144,1.0018062392840659,3.5677433944308996,4.169243926955768,3.93940955430095,3.286590874937866,2.6065819203842233,2.3366318887388293
-1.0032001131893544,0.6941377666102614,1.0037720378103325,3.5677433944308996,4.169243926955768,3.93940955430095,3.2708776190455,2.6065819203842233,2.3366318887388293
0.8947190661104744,0.6708652481876759,0.9812847221935845,3.5677433944308996,4.169243926955768,3.93940955430095,3.2708776190455,2.5851390232114095,2.3366318887388293
-0.6836135507815221,0.5495310414904159,0.9968707508346408,3.5677433944308996,4.169243926955768,3.93940955430095,3.2708776190455,2.5851390232114095,2.354008164582328
-0.6079414485907462,-0.26917991580465594,0.9957396842562797,3.558076600878417,4.169243926955768,3.93940955430095,3.2708776190455,2.5851390232114095,2.354008164582328
-0.747352976614986,-0.5641471160333172,1.0009408460335714,3.558076600878417,4.152606512992511,3.93940955430095,3.2708776190455,2.5851390232114095,2.354008164582328
0.9693561365578504,-0.7056035162336162,0.9945017205518824,3.558076600878417,4.152606512992511,3.963318164446794,3.2708776190455,2.5851390232114095,2.354008164582328
1.0004808667026441,0.6679283956179174,0.992210180511288,3.558076600878417,4.152606512992511,3.963318164446794,3.2593507641566983,2.5851390232114095,2.354008164582328
-0.8994052968654271,0.6695721332260282,0.9998046165899325,3.558076600878417,4.152606512992511,3.963318164446794,3.2593507641566983,2.585152916083494,2.354008164582328
0.6820459955849851,0.5518403296112989,0.9713796572906914,3.558076600878417,4.152606512992511,3.963318164446794,3.2593507641566983,2.585152916083494,2.348130186947987
0.6036912336436564,-0.2693194091157368,0.9801486394126,3.5578608587442373,4.152606512992511,3.963318164446794,3.2593507641566983,2.585152916083494,2.348130186947987
-0.747366484187832,-0.5940032400366508,0.9938396408882112,3.5578608587442373,4.135847716369029,3.963318164446794,3.2593507641566983,2.585152916083494,2.348130186947987
-0.9703662249490481,0.7116006555526203,1.0259869803280832,3.5578608587442373,4.135847716369029,3.9392940921713633,3.2593507641566983,2.585152916083494,2.348130186947987
-1.003264935346796,0.6983753206743694,1.0206517948518932,3.5578608587442373,4.135847716369029,3.9392940921713633,3.2437432808733364,2.585152916083494,2.348130186947987
0.8947547855836435,0.6714129081503486,0.9823960529265914,3.5578608587442373,4.135847716369029,3.9392940921713633,3.2437432808733364,2.5636826921644236,2.348130186947987
0.6821077025786367,-0.574645126599775,0.973182801722908,3.5578608587442373,4.135847716369029,3.9392940921713633,3.2437432808733364,2.5636826921644236,2.3304705351280366
0.603687924278263,-0.2815351587638959,0.9888895927039701,3.5575030033831214,4.135847716369029,3.9392940921713633,3.2437432808733364,2.5636826921644236,2.3304705351280366
0.7431876662118685,-0.566062304332235,0.9867413826528701,3.5575030033831214,4.148517496084185,3.9392940921713633,3.2437432808733364,2.5636826921644236,2.3304705351280366
-0.9703801461838512,-0.7069485868985723,1.0186779251038687,3.5575030033831214,4.148517496084185,3.933699180809195,3.2437432808733364,2.5636826921644236,2.3304705351280366
-1.0033034367697782,-0.7163956689303178,1.008960377332141,3.5575030033831214,4.148517496084185,3.933699180809195,3.256443081135039,2.5636826921644236,2.3304705351280366
-0.899441045443675,0.6203308116847147,1.0008248040341206,3.5575030033831214,4.148517496084185,3.933699180809195,3.256443081135039,2.564549263233321,2.3304705351280366
0.6820971561511957,0.5967429270472838,0.9750098506490991,3.5575030033831214,4.148517496084185,3.933699180809195,3.256443081135039,2.564549263233321,2.324995699886636
-0.6079894727127741,-0.2695949145658651,0.997728278823932,3.5476621188820507,4.148517496084185,3.933699180809195,3.256443081135039,2.564549263233321,2.324995699886636
-0.7474235311972689,-0.5959006137424818,1.009448744145136,3.5476621188820507,4.131704876696074,3.933699180809195,3.256443081135039,2.564549263233321,2.324995699886636
-0.9704484406300214,0.6852324628465063,1.011369975651153,3.5476621188820507,4.131704876696074,3.9100097677141794,3.256443081135039,2.564549263233321,2.324995699886636
-1.003361259715488,0.7537321069483006,0.9974525676965948,3.5476621188820507,4.131704876696074,3.9100097677141794,3.239402464025751,2.564549263233321,2.324995699886636
0.8947918622305384,0.676928191487976,0.9833226654420391,3.5476621188820507,4.131704876696074,3.9100097677141794,3.239402464025751,2.5429786931124863,2.324995699886636
0.6821672522441035,0.5518181141820817,0.976821230515514,3.5476621188820507,4.131704876696074,3.9100097677141794,3.239402464025751,2.5429786931124863,2.319227719420702
0.6037101871487388,-0.2710314457979366,0.9824316974390518,3.547659004661808,4.131704876696074,3.9100097677141794,3.239402464025751,2.5429786931124863,2.319227719420702
-0.7474559448508745,-0.5671297287981789,1.0023470803603636,3.547659004661808,4.114968810647143,3.9100097677141794,3.239402464025751,2.5429786931124863,2.319227719420702
-0.970430463016896,-0.7064596762616954,1.0040522580475022,3.547659004661808,4.114968810647143,3.90439109135547,3.239402464025751,2.5429786931124863,2.319227719420702
1.0006193388268227,0.6685698982684307,0.9858777097414423,3.547659004661808,4.114968810647143,3.90439109135547,3.2279978650436107,2.5429786931124863,2.319227719420702
-0.8994761642970078,0.6728465767768776,1.0016724349295607,3.547659004661808,4.114968810647143,3.90439109135547,3.2279978650436107,2.5430496064783847,2.319227719420702
0.68222210231847,0.5546451700790714,0.9786059216966566,3.547659004661808,4.114968810647143,3.90439109135547,3.2279978650436107,2.5430496064783847,2.3136507747878823
-0.608016662496357,-0.27105405136090804,0.991469719476472,3.537679955059887,4.114968810647143,3.90439109135547,3.2279978650436107,2.5430496064783847,2.3136507747878823
-0.7474723049571496,-0.5973017372091208,0.9952394195826039,3.537679955059887,4.098103993546014,3.90439109135547,3.2279978650436107,2.5430496064783847,2.3136507747878823
0.9694303489368791,0.7149356874492957,0.9967441956845727,3.537679955059887,4.098103993546014,3.910223937051609,3.2279978650436107,2.5430496064783847,2.3136507747878823
-1.0033297795576042,0.7014987353748068,1.0142944421714546,3.537679955059887,4.098103993546014,3.910223937051609,3.212208780000385,2.5430496064783847,2.3136507747878823
0.8948276627020241,0.6748665130917119,0.9840894337439745,3.537679955059887,4.098103993546014,3.910223937051609,3.212208780000385,2.5214928515407746,2.3136507747878823
0.6822702409930693,-0.5785324654066969,0.9803761931881297,3.537679955059887,4.098103993546014,3.910223937051609,3.212208780000385,2.5214928515407746,2.2959062510454227
0.6037318404409019,-0.28319194066043624,0.9763740063694294,3.5376231112798115,4.098103993546014,3.910223937051609,3.212208780000385,2.5214928515407746,2.2959062510454227
0.7432445713350369,0.6195790991441321,0.988134218347257,3.5376231112798115,4.114993726546195,3.910223937051609,3.212208780000385,2.5214928515407746,2.2959062510454227
-0.9705083337195686,-0.6856743454581927,1.0282287222734725,3.5376231112798115,4.114993726546195,3.904317391430704,3.212208780000385,2.5214928515407746,2.2959062510454227
-1.0033555045846672,0.6728678877641654,1.0025740280853555,3.5376231112798115,4.114993726546195,3.904317391430704,3.197091096376571,2.5214928515407746,2.2959062510454227
-0.8995115852165987,0.6521634377272282,1.0023459211249532,3.5376231112798115,4.114993726546195,3.904317391430704,3.197091096376571,2.5219610018523335,2.2959062510454227
0.6822490314663898,0.6002191578873035,0.9821664736234992,3.5376231112798115,4.114993726546195,3.904317391430704,3.197091096376571,2.5219610018523335,2.2907633048651785
0.6037357771987222,-0.25968853086045873,0.9856137237790694,3.5380725955416654,4.114993726546195,3.904317391430704,3.197091096376571,2.5219610018523335,2.2907633048651785
-0.7475925350272002,-0.6451003418161471,1.011062909604137,3.5380725955416654,4.098139557042366,3.904317391430704,3.197091096376571,2.5219610018523335,2.2907633048651785
-0.9705931403083219,0.7149127444600449,1.0209101299629735,3.5380725955416654,4.098139557042366,3.8802457201324896,3.197091096376571,2.5219610018523335,2.2907633048651785
1.0006735801869033,0.7024235170036456,0.9907825675032732,3.5380725955416654,4.098139557042366,3.8802457201324896,3.1846970044392973,2.5219610018523335,2.2907633048651785
0.8948645514020526,0.6776757923154771,0.9846682822632268,3.5380725955416654,4.098139557042366,3.8802457201324896,3.1846970044392973,2.5003433739899292,2.2907633048651785
0.6823028362597832,0.554733057393654,0.9839444574189714,3.5380725955416654,4.098139557042366,3.8802457201324896,3.1846970044392973,2.5003433739899292,2.285315286315805
-0.6080743885184758,-0.27340854035702417,0.9949553835567199,3.5278852964837912,4.098139557042366,3.8802457201324896,3.1846970044392973,2.5003433739899292,2.285315286315805
-0.7475412313339531,-0.5677812425951412,1.004167335290061,3.5278852964837912,4.0815035451430814,3.8802457201324896,3.1846970044392973,2.5003433739899292,2.285315286315805
-0.9705982467024168,-0.7122504526958714,1.0135938533245268,3.5278852964837912,4.0815035451430814,3.8746843470664603,3.1846970044392973,2.5003433739899292,2.285315286315805
-1.0034220341371507,-0.7214334872720545,1.0190111268307658,3.5278852964837912,4.0815035451430814,3.8746843470664603,3.197575308370196,2.5003433739899292,2.285315286315805
-0.8995466645734992,0.6485511101782252,1.0028372658027993,3.5278852964837912,4.0815035451430814,3.8746843470664603,3.197575308370196,2.5009275310312855,2.285315286315805
0.6823445790357734,-0.581251999018454,0.9856988558998055,3.5278852964837912,4.0815035451430814,3.8746843470664603,3.197575308370196,2.5009275310312855,2.267522145228534
0.6037561803702243,-0.28421054519853,0.9801638115404979,3.5280632160880736,4.0815035451430814,3.8746843470664603,3.197575308370196,2.5009275310312855,2.267522145228534
-0.7475604141241317,-0.600185582785535,0.9972536913334837,3.5280632160880736,4.0647361928899475,3.8746843470664603,3.197575308370196,2.5009275310312855,2.267522145228534
-0.9706594306853633,0.6904530632145752,1.0062813879937316,3.5280632160880736,4.0647361928899475,3.8509221474498405,3.197575308370196,2.5009275310312855,2.267522145228534
-1.003500473786763,0.7597719014746709,1.0073456895320132,3.5280632160880736,4.0647361928899475,3.8509221474498405,3.1804822001407516,2.5009275310312855,2.267522145228534
0.8949014631926868,0.6575483452396196,0.9850698817356548,3.5280632160880736,4.0647361928899475,3.8509221474498405,3.1804822001407516,2.479614116033441,2.267522145228534
0.6823146587859825,0.6020847273347154,0.987471600775936,3.5280632160880736,4.0647361928899475,3.8509221474498405,3.1804822001407516,2.479614116033441,2.2625391009707765
-0.6081004323271784,-0.27305997645085484,0.9897101073226545,3.5177754682353766,4.0647361928899475,3.8509221474498405,3.1804822001407516,2.479614116033441,2.2625391009707765
-0.7475692720553598,0.6231759323090016,0.9903410586885888,3.5177754682353766,4.052156582240192,3.8509221474498405,3.1804822001407516,2.479614116033441,2.2625391009707765
-0.9706298792841634,-0.6870628597731779,0.9989567484155671,3.5177754682353766,4.052156582240192,3.8450103533532944,3.1804822001407516,2.479614116033441,2.2625391009707765
-1.003414406234458,0.6730867009347011,0.9956125396294999,3.5177754682353766,4.052156582240192,3.8450103533532944,3.1652374850088356,2.479614116033441,2.2625391009707765
-0.8995810174073162,0.6801644455191793,1.0031509931277007,3.5177754682353766,4.052156582240192,3.8450103533532944,3.1652374850088356,2.47974392847107,2.2625391009707765
0.6823566275453701,0.556884414025424,0.989233883756334,3.5177754682353766,4.052156582240192,3.8450103533532944,3.1652374850088356,2.47974392847107,2.257251710712673
0.6037771325455952,-0.2619034401025061,0.9751209179454973,3.5185196671193535,4.052156582240192,3.8450103533532944,3.1652374850088356,2.47974392847107,2.257251710712673
0.7432796032322861,-0.6482942975728208,0.983649459492228,3.5185196671193535,4.064895508787801,3.8450103533532944,3.1652374850088356,2.47974392847107,2.257251710712673
0.9695656107952404,0.7184302405837972,0.9916368807414654,3.5185196671193535,4.064895508787801,3.8508361797727213,3.1652374850088356,2.47974392847107,2.257251710712673
1.0008085422595598,0.7060565192075285,0.9837930429604389,3.5185196671193535,4.064895508787801,3.8508361797727213,3.1529086636545642,2.47974392847107,2.257251710712673
0.894938046705317,0.6792542295149838,0.9853005178321761,3.5185196671193535,4.064895508787801,3.8508361797727213,3.1529086636545642,2.458068466690492,2.257251710712673
0.6823882726446033,0.5591192082399753,0.9909745486256847,3.5185196671193535,4.064895508787801,3.8508361797727213,3.1529086636545642,2.458068466690492,2.2521609096240027
0.6037807657146356,-0.2751190817580218,0.9848746959665382,3.5191156718542276,4.064895508787801,3.8508361797727213,3.1529086636545642,2.458068466690492,2.2521609096240027
-0.747602606398803,-0.5703308766706675,1.0067642936481251,3.5191156718542276,4.048355617473272,3.8508361797727213,3.1529086636545642,2.458068466690492,2.2521609096240027
-0.9707071589020853,-0.7155021394254106,1.0231202674597828,3.5191156718542276,4.048355617473272,3.845277155828469,3.1529086636545642,2.458068466690492,2.2521609096240027
-1.0034785321472584,0.676914498063014,1.0119975133355854,3.5191156718542276,4.048355617473272,3.845277155828469,3.1377774296259107,2.458068466690492,2.2521609096240027
-0.8996162776492563,0.6804579899905022,1.003292036552221,3.5191156718542276,4.048355617473272,3.845277155828469,3.1377774296259107,2.4582664204337186,2.2521609096240027
0.6824131240749911,-0.5843415813482007,0.9927061097104206,3.5191156718542276,4.048355617473272,3.845277155828469,3.1377774296259107,2.4582664204337186,2.2342936312796606
-0.6081612684898093,-0.28600299931907064,0.9947331446241049,3.50843506648958,4.048355617473272,3.845277155828469,3.1377774296259107,2.4582664204337186,2.2342936312796606
-0.7476274554493316,-0.6031427671122277,1.0000402665039845,3.50843506648958,4.03168792952844,3.845277155828469,3.1377774296259107,2.4582664204337186,2.2342936312796606
-0.9707886512764929,0.721824642106978,1.0158032189718393,3.50843506648958,4.03168792952844,3.8211115584540636,3.1377774296259107,2.4582664204337186,2.2342936312796606
-1.0034951805974126,0.7081381012704958,1.000045529477341,3.50843506648958,4.03168792952844,3.8211115584540636,3.1221123510677287,2.4582664204337186,2.2342936312796606
0.8949748964850159,0.6589097728228656,0.9853447681772318,3.50843506648958,4.03168792952844,3.8211115584540636,3.1221123510677287,2.43689352492274,2.2342936312796606
0.6823734140230289,0.6045745065834661,0.9944515737389052,3.50843506648958,4.03168792952844,3.8211115584540636,3.1221123510677287,2.43689352492274,2.229674133045223
0.6038025945650438,-0.2747968045228949,0.9804546847624449,3.5092030414607023,4.03168792952844,3.8211115584540636,3.1221123510677287,2.43689352492274,2.229674133045223
-0.7476425880133806,0.627539198861168,0.9933153947897709,3.5092030414607023,4.018950738828973,3.8211115584540636,3.1221123510677287,2.43689352492274,2.229674133045223
-0.9707795604444673,-0.6924085249467117,1.008479846989548,3.5092030414607023,4.018950738828973,3.8152378530689948,3.1221123510677287,2.43689352492274,2.229674133045223
1.0008523864845131,-0.7259558135319898,0.9880332652182007,3.5092030414607023,4.018950738828973,3.8152378530689948,3.138028175487535,2.43689352492274,2.229674133045223
-0.8996506342706742,0.6549949738781947,1.0032403030063761,3.5092030414607023,4.018950738828973,3.8152378530689948,3.138028175487535,2.437557808000489,2.229674133045223
0.6823992697690291,0.55903654908415,0.9961905747075315,3.5092030414607023,4.018950738828973,3.8152378530689948,3.138028175487535,2.437557808000489,2.224739198097865
-0.6081893737564611,-0.2633247565452215,0.9905185790202256,3.4988200880730345,4.018950738828973,3.8152378530689948,3.138028175487535,2.437557808000489,2.224739198097865
0.7433516057694534,-0.6515768982744166,0.986806288002929,3.4988200880730345,4.031852163806429,3.8152378530689948,3.138028175487535,2.437557808000489,2.224739198097865
-0.970828917900165,0.6939186561047914,1.0011546684473351,3.4988200880730345,4.031852163806429,3.7914254960570606,3.138028175487535,2.437557808000489,2.224739198097865
-1.0036097311659715,0.7652878342800342,1.0162963739764856,3.4988200880730345,4.031852163806429,3.7914254960570606,3.120890917220174,2.437557808000489,2.224739198097865
0.8950127847227958,0.6853112153685387,0.9852003568750187,3.4988200880730345,4.031852163806429,3.7914254960570606,3.120890917220174,2.415753470974718,2.224739198097865
-0.6839114604857204,-0.5873045440208216,0.9979117727663114,3.4988200880730345,4.031852163806429,3.7914254960570606,3.120890917220174,2.415753470974718,2.2291953079429283
0.6038211474784462,-0.2883600672589976,0.9764486063117519,3.499523752885913,4.031852163806429,3.7914254960570606,3.120890917220174,2.415753470974718,2.2291953079429283
-0.7476767912228107,0.6309193745335993,1.0101045769561885,3.499523752885913,4.018872231444941,3.7914254960570606,3.120890917220174,2.415753470974718,2.2291953079429283
0.9696954326385422,0.6940685123989798,0.9938217637054916,3.499523752885913,4.018872231444941,3.797281034030606,3.120890917220174,2.415753470974718,2.2291953079429283
-1.0035394982635049,0.7062691185686036,1.0044038951751972,3.499523752885913,4.018872231444941,3.797281034030606,3.1050499609389357,2.415753470974718,2.2291953079429283
-0.8996853523472677,0.6606914523471155,1.0030123193164944,3.499523752885913,4.018872231444941,3.797281034030606,3.1050499609389357,2.4163910031366154,2.2291953079429283
0.6824292203122843,0.6072723634914277,0.9723208379534362,3.499523752885913,4.018872231444941,3.797281034030606,3.1050499609389357,2.4163910031366154,2.224769223127322
0.6038234051727176,-0.26360288729742576,0.9867237973038745,3.5007434650330183,4.018872231444941,3.797281034030606,3.1050499609389357,2.4163910031366154,2.224769223127322
-0.7477683918756797,-0.6254086217013576,1.0037784790566324,3.5007434650330183,4.002490522415076,3.797281034030606,3.1050499609389357,2.4163910031366154,2.224769223127322
-0.9708336292564079,-0.7194717209065566,1.0252858464453865,3.5007434650330183,4.002490522415076,3.792040871124324,3.1050499609389357,2.4163910031366154,2.224769223127322
1.0009589701169486,0.6808023598666678,0.9924272144292192,3.5007434650330183,4.002490522415076,3.792040871124324,3.0931413448527136,2.4163910031366154,2.224769223127322
0.8950501415945175,0.6857387127804899,0.9848804012273891,3.5007434650330183,4.002490522415076,3.792040871124324,3.0931413448527136,2.3945627420294717,2.224769223127322
0.6824988363433409,0.5611216746562894,0.9740535434050437,3.5007434650330183,4.002490522415076,3.792040871124324,3.0931413448527136,2.3945627420294717,2.220022762056517
-0.6082480814540139,-0.27736319536182186,0.9971038741684314,3.489956054851731,4.002490522415076,3.792040871124324,3.0931413448527136,2.3945627420294717,2.220022762056517
-0.7477059563011259,-0.604454397021216,0.9974345936732872,3.489956054851731,3.9861196208120773,3.792040871124324,3.0931413448527136,2.3945627420294717,2.220022762056517
-0.9709264570708842,0.7260961963881204,1.0179559617076983,3.489956054851731,3.9861196208120773,3.76783283983733,3.0931413448527136,2.3945627420294717,2.220022762056517
-1.003601790104956,0.7124789940423376,1.0204688447008112,3.489956054851731,3.9861196208120773,3.76783283983733,3.077362497316316,2.3945627420294717,2.220022762056517
-0.8997196581829021,0.6861852068949615,1.0026003173594833,3.489956054851731,3.9861196208120773,3.76783283983733,3.077362497316316,2.3948651592510606,2.220022762056517
0.6825634153314399,-0.5900878896929403,0.9757713460336894,3.489956054851731,3.9861196208120773,3.76783283983733,3.077362497316316,2.3948651592510606,2.2020520822610217
0.603842244996263,-0.5780340029068108,0.983348349064222,3.4858818688715747,3.9861196208120773,3.76783283983733,3.077362497316316,2.3948651592510606,2.2020520822610217
-0.7477156258791533,-0.583181435145405,0.9910756154627209,3.4858818688715747,3.9697666181188156,3.76783283983733,3.077362497316316,2.3948651592510606,2.2020520822610217
-0.9709190066637732,-0.7215381286858343,1.010615223303604,3.4858818688715747,3.9697666181188156,3.762590367501571,3.077362497316316,2.3948651592510606,2.2020520822610217
-1.0036383665754258,0.6822934422075734,1.0083596094950553,3.4858818688715747,3.9697666181188156,3.762590367501571,3.062284460219957,2.3948651592510606,2.2020520822610217
0.895087110206209,0.6628869760183068,0.9843755486079022,3.4858818688715747,3.9697666181188156,3.762590367501571,3.062284460219957,2.373376125318027,2.2020520822610217
0.6825610852425267,0.6032511051265025,0.9775007534922263,3.4858818688715747,3.9697666181188156,3.762590367501571,3.062284460219957,2.373376125318027,2.1977643878582804
-0.6082623999306154,-0.542500224875546,0.9939195444071867,3.470433094976621,3.9697666181188156,3.762590367501571,3.062284460219957,2.373376125318027,2.1977643878582804
0.7435315983983157,-0.6130824881581831,0.9847036901492189,3.470433094976621,3.9828564520740724,3.762590367501571,3.062284460219957,2.373376125318027,2.1977643878582804
-0.9709807077524938,0.728073725240192,1.003283615964645,3.470433094976621,3.9828564520740724,3.7383540354363394,3.062284460219957,2.373376125318027,2.1977643878582804
-1.003646961059015,0.713517583508172,0.996177827430284,3.470433094976621,3.9828564520740724,3.7383540354363394,3.046671312970937,2.373376125318027,2.1977643878582804
-0.8997535195240002,0.6896104800100242,1.0019963670111427,3.470433094976621,3.9828564520740724,3.7383540354363394,3.046671312970937,2.373693330858149,2.1977643878582804
0.6826192064877874,0.558052412764506,0.9792282404199742,3.470433094976621,3.9828564520740724,3.7383540354363394,3.046671312970937,2.373693330858149,2.1931606708788327
0.6038807219270598,-0.5460057475809528,0.980281863599742,3.4669387057005245,3.9828564520740724,3.7383540354363394,3.046671312970937,2.373693330858149,2.1931606708788327
-0.7477767053764024,0.628978993826662,1.0081509300624933,3.4669387057005245,3.969780696821761,3.7383540354363394,3.046671312970937,2.373693330858149,2.1931606708788327
0.969827632645801,0.6959909824410666,0.9959409889924794,3.4669387057005245,3.969780696821761,3.7439442578542597,3.046671312970937,2.373693330858149,2.1931606708788327
1.0010467575809767,0.712299332076593,0.9839351640900323,3.4669387057005245,3.969780696821761,3.7439442578542597,3.033721862964337,2.373693330858149,2.1931606708788327
0.8951247612495797,0.6878124252139511,0.9836773316470269,3.4669387057005245,3.969780696821761,3.7439442578542597,3.033721862964337,2.3517950052449454,2.1931606708788327
0.68267369702622,-0.5982148240672955,0.9809437670981954,3.4669387057005245,3.969780696821761,3.7439442578542597,3.033721862964337,2.3517950052449454,2.1750756243692537
-0.6082812422992706,-0.2725668314698304,0.9909284312481933,3.4561644920054113,3.969780696821761,3.7439442578542597,3.033721862964337,2.3517950052449454,2.1750756243692537
-0.7478647483457361,-0.6294540454591808,1.001972518332662,3.4561644920054113,3.9534503126154665,3.7439442578542597,3.033721862964337,2.3517950052449454,2.1750756243692537
-0.9709788481314666,-0.7235576186725957,1.0273877921703845,3.4561644920054113,3.9534503126154665,3.738997264573862,3.033721862964337,2.3517950052449454,2.1750756243692537
-1.003714452811932,-0.7325536158405462,1.0117156990942586,3.4561644920054113,3.9534503126154665,3.738997264573862,3.0471773238861237,2.3517950052449454,2.1750756243692537
-0.8997881210312871,0.6362880498661676,1.0012050763134304,3.4561644920054113,3.9534503126154665,3.738997264573862,3.0471773238861237,2.3530288439711806,2.1750756243692537
0.6826622998858811,0.6112683747797464,0.9826711592975846,3.4561644920054113,3.9534503126154665,3.738997264573862,3.0471773238861237,2.3530288439711806,2.171070952804968
0.6038967162190257,-0.5577804659858326,0.9773932169468578,3.4525879470511662,3.9534503126154665,3.738997264573862,3.0471773238861237,2.3530288439711806,2.171070952804968
-0.7478011408955484,-0.6135141345069623,0.9957761504999765,3.4525879470511662,3.937112865324336,3.738997264573862,3.0471773238861237,2.3530288439711806,2.171070952804968
-0.9710798529098993,0.7013932511499369,1.0200393504204464,3.4525879470511662,3.937112865324336,3.7151237060916653,3.0471773238861237,2.3530288439711806,2.171070952804968
-1.0037819498158116,0.771305047531779,0.9996051171023941,3.4525879470511662,3.937112865324336,3.7151237060916653,3.0301542981823104,2.3530288439711806,2.171070952804968
0.8951635907877042,0.6940750500788058,0.9827833937787075,3.4525879470511662,3.937112865324336,3.7151237060916653,3.0301542981823104,2.3310183322977456,2.171070952804968
0.6827088471410747,-0.6020344812254906,0.9843994852604083,3.4525879470511662,3.937112865324336,3.7151237060916653,3.0301542981823104,2.3310183322977456,2.152940214075644
0.6039083254111042,-0.5712776115070759,0.9881880007347624,3.4487908278374717,3.937112865324336,3.7151237060916653,3.0301542981823104,2.3310183322977456,2.152940214075644
-0.7478083001082982,0.6299240783303164,0.9895632702637854,3.4487908278374717,3.9238587594915555,3.7151237060916653,3.0301542981823104,2.3310183322977456,2.152940214075644
-0.9710722944235984,-0.697745899624149,1.0126682270732639,3.4487908278374717,3.9238587594915555,3.7097800750647587,3.0301542981823104,2.3310183322977456,2.152940214075644
1.0011445080014854,0.6848802777414972,0.9874249699846752,3.4487908278374717,3.9238587594915555,3.7097800750647587,3.018011929636844,2.3310183322977456,2.152940214075644
-0.8998217435494701,0.6659868013553726,1.0002245302506505,3.4487908278374717,3.9238587594915555,3.7097800750647587,3.018011929636844,2.331846566274456,2.152940214075644
0.6826956310236235,0.6078087604491992,0.9861273521214746,3.4487908278374717,3.9238587594915555,3.7097800750647587,3.018011929636844,2.331846566274456,2.14889483573492
-0.608326627691645,-0.26087161444567725,0.9990208474779155,3.438156458088812,3.9238587594915555,3.7097800750647587,3.018011929636844,2.331846566274456,2.14889483573492
0.7435534024507311,-0.659233145683288,0.9835489528195086,3.438156458088812,3.9372685985451366,3.7097800750647587,3.018011929636844,2.331846566274456,2.14889483573492
-0.9711401614679863,0.7302850627010278,1.0053095339766167,3.438156458088812,3.9372685985451366,3.6855260787764323,3.018011929636844,2.331846566274456,2.14889483573492
-1.003740275884887,0.7178422348552019,1.015252632203581,3.438156458088812,3.9372685985451366,3.6855260787764323,3.0022618767582943,2.331846566274456,2.14889483573492
0.8952013430378338,0.6931600980436495,0.9817136378168817,3.438156458088812,3.9372685985451366,3.6855260787764323,3.0022618767582943,2.309832572698913,2.14889483573492
0.6827351456867313,0.5665800280042411,0.9878551759660567,3.438156458088812,3.9372685985451366,3.6855260787764323,3.0022618767582943,2.309832572698913,2.1445787363508275
0.6039235274740719,-0.28097302492814746,0.9856665203458599,3.4394743584955214,3.9372685985451366,3.6855260787764323,3.0022618767582943,2.309832572698913,2.1445787363508275
-0.7478446852465073,-0.5797851929545839,1.0073462115068863,3.4394743584955214,3.9211297335483524,3.6855260787764323,3.0022618767582943,2.309832572698913,2.1445787363508275
-0.9711072976170311,-0.7270072794883212,0.9979431858433798,3.4394743584955214,3.9211297335483524,3.680538536408885,3.0022618767582943,2.309832572698913,2.1445787363508275
-1.0037657485435156,0.6876619975653072,1.0029224843682785,3.4394743584955214,3.9211297335483524,3.680538536408885,2.9872124135738245,2.309832572698913,2.1445787363508275
-0.8998554365504612,0.6920468361796599,0.9990590451278927,3.4394743584955214,3.9211297335483524,3.680538536408885,2.9872124135738245,2.310327449476356,2.1445787363508275
0.682772870151445,-0.597148899363605,0.9895753371960588,3.4394743584955214,3.9211297335483524,3.680538536408885,2.9872124135738245,2.310327449476356,2.126488046735133
-0.6083646367150478,-0.5838971584115729,0.9966644957342342,3.423198451006633,3.9211297335483524,3.680538536408885,2.9872124135738245,2.310327449476356,2.126488046735133
-0.7478724258947281,-0.6199074653164716,1.0012867649925927,3.423198451006633,3.904864642810606,3.680538536408885,2.9872124135738245,2.310327449476356,2.126488046735133
0.9699335566772128,0.7337228226179614,0.9905912713520563,3.423198451006633,3.904864642810606,3.685796231457058,2.9872124135738245,2.310327449476356,2.126488046735133
1.0012023071034928,0.7192639589251951,0.9905191134177836,3.423198451006633,3.904864642810606,3.685796231457058,2.9740861201446656,2.310327449476356,2.126488046735133
0.8952388663002794,0.6696374268913164,0.9804520371989115,3.423198451006633,3.904864642810606,3.685796231457058,2.9740861201446656,2.288659162078429,2.126488046735133
0.6827486644414037,0.6086486898649535,0.9913020728398871,3.423198451006633,3.904864642810606,3.685796231457058,2.9740861201446656,2.288659162078429,2.122662946224871
0.6039572769830063,-0.5494410310186517,0.9835012588364939,3.420002580184857,3.904864642810606,3.685796231457058,2.9740861201446656,2.288659162078429,2.122662946224871
-0.7478930248293063,0.6346173833803281,0.995220802885412,3.420002580184857,3.891502476034324,3.685796231457058,2.9740861201446656,2.288659162078429,2.122662946224871
-0.9711861455318211,0.7025502768460752,1.0220421287497141,3.420002580184857,3.891502476034324,3.6619254508813457,2.9740861201446656,2.288659162078429,2.122662946224871
-1.0038304902650077,0.7182101921958391,1.018153084509539,3.420002580184857,3.891502476034324,3.6619254508813457,2.9586102174464237,2.288659162078429,2.122662946224871
-0.8998886667589988,0.6958567409208808,0.9976947056099823,3.420002580184857,3.891502476034324,3.6619254508813457,2.9586102174464237,2.2891703226204667,2.122662946224871
0.6827756428445073,-0.6057160440151187,0.993033243443965,3.420002580184857,3.891502476034324,3.6619254508813457,2.9586102174464237,2.2891703226204667,2.104468579592216
-0.6083756480681038,-0.2751726760562969,0.9946170121677119,3.4090100208649328,3.891502476034324,3.6619254508813457,2.9586102174464237,2.2891703226204667,2.104468579592216
0.7436235496692846,-0.6349788360832045,0.9893474865714452,3.4090100208649328,3.9050776569179195,3.6619254508813457,2.9586102174464237,2.2891703226204667,2.104468579592216
-0.9711925510186952,0.6785678964662369,1.0146437222142999,3.4090100208649328,3.9050776569179195,3.638404973129267,2.9586102174464237,2.2891703226204667,2.104468579592216
-1.003859805026239,0.7190180622489328,1.005617173935021,3.4090100208649328,3.9050776569179195,3.638404973129267,2.9432143375821957,2.2891703226204667,2.104468579592216
0.8952771043569595,0.6714249802219273,0.978990046589731,3.4090100208649328,3.9050776569179195,3.638404973129267,2.9432143375821957,2.267455215558128,2.104468579592216
0.6827480670805746,0.6167986433736491,0.9947623539436972,3.4090100208649328,3.9050776569179195,3.638404973129267,2.9432143375821957,2.267455215558128,2.100747953678216
0.6039722741475946,-0.5634678803812726,0.9815473027124635,3.4056961161307884,3.9050776569179195,3.638404973129267,2.9432143375821957,2.267455215558128,2.100747953678216
-0.7479283844183151,0.6359064159821575,1.0132845610839736,3.4056961161307884,3.8914858647872634,3.638404973129267,2.9432143375821957,2.267455215558128,2.100747953678216
-0.9711860811513179,0.7061044992623863,1.007218632147157,3.4056961161307884,3.8914858647872634,3.614548413579893,2.9432143375821957,2.267455215558128,2.100747953678216
1.0012599632778372,0.7196946835720951,0.9930113626494734,3.4056961161307884,3.8914858647872634,3.614548413579893,2.9297676663964434,2.267455215558128,2.100747953678216
-0.899922110445297,0.6970205295059995,0.9961353863481015,3.4056961161307884,3.8914858647872634,3.614548413579893,2.9297676663964434,2.2680269556675006,2.100747953678216
-0.6842849909778793,0.5644715265553493,0.9964967319387575,3.4056961161307884,3.8914858647872634,3.614548413579893,2.9297676663964434,2.2680269556675006,2.1184714236029016
-0.6084004349148546,-0.2639797557297294,0.9928110416650927,3.3948392166165293,3.8914858647872634,3.614548413579893,2.9297676663964434,2.2680269556675006,2.1184714236029016
-0.7480222221067913,-0.635765218151765,1.0075714430402738,3.3948392166165293,3.8755443276860113,3.614548413579893,2.9297676663964434,2.2680269556675006,2.1184714236029016
-0.9711684884099179,-0.7307945230759254,0.9997781154864245,3.3948392166165293,3.8755443276860113,3.6104466009391207,2.9297676663964434,2.2680269556675006,2.1184714236029016
-1.0039246808484765,0.6913964087893626,1.0204375003340427,3.3948392166165293,3.8755443276860113,3.6104466009391207,2.91511472212931,2.2680269556675006,2.1184714236029016
0.8953155352230339,0.6958805890799875,0.9773314625664131,3.3948392166165293,3.8755443276860113,3.6104466009391207,2.91511472212931,2.2459142512467856,2.1184714236029016
0.6828449348537574,-0.6019551485152911,0.9708854661103518,3.3948392166165293,3.8755443276860113,3.6104466009391207,2.91511472212931,2.2459142512467856,2.100304660310438
0.6039948594045526,-0.2948379739047124,0.9798871631846516,3.3962102044367963,3.8755443276860113,3.6104466009391207,2.91511472212931,2.2459142512467856,2.100304660310438
-0.7479763134359637,-0.6154128430288452,1.0018363095119807,3.3962102044367963,3.8595814243430633,3.6104466009391207,2.91511472212931,2.2459142512467856,2.100304660310438
0.9700997814067599,0.7384393241398313,0.99236843915643,3.3962102044367963,3.8595814243430633,3.61482282561048,2.91511472212931,2.2459142512467856,2.100304660310438
-1.0039558483217395,0.7234974097360249,1.0076886052727072,3.3962102044367963,3.8595814243430633,3.61482282561048,2.8999038375335875,2.2459142512467856,2.100304660310438
-0.899956015613825,0.6738297205971665,0.9943793891760466,3.3962102044367963,3.8595814243430633,3.61482282561048,2.8999038375335875,2.2469351056519096,2.100304660310438
0.6828602210389971,0.6187143050582949,0.9726215882717786,3.3962102044367963,3.8595814243430633,3.61482282561048,2.8999038375335875,2.2469351056519096,2.0968338235076245
-0.6084383667408353,-0.5643612662910398,0.9913175807230301,3.3801727441249922,3.8595814243430633,3.61482282561048,2.8999038375335875,2.2469351056519096,2.0968338235076245
-0.7479969115543472,0.6381476167460897,0.9960799321748613,3.3801727441249922,3.845839634098457,3.61482282561048,2.8999038375335875,2.2469351056519096,2.0968338235076245
-0.9712530031591206,0.7071041600501515,1.0237583177750995,3.3801727441249922,3.845839634098457,3.5909776748728928,2.8999038375335875,2.2469351056519096,2.0968338235076245
-1.003964977208456,0.7218972372341652,0.9948782173500546,3.3801727441249922,3.845839634098457,3.5909776748728928,2.8848215267408825,2.2469351056519096,2.0968338235076245
0.8953545110637684,0.7001067157789949,0.9754689754003568,3.3801727441249922,3.845839634098457,3.5909776748728928,2.8848215267408825,2.2247391637435525,2.0968338235076245
0.6829226894773934,-0.6115929599691632,0.9743691176158881,3.3801727441249922,3.845839634098457,3.5909776748728928,2.8848215267408825,2.2247391637435525,2.078546426414309
0.6040274731205431,-0.27712855262572605,0.978583229645464,3.3819351783730944,3.845839634098457,3.5909776748728928,2.8848215267408825,2.2247391637435525,2.078546426414309
-0.7480569674173824,-0.6386313918870217,0.9905075464324679,3.3819351783730944,3.8300211829506607,3.5909776748728928,2.8848215267408825,2.2247391637435525,2.078546426414309
-0.9712633346974787,-0.7331086795097703,1.0162867169001166,3.3819351783730944,3.8300211829506607,3.587115826165829,2.8848215267408825,2.2247391637435525,2.078546426414309
1.0013493949503556,-0.7421352099322828,0.9819970585731095,3.3819351783730944,3.8300211829506607,3.587115826165829,2.9002104629340604,2.2247391637435525,2.078546426414309
-0.8999892229940898,0.6452609633614255,0.9924184515444328,3.3819351783730944,3.8300211829506607,3.587115826165829,2.9002104629340604,2.2262814690305484,2.078546426414309
0.6829359235069095,0.6203795077814358,0.9761112945564044,3.3819351783730944,3.8300211829506607,3.587115826165829,2.9002104629340604,2.2262814690305484,2.0751157198090153
-0.6084647204113349,-0.28364752541626187,0.9901562640980034,3.370594684909628,3.8300211829506607,3.587115826165829,2.9002104629340604,2.2262814690305484,2.0751157198090153
0.7438454660503502,-0.6170955299930453,0.9849120191592194,3.370594684909628,3.843926334052001,3.587115826165829,2.9002104629340604,2.2262814690305484,2.0751157198090153
-0.9713542129000117,0.7125650991744741,1.0088482752119472,3.370594684909628,3.843926334052001,3.5631827462256243,2.9002104629340604,2.2262814690305484,2.0751157198090153
-1.004084530772215,0.7821070992229284,1.0094373095444824,3.370594684909628,3.843926334052001,3.5631827462256243,2.883548798411834,2.2262814690305484,2.0751157198090153
0.8953939665571655,0.7037521740622587,0.9734061238218514,3.370594684909628,3.843926334052001,3.5631827462256243,2.883548798411834,2.204014154923495,2.0751157198090153
0.6829914725930974,0.5726084052986569,0.9778640085506504,3.370594684909628,3.843926334052001,3.5631827462256243,2.883548798411834,2.204014154923495,2.0713377741074233
0.6040369534171219,-0.5682133571763986,0.9775857355534413,3.367646006271913,3.843926334052001,3.5631827462256243,2.883548798411834,2.204014154923495,2.0713377741074233
-0.7480432922733274,0.6409258254073431,1.0091298255287593,3.367646006271913,3.8300396026005328,3.5631827462256243,2.883548798411834,2.204014154923495,2.0713377741074233
-0.9713152317170461,-0.7077246645366456,1.0013759700094862,3.367646006271913,3.8300396026005328,3.5588766807195937,2.883548798411834,2.204014154923495,2.0713377741074233
-1.0039868534703964,0.6939110730992843,0.99669997162444,3.367646006271913,3.8300396026005328,3.5588766807195937,2.8687681224854553,2.204014154923495,2.0713377741074233
-0.9000219208334634,0.7001318729703734,0.9902629333133266,3.367646006271913,3.8300396026005328,3.5588766807195937,2.8687681224854553,2.204782725803752,2.0713377741074233
0.6830520732558952,-0.6119195556073027,0.9796166435722867,3.367646006271913,3.8300396026005328,3.5588766807195937,2.8687681224854553,2.204782725803752,2.05302802663078
-0.6084820455189002,-0.2782555747723989,0.9893513395229772,3.3563449489728248,3.8300396026005328,3.5588766807195937,2.8687681224854553,2.204782725803752,2.05302802663078
-0.7481276924725706,-0.6695555984127944,1.0036877797218815,3.3563449489728248,3.814303212743201,3.5588766807195937,2.8687681224854553,2.204782725803752,2.05302802663078
0.9702125350787638,0.7406429135918334,0.9939286521073873,3.3563449489728248,3.814303212743201,3.5631015411645355,2.8687681224854553,2.204782725803752,2.05302802663078
1.0014497772947515,0.7272353740094022,0.9838735292812667,3.3563449489728248,3.814303212743201,3.5631015411645355,2.855062748448758,2.204782725803752,2.05302802663078
0.8954318466627982,0.6773970895879782,0.9711570394030885,3.3563449489728248,3.814303212743201,3.5631015411645355,2.855062748448758,2.182898911239834,2.05302802663078
0.6830533193975868,0.622240279984995,0.981372923736779,3.3563449489728248,3.814303212743201,3.5631015411645355,2.855062748448758,2.182898911239834,2.0498707849693885
0.6040592626671499,-0.5702561599424278,0.9769239831348813,3.353480367219693,3.814303212743201,3.5631015411645355,2.855062748448758,2.182898911239834,2.0498707849693885
-0.7480796473294015,-0.59454610395961,0.998224715220801,3.353480367219693,3.7985914006867882,3.5631015411645355,2.855062748448758,2.182898911239834,2.0498707849693885
-0.9713989409021144,-0.7368109173090062,1.0252906794339833,3.353480367219693,3.7985914006867882,3.559113871627151,2.855062748448758,2.182898911239834,2.0498707849693885
-1.004047651474204,0.6968550737161611,1.0110933385658838,3.353480367219693,3.7985914006867882,3.559113871627151,2.8404036305368887,2.182898911239834,2.0498707849693885
0.8954337773685168,0.7036312603536704,0.9879054159967225,3.353480367219693,3.7985914006867882,3.559113871627151,2.8404036305368887,2.1606051387224947,2.0498707849693885
0.6830963903618594,-0.6160214425431637,0.9831439608790119,3.353480367219693,3.7985914006867882,3.559113871627151,2.8404036305368887,2.1606051387224947,2.0315072899994613
0.6040694383983873,-0.58280769162092,0.9888342433371337,3.3504162888433235,3.7985914006867882,3.559113871627151,2.8404036305368887,2.1606051387224947,2.0315072899994613
-0.7480910459501171,-0.6276871334490222,0.9927276850432292,3.3504162888433235,3.7827835693725436,3.559113871627151,2.8404036305368887,2.1606051387224947,2.0315072899994613
-0.9715051568977278,0.7442018126639125,1.0178455712600512,3.3504162888433235,3.7827835693725436,3.5347318743986635,2.8404036305368887,2.1606051387224947,2.0315072899994613
-1.0040594026878549,0.7293522672877397,0.9981301734624718,3.3504162888433235,3.7827835693725436,3.5347318743986635,2.82517869494432,2.1606051387224947,2.0315072899994613
-0.9000890262799159,0.6791496183749135,1.004606743632053,3.3504162888433235,3.7827835693725436,3.5347318743986635,2.82517869494432,2.1618289631254326,2.0315072899994613
0.6830960364502974,0.6184881258068692,0.9849066627404418,3.3504162888433235,3.7827835693725436,3.5347318743986635,2.82517869494432,2.1618289631254326,2.0283362037190154
-0.608530104412525,-0.5589419531320816,1.0007805889959211,3.334378620342452,3.7827835693725436,3.5347318743986635,2.82517869494432,2.1618289631254326,2.0283362037190154
0.7439260535750004,-0.597692870233938,0.987217832905841,3.334378620342452,3.7967165905517164,3.5347318743986635,2.82517869494432,2.1618289631254326,2.0283362037190154
-0.9714861128605637,0.6871948255672536,1.0103731257097333,3.334378620342452,3.7967165905517164,3.5111607496137203,2.82517869494432,2.1618289631254326,2.0283362037190154
1.0014957224133763,0.7271108335201149,0.9851049775969934,3.334378620342452,3.7967165905517164,3.5111607496137203,2.811186619116501,2.1618289631254326,2.0283362037190154
0.8954729291576105,0.7051338098774461,0.9853427316955573,3.334378620342452,3.7967165905517164,3.5111607496137203,2.811186619116501,2.139494194681109,2.0283362037190154
0.6831318599614606,-0.6176109681616341,0.9866833318913762,3.334378620342452,3.7967165905517164,3.5111607496137203,2.811186619116501,2.139494194681109,2.009950354056495
0.604097260440485,-0.5847921231755112,0.9885081378547966,3.331301127389946,3.7967165905517164,3.5111607496137203,2.811186619116501,2.139494194681109,2.009950354056495
-0.7481569175952862,0.6434646647244523,1.0115241493048042,3.331301127389946,3.7828308362788765,3.5111607496137203,2.811186619116501,2.139494194681109,2.009950354056495
-0.971468593690183,0.7151480202067176,1.0028569364989448,3.331301127389946,3.7828308362788765,3.4872426616824495,2.811186619116501,2.139494194681109,2.009950354056495
-1.004124180497288,0.7295120005331173,1.0121185506790522,3.331301127389946,3.7828308362788765,3.4872426616824495,2.796148604859189,2.139494194681109,2.009950354056495
-0.9001216407642829,0.6806335362436793,1.0019423292381393,3.331301127389946,3.7828308362788765,3.4872426616824495,2.796148604859189,2.1407823948311604,2.009950354056495
0.6831247869069434,0.6199997652251611,0.9884522126865531,3.331301127389946,3.7828308362788765,3.4872426616824495,2.796148604859189,2.1407823948311604,2.006831127980126
-0.6085507367723042,-0.26739523981781904,1.0005267017045931,3.3201187067523534,3.7828308362788765,3.4872426616824495,2.796148604859189,2.1407823948311604,2.006831127980126
-0.7482468218983036,-0.6442713058805352,1.0061686584448872,3.3201187067523534,3.7671216648905608,3.4872426616824495,2.796148604859189,2.1407823948311604,2.006831127980126
0.9704230145951924,-0.739545719271258,0.99531780048145,3.3201187067523534,3.7671216648905608,3.5114478542354215,2.796148604859189,2.1407823948311604,2.006831127980126
-1.0041399256204209,0.7002344026847295,0.9989501684602864,3.3201187067523534,3.7671216648905608,3.5114478542354215,2.7817906056133874,2.1407823948311604,2.006831127980126
0.8955122315793398,0.7065723193716679,0.9825746277866928,3.3201187067523534,3.7671216648905608,3.5114478542354215,2.7817906056133874,2.118407653962871,2.006831127980126
0.6831527883346529,-0.613487307200966,0.9902362112256566,3.3201187067523534,3.7671216648905608,3.5114478542354215,2.7817906056133874,2.118407653962871,1.9884945678121353
0.6041107081276982,-0.5988456231640608,0.9883470910985954,3.316924512083093,3.7671216648905608,3.5114478542354215,2.7817906056133874,2.118407653962871,1.9884945678121353
-0.74820312033191,-0.6291440663641151,1.0007880763341492,3.316924512083093,3.75136593989667,3.5114478542354215,2.7817906056133874,2.118407653962871,1.9884945678121353
-0.9715820272789548,0.7479899579435073,1.0266513979250065,3.316924512083093,3.75136593989667,3.487061272626495,2.7817906056133874,2.118407653962871,1.9884945678121353
1.0015475551330808,0.7322570563737376,0.9857081048876739,3.316924512083093,3.75136593989667,3.487061272626495,2.7674172784162923,2.118407653962871,1.9884945678121353
-0.9001541097941799,0.6818921800524627,0.9990714896861191,3.316924512083093,3.75136593989667,3.487061272626495,2.7674172784162923,2.1197658875764307,1.9884945678121353
0.6831403306257401,0.6210635479241099,0.9920103483740957,3.316924512083093,3.75136593989667,3.487061272626495,2.7674172784162923,2.1197658875764307,1.9854268651311135
-0.6085768230481858,-0.5615707864573524,1.0005078894098347,3.3008117622858877,3.75136593989667,3.487061272626495,2.7674172784162923,2.1197658875764307,1.9854268651311135
-0.7482232733092231,0.6482199176645134,0.9953831120960557,3.3008117622858877,3.737356757761579,3.487061272626495,2.7674172784162923,2.1197658875764307,1.9854268651311135
-0.9715771042092257,0.7161611525512347,1.0191153234704071,3.3008117622858877,3.737356757761579,3.4631544090184,2.7674172784162923,2.1197658875764307,1.9854268651311135
-1.0042016712488995,0.7311315201995693,1.0125169171565929,3.3008117622858877,3.737356757761579,3.4631544090184,2.752617939256944,2.1197658875764307,1.9854268651311135
0.8955516872918535,0.7085822041485921,0.979599087820284,3.3008117622858877,3.737356757761579,3.4631544090184,2.752617939256944,2.0973425938671655,1.9854268651311135
0.6831599830207342,-0.6211042198754023,0.9938021254311863,3.3008117622858877,3.737356757761579,3.4631544090184,2.752617939256944,2.0973425938671655,1.966992328133806
0.6041473694504579,-0.28142112450130047,0.9884443081730461,3.3028961386560995,3.737356757761579,3.4631544090184,2.752617939256944,2.0973425938671655,1.966992328133806
-0.7482799158142582,-0.6472944919581616,0.9901496003599961,3.3028961386560995,3.721758205073512,3.4631544090184,2.752617939256944,2.0973425938671655,1.966992328133806
-0.9715789159207407,-0.7421019839693304,1.0115370408325133,3.3028961386560995,3.721758205073512,3.4599285494043084,2.752617939256944,2.0973425938671655,1.966992328133806
-1.0042175528874875,-0.7514904851443585,0.9991402653168129,3.3028961386560995,3.721758205073512,3.4599285494043084,2.7675641076626136,2.0973425938671655,1.966992328133806
-0.900186450505565,0.6533036232098071,0.9959922781347732,3.3028961386560995,3.721758205073512,3.4599285494043084,2.7675641076626136,2.099225029575152,1.966992328133806
0.6831404878260261,0.6285817150308405,0.9955847220839384,3.3028961386560995,3.721758205073512,3.4599285494043084,2.7675641076626136,2.099225029575152,1.9640569648019506
-0.608611623255702,-0.5761272542255351,1.0006933141234151,3.2865156544971192,3.721758205073512,3.4599285494043084,2.7675641076626136,2.099225029575152,1.9640569648019506
0.7440517593952483,-0.6312904335694234,0.9848894656981131,3.2865156544971192,3.7359047322356727,3.4599285494043084,2.7675641076626136,2.099225029575152,1.9640569648019506
-0.9716691136894318,0.7212277492086859,1.0040020845657442,3.2865156544971192,3.7359047322356727,3.435932447501034,2.7675641076626136,2.099225029575152,1.9640569648019506
1.0015360411128784,0.7914937766190241,0.9859997164736859,3.2865156544971192,3.7359047322356727,3.435932447501034,2.7523329829939946,2.099225029575152,1.9640569648019506
0.89559205144882,0.7119238439397385,0.9764131630008003,3.2865156544971192,3.7359047322356727,3.435932447501034,2.7523329829939946,2.076735736388911,1.9640569648019506
-0.6846922297186325,0.5742676419597916,0.9973863323867058,3.2865156544971192,3.7359047322356727,3.435932447501034,2.7523329829939946,2.076735736388911,1.981927398246303
0.6041694138788867,-0.5653352676665947,0.9887721563273365,3.2840032111395447,3.7359047322356727,3.435932447501034,2.7523329829939946,2.076735736388911,1.981927398246303
-0.7482716314140011,0.6509401165535248,1.0094483095282305,3.2840032111395447,3.721771833534257,3.435932447501034,2.7523329829939946,2.076735736388911,1.981927398246303
0.9705470603232587,-0.7164521851823663,0.9964255246144224,3.2840032111395447,3.721771833534257,3.4598051867662494,2.7523329829939946,2.076735736388911,1.981927398246303
-1.0042249235574836,0.7027287775858178,1.0129022927070381,3.2840032111395447,3.721771833534257,3.4598051867662494,2.7378074424323615,2.076735736388911,1.981927398246303
-0.9002183082859091,0.708937287160371,0.9927088989708269,3.2840032111395447,3.721771833534257,3.4598051867662494,2.7378074424323615,2.0778581873476174,1.981927398246303
0.6832341807097825,-0.6215705014129571,0.9718399665881245,3.2840032111395447,3.721771833534257,3.4598051867662494,2.7378074424323615,2.0778581873476174,1.9634713324181952
-0.6086249865669011,-0.28262117194691344,1.0011412969456632,3.2724616615141975,3.721771833534257,3.4598051867662494,2.7378074424323615,2.0778581873476174,1.9634713324181952
-0.7483546774859726,-0.6781576784312325,1.0043262716273498,3.2724616615141975,3.706252130822538,3.4598051867662494,2.7378074424323615,2.0778581873476174,1.9634713324181952
-0.9717482270936803,0.7500883656257191,1.0277216579220227,3.2724616615141975,3.706252130822538,3.4353954761628844,2.7378074424323615,2.0778581873476174,1.9634713324181952
-1.004236725644058,0.7366040385422714,0.9995985766005394,3.2724616615141975,3.706252130822538,3.4353954761628844,2.7226865901970876,2.0778581873476174,1.9634713324181952
0.8956306517251799,0.6862974223337082,0.9730317163189075,3.2724616615141975,3.706252130822538,3.4353954761628844,2.7226865901970876,2.0557345489683603,1.9634713324181952
0.6832565671244208,0.6301638576800382,0.9736516763669061,3.2724616615141975,3.706252130822538,3.4353954761628844,2.7226865901970876,2.0557345489683603,1.9608376233437508
-0.608637525166515,-0.5785151206604097,0.9893117051169081,3.2560152006400997,3.706252130822538,3.4353954761628844,2.7226865901970876,2.0557345489683603,1.9608376233437508
-0.7483126004600441,-0.6027968797978965,0.9991803380000285,3.2560152006400997,3.6907206051561285,3.4353954761628844,2.7226865901970876,2.0557345489683603,1.9608376233437508
-0.9717471977544622,-0.7456219445174515,1.0201472002302048,3.2560152006400997,3.6907206051561285,3.432001525047217,2.7226865901970876,2.0557345489683603,1.9608376233437508
1.0017079415192949,0.7057390744214403,0.9862325783198411,3.2560152006400997,3.6907206051561285,3.432001525047217,2.708866792008622,2.0557345489683603,1.9608376233437508
-0.9002498776308832,0.7121451472768137,0.9892139956275149,3.2560152006400997,3.6907206051561285,3.432001525047217,2.708866792008622,2.056906048573377,1.9608376233437508
0.6833108027680571,-0.6259322045305922,0.9754887423226989,3.2560152006400997,3.6907206051561285,3.432001525047217,2.708866792008622,2.056906048573377,1.9423220383428959
0.6042170533956291,-0.5913308874223306,0.977567307348689,3.253199638937188,3.6907206051561285,3.432001525047217,2.708866792008622,2.056906048573377,1.9423220383428959
-0.7483268257787984,-0.6362037928818245,0.9939967557287284,3.253199638937188,3.675095351996547,3.432001525047217,2.708866792008622,2.056906048573377,1.9423220383428959
-0.9718516751980678,0.7537376561778784,1.0126071943800945,3.253199638937188,3.675095351996547,3.407527957522468,2.708866792008622,2.056906048573377,1.9423220383428959
-1.0042983908232335,0.738715842605988,1.0129099445387508,3.253199638937188,3.675095351996547,3.407527957522468,2.6938806858211035,2.056906048573377,1.9423220383428959
0.8956704542601677,0.6876977826055898,0.9694291344518318,3.253199638937188,3.675095351996547,3.407527957522468,2.6938806858211035,2.0347418463948603,1.9423220383428959
0.6833324825315592,0.6259790976764336,0.9773131110223259,3.253199638937188,3.675095351996547,3.407527957522468,2.6938806858211035,2.0347418463948603,1.9396895682973974
-0.6086506008897834,-0.5671600787583774,0.9901138811112239,3.236937467566771,3.675095351996547,3.407527957522468,2.6938806858211035,2.0347418463948603,1.9396895682973974
0.7441329680657909,0.654437608716583,0.9887974873874074,3.236937467566771,3.690727202444432,3.407527957522468,2.6938806858211035,2.0347418463948603,1.9396895682973974
-0.9718160933175373,0.7213057496582688,1.0050325033048377,3.236937467566771,3.690727202444432,3.3835411819798615,2.6938806858211035,2.0347418463948603,1.9396895682973974
-1.0043158702232682,0.7368489538172124,0.9994052626813366,3.236937467566771,3.690727202444432,3.3835411819798615,2.679026454354469,2.0347418463948603,1.9396895682973974
0.895677120218636,0.714608564995071,0.9855040468617662,3.236937467566771,3.690727202444432,3.3835411819798615,2.679026454354469,2.0121662877987267,1.9396895682973974
0.6833791918786274,-0.6277222755412786,0.9791621191850914,3.236937467566771,3.690727202444432,3.3835411819798615,2.679026454354469,2.0121662877987267,1.921147527754821
0.604244053360099,-0.568657964003377,0.9784340708049734,3.234508160076623,3.690727202444432,3.3835411819798615,2.679026454354469,2.0121662877987267,1.921147527754821
-0.7484398298504149,-0.6580398868321344,1.013606655051736,3.234508160076623,3.6752513326679996,3.3835411819798615,2.679026454354469,2.0121662877987267,1.921147527754821
-0.9717898686050055,0.6969237871164722,0.9974130087258833,3.234508160076623,3.6752513326679996,3.3599400498723773,2.679026454354469,2.0121662877987267,1.921147527754821
1.0017610244491406,0.7375851409199478,0.9858281670925771,3.234508160076623,3.6752513326679996,3.3599400498723773,2.6642974895017932,2.0121662877987267,1.921147527754821
-0.9003202341109978,0.688506422866882,1.001528992056598,3.234508160076623,3.6752513326679996,3.3599400498723773,2.6642974895017932,2.0138481094741185,1.921147527754821
0.6833939578467391,0.6283582371685371,0.9809991322209485,3.234508160076623,3.6752513326679996,3.3599400498723773,2.6642974895017932,2.0138481094741185,1.9186007223285135
-0.6086726161416885,-0.569863774504526,0.9910488284278357,3.2181968790612587,3.6752513326679996,3.3599400498723773,2.6642974895017932,2.0138481094741185,1.9186007223285135
-0.7484163088022304,0.6561538574132307,1.008538655973309,3.2181968790612587,3.6608984334696326,3.3599400498723773,2.6642974895017932,2.0138481094741185,1.9186007223285135
0.9707211186022988,0.7250717418271599,0.9897502362503774,3.2181968790612587,3.6608984334696326,3.3631519149305995,2.6642974895017932,2.0138481094741185,1.9186007223285135
-1.004377668929251,0.738308726652729,1.01230023205762,3.2181968790612587,3.6608984334696326,3.3631519149305995,2.6496002409016293,2.0138481094741185,1.9186007223285135
0.8957172622050648,0.7160585312484598,0.9815755954730074,3.2181968790612587,3.6608984334696326,3.3631519149305995,2.6496002409016293,1.9912332658539078,1.9186007223285135
0.683432417907786,-0.6295680028477533,0.9828624842633751,3.2181968790612587,3.6608984334696326,3.3631519149305995,2.6496002409016293,1.9912332658539078,1.900031600343018
0.6042706370482653,-0.28489739856982776,0.9794414496405842,3.2204416568235104,3.6608984334696326,3.3631519149305995,2.6496002409016293,1.9912332658539078,1.900031600343018
-0.7484946176000982,-0.6542457687239207,1.003623234770696,3.2204416568235104,3.645595712728062,3.3631519149305995,2.6496002409016293,1.9912332658539078,1.900031600343018
-0.9718076520266433,-0.749324100923027,1.0209027649562359,3.2204416568235104,3.645595712728062,3.360551329500233,2.6496002409016293,1.9912332658539078,1.900031600343018
-1.0043921890246945,0.7099908585257082,0.9985788260814411,3.2204416568235104,3.645595712728062,3.360551329500233,2.6355620028670046,1.9912332658539078,1.900031600343018
-0.9003518959612683,0.6900537207687718,0.9974924844220674,3.2204416568235104,3.645595712728062,3.360551329500233,2.6355620028670046,1.9929933109795304,1.900031600343018
0.6834409712086317,0.6355404135552026,0.9847128766764491,3.2204416568235104,3.645595712728062,3.360551329500233,2.6355620028670046,1.9929933109795304,1.897635823511281
-0.6087079486301172,-0.5826017620304553,0.9921486562441746,3.203898315403745,3.645595712728062,3.360551329500233,2.6355620028670046,1.9929933109795304,1.897635823511281
-0.7484523568240377,-0.6382997013664801,0.998678658227942,3.203898315403745,3.630222360708899,3.360551329500233,2.6355620028670046,1.9929933109795304,1.897635823511281
-0.9719232899882402,0.7584761111674022,1.0132565285529347,3.203898315403745,3.630222360708899,3.336094206810574,2.6355620028670046,1.9929933109795304,1.897635823511281
1.0018150963934542,0.7417031056958991,0.984783277511837,3.203898315403745,3.630222360708899,3.336094206810574,2.6204874006470384,1.9929933109795304,1.897635823511281
0.895757533953998,0.7172015448253218,0.9774289898187557,3.203898315403745,3.630222360708899,3.336094206810574,2.6204874006470384,1.9703439152556137,1.897635823511281
0.6834707841045481,-0.6318066691505229,0.9865927512394606,3.203898315403745,3.630222360708899,3.336094206810574,2.6204874006470384,1.9703439152556137,1.8790345431327486
0.6042918920775753,-0.5965362634223041,0.9806811108583728,3.2011441352713192,3.630222360708899,3.336094206810574,2.6204874006470384,1.9703439152556137,1.8790345431327486
-0.7484699692620631,0.6584990493320375,0.9937057270483074,3.2011441352713192,3.615769938443998,3.336094206810574,2.6204874006470384,1.9703439152556137,1.8790345431327486
-0.9718832693431605,0.7259151230744579,1.0055693931210035,3.2011441352713192,3.615769938443998,3.312146371766189,2.6204874006470384,1.9703439152556137,1.8790345431327486
-1.0044522742787114,0.7415335563655511,1.0110482283608253,3.2011441352713192,3.615769938443998,3.312146371766189,2.6059918353148532,1.9703439152556137,1.8790345431327486
-0.9003834100096505,0.6922068574146657,0.9932366171756444,3.2011441352713192,3.615769938443998,3.312146371766189,2.6059918353148532,1.9721758907149338,1.8790345431327486
0.6834736019450764,0.6308963366093189,0.9884575570712821,3.2011441352713192,3.615769938443998,3.312146371766189,2.6059918353148532,1.9721758907149338,1.8766443175808334
-0.6087214857780436,-0.27264449593284057,0.9935062522564849,3.189658811210118,3.615769938443998,3.312146371766189,2.6059918353148532,1.9721758907149338,1.8766443175808334
0.7442332277159862,-0.6565826238604912,0.9888884753398771,3.189658811210118,3.6304114719687557,3.312146371766189,2.6059918353148532,1.9721758907149338,1.8766443175808334
-0.9718584704643988,-0.7513481700641563,0.9978316478617386,3.189658811210118,3.6304114719687557,3.3097263612617556,2.6059918353148532,1.9721758907149338,1.8766443175808334
-1.004463829756256,-0.7620317319883155,0.9971165861580127,3.189658811210118,3.6304114719687557,3.3097263612617556,2.6216532879957746,1.9721758907149338,1.8766443175808334
0.895797931202166,0.688710609993192,0.973061914271579,3.189658811210118,3.6304114719687557,3.3097263612617556,2.6216532879957746,1.9499304528329857,1.8766443175808334
0.6834955410552279,-0.6276639495054339,0.9903515539700894,3.189658811210118,3.6304114719687557,3.3097263612617556,2.6216532879957746,1.9499304528329857,1.8580943309217754
0.6043042220337655,-0.6105502416126256,0.9821220870857198,3.1867892446062736,3.6304114719687557,3.3097263612617556,2.6216532879957746,1.9499304528329857,1.8580943309217754
-0.7485108895607397,-0.6415042279581322,1.0138956910013475,3.1867892446062736,3.6151266171877654,3.3097263612617556,2.6216532879957746,1.9499304528329857,1.8580943309217754
0.9707604715633643,0.731377414479527,0.990151010043525,3.1867892446062736,3.6151266171877654,3.312863721799122,2.6216532879957746,1.9499304528329857,1.8580943309217754
1.0017973412542842,0.8021191715635377,0.9834357673466596,3.1867892446062736,3.6151266171877654,3.312863721799122,2.605709369352795,1.9499304528329857,1.8580943309217754
-0.9004138416282648,0.6956492869847558,0.988757613187592,3.1867892446062736,3.6151266171877654,3.312863721799122,2.605709369352795,1.951804878017982,1.8580943309217754
0.6834920674634796,0.6319589845245221,0.9922300217165384,3.1867892446062736,3.6151266171877654,3.312863721799122,2.605709369352795,1.951804878017982,1.8557861803464852
-0.6087488935407448,-0.5726428989325039,0.9950850462941356,3.1703858748062195,3.6151266171877654,3.312863721799122,2.605709369352795,1.951804878017982,1.8557861803464852
-0.7485592943116905,0.6607944900339919,1.0090188728522174,3.1703858748062195,3.600574168377878,3.312863721799122,2.605709369352795,1.951804878017982,1.8557861803464852
-0.9719478467173706,-0.725088168790452,1.0212717295840712,3.1703858748062195,3.600574168377878,3.3098955431385875,2.605709369352795,1.951804878017982,1.8557861803464852
-1.004468434398299,0.7115323287252089,1.009806833314678,3.1703858748062195,3.600574168377878,3.3098955431385875,2.591496385711922,1.951804878017982,1.8557861803464852
0.8958388070330381,0.7195261321930522,0.9684775180503278,3.1703858748062195,3.600574168377878,3.3098955431385875,2.591496385711922,1.9290882450641529,1.8557861803464852
0.6835051254213991,-0.6349091612424426,0.9941406800597646,3.1703858748062195,3.600574168377878,3.3098955431385875,2.591496385711922,1.9290882450641529,1.8371389649371748
0.6043396162509251,-0.2871291005563104,0.9838128446639128,3.1727745949244066,3.600574168377878,3.3098955431385875,2.591496385711922,1.9290882450641529,1.8371389649371748
-0.7486376942786669,-0.6880330619896599,1.0042908800435957,3.1727745949244066,3.5854448678411823,3.3098955431385875,2.591496385711922,1.9290882450641529,1.8371389649371748
-0.972061010632983,0.7604677192028295,1.0135821543124677,3.1727745949244066,3.5854448678411823,3.285407307329984,2.591496385711922,1.9290882450641529,1.8371389649371748
-1.0044725974567188,0.7465507521718328,0.9959599348466016,3.1727745949244066,3.5854448678411823,3.285407307329984,2.576663431658224,1.9290882450641529,1.8371389649371748
0.8958469714213803,0.6953763441896902,0.9840694435722586,3.1727745949244066,3.5854448678411823,3.285407307329984,2.576663431658224,1.9067173476036743,1.8371389649371748
0.683494473250303,0.6396425000054482,0.9960363392518483,3.1727745949244066,3.5854448678411823,3.285407307329984,2.576663431658224,1.9067173476036743,1.8350002182819878
-0.6087845981797309,-0.5879431128047123,0.9968566451404627,3.1561020543890663,3.5854448678411823,3.285407307329984,2.576663431658224,1.9067173476036743,1.8350002182819878
-0.7486025961978501,-0.611433952561877,0.9995366291437296,3.1561020543890663,3.570244667013962,3.285407307329984,2.576663431658224,1.9067173476036743,1.8350002182819878
-0.9720241647172551,0.7039289731465519,1.0058577481344393,3.1561020543890663,3.570244667013962,3.261772088161742,2.576663431658224,1.9067173476036743,1.8350002182819878
1.001971130051674,0.7441392274427138,0.982050282540605,3.1561020543890663,3.570244667013962,3.261772088161742,2.561589051914588,1.9067173476036743,1.8350002182819878
-0.9004848836995354,0.7219998509771679,0.9996008078620996,3.1561020543890663,3.570244667013962,3.261772088161742,2.561589051914588,1.9083650673599564,1.8350002182819878
-0.6850491878623618,-0.6367884545545036,0.9979662756920298,3.1561020543890663,3.570244667013962,3.261772088161742,2.561589051914588,1.9083650673599564,1.8369258271852886
0.6043604165543182,-0.6008394055787539,0.9857219022077164,3.153503981911698,3.570244667013962,3.261772088161742,2.561589051914588,1.9083650673599564,1.8369258271852886
-0.7486186528328503,0.6613673425171475,0.9947406690927071,3.153503981911698,3.555604203051609,3.261772088161742,2.561589051914588,1.9083650673599564,1.8369258271852886
-0.9719994507449041,0.7330571567622143,0.9980756632377096,3.153503981911698,3.555604203051609,3.23776159307084,2.561589051914588,1.9083650673599564,1.8369258271852886
-1.004534904813853,0.7466478767440564,1.008195331133395,3.153503981911698,3.555604203051609,3.23776159307084,2.5469409384693087,1.9083650673599564,1.8369258271852886
0.8958877142907883,0.6965511578567994,0.9791534619301389,3.153503981911698,3.555604203051609,3.23776159307084,2.5469409384693087,1.8859583833304452,1.8369258271852886
0.6835425294638178,0.6347990894750694,0.9725095558675225,3.153503981911698,3.555604203051609,3.23776159307084,2.5469409384693087,1.8859583833304452,1.8347939732689913
-0.6087987664363428,-0.27463585965658116,0.9988811059773717,3.141896375736869,3.555604203051609,3.23776159307084,2.5469409384693087,1.8859583833304452,1.8347939732689913
-0.748669663106276,-0.661111401502051,0.9901000015955634,3.141896375736869,3.540566187597747,3.23776159307084,2.5469409384693087,1.8859583833304452,1.8347939732689913
0.9709534970288147,-0.7566016458264346,0.990257004043372,3.141896375736869,3.540566187597747,3.2620553843377738,2.5469409384693087,1.8859583833304452,1.8347939732689913
-1.004540398483247,0.7165465759439286,0.9941388791142753,3.141896375736869,3.540566187597747,3.2620553843377738,2.532987898812054,1.8859583833304452,1.8347939732689913
-0.9005158677736133,0.7236933308844798,0.9945718373053071,3.141896375736869,3.540566187597747,3.2620553843377738,2.532987898812054,1.887695862799416,1.8347939732689913
0.68359413695295,-0.6321540150420096,0.9744599311952574,3.141896375736869,3.540566187597747,3.2620553843377738,2.532987898812054,1.887695862799416,1.8161773662921863
0.6043724950332746,-0.6158028815291933,0.9878261329278366,3.139166743474469,3.540566187597747,3.2620553843377738,2.532987898812054,1.887695862799416,1.8161773662921863
0.744446466899387,-0.6450058838865255,0.985428724448848,3.139166743474469,3.555298830198547,3.2620553843377738,2.532987898812054,1.887695862799416,1.8161773662921863
-0.9721318201095311,0.766553820787773,1.0213533530260428,3.139166743474469,3.555298830198547,3.237533288662807,2.532987898812054,1.887695862799416,1.8161773662921863
1.0020176774598835,0.7494497834029886,0.9800070851962366,3.139166743474469,3.555298830198547,3.237533288662807,2.5175483574138835,1.887695862799416,1.8161773662921863
0.8959286113930628,0.697824950117966,0.9740095605686718,3.139166743474469,3.555298830198547,3.237533288662807,2.5175483574138835,1.865252174232311,1.8161773662921863
0.683625967382353,0.6357397259926956,0.97639303631053,3.139166743474469,3.555298830198547,3.237533288662807,2.5175483574138835,1.865252174232311,1.8141381586150707
-0.6088266331651113,-0.5768019038522538,1.001120293862824,3.1226549541190156,3.555298830198547,3.237533288662807,2.5175483574138835,1.865252174232311,1.8141381586150707
-0.748673111289904,0.6666671955906646,1.010587212591856,3.1226549541190156,3.540576195093406,3.237533288662807,2.5175483574138835,1.865252174232311,1.8141381586150707
-0.9721034798746898,0.7332919503683206,1.0135443762583676,3.1226549541190156,3.540576195093406,3.2135399232692072,2.5175483574138835,1.865252174232311,1.8141381586150707
-1.00459973544873,0.7481402437243383,1.005942142986136,3.1226549541190156,3.540576195093406,3.2135399232692072,2.5031371178353603,1.865252174232311,1.8141381586150707
-0.9005467192091117,0.7256771058847048,0.9893136437860625,3.1226549541190156,3.540576195093406,3.2135399232692072,2.5031371178353603,1.8670785473129172,1.8141381586150707
0.6836683712269015,-0.6398675317459706,0.9783655115553646,3.1226549541190156,3.540576195093406,3.2135399232692072,2.5031371178353603,1.8670785473129172,1.7954161017908574
-0.6088271866475815,-0.28944448996336003,0.9901746392900944,3.110765597550021,3.540576195093406,3.2135399232692072,2.5031371178353603,1.8670785473129172,1.7954161017908574
-0.748753074848739,-0.6637588307265967,1.0060264965845427,3.110765597550021,3.5256128920368925,3.2135399232692072,2.5031371178353603,1.8670785473129172,1.7954161017908574
-0.9720955030558077,-0.7589246106466272,1.0056795241162124,3.110765597550021,3.5256128920368925,3.211610419312758,2.5031371178353603,1.8670785473129172,1.7954161017908574
1.0020367298423094,0.7192712110982202,0.991672353625444,3.110765597550021,3.5256128920368925,3.211610419312758,2.4881240870217396,1.8670785473129172,1.7954161017908574
0.8959696329098947,0.6986220536950053,0.9686351043180859,3.110765597550021,3.5256128920368925,3.211610419312758,2.4881240870217396,1.844605008491019,1.7954161017908574
0.6836928242343974,0.6437067798594468,0.980321368250823,3.110765597550021,3.5256128920368925,3.211610419312758,2.4881240870217396,1.844605008491019,1.7935635262429968
0.6044201460908262,-0.5918202555116242,0.9792816418779086,3.1085280708721905,3.5256128920368925,3.211610419312758,2.4881240870217396,1.844605008491019,1.7935635262429968
-0.7487221971861566,-0.6474921037961674,1.0014340653751221,3.1085280708721905,3.5105569269456685,3.211610419312758,2.4881240870217396,1.844605008491019,1.7935635262429968
-0.9721911873270083,0.7687457136680483,0.9978799236491711,3.1085280708721905,3.5105569269456685,3.1870710992208457,2.4881240870217396,1.844605008491019,1.7935635262429968
-1.004657235310472,0.7521631857959457,1.017459921360225,3.1085280708721905,3.5105569269456685,3.1870710992208457,2.473802697771218,1.844605008491019,1.7935635262429968
0.8959795352822992,0.727236750655856,0.9838234280780684,3.1085280708721905,3.5105569269456685,3.1870710992208457,2.473802697771218,1.8217097728548355,1.7935635262429968
0.6837264473594015,-0.6424254247920526,0.9823189197426178,3.1085280708721905,3.5105569269456685,3.1870710992208457,2.473802697771218,1.8217097728548355,1.774804431122234
-0.6088555131704768,-0.6061362222866045,0.9927377829733754,3.091526580722536,3.5105569269456685,3.1870710992208457,2.473802697771218,1.8217097728548355,1.774804431122234
-0.7487467220571462,0.6688401840001125,0.9968104933312214,3.091526580722536,3.4957595811961366,3.1870710992208457,2.473802697771218,1.8217097728548355,1.774804431122234
0.9710315019420128,0.735465257737364,0.9900322415364105,3.091526580722536,3.4957595811961366,3.189492627172758,2.473802697771218,1.8217097728548355,1.774804431122234
-1.0046814621080147,0.7507590252179177,1.0030510478907622,3.091526580722536,3.4957595811961366,3.189492627172758,2.4596013866764537,1.8217097728548355,1.774804431122234
-0.9006178834266788,0.7011258668288426,0.9989582363436459,3.091526580722536,3.4957595811961366,3.189492627172758,2.4596013866764537,1.824078096431157,1.774804431122234
0.6837449901317116,0.6393078670076034,0.9842976028202953,3.091526580722536,3.4957595811961366,3.189492627172758,2.4596013866764537,1.824078096431157,1.7729824380343295
0.604454052169695,-0.2771240837397642,0.9819580619986751,3.0943278360600703,3.4957595811961366,3.189492627172758,2.4596013866764537,1.824078096431157,1.7729824380343295
-0.7487989092747129,-0.6660484267504113,0.9923278872804264,3.0943278360600703,3.4808706001655025,3.189492627172758,2.4596013866764537,1.824078096431157,1.7729824380343295
-0.9721643559766865,-0.7615054956466809,1.0209873877481181,3.0943278360600703,3.4808706001655025,3.1877074855801175,2.4596013866764537,1.824078096431157,1.7729824380343295
1.00210239021552,-0.7712087256893116,0.9885689102021372,3.0943278360600703,3.4808706001655025,3.1877074855801175,2.474121346125133,1.824078096431157,1.7729824380343295
0.8960208474744906,0.6981170769777492,0.9780982825153633,3.0943278360600703,3.4808706001655025,3.1877074855801175,2.474121346125133,1.8015861764416117,1.7729824380343295
0.6837702176979907,-0.6383295198454557,0.9863179604853142,3.0943278360600703,3.4808706001655025,3.1877074855801175,2.474121346125133,1.8015861764416117,1.7542759734714672
-0.6088920801271045,-0.6205339569917706,0.9954910296896452,3.077081321855267,3.4808706001655025,3.1877074855801175,2.474121346125133,1.8015861764416117,1.7542759734714672
0.7445632979289528,-0.6500634368993449,0.9878130854114795,3.077081321855267,3.4957491553574123,3.1877074855801175,2.474121346125133,1.8015861764416117,1.7542759734714672
-0.9722914612188638,0.7416720636690121,1.0131455468657182,3.077081321855267,3.4957491553574123,3.1635767998309228,2.474121346125133,1.8015861764416117,1.7542759734714672
-1.0048096032849698,0.8134069909762481,1.0144749270698492,3.077081321855267,3.4957491553574123,3.1635767998309228,2.4582311652156177,1.8015861764416117,1.7542759734714672
-0.9006473169007917,0.7050721962642406,0.9931148116949423,3.077081321855267,3.4957491553574123,3.1635767998309228,2.4582311652156177,1.8040061812665384,1.7542759734714672
0.6837821322560815,0.6403374274321926,0.9883190287477011,3.077081321855267,3.4957491553574123,3.1635767998309228,2.4582311652156177,1.8040061812665384,1.7525600797771757
0.6044743108722231,-0.5815044137350986,0.9848416256349415,3.0751056323047234,3.4957491553574123,3.1635767998309228,2.4582311652156177,1.8040061812665384,1.7525600797771757
-0.748805436492436,0.6717022958509972,1.0131319112799373,3.0751056323047234,3.480879728816993,3.1635767998309228,2.4582311652156177,1.8040061812665384,1.7525600797771757
-0.9722416294801346,0.7404715459689878,1.0052470832996112,3.0751056323047234,3.480879728816993,3.139510985619421,2.4582311652156177,1.8040061812665384,1.7525600797771757
-1.0047017933013749,0.7508799678073689,1.0001707706239287,3.0751056323047234,3.480879728816993,3.139510985619421,2.443708609208418,1.8040061812665384,1.7525600797771757
0.8960626239906898,0.7296489650096629,0.9721433090618128,3.0751056323047234,3.480879728816993,3.139510985619421,2.443708609208418,1.7810468177060093,1.7525600797771757
0.6837979000516438,-0.6455734272439542,0.9903651652559959,3.0751056323047234,3.480879728816993,3.139510985619421,2.443708609208418,1.7810468177060093,1.7337542087694018
-0.6089064476994601,-0.291570724190602,0.9984818729551707,3.0631040738250976,3.480879728816993,3.139510985619421,2.443708609208418,1.7810468177060093,1.7337542087694018
-0.7488888281845968,-0.6683562215659516,1.0087196105911778,3.0631040738250976,3.4660551539764164,3.139510985619421,2.443708609208418,1.7810468177060093,1.7337542087694018
0.9711428579364798,-0.7638254846728935,0.9972993185560869,3.0631040738250976,3.4660551539764164,3.1638598566883633,2.443708609208418,1.7810468177060093,1.7337542087694018
1.0022184486288983,0.7245596599732536,0.9857763968276079,3.0631040738250976,3.4660551539764164,3.1638598566883633,2.428643629433931,1.7810468177060093,1.7337542087694018
0.8960644970509247,0.7030913057559313,0.9870499052383139,3.0631040738250976,3.4660551539764164,3.1638598566883633,2.428643629433931,1.7584587414547301,1.7337542087694018
0.683802309597349,0.6481075942992847,0.992392536152867,3.0631040738250976,3.4660551539764164,3.1638598566883633,2.428643629433931,1.7584587414547301,1.7322365573068044
0.6044865270085278,-0.5964119723149814,0.9879048409593011,3.0609987592812065,3.4660551539764164,3.1638598566883633,2.428643629433931,1.7584587414547301,1.7322365573068044
-0.7488664314667077,-0.6515727275572302,1.004274699602489,3.0609987592812065,3.4511281759008625,3.1638598566883633,2.428643629433931,1.7584587414547301,1.7322365573068044
-0.9723775952837939,0.7739173338986578,1.0282830179663223,3.0609987592812065,3.4511281759008625,3.139272697941367,2.428643629433931,1.7584587414547301,1.7322365573068044
-1.0047568371845699,0.7565767158554436,1.0114446310487148,3.0609987592812065,3.4511281759008625,3.139272697941367,2.414178724284519,1.7584587414547301,1.7322365573068044
-0.9007103098748708,0.7320825176143292,1.001892193360485,3.0609987592812065,3.4511281759008625,3.139272697941367,2.414178724284519,1.7606772961318478,1.7322365573068044
0.6838089130495448,-0.6474766935083401,0.9944675690495096,3.0609987592812065,3.4511281759008625,3.139272697941367,2.414178724284519,1.7606772961318478,1.7134034520769572
-0.6089351781472112,-0.6107128025954002,1.0016785625473048,3.0438949516166733,3.4511281759008625,3.139272697941367,2.414178724284519,1.7606772961318478,1.7134034520769572
-0.7488971843445108,0.6737089075914369,0.9997975722674622,3.0438949516166733,3.4361950802714714,3.139272697941367,2.414178724284519,1.7606772961318478,1.7134034520769572
-0.9723589959339908,0.7412002222614726,1.0203482428641897,3.0438949516166733,3.4361950802714714,3.115213055117977,2.414178724284519,1.7606772961318478,1.7134034520769572
-1.0047685686652543,0.7559394767410266,0.9969097030890475,3.0438949516166733,3.4361950802714714,3.115213055117977,2.399819446599313,1.7606772961318478,1.7134034520769572
0.8961061652610856,0.7058241868275663,0.9807444023426596,3.0438949516166733,3.4361950802714714,3.115213055117977,2.399819446599313,1.7380337355624567,1.7134034520769572
-0.6853664739019868,0.6431943970598998,0.9965215414103995,3.0438949516166733,3.4361950802714714,3.115213055117977,2.399819446599313,1.7380337355624567,1.7321989832841036
-0.6089370721891996,-0.27897204189515834,0.9912118591769709,3.0320576182418244,3.4361950802714714,3.115213055117977,2.399819446599313,1.7380337355624567,1.7321989832841036
-0.7489537422832663,-0.6708108356389892,0.9954546416846244,3.0320576182418244,3.4214345799309624,3.115213055117977,2.399819446599313,1.7380337355624567,1.7321989832841036
-0.9723655100915711,-0.7663432313427225,1.0123533716659838,3.0320576182418244,3.4214345799309624,3.113690467520083,2.399819446599313,1.7380337355624567,1.7321989832841036
1.0022714035426918,0.7260253483789492,0.9823008516036101,3.0320576182418244,3.4214345799309624,3.113690467520083,2.384473918028527,1.7380337355624567,1.7321989832841036
-0.9007404330631626,0.7326250073802358,0.9954675603086222,3.0320576182418244,3.4214345799309624,3.113690467520083,2.384473918028527,1.7403763084480486,1.7321989832841036
0.6838607793315168,-0.6431003727838437,0.971243251572197,3.0320576182418244,3.4214345799309624,3.113690467520083,2.384473918028527,1.7403763084480486,1.713424094961072
0.6045332215020733,-0.625058297762846,0.9807897213254763,3.0296020890053055,3.4214345799309624,3.113690467520083,2.384473918028527,1.7403763084480486,1.713424094961072
-0.7489055996254861,-0.6545801033382164,0.9910787883640917,3.0296020890053055,3.4065661257729967,3.113690467520083,2.384473918028527,1.7403763084480486,1.713424094961072
-0.9724801432987985,0.7764568491867188,1.0044312700707312,3.0296020890053055,3.4065661257729967,3.0890771457647124,2.384473918028527,1.7403763084480486,1.713424094961072
-1.004825482220215,0.7599476161797504,1.007755910691672,3.0296020890053055,3.4065661257729967,3.0890771457647124,2.370206406133577,1.7403763084480486,1.713424094961072
0.8961480079562864,0.7073136850438988,0.974198100423648,3.0296020890053055,3.4065661257729967,3.0890771457647124,2.370206406133577,1.717695498383537,1.713424094961072
0.6839071369201432,0.6443512715921212,0.973327422444698,3.0296020890053055,3.4065661257729967,3.0890771457647124,2.370206406133577,1.717695498383537,1.712064264911953
-0.608965888480251,-0.5857322970319416,0.9947216288328173,3.012880807554822,3.4065661257729967,3.0890771457647124,2.370206406133577,1.717695498383537,1.712064264911953
0.7447014295116536,0.6769942394918401,0.9866702501803205,3.012880807554822,3.42144825911531,3.0890771457647124,2.370206406133577,1.717695498383537,1.712064264911953
0.9712584692868905,0.7429759026514198,0.9964564094917185,3.012880807554822,3.42144825911531,3.0911121705487488,2.370206406133577,1.717695498383537,1.712064264911953
1.0022938280694222,0.7574043414636383,0.9930055409120156,3.012880807554822,3.42144825911531,3.0911121705487488,2.3540742038083335,1.717695498383537,1.712064264911953
-0.9007703908342015,0.7345655009534544,0.9888004661384817,3.012880807554822,3.42144825911531,3.0911121705487488,2.3540742038083335,1.7201458537894156,1.712064264911953
0.6839500831424792,-0.6509638621879961,0.9754654835279445,3.012880807554822,3.42144825911531,3.0911121705487488,2.3540742038083335,1.7201458537894156,1.6931800005263882
0.6045669738589625,-0.29391331976765195,0.9844041444071907,3.015649372743108,3.42144825911531,3.0911121705487488,2.3540742038083335,1.7201458537894156,1.6931800005263882
-0.7490101543949059,-0.6731858757263007,1.0122617744025437,3.015649372743108,3.40673990892398,3.0911121705487488,2.3540742038083335,1.7201458537894156,1.6931800005263882
-0.9724498611643183,-0.7688895844636436,1.027290714684316,3.015649372743108,3.40673990892398,3.0897093095021977,2.3540742038083335,1.7201458537894156,1.6931800005263882
-1.0048851112926782,0.7287681571593353,1.0183228355124154,3.015649372743108,3.40673990892398,3.0897093095021977,2.340612043485557,1.7201458537894156,1.6931800005263882
0.8961899386653811,0.7080860682864234,0.9674080891274944,3.015649372743108,3.40673990892398,3.0897093095021977,2.340612043485557,1.6974383933171306,1.6931800005263882
0.6839886446270388,0.6525493195285406,0.9775831416203613,3.015649372743108,3.40673990892398,3.0897093095021977,2.340612043485557,1.6974383933171306,1.6920405983170277
-0.6090022371634096,-0.6004775264269528,0.9984052977958776,2.998681095820228,3.40673990892398,3.0897093095021977,2.340612043485557,1.6974383933171306,1.6920405983170277
-0.7489977282864401,-0.6566789955791251,1.0079474863444828,2.998681095820228,3.3919203381211274,3.0897093095021977,2.340612043485557,1.6974383933171306,1.6920405983170277
-0.9725949999834538,0.7791404067369978,1.0193254551052477,2.998681095820228,3.3919203381211274,3.065067888940493,2.340612043485557,1.6974383933171306,1.6920405983170277
-1.0049064795291929,0.7615941341301207,1.0034220203240718,2.998681095820228,3.3919203381211274,3.065067888940493,2.3265726656550267,1.6974383933171306,1.6920405983170277
0.89620349439334,0.736712497365555,0.9818879253217112,2.998681095820228,3.3919203381211274,3.065067888940493,2.3265726656550267,1.6743234254242196,1.6920405983170277
0.6840219632358076,-0.653834190140107,0.9797575825000846,2.998681095820228,3.3919203381211274,3.065067888940493,2.3265726656550267,1.6743234254242196,1.673115680699699
0.6045864192684259,-0.615143978429005,0.9882164728206564,2.996473435254769,3.3919203381211274,3.065067888940493,2.3265726656550267,1.6743234254242196,1.673115680699699
-0.7490363590759216,0.6793787845182137,1.0036001881998733,2.996473435254769,3.3768767544065543,3.065067888940493,2.3265726656550267,1.6743234254242196,1.673115680699699
-0.9725549612837572,0.7459002848953096,1.0113060504480238,2.996473435254769,3.3768767544065543,3.0409660797143943,2.3265726656550267,1.6743234254242196,1.673115680699699
1.0023624511979123,0.7607845999004067,0.988456894247424,2.996473435254769,3.3768767544065543,3.0409660797143943,2.310134159538118,1.6743234254242196,1.673115680699699
-0.9008434243000623,0.7095732137661126,0.9963109675853645,2.996473435254769,3.3768767544065543,3.0409660797143943,2.310134159538118,1.6773376601799108,1.673115680699699
0.6840541678148448,0.6481505448946799,0.9819093939979691,2.996473435254769,3.3768767544065543,3.0409660797143943,2.310134159538118,1.6773376601799108,1.6720322249673762
-0.6090181485698918,-0.2809594852417028,1.0023258065656062,2.984534064255053,3.3768767544065543,3.0409660797143943,2.310134159538118,1.6773376601799108,1.6720322249673762
-0.7490991176776278,-0.6754787736601101,0.9993808043761659,2.984534064255053,3.3622220230338353,3.0409660797143943,2.310134159538118,1.6773376601799108,1.6720322249673762
-0.9725435128545424,0.7201523710403983,1.0032236501530174,2.984534064255053,3.3622220230338353,3.017300848990255,2.310134159538118,1.6773376601799108,1.6720322249673762
-1.0049655511387061,0.7610248561752293,1.0135624352974841,2.984534064255053,3.3622220230338353,3.017300848990255,2.2962890731717254,1.6773376601799108,1.6720322249673762
0.8962457460876261,0.737885022442088,0.974726568291236,2.984534064255053,3.3622220230338353,3.017300848990255,2.2962890731717254,1.6541939477047243,1.6720322249673762
0.6840783402011565,-0.6490476452193087,0.9841182202495501,2.984534064255053,3.3622220230338353,3.017300848990255,2.2962890731717254,1.6541939477047243,1.6531738222503514
-0.6090359969221202,-0.6297133035038289,0.9922051421383089,2.967095769734218,3.3622220230338353,3.017300848990255,2.2962890731717254,1.6541939477047243,1.6531738222503514
-0.749061596585289,0.6800967796194083,0.9951277091611083,2.967095769734218,3.347027764363619,3.017300848990255,2.2962890731717254,1.6541939477047243,1.6531738222503514
0.9714433083630635,0.7498949014603103,0.9950806614363539,2.967095769734218,3.347027764363619,3.0186387058251096,2.2962890731717254,1.6541939477047243,1.6531738222503514
-1.004979161606714,0.7622284567589999,0.9984486921824552,2.967095769734218,3.347027764363619,3.0186387058251096,2.28251088688091,1.6541939477047243,1.6531738222503514
-0.9008730105987939,0.711908604574957,0.9890260934770948,2.967095769734218,3.347027764363619,3.0186387058251096,2.28251088688091,1.657316308465483,1.6531738222503514
0.6841034022102579,0.6487907751792645,0.986304007764991,2.967095769734218,3.347027764363619,3.0186387058251096,2.28251088688091,1.657316308465483,1.6522198129007848
0.6046351825932867,-0.28172280159322666,0.9821672955723333,2.970197895926074,3.347027764363619,3.0186387058251096,2.28251088688091,1.657316308465483,1.6522198129007848
-0.7491048759690113,-0.6770732327149064,0.9909955448591377,2.970197895926074,3.3325297816081085,3.0186387058251096,2.28251088688091,1.657316308465483,1.6522198129007848
-0.9725659901861303,-0.7729020837003033,1.0257667213803203,2.970197895926074,3.3325297816081085,3.0178934129626573,2.28251088688091,1.657316308465483,1.6522198129007848
1.0024211879804483,0.7325815358010908,0.9832614244586959,2.970197895926074,3.3325297816081085,3.0178934129626573,2.266389447215367,1.657316308465483,1.6522198129007848
0.8962880989297171,0.7381397203066064,0.9673160004106759,2.970197895926074,3.3325297816081085,3.0178934129626573,2.266389447215367,1.6341572476823527,1.6522198129007848
0.6841172563740262,-0.6505784031092873,0.98855073612904,2.970197895926074,3.3325297816081085,3.0178934129626573,2.266389447215367,1.6341572476823527,1.6333412498541549
-0.6090650139559404,-0.6313552486814101,0.9964405277907438,2.9527247275134996,3.3325297816081085,3.0178934129626573,2.266389447215367,1.6341572476823527,1.6333412498541549
0.7448584809565877,-0.6606416712693539,0.9868297909637583,2.9527247275134996,3.347774299550978,3.0178934129626573,2.266389447215367,1.6341572476823527,1.6333412498541549
-0.9727138374013594,0.7838824871663855,1.0176554302544272,2.9527247275134996,3.347774299550978,2.993274455353795,2.266389447215367,1.6341572476823527,1.6333412498541549
-1.0050344007409875,0.7662530137540217,1.0081452561909041,2.9527247275134996,3.347774299550978,2.993274455353795,2.252700631840389,1.6341572476823527,1.6333412498541549
0.896300668650614,0.7135609303528533,0.9814901364944482,2.9527247275134996,3.347774299550978,2.993274455353795,2.252700631840389,1.6113306757905372,1.6333412498541549
0.6841349102545802,0.6497047539725485,0.9907739589429814,2.9527247275134996,3.347774299550978,2.993274455353795,2.252700631840389,1.6113306757905372,1.6325250012902004
0.6046545191444952,-0.5916090471417638,0.9865223466314595,2.9510617355378685,3.347774299550978,2.993274455353795,2.252700631840389,1.6113306757905372,1.6325250012902004
-0.7491197620139679,0.6843900527264535,1.012507572638834,2.9510617355378685,3.332535751968914,2.993274455353795,2.252700631840389,1.6113306757905372,1.6325250012902004
-0.9726652592208231,0.7500245841021919,1.0094857854823776,2.9510617355378685,3.332535751968914,2.9692195698956354,2.252700631840389,1.6113306757905372,1.6325250012902004
1.0024453799755793,0.7643181244452923,0.9928162667492666,2.9510617355378685,3.332535751968914,2.9692195698956354,2.235796461868872,1.6113306757905372,1.6325250012902004
-0.900944256256776,0.7407750979845612,0.9955965910054883,2.9510617355378685,3.332535751968914,2.9692195698956354,2.235796461868872,1.6142683071735964,1.6325250012902004
0.68413876486861,-0.6581201814553076,0.9930605380187675,2.9510617355378685,3.332535751968914,2.9692195698956354,2.235796461868872,1.6142683071735964,1.6135422242858017
-0.6090806629534957,-0.29656940912109203,1.0008964156347586,2.9388130591668014,3.332535751968914,2.9692195698956354,2.235796461868872,1.6142683071735964,1.6135422242858017
-0.7491978927878244,-0.6795605612712986,1.0084267515478496,2.9388130591668014,3.318076559300607,2.9692195698956354,2.235796461868872,1.6142683071735964,1.6135422242858017
-0.9726502950694038,-0.7751972293462246,1.0012490922797919,2.9388130591668014,3.318076559300607,2.9685662285557326,2.235796461868872,1.6142683071735964,1.6135422242858017
-1.0050922914608706,-0.7853898999415779,1.0175619842677484,2.9388130591668014,3.318076559300607,2.9685662285557326,2.2532028764916805,1.6142683071735964,1.6135422242858017
0.896343237031191,0.6842912519646542,0.9736997464167498,2.9388130591668014,3.318076559300607,2.9685662285557326,2.2532028764916805,1.5918289699336792,1.6135422242858017
0.6841481655506908,0.6575486968518885,0.9953242617346413,2.9388130591668014,3.318076559300607,2.9685662285557326,2.2532028764916805,1.5918289699336792,1.612963116776837
-0.6090950114470695,-0.6067196615467745,0.9910406816957579,2.921714344617801,3.318076559300607,2.9685662285557326,2.2532028764916805,1.5918289699336792,1.612963116776837
-0.7491821942645196,-0.6632574140758137,1.0043117465635585,2.921714344617801,3.303489829813908,2.9685662285557326,2.2532028764916805,1.5918289699336792,1.612963116776837
0.9714753730408572,0.7560629246952146,0.9931010890527683,2.921714344617801,3.303489829813908,2.9699940539404723,2.2532028764916805,1.5918289699336792,1.612963116776837
-1.0051898360932041,0.8273587474390789,1.002433378955239,2.921714344617801,3.303489829813908,2.9699940539404723,2.237909658785377,1.5918289699336792,1.612963116776837
0.8963460940362392,0.745091850437376,0.9876777630482226,2.921714344617801,3.303489829813908,2.9699940539404723,2.237909658785377,1.5685549634325333,1.612963116776837
-0.6856675159743209,-0.6612939313157901,0.997654504196193,2.921714344617801,3.303489829813908,2.9699940539404723,2.237909658785377,1.5685549634325333,1.6131944219312122
0.6046996658763598,-0.6210831566106491,0.9812651274319221,2.919686084444315,3.303489829813908,2.9699940539404723,2.237909658785377,1.5685549634325333,1.6131944219312122
-0.7492144802395314,0.685560909218805,1.0001628537154357,2.919686084444315,3.288215597501965,2.9699940539404723,2.237909658785377,1.5685549634325333,1.6131944219312122
-0.9727455746169396,0.7555529338442892,1.0237689205155596,2.919686084444315,3.288215597501965,2.9458586634389805,2.237909658785377,1.5685549634325333,1.6131944219312122
1.0025703239971755,0.7649132824143039,0.9872287523877429,2.919686084444315,3.288215597501965,2.9458586634389805,2.221311923760199,1.5685549634325333,1.6131944219312122
-0.9010039556760895,0.715238501480754,1.00160529676442,2.919686084444315,3.288215597501965,2.9458586634389805,2.221311923760199,1.572060698577059,1.6131944219312122
0.6842025471686202,0.6537279777620418,0.972565007019098,2.919686084444315,3.288215597501965,2.9458586634389805,2.221311923760199,1.572060698577059,1.612690281662103
-0.6091116143357491,-0.2836720806753895,0.9957892993351002,2.9076095746829305,3.288215597501965,2.9458586634389805,2.221311923760199,1.572060698577059,1.612690281662103
-0.7492676741980446,-0.6818556193787543,0.9961325407190336,2.9076095746829305,3.273794268656299,2.9458586634389805,2.221311923760199,1.572060698577059,1.612690281662103
-0.9727625538388307,-0.7779494389979297,1.0154939850124742,2.9076095746829305,3.273794268656299,2.9452651263753618,2.221311923760199,1.572060698577059,1.612690281662103
-1.0051105433082559,0.7367504240081555,1.0120841670651326,2.9076095746829305,3.273794268656299,2.9452651263753618,2.2080356920685666,1.572060698577059,1.612690281662103
0.8963883452066939,0.7437349974443472,0.9795164205206247,2.9076095746829305,3.273794268656299,2.9452651263753618,2.2080356920685666,1.548796119416919,1.612690281662103
0.6842410993975522,-0.6565927592424211,0.9749415211473943,2.9076095746829305,3.273794268656299,2.9452651263753618,2.2080356920685666,1.548796119416919,1.5937348585000757
0.6047109462194333,-0.6357631833661684,0.9860760156453372,2.9054489514570214,3.273794268656299,2.9452651263753618,2.2080356920685666,1.548796119416919,1.5937348585000757
-0.7492281658529486,-0.6652533815875393,0.9920681433569697,2.9054489514570214,3.2592405712326395,2.9452651263753618,2.2080356920685666,1.548796119416919,1.5937348585000757
-0.972894266636261,0.7887426167423084,1.0073071100465594,2.9054489514570214,3.2592405712326395,2.920581803695582,2.2080356920685666,1.548796119416919,1.5937348585000757
-1.0051182739145483,0.7712369396595924,0.9967104973280337,2.9054489514570214,3.2592405712326395,2.920581803695582,2.1941501153747356,1.548796119416919,1.5937348585000757
-0.9010328241724732,0.7177956788042721,0.9933155035621299,2.9054489514570214,3.2592405712326395,2.920581803695582,2.1941501153747356,1.5524203885130048,1.5937348585000757
0.6842911101383998,0.6546497156810059,0.9772929573961707,2.9054489514570214,3.2592405712326395,2.920581803695582,2.1941501153747356,1.5524203885130048,1.5933856052732243
-0.6091413355300207,-0.5956358611182544,1.0007214260703874,2.8885138810380706,3.2592405712326395,2.920581803695582,2.1941501153747356,1.5524203885130048,1.5933856052732243
0.7449914549523616,0.6891306452208028,0.9879694868146615,2.8885138810380706,3.273811916602958,2.920581803695582,2.1941501153747356,1.5524203885130048,1.5933856052732243
-0.9728218049889459,0.7548467661502436,0.9990594848373253,2.8885138810380706,3.273811916602958,2.896464747441038,2.1941501153747356,1.5524203885130048,1.5933856052732243
1.0026295821785893,0.7693561282630961,0.9812719475235091,2.8885138810380706,3.273811916602958,2.896464747441038,2.177229345002466,1.5524203885130048,1.5933856052732243
0.8964313462172854,0.745152437659984,0.9710967064031787,2.8885138810380706,3.273811916602958,2.896464747441038,2.177229345002466,1.5291285093578866,1.5933856052732243
0.6843185860290558,-0.6645947177421161,0.979718541623176,2.8885138810380706,3.273811916602958,2.896464747441038,2.177229345002466,1.5291285093578866,1.574319064437465
-0.6091428084859558,-0.29883759272924754,0.9911058651723503,2.8761730428591954,3.273811916602958,2.896464747441038,2.177229345002466,1.5291285093578866,1.574319064437465
-0.7493293290184422,-0.6840409500145151,1.0138684648227243,2.8761730428591954,3.2594164871693176,2.896464747441038,2.177229345002466,1.5291285093578866,1.574319064437465
0.971686016682636,-0.7799408660934877,0.9907425613649127,2.8761730428591954,3.2594164871693176,2.92089804798833,2.177229345002466,1.5291285093578866,1.574319064437465
-1.0051765201180771,0.7398040478141082,1.005911974281829,2.8761730428591954,3.2594164871693176,2.92089804798833,2.1641556255083816,1.5291285093578866,1.574319064437465
0.8964370406561714,0.718571204820138,0.9847661192296168,2.8761730428591954,3.2594164871693176,2.92089804798833,2.1641556255083816,1.506188707359664,1.574319064437465
0.6843598780671106,0.6622788196637279,0.9821198114402021,2.8761730428591954,3.2594164871693176,2.92089804798833,2.1641556255083816,1.506188707359664,1.5742231734067607
0.6047566807985715,-0.6107618670401548,0.9815329119363743,2.8744794124378257,3.2594164871693176,2.92089804798833,2.1641556255083816,1.506188707359664,1.5742231734067607
-0.7493270163893557,-0.6670980980015019,1.0098483143428039,2.8744794124378257,3.2448866949436046,2.92089804798833,2.1641556255083816,1.506188707359664,1.5742231734067607
-0.972971873460698,0.7914074733267483,1.0214020350761048,2.8744794124378257,3.2448866949436046,2.89618217857105,2.1641556255083816,1.506188707359664,1.5742231734067607
1.002655401072634,0.7728517116340099,0.9903194413080407,2.8744794124378257,3.2448866949436046,2.89618217857105,2.147015885445907,1.506188707359664,1.5742231734067607
-0.9010959236403164,0.7474055884934628,0.9983649831707136,2.8744794124378257,3.2448866949436046,2.89618217857105,2.147015885445907,1.5096495161681245,1.5742231734067607
0.6843764265403434,-0.6662540374435745,0.9845985539715997,2.8744794124378257,3.2448866949436046,2.89618217857105,2.147015885445907,1.5096495161681245,1.5551376349105381
-0.6091729061074178,-0.6254942240059225,0.996317847347844,2.8570743766065507,3.2448866949436046,2.89618217857105,2.147015885445907,1.5096495161681245,1.5551376349105381
-0.7493706306144228,0.691198401478226,1.005793776875249,2.8570743766065507,3.2295538850528303,2.89618217857105,2.147015885445907,1.5096495161681245,1.5551376349105381
-0.972927574549527,0.7575393452533108,1.0131099513032233,2.8570743766065507,3.2295538850528303,2.8720318296607537,2.147015885445907,1.5096495161681245,1.5551376349105381
-1.0052319799012541,0.7727494341076727,1.014817837784317,2.8570743766065507,3.2295538850528303,2.8720318296607537,2.1334556334194157,1.5096495161681245,1.5551376349105381
0.8964802723745244,0.7207577895271033,0.9759530004950754,2.8570743766065507,3.2295538850528303,2.8720318296607537,2.1334556334194157,1.4866712777687336,1.5551376349105381
0.684410517208208,0.6571598105875995,0.9870507901025402,2.8570743766065507,3.2295538850528303,2.8720318296607537,2.1334556334194157,1.4866712777687336,1.5551204109823367
0.6047881920780545,-0.28598442130194984,0.9868463482183523,2.8603664095503833,3.2295538850528303,2.8720318296607537,2.1334556334194157,1.4866712777687336,1.5551204109823367
-0.749434088013941,-0.6862996847222044,1.001852810492006,2.8603664095503833,3.2151865376579787,2.8720318296607537,2.1334556334194157,1.4866712777687336,1.5551204109823367
-0.972920568527444,0.7315511120490782,1.0047477554226714,2.8603664095503833,3.2151865376579787,2.84833407157416,2.1334556334194157,1.4866712777687336,1.5551204109823367
-1.005246679714706,0.7722743147436281,0.999084316126091,2.8603664095503833,3.2151865376579787,2.84833407157416,2.1199967009524188,1.4866712777687336,1.5551204109823367
-0.901124493301475,0.7491067502636009,0.9894206526625406,2.8603664095503833,3.2151865376579787,2.84833407157416,2.1199967009524188,1.4902763918591526,1.5551204109823367
0.6844166044692039,-0.6613606065522916,0.9895812297602833,2.8603664095503833,3.2151865376579787,2.84833407157416,2.1199967009524188,1.4902763918591526,1.5361130745918279
-0.6092099931083989,-0.6402511442167669,1.0016898300791994,2.8427274378143528,3.2151865376579787,2.84833407157416,2.1199967009524188,1.4902763918591526,1.5361130745918279
-0.7494083274349904,0.6922434542555743,0.9978772794284023,2.8427274378143528,3.199718755181461,2.84833407157416,2.1199967009524188,1.4902763918591526,1.5361130745918279
0.9717910556750914,0.7617230670340944,0.9963183890569861,2.8427274378143528,3.199718755181461,2.848834606813725,2.1199967009524188,1.4902763918591526,1.5361130745918279
1.002716866290904,0.7736136378990931,0.9832757104238607,2.8427274378143528,3.199718755181461,2.848834606813725,2.102603935556579,1.4902763918591526,1.5361130745918279
0.8965236326919714,0.7219959788124036,0.9668749745747498,2.8427274378143528,3.199718755181461,2.848834606813725,2.102603935556579,1.467273570879723,1.5361130745918279
0.6844423228769982,0.6580536909186443,0.9920852001929936,2.8427274378143528,3.199718755181461,2.848834606813725,2.102603935556579,1.467273570879723,1.5362656798764494
-0.6092062966505711,-0.2862731723341823,0.9923337836793272,2.8305268350107378,3.199718755181461,2.848834606813725,2.102603935556579,1.467273570879723,1.5362656798764494
-0.7494533324453768,-0.6883076814816989,0.9940083615866141,2.8305268350107378,3.1854976163356405,2.848834606813725,2.102603935556579,1.467273570879723,1.5362656798764494
-0.9729448283448905,-0.7843243762165716,1.0267264204547262,2.8305268350107378,3.1854976163356405,2.8489193055036397,2.102603935556579,1.467273570879723,1.5362656798764494
-1.0053027225751465,0.743234857641381,1.0075508516776241,2.8305268350107378,3.1854976163356405,2.8489193055036397,2.0899061760143978,1.467273570879723,1.5362656798764494
0.8965401790149312,0.7497352963065336,0.9802092071219564,2.8305268350107378,3.1854976163356405,2.8489193055036397,2.0899061760143978,1.4439035238041567,1.5362656798764494
0.6844367069326789,-0.6638955963414113,0.9946719653048587,2.8305268350107378,3.1854976163356405,2.8489193055036397,2.0899061760143978,1.4439035238041567,1.5172298823141026
0.6048215870078479,-0.641465521631196,0.9830096137473231,2.8285271707133495,3.1854976163356405,2.8489193055036397,2.0899061760143978,1.4439035238041567,1.5172298823141026
-0.7494137718026912,0.6641935162838164,0.9901052382216164,2.8285271707133495,3.1699263551843466,2.8489193055036397,2.0899061760143978,1.4439035238041567,1.5172298823141026
-0.9731049908526471,0.8237077400239032,1.0183383184611712,2.8285271707133495,3.1699263551843466,2.823800814512464,2.0899061760143978,1.4439035238041567,1.5172298823141026
1.0027436343019955,0.778099544392357,0.9915889373121188,2.8285271707133495,3.1699263551843466,2.823800814512464,2.0722804163796424,1.4439035238041567,1.5172298823141026
-0.9011976260876337,0.7234749422247047,0.9934813507131718,2.8285271707133495,3.1699263551843466,2.823800814512464,2.0722804163796424,1.4481080565866737,1.5172298823141026
-0.6858811414412691,0.6602252338917102,0.9972320873889601,2.8285271707133495,3.1699263551843466,2.823800814512464,2.0722804163796424,1.4481080565866737,1.5362410979277001
-0.6092363968675542,-0.2868566443749227,0.9980470578472479,2.816289866328282,3.1699263551843466,2.823800814512464,2.0722804163796424,1.4481080565866737,1.5362410979277001
0.7451433928448171,-0.6874531457387396,0.9862945363118839,2.816289866328282,3.1856697446731133,2.823800814512464,2.0722804163796424,1.4481080565866737,1.5362410979277001
-0.9730507066683738,0.732447489909166,1.0098911575448095,2.816289866328282,3.1856697446731133,2.8001494318715014,2.0722804163796424,1.4481080565866737,1.5362410979277001
-1.0053572275160338,0.7756358062171941,1.0157223912816695,2.816289866328282,3.1856697446731133,2.8001494318715014,2.059108028993718,1.4481080565866737,1.5362410979277001
0.8965838836082947,0.7521009007716186,0.9707267637832911,2.816289866328282,3.1856697446731133,2.8001494318715014,2.059108028993718,1.424703916944958,1.5362410979277001
0.6844937464924121,-0.6660190087796711,0.972475749180844,2.816289866328282,3.1856697446731133,2.8001494318715014,2.059108028993718,1.424703916944958,1.517184187360383
0.6048401512350807,-0.6430082478579213,0.988834178359183,2.814350421266308,3.1856697446731133,2.8001494318715014,2.059108028993718,1.424703916944958,1.517184187360383
-0.7494610570960932,0.6959816881032296,1.0123480104846352,2.814350421266308,3.169947790593826,2.8001494318715014,2.059108028993718,1.424703916944958,1.517184187360383
-0.973033867573307,0.7649062190959891,1.0013557028000957,2.814350421266308,3.169947790593826,2.776048084400515,2.059108028993718,1.424703916944958,1.517184187360383
-1.0053729110553251,0.7775913250703097,0.9996189773998424,2.814350421266308,3.169947790593826,2.776048084400515,2.0459881130313478,1.424703916944958,1.517184187360383
0.896591006680599,0.7253566426835021,0.9838645187104762,2.814350421266308,3.169947790593826,2.776048084400515,2.0459881130313478,1.4016450362346782,1.517184187360383
0.6845577707092372,0.6610370151155903,0.975099014124921,2.814350421266308,3.169947790593826,2.776048084400515,2.0459881130313478,1.4016450362346782,1.5177120868784113
-0.6092665994388686,-0.28736350673556027,1.0039831798167134,2.8020786463241736,3.169947790593826,2.776048084400515,2.0459881130313478,1.4016450362346782,1.5177120868784113
-0.7495316545890128,-0.6909358882978069,1.0086071163663197,2.8020786463241736,3.155999395285208,2.776048084400515,2.0459881130313478,1.4016450362346782,1.5177120868784113
0.9719539709298696,-0.7871733481679201,0.9927647347169052,2.8020786463241736,3.155999395285208,2.8004280382369666,2.0459881130313478,1.4016450362346782,1.5177120868784113
1.002808120286809,0.7466067026116272,0.9834406948802644,2.8020786463241736,3.155999395285208,2.8004280382369666,2.028757168564822,1.4016450362346782,1.5177120868784113
-0.9012609043785038,0.7530623883503026,0.9969288895721174,2.8020786463241736,3.155999395285208,2.8004280382369666,2.028757168564822,1.4057237621436998,1.5177120868784113
0.6845835786619295,-0.6674421147678169,0.9778143853373803,2.8020786463241736,3.155999395285208,2.8004280382369666,2.028757168564822,1.4057237621436998,1.4986452036460018
-0.6092882847732466,-0.6446572254529573,0.994879838400888,2.784357434428279,3.155999395285208,2.8004280382369666,2.028757168564822,1.4057237621436998,1.4986452036460018
-0.7495258220688766,-0.6746764742678312,1.004832286801878,2.784357434428279,3.1418915256553697,2.8004280382369666,2.028757168564822,1.4057237621436998,1.4986452036460018
-0.9731992143867473,0.7991801321864813,1.0231729232995037,2.784357434428279,3.1418915256553697,2.7757362031552155,2.028757168564822,1.4057237621436998,1.4986452036460018
-1.0054258568646903,0.781083854538037,1.0073474659939043,2.784357434428279,3.1418915256553697,2.7757362031552155,2.0157387206720827,1.4057237621436998,1.4986452036460018
0.8966349490447811,0.7270061332225041,0.9739734811930632,2.784357434428279,3.1418915256553697,2.7757362031552155,2.0157387206720827,1.3826395248512193,1.4986452036460018
0.6846386917317486,0.6621099555683231,0.9805023318088242,2.784357434428279,3.1418915256553697,2.7757362031552155,2.0157387206720827,1.3826395248512193,1.4993643780778572
0.6048985940376443,-0.6039822051727006,0.9858557310782757,2.7830689848721515,3.1418915256553697,2.7757362031552155,2.0157387206720827,1.3826395248512193,1.4993643780778572
-0.749560755055684,0.6998624659014874,1.0010231142465,2.7830689848721515,3.1261639201109768,2.7757362031552155,2.0157387206720827,1.3826395248512193,1.4993643780778572
-0.9731509950502082,0.765432048924109,1.0146142454320597,2.7830689848721515,3.1261639201109768,2.751626751782411,2.0157387206720827,1.3826395248512193,1.4993643780778572
1.0028346382692825,0.7790771368861323,0.9910247100500665,2.7830689848721515,3.1261639201109768,2.751626751782411,1.9977226633259242,1.3826395248512193,1.4993643780778572
0.8966379393301847,0.7549035838404469,0.9869015018367397,2.7830689848721515,3.1261639201109768,2.751626751782411,1.9977226633259242,1.3591980070059482,1.4993643780778572
0.6846524318996297,-0.6757729831302072,0.9832856661075482,2.7830689848721515,3.1261639201109768,2.751626751782411,1.9977226633259242,1.3591980070059482,1.4801849455490113
-0.6093054825595479,-0.3027361399418898,1.0011269277385033,2.7705409030160553,3.1261639201109768,2.751626751782411,1.9977226633259242,1.3591980070059482,1.4801849455490113
-0.7496100634839498,-0.6940045837532028,0.9973148558685863,2.7705409030160553,3.1122208724884084,2.751626751782411,1.9977226633259242,1.3591980070059482,1.4801849455490113
-0.9731473787482703,0.7387134674344481,1.005980418874949,2.7705409030160553,3.1122208724884084,2.727995645289435,1.9977226633259242,1.3591980070059482,1.4801849455490113
-1.0054815424798411,0.780338064251549,1.0147906291592177,2.7705409030160553,3.1122208724884084,2.727995645289435,1.9849028926323675,1.3591980070059482,1.4801849455490113
-0.9013194410271741,0.7282533303941431,0.9997655570066385,2.7705409030160553,3.1122208724884084,2.727995645289435,1.9849028926323675,1.3638733999021964,1.4801849455490113
0.6846976029671806,-0.6178780272539816,0.9860424689712975,2.7705409030160553,3.1122208724884084,2.727995645289435,1.9849028926323675,1.3638733999021964,1.4618616430610718
-0.6093208758535639,-0.6454643579876689,0.9921511376327153,2.752804116217657,3.1122208724884084,2.727995645289435,1.9849028926323675,1.3638733999021964,1.4618616430610718
-0.7495819048619018,0.7000566366206774,0.9935723014691046,2.752804116217657,3.0963755611398653,2.727995645289435,1.9849028926323675,1.3638733999021964,1.4618616430610718
0.9720609887781473,0.7694246623060942,0.9972745223000455,2.752804116217657,3.0963755611398653,2.7276304853098154,1.9849028926323675,1.3638733999021964,1.4618616430610718
-1.0054948508897936,0.7805153131692952,0.9983160303452447,2.752804116217657,3.0963755611398653,2.7276304853098154,1.972171568332104,1.3638733999021964,1.4618616430610718
0.8966821965921468,0.7311568631830141,0.976596710257547,2.752804116217657,3.0963755611398653,2.7276304853098154,1.972171568332104,1.3407335704225303,1.4618616430610718
0.6846936451396455,0.6625059962611988,0.988760375062074,2.752804116217657,3.0963755611398653,2.7276304853098154,1.972171568332104,1.3407335704225303,1.4626189451074862
0.6049440212565158,-0.289475275011252,0.9832526004813164,2.7563370777909313,3.0963755611398653,2.7276304853098154,1.972171568332104,1.3407335704225303,1.4626189451074862
-0.7496134848600892,-0.6952435668796269,0.9899233528636326,2.7563370777909313,3.0825683255894147,2.7276304853098154,1.972171568332104,1.3407335704225303,1.4626189451074862
-0.9731731216924291,-0.7915218493610704,1.0274115652398257,2.7563370777909313,3.0825683255894147,2.7285731744391892,1.972171568332104,1.3407335704225303,1.4626189451074862
1.0028997000784101,0.7507572331483152,0.9817659398643093,2.7563370777909313,3.0825683255894147,2.7285731744391892,1.9544936824302839,1.3407335704225303,1.4626189451074862
-0.9013459517399568,0.7562294509386932,0.989320880085183,2.7563370777909313,3.0825683255894147,2.7285731744391892,1.9544936824302839,1.3452314097445823,1.4626189451074862
0.684686605763994,-0.6713671146976109,0.9915871472347186,2.7563370777909313,3.0825683255894147,2.7285731744391892,1.9544936824302839,1.3452314097445823,1.4435084255971815
-0.6093518041210847,-0.324320301078049,0.998666589684002,2.743431380988271,3.0825683255894147,2.7285731744391892,1.9544936824302839,1.3452314097445823,1.4435084255971815
0.7453460510127106,0.678076974425618,0.9862407827634625,2.743431380988271,3.096463648634973,2.7285731744391892,1.9544936824302839,1.3452314097445823,1.4435084255971815
-0.97334296054573,0.8316470854183631,1.018756222740846,2.743431380988271,3.096463648634973,2.7034655001587633,1.9544936824302839,1.3452314097445823,1.4435084255971815
-1.0055468588284167,0.785756172362447,1.0053051593435582,2.743431380988271,3.096463648634973,2.7034655001587633,1.9418296891274305,1.3452314097445823,1.4435084255971815
0.8967256428477379,0.7307337390259713,0.9660194012495608,2.743431380988271,3.096463648634973,2.7034655001587633,1.9418296891274305,1.3220969681840478,1.4435084255971815
0.6847166018432624,0.6724645172761307,0.9943862881357368,2.743431380988271,3.096463648634973,2.7034655001587633,1.9418296891274305,1.3220969681840478,1.4445980837701768
-0.6093546108711054,-0.2968667261182862,0.989884858994322,2.7309123833693234,3.096463648634973,2.7034655001587633,1.9418296891274305,1.3220969681840478,1.4445980837701768
-0.7496567266347424,-0.6943897733663195,1.0125340313273774,2.7309123833693234,3.082770192500501,2.7034655001587633,1.9418296891274305,1.3220969681840478,1.4445980837701768
-0.9732821675859367,0.739704991941197,1.010036543533847,2.7309123833693234,3.082770192500501,2.679873630278912,1.9418296891274305,1.3220969681840478,1.4445980837701768
1.002927005664,0.7825535943564856,0.9886102625885909,2.7309123833693234,3.082770192500501,2.679873630278912,1.923385386307247,1.3220969681840478,1.4445980837701768
0.896745079084133,0.7582652939240169,0.9786029850146103,2.7309123833693234,3.082770192500501,2.679873630278912,1.923385386307247,1.2986203579122606,1.4445980837701768
-0.6861184516303507,-0.6743996121594208,0.9972883288233856,2.7309123833693234,3.082770192500501,2.679873630278912,1.923385386307247,1.2986203579122606,1.443144831661899
0.6049657010670093,-0.6495397254040962,0.9811919543998125,2.729289095157594,3.082770192500501,2.679873630278912,1.923385386307247,1.2986203579122606,1.443144831661899
-0.749666733438558,0.703812298254213,1.0089015478820522,2.729289095157594,3.0667050982541566,2.679873630278912,1.923385386307247,1.2986203579122606,1.443144831661899
-0.9732660811308519,0.7725469229158876,1.0012239902632527,2.729289095157594,3.0667050982541566,2.655817416123799,1.923385386307247,1.2986203579122606,1.443144831661899
-1.005601660589553,0.7850718476821552,1.012007603175939,2.729289095157594,3.0667050982541566,2.655817416123799,1.9109201354297016,1.2986203579122606,1.443144831661899
-0.9014200552921485,0.7318323068836335,0.9911211171025409,2.729289095157594,3.0667050982541566,2.655817416123799,1.9109201354297016,1.3037205396179568,1.443144831661899
0.6847769144833267,0.6679808814293007,0.9727450846253376,2.729289095157594,3.0667050982541566,2.655817416123799,1.9109201354297016,1.3037205396179568,1.4443529245608628
-0.6093806222948488,-0.2905038059922729,0.9968633371094978,2.7168434726191126,3.0667050982541566,2.655817416123799,1.9109201354297016,1.3037205396179568,1.4443529245608628
-0.7497259546144328,-0.6979950704094469,1.005354624029548,2.7168434726191126,3.0531432491805828,2.655817416123799,1.9109201354297016,1.3037205396179568,1.4443529245608628
0.9722210691269322,0.7438477253181496,0.9923516279584804,2.7168434726191126,3.0531432491805828,2.65540613491449,1.9109201354297016,1.3037205396179568,1.4443529245608628
-1.0056088433304209,0.7839912963883434,0.9951599328304518,2.7168434726191126,3.0531432491805828,2.65540613491449,1.8985692375105556,1.3037205396179568,1.4443529245608628
0.8967897585535209,0.7604773571403844,0.9676003047747574,2.7168434726191126,3.0531432491805828,2.65540613491449,1.8985692375105556,1.2802229152207598,1.4443529245608628
0.6848022187947177,-0.6761087352369087,0.9757257144892371,2.7168434726191126,3.0531432491805828,2.65540613491449,1.8985692375105556,1.2802229152207598,1.4252041411281648
0.6049832849287557,-0.32572063319814376,0.9882725843902543,2.7201049799799333,3.0531432491805828,2.65540613491449,1.8985692375105556,1.2802229152207598,1.4252041411281648
-0.7497199996841487,0.7120449104028301,1.001774671145328,2.7201049799799333,3.0369607203736555,2.65540613491449,1.8985692375105556,1.2802229152207598,1.4252041411281648
-0.9732924580633263,0.7751893732064188,1.022310528397807,2.7201049799799333,3.0369607203736555,2.631427197447806,1.8985692375105556,1.2802229152207598,1.4252041411281648
1.0029876162072335,0.7860375049692141,0.9782361154486456,2.7201049799799333,3.0369607203736555,2.631427197447806,1.8798392938126407,1.2802229152207598,1.4252041411281648
0.8968041658085527,0.7328995449650622,0.9799769878197438,2.7201049799799333,3.0369607203736555,2.631427197447806,1.8798392938126407,1.257067295693298,1.4252041411281648
0.6848688149551857,0.6752271389005593,0.9786777319825245,2.7201049799799333,3.0369607203736555,2.631427197447806,1.8798392938126407,1.257067295693298,1.4267211291529949
-0.6094221461109195,-0.2973850631515523,1.0040577706506941,2.70750223271073,3.0369607203736555,2.631427197447806,1.8798392938126407,1.257067295693298,1.4267211291529949
-0.7497643425622651,-0.7002367587639455,0.9982795373156946,2.70750223271073,3.023528131862334,2.631427197447806,1.8798392938126407,1.257067295693298,1.4267211291529949
-0.9733092766366357,-0.7962232279252681,1.01329779615426,2.70750223271073,3.023528131862334,2.633125798744541,1.8798392938126407,1.257067295693298,1.4267211291529949
-1.0056622148428154,0.7546802970632667,1.0014076706890616,2.70750223271073,3.023528131862334,2.633125798744541,1.8682529693867644,1.257067295693298,1.4267211291529949
-0.9014886432520287,0.7619918683473013,0.9922765444411374,2.70750223271073,3.023528131862334,2.633125798744541,1.8682529693867644,1.2620926811529667,1.4267211291529949
0.6848802990196363,-0.6779217256871536,0.9817431042904097,2.70750223271073,3.023528131862334,2.633125798744541,1.8682529693867644,1.2620926811529667,1.4075648666244573
-0.6094395577772579,-0.6529082916303948,0.9956409347640257,2.689639806884749,3.023528131862334,2.633125798744541,1.8682529693867644,1.2620926811529667,1.4075648666244573
-0.7497450211053116,0.6762047244872094,0.9947500529736022,2.689639806884749,3.0073126458432227,2.633125798744541,1.8682529693867644,1.2620926811529667,1.4075648666244573
-0.9734590943720445,0.8370220320998574,1.0044100480836806,2.689639806884749,3.0073126458432227,2.608071516952984,1.8682529693867644,1.2620926811529667,1.4075648666244573
1.0030170204661688,0.7904949101118538,0.9843281944608142,2.689639806884749,3.0073126458432227,2.608071516952984,1.8493031916684846,1.2620926811529667,1.4075648666244573
0.8968490673218776,0.7345343869868514,0.9685445319772298,2.689639806884749,3.0073126458432227,2.608071516952984,1.8493031916684846,1.238922981266254,1.4075648666244573
0.6849376555387786,-0.6331788672955827,0.9847780819537735,2.689639806884749,3.0073126458432227,2.608071516952984,1.8493031916684846,1.238922981266254,1.3890820356337363
0.6050345905861638,-0.3054664878984801,0.9872998973555881,2.693315898055847,3.0073126458432227,2.608071516952984,1.8493031916684846,1.238922981266254,1.3890820356337363
-0.7497695198642432,-0.6989227865843904,0.9912892032827681,2.693315898055847,2.9939878561111315,2.608071516952984,1.8493031916684846,1.238922981266254,1.3890820356337363
0.9723097437303146,0.7443824647657391,0.9954540517374388,2.693315898055847,2.9939878561111315,2.60747624534828,1.8493031916684846,1.238922981266254,1.3890820356337363
-1.0057141366280244,0.7871888722267116,1.0073558235430817,2.693315898055847,2.9939878561111315,2.60747624534828,1.8372484428475762,1.238922981266254,1.3890820356337363
0.8968642481904262,0.7374387392853842,0.9807005933263722,2.693315898055847,2.9939878561111315,2.60747624534828,1.8372484428475762,1.2157219146743417,1.3890820356337363
0.6849355345654096,0.6763605852549784,0.9877760067362085,2.693315898055847,2.9939878561111315,2.60747624534828,1.8372484428475762,1.2157219146743417,1.390681566485192
-0.6094698458735788,-0.3134779996882758,1.0032684639976635,2.680431861903985,2.9939878561111315,2.60747624534828,1.8372484428475762,1.2157219146743417,1.390681566485192
0.7455319280220524,0.715277601612339,0.9878045607498562,2.680431861903985,3.0073582868596636,2.60747624534828,1.8372484428475762,1.2157219146743417,1.390681566485192
-0.9734028480257086,0.7783911436386098,1.0253133005885353,2.680431861903985,3.0073582868596636,2.5834912349888697,1.8372484428475762,1.2157219146743417,1.390681566485192
1.0030435524837826,0.7888796595521759,0.9901323895822552,2.680431861903985,3.0073582868596636,2.5834912349888697,1.8181891296004133,1.2157219146743417,1.390681566485192
-0.9015561244420933,0.7638408140218466,0.9927873670920812,2.680431861903985,3.0073582868596636,2.5834912349888697,1.8181891296004133,1.2210351165025726,1.390681566485192
0.6849249548214255,-0.6806452752388208,0.9908997197972056,2.680431861903985,3.0073582868596636,2.5834912349888697,1.8181891296004133,1.2210351165025726,1.3714896118015865
-0.6094841672074194,-0.31317149516265497,0.995032755066021,2.6675284562371924,3.0073582868596636,2.5834912349888697,1.8181891296004133,1.2210351165025726,1.3714896118015865
-0.7498225673381933,-0.7033594481044679,1.0143009078316352,2.6675284562371924,2.9941553339880893,2.5834912349888697,1.8181891296004133,1.2210351165025726,1.3714896118015865
-0.9734260159178982,-0.7994556409510211,1.0161965347245534,2.6675284562371924,2.9941553339880893,2.5854141994088273,1.8181891296004133,1.2210351165025726,1.3714896118015865
-1.0057665506488025,0.7584034917950105,1.013007783977357,2.6675284562371924,2.9941553339880893,2.5854141994088273,1.8068858074417014,1.2210351165025726,1.3714896118015865
0.8969084176617091,0.7364110133205035,0.9688385206761384,2.6675284562371924,2.9941553339880893,2.5854141994088273,1.8068858074417014,1.1978557843447262,1.3714896118015865
0.6849648329006628,0.6792522584943805,0.9939930944218289,2.6675284562371924,2.9941553339880893,2.5854141994088273,1.8068858074417014,1.1978557843447262,1.3733429042728953
0.6050670050379455,-0.6281692054875064,0.9868815309617666,2.6667171790603943,2.9941553339880893,2.5854141994088273,1.8068858074417014,1.1978557843447262,1.3733429042728953
-0.7498393527025962,-0.6855332193410371,1.0108582950219285,2.6667171790603943,2.9807479912978687,2.5854141994088273,1.8068858074417014,1.1978557843447262,1.3733429042728953
-0.9735841137785199,0.8126123029522668,1.0072090497690414,2.6667171790603943,2.9807479912978687,2.5607902644826024,1.8068858074417014,1.1978557843447262,1.3733429042728953
-1.0057725189662263,0.7927243011468873,0.9956293293839169,2.6667171790603943,2.9807479912978687,2.5607902644826024,1.7949865496623003,1.1978557843447262,1.3733429042728953
0.8969233769524069,0.7657762866513503,0.9807794168446483,2.6667171790603943,2.9807479912978687,2.5607902644826024,1.7949865496623003,1.174334883784936,1.3733429042728953
-0.6863087166580346,-0.6891320937469307,0.9972055619550311,2.6667171790603943,2.9807479912978687,2.5607902644826024,1.7949865496623003,1.174334883784936,1.3709837826146574
-0.6095108037428194,-0.643570373303328,1.0030940465564702,2.648989422387297,2.9807479912978687,2.5607902644826024,1.7949865496623003,1.174334883784936,1.3709837826146574
-0.7498880467790296,0.7123983393138504,1.0073826291416719,2.648989422387297,2.964409361761893,2.5607902644826024,1.7949865496623003,1.174334883784936,1.3709837826146574
-0.9734897243961577,0.7776675508533444,0.998145949467857,2.648989422387297,2.964409361761893,2.5367983389534987,1.7949865496623003,1.174334883784936,1.3709837826146574
1.003108523611937,0.7917948601677278,0.9781845126796083,2.648989422387297,2.964409361761893,2.5367983389534987,1.7756707308696609,1.174334883784936,1.3709837826146574
-0.9016239457237764,0.7376158292739508,0.9926526849454076,2.648989422387297,2.964409361761893,2.5367983389534987,1.7756707308696609,1.180288526154098,1.3709837826146574
0.6850267615338135,0.6745681299992419,0.972964184114697,2.648989422387297,2.964409361761893,2.5367983389534987,1.7756707308696609,1.180288526154098,1.3729712855151133
-0.6095192054800362,-0.2938085036311506,0.9950280312687836,2.636357457480558,2.964409361761893,2.5367983389534987,1.7756707308696609,1.180288526154098,1.3729712855151133
-0.7499416562005026,-0.705096922865812,1.0039859352263323,2.636357457480558,2.9511635180782645,2.5367983389534987,1.7756707308696609,1.180288526154098,1.3729712855151133
0.9724547695607937,0.7511907893098506,0.9889997670895866,2.636357457480558,2.9511635180782645,2.5357141930477876,1.7756707308696609,1.180288526154098,1.3729712855151133
-1.0058258876301156,0.7914438034766028,1.000839144096199,2.636357457480558,2.9511635180782645,2.5357141930477876,1.7639868368826013,1.180288526154098,1.3729712855151133
0.8969689529315451,0.7672415369121224,0.9684763431887925,2.636357457480558,2.9511635180782645,2.5357141930477876,1.7639868368826013,1.1567678522434628,1.3729712855151133
0.6850464476190257,-0.6844229970838063,0.9762704602222926,2.636357457480558,2.9511635180782645,2.5357141930477876,1.7639868368826013,1.1567678522434628,1.3537707976646123
0.6051149432582605,-0.6582213743083061,0.9869841790983932,2.635155966746512,2.9511635180782645,2.5357141930477876,1.7639868368826013,1.1567678522434628,1.3537707976646123
-0.7499386163630143,0.7133828125627566,1.000557315776961,2.635155966746512,2.934732334092068,2.5357141930477876,1.7639868368826013,1.1567678522434628,1.3537707976646123
-0.9735120243961595,0.7825447721393199,1.018691215987746,2.635155966746512,2.934732334092068,2.511767026958862,1.7639868368826013,1.1567678522434628,1.3537707976646123
1.0031369055306638,0.7935045540679067,0.9832387521788498,2.635155966746512,2.934732334092068,2.511767026958862,1.7444994855698428,1.1567678522434628,1.3537707976646123
0.8969824742310719,0.7393161996702768,0.9802029161784613,2.635155966746512,2.934732334092068,2.511767026958862,1.7444994855698428,1.1335808467008146,1.3537707976646123
0.6851198296008469,-0.6389328265343843,0.979547474667451,2.635155966746512,2.934732334092068,2.511767026958862,1.7444994855698428,1.1335808467008146,1.3352671672611947
-0.6095508251869093,-0.30758997189880416,1.0033085873443963,2.6223063581687303,2.934732334092068,2.511767026958862,1.7444994855698428,1.1335808467008146,1.3352671672611947
-0.7499757752106039,-0.7071716638012091,0.9972007738734285,2.6223063581687303,2.92160298115571,2.511767026958862,1.7444994855698428,1.1335808467008146,1.3352671672611947
-0.973521616748802,-0.8034707332703984,1.0093985087135906,2.6223063581687303,2.92160298115571,2.5141387499947165,1.7444994855698428,1.1335808467008146,1.3352671672611947
-1.0058777674584343,0.7615749140318768,1.005740449726341,2.6223063581687303,2.92160298115571,2.5141387499947165,1.733589653040535,1.1335808467008146,1.3352671672611947
-0.9016898190240568,0.7417037353671454,0.9918494433746311,2.6223063581687303,2.92160298115571,2.5141387499947165,1.733589653040535,1.139812243843633,1.3352671672611947
0.6851285216408884,0.6816193412605656,0.982786871483003,2.6223063581687303,2.92160298115571,2.5141387499947165,1.733589653040535,1.139812243843633,1.337451687246967
-0.6095705829015631,-0.6319457274684108,0.9953561226551634,2.6047459574727982,2.92160298115571,2.5141387499947165,1.733589653040535,1.139812243843633,1.337451687246967
-0.7499609144346766,0.684259385958944,0.9938132208713067,2.6047459574727982,2.90515158950734,2.5141387499947165,1.733589653040535,1.139812243843633,1.337451687246967
-0.9736714566103839,0.845080754529358,1.000244212581661,2.6047459574727982,2.90515158950734,2.4890771305807293,1.733589653040535,1.139812243843633,1.337451687246967
1.003167827676348,0.7974607472724915,0.9879831159038155,2.6047459574727982,2.90515158950734,2.4890771305807293,1.7138992850171144,1.139812243843633,1.337451687246967
0.8970296835511254,0.768573766676098,0.9674517776650878,2.6047459574727982,2.90515158950734,2.4890771305807293,1.7138992850171144,1.116307361690982,1.337451687246967
0.6851236363898416,-0.6938627788538306,0.9861659178055743,2.6047459574727982,2.90515158950734,2.4890771305807293,1.7138992850171144,1.116307361690982,1.318111978035414
0.6051700670179238,-0.3096258353837056,0.9874755036925804,2.6086203351984647,2.90515158950734,2.4890771305807293,1.7138992850171144,1.116307361690982,1.318111978035414
-0.7499797481742211,-0.705987536427604,0.9904844372388895,2.6086203351984647,2.8921183821860814,2.4890771305807293,1.7138992850171144,1.116307361690982,1.318111978035414
0.9725252681790704,0.7516163065120972,0.9910177631116771,2.6086203351984647,2.8921183821860814,2.4878457498272484,1.7138992850171144,1.116307361690982,1.318111978035414
-1.0059281850783446,0.7952257702969232,1.0103396738293302,2.6086203351984647,2.8921183821860814,2.4878457498272484,1.7025052153132527,1.116307361690982,1.318111978035414
0.8970456767694401,0.7417377210200169,0.9789580447135736,2.6086203351984647,2.8921183821860814,2.4878457498272484,1.7025052153132527,1.0931193197037292,1.318111978035414
0.6851783137858539,0.6848394653937224,0.9895152655372279,2.6086203351984647,2.8921183821860814,2.4878457498272484,1.7025052153132527,1.0931193197037292,1.3205722003659928
-0.6096020599022097,-0.6332674508748436,1.0039116639254413,2.5910403223271747,2.8921183821860814,2.4878457498272484,1.7025052153132527,1.0931193197037292,1.3205722003659928
0.7457327279915913,0.7168692623552695,0.9871334837706105,2.5910403223271747,2.9052182778256266,2.4878457498272484,1.7025052153132527,1.0931193197037292,1.3205722003659928
-0.973609212144273,0.7857275498022337,1.0206112267624083,2.5910403223271747,2.9052182778256266,2.463885024590376,1.7025052153132527,1.0931193197037292,1.3205722003659928
1.0031957739811437,0.7962833121097872,0.9924372907468147,2.5910403223271747,2.9052182778256266,2.463885024590376,1.682702785658223,1.0931193197037292,1.3205722003659928
-0.9017585517443589,0.7705389846918648,0.9903836298557138,2.5910403223271747,2.9052182778256266,2.463885024590376,1.682702785658223,1.0993643522492424,1.3205722003659928
0.6851615819830622,-0.6953903318942902,0.9929957609934754,2.5910403223271747,2.9052182778256266,2.463885024590376,1.682702785658223,1.0993643522492424,1.301238614747625
-0.6096079640107754,-0.3101000378729867,0.9961235891631971,2.5781211418587158,2.9052182778256266,2.463885024590376,1.682702785658223,1.0993643522492424,1.301238614747625
-0.7500334146335427,-0.7100767435504052,1.013759836877538,2.5781211418587158,2.8922939522411526,2.463885024590376,1.682702785658223,1.0993643522492424,1.301238614747625
-0.9736229695900298,0.7558723356841215,1.0112169637144868,2.5781211418587158,2.8922939522411526,2.4404862948960107,1.682702785658223,1.0993643522492424,1.301238614747625
-1.0059792296656933,0.7975756638644624,1.0146400339102382,2.5781211418587158,2.8922939522411526,2.4404862948960107,1.6714517641159754,1.0993643522492424,1.301238614747625
0.8970917960902249,0.7432780550640719,0.9657642539967827,2.5781211418587158,2.8922939522411526,2.4404862948960107,1.6714517641159754,1.0761810605892914,1.301238614747625
0.6852048527931526,-0.635916924045196,0.9964460809451458,2.5781211418587158,2.8922939522411526,2.4404862948960107,1.6714517641159754,1.0761810605892914,1.2828339241291962
0.6052095975672723,-0.3305431263163625,0.9883566499498985,2.5818063564606457,2.8922939522411526,2.4404862948960107,1.6714517641159754,1.0761810605892914,1.2828339241291962
-0.750055339666783,0.7256095058794111,1.0104422435388232,2.5818063564606457,2.8755921403510105,2.4404862948960107,1.6714517641159754,1.0761810605892914,1.2828339241291962
-0.9736146033176235,0.787212883224689,1.0017407047400884,2.5818063564606457,2.8755921403510105,2.4166301397133303,1.6714517641159754,1.0761810605892914,1.2828339241291962
-1.0059896304173208,0.798180485191717,0.9965831833036427,2.5818063564606457,2.8755921403510105,2.4166301397133303,1.6602846959122655,1.0761810605892914,1.2828339241291962
0.8971140496395157,0.7460719334215559,0.9770393590463291,2.5818063564606457,2.8755921403510105,2.4166301397133303,1.6602846959122655,1.0529784300920872,1.2828339241291962
-0.6864667810933297,0.6845883898693246,0.9998561021183076,2.5818063564606457,2.8755921403510105,2.4166301397133303,1.6602846959122655,1.0529784300920872,1.302048746231407
-0.6096493443729184,-0.3026469253069624,1.004966403767901,2.568950943385498,2.8755921403510105,2.4166301397133303,1.6602846959122655,1.0529784300920872,1.302048746231407
-0.7501091211972222,-0.7117003866364662,1.0071894662941385,2.568950943385498,2.8627741368580564,2.4166301397133303,1.6602846959122655,1.0529784300920872,1.302048746231407
0.972683671187252,-0.80785218741524,0.9921965744250172,2.568950943385498,2.8627741368580564,2.4407534659703485,1.6602846959122655,1.0529784300920872,1.302048746231407
1.0032646112555426,0.7670940204685588,0.9784488803757717,2.568950943385498,2.8627741368580564,2.4407534659703485,1.640850753569683,1.0529784300920872,1.302048746231407
-0.9018304484369142,0.7721289904361003,0.988241597913066,2.568950943385498,2.8627741368580564,2.4407534659703485,1.640850753569683,1.0595646153583966,1.302048746231407
0.6852054367865485,-0.6914004794509159,0.9759858401228009,2.568950943385498,2.8627741368580564,2.4407534659703485,1.640850753569683,1.0595646153583966,1.2827955089167098
-0.6096696671027259,-0.6643359680013026,0.9973581645613037,2.5509298246546654,2.8627741368580564,2.4407534659703485,1.640850753569683,1.0595646153583966,1.2827955089167098
-0.7501184455271801,0.6890262862195761,1.0039053423211481,2.5509298246546654,2.846090545255981,2.4407534659703485,1.640850753569683,1.0595646153583966,1.2827955089167098
-0.9738074184660495,0.8507767785571123,1.0217202894081405,2.5509298246546654,2.846090545255981,2.415741702638069,1.640850753569683,1.0595646153583966,1.2827955089167098
-1.0060383344332622,0.8029080818576709,1.0004186748597896,2.5509298246546654,2.846090545255981,2.415741702638069,1.6297704677968066,1.0595646153583966,1.2827955089167098
0.8971593584160339,0.7453387593793067,0.9633945867907813,2.5509298246546654,2.846090545255981,2.415741702638069,1.6297704677968066,1.0363976098438612,1.2827955089167098
0.6852855776401343,0.6810157117901923,0.979517983577192,2.5509298246546654,2.846090545255981,2.415741702638069,1.6297704677968066,1.0363976098438612,1.2855396949066449
-0.6096627475970617,-0.2973783013642291,0.9898218663209195,2.538136792502904,2.846090545255981,2.415741702638069,1.6297704677968066,1.0363976098438612,1.2855396949066449
-0.7501536515303467,-0.7105907105687058,1.000670746809783,2.538136792502904,2.833356335426327,2.415741702638069,1.6297704677968066,1.0363976098438612,1.2855396949066449
-0.9737353146129538,0.7566102665806964,1.0122436325155653,2.538136792502904,2.833356335426327,2.392368716105498,1.6297704677968066,1.0363976098438612,1.2855396949066449
1.0032952063789922,0.7996004446906485,0.9821354449012165,2.538136792502904,2.833356335426327,2.392368716105498,1.609579093495558,1.0363976098438612,1.2855396949066449
0.8971867339236532,0.7737357252134756,0.9744440119645041,2.538136792502904,2.833356335426327,2.392368716105498,1.609579093495558,1.0129379501344382,1.2855396949066449
0.6852860377781818,-0.693339121919031,0.9831909648823909,2.538136792502904,2.833356335426327,2.392368716105498,1.609579093495558,1.0129379501344382,1.266291731379371
0.6052701653876617,-0.3328017917802151,0.9822981748651735,2.5419567240608423,2.833356335426327,2.392368716105498,1.609579093495558,1.0129379501344382,1.266291731379371
-0.7501563194928753,0.7288461583193634,0.9974158723980181,2.5419567240608423,2.816502183978432,2.392368716105498,1.609579093495558,1.0129379501344382,1.266291731379371
-0.973724334355064,0.7907758222622229,1.0026650776976713,2.5419567240608423,2.816502183978432,2.368489129679746,1.609579093495558,1.0129379501344382,1.266291731379371
-1.0060899819019018,0.8021523332107766,1.0039591662584066,2.5419567240608423,2.816502183978432,2.368489129679746,1.5987088202539133,1.0129379501344382,1.266291731379371
0.8971894744775467,0.7466952093472933,0.9854225953545346,2.5419567240608423,2.816502183978432,2.368489129679746,1.5987088202539133,0.9897874392795102,1.266291731379371
0.6853529201596094,0.6891927414487036,0.9868347422960697,2.5419567240608423,2.816502183978432,2.368489129679746,1.5987088202539133,0.9897874392795102,1.2694113716714164
-0.6097038672038197,-0.3040325110223587,0.9991533541507712,2.5290265283766713,2.816502183978432,2.368489129679746,1.5987088202539133,0.9897874392795102,1.2694113716714164
-0.7501820642263273,-0.7149570993257139,0.9942222953856544,2.5290265283766713,2.8038792299638047,2.368489129679746,1.5987088202539133,0.9897874392795102,1.2694113716714164
0.9727699755751573,0.7607994798136768,0.9930185433508066,2.5290265283766713,2.8038792299638047,2.36613307881212,1.5987088202539133,0.9897874392795102,1.2694113716714164
1.0033252195065285,0.8008609837744156,0.9855182594147782,2.5290265283766713,2.8038792299638047,2.36613307881212,1.5783617070555365,0.9897874392795102,1.2694113716714164
-0.9019355419167016,0.77576031102579,0.9963186080355138,2.5290265283766713,2.8038792299638047,2.36613307881212,1.5783617070555365,0.9968385273162539,1.2694113716714164
0.6853365668791527,-0.6951952678326012,0.9906260973086541,2.5290265283766713,2.8038792299638047,2.36613307881212,1.5783617070555365,0.9968385273162539,1.2501741839881093
-0.6097129613186749,-0.667076521456419,0.9917862070596928,2.5109759418576103,2.8038792299638047,2.36613307881212,1.5783617070555365,0.9968385273162539,1.2501741839881093
-0.7501684013442689,0.7235346770988261,0.9909988012433737,2.5109759418576103,2.786969124429293,2.36613307881212,1.5783617070555365,0.9968385273162539,1.2501741839881093
-0.9737533570894453,0.792892952038337,1.0222155241626076,2.5109759418576103,2.786969124429293,2.3423508775338218,1.5783617070555365,0.9968385273162539,1.2501741839881093
-1.006140228658971,0.8037655813680892,1.0071866009685215,2.5109759418576103,2.786969124429293,2.3423508775338218,1.5676547160970005,0.9968385273162539,1.2501741839881093
0.8972364660625077,0.7482026806280807,0.9711620837926561,2.5109759418576103,2.786969124429293,2.3423508775338218,1.5676547160970005,0.973706822703093,1.2501741839881093
0.685391623102054,-0.6494170450082318,0.9943865548992448,2.5109759418576103,2.786969124429293,2.3423508775338218,1.5676547160970005,0.973706822703093,1.2316610327265556
0.605309592177382,-0.31174131265351435,0.9844902866548719,2.515184482308566,2.786969124429293,2.3423508775338218,1.5676547160970005,0.973706822703093,1.2316610327265556
0.7459275864844157,-0.7163909664165649,0.9878313345433868,2.515184482308566,2.8039823255177203,2.3423508775338218,1.5676547160970005,0.973706822703093,1.2316610327265556
-0.9737698043314694,-0.8126400393506455,1.012413094365377,2.515184482308566,2.8039823255177203,2.3459868990104518,1.5676547160970005,0.973706822703093,1.2316610327265556
1.0033555011319424,0.7714588945671927,0.9885887218856294,2.515184482308566,2.8039823255177203,2.3459868990104518,1.547747800630035,0.973706822703093,1.2316610327265556
0.8972489207260212,0.749445343318365,0.9819048089121958,2.515184482308566,2.8039823255177203,2.3459868990104518,1.547747800630035,0.9505803478055567,1.2316610327265556
-0.6865768896303501,0.690302495311904,0.9981097243146995,2.515184482308566,2.8039823255177203,2.3459868990104518,1.547747800630035,0.9505803478055567,1.250876726288608
-0.6097442146563399,-0.31996730293896786,1.0015028029598614,2.5019996226097554,2.8039823255177203,2.3459868990104518,1.547747800630035,0.9505803478055567,1.250876726288608
-0.7502209601119088,0.7006113452900723,1.0145568113860044,2.5019996226097554,2.7870692858527226,2.3459868990104518,1.547747800630035,0.9505803478055567,1.250876726288608
-0.9739364408909513,0.8557822213713822,1.0027693212387416,2.5019996226097554,2.7870692858527226,2.3210299788206807,1.547747800630035,0.9505803478055567,1.250876726288608
-1.0061880064342854,0.8075128118194429,1.0100992424124198,2.5019996226097554,2.7870692858527226,2.3210299788206807,1.5371491754687816,0.9505803478055567,1.250876726288608
-0.9019956626536652,0.7785731775916833,0.9925727889525845,2.5019996226097554,2.7870692858527226,2.3210299788206807,1.5371491754687816,0.95798907167533,1.250876726288608
0.6853870708826256,-0.6981839508914014,0.974560355803765,2.5019996226097554,2.7870692858527226,2.3210299788206807,1.5371491754687816,0.95798907167533,1.2316144051443063
-0.6097565491437668,-0.3202702565415968,0.9942912161182581,2.488792405311792,2.7870692858527226,2.3210299788206807,1.5371491754687816,0.95798907167533,1.2316144051443063
-0.7502746062548881,-0.7155932089951668,1.011403176952704,2.488792405311792,2.7746179927756716,2.3210299788206807,1.5371491754687816,0.95798907167533,1.2316144051443063
0.9728482023455332,0.761709906922497,0.9930481597370555,2.488792405311792,2.7746179927756716,2.3185790750405357,1.5371491754687816,0.95798907167533,1.2316144051443063
1.0033871266758523,0.8049035007552648,0.9913517111224741,2.488792405311792,2.7746179927756716,2.3185790750405357,1.5164747144883102,0.95798907167533,1.2316144051443063
0.8972949690056261,0.7493452978072073,0.9671850419381602,2.488792405311792,2.7746179927756716,2.3185790750405357,1.5164747144883102,0.9349050870191686,1.2316144051443063
0.6854767827623638,0.692969317237352,0.978419329561554,2.488792405311792,2.7746179927756716,2.3185790750405357,1.5164747144883102,0.9349050870191686,1.235185419753645
0.6053396990228608,-0.6412760466891355,0.9871550256403201,2.4886049108215,2.7746179927756716,2.3185790750405357,1.5164747144883102,0.9349050870191686,1.235185419753645
-0.7503026575701056,0.7279192620503641,1.0082294987137483,2.4886049108215,2.757566721302874,2.3185790750405357,1.5164747144883102,0.9349050870191686,1.235185419753645
-0.973865878112661,0.7959372176460044,1.022154321101718,2.4886049108215,2.757566721302874,2.294769659101357,1.5164747144883102,0.9349050870191686,1.235185419753645
-1.0062387280730742,0.8065255723729521,1.0127157467253962,2.4886049108215,2.757566721302874,2.294769659101357,1.506092950307674,0.9349050870191686,1.235185419753645
0.8973159009552671,0.7795289367271064,0.9776976079677713,2.4886049108215,2.757566721302874,2.294769659101357,1.506092950307674,0.9115368366105214,1.235185419753645
0.6854738638771102,-0.7066686719894762,0.9824372988804758,2.4886049108215,2.757566721302874,2.294769659101357,1.506092950307674,0.9115368366105214,1.2158296718617292
-0.609785522431067,-0.314213175425559,1.0043879504216477,2.4754715086387766,2.757566721302874,2.294769659101357,1.506092950307674,0.9115368366105214,1.2158296718617292
-0.7503456949891437,-0.7196235878124203,1.0051063267326,2.4754715086387766,2.7452129421164257,2.294769659101357,1.506092950307674,0.9115368366105214,1.2158296718617292
-0.9738824520331845,0.7656363657820798,1.0122570412754686,2.4754715086387766,2.7452129421164257,2.271547365510481,1.506092950307674,0.9115368366105214,1.2158296718617292
-1.006244066960705,0.8070301493750535,0.9938097746397059,2.4754715086387766,2.7452129421164257,2.271547365510481,1.495801149450128,0.9115368366105214,1.2158296718617292
0.897312875272141,0.7512924111698958,0.9881383811817095,2.4754715086387766,2.7452129421164257,2.271547365510481,1.495801149450128,0.8884793738171153,1.2158296718617292
0.6855493056125779,-0.6463270693018465,0.9864255026918257,2.4754715086387766,2.7452129421164257,2.271547365510481,1.495801149450128,0.8884793738171153,1.1974483464314511
-0.609807705485205,-0.670326795238486,0.9973315839076158,2.457389388523888,2.7452129421164257,2.271547365510481,1.495801149450128,0.8884793738171153,1.1974483464314511
-0.7503593945539264,0.7290717907890432,1.0019571177160427,2.457389388523888,2.728098310072667,2.271547365510481,1.495801149450128,0.8884793738171153,1.1974483464314511
-0.9738761242195889,0.7975276488451057,1.002273773380667,2.457389388523888,2.728098310072667,2.2478473490296986,1.495801149450128,0.8884793738171153,1.1974483464314511
1.0034539605325274,0.8076431226506855,0.9748248433394211,2.457389388523888,2.728098310072667,2.2478473490296986,1.4748817207071376,0.8884793738171153,1.1974483464314511
-0.9020856861523378,0.7535086573862979,0.9984946898490406,2.457389388523888,2.728098310072667,2.2478473490296986,1.4748817207071376,0.8966813880493718,1.1974483464314511
0.6855462853621643,0.6866475556887588,0.9903737300011053,2.457389388523888,2.728098310072667,2.2478473490296986,1.4748817207071376,0.8966813880493718,1.2010622784611358
-0.6098027928585186,-0.3005042253628283,0.9903432880136551,2.4444383139234,2.728098310072667,2.2478473490296986,1.4748817207071376,0.8966813880493718,1.2010622784611358
-0.7503885294379389,-0.7207219145486494,0.9988557102285177,2.4444383139234,2.715829223365469,2.2478473490296986,1.4748817207071376,0.8966813880493718,1.2010622784611358
0.9730071606815033,-0.8175857069491653,0.9922187972628985,2.4444383139234,2.715829223365469,2.2718108719053585,1.4748817207071376,0.8966813880493718,1.2010622784611358
-1.0062935823119412,0.7763722514773772,0.9959536071325351,2.4444383139234,2.715829223365469,2.2718108719053585,1.4653823332787248,0.8966813880493718,1.2010622784611358
0.8973624669252163,0.7802898703973733,0.9727886805651346,2.4444383139234,2.715829223365469,2.2718108719053585,1.4653823332787248,0.8733876463317642,1.2010622784611358
0.6855163686174789,-0.7021857219427173,0.9944931012700859,2.4444383139234,2.715829223365469,2.2718108719053585,1.4653823332787248,0.8733876463317642,1.1818088055439722
0.605405011292933,-0.3365194044841579,0.9833610565687059,2.4485471342123937,2.715829223365469,2.2718108719053585,1.4653823332787248,0.8733876463317642,1.1818088055439722
-0.7503911334435596,0.706465421523003,0.9957291361242118,2.4485471342123937,2.698731224018323,2.2718108719053585,1.4653823332787248,0.8733876463317642,1.1818088055439722
-0.9740808288063976,0.8621013694772617,1.0212633489491265,2.4485471342123937,2.698731224018323,2.2468875662892582,1.4653823332787248,0.8733876463317642,1.1818088055439722
1.0034872876418184,0.8123554701558268,0.9768059710137685,2.4485471342123937,2.698731224018323,2.2468875662892582,1.444254444638634,0.8733876463317642,1.1818088055439722
0.8973697844392611,0.7528923896160359,0.9829979061473985,2.4485471342123937,2.698731224018323,2.2468875662892582,1.444254444638634,0.8503913292275594,1.1818088055439722
-0.6866916524610713,0.6967284098819926,0.9985841632905783,2.4485471342123937,2.698731224018323,2.2468875662892582,1.444254444638634,0.8503913292275594,1.201010123897121
-0.6098434510665086,-0.3074958997326206,1.0007580637346372,2.4354628717482214,2.698731224018323,2.2468875662892582,1.444254444638634,0.8503913292275594,1.201010123897121
-0.7504041320702954,-0.7204743377599752,0.9926405157831272,2.4354628717482214,2.6865316940825874,2.2468875662892582,1.444254444638634,0.8503913292275594,1.201010123897121
-0.9739978055443848,0.7661570870500797,1.011291149781101,2.4354628717482214,2.6865316940825874,2.22367921077951,1.444254444638634,0.8503913292275594,1.201010123897121
-1.00634179182918,0.8096304066548948,0.9977842257087834,2.4354628717482214,2.6865316940825874,2.22367921077951,1.434304000556783,0.8503913292275594,1.201010123897121
-0.9021414336009758,0.7835681218085018,0.9931223331452874,2.4354628717482214,2.6865316940825874,2.22367921077951,1.434304000556783,0.858714333443799,1.201010123897121
0.6855813210079474,-0.7043870245216008,0.9754018931721326,2.4354628717482214,2.6865316940825874,2.22367921077951,1.434304000556783,0.858714333443799,1.1817766075255631
-0.6098564317206424,-0.6745779402732079,0.993921839397117,2.417336402336296,2.6865316940825874,2.22367921077951,1.434304000556783,0.858714333443799,1.1817766075255631
0.7461616762183373,0.7323164241783178,0.9895342495458654,2.417336402336296,2.6988179017435625,2.22367921077951,1.434304000556783,0.858714333443799,1.1817766075255631
-0.9739849763757162,0.8006140189756648,1.0012127487351283,2.417336402336296,2.6988179017435625,2.199947871206035,1.434304000556783,0.858714333443799,1.1817766075255631
1.0035174547573036,0.8118339483605258,0.9784857399173201,2.417336402336296,2.6988179017435625,2.199947871206035,1.413059006790761,0.858714333443799,1.1817766075255631
0.8974180952385549,0.7540768227827296,0.9671852899027866,2.417336402336296,2.6988179017435625,2.199947871206035,1.413059006790761,0.8357655551820529,1.1817766075255631
0.6856763847027958,-0.6578765259499372,0.9796344820158879,2.417336402336296,2.6988179017435625,2.199947871206035,1.413059006790761,0.8357655551820529,1.1632974218944583
0.6054465742366992,-0.31543561519059166,0.9871539544025526,2.4218124120715525,2.6988179017435625,2.199947871206035,1.413059006790761,0.8357655551820529,1.1632974218944583
-0.7504600445232572,-0.7237127467975771,1.0163998161990968,2.4218124120715525,2.686697320018052,2.199947871206035,1.413059006790761,0.8357655551820529,1.1632974218944583
0.9730858544790101,0.7708431532689067,0.9910627062356707,2.4218124120715525,2.686697320018052,2.1964702547921235,1.413059006790761,0.8357655551820529,1.1632974218944583
-1.0063907147554818,0.8110855781760694,0.9993040232822237,2.4218124120715525,2.686697320018052,2.1964702547921235,1.4032857599902995,0.8357655551820529,1.1632974218944583
0.8974401519454779,0.7571422066021951,0.9771524892246417,2.4218124120715525,2.686697320018052,2.1964702547921235,1.4032857599902995,0.8128182538210413,1.1632974218944583
0.6856860054608482,0.6975579980703263,0.9838302951567316,2.4218124120715525,2.686697320018052,2.1964702547921235,1.4032857599902995,0.8128182538210413,1.167521801232446
-0.6098880570131869,-0.6471920227764303,1.0046932728097944,2.404062011745845,2.686697320018052,2.1964702547921235,1.4032857599902995,0.8128182538210413,1.167521801232446
-0.7505006464143329,0.7348143942122841,1.0133103177577858,2.404062011745845,2.669407015491857,2.1964702547921235,1.4032857599902995,0.8128182538210413,1.167521801232446
-0.9740151200455153,0.8027633760168267,1.0197642893324965,2.404062011745845,2.669407015491857,2.1728414273629224,1.4032857599902995,0.8128182538210413,1.167521801232446
1.0035490001352034,0.8126631607844012,0.9798444251823263,2.404062011745845,2.669407015491857,2.1728414273629224,1.3818995246157852,0.8128182538210413,1.167521801232446
0.8974407302289324,0.7843382782331104,0.9870434192016867,2.404062011745845,2.669407015491857,2.1728414273629224,1.3818995246157852,0.7896517280357762,1.167521801232446
0.6856652174899129,-0.7140846058085476,0.9882103228122033,2.404062011745845,2.669407015491857,2.1728414273629224,1.3818995246157852,0.7896517280357762,1.1481581921334625
-0.6098987383165131,-0.3170236209957792,0.997991293621464,2.390831273170829,2.669407015491857,2.1728414273629224,1.3818995246157852,0.7896517280357762,1.1481581921334625
-0.7505494620200914,-0.7257857584127495,1.0102614848016156,2.390831273170829,2.657364017177541,2.1728414273629224,1.3818995246157852,0.7896517280357762,1.1481581921334625
-0.9740262794413955,-0.8223973997917657,1.0094512994762954,2.390831273170829,2.657364017177541,2.177595065085087,1.3818995246157852,0.7896517280357762,1.1481581921334625
-1.0064393800990306,0.7812269168253677,1.0005029313309388,2.390831273170829,2.657364017177541,2.177595065085087,1.3729031880403995,0.7896517280357762,1.1481581921334625
-0.9022328380554838,0.7556854286581107,0.9968608739469924,2.390831273170829,2.657364017177541,2.177595065085087,1.3729031880403995,0.7988194768029889,1.1481581921334625
0.6857348307367984,-0.6522994475727483,0.992561477884675,2.390831273170829,2.657364017177541,2.177595065085087,1.3729031880403995,0.7988194768029889,1.1298117943812007
-0.6099079677972894,-0.3379856452277476,0.9912972397834817,2.377298445026891,2.657364017177541,2.177595065085087,1.3729031880403995,0.7988194768029889,1.1298117943812007
-0.7505790419169895,0.7106601517024809,1.0071895306656844,2.377298445026891,2.6401087210023335,2.177595065085087,1.3729031880403995,0.7988194768029889,1.1298117943812007
-0.9741976528315501,0.8669052065702817,0.9993173843866676,2.377298445026891,2.6401087210023335,2.1527223315341795,1.3729031880403995,0.7988194768029889,1.1298117943812007
1.0035830976419244,0.817129464461686,0.9808794046415763,2.377298445026891,2.6401087210023335,2.1527223315341795,1.3513167615060298,0.7988194768029889,1.1298117943812007
0.897490058412068,0.7586887355734879,0.970600542049603,2.377298445026891,2.6401087210023335,2.1527223315341795,1.3513167615060298,0.7759608294240726,1.1298117943812007
0.6857198921299896,0.699171490319658,0.9968732697779443,2.377298445026891,2.6401087210023335,2.1527223315341795,1.3513167615060298,0.7759608294240726,1.1342342646594126
0.6055069698621264,-0.3102912711773868,0.984673215793606,2.3819790123002127,2.6401087210023335,2.1527223315341795,1.3513167615060298,0.7759608294240726,1.1342342646594126
-0.7506118123219877,-0.7245840832028415,1.0041479852874038,2.3819790123002127,2.628119858445235,2.1527223315341795,1.3513167615060298,0.7759608294240726,1.1342342646594126
0.9731488369363643,0.7713633607283917,0.989101780859322,2.3819790123002127,2.628119858445235,2.149207142017335,1.3513167615060298,0.7759608294240726,1.1342342646594126
-1.006486812546825,0.8143648838075672,1.0013858264710496,2.3819790123002127,2.628119858445235,2.149207142017335,1.3418811996788358,0.7759608294240726,1.1342342646594126
0.8975041798207264,0.7863127459068245,0.9802573087880385,2.3819790123002127,2.628119858445235,2.149207142017335,1.3418811996788358,0.7528934274997165,1.1342342646594126
-0.6868646874291415,-0.7094680141390237,1.001373470255264,2.3819790123002127,2.628119858445235,2.149207142017335,1.3418811996788358,0.7528934274997165,1.1292411578121824
-0.6099469069879537,-0.679111029564177,1.0024266870639944,2.3638090709851984,2.628119858445235,2.149207142017335,1.3418811996788358,0.7528934274997165,1.1292411578121824
-0.7506334355902795,0.7375339314932529,1.0010910374958994,2.3638090709851984,2.6107300893072445,2.149207142017335,1.3418811996788358,0.7528934274997165,1.1292411578121824
-0.9741183844813543,0.806271247643161,1.0177204940956621,2.3638090709851984,2.6107300893072445,2.125526367081811,1.3418811996788358,0.7528934274997165,1.1292411578121824
1.003614037375037,0.8165748166283445,0.9816098979334573,2.3638090709851984,2.6107300893072445,2.125526367081811,1.3201814695564833,0.7528934274997165,1.1292411578121824
-0.9022917943677033,0.7575987857038678,0.9898404990197344,2.3638090709851984,2.6107300893072445,2.125526367081811,1.3201814695564833,0.7624870066374687,1.1292411578121824
0.6857862148812633,0.6961317073018338,0.9783941381584721,2.3638090709851984,2.6107300893072445,2.125526367081811,1.3201814695564833,0.7624870066374687,1.1338903070899162
-0.6099535667002431,-0.30343820456955245,0.995937759821349,2.3507263184266587,2.6107300893072445,2.125526367081811,1.3201814695564833,0.7624870066374687,1.1338903070899162
-0.7506560936855848,-0.7287230911124974,0.9980719785802658,2.3507263184266587,2.598823026258629,2.125526367081811,1.3201814695564833,0.7624870066374687,1.1338903070899162
-0.974125711600064,0.7753115413855711,1.007321349763656,2.3507263184266587,2.598823026258629,2.102458604061484,1.3201814695564833,0.7624870066374687,1.1338903070899162
-1.0065349784672248,0.8167053818327804,1.0019547314188118,2.3507263184266587,2.598823026258629,2.102458604061484,1.3109118215813333,0.7624870066374687,1.1338903070899162
0.8975539955500844,0.787674678327121,0.9633428025547933,2.3507263184266587,2.598823026258629,2.102458604061484,1.3109118215813333,0.7394956998847891,1.1338903070899162
0.6857757903779556,-0.7113185524502125,0.9830484134398736,2.3507263184266587,2.598823026258629,2.102458604061484,1.3109118215813333,0.7394956998847891,1.114678263752185
-0.6099587639283287,-0.6805185074269431,0.9894475671676444,2.332539900340723,2.598823026258629,2.102458604061484,1.3109118215813333,0.7394956998847891,1.114678263752185
-0.7506638414959359,0.7395145145777245,0.9950316784173997,2.332539900340723,2.5813825475589907,2.102458604061484,1.3109118215813333,0.7394956998847891,1.114678263752185
0.9732551603558083,0.8076801636150115,0.9968328380238299,2.332539900340723,2.5813825475589907,2.0977383370397615,1.3109118215813333,0.7394956998847891,1.114678263752185
1.003646263336213,0.8178912229345144,0.9820160826242645,2.332539900340723,2.5813825475589907,2.0977383370397615,1.2890645076841265,0.7394956998847891,1.114678263752185
0.8975813623547371,0.7590070485800261,0.972767972454536,2.332539900340723,2.5813825475589907,2.0977383370397615,1.2890645076841265,0.716796798975856,1.114678263752185
0.6858604021315419,-0.6644824877702097,0.9876749236511089,2.332539900340723,2.5813825475589907,2.0977383370397615,1.2890645076841265,0.716796798975856,1.0962404357300701
0.6055683270553948,-0.3179393861291874,0.9830250793439104,2.33715281691277,2.5813825475589907,2.0977383370397615,1.2890645076841265,0.716796798975856,1.0962404357300701
-0.7506731826192061,-0.7305782743049084,0.992027081576199,2.33715281691277,2.5695457384687392,2.0977383370397615,1.2890645076841265,0.716796798975856,1.0962404357300701
-0.9741564587740963,-0.8275628063764247,1.0252155728401886,2.33715281691277,2.5695457384687392,2.1029954495338505,1.2890645076841265,0.716796798975856,1.0962404357300701
-1.0065829931193186,0.7859151960678141,1.002199191567142,2.33715281691277,2.5695457384687392,2.1029954495338505,1.2805913013755266,0.716796798975856,1.0962404357300701
0.8975936288890658,0.7614015105812063,0.9821066462785446,2.33715281691277,2.5695457384687392,2.1029954495338505,1.2805913013755266,0.6941208762678384,1.0962404357300701
0.6858542684071895,0.7037561895854233,0.9922657089965061,2.33715281691277,2.5695457384687392,2.1029954495338505,1.2805913013755266,0.6941208762678384,1.1012057850186194
-0.6099903049019733,-0.32664832753915013,1.0009091304878008,2.323735830875903,2.5695457384687392,2.1029954495338505,1.2805913013755266,0.6941208762678384,1.1012057850186194
0.7464149916701708,0.7167190323474091,0.9890021598346773,2.323735830875903,2.5815775075416485,2.1029954495338505,1.2805913013755266,0.6941208762678384,1.1012057850186194
-0.9743614984146,0.8725876555898067,1.0148355171763284,2.323735830875903,2.5815775075416485,2.078155807341585,1.2805913013755266,0.6941208762678384,1.1012057850186194
1.003681097783579,0.8219422220385508,0.9820942948239257,2.323735830875903,2.5815775075416485,2.078155807341585,1.2585547303263775,0.6941208762678384,1.1012057850186194
-0.9023948172548497,0.7894314812673028,0.9913685294459178,2.323735830875903,2.5815775075416485,2.078155807341585,1.2585547303263775,0.704062744057083,1.1012057850186194
0.6858118861427678,-0.7140391159620775,0.9970553101875308,2.323735830875903,2.5815775075416485,2.078155807341585,1.2585547303263775,0.704062744057083,1.0819925998634985
-0.61000258693649,-0.32646879517367894,0.9945501434574492,2.3103076953274897,2.5815775075416485,2.078155807341585,1.2585547303263775,0.704062744057083,1.0819925998634985
-0.7507248006219345,-0.7298039627601507,1.0159411160811558,2.3103076953274897,2.569780121645252,2.078155807341585,1.2585547303263775,0.704062744057083,1.0819925998634985
-0.974255759624398,0.7762691712732165,1.0043722747334203,2.3103076953274897,2.569780121645252,2.055075187571708,1.2585547303263775,0.704062744057083,1.0819925998634985
-1.0066297375248923,0.8205989200620425,1.002123238991002,2.3103076953274897,2.569780121645252,2.055075187571708,1.2496244928030817,0.704062744057083,1.0819925998634985
0.8976423401768872,0.7613799333609259,0.9645587139218584,2.3103076953274897,2.569780121645252,2.055075187571708,1.2496244928030817,0.6814830862709923,1.0819925998634985
-0.6868781351549558,0.7068836507406022,1.0018159604953305,2.3103076953274897,2.569780121645252,2.055075187571708,1.2496244928030817,0.6814830862709923,1.1011226506956833
0.6055987917404371,-0.6535949817146649,0.988257568682809,2.310593545025275,2.569780121645252,2.055075187571708,1.2496244928030817,0.6814830862709923,1.1011226506956833
-0.7507736390286248,0.7439226846170961,1.0129249228816284,2.310593545025275,2.5522478486475944,2.055075187571708,1.2496244928030817,0.6814830862709923,1.1011226506956833
0.973343940221731,0.8107218436280377,0.9937993314470203,2.310593545025275,2.5522478486475944,2.050290189321733,1.2496244928030817,0.6814830862709923,1.1011226506956833
1.0037125812336694,0.8206840382139985,0.9818640989518994,2.310593545025275,2.5522478486475944,2.050290189321733,1.2274901171527393,0.6814830862709923,1.1011226506956833
0.8976715665721274,0.7907385599431639,0.973662127622596,2.310593545025275,2.5522478486475944,2.050290189321733,1.2274901171527393,0.6587187279921036,1.1011226506956833
0.6858803396671946,-0.72286499032024,0.9793205321042032,2.310593545025275,2.5522478486475944,2.050290189321733,1.2274901171527393,0.6587187279921036,1.0818345476718787
-0.6100336060971008,-0.32035243622933574,1.006339172084532,2.2972424709719896,2.5522478486475944,2.050290189321733,1.2274901171527393,0.6587187279921036,1.0818345476718787
-0.7508173098088473,-0.7338295674065263,1.0099403493743362,2.2972424709719896,2.5405221613384965,2.050290189321733,1.2274901171527393,0.6587187279921036,1.0818345476718787
-0.9742820197495314,0.7802495469337265,1.0221018357073453,2.2972424709719896,2.5405221613384965,2.0272864323793507,1.2274901171527393,0.6587187279921036,1.0818345476718787
-1.0066772567698516,0.8221516016782763,1.001728899457928,2.2972424709719896,2.5405221613384965,2.0272864323793507,1.2187484309411405,0.6587187279921036,1.0818345476718787
0.8976791575022312,0.7623895485436489,0.9826927423342909,2.2972424709719896,2.5405221613384965,2.0272864323793507,1.2187484309411405,0.6362350875283277,1.0818345476718787
0.6859778579020408,-0.6611579618601094,0.9842523227768414,2.2972424709719896,2.5405221613384965,2.0272864323793507,1.2187484309411405,0.6362350875283277,1.063590145830718
-0.610059153314742,-0.6833302601165544,1.000110101766168,2.279036829628065,2.5405221613384965,2.0272864323793507,1.2187484309411405,0.6362350875283277,1.063590145830718
-0.7508523552999623,0.7447912668090292,1.0069364424543485,2.279036829628065,2.522949131972686,2.0272864323793507,1.2187484309411405,0.6362350875283277,1.063590145830718
-0.9742953689090137,0.8129271477291932,1.0113624860326216,2.279036829628065,2.522949131972686,2.0037768749925475,1.2187484309411405,0.6362350875283277,1.063590145830718
1.0037454766946814,0.8227163451412849,0.9813045687204835,2.279036829628065,2.522949131972686,2.0037768749925475,1.196455733840831,0.6362350875283277,1.063590145830718
-0.9024940292284382,0.7645901141824871,0.9916372886900584,2.279036829628065,2.522949131972686,2.0037768749925475,1.196455733840831,0.6470329797503932,1.063590145830718
0.6859797866288799,0.7001469037230108,0.9891464601489637,2.279036829628065,2.522949131972686,2.0037768749925475,1.196455733840831,0.6470329797503932,1.0689945114784738
-0.6100623730541583,-0.30624155097629535,0.9939445294636217,2.2658718383751832,2.522949131972686,2.0037768749925475,1.196455733840831,0.6470329797503932,1.0689945114784738
-0.7508828023382269,-0.7349069847480896,1.0039617974407544,2.2658718383751832,2.511280114958497,2.0037768749925475,1.196455733840831,0.6470329797503932,1.0689945114784738
-0.9742892692968047,-0.831952584248405,1.0005473150164388,2.2658718383751832,2.511280114958497,2.009502603432376,1.196455733840831,0.6470329797503932,1.0689945114784738
-1.006724707007539,0.7903848892476953,1.0010054107319293,2.2658718383751832,2.511280114958497,2.009502603432376,1.1885313759687084,0.6470329797503932,1.0689945114784738
0.8977323183871001,0.7916091145320928,0.9645031079321842,2.2658718383751832,2.511280114958497,2.009502603432376,1.1885313759687084,0.6244373858334903,1.0689945114784738
0.6859407357317079,-0.7181324067325914,0.9942506032331405,2.2658718383751832,2.511280114958497,2.009502603432376,1.1885313759687084,0.6244373858334903,1.0498437047684563
0.6056743802050222,-0.6860643871503845,0.9877731459411206,2.2657683193,2.511280114958497,2.009502603432376,1.1885313759687084,0.6244373858334903,1.0498437047684563
-0.7509071101604348,0.7139517057128691,1.0009688778716848,2.2657683193,2.4937911358379394,2.009502603432376,1.1885313759687084,0.6244373858334903,1.0498437047684563
0.9732963210460275,0.877631906837956,0.9899315324301673,2.2657683193,2.4937911358379394,2.003602435190045,1.1885313759687084,0.6244373858334903,1.0498437047684563
1.003780984355682,0.8272337843400213,0.9804121201787888,2.2657683193,2.4937911358379394,2.003602435190045,1.166043478968461,0.6244373858334903,1.0498437047684563
0.8977588501300003,0.7637899682186606,0.9732994190047292,2.2657683193,2.4937911358379394,2.003602435190045,1.166043478968461,0.6021132650119168,1.0498437047684563
-0.6869330187233661,-0.6706391127355311,0.9993287025119693,2.2657683193,2.4937911358379394,2.003602435190045,1.166043478968461,0.6021132650119168,1.0446624366459825
-0.610095041044909,-0.3209062441651765,1.0059825114405943,2.2524033433360366,2.4937911358379394,2.003602435190045,1.166043478968461,0.6021132650119168,1.0446624366459825
-0.750921378748113,-0.7345230966677597,0.9979935432114079,2.2524033433360366,2.4821593376657827,2.003602435190045,1.166043478968461,0.6021132650119168,1.0446624366459825
-0.974399626909454,0.7808086998284073,1.0181836994403375,2.2524033433360366,2.4821593376657827,1.9805785959640847,1.166043478968461,0.6021132650119168,1.0446624366459825
-1.0067709033632364,0.824792948430847,0.9999564477322851,2.2524033433360366,2.4821593376657827,1.9805785959640847,1.1576811964613765,0.6021132650119168,1.0446624366459825
0.897771631784941,0.7665923368313204,0.9820099632524041,2.2524033433360366,2.4821593376657827,1.9805785959640847,1.1576811964613765,0.5798284074819509,1.0446624366459825
0.6860402102047686,0.7095057411210803,0.976914148981005,2.2524033433360366,2.4821593376657827,1.9805785959640847,1.1576811964613765,0.5798284074819509,1.0504352133595811
-0.6101189869975059,-0.3291493894225485,0.9998685740988789,2.2389150809822014,2.4821593376657827,1.9805785959640847,1.1576811964613765,0.5798284074819509,1.0504352133595811
-0.7509387578197918,0.7553305582200174,0.995009981502362,2.2389150809822014,2.4644851372942203,1.9805785959640847,1.1576811964613765,0.5798284074819509,1.0504352133595811
-0.9744008009427028,0.8165634358990748,1.0073699392050088,2.2389150809822014,2.4644851372942203,1.9569945564693185,1.1576811964613765,0.5798284074819509,1.0504352133595811
1.0038130300455566,0.8261942928452222,0.9792063636972816,2.2389150809822014,2.4644851372942203,1.9569945564693185,1.1350935784650646,0.5798284074819509,1.0504352133595811
-0.9025928174426258,0.79452344747382,0.990644484842043,2.2389150809822014,2.4644851372942203,1.9569945564693185,1.1350935784650646,0.5910795983346044,1.0504352133595811
0.6860226978715198,-0.7211692320015392,0.9821783475531701,2.2389150809822014,2.4644851372942203,1.9569945564693185,1.1350935784650646,0.5910795983346044,1.0312918615555093
-0.6101295574949058,-0.32873686681883313,0.9938187652840065,2.2254201976749033,2.4644851372942203,1.9569945564693185,1.1350935784650646,0.5910795983346044,1.0312918615555093
-0.7509447297244177,-0.7388755720114212,0.9920560721954931,2.2254201976749033,2.452922919881393,1.9569945564693185,1.1350935784650646,0.5910795983346044,1.0312918615555093
0.9735138400164601,0.785095066021822,0.9964806444356357,2.2254201976749033,2.452922919881393,1.9521155101616499,1.1350935784650646,0.5910795983346044,1.0312918615555093
-1.0068178840187996,0.8269366466320656,0.9985839392943253,2.2254201976749033,2.452922919881393,1.9521155101616499,1.1269177621076678,0.5910795983346044,1.0312918615555093
0.8978219894339046,0.7658080966710574,0.9632012808501582,2.2254201976749033,2.452922919881393,1.9521155101616499,1.1269177621076678,0.568932406185184,1.0312918615555093
0.6861189358156944,0.7129677933364185,0.9874148458186918,2.2254201976749033,2.452922919881393,1.9521155101616499,1.1269177621076678,0.568932406185184,1.0374416949384473
0.605744223923995,-0.6597358772836004,0.9878319161361045,2.225812675007378,2.452922919881393,1.9521155101616499,1.1269177621076678,0.568932406185184,1.0374416949384473
0.7466597602649715,0.7507061247160977,0.9890837634334625,2.225812675007378,2.4645973004367896,1.9521155101616499,1.1269177621076678,0.568932406185184,1.0374416949384473
-0.9744321456473641,0.8181728642230873,1.0244559966131026,2.225812675007378,2.4645973004367896,1.928647697522748,1.1269177621076678,0.568932406185184,1.0374416949384473
1.0038464171218469,0.8278223281320657,0.9776659591660225,2.225812675007378,2.4645973004367896,1.928647697522748,1.1041817818860415,0.568932406185184,1.0374416949384473
0.8978557151695189,0.7951626750947455,0.9716796003426772,2.225812675007378,2.4645973004367896,1.928647697522748,1.1041817818860415,0.5466538489985637,1.0374416949384473
0.6860810294107206,-0.7297934121505798,0.9928640852696559,2.225812675007378,2.4645973004367896,1.928647697522748,1.1041817818860415,0.5466538489985637,1.0182383216417252
-0.6101612958086086,-0.32300514883340675,1.0062229312991349,2.2123907220212375,2.4645973004367896,1.928647697522748,1.1041817818860415,0.5466538489985637,1.0182383216417252
-0.7509992927186597,-0.7399615005045089,1.0160851079502224,2.2123907220212375,2.453075962877136,1.928647697522748,1.1041817818860415,0.5466538489985637,1.0182383216417252
-0.9744522951858459,0.7870810878241427,1.013396492437462,2.2123907220212375,2.453075962877136,1.9058111472216492,1.1041817818860415,0.5466538489985637,1.0182383216417252
-1.0068648176979915,0.8289466871180767,0.9968765430963413,2.2123907220212375,2.453075962877136,1.9058111472216492,1.0961987031004532,0.5466538489985637,1.0182383216417252
0.8978686949253509,0.7669576603965848,0.9800869158226706,2.2123907220212375,2.453075962877136,1.9058111472216492,1.0961987031004532,0.5246408587842826,1.0182383216417252
-0.6869985860801135,-0.6673722666283002,0.9982866616781719,2.2123907220212375,2.453075962877136,1.9058111472216492,1.0961987031004532,0.5246408587842826,1.0125916973594369
-0.6101862180636153,-0.6889785200173174,1.0002930044802627,2.1941298084726064,2.453075962877136,1.9058111472216492,1.0961987031004532,0.5246408587842826,1.0125916973594369
-0.7510510456476522,0.7518578024991184,1.0131180293637474,2.1941298084726064,2.435353847278748,1.9058111472216492,1.0961987031004532,0.5246408587842826,1.0125916973594369
-0.9744476878172255,0.8195870562048715,1.002244774093203,2.1941298084726064,2.435353847278748,1.8824656633800236,1.0961987031004532,0.5246408587842826,1.0125916973594369
1.0038799543398338,0.8295128550100739,0.9757894787486929,2.1941298084726064,2.435353847278748,1.8824656633800236,1.0733139172326762,0.5246408587842826,1.0125916973594369
-0.9026957393188388,0.7689778614437975,0.9884095982719402,2.1941298084726064,2.435353847278748,1.8824656633800236,1.0733139172326762,0.5367791065522918,1.0125916973594369
0.6861873443883485,-0.67743759158934,0.976210679122648,2.1941298084726064,2.435353847278748,1.8824656633800236,1.0733139172326762,0.5367791065522918,0.9942573245540972
-0.6101906600688702,-0.3228177676865301,0.9944249730170791,2.180709351554423,2.435353847278748,1.8824656633800236,1.0733139172326762,0.5367791065522918,0.9942573245540972
-0.7510906561577065,0.7012956556482346,1.0101732745021037,2.180709351554423,2.417663309721735,1.8824656633800236,1.0733139172326762,0.5367791065522918,0.9942573245540972
0.9736682469974833,0.8177598083980799,0.9910153444481746,2.180709351554423,2.417663309721735,1.8762783535944472,1.0733139172326762,0.5367791065522918,0.9942573245540972
-1.0069116189900982,0.8303476072730895,0.994831902112212,2.180709351554423,2.417663309721735,1.8762783535944472,1.0655388220910986,0.5367791065522918,0.9942573245540972
0.8979240871166886,0.7696761000831194,0.9606475404681251,2.180709351554423,2.417663309721735,1.8762783535944472,1.0655388220910986,0.5148970416583613,0.9942573245540972
0.6862017423511352,0.71467568770205,0.9815784201414404,2.180709351554423,2.417663309721735,1.8762783535944472,1.0655388220910986,0.5148970416583613,1.0005686262449296
0.6058211466148755,-0.31696724187299197,0.9885452066250083,2.185640589533673,2.417663309721735,1.8762783535944472,1.0655388220910986,0.5148970416583613,1.0005686262449296
-0.7511036947073971,-0.7400219825826458,1.0072278171427758,2.185640589533673,2.406445680144412,1.8762783535944472,1.0655388220910986,0.5148970416583613,1.0005686262449296
-0.9744795140609193,-0.83889111048089,1.018657668517814,2.185640589533673,2.406445680144412,1.8830224503538495,1.0655388220910986,0.5148970416583613,1.0005686262449296
1.0039136696361022,0.7986547857674513,0.9735744750921139,2.185640589533673,2.406445680144412,1.8830224503538495,1.043107695288803,0.5148970416583613,1.0005686262449296
0.8979618072687935,0.796476992129652,0.9688213724271316,2.185640589533673,2.406445680144412,1.8830224503538495,1.043107695288803,0.4929301400228539,1.0005686262449296
0.6861714605774926,-0.7260889389715903,0.9871762853950183,2.185640589533673,2.406445680144412,1.8830224503538495,1.043107695288803,0.4929301400228539,0.9814732451743728
-0.6102307793413058,-0.34635600085506457,1.0070488697547517,2.171886308041837,2.406445680144412,1.8830224503538495,1.043107695288803,0.4929301400228539,0.9814732451743728
-0.7511479952248113,0.728653628382055,1.0042842236276535,2.171886308041837,2.388627510341801,1.8830224503538495,1.043107695288803,0.4929301400228539,0.9814732451743728
-0.97468463319406,0.8863260779242342,1.007549483248419,2.171886308041837,2.388627510341801,1.8583812262755093,1.043107695288803,0.4929301400228539,0.9814732451743728
-1.0069558939116516,0.8355925534804631,0.9924447734746755,2.171886308041837,2.388627510341801,1.8583812262755093,1.035457043446253,0.4929301400228539,0.9814732451743728
0.8979814914723816,0.7690140014688015,0.9769250715148523,2.171886308041837,2.388627510341801,1.8583812262755093,1.035457043446253,0.47121734663512943,0.9814732451743728
0.6862618414979318,0.7174252424335356,0.9927471736927801,2.171886308041837,2.388627510341801,1.8583812262755093,1.035457043446253,0.47121734663512943,0.9881589959351186
-0.6102551417152082,-0.31668906055948315,1.0012921997298974,2.1585108731256355,2.388627510341801,1.8583812262755093,1.035457043446253,0.47121734663512943,0.9881589959351186
-0.7511640647775054,-0.7413916880459518,1.0013504301171632,2.1585108731256355,2.3774392208081774,1.8583812262755093,1.035457043446253,0.47121734663512943,0.9881589959351186
0.9736888848012459,0.7885862012659106,0.996354052958317,2.1585108731256355,2.3774392208081774,1.8529394292974484,1.035457043446253,0.47121734663512943,0.9881589959351186
1.003948432420676,0.8315038250464284,0.9710240903477246,2.1585108731256355,2.3774392208081774,1.8529394292974484,1.0123096972684094,0.47121734663512943,0.9881589959351186
0.8979891737267596,0.7986027274362184,0.9849457908412178,2.1585108731256355,2.3774392208081774,1.8529394292974484,1.0123096972684094,0.4494175942320155,0.9881589959351186
-0.687162720316471,-0.728180531997318,0.9985412010022072,2.1585108731256355,2.3774392208081774,1.8529394292974484,1.0123096972684094,0.4494175942320155,0.9808554759336059
-0.6102703436532084,-0.3470157546723233,0.9955935320898643,2.1447283399330477,2.3774392208081774,1.8529394292974484,1.0123096972684094,0.4494175942320155,0.9808554759336059
-0.7511943917091013,0.7629836821756042,0.9984117317561088,2.1447283399330477,2.3594580971178307,1.8529394292974484,1.0123096972684094,0.4494175942320155,0.9808554759336059
-0.9745923323604582,0.8245054752752468,1.0240087360031238,2.1447283399330477,2.3594580971178307,1.8295606752707665,1.0123096972684094,0.4494175942320155,0.9808554759336059
1.0039495444336077,0.8344677316221075,0.9897335799254154,2.1447283399330477,2.3594580971178307,1.8295606752707665,0.9890510487163398,0.4494175942320155,0.9808554759336059
-0.9028322137062065,0.7693028445262148,0.9928984378991146,2.1447283399330477,2.3594580971178307,1.8295606752707665,0.9890510487163398,0.4624646093963965,0.9808554759336059
0.6863351150659143,0.7191237420325954,0.9768417774367905,2.1447283399330477,2.3594580971178307,1.8295606752707665,0.9890510487163398,0.4624646093963965,0.9878958862523838
-0.6102719772298295,-0.31693933153081283,0.9899544790452586,2.131327678566314,2.3594580971178307,1.8295606752707665,0.9890510487163398,0.4624646093963965,0.9878958862523838
-0.7512013974125065,-0.7456602661068581,0.9954922276769008,2.131327678566314,2.3483226140555833,1.8295606752707665,0.9890510487163398,0.4624646093963965,0.9878958862523838
-0.9746113769667203,0.7923791148054584,1.0126213183960362,2.131327678566314,2.3483226140555833,1.8068388268703797,0.9890510487163398,0.4624646093963965,0.9878958862523838
-1.0070505353555543,0.8346608875996474,1.008357914510482,2.131327678566314,2.3483226140555833,1.8068388268703797,0.9817799757289752,0.4624646093963965,0.9878958862523838
0.8980443190589442,0.8001595067785933,0.9647543342300766,2.131327678566314,2.3483226140555833,1.8068388268703797,0.9817799757289752,0.44084911701769497,0.9878958862523838
0.6863123459033877,-0.7299774592726065,0.9828433067296845,2.131327678566314,2.3483226140555833,1.8068388268703797,0.9817799757289752,0.44084911701769497,0.9689483967137986
0.6059002599214809,-0.6951959370055629,0.9843729117512123,2.1315982125877264,2.3483226140555833,1.8068388268703797,0.9817799757289752,0.44084911701769497,0.9689483967137986
-0.7512172685126075,0.7582311905445621,0.9925596808163106,2.1315982125877264,2.330342944997716,1.8068388268703797,0.9817799757289752,0.44084911701769497,0.9689483967137986
-0.9746049249344522,0.8257715599172964,1.0011401766139612,2.1315982125877264,2.330342944997716,1.7835872790641911,0.9817799757289752,0.44084911701769497,0.9689483967137986
1.003983820397076,0.8364871141058394,0.9866775714609539,2.1315982125877264,2.330342944997716,1.7835872790641911,0.9583713024416909,0.44084911701769497,0.9689483967137986
0.8980727380756099,0.770505408266474,0.972560024967246,2.1315982125877264,2.330342944997716,1.7835872790641911,0.9583713024416909,0.41949379038540763,0.9689483967137986
0.6864170765481008,-0.6811142889587948,0.9888190031456933,2.1315982125877264,2.330342944997716,1.7835872790641911,0.9583713024416909,0.41949379038540763,0.9508532617993192
-0.6103057029064772,-0.3247605037687932,1.0031768976376043,2.1180961280565644,2.330342944997716,1.7835872790641911,0.9583713024416909,0.41949379038540763,0.9508532617993192
-0.7512108028855161,-0.7470415356757492,0.989642405434427,2.1180961280565644,2.3192416598884793,1.7835872790641911,0.9583713024416909,0.41949379038540763,0.9508532617993192
0.973843813027381,0.7943018809737378,0.9895802684648128,2.1180961280565644,2.3192416598884793,1.77734147415725,0.9583713024416909,0.41949379038540763,0.9508532617993192
-1.0070966116121869,0.8357425003865778,1.005131601038215,2.1180961280565644,2.3192416598884793,1.77734147415725,0.951324333640157,0.41949379038540763,0.9508532617993192
0.8980904573825236,0.7735285346571581,0.9802841173271309,2.1180961280565644,2.3192416598884793,1.77734147415725,0.951324333640157,0.3982198091465397,0.9508532617993192
0.6864093469850948,0.7199032954086584,0.9947634996880803,2.1180961280565644,2.3192416598884793,1.77734147415725,0.951324333640157,0.3982198091465397,0.9581612608967809
-0.6103232587740217,-0.3338574234115362,0.9976399607045697,2.1044658799261926,2.3192416598884793,1.77734147415725,0.951324333640157,0.3982198091465397,0.9581612608967809
0.7469232349623356,0.7668923865183424,0.9867150353969109,2.1044658799261926,2.3304353263988578,1.77734147415725,0.951324333640157,0.3982198091465397,0.9581612608967809
-0.9746366392337367,0.8276851642553977,1.016893242500161,2.1044658799261926,2.3304353263988578,1.7542078182331449,0.951324333640157,0.3982198091465397,0.9581612608967809
1.0040182892306873,0.8373749832047029,0.9832785137067359,2.1044658799261926,2.3304353263988578,1.7542078182331449,0.9277871090776766,0.3982198091465397,0.9581612608967809
0.8980904955735716,0.801219562779517,0.98793759147367,2.1044658799261926,2.3304353263988578,1.7542078182331449,0.9277871090776766,0.3769122264948549,0.9581612608967809
-0.6872239872946931,-0.732746885214118,1.0009543681255524,2.1044658799261926,2.3304353263988578,1.7542078182331449,0.9277871090776766,0.3769122264948549,0.9501916250458086
-0.6103300226919524,-0.3333152020531751,0.9921606520788115,2.090833397048688,2.3304353263988578,1.7542078182331449,0.9277871090776766,0.3769122264948549,0.9501916250458086
-0.7512685398481057,0.7082052481748682,1.0137631413857477,2.090833397048688,2.3124962236614057,1.7542078182331449,0.9277871090776766,0.3769122264948549,0.9501916250458086
-0.9746405313355351,0.8256413520987455,1.0051581877208322,2.090833397048688,2.3124962236614057,1.7311920794350564,0.9277871090776766,0.3769122264948549,0.9501916250458086
-1.0071424989119102,0.8390443380235201,1.0015608275016314,2.090833397048688,2.3124962236614057,1.7311920794350564,0.9209278308586474,0.3769122264948549,0.9501916250458086
-0.9029410244300214,0.7724645063644808,0.9955257816422949,2.090833397048688,2.3124962236614057,1.7311920794350564,0.9209278308586474,0.39088785598719805,0.9501916250458086
0.6864813889425238,-0.6761164124971293,0.979649481887178,2.090833397048688,2.3124962236614057,1.7311920794350564,0.9209278308586474,0.39088785598719805,0.9322812800472026
0.6059604290177956,-0.33377611276845487,0.9867375938501541,2.095852960999374,2.3124962236614057,1.7311920794350564,0.9209278308586474,0.39088785598719805,0.9322812800472026
-0.7512885303188254,0.7116522963331603,1.0108360113390882,2.095852960999374,2.294394048513776,1.7311920794350564,0.9209278308586474,0.39088785598719805,0.9322812800472026
0.9739392010239754,0.8265101016342656,0.9933327849528067,2.095852960999374,2.294394048513776,1.7238393111619799,0.9209278308586474,0.39088785598719805,0.9322812800472026
1.0040527268355741,0.8386434291907542,0.9795341497013558,2.095852960999374,2.294394048513776,1.7238393111619799,0.8972555847089583,0.39088785598719805,0.9322812800472026
0.8981476032478544,0.7744623382667583,0.9670166874976309,2.095852960999374,2.294394048513776,1.7238393111619799,0.8972555847089583,0.36992756267619015,0.9322812800472026
0.6864925345493497,0.7221216100307545,0.9857847824031452,2.095852960999374,2.294394048513776,1.7238393111619799,0.8972555847089583,0.36992756267619015,0.9398824133878795
-0.6103694583016994,-0.31972667324114734,1.0056962220905,2.0823759774772332,2.294394048513776,1.7238393111619799,0.8972555847089583,0.36992756267619015,0.9398824133878795
-0.751309953405462,-0.7480027381522673,1.0079119173860622,2.0823759774772332,2.283838645533796,1.7238393111619799,0.8972555847089583,0.36992756267619015,0.9398824133878795
-0.9746711439196007,-0.847001681287235,1.0203876813325303,2.0823759774772332,2.283838645533796,1.7317355812454085,0.8972555847089583,0.36992756267619015,0.9398824133878795
-1.007188364649027,0.8066495074938922,0.9976431402882071,2.0823759774772332,2.283838645533796,1.7317355812454085,0.8912359024561761,0.36992756267619015,0.9398824133878795
0.89817509243098,0.8024462917278462,0.9744596261548463,2.0823759774772332,2.283838645533796,1.7317355812454085,0.8912359024561761,0.3489604290371835,0.9398824133878795
0.6864465154599324,-0.7349227794868962,0.9921769499308019,2.0823759774772332,2.283838645533796,1.7317355812454085,0.8912359024561761,0.3489604290371835,0.9210297970230201
-0.6103934486302137,-0.34980144015943476,1.0003839173535873,2.068506207449145,2.283838645533796,1.7317355812454085,0.8912359024561761,0.3489604290371835,0.9210297970230201
-0.7513648435123841,0.7373185472114812,1.0049970902948315,2.068506207449145,2.265612884686124,1.7317355812454085,0.8912359024561761,0.3489604290371835,0.9210297970230201
-0.9748875478065678,0.8955501778621674,1.0087002849518256,2.068506207449145,2.265612884686124,1.707318731195055,0.8912359024561761,0.3489604290371835,0.9210297970230201
1.0040899121682954,0.8439653975134404,0.9754376950705143,2.068506207449145,2.265612884686124,1.707318731195055,0.8673638303082145,0.3489604290371835,0.9210297970230201
0.898185884595637,0.7733927468052946,0.9818398960368547,2.068506207449145,2.265612884686124,1.707318731195055,0.8673638303082145,0.32823865745509007,0.9210297970230201
-0.6871957760886294,0.7253456954044023,0.9985449225565862,2.068506207449145,2.265612884686124,1.707318731195055,0.8673638303082145,0.32823865745509007,0.9397483446374806
-0.610405185199274,-0.319725673188536,0.9951263186762765,2.055011010989105,2.265612884686124,1.707318731195055,0.8673638303082145,0.32823865745509007,0.9397483446374806
-0.7513745056210536,-0.7490744511094148,1.002079575580757,2.055011010989105,2.2550614486545517,1.707318731195055,0.8673638303082145,0.32823865745509007,0.9397483446374806
0.973960806710723,0.7966254200661402,0.9969232895427238,2.055011010989105,2.2550614486545517,1.7007646021670373,0.8673638303082145,0.32823865745509007,0.9397483446374806
-1.007233203446786,0.4202624108555027,0.9933806542553895,2.055011010989105,2.2550614486545517,1.7007646021670373,0.8685444091843996,0.32823865745509007,0.9397483446374806
-0.9030207407864931,0.7964829343725397,0.9891436267354397,2.055011010989105,2.2550614486545517,1.7007646021670373,0.8685444091843996,0.3428975512483465,0.9397483446374806
0.6865191735798912,-0.7366658536248982,0.9776929391790024,2.055011010989105,2.2550614486545517,1.7007646021670373,0.8685444091843996,0.3428975512483465,0.9210012386060734
-0.6104085976559247,-0.3504272077247182,0.9899210746388732,2.0411187116985374,2.2550614486545517,1.7007646021670373,0.8685444091843996,0.3428975512483465,0.9210012386060734
-0.7514155969170091,0.7719362047313114,0.9991651456180155,2.0411187116985374,2.2366644354774747,1.7007646021670373,0.8685444091843996,0.3428975512483465,0.9210012386060734
-0.9747880015178956,0.824247685617097,1.024003844470705,2.0411187116985374,2.2366644354774747,1.677811546107468,0.8685444091843996,0.3428975512483465,0.9210012386060734
1.0041420266357772,0.4298478374113302,0.9710015193994886,2.0411187116985374,2.2366644354774747,1.677811546107468,0.852126755634182,0.3428975512483465,0.9210012386060734
0.898245022941973,0.7663675853115626,0.960364043819053,2.0411187116985374,2.2366644354774747,1.677811546107468,0.852126755634182,0.3224495796754888,0.9210012386060734
0.6866417593196656,-0.6806874537900657,0.9842917228998682,2.0411187116985374,2.2366644354774747,1.677811546107468,0.852126755634182,0.3224495796754888,0.9032545518167824
0.6060359031971081,-0.33443624607978467,0.9847700928123319,2.046330792073343,2.2366644354774747,1.677811546107468,0.852126755634182,0.3224495796754888,0.9032545518167824
-0.751416340028543,-0.7536679311877919,0.9962575476333381,2.046330792073343,2.226146324851231,1.677811546107468,0.852126755634182,0.3224495796754888,0.9032545518167824
-0.9748060991011118,0.7924935387694847,1.0120301207867242,2.046330792073343,2.226146324851231,1.6555203203489919,0.852126755634182,0.3224495796754888,0.9032545518167824
1.0041594284621134,0.4297255757241565,0.9888619433275083,2.046330792073343,2.226146324851231,1.6555203203489919,0.8357578036093998,0.3224495796754888,0.9032545518167824
0.8982897860207386,0.7687999275675159,0.9675342167762535,2.046330792073343,2.226146324851231,1.6555203203489919,0.8357578036093998,0.3021180495496201,0.9032545518167824
0.6866437284895277,0.7260404029710213,0.9908611180063142,2.046330792073343,2.226146324851231,1.6555203203489919,0.8357578036093998,0.3021180495496201,0.9115482337054316
-0.6104474574715598,-0.3363329723082082,1.0039985519129129,2.0326018458814685,2.226146324851231,1.6555203203489919,0.8357578036093998,0.3021180495496201,0.9115482337054316
-0.751443038579451,0.7740878648277429,0.9933448323249039,2.0326018458814685,2.2077347879727696,1.6555203203489919,0.8357578036093998,0.3021180495496201,0.9115482337054316
-0.9747982248864364,0.8263191831166256,0.9999628715169222,2.0326018458814685,2.2077347879727696,1.6326813959252098,0.8357578036093998,0.3021180495496201,0.9115482337054316
-1.007276833084546,0.4307897353705858,1.0067324304082312,2.0326018458814685,2.2077347879727696,1.6326813959252098,0.8365325431038705,0.3021180495496201,0.9115482337054316
0.8983177513766378,0.7970602399095166,0.9746414280044907,2.0326018458814685,2.2077347879727696,1.6326813959252098,0.8365325431038705,0.2818250615397493,0.9115482337054316
0.6865842091729661,-0.7395613988017155,0.9976986960832908,2.0326018458814685,2.2077347879727696,1.6326813959252098,0.8365325431038705,0.2818250615397493,0.8928588593984578
-0.6104676752663041,-0.3357526240294651,0.9989489873187443,2.0188728706320935,2.2077347879727696,1.6326813959252098,0.8365325431038705,0.2818250615397493,0.8928588593984578
-0.7514311877896351,0.7145310573512128,0.990437431537672,2.0188728706320935,2.1894642582984023,1.6326813959252098,0.8365325431038705,0.2818250615397493,0.8928588593984578
0.9741111091411423,0.8242975954831376,0.9878167362188891,2.0188728706320935,2.1894642582984023,1.6249635230912587,0.8365325431038705,0.2818250615397493,0.8928588593984578
1.0042248977520822,0.43103428657492887,0.9843834127714981,2.0188728706320935,2.1894642582984023,1.6249635230912587,0.8202323328578542,0.2818250615397493,0.8928588593984578
0.8983296609182377,0.767183486322681,0.9816923417956295,2.0188728706320935,2.1894642582984023,1.6249635230912587,0.8202323328578542,0.26176764180310735,0.8928588593984578
-0.6872410939185952,0.7296168321126049,1.0045136595656121,2.0188728706320935,2.1894642582984023,1.6249635230912587,0.8202323328578542,0.26176764180310735,0.9114048760419479
-0.6104779461658157,-0.32187460028979203,0.9939500137757593,2.005309631231413,2.1894642582984023,1.6249635230912587,0.8202323328578542,0.26176764180310735,0.9114048760419479
0.7471968333877084,-0.7535807641650313,0.9875081289420788,2.005309631231413,2.208008827737355,1.6249635230912587,0.8202323328578542,0.26176764180310735,0.9114048760419479
-0.9748311310571961,-0.8606374625570287,1.01455667333032,2.005309631231413,2.208008827737355,1.633514191797117,0.8202323328578542,0.26176764180310735,0.9114048760419479
-1.0072917544748117,0.41451127772339663,1.0022741148049732,2.005309631231413,2.208008827737355,1.633514191797117,0.8211625820362253,0.26176764180310735,0.9114048760419479
-0.903151176300756,0.7982621900440022,0.9886727731940487,2.005309631231413,2.208008827737355,1.633514191797117,0.8211625820362253,0.2774407507592035,0.9114048760419479
0.6866573633492812,-0.7408535109444596,0.9841163639732456,2.005309631231413,2.208008827737355,1.633514191797117,0.8211625820362253,0.2774407507592035,0.892845137038387
0.6060927029674175,-0.3520146447361611,0.9890023144264674,2.0104573393156633,2.208008827737355,1.633514191797117,0.8211625820362253,0.2774407507592035,0.892845137038387
-0.7514908376934598,0.7429456955402928,1.014563629361679,2.0104573393156633,2.18959684452537,1.633514191797117,0.8211625820362253,0.2774407507592035,0.892845137038387
-0.9750439503958097,0.8935938943801505,1.0025654037863219,2.0104573393156633,2.18959684452537,1.60929631345462,0.8211625820362253,0.2774407507592035,0.892845137038387
1.0042906972724273,0.43347302604911964,0.9799448029789318,2.0104573393156633,2.18959684452537,1.60929631345462,0.8049161188451229,0.2774407507592035,0.892845137038387
0.8983906026955394,0.768005088467101,0.9595732756669967,2.0104573393156633,2.18959684452537,1.60929631345462,0.8049161188451229,0.2576682304186726,0.892845137038387
0.6867712236038753,-0.6842930223888575,0.9911753017072579,2.0104573393156633,2.18959684452537,1.60929631345462,0.8049161188451229,0.2576682304186726,0.8753098450459063
-0.6105171566035554,-0.3363929227858803,1.0084371182311542,1.996699901610462,2.18959684452537,1.60929631345462,0.8049161188451229,0.2576682304186726,0.8753098450459063
-0.7515156588584704,-0.7548376688726536,1.0116373452838037,1.996699901610462,2.179341060716898,1.60929631345462,0.8049161188451229,0.2576682304186726,0.8753098450459063
0.9741191998076509,-0.8648378212016082,0.9904788410772296,1.996699901610462,2.179341060716898,1.6328874472827322,0.8049161188451229,0.2576682304186726,0.8753098450459063
-1.00730590556141,0.4156580730246812,0.9978596991329942,1.996699901610462,2.179341060716898,1.6328874472827322,0.8056793555814876,0.2576682304186726,0.8753098450459063
0.8984388848185534,0.7703983722707723,0.9664350653321269,1.996699901610462,2.179341060716898,1.6328874472827322,0.8056793555814876,0.2380375408851916,0.8753098450459063
0.6867595977362887,0.7299617467403522,0.9982067908742074,1.996699901610462,2.179341060716898,1.6328874472827322,0.8056793555814876,0.2380375408851916,0.8843137973000291
-0.6105468761045023,-0.33793093843571553,1.0035865827556583,1.9829169163702813,2.179341060716898,1.6328874472827322,0.8056793555814876,0.2380375408851916,0.8843137973000291
-0.751580719632334,0.7451475466579105,1.008718758874196,1.9829169163702813,2.160925512495002,1.6328874472827322,0.8056793555814876,0.2380375408851916,0.8843137973000291
-0.9751501810725887,0.8954934821912375,1.0175903896727936,1.9829169163702813,2.160925512495002,1.6084477534723902,0.8056793555814876,0.2380375408851916,0.8843137973000291
1.0043570643901405,0.4340484186392809,0.9755527040858185,1.9829169163702813,2.160925512495002,1.6084477534723902,0.7895206052624358,0.2380375408851916,0.8843137973000291
0.8984708154790252,0.7980423891491455,0.9732403741524515,1.9829169163702813,2.160925512495002,1.6084477534723902,0.7895206052624358,0.21850167838201728,0.8843137973000291
-0.6873410262430798,-0.7436615756146612,1.00551713480522,1.9829169163702813,2.160925512495002,1.6084477534723902,0.7895206052624358,0.21850167838201728,0.8746196103841792
-0.6105665765984585,-0.33790887643023193,0.9987839496786018,1.9691280428964217,2.160925512495002,1.6084477534723902,0.7895206052624358,0.21850167838201728,0.8746196103841792
-0.7515934695977733,-0.7566934167962269,1.0057902759428001,1.9691280428964217,2.1506625376543846,1.6084477534723902,0.7895206052624358,0.21850167838201728,0.8746196103841792
-0.9750243272030901,0.795250217830142,1.0056255424700753,1.9691280428964217,2.1506625376543846,1.5859235258261437,0.7895206052624358,0.21850167838201728,0.8746196103841792
-1.0073199456432267,0.4336732151124964,0.9934915330273197,1.9691280428964217,2.1506625376543846,1.5859235258261437,0.7898084995952485,0.21850167838201728,0.8746196103841792
0.8984872768624907,0.7689285267006499,0.9799965140440111,1.9691280428964217,2.1506625376543846,1.5859235258261437,0.7898084995952485,0.19919035345830968,0.8746196103841792
0.6868333118815859,0.7334604387741954,0.9853263057999726,1.9691280428964217,2.1506625376543846,1.5859235258261437,0.7898084995952485,0.19919035345830968,0.8840381336956071
-0.6105767793973964,-0.676873612277748,0.9940287864521482,1.9511872590865302,2.1506625376543846,1.5859235258261437,0.7898084995952485,0.19919035345830968,0.8840381336956071
-0.751647463506822,0.7732198138930539,1.0028703386739124,1.9511872590865302,2.132109673932864,1.5859235258261437,0.7898084995952485,0.19919035345830968,0.8840381336956071
0.9741450795639951,0.8312357779385435,0.9935454075177611,1.9511872590865302,2.132109673932864,1.5786373963014109,0.7898084995952485,0.19919035345830968,0.8840381336956071
1.0044233837968968,0.4337465747967227,0.9712057562312743,1.9511872590865302,2.132109673932864,1.5786373963014109,0.7737490733058384,0.19919035345830968,0.8840381336956071
0.8984957522103404,0.7994169307196711,0.9866894916492349,1.9511872590865302,2.132109673932864,1.5786373963014109,0.7737490733058384,0.1799896468826784,0.8840381336956071
0.6867808686422681,-0.3763106411990346,0.9928919312130784,1.9511872590865302,2.132109673932864,1.5786373963014109,0.7737490733058384,0.1799896468826784,0.8727291915617743
-0.6105728830367481,-0.32775555176842236,0.9893262057879699,1.9375265188307698,2.132109673932864,1.5786373963014109,0.7737490733058384,0.1799896468826784,0.8727291915617743
-0.7516505458764087,-0.7605623855740101,0.9999476947881681,1.9375265188307698,2.1218589678717783,1.5786373963014109,0.7737490733058384,0.1799896468826784,0.8727291915617743
-0.9750527851483703,-0.8664867483416324,1.0203680892479703,1.9375265188307698,2.1218589678717783,1.5867335522871107,0.7737490733058384,0.1799896468826784,0.8727291915617743
1.004441191376645,0.4180291818087075,0.9891645116160882,1.9375265188307698,2.1218589678717783,1.5867335522871107,0.7580245528449148,0.1799896468826784,0.8727291915617743
-0.9032991548710791,0.7762211410431709,0.99333760082,1.9375265188307698,2.1218589678717783,1.5867335522871107,0.7580245528449148,0.19695211350071598,0.8727291915617743
-0.6872275268203996,-0.35100176792467846,1.0004298929412079,1.9375265188307698,2.1218589678717783,1.5867335522871107,0.7580245528449148,0.19695211350071598,0.8701263108810033
0.6062049510341706,-0.7002831931675929,0.9846019542550477,1.9385285341043796,2.1218589678717783,1.5867335522871107,0.7580245528449148,0.19695211350071598,0.8701263108810033
-0.7516907525594314,0.7415616625961016,0.9970271537562676,1.9385285341043796,2.1034775314367415,1.5867335522871107,0.7580245528449148,0.19695211350071598,0.8701263108810033
-0.9752768481668381,0.8989047801447745,1.0084516902470886,1.9385285341043796,2.1034775314367415,1.5621831454542718,0.7580245528449148,0.19695211350071598,0.8701263108810033
-1.0073666758119273,0.43664725892845585,1.007133637010125,1.9385285341043796,2.1034775314367415,1.5621831454542718,0.7580428905461933,0.19695211350071598,0.8701263108810033
0.8985597377141451,0.7786461240011023,0.9638943745659848,1.9385285341043796,2.1034775314367415,1.5621831454542718,0.7580428905461933,0.1781370344747965,0.8701263108810033
0.6869451758596561,-0.35567446092979993,0.980542366517585,1.9385285341043796,2.1034775314367415,1.5621831454542718,0.7580428905461933,0.1781370344747965,0.8592770317876254
-0.6106063991385381,-0.32791553697306036,1.0042693697015803,1.9248694667596453,2.1034775314367415,1.5621831454542718,0.7580428905461933,0.1781370344747965,0.8592770317876254
-0.7516781433988026,-0.7594797874122408,0.9940927074083908,1.9248694667596453,2.0931969514668096,1.5621831454542718,0.7580428905461933,0.1781370344747965,0.8592770317876254
0.9741646185580071,0.7982499352221003,0.9964391408588468,1.9248694667596453,2.0931969514668096,1.5557703744073292,0.7580428905461933,0.1781370344747965,0.8592770317876254
1.004507657154869,0.4352773891771206,0.9848776207925518,1.9248694667596453,2.0931969514668096,1.5557703744073292,0.7420998990014606,0.1781370344747965,0.8592770317876254
0.8985988225715412,0.7781690381978458,0.9704387494244289,1.9248694667596453,2.0931969514668096,1.5557703744073292,0.7420998990014606,0.15950520898852683,0.8592770317876254
0.6869693995964445,-0.3523454123304586,0.9881974186772503,1.9248694667596453,2.0931969514668096,1.5557703744073292,0.7420998990014606,0.15950520898852683,0.8485273679247811
-0.6106249784979717,-0.7020415145143823,0.9995726628617039,1.906608565742911,2.0931969514668096,1.5557703744073292,0.7420998990014606,0.15950520898852683,0.8485273679247811
-0.7517108305947013,0.7759342282994728,0.9911707121409319,1.906608565742911,2.0746509188866034,1.5557703744073292,0.7420998990014606,0.15950520898852683,0.8485273679247811
-0.9751711642424283,0.8350658114559353,1.0232951054081791,1.906608565742911,2.0746509188866034,1.5325380744344366,0.7420998990014606,0.15950520898852683,0.8485273679247811
-1.0073808612609845,0.4365583446962464,1.0028676794113558,1.906608565742911,2.0746509188866034,1.5325380744344366,0.7419832640702853,0.15950520898852683,0.8485273679247811
0.8986255137637538,0.7788278520049019,0.9769357040928829,1.906608565742911,2.0746509188866034,1.5325380744344366,0.7419832640702853,0.14106011171362642,0.8485273679247811
0.6869781887357136,-0.35651772269993326,0.9959119260508872,1.906608565742911,2.0746509188866034,1.5325380744344366,0.7419832640702853,0.14106011171362642,0.8377348576785347
-0.6106322400734333,-0.328314429471093,0.9949314392760732,1.89294878145967,2.0746509188866034,1.5325380744344366,0.7419832640702853,0.14106011171362642,0.8377348576785347
0.7474003703888497,-0.7637901836582651,0.9882448015519048,1.89294878145967,2.093214727221173,1.5325380744344366,0.7419832640702853,0.14106011171362642,0.8377348576785347
-0.9751887386923426,-0.8694904883916222,1.011086028489403,1.89294878145967,2.093214727221173,1.5405721079380754,0.7419832640702853,0.14106011171362642,0.8377348576785347
1.0045736039662014,0.4198743901752058,0.9806282651809118,1.89294878145967,2.093214727221173,1.5405721079380754,0.7264174703662938,0.14106011171362642,0.8377348576785347
0.8986395215706408,0.7781142522723636,0.9833876293696695,1.89294878145967,2.093214727221173,1.5405721079380754,0.7264174703662938,0.12280739765584925,0.8377348576785347
-0.6872944126733717,-0.35298184941251837,1.003686069338443,1.89294878145967,2.093214727221173,1.5405721079380754,0.7264174703662938,0.12280739765584925,0.834893471718879
-0.6106319624115524,-0.351499516830709,0.9902608600396243,1.878996920703521,2.093214727221173,1.5405721079380754,0.7264174703662938,0.12280739765584925,0.834893471718879
-0.7517706450440163,0.7510327568620749,1.0153010115643446,1.878996920703521,2.0748007697613606,1.5405721079380754,0.7264174703662938,0.12280739765584925,0.834893471718879
-0.9753972716701743,0.9020312056387648,0.9991255524607233,1.878996920703521,2.0748007697613606,1.515914058139881,0.7264174703662938,0.12280739765584925,0.834893471718879
-1.007395087596742,0.43858896065160236,0.9986377496124917,1.878996920703521,2.0748007697613606,1.515914058139881,0.7261192477502176,0.12280739765584925,0.834893471718879
-0.9033973933449627,0.7792318054572173,0.9897962615262046,1.878996920703521,2.0748007697613606,1.515914058139881,0.7261192477502176,0.1407912022228469,0.834893471718879
0.6870219772367588,-0.35353308588322485,0.9840343021071236,1.878996920703521,2.0748007697613606,1.515914058139881,0.7261192477502176,0.1407912022228469,0.8242326245527842
0.6062911927094725,-0.3364941200487256,0.9856374472497517,1.8844387178041098,2.0748007697613606,1.515914058139881,0.7261192477502176,0.1407912022228469,0.8242326245527842
-0.7517948909839669,-0.7625900859973547,1.012361134133307,1.8844387178041098,2.0644992120728203,1.515914058139881,0.7261192477502176,0.1407912022228469,0.8242326245527842
0.9742324350409585,0.8017310488925887,0.9870680324548708,1.8844387178041098,2.0644992120728203,1.5095583055944748,0.7261192477502176,0.1407912022228469,0.8242326245527842
1.0046403227152563,0.43743052432083424,0.9764188645431636,1.8844387178041098,2.0644992120728203,1.5095583055944748,0.7103287132279047,0.1407912022228469,0.8242326245527842
0.8987074128514436,0.7788378239434263,0.9601266447885766,1.8844387178041098,2.0644992120728203,1.5095583055944748,0.7103287132279047,0.12294252263114716,0.8242326245527842
0.6870391264218572,-0.35366726693391165,0.991929962038576,1.8844387178041098,2.0644992120728203,1.5095583055944748,0.7103287132279047,0.12294252263114716,0.8136075842258328
-0.6106712261881783,-0.7044603583978544,1.0053966963908145,1.8661578445261424,2.0644992120728203,1.5095583055944748,0.7103287132279047,0.12294252263114716,0.8136075842258328
-0.7518639099183436,0.7794904083326346,1.0094321754886155,1.8661578445261424,2.0459515644774724,1.5095583055944748,0.7103287132279047,0.12294252263114716,0.8136075842258328
-0.9752888867987108,0.8377825972379697,1.0138811849811422,1.8661578445261424,2.0459515644774724,1.486223212840098,0.7103287132279047,0.12294252263114716,0.8136075842258328
-1.0074090286183364,0.43871301698003246,0.994449198575451,1.8661578445261424,2.0459515644774724,1.486223212840098,0.7098918584385356,0.12294252263114716,0.8136075842258328
0.8987566794888038,0.7793779099397514,0.9664594315892474,1.8661578445261424,2.0459515644774724,1.486223212840098,0.7098918584385356,0.1053068664430417,0.8136075842258328
-0.6873335249364765,-0.35780808000571274,0.999887250071094,1.8661578445261424,2.0459515644774724,1.486223212840098,0.7098918584385356,0.1053068664430417,0.8105171743387197
-0.6106906140613595,-0.3297286375374899,1.000870792721897,1.8524732139920608,2.0459515644774724,1.486223212840098,0.7098918584385356,0.1053068664430417,0.8105171743387197
-0.7518789096889327,-0.7668322747717325,1.0064971624868304,1.8524732139920608,2.0356567271883543,1.486223212840098,0.7098918584385356,0.1053068664430417,0.8105171743387197
-0.9752876891185092,-0.8728728627296486,1.0016243533888711,1.8524732139920608,2.0356567271883543,1.494200560395572,0.7098918584385356,0.1053068664430417,0.8105171743387197
1.0047065073799901,0.8438852771563566,0.9722467242218159,1.8524732139920608,2.0356567271883543,1.494200560395572,0.6866699578853722,0.1053068664430417,0.8105171743387197
0.8987936579543739,0.787077442408027,0.9727565050873345,1.8524732139920608,2.0356567271883543,1.494200560395572,0.6866699578853722,0.087894889031932,0.8105171743387197
0.6870831041131934,0.36362541833018464,0.9804184944596508,1.8524732139920608,2.0356567271883543,1.494200560395572,0.6866699578853722,0.087894889031932,0.8137733683907497
-0.610701841023631,-0.6915591558215,0.9963134737919174,1.8343421284627472,2.0356567271883543,1.494200560395572,0.6866699578853722,0.087894889031932,0.8137733683907497
-0.7519340777160965,0.7473872269887298,1.0035665978506225,1.8343421284627472,2.0172839154927744,1.494200560395572,0.6866699578853722,0.087894889031932,0.8137733683907497
0.9741057315946862,0.9137863253573478,0.989621268563,1.8343421284627472,2.0172839154927744,1.4861613265618951,0.6866699578853722,0.087894889031932,0.8137733683907497
1.0047036183278326,0.8642906247829786,0.9903033680291514,1.8343421284627472,2.0172839154927744,1.4861613265618951,0.6630089808528972,0.087894889031932,0.8137733683907497
0.8988178239490658,0.8017999078981068,0.9790223620442753,1.8343421284627472,2.0172839154927744,1.4861613265618951,0.6630089808528972,0.07072554781059046,0.8137733683907497
0.6870801662634185,-0.3726289868268326,0.9886552283178643,1.8343421284627472,2.0172839154927744,1.4861613265618951,0.6630089808528972,0.07072554781059046,0.803064701091312
-0.6107025861307847,-0.33111219578783363,0.9918098580224353,1.8206449198449817,2.0172839154927744,1.4861613265618951,0.6630089808528972,0.07072554781059046,0.803064701091312
-0.7519332947272841,-0.7658396063460934,1.0006187086482754,1.8206449198449817,2.0069523224202066,1.4861613265618951,0.6630089808528972,0.07072554781059046,0.803064701091312
-0.975401485891569,0.8123709843662317,1.0165118234311505,1.8206449198449817,2.0069523224202066,1.4631618514720708,0.6630089808528972,0.07072554781059046,0.803064701091312
-1.0074913381264217,0.8635002908538003,1.0082732763026352,1.8206449198449817,2.0069523224202066,1.4631618514720708,0.6549045005981516,0.07072554781059046,0.803064701091312
0.8988293112345551,0.7875385297442797,0.9852613722137591,1.8206449198449817,2.0069523224202066,1.4631618514720708,0.6549045005981516,0.05378098686078489,0.803064701091312
0.6871496479655356,-0.35480240565602594,0.9969535620707903,1.8206449198449817,2.0069523224202066,1.4631618514720708,0.6549045005981516,0.05378098686078489,0.792737793980317
0.6063843169140717,-0.7073350599051291,0.9872779858825957,1.8215036597939451,2.0069523224202066,1.4631618514720708,0.6549045005981516,0.05378098686078489,0.792737793980317
-0.751980849712763,0.7833362336814107,0.9976857638750858,1.8215036597939451,1.9884134380894622,1.4631618514720708,0.6549045005981516,0.05378098686078489,0.792737793980317
-0.9753990504682108,0.8494390850998682,1.004291204750777,1.8215036597939451,1.9884134380894622,1.439561471398212,0.6549045005981516,0.05378098686078489,0.792737793980317
1.0047351848212638,0.8644924347744732,0.9859072053818518,1.8215036597939451,1.9884134380894622,1.439561471398212,0.6311096899718722,0.05378098686078489,0.792737793980317
-0.9035258434018916,0.7881546020510009,0.9914675950940575,1.8215036597939451,1.9884134380894622,1.439561471398212,0.6311096899718722,0.07301600635808622,0.792737793980317
-0.6873649019388507,-0.3588841903110938,1.0053150486597764,1.8215036597939451,1.9884134380894622,1.439561471398212,0.6311096899718722,0.07301600635808622,0.7891971683970509
-0.6107353090879768,-0.33080117052276814,1.0071429756521635,1.8078151711064827,1.9884134380894622,1.439561471398212,0.6311096899718722,0.07301600635808622,0.7891971683970509
-0.7519715630912345,-0.7699768293377701,0.994745897343011,1.8078151711064827,1.9780855224301859,1.439561471398212,0.6311096899718722,0.07301600635808622,0.7891971683970509
0.9743428752581211,0.8168767301077894,0.9919887999747402,1.8078151711064827,1.9780855224301859,1.4327122271756083,0.6311096899718722,0.07301600635808622,0.7891971683970509
-1.0075393527982561,0.8650536458443685,1.0036918484189838,1.8078151711064827,1.9780855224301859,1.4327122271756083,0.6232569350566584,0.07301600635808622,0.7891971683970509
0.8989038073580787,0.7886508907346299,0.9616052621185424,1.8078151711064827,1.9780855224301859,1.4327122271756083,0.6232569350566584,0.05656547744103235,0.7891971683970509
0.6871931528870255,0.3655267965498062,0.9862506975823956,1.8078151711064827,1.9780855224301859,1.4327122271756083,0.6232569350566584,0.05656547744103235,0.792922182864335
