Time,Agent[1],Agent[2],Agent[3],Agent[4],Agent[5],Agent[6]
0.0,8.0,8.0,8.0,8.0,8.0,8.0
0.02,7.9876864206734455,7.993830767562938,8.006080010902092,8.012185589477044,8.006055067326557,7.993805162523213
0.04,7.974992473442342,7.987433120976318,8.012184972786926,8.024498253491608,8.012085894892277,7.987332102539648
0.06,7.961853251433168,7.980744246946137,8.018255584032275,8.036880336273937,8.018034022881942,7.9805186248999815
0.08,7.94820574466179,7.97370292260543,8.024233691153363,8.049275083422598,8.023842084322814,7.973304183649705
0.1,7.933988865611802,7.966249621729787,8.03006232471415,8.061626675212793,8.029453898630624,7.965629900807166
0.12,7.919143473395267,7.958326546975784,8.035685735612706,8.073880258296661,8.034814493230144,7.9574385841843664
0.14,7.903612396648847,7.949877660979041,8.041049430016272,8.085981976473553,8.039870124117167,7.948674743909032
0.16,7.887340455136941,7.940848716304652,8.046100203285368,8.097879000508408,8.044568295362442,7.939284607652365
0.18,7.8702744800682005,7.931187284234883,8.050786172858277,8.109519556981214,8.048857777556012,7.929216134571033
0.2,7.852363333135041,7.920842782384193,8.055056810071822,8.120852956152145,8.052688625191506,7.918419027974031
0.22,7.8335579242889875,7.909766501134556,8.058862970896621,8.131829618828231,8.05601219299072,7.906844746726921
0.24,7.813811228267584,7.897911628886616,8.062156925566995,8.142401102218422,8.058781151169422,7.894446515407714
0.26,7.793078299891502,7.8852332761245965,8.064892387087419,8.152520124764546,8.060949499645632,7.881179333230144
0.28,7.771316288153178,7.871688498294936,8.06702453859875,8.16214058993613,8.06247258119184,7.866999981751585
0.3,7.748484449121021,7.857236317500587,8.068510059588588,8.171217608977333,8.063307093532588,7.8518670313842
0.32,7.724544157685886,7.8418377430145165,8.069307150931031,8.179707522594185,8.063411100388834,7.8357408467293075
0.34,7.699458918179196,7.825455790617548,8.069375558741639,8.187567921570286,8.062744041470234,7.818583590756239
0.36,7.673194373894706,7.808055500766974,8.068676597033985,8.19475766629876,8.061266741416317,7.800359227848394
0.38,7.645718315548786,7.789603955603551,8.06717316916426,8.201236905217982,8.058941417687189,7.781033525740657
0.4,7.617000688716823,7.770070294805582,8.064829788050629,8.20696709213801,8.055731687404155,7.76057405637386
0.42,7.587013600286365,7.749425730299644,8.061612595153784,8.211911002444143,8.05160257314034,7.738950195693756
0.44,7.555731323970702,7.727643559838281,8.057489378205025,8.216032748163437,8.046520507661192,7.716133122423802
0.46,7.523130304929862,7.7046991794556785,8.052429587667755,8.219297791879251,8.040453337614512,7.692095815843138
0.48,7.48918916354939,7.6805700948127384,8.046404351917756,8.221672959478324,8.033370326169608,7.666813052603525
0.5,7.453888698430939,7.655235931443393,8.039386491127031,8.223126451714082,8.025242154605149,7.640261402621594
0.52,7.417211888652593,7.628678443914158,8.031350529835175,8.223627854569203,8.016040922845354,7.612419224085661
0.54,7.379143895360866,7.600881523908948,8.022272708191407,8.223148148399769,8.00574014894449,7.583266657619742
0.56,7.339672062760715,7.571831207251058,8.012130991849416,8.2216597158426,7.994314767519962,7.552785619650962
0.58,7.298785918574481,7.541515679873828,8.000905080496008,8.219136348466767,7.981741127134912,7.520959795030773
0.6,7.256477174045539,7.50992528275092,7.988576414993421,8.215553252149586,7.967996986631961,7.487774628964957
0.62,7.212739723567572,7.477052515796306,7.975128183113721,8.210887051156826,7.9530615104207785,7.453217318312542
0.64,7.167569644025778,7.442892040742917,7.960545323842358,8.205115790906342,7.936915262723284,7.417276802319485
0.66,7.12096519394201,7.4074406830074295,7.944814530226252,8.198218939393808,7.919540200781892,7.3799437528593606
0.68,7.072926812521703,7.370697432546799,7.927924250740167,8.190177387258856,7.900919667037861,7.34121056426039
0.7000000000000001,7.023457118706642,7.332663443709873,7.909864689143196,8.180973446469535,7.881038380288999,7.301071342805964
0.72,6.97256091034389,7.29334203408466,7.890627802795258,8.170590847602755,7.859882425838348,7.25952189600459
0.74,6.920245163587694,7.252738682338428,7.870207299401305,8.159014735698204,7.837439244648374,7.216559721734782
0.76,6.866519032657705,7.210861025043945,7.848598632148688,8.146231664663189,7.813697621518374,7.172183997381091
0.78,6.811393850083405,7.167718852480427,7.825798993200654,8.132229590205814,7.788647672306628,7.126395569089229
0.8,6.754883127571048,7.1233241033923305,7.801807305506378,8.11699786127423,7.762280830223036,7.079196941281193
0.8200000000000001,6.697002557635599,7.077690858682785,7.776624212885099,8.1005272099799,7.734589831222828,7.030592266585568
0.84,6.637770016145919,7.030835334011126,7.750252068339074,8.082809739983448,7.705568698537499,6.980587336353859
0.86,6.577205565936547,6.982775871255483,7.722694920546904,8.063838913322314,7.6752127263852294,6.929189571950865
0.88,6.515331461643706,6.933532928791831,7.693958498485598,8.043609535660398,7.64351846291017,6.876408017026004
0.9,6.452172155926092,6.88312907052974,7.664050194126295,8.02211773994109,7.6104836924078,6.822253330992957
0.92,6.38775430723247,6.831588953632692,7.632979043145065,7.999360968426604,7.576107416902527,6.766737783967552
0.9400000000000001,6.322106789277349,6.778939314836616,7.6007557035865885,7.975337953108326,7.540389837153618,6.7098752534380175
0.96,6.255260702382643,6.725208955264454,7.5673924324146995,7.950048694475189,7.503332333176852,6.651681222968281
0.98,6.1872493868364895,6.670428723616705,7.532903059880046,7.9234944386296915,7.464937444381803,6.592172783263361
1.0,6.122448388886701,6.614631497598117,7.497302961631256,7.895677652744419,7.425208849438794,6.531368635956546
1.02,6.056462848822364,6.557852151645477,7.460609028492199,7.8666019988556695,7.384151346005312,6.469289088984918
1.04,5.993673598142866,6.5044510093523815,7.422839633766047,7.836272305995164,7.341770830459355,6.4059560807035965
1.06,5.929683897235363,6.450049123838238,7.384014586945124,7.80469454066575,7.298074277747757,6.341393176112513
1.08,5.868879905058101,6.399011644554189,7.344155109806594,7.771875775617434,7.253069721666289,6.275625601003036
1.1,5.811211467803234,6.35128720852207,7.303283778690674,7.737824157066727,7.206766235623418,6.2086802447994005
1.12,5.752279717258043,6.302493510819088,7.261424482506258,7.702548870231914,7.159173914297786,6.145073638785357
1.1400000000000001,5.696479612357566,6.257004000468214,7.218602388624293,7.666060103311227,7.110303856276186,6.080249977891653
1.16,5.639410346151861,6.210433732844425,7.174843873288855,7.6283690100067485,7.060168130830434,6.018731008055507
1.18,5.585472223973809,6.167160639584498,7.130176487134347,7.589487670489228,7.008779782557698,5.955958712070707
1.2,5.534618845098864,6.122796970840795,7.089243293693156,7.549429050979061,6.956152794047492,5.891964526774304
1.22,5.482447296744873,6.081724961373323,7.047360283064511,7.508206946619318,6.902302097233756,5.831277440297813
1.24,5.433366340270212,6.043895836474023,7.004556114975504,7.46583595697271,6.847243562155089,5.769335717431148
1.26,5.382970936459434,6.004917439619421,6.965479267741077,7.42233143731163,6.790993966583391,5.7106739593254146
1.28,5.335274246565902,5.969179438662737,6.925439561664825,7.377709434704988,6.733571021602981,5.650728530203833
1.3,5.290238295454436,5.932284261563283,6.889089466610185,7.331986663604323,6.674993341844798,5.594037679943205
1.32,5.247825647948926,5.89862321426423,6.851735010336503,7.285180433630813,6.615280483858616,5.535574961816379
1.34,5.204018008050108,5.86379486410254,6.8134049057322015,7.237308626346724,6.559320344369512,5.480340977786106
1.36,5.162836415134623,5.832196106542459,6.778756579476623,7.188389644458731,6.5021567751485305,5.423295836389256
1.3800000000000001,5.124246118414403,5.803361083948571,6.743088911317048,7.1384423092941525,6.4438096645948235,5.368993025510791
1.4000000000000001,5.088599366814041,5.773303966286389,6.711060688478829,7.092518133622993,6.384297377940732,5.312862566304234
1.42,5.051075998746869,5.746009706909758,6.677966468890773,7.045492962593194,6.328515809676516,5.259465516423732
1.44,5.016113413729826,5.721849673049547,6.643831152749718,6.997384380834546,6.271498101413084,5.209199947215659
1.46,4.9836763193584535,5.695992804877503,6.61332124856531,6.948210245851257,6.212718431383168,5.157020137649448
1.48,4.9541171523826195,5.672860306017882,6.5817196498638175,6.903030061864511,6.152208117668572,5.107493330954069
1.5,4.922614454612262,5.652818381936755,6.549049800704975,6.856704898570434,6.095413604983895,5.05604501868161
1.52,4.893614530824172,5.631037053281972,6.519983425842143,6.809247993632954,6.0368088130074,5.0072498962835805
1.54,4.867469572906131,5.612344741738426,6.489290070714087,6.760675619476865,5.981317101623794,4.9615074044734495
1.56,4.839352351025861,5.591907038711004,6.457508488851623,6.71042802346134,5.923967461371286,4.913767511660362
1.58,4.814110369002579,5.574555092081919,6.428807575046666,6.664150982278866,5.870218246628593,4.86861468991382
1.6,4.791299835787838,5.555448138855377,6.398968168182775,6.616107693018408,5.814540160400433,4.826006323065619
1.62,4.770892570763683,5.539421834636877,6.36750375714964,6.566331481213626,5.756964675542686,4.781808516022859
1.6400000000000001,4.748846867633266,5.521627015190528,6.339610259052925,6.520471088034296,5.70242885967326,4.740142054796069
1.6600000000000001,4.729221123770104,5.5069058751358435,6.310032778106798,6.472787664011523,5.6464845846775695,4.700965601243452
1.68,4.712376390782684,5.494786222852906,6.283478299081512,6.423309227721405,5.593519556439618,4.66423883164336
1.7,4.693466161809599,5.481251147774698,6.2557054174534725,6.377694220389178,5.538551343547308,4.625825709543008
1.72,4.676964418859016,5.470307037556941,6.226233127776767,6.330198692427419,5.486531094476794,4.589859820645182
1.74,4.663231256380055,5.457932672917723,6.200259224553637,6.280851438462558,5.433004782196271,4.556302059970973
1.76,4.651828382836568,5.448139362030559,6.172526577628354,6.235317719034816,5.382372323595907,4.521020591465477
1.78,4.63870265853507,5.436901263083482,6.143563110496439,6.18784864315379,5.32965094588126,4.48815200109375
1.8,4.627927135857837,5.428232479875802,6.117560319854942,6.138476486233454,5.279803672927819,4.457662493275905
1.82,4.619864529027966,5.418102390558218,6.090268202156186,6.092871991166199,5.228369871842587,4.429517077274492
1.84,4.609652798217693,5.410528116425858,6.061197687104602,6.0452798155888114,5.179764134403429,4.39957364621487
1.86,4.6021739285738485,5.4014740347963315,6.035563346350461,5.995734075536501,5.12899832118316,4.3719855872402915
1.8800000000000001,4.596986307687076,5.395370482804099,6.008087237116025,5.949916793810274,5.0810469910485665,4.346722898053438
1.9000000000000001,4.590029150144897,5.3873354090230485,5.97930468346739,5.902063715231542,5.031447345458446,4.324197751175722
1.92,4.585382994410772,5.3778320016042995,5.953409004794298,5.852209972991249,4.9846241245111305,4.2993488098050054
1.94,4.583412646009163,5.37087612517246,5.925645302959499,5.806047460079952,4.940520413162542,4.276812563537107
1.96,4.579244229950053,5.362427177380965,5.896537005603024,5.757805535042699,4.894679600559657,4.257003327399008
1.98,4.577769094783475,5.356502561353738,5.870294016289275,5.712628619694944,4.85152814654112,4.234854095986029
2.0,4.5741111416988645,5.349058601660374,5.8426447218712765,5.665888428900008,4.806077027500723,4.215460930706126
2.02,4.5731638489706405,5.339707067631459,5.81309840186558,5.617035057739554,4.763320796486501,4.198318010876512
2.04,4.574487132264588,5.333315896557221,5.786888573698354,5.571218618343824,4.723736506936842,4.183402004577128
2.06,4.573997028612637,5.325400848976319,5.758715225793771,5.523807090851394,4.681772543120254,4.166554354506995
2.08,4.575791975219247,5.319983468962317,5.728613917981564,5.479369392758204,4.6424345378258085,4.151958130175411
2.1,4.58023102510548,5.313010638371888,5.701819735469296,5.432711909359599,4.601261463717796,4.1400385849327535
2.12,4.582817745566916,5.3040869782752615,5.673030924862711,5.3844371655807945,4.56269832287504,4.125709534341002
2.14,4.583200867874813,5.298094775174814,5.642773729985085,5.339118639199282,4.526702223718026,4.113638531521244
2.16,4.586289016207601,5.290117199148269,5.610559499107468,5.2915611051455755,4.488274770548143,4.104243727683551
2.18,4.5916329025064755,5.280613114378284,5.581641463159424,5.2469333091199575,4.45295986412507,4.0970316379828935
2.2,4.5951379009764155,5.273612577800072,5.550695512857847,5.200592030780811,4.420158262552573,4.087829600944719
2.22,4.600910615156096,5.265046850060831,5.517754930018254,5.157129101467949,4.384871349473085,4.0808396584266715
2.24,4.604848642467681,5.254519294966705,5.488081417206156,5.111343557452431,4.352657775466725,4.076487694046422
2.2600000000000002,4.611455689633936,5.246914019749163,5.456346559684278,5.068975883831323,4.32291558793283,4.069672316781437
2.2800000000000002,4.615815842754433,5.2373079684135595,5.423086497727201,5.024235848412073,4.290645691250736,4.06553009811793
2.3000000000000003,4.62284965651236,5.2261493977410325,5.387805291158616,4.982313395747419,4.261414754651392,4.063558194918292
2.32,4.627639523269253,5.21748387892579,5.355276603786771,4.938564396586303,4.234624598345343,4.064190508858518
2.34,4.635104967687978,5.2072220732787144,5.321187254245801,4.897590928980111,4.205269926191509,4.062308311899332
2.36,4.640720282923696,5.195385710445911,5.289789356346456,4.85418775928536,4.1789288899869,4.063061427067244
2.38,4.648595037946711,5.186013645037195,5.2562732035773045,4.813554018975738,4.155003577292494,4.065949898053618
2.4,4.654616635663683,5.175021204992783,5.221168533869703,4.7710380978792,4.133463248474707,4.066781933014707
2.42,4.662898713023827,5.162000983178096,5.188733796376345,4.731259586369451,4.109823576983226,4.069779208267706
2.44,4.669320114292479,5.151861294227855,5.154155536173014,4.689007202182582,4.08858504624302,4.075371863780897
2.46,4.673916716681989,5.139645599007519,5.122715837815709,4.650053792438443,4.0697176060484965,4.0784321726727155
2.48,4.680803773188817,5.125811789546189,5.08907126752779,4.608595573240233,4.048730739767011,4.084117427867814
2.5,4.685853418475117,5.1099509670348935,5.053766281222914,4.569850190663342,4.030134343485859,4.091929293575699
2.52,4.693187076798956,5.096562704752915,5.016305598567207,4.533768838832765,4.014432407768564,4.097658451750032
2.54,4.698668608405217,5.0815358448640024,4.981487133099472,4.495684638859754,3.9960370803096397,4.105544936114921
2.56,4.702333367515227,5.064470272648781,4.944986975741201,4.460244491856931,3.980032203605788,4.116007937819662
2.58,4.708297091002916,5.050280734054104,4.911078225519694,4.4222316276971165,3.9669127475743013,4.124365189377787
2.6,4.7124247833652415,5.034000054873752,4.874933416535529,4.387433032985541,3.956096203298422,4.134851086297249
2.62,4.718840935593283,5.016079400700194,4.84186332630289,4.355215271768526,3.9430859217496215,4.14325310811633
2.64,4.7233999900504,5.00058434507278,4.8065076243658496,4.320358497772234,3.9324065697268953,4.1538118525815655
2.66,4.726136043112614,4.9833999567533365,4.768908829051231,4.288665357701632,3.924039112837179,4.162305346507221
2.68,4.731166397214622,4.9641181705095025,4.734389324098793,4.254319891467134,3.9184768946772692,4.172979594050949
2.7,4.7343486243721165,4.943193905415366,4.6975800287295995,4.222575931006198,3.9101320888467477,4.186251834478963
2.72,4.735307071763702,4.924698978448097,4.663306130128587,4.193949726801562,3.904626973469004,4.197423061147659
2.74,4.738990071526519,4.904088970701471,4.626727200851568,4.162617227420435,3.901385517143786,4.210737751387179
2.7600000000000002,4.740425216190427,4.8818152513522834,4.593170184143907,4.133846298709883,3.895890481699721,4.2219654930821
2.7800000000000002,4.7400515517166655,4.86195595142612,4.557268662297941,4.108154898052849,3.892689713412519,4.235358337621102
2.8000000000000003,4.742405985156531,4.840385023873255,4.523858015142578,4.0797155184780305,3.89229182922743,4.246675012650538
2.82,4.7424990376876295,4.816693604477411,4.488595076134276,4.053805875055772,3.889083693231588,4.260624840663814
2.84,4.74078032183513,4.795830888402864,4.455792537213822,4.030947321816551,3.888712681873842,4.272031928796595
2.86,4.741383410089188,4.772795257843003,4.420605384534244,4.005304239488748,3.8905964456762483,4.286083036642015
2.88,4.740139542140376,4.747623112280803,4.388382185893096,3.982169902253138,3.8902065210067116,4.297602612558183
2.9,4.736670954375546,4.725269538680297,4.353742838691484,3.962061295592925,3.892103861984438,4.3117739209513966
2.92,4.735934598881098,4.700728696556144,4.321541800817254,3.944360251419583,3.8967974154916805,4.3238693656353675
2.94,4.732937011172704,4.678541744395165,4.292233553042833,3.924375219116895,3.8986596462718106,4.333476672679203
2.96,4.728117257879357,4.654562051481014,4.260431532195832,3.9068163852505626,3.9033549768725844,4.345783540710086
2.98,4.726023198454178,4.628387649627344,4.2310045135540495,3.8916544686782664,3.91029747286268,4.355604537925032
3.0,4.721643944914778,4.604990925014673,4.199600491935978,3.874188688366957,3.9149409608201067,4.368126116897623
3.02,4.715424997747144,4.579350146105006,4.17055448153587,3.8591416808138272,3.9218667120327946,4.37860885518018
3.04,4.7069807858425365,4.55150924373659,4.1390119805270675,3.846489692283758,3.9315753062973293,4.391315016040652
3.06,4.701292313310815,4.526445429330808,4.110352487639169,3.8367452976470005,3.9384306323296303,4.401974590028364
3.08,4.693333041419442,4.4991344421381285,4.08399619069867,3.8240711740391626,3.9480997032829515,4.414858094071834
3.1,4.683552423900302,4.474139123394854,4.055085559405894,3.814340873663792,3.9600070658762356,4.4256848909878395
3.12,4.676098774745527,4.447305660027008,4.028504598284718,3.8069409688641587,3.9695804914308845,4.4344932187095205
3.14,4.666778584316547,4.4182263132631014,4.004710825943431,3.797161600294602,3.981948087195912,4.445550991263358
3.16,4.655203378983925,4.391469361177748,3.9783134497366643,3.789743360737944,3.9914543182056095,4.454578166445715
3.18,4.646365642728018,4.3628782549864225,3.9542100080475224,3.7846679974484507,4.003781666385128,4.461154628618498
3.2,4.6352252490339545,4.336576055108287,3.932856942138634,3.7772032488134615,4.013271074580343,4.4704805935424865
3.22,4.621825336062591,4.307978304492199,3.9088599800101487,3.772112731115184,4.025605264796397,4.477789768065926
3.24,4.611159730027102,4.282088429472927,3.887631113925514,3.7699159937812263,4.04020358455032,4.48735388880154
3.2600000000000002,4.59818925537724,4.253870504665713,3.863761713358167,3.764756142551864,4.052477416311725,4.494880092202443
3.2800000000000002,4.583355802522081,4.227909423871407,3.8421653147002144,3.762527897712602,4.0675641926731725,4.499945442746068
3.3000000000000003,4.570834834009398,4.200043632052451,3.823311156705103,3.762623215798954,4.079789627362137,4.507760241055812
3.3200000000000003,4.556407072284718,4.174407710053586,3.8017891961076145,3.765573271720642,4.094847124969193,4.513545348975918
3.34,4.539685284925207,4.146415241338458,3.782521547813168,3.7655015895777213,4.107063397454913,4.516869565767216
3.36,4.52568731712519,4.121085879544433,3.765979007632827,3.768321184598449,4.122129520117198,4.522952486222616
3.38,4.509347714672144,4.093373721238534,3.746745016231875,3.768151416756665,4.134370953094705,4.526548921544546
3.4,4.490711615309217,4.067879402850703,3.7297562680958265,3.7709100063013756,4.149474609287438,4.528161968570658
3.42,4.474797731659608,4.0449850081326755,3.7154776294039134,3.7759838153180416,4.162283789009991,4.532082095538925
3.44,4.4565409101973295,4.019639957908819,3.7033571303970834,3.783905056602803,4.177417516260095,4.533989977872483
3.46,4.436391684474397,3.996454468293036,3.689004173820397,3.788783962657742,4.1902614842213515,4.533913293871837
3.48,4.418541329342692,3.9708315149553317,3.6768305454706702,3.796547352199661,4.205444644260278,4.536137776758284
3.5,4.398348947725345,3.9478076457703275,3.666812573946947,3.8013013507534033,4.218341906840423,4.536343365845313
3.52,4.380847000828882,3.922332737372528,3.659422495272825,3.808971512180084,4.234107739008497,4.534091384853266
3.54,4.360962719623587,3.899026751828901,3.64923287465864,3.818955362536613,4.247037541886711,4.5346226140905275
3.56,4.339148935122334,3.8782738983297356,3.6417057539540933,3.8264792469276365,4.262838544853424,4.532660727703485
3.58,4.319606975704136,3.8550207404317582,3.636282672391339,3.8363524560751987,4.275807979499202,4.528713933184295
3.6,4.2976869721187825,3.833897811430755,3.628570585815527,3.8490904134537973,4.291648556938313,4.522342429991233
3.62,4.278441071978718,3.810720721331685,3.622992177504668,3.8593449022584765,4.305178097485882,4.518789840521131
3.64,4.25677868766933,3.7896750465021407,3.6195338738918026,3.8719139654098282,4.315906531524168,4.51277525623644
3.66,4.232749380248845,3.770723541703809,3.6137827365113013,3.882025479792064,4.329553865985077,4.509544540067516
3.68,4.211410238046202,3.7496794955803,3.6101819584450303,3.8944859039848545,4.3403957218432065,4.503810199843872
3.7,4.187667668281262,3.730736090209857,3.6092117011772293,3.9098198258122867,4.354148667311305,4.49607593985228
3.72,4.166179748434713,3.7138588120699105,3.605424702339034,3.922107292440104,4.365610811912103,4.485902988738792
3.74,4.142691189647027,3.6948602258262477,3.6043047426144508,3.93729476477171,4.374285409977507,4.478550626749031
3.7600000000000002,4.12142892672002,3.6779388239734923,3.6052975456136016,3.950016284795005,4.385906180830569,4.468716853518355
3.7800000000000002,4.097731239592297,3.6630652707546827,3.6088877544181974,3.965078052553999,4.3947305957226375,4.456909110448362
3.8000000000000003,4.076670485124808,3.6460449238370733,3.6096155744665124,3.9776924635096447,4.406486757833879,4.447441890617004
3.8200000000000003,4.053146397861466,3.6310875877323783,3.6129808419638785,3.992675473618277,4.415958378084832,4.43596097740064
3.84,4.031832608116774,3.618593638408054,3.618426775626647,4.005226299773292,4.422638569205117,4.422020724048121
3.86,4.008467027375135,3.6034866453527052,3.6215290036237637,4.020172997417753,4.432279840177862,4.4104342567821835
3.88,3.9872942079576097,3.5904339300700436,3.626750715305843,4.038026133724414,4.439111193322361,4.396831232063092
3.9,3.9636404825506815,3.5798368386733386,3.6345755083889206,4.053398691803503,4.4437211101626275,4.380774013611846
3.92,3.9425971167773404,3.5666141835202727,3.6395322924645463,4.065781658042261,4.450779969674848,4.367537646430119
3.94,3.9190556179559732,3.5554452582758866,3.6471329020861694,4.08114585372423,4.4555901426109585,4.3518042713145695
3.96,3.8977047408199934,3.5467257190890686,3.6568204441164767,4.093534779715252,4.458191521264899,4.338859571726522
3.98,3.874274637021085,3.5353749413227087,3.664154438500181,4.108914411229164,4.4632395792960775,4.323377289752657
4.0,3.8530256417508335,3.5265069549265564,3.6736141792491455,4.121882867560085,4.46604841247534,4.305407644771637
4.0200000000000005,3.833913439434304,3.5196418059285466,3.6856802681127396,4.137265675173915,4.466110636541865,4.290237138408761
4.04,3.8126696719061335,3.5147578669078707,3.6948723279086333,4.150239057789036,4.469188949674286,4.272537033143019
4.0600000000000005,3.7935590574770592,3.507640037455811,3.706703124026385,4.1656394409223765,4.469489533201799,4.257608524511234
4.08,3.771898838189852,3.5025334710807643,3.7206291692188245,4.178629316185816,4.4675962713588655,4.240112751072454
4.1,3.7528078857004226,3.4998439763119924,3.7321794673975655,4.194608057776635,4.468190921014591,4.220101562139307
4.12,3.7311630983663306,3.494472220329961,3.7463597854209953,4.207587160317699,4.466559586618404,4.2028766399910635
4.14,3.71167659643386,3.4915553304667064,3.7576675907317734,4.223558383126106,4.46219650007543,4.183100124362093
4.16,3.6947230121685015,3.4906144895361235,3.771636526507303,4.236532424143211,4.460875562409846,4.16608516054684
4.18,3.6751756877985264,3.492064408903305,3.7877100571502322,4.2524963163976235,4.456785986634469,4.146484925082231
4.2,3.657757385613139,3.4907898260509374,3.8014157481365087,4.2654627816017605,4.450511914102448,4.12435084872271
4.22,3.642844679170455,3.4915116786198794,3.8172603858168035,4.276046982540779,4.44674361521643,4.105002653975313
4.24,3.6253039097110564,3.494634153624749,3.8307577048427786,4.289664763298846,4.440750863608304,4.0830885863123285
4.26,3.6098680246320547,3.4950455594119285,3.846922390030714,4.300307270339335,4.432032529674651,4.063476712112387
4.28,3.5969142784556354,3.4978945190105164,3.8602358322465347,4.313976778196367,4.426369693350369,4.041754822453008
4.3,3.5813057106456267,3.5027142139540204,3.8762402154093794,4.324662867780717,4.41793828381065,4.022311244129835
4.32,3.56778699187887,3.509907467483625,3.8894177886027372,4.332984195887111,4.40732204901965,4.000741475804622
4.34,3.556732485931694,3.514353973701845,3.905306523018461,4.344364291508517,4.399222052078125,3.981426285442989
4.36,3.5430070721627525,3.521213833138815,3.9238543637616052,4.3527753393680095,4.388902346442183,3.959497236813153
4.38,3.5317736412486145,3.5300176757789563,3.939528150851996,4.3588446971518024,4.375849699053459,3.940298869375656
4.4,3.522562135125816,3.53651540691031,3.9578802215455147,4.367438057946909,4.365867710075298,3.9184653587757565
4.42,3.510666466348443,3.5449962715245253,3.9733793675874822,4.373665944598136,4.353110606166514,3.8988851006826715
4.44,3.501254797487609,3.5558632761666877,3.9915727276013673,4.377009338636676,4.343392196468213,3.8771416833414762
4.46,3.493861238976705,3.564416995439699,4.007430313096071,4.383475955823834,4.330855570190488,3.8576381537828706
4.48,3.483777145963856,3.5749409353325543,4.025468162540883,4.387593810286498,4.315563818150505,3.83549546633166
4.5,3.476172568082193,3.587851489936263,4.041178539116237,4.388823496170218,4.303325777586501,3.81606817766896
4.5200000000000005,3.470589147221649,3.5980008087716806,4.059090175189089,4.393194103438553,4.288289669353382,3.793988269282263
4.54,3.4674148092325057,3.6105739189475865,4.074679500424976,4.394649008247409,4.27627919112586,3.7741574577158117
4.5600000000000005,3.4614903240732597,3.620420754942111,4.087998927041807,4.399218683817058,4.261432306265477,3.7569950201468996
4.58,3.4580092600860763,3.6327256996807757,4.103565685462357,4.400847425785572,4.2443432703975255,3.7371245308631216
4.6000000000000005,3.4518049743801336,3.6470168685823774,4.116862043709237,4.400152179102472,4.2297386443477905,3.7199316025778213
4.62,3.447663157386867,3.659015588215698,4.132415121600594,4.402021038933869,4.212321402062387,3.700025030693357
4.64,3.4459683018733713,3.673463685366486,4.145694755624189,4.401533017692565,4.197922267982625,3.682324160367766
4.66,3.4462647677885077,3.68519236537656,4.161740465590437,4.3981606048490836,4.180675137291711,3.667260289707874
4.68,3.4442287665197675,3.699401045788997,4.174976805406841,4.3979410956423655,4.161171174840385,3.649439869932406
4.7,3.44421822583719,3.7156113579558925,4.190977511328159,4.394802570673221,4.144155343055521,3.6337973365765244
4.72,3.446625280321077,3.7295357751870255,4.204168900514493,4.394787268387136,4.124317189729816,3.6207579356084163
4.74,3.4462675797697377,3.7454949873157277,4.2151170927953565,4.391818832710079,4.107500629190972,3.604929873531034
4.76,3.4483662413523275,3.76388527712592,4.228870289262188,4.386509297414527,4.0878298955617485,3.591254371777313
4.78,3.4524564657647456,3.7799674694684726,4.239836141854308,4.378334628487405,4.071165002314109,3.5752887338761603
4.8,3.4589345481093767,3.7980580815183065,4.253600896789818,4.373340791973182,4.051613800659526,3.561486636317226
4.82,3.46261136928496,3.8138619730953156,4.2645708255705115,4.365442921177492,4.034512715858053,3.5502847552719197
4.84,3.468716219454391,3.831703866460782,4.273313871872197,4.360694680438904,4.015065946384832,3.5362754112824244
4.86,3.476787409676793,3.8472771638565137,4.284379861108721,4.353001770107545,3.99277633637921,3.5244164948307546
4.88,3.4824863331759244,3.865339808265937,4.293200743233462,4.342980577344799,3.9735181239326596,3.5151386128088515
4.9,3.4901889694968458,3.8806983634062213,4.299816361938584,4.335548517894142,3.951388535078277,3.503038942094976
4.92,3.500293446282352,3.89856477683741,4.3087708162493685,4.325756089795519,3.931734283737072,3.4930803573083886
4.94,3.5075962227619875,3.9141792827276087,4.315498007135084,4.313064567039637,3.915039267478783,3.4856902098640226
4.96,3.5173370279793486,3.9318609241103126,4.319526810993729,4.303553077367459,3.895399582379287,3.475464606677326
4.98,3.529057442000069,3.947301715499221,4.32644292304672,4.291102849587011,3.8781757147285765,3.4678386226047166
5.0,3.538401863764962,3.964829587379103,4.330638318366845,4.281803863723664,3.8585565978813205,3.4622887599989953
5.0200000000000005,3.5497650360359945,3.980124649685402,4.337699453649181,4.269525150183834,3.8413421381995514,3.454365643032847
5.04,3.563533191307372,3.9979518500534885,4.342521996331519,4.254335670259868,3.8217307540281524,3.4485450697187376
5.0600000000000005,3.5745021322048536,4.0130973030354244,4.344619432192059,4.2423188145123865,3.80451255418073,3.444808482388263
5.08,3.58791347148166,4.030785914384489,4.349599310645517,4.227353185188942,3.7843498986885717,3.438685910852132
5.1000000000000005,3.5989685258228996,4.045802601094991,4.351827969662538,4.2155351847796885,3.767142936662371,3.434673267089024
5.12,3.6120635142252353,4.063370642627681,4.351868898128171,4.2007292952965845,3.7469817183515666,3.433214114017443
5.14,3.6275904594424846,4.078699847907714,4.354290840005145,4.18356603917541,3.7292425439227213,3.4288768377033887
5.16,3.6403267433621154,4.091399102566712,4.354496845550801,4.1689864920268525,3.7144127596122503,3.4271270982872246
5.18,3.6555290491258576,4.106696461734665,4.352006861361507,4.151450710709705,3.6965780446708925,3.4274418895104954
5.2,3.6679714536627777,4.119797069415182,4.352435082052829,4.137064034252306,3.6816641904008196,3.42980424499038
5.22,3.6829088855370475,4.135036645652542,4.350134579745975,4.119687940587232,3.6637432176799365,3.4297280139739783
5.24,3.700296375066943,4.1480735946998655,4.345665655011365,4.105442996371917,3.648209315861631,3.4317337081423607
5.26,3.714892374432254,4.158512302383886,4.343608192369337,4.088177593985928,3.6355574694582957,3.43625598410504
5.28,3.731966637081828,4.1715880554688765,4.339349149923145,4.0679580185973085,3.6198595833181506,3.4378617180073645
5.3,3.746277427519952,4.182491136698953,4.332407967494458,4.05090539007501,3.607061584391356,3.4420223989736796
5.32,3.763091522344364,4.19556588805482,4.328409206366113,4.030868391886457,3.5912224121187086,3.4482277289695276
5.34,3.7775804018043506,4.206455636968694,4.321692508376708,4.013985269856207,3.577755806750811,3.451985431386689
5.36,3.794158993870973,4.214763564449313,4.317889317075751,3.994089800639227,3.5671595011725934,3.4578242865458866
5.38,3.8132165088662613,4.225729843474573,4.311333455524003,3.976766203343069,3.5534952739542955,3.466183529438424
5.4,3.829496451832407,4.234535188090462,4.3025871580589135,3.9569989631328415,3.542724333815328,3.4716150821297553
5.42,3.8482762039619396,4.245526481395538,4.296243673099598,3.939784028191127,3.5288961549150133,3.479604955432533
5.44,3.864711748084091,4.254339196922986,4.287677402370438,3.920114763823402,3.5174391921249066,3.489642182891915
5.46,3.8832304619286426,4.260568429977168,4.276400179136257,3.9029804653722566,3.50885612324352,3.497220914601966
5.48,3.8994184150158593,4.269468027851893,4.268065938114831,3.8828088730813817,3.49719402209323,3.506885138151237
5.5,3.9181259661087666,4.275766073263389,4.25698418033429,3.865754027951369,3.4884325284835205,3.5190694346124127
5.5200000000000005,3.934073821016546,4.279950087862159,4.243725299816975,3.8456435731992644,3.481963938829123,3.5287870466200215
5.54,3.9525552891879787,4.28682283750937,4.232888605819252,3.828650495335691,3.4724049655031113,3.540568730792356
5.5600000000000005,3.9682946911709744,4.291097753483308,4.219328539716624,3.8085856506010227,3.4657330932812087,3.54991304640612
5.58,3.986580780153488,4.293266157527844,4.208701668564048,3.7910597583435135,3.4613538075881243,3.5613593184787016
5.6000000000000005,4.002548516458493,4.2976932782909545,4.1953166080041235,3.776587926625691,3.4544053637347414,3.5753537636856687
5.62,4.015822372936382,4.299989387334567,4.184838419682401,3.758984599475623,3.4497752376757154,3.5864207611715453
5.64,4.031700927079342,4.299743388286206,4.17156920761208,3.744444022067602,3.447976723434892,3.6000691784198446
5.66,4.044891489658435,4.302225614668222,4.15607954538924,3.7267642011298068,3.4430302581779353,3.6108216217118256
5.68,4.060689850406143,4.302137733607269,4.142988843657347,3.71157923921991,3.440411160010499,3.6241859060601698
5.7,4.074214911547267,4.304753389797228,4.127133577481523,3.693853566537783,3.440612748450865,3.6396498263578168
5.72,4.089913097483458,4.304773320197725,4.114190274747954,3.678617041399697,3.437667999585021,3.6526753434654875
5.74,4.10333457894362,4.302678451398894,4.098452209373971,3.665834409922372,3.437579464800642,3.668294827338747
5.76,4.1145237236430905,4.302858504073549,4.080491627000631,3.6504572737244074,3.439758799425836,3.6810110851106543
5.78,4.127926541371964,4.300896302999185,4.064937429700426,3.6375389736549377,3.4393200694427746,3.696350331330083
5.8,4.139088766039085,4.296825795131973,4.046621696996375,3.6220396644925956,3.4411818424455247,3.713793478187521
5.82,4.152464450433543,4.295024875670739,4.031232253235916,3.6090033900253546,3.4458544144323247,3.7287925681292613
5.84,4.163591696866647,4.290641580834257,4.013053858190629,3.598395791551943,3.447341426188809,3.746390843830984
5.86,4.17251224227726,4.2841608815857635,3.997787440266832,3.5851651710935926,3.451673454341456,3.7610723982012857
5.88,4.183674231227911,4.279979913762709,3.979703787400566,3.5743742569681585,3.458258449716577,3.7783784513933196
5.9,4.192615316951549,4.273670679690424,3.9640026942511435,3.5609790461623447,3.4621967925187898,3.792791640212954
5.92,4.203791137914713,4.264823550331127,3.9460051686276327,3.5500335127486267,3.4684241709313426,3.8098495312516247
5.94,4.212730683081051,4.258732008915997,3.930372917414949,3.5420767107938533,3.4774485765207257,3.8240353401430145
5.96,4.219053833507887,4.250068765689646,3.9124342887932846,3.5308848356493496,3.4832637886322946,3.840883103600104
5.98,4.228075029864162,4.244135054950546,3.896845688934871,3.5221335326309404,3.491912721253509,3.855336316341636
6.0,4.234879612544064,4.235597186650623,3.8784201956555098,3.516343368546948,3.4973815110523736,3.871979338092374
6.0200000000000005,4.239080384000853,4.224945538960977,3.8628744902467185,3.5073024777479995,3.505720868007682,3.8862399815856925
6.04,4.24600230972086,4.2165846163928355,3.8444758025843164,3.5012527240402775,3.516336695584032,3.9027096340755403
6.0600000000000005,4.250300734133849,4.206081229078296,3.828957326111411,3.491968621745283,3.524308164435618,3.91680434485415
6.08,4.257301895784424,4.1930133728079575,3.8105718289705686,3.485138698174217,3.534591914452891,3.933585175835431
6.1000000000000005,4.261659302062536,4.182267374676045,3.7945424935800007,3.4812802282667707,3.547689593641086,3.9475075862799422
6.12,4.263842455594625,4.169389880613654,3.776179201134874,3.4741738943051907,3.5575816810835446,3.9641248185125204
6.140000000000001,4.268747456586915,4.15880353030043,3.760165601986555,3.470070793630977,3.5703203522322284,3.9778935258225747
6.16,4.271009832268975,4.146062361935654,3.746459463461997,3.468344373151155,3.580418896387445,3.994365297355175
6.18,4.27110594853756,4.130749488058317,3.7303660456357055,3.463920058133581,3.5928294643113645,4.0084601858841715
6.2,4.273511921189672,4.118200310877387,3.716578796673018,3.4619024457862517,3.608071108192456,4.024772915192219
6.22,4.273727213650522,4.103048729174257,3.7004109175600504,3.462826594628114,3.6200934011399064,4.038708224928371
6.24,4.27135764160277,4.0901940738972105,3.686549677314307,3.460448078661607,3.634976956539853,4.049843805325276
6.26,4.271751780011792,4.075177492355441,3.669790877534409,3.461046715362804,3.646670524027792,4.063737131826433
6.28,4.26953003894309,4.062434296241133,3.6558869299257624,3.458365634370219,3.661252767113707,4.075293834132952
6.3,4.270047864595273,4.04750683671194,3.6442576435125096,3.458130265255149,3.672671679924648,4.089114531128375
6.32,4.267924167528597,4.029980805205056,3.630208699012527,3.460860008350188,3.6870030449968096,4.100591514937688
6.34,4.26363220147115,4.01476382596261,3.6184384000841807,3.460311941726339,3.7041940369497306,4.1143341561685345
6.36,4.26166441583923,3.9973921923181766,3.6037359355813434,3.46276303177011,3.718167891450328,4.125727323463766
6.38,4.257497269699222,3.9823088837425824,3.591868379536762,3.467598579051048,3.7350259815538926,4.134812731647614
6.4,4.25073842837402,3.965052685116629,3.582257476118848,3.469703864483523,3.748692397683856,4.146195951187857
6.42,4.2467547637822385,3.9500664055064383,3.570201172602747,3.4742258902764167,3.7652668731664383,4.155258502277484
6.44,4.240147984064845,3.932441953964761,3.5604142196960393,3.481690276052451,3.7786719266740896,4.166614032808244
6.46,4.23629190689482,3.9175437914584363,3.552865034287658,3.4858333231849876,3.795003756561212,4.175634858596671
6.48,4.229780037488349,3.8999881595185815,3.542840009922381,3.4929507482918107,3.8087183549424957,4.182365696353134
6.5,4.2210927509507385,3.8847022307024073,3.5350689556464507,3.5024283582977813,3.824811919542096,4.191411738277962
6.5200000000000005,4.21473595070108,3.867210504020017,3.524841367166872,3.5091372549439166,3.8383019725845653,4.198150144476346
6.54,4.206173532507024,3.8519764315040144,3.5168849147182364,3.518241255560069,3.854192487462622,4.202139557347845
6.5600000000000005,4.1950057951031825,3.83453079285007,3.5116923113701577,3.5246051905589395,3.8674882593229643,4.2089695788044015
6.58,4.186197998238261,3.8193327707179057,3.5034736436664535,3.533963631854764,3.8832032709417574,4.21303232491469
6.6000000000000005,4.175202957025542,3.8014639895143185,3.4975230540092,3.5456738746951713,3.896332894880028,4.219916578806694
6.62,4.166541318846289,3.786308361110339,3.494320154785926,3.554618798144514,3.912428534705565,4.224014961601753
6.640000000000001,4.155664827304529,3.768468036575177,3.488082250782033,3.5659519993637003,3.9253798151325303,4.225854889696036
6.66,4.142177352376017,3.7528944173898635,3.4846222125463835,3.57454979342708,3.9413052903662993,4.230068198908061
6.68,4.131481428404065,3.7399829000325377,3.483359355646844,3.5855697868108303,3.9540957985556924,4.231999297655485
6.7,4.118142316970917,3.7243386346712866,3.4795725192668194,3.599550656848995,3.969866447136832,4.236757988365372
6.72,4.107146239170369,3.7113648244842583,3.478009241285065,3.6101871704814155,3.9830454506662765,4.23871182781401
6.74,4.093931795466608,3.695652147433762,3.4786513991317776,3.623814122067853,3.99864257290134,4.238398589730027
6.76,4.078107032892206,3.68216593042452,3.47674994480175,3.6341245166955143,4.011647103894332,4.240447992834956
6.78,4.065084540844948,3.6713081618354395,3.477079353343798,3.6474522922247266,4.027079127662899,4.240204898034538
6.8,4.049421541372609,3.6576714570761446,3.480118072844476,3.65748906667595,4.0399156378411085,4.237221020497216
6.82,4.036115169071176,3.6462287764161383,3.4800730263254205,3.6705675688355446,4.049667183148783,4.2371160222445345
6.84,4.0205929321248535,3.632476445130695,3.482768484521659,3.6866327722493732,4.062460648240706,4.234240651218881
6.86,4.007404424399066,3.6209247345583977,3.4824055876594087,3.699348027787871,4.072705406226829,4.234222075457048
6.88,3.991983716089742,3.6119834868697644,3.4848182403869323,3.715074731021455,4.085420457650826,4.231409321262602
6.9,3.978878310720888,3.6002326369548983,3.4894356253291434,3.727479073528104,4.09557766225298,4.22633605828594
6.92,3.9630948285143477,3.5906612485449556,3.491504156580964,3.7429167532464054,4.108205395805143,4.223652434868522
6.94,3.9500617306916106,3.5787566977403884,3.4958060795060057,3.7550540999703017,4.118264860593783,4.218679298351114
6.96,3.934328559024041,3.5690432495599924,3.502831448325185,3.770244006265467,4.1252589303919205,4.21096939519738
6.98,3.92133915309184,3.561931399311672,3.5067584692619556,3.782718275575308,4.1353306884748555,4.2061612712993135
7.0,3.905632178154082,3.5519944846610567,3.513441799463972,3.7976638517337857,4.142869039461179,4.198586539899785
7.0200000000000005,3.8922300514948445,3.54423245545712,3.5170566328527664,3.809905832779798,4.152904067572215,4.1938944334997394
7.04,3.876549291948558,3.5390518042384795,3.5234566948729586,3.8246438745739972,4.160390469239547,4.186404479291071
7.0600000000000005,3.863160371402108,3.531025837417043,3.532072928794929,3.842407056079884,4.164820546431907,4.176181708406185
7.08,3.84705664640816,3.5256066452331307,3.5381277827691724,3.8568387781844735,4.172355701039617,4.168867317213287
7.1000000000000005,3.833683977477774,3.5173549414849252,3.5464304223229597,3.874309978060246,4.176816480703454,4.1587882793371636
7.12,3.817584762056832,3.511735795427762,3.5574622014431627,3.889030101736603,4.1843679738874755,4.151597613723088
7.140000000000001,3.8042182844378174,3.5082379922750806,3.5653893213132277,3.9004728921885947,4.188831924602481,4.141614299274796
7.16,3.788115270043581,3.501898291454829,3.5760783118058272,3.9150301721885827,4.190812250308863,4.129372469470426
7.18,3.774314052430076,3.49817464619003,3.5836869729389735,3.92632017138091,4.195917014119009,4.119554910833142
7.2,3.7631956703376037,3.496570398225827,3.594085500750222,3.9407314917226923,4.197940076413,4.107456385018322
7.22,3.749288491850747,3.49255302740543,3.6072232141206575,3.95188569435363,4.203070398800012,4.097758591774365
7.24,3.738072368050258,3.490679334403945,3.6172356302943,3.966168705777567,4.2050990847359655,4.085277059626549
7.26,3.7240640859942804,3.491371152726689,3.6300157735744754,3.9777654821981625,4.204645745681799,4.075679495246235
7.28,3.7123171339625856,3.4891683889831406,3.6396974215663427,3.9918946989420427,4.20676825996621,4.063273025841139
7.3,3.6982336193788203,3.4895595479988155,3.652175532143511,4.003335629218155,4.206384898915038,4.048591778847455
7.32,3.6864142209171216,3.4920373238993236,3.6615792717655395,4.01731712031438,4.202980221571949,4.036336298755722
7.34,3.6718328949632855,3.491621276153594,3.6738029982173,4.028606477231264,4.202749409077499,4.021788226470617
7.36,3.659972190790021,3.4937885178165975,3.688269501890084,4.042442551124357,4.199471022655698,4.009643578765507
7.38,3.6503434099982,3.4980500218329094,3.7001618578152424,4.053581002867177,4.199346047925535,3.9947047454159863
7.4,3.638341343567922,3.4998488742680114,3.7148414041771525,4.062077144863035,4.1961477536316885,3.982659849392198
7.42,3.6285773997293864,3.503771126065883,3.7264165200006123,4.073160110234818,4.196083787626424,3.9677993933360827
7.44,3.6160181219954453,3.510228860600519,3.74080289624629,4.081590963036986,4.192921362942129,3.9558246619959547
7.46,3.606160751356365,3.513755964937926,3.7521057547272485,4.0926079930449255,4.187276957412199,3.941012409158018
7.48,3.5985199697650505,3.519850057344323,3.766238603645473,4.100961940881712,4.184232657425235,3.928594472922235
7.5,3.5884804784560003,3.523039215288838,3.777306321549182,4.111900084281087,4.178681798947219,3.913829522702804
7.5200000000000005,3.5806685150538566,3.528825425234548,3.7912203415310586,4.1201632130621,4.170102078786363,3.901446395164144
7.54,3.5750522865446603,3.5367123631394057,3.802604793144839,4.125231813887706,4.164722181231144,3.8867089336005796
7.5600000000000005,3.5670076212107853,3.5421307014039396,3.8163001702070884,4.133519389832265,4.156284718479372,3.874340169469978
7.58,3.5611749157686816,3.549682339045252,3.83279817236302,4.139170800217363,4.151027519857449,3.859125663074807
7.6000000000000005,3.5529325038058275,3.5597762173648895,3.8461842820785397,4.14742645035823,4.14268810661983,3.8467790848204495
7.62,3.5469166284571854,3.5669349383752733,3.8623899141533853,4.153029847079504,4.136955555713678,3.8315743264690267
7.640000000000001,3.5431004799027166,3.57666541499981,3.875498333634143,4.155441827982259,4.128695478751762,3.8192366165424128
7.66,3.536845868570713,3.5839300942997623,3.891438068323955,4.161098882394258,4.117398787657007,3.8040277639478273
7.68,3.5328102228461797,3.5933242645126993,3.904813660062731,4.163547700686389,4.109302244362787,3.791202697405507
7.7,3.5313858502370024,3.6052722613435892,3.9151431752871777,4.1692299793093035,4.098141511229193,3.7760068586741324
7.72,3.5270583105574542,3.6142733548511288,3.9283709647083103,4.171686609589585,4.090162198287463,3.7631908148889104
7.74,3.5253688472926195,3.625856351749122,3.938559594925019,4.1773621907030964,4.0790928258692345,3.7531941134265736
7.76,3.52079413335363,3.634517771172734,3.9516514403296106,4.179794450801001,4.07119059347397,3.740269898197484
7.78,3.5188840543434843,3.645786986193771,3.9617090029831936,4.179623348601245,4.060173869761621,3.729687514975359
7.8,3.5191463262495764,3.654157852272922,3.974672936375016,4.182128608097421,4.046117481165443,3.7166847243642844
7.82,3.5169444934926077,3.665160191522059,3.9851255464950284,4.182009014201801,4.035268494941197,3.706023207221293
7.84,3.5169397162673524,3.678298312535947,3.9979361526331014,4.178734933604006,4.021354908567067,3.6929485213074447
7.86,3.519107461578959,3.688967413150415,4.0082325424882095,4.178758948409627,4.010637011687092,3.6822184939265403
7.88,3.5187922130415763,3.7022409029006234,4.020893034980837,4.175604241539376,3.996831209169407,3.673797064210298
7.9,3.520674944259395,3.712592407041446,4.03103738314774,4.175729552423663,3.9862113125590435,3.6629151692156463
7.92,3.525149590510987,3.7255699526441233,4.038186558684037,4.172652403422531,3.9724791584328702,3.6543493856232065
7.94,3.526682791645858,3.7356456781324883,4.048296319643263,4.17283806649864,3.9613717808214512,3.64333492563665
7.96,3.5308368571259936,3.7483667983202795,4.055405853620412,4.169798111365316,3.94771200319361,3.634642528077841
7.98,3.532072005136958,3.758204021739399,4.065470840868976,4.164167708813208,3.9366625415248024,3.6282412285749785
8.0,3.535955829263192,3.770703758835758,4.073047767703505,4.161253634170519,3.923051063178746,3.619350379261417
8.02,3.5420043413546973,3.785814985861581,4.083026205349201,4.155729198087775,3.9120344282593624,3.612762672184403
8.040000000000001,3.5455509240733782,3.7979885894927907,4.090508635266636,4.152900814444187,3.8984480094605347,3.6037007347367354
8.06,3.55129186774936,3.812790888628768,4.095010586998848,4.147440544318135,3.887445366116591,3.596954618927368
8.08,3.559623820127595,3.8246721675794135,4.102504282523852,4.1388127161803245,3.87331068497321,3.5929697030470575
8.1,3.5649935291941945,3.83919708703652,4.107006144405656,4.13350747372908,3.8623323138503065,3.5859748168250034
8.120000000000001,3.572982378215382,3.850815251521645,4.11448980307021,4.1250053149774955,3.848208345665907,3.5812799365800316
8.14,3.578032401225736,3.865089846094675,4.118969619646086,4.119809261416921,3.837242061322662,3.5740946639869766
8.16,3.5857256295991076,3.876915085402983,4.126420882839475,4.11139122027134,3.8231155364203087,3.569225340702155
8.18,3.5955843739686704,3.8909364903425767,4.131381911267329,4.106264281101333,3.812149817331103,3.5671141330194964
8.2,3.6029180807025445,3.90251502349933,4.133352965558413,4.097894067716274,3.7980135062649945,3.5619876287370107
8.22,3.6128752521782714,3.9163065015605323,4.138336984928998,4.0869374419588596,3.786481981403977,3.5596437510160586
8.24,3.619874173502649,3.9276619362358756,4.140315035483884,4.0787103170508745,3.7780527679115217,3.5542989529084776
8.26,3.629522017109223,3.9361834521615875,4.145293048016455,4.0672922606378945,3.7664022066178364,3.5517611300755267
8.28,3.6362337340480244,3.9474424818535523,4.147248972133336,4.05919460102407,3.757860338992965,3.55148131649268
8.3,3.6456179140556046,3.9563160516504867,4.14677764628051,4.0478820178648425,3.7460931856459228,3.548188060695834
8.32,3.657184055149552,3.9674588448338834,4.148802885992285,4.039878231607568,3.7368900223856407,3.5476811085080033
8.34,3.6662323225539972,3.9762146610645255,4.148381307828665,4.028636948682609,3.72503742641089,3.5494258794406517
8.36,3.6774881114834095,3.987245373647952,4.150441420032772,4.020691507037871,3.715751009793304,3.5486131202752653
8.38,3.686243660906748,3.99588613443625,4.15003559036736,4.009487690370559,3.7038223366046585,3.550075312240635
8.4,3.6972302193798985,4.006805914521348,4.146675863108081,4.001571531283637,3.694463076650932,3.5490017556853353
8.42,3.710838816611892,4.015331445604955,4.146373469008764,3.9903776013993,3.682469899905739,3.5502258321850233
8.44,3.72190930395918,4.026585645282795,4.143095289970167,3.9759875403041303,3.673050453567242,3.554195695974791
8.46,3.730057061167611,4.034969564698236,4.142860989342423,3.9649390496723766,3.6661660613970115,3.555109220755509
8.48,3.7409099488073463,4.046080793659889,4.1396264177379765,3.9506738463021573,3.6565964235940194,3.5587923893102986
8.5,3.7539719972232723,4.054319129238562,4.13942078803041,3.9397410588303914,3.649570162143445,3.559439132264813
8.52,3.764524274356374,4.060197305206601,4.136194232727855,3.9255726999458744,3.6398710035496893,3.5628809995425703
8.540000000000001,3.777306319302775,4.068396964866139,4.130542844113639,3.914732415237924,3.6327242754796276,3.5685801003986057
8.56,3.787590411413031,4.074226493828982,4.127411986465238,3.9006392709825297,3.6286469962546586,3.571706348345787
8.58,3.800122780905664,4.0828246382771605,4.121836435251139,3.8892875823065682,3.6212740887774055,3.577115100759687
8.6,3.8101669844258486,4.08856555889764,4.118765911288861,3.881195123065394,3.616988387654486,3.5852521037949887
8.620000000000001,3.8229054034472427,4.09706877796165,4.113228778263336,3.869785328071949,3.609415966228308,3.590297668606303
8.64,3.8327113523873324,4.102708884184063,4.10473009565607,3.8616369760741325,3.6043916061655055,3.598099752833862
8.66,3.8452234755721797,4.106003832998618,4.099318927526359,3.85016050877992,3.602419515531768,3.602828946407971
8.68,3.8548136417519596,4.111640868793329,4.09092287349078,3.841946197711983,3.597137551727772,3.610339248755227
8.700000000000001,3.867120135238188,4.114918843625899,4.085070084883834,3.830394544270116,3.59493049734389,3.61479668518528
8.72,3.8765133082797014,4.120530480473563,4.076767491253559,3.821524420236356,3.5894253106492093,3.622058227039535
8.74,3.888631223658342,4.123766299725101,4.07099082826985,3.8099202902427813,3.5870148503177393,3.631584246851726
8.76,3.898271253476332,4.124217104614938,4.0627448810610645,3.8009950336812093,3.581318362384861,3.638519143382949
8.78,3.910189798087766,4.127504248314643,4.051543571529058,3.7893378934353024,3.578739051096805,3.647744934715836
8.8,3.919632976747411,4.1279903190099905,4.043445479219012,3.7803581713442944,3.578648749305337,3.6543972386084533
8.82,3.931364371522832,4.131300561896239,4.032369875602649,3.7686500426691816,3.5758058421794328,3.663844911269084
8.84,3.94062137685265,4.132248033616949,4.024386376819807,3.7596189916303997,3.5754719876842773,3.6702263670557813
8.86,3.9521771498882727,4.130406636514006,4.013406742538259,3.7478642256386028,3.571850659454465,3.6794236226221564
8.88,3.9612601376705148,4.131423467646613,4.005509690938983,3.738787352308815,3.571341810319616,3.690882945557888
8.9,3.973077681983636,4.129633145505166,3.9945968557164506,3.7263977164595983,3.573334024337804,3.699744446489571
8.92,3.981965860949693,4.130689913326336,3.986223765842164,3.717307078264753,3.5725542485496127,3.710893331392271
8.94,3.9884297404756865,4.128921311202008,3.9753747015974987,3.710855694262568,3.5742965078156828,3.7194591630772487
8.96,3.9972412567900606,4.1299840260956,3.967052355340863,3.7016245953811286,3.5790671435319688,3.730333578858308
8.98,4.003622910576644,4.128203836676677,3.9562438729921876,3.6950391179553277,3.5804699313469404,3.7386378092817787
9.0,4.012352930334975,4.124102641716802,3.94795033305169,3.685683955683125,3.584926536964312,3.7492699170587676
9.02,4.018646581231161,4.12239662947191,3.93716208294085,3.6789815279906968,3.5860334375058387,3.757342878763276
9.040000000000001,4.02772200298434,4.1178962900539595,3.9288783755832934,3.6689319276938654,3.590218571192799,3.7682435869096134
9.06,4.033895375785304,4.116257093868703,3.917557055985992,3.6621584171359793,3.5910685156916395,3.776086736507129
9.08,4.042847975306219,4.111804010481832,3.909287244247113,3.6580107799287016,3.5950223982621257,3.7867713188165353
9.1,4.048893465960607,4.1101967232762835,3.89796704085653,3.651048728386197,3.601458786440085,3.7944100892199897
9.120000000000001,4.052534766604994,4.105756981466718,3.8896979370058915,3.6467238954147354,3.6050906098576627,3.8049021691190905
9.14,4.0585583448123845,4.098994793043993,3.8783668353764327,3.6395983028412693,3.611228395624582,3.812358396837322
9.16,4.062166785992474,4.094654158912138,3.8700878971090726,3.6351216344004964,3.614580142082378,3.82267816471682
9.18,4.068152221646862,4.087974088146326,3.8587366350971886,3.6278581397380276,3.620460124880491,3.8353165829791402
9.200000000000001,4.071711266097183,4.083700167751658,3.8504400089852204,3.6232556221229903,3.6293821001972564,3.8453620986240105
9.22,4.0776415103427,4.077070983909613,3.8390619605177814,3.621282144452093,3.6349129223354355,3.858223726606077
9.24,4.081133831077102,4.067667716873038,3.8302027110746275,3.6164745197849264,3.6435057669911686,3.8679862427655047
9.26,4.082237619951182,4.061175746320304,3.8188164727051124,3.6143080380482546,3.648728263971152,3.880574445456201
9.28,4.085739597379348,4.051888658780772,3.8099461149010376,3.609322955918764,3.657034190262647,3.890074187918585
9.3,4.0868391545108995,4.045501623954908,3.798549648488035,3.60699376189219,3.6619866469530034,3.9024075980053095
9.32,4.0903278234995115,4.036300232023285,3.7896672322408382,3.607859178051177,3.670042414095749,3.911659212303787
9.34,4.091400283188594,4.029529987809004,3.778260777858625,3.605263285476368,3.6753162774110035,3.9237510183752664
9.36,4.089651535062347,4.020409376038851,3.7693654056315773,3.6058844687008342,3.6831257792174736,3.93276896548065
9.38,4.090787951893624,4.013706561328085,3.762942453746366,3.6030599451486567,3.694001706948485,3.9392619408237066
9.4,4.089087102516516,4.0046412366544715,3.7539392534598486,3.6034717834185903,3.701467929100646,3.948658014937257
9.42,4.090260164380573,3.9979786639122805,3.747411763239378,3.6004503950597733,3.712020261188142,3.9550145581598453
9.44,4.088582678962128,3.9889427840680662,3.7383104311162807,3.600686670070569,3.719182042883035,3.9642757049533386
9.46,4.089768213345666,3.982298815444744,3.731688876791613,3.6035211631028496,3.7294478147944186,3.9704967858606866
9.48,4.088087457969862,3.9732721125173307,3.7225007001741135,3.603480004512822,3.7363378763627293,3.979622996421713
9.5,4.089259373923986,3.9614354931894757,3.715797083803573,3.606057147937115,3.7463480622619043,3.985707487863637
9.52,4.087549643678138,3.9520544079144235,3.7059969164773525,3.605776046392048,3.7529957127753875,3.9946967509409066
9.540000000000001,4.08345946657414,3.9455293444825528,3.699247677002973,3.6081300715545326,3.7627779828202357,4.000641632188661
9.56,4.081810662985932,3.936133326067984,3.6949543597856223,3.613671686606169,3.769209261016598,4.009490203490904
9.58,4.0777657622796815,3.9295915619714066,3.688049159135664,3.615702778334094,3.778788009874651,4.015290850745886
9.6,4.076149467423332,3.920167852825487,3.683608671700267,3.620944459132039,3.785025706225842,4.023993442740425
9.620000000000001,4.0721222446021645,3.913597863817679,3.67656715537911,3.6226921752709087,3.7944222154918754,4.030129240296417
9.64,4.065278940945758,3.9041360645950025,3.671999571710634,3.6276723259669006,3.8010423639387145,4.033248536106513
9.66,4.0613629437459196,3.8970671310471237,3.664842139836102,3.629174043924612,3.810246617365203,4.0393218717179815
9.68,4.054612113491145,3.8875819001913685,3.6601660681042127,3.633931628476905,3.822555315839953,4.042370777463328
9.700000000000001,4.050334038659068,3.880485323451575,3.657939073475874,3.641275644361154,3.831453622752609,4.048368662829249
9.72,4.043667358874058,3.8709683289654824,3.6530776485309593,3.6457060345647854,3.8434677027165947,4.051331504073778
9.74,4.039460297334295,3.8638341309965742,3.650677508772531,3.6527447311077,3.852080929474903,4.057238094799725
9.76,4.0328509087598,3.8542786723089795,3.6456559547741927,3.6568854034202554,3.863819735346105,4.060101034689776
9.78,4.028688886598396,3.84710418549936,3.6431079399328405,3.663654973324089,3.872165615701126,4.060479558234915
9.8,4.022111890741706,3.8370464708473433,3.6435257283223277,3.6675407226087233,3.8836454910792475,4.0633493335264035
9.82,4.017970999294636,3.8298529905908776,3.6407282608460245,3.6740746236606574,3.891738907118324,4.063722379885797
9.84,4.011401181622687,3.819771098413128,3.640916256545391,3.683801893582483,3.9029734889056273,4.066578999108939
9.86,4.002003055842063,3.8125591633292535,3.6378998313189426,3.6899952766463295,3.911384527548967,4.066926733743852
9.88,3.99553744182049,3.8024545401493373,3.6378881262378333,3.6994010348903057,3.916449119289762,4.069753247714326
9.9,3.9862272223554913,3.7952265625025436,3.634682533503668,3.705290700046634,3.924727684600495,4.070058981293023
9.92,3.979400234273664,3.7851024704748064,3.634500493868305,3.7144102394697422,3.929660751621637,4.067399635050927
9.94,3.970177746354487,3.777397462172022,3.6367283491798656,3.720027158296768,3.9378101901275753,4.067762771095721
9.96,3.9634279364443397,3.7725231747451664,3.6362770399588484,3.7288899353492804,3.942614015392249,4.065145899519932
9.98,3.9542705547881436,3.7647084256595056,3.638253466869399,3.7342620772757757,3.950635745108917,4.065542480527387
10.0,3.947576506253004,3.7597348115102585,3.6375661085235964,3.7428946209928435,3.9553107166201826,4.0629444668855115
10.02,3.9384664245163834,3.751821472873145,3.639323747548288,3.7480471255534584,3.9632043355134776,4.06335142178555
10.040000000000001,3.931811392031375,3.7467602581482313,3.643499274679264,3.7564731900409476,3.9677491287016733,4.0607495999965515
10.06,3.9227330496094606,3.7387606045302957,3.6449718842832244,3.761425786738851,3.975512627857874,4.061144876667919
10.08,3.9161025282371598,3.73362165979466,3.648880477386983,3.769663762949404,3.979924390642247,4.058517646639591
10.1,3.906597842202338,3.725546275518269,3.650100960679515,3.7744364804964228,3.9875543224036694,4.0588803100017055
10.120000000000001,3.900001020476907,3.71987571229123,3.6537747030688807,3.782505110777056,3.9918288734661687,4.056204989416334
10.14,3.8905196515193987,3.717026391179348,3.654771932131328,3.7938045777519847,3.9993205765212037,4.051048131135969
10.16,3.883943439871416,3.711203840558251,3.6582390640063553,3.8015517736748388,4.004014918365157,4.048427795370719
10.18,3.8744734736858453,3.7082165783383787,3.6646608600773813,3.8125421515712876,4.005386944314348,4.043316233071515
10.200000000000001,3.8679094949483344,3.7022612487794664,3.6678274889189115,3.8199931101991225,4.010036296744659,4.040730550717475
10.22,3.8584435302880746,3.699155352006196,3.6739676102891035,3.8306981795169825,4.011355428035692,4.035641931398847
10.24,3.8514414022216386,3.6930866809843064,3.6768656828714903,3.8378722985054745,4.015947815348954,4.033069281698461
10.26,3.841995739989101,3.689879444940466,3.6827549748590473,3.848310162867026,4.017201750289345,4.027980511706466
10.28,3.835011020502743,3.6890000917409576,3.6859503680880614,3.8552241487707777,4.021724779062672,4.019920470153951
10.3,3.8255814885607604,3.6851301447529705,3.6915892379627677,3.8654131407295607,4.02290086380769,4.014935273167797
10.32,3.8186108442261766,3.6840892753012238,3.6945440770794047,3.872083685242204,4.027341921877543,4.006963102027093
10.34,3.8144968063693274,3.6800651151297292,3.6999592104239336,3.8820364921316606,4.028427422577924,4.002059121372927
10.36,3.8074176106286703,3.678885458741148,3.7083378498125428,3.888475066010215,4.0327738484543,3.9941533153249504
10.38,3.803202108011679,3.674729604879687,3.7134298021458356,3.8982021023089866,4.033755988647823,3.988812714561857
10.4,3.7960196322763764,3.6734333579414966,3.721502304824862,3.905001785175016,4.032015221253876,3.9809788475037333
10.42,3.7912591296287563,3.6744700232217165,3.726301262283955,3.908328602646357,4.033015473669412,3.9757009153363114
10.44,3.7839998210532784,3.672958280310265,3.7340993375299654,3.9150164848290254,4.031281617520841,3.967918641232548
10.46,3.779165567336832,3.673793560700342,3.738635373874114,3.9182307864400086,4.032281524723837,3.962684153829346
10.48,3.7718364183308735,3.6720926287925963,3.7461848896411722,3.9248082194702834,4.0305365076432125,3.95493766064107
10.5,3.766935931036384,3.67275241846408,3.750482609951025,3.9279105110031,4.031518228298218,3.949731707587652
10.52,3.7595449871010582,3.6761985315914205,3.7578069216698644,3.9343773383629266,4.029744663730597,3.942007107194403
10.540000000000001,3.7545868157544637,3.67658886558197,3.7618884080076955,3.9373666962155154,4.0306911031643935,3.9368166960360327
10.56,3.7466978293499893,3.679783229179614,3.7690083471878455,3.9437214225562456,4.028872403305293,3.929102005528886
10.58,3.7417127253557503,3.679930888541576,3.772893247378473,3.946595662270596,4.023769271932935,3.923913698776678
10.6,3.7391292411680754,3.682899558578586,3.779827291058269,3.9528356204608306,4.022023653542173,3.9156976367245915
10.620000000000001,3.7340074545317887,3.682832213919631,3.783532929267765,3.955591507319524,4.016979219501514,3.9105268594192397
10.64,3.7312923287787325,3.685602015088514,3.7902972931469203,3.961713113019874,4.015283407280899,3.902319328112762
10.66,3.7260463621574007,3.685345750004935,3.793838787584268,3.964346514897877,4.0102752269643,3.897158184433619
10.68,3.7232147993582205,3.6879419209505975,3.8004475364928134,3.9703453092068233,4.008610151228526,3.888952071277473
10.700000000000001,3.7178599864041546,3.6928552815587397,3.8095217283607914,3.972851284727753,4.003619738068934,3.883794336685844
10.72,3.7149274689751217,3.6951822110965833,3.8158605494723914,3.9787220497399645,4.0019676830664555,3.8755842040624917
10.74,3.7094793155891796,3.699842130722173,3.8252130095186976,3.9810949470933137,3.9969779276843735,3.8704252952844813
10.76,3.7064614087920806,3.701927027023435,3.8312675392206383,3.986834696017862,3.9953225778868875,3.8622073202736034
10.78,3.705837793001604,3.7063623645328034,3.8403450240902726,3.9890708947488585,3.9903178051812116,3.8565458232947605
10.8,3.7026528082865955,3.708230686619831,3.8461310464840484,3.9946730670651798,3.9880788880311777,3.848339996610529
10.82,3.7018699629720633,3.712463301456947,3.854948306976257,3.9973564309860654,3.983071636173378,3.8426866177876717
10.84,3.698534952226739,3.719484558820234,3.8604794127832998,3.996565735418915,3.980826897271857,3.8344887524517333
10.86,3.6976122520139683,3.723417132179691,3.8690519463842326,3.9992036024755357,3.9758067006374134,3.8288428416293114
10.88,3.694146286646655,3.730153492495445,3.8743422375219274,3.9983589180784724,3.9735432363945824,3.820652961955267
10.9,3.6931025746056423,3.7338117667638735,3.88268032254666,4.000939822844324,3.968497998614032,3.815015157828237
10.92,3.6948865641836757,3.740287890562181,3.887739110250012,4.000029696968435,3.966204380350266,3.812382934859537
10.94,3.6936202928749626,3.743695404117935,3.895851271640904,4.002542421522052,3.96112347850857,3.806630677565303
10.96,3.6951966724308467,3.7499337153449708,3.900686190154462,4.001555703439522,3.9527434160051604,3.803892531355623
10.98,3.6937306653143716,3.753111844514807,3.9085793580843813,4.003989389933339,3.947752499505833,3.7980339796439075
11.0,3.6951217629758513,3.759132677589567,3.9131965226496295,4.002915386530127,3.939450260581121,3.7946984237201513
11.02,3.69347790791643,3.762100735219931,3.9208761899976894,4.00525973650792,3.934535764480148,3.7887675938610332
11.040000000000001,3.6947025865658465,3.7679223941415794,3.9252803539140455,4.00408830257594,3.926296033446732,3.7853637911644347
11.06,3.6928995069229007,3.7706976804932597,3.932750732310332,4.0063335625011645,3.9214435515961057,3.779369100422164
11.08,3.69397833153094,3.776336482247045,3.937485316808422,4.0050551298943535,3.913255491364937,3.775905732820667
11.1,3.6974218839870274,3.7789343587561586,3.9389828056132354,4.000941109250854,3.908455046358756,3.769856104360159
11.120000000000001,3.6982538402928604,3.784407306586276,3.9436089327039747,3.9996896041261647,3.9003094999236074,3.7663422997762828
11.14,3.701464118779083,3.786843590985041,3.9449947335354265,3.9950012993957635,3.894980579133456,3.7602470023479997
11.16,3.70207279433608,3.792162990249246,3.9495099450689928,3.993792367456528,3.8929704611091056,3.7566895143051946
11.18,3.7050726827133693,3.7998395633356594,3.950778279531875,3.989132183645541,3.8875629179721907,3.756131588857983
11.200000000000001,3.705480173179235,3.804896163736868,3.9551765903791676,3.987948533959567,3.885478731256906,3.7524153067519705
11.22,3.708290939118461,3.8123199954083513,3.956324277249704,3.9833026820389312,3.8799922169601797,3.7517104742644154
11.24,3.708517641107314,3.817128211281417,3.960602334013552,3.982131179368784,3.8778341666243947,3.747850890113991
11.26,3.711158961947668,3.824775882883829,3.9616257294275825,3.97748705185916,3.872269390453157,3.7465131590264553
11.28,3.71662598040189,3.8293227193840527,3.965782276763505,3.9763157527925133,3.870038749930142,3.7425510988108033
11.3,3.718994828541234,3.836717188859599,3.96667963036033,3.9716619543612937,3.8643949231838928,3.7411181011281114
11.32,3.724202999282895,3.841015239146164,3.970710363457132,3.9704801461514316,3.8620914497714587,3.737067091806046
11.34,3.726321445534152,3.8481683019392188,3.9714772169685566,3.9658064905875827,3.8563715530348115,3.7355522398294836
11.36,3.7312919381086607,3.852228490847924,3.9753777212847354,3.9646046461016238,3.8539987027685125,3.7370223964760605
11.38,3.7331802677669814,3.8591503339923166,3.976009561698481,3.9599021511195236,3.8482065944251196,3.7353137101498057
11.4,3.737932434311994,3.862982043445255,3.979775424168459,3.9586719584351577,3.8451990606079076,3.736602877079357
11.42,3.739609091719539,3.869681381653802,3.9802677916226408,3.953932856140991,3.8393680863548534,3.734715683618839
11.44,3.744160511832817,3.8732925866015697,3.978109265930745,3.952664202763942,3.8363236024497347,3.735838828021729
11.46,3.7456422205880857,3.8797767981391544,3.978587130372566,3.9478792757310663,3.8304577823683625,3.7337907067502836
11.48,3.7500087633031427,3.8831742469731974,3.976407512673139,3.946566649040181,3.82738066630238,3.7347649660784845
11.5,3.751310574348678,3.889449595961248,3.976861014459665,3.9417308937245092,3.8214846070531805,3.732572655062943
11.52,3.755506478872738,3.8926389335901392,3.9746507991778017,3.94036991892963,3.8183797545601927,3.7334142933629026
11.540000000000001,3.7620781547003843,3.898710603529812,3.9750706850319117,3.935479459166179,3.812458590425826,3.731093630819667
11.56,3.7659947315429165,3.9016964166758092,3.972821005907053,3.934066869294987,3.8093313841738454,3.731817940704383
11.58,3.772298073461053,3.9075685579558623,3.973198690110495,3.9291189235884247,3.8033906850008963,3.7293837319710654
11.6,3.7759519661687366,3.9103545177883396,3.970901376650861,3.9276525224719143,3.800246901147726,3.730004995583461
11.620000000000001,3.782002725057046,3.9160304789751184,3.9712289943282992,3.922645363410245,3.8004250801666406,3.7331035771065832
11.64,3.785408863048494,3.919087595165729,3.9688766211704714,3.9205262079187793,3.797133412489648,3.7335090049808723
11.66,3.7912210768714885,3.9190957722566004,3.9691494113084858,3.915489719868022,3.797171283641805,3.736402397990493
11.68,3.7943949752629718,3.922055482983818,3.966734565143015,3.913340850883683,3.7937411509342827,3.736609699190835
11.700000000000001,3.7999831758413767,3.921962767334625,3.966943239780853,3.9082739712945935,3.793651064061156,3.7393149765878158
11.72,3.8029363448515032,3.9248228115241264,3.964460248130013,3.906094732148216,3.7900947374837664,3.739340555040282
11.74,3.8083113042343455,3.9246267515856816,3.9645994835851637,3.9009972624489273,3.789316983550216,3.741873482742274
11.76,3.8110538568289383,3.9273846404088544,3.9620435023151335,3.8987878638908904,3.7856758464581293,3.741729489464807
11.78,3.816224999365747,3.9270826243726744,3.9562905663705594,3.8936574238075172,3.7848189394517266,3.744101876305563
11.8,3.818765741056825,3.9297357624336966,3.953787789197468,3.891416220091869,3.781103122546407,3.749451667356484
11.82,3.823741222015577,3.9293251654556958,3.948079383796507,3.8862545923376826,3.7801770320921566,3.7515503759476267
11.84,3.8260877131109914,3.9318710411946554,3.9450751983914945,3.883983688686014,3.7763962374138487,3.756638033813816
11.86,3.830874470782512,3.931349312317427,3.9452601109307652,3.8787905259703606,3.7754104644460247,3.7584808804625562
11.88,3.8330331621344,3.9337826770482454,3.942186413739334,3.8764901061006647,3.77773873772989,3.7633234462115337
11.9,3.8376371269869076,3.933144801971231,3.9423045676933675,3.8712686057028036,3.7765647110233167,3.7649266271245954
11.92,3.8396135055932787,3.9354636063434856,3.9391591512472517,3.8689420668713583,3.778716034468531,3.7695395000703775
11.94,3.8440396835657755,3.9347075764086767,3.939208808241054,3.8636958091575133,3.777368281751812,3.770917654482511
11.96,3.8458383812236994,3.936909998848378,3.9359903081820122,3.8613469555867024,3.7793567527543637,3.775314756340295
11.98,3.8505411090952277,3.9360340707177293,3.9359705572635946,3.855481721940543,3.777848971970223,3.7764810733685383
12.0,3.8521416132911326,3.9381209668299877,3.9326784256196783,3.8531443882632708,3.779684829588618,3.7806771861849424
12.02,3.856650838746389,3.9371258733098617,3.9325860618667714,3.8472872351806897,3.778027156158635,3.7816454950299603
12.040000000000001,3.8580578063064657,3.9390958021995526,3.9292177644783846,3.8449645137509596,3.77972308348015,3.785651466861778
12.06,3.862377932589608,3.9379802430631594,3.929053777807753,3.839118646236492,3.777927762583685,3.786431963429123
12.08,3.8635954125167014,3.93983217564691,3.9256106208230976,3.836813819793358,3.7794955123668057,3.7902573883005983
12.1,3.867730269302628,3.938595306249215,3.9253766963839705,3.830982626294671,3.777573834392661,3.7908590491540224
12.120000000000001,3.868761791725724,3.93986015929058,3.9218606614219222,3.8286991154864647,3.779024194119423,3.794512343279898
12.14,3.8727147463379143,3.938526462000667,3.9215567253270986,3.8228860834765785,3.7769864751809763,3.794943004117281
12.16,3.8735611360756077,3.9396952560847747,3.917968255962626,3.820627351406815,3.7783292518091045,3.798431486875749
12.18,3.8773329667130554,3.9382637686942985,3.917597491350747,3.821237680756342,3.776184821691914,3.7986979144929203
12.200000000000001,3.8779973227406854,3.9393357844293697,3.9139400076236663,3.818864285978687,3.7774287834966294,3.802027871233054
12.22,3.8815910638861575,3.9378061375743934,3.9135060587785984,3.8193657226300566,3.7751858871269626,3.8021358528563107
12.24,3.882076260351431,3.93878128098733,3.909783368508817,3.816887181378274,3.776338773218803,3.805312648605261
12.26,3.8854947705743985,3.9371537328036905,3.9092902852311533,3.8172890413215734,3.774004682534198,3.8052670933692103
12.280000000000001,3.8858035529369634,3.932507274086351,3.9055066289979496,3.814714414710549,3.775073265088313,3.8082952642356345
12.3,3.889049607833157,3.9309057346085434,3.9049588965727597,3.8150255301352183,3.778882300414713,3.8081002961282846
12.32,3.8891847240959727,3.926279542691967,3.9011189554002996,3.8123633634029748,3.779733172730657,3.8109835930494484
12.34,3.892261185665345,3.9247001636977537,3.899972515671245,3.812591975516406,3.7833322006096837,3.8106425518286557
12.36,3.8922254597879364,3.920090801729404,3.8961095558766234,3.8098473473593395,3.783976449648312,3.813384046811997
12.38,3.8951352588601305,3.9185277884159238,3.8949426155579223,3.8099985644688017,3.787375927669278,3.812899694256028
12.4,3.8949316228610025,3.913930127375797,3.891060445626452,3.8071790396207357,3.787823423182231,3.8155019311621667
12.42,3.897677818920484,3.912381609893196,3.8898768834821693,3.8072601214498434,3.7910326318781378,3.814876545223886
12.44,3.8973093564621544,3.907794149493986,3.885979444237085,3.8043725925175322,3.791292110322502,3.817341633966204
12.46,3.899895205868361,3.906259024089285,3.8847832652405243,3.8043901060912253,3.7943192236126873,3.816577103015672
12.48,3.899365243603152,3.901681011176072,3.8808745815538552,3.801440754418157,3.794398347960581,3.818906813223388
12.5,3.9017942715934133,3.900158895791947,3.879669838838905,3.8014005381242435,3.7972504957673694,3.818004729533063
12.52,3.901106432248935,3.895590277009203,3.875753941694248,3.804230816992738,3.7971559212727035,3.8202005830549686
12.540000000000001,3.9033824815208593,3.894081460480771,3.8745446584323067,3.80402544931518,3.799836236989809,3.819162334630855
12.56,3.902540728465908,3.889522828424459,3.8706223083652014,3.8066967859239056,3.7995706499635045,3.82122568016953
12.58,3.9046679991498023,3.8880282133661823,3.8694094781587727,3.806335316444206,3.8020846519619496,3.8200525107289516
12.6,3.9036766721766853,3.8834807309110877,3.8654847300847672,3.8088562477901977,3.8016531729752536,3.821984613807732
12.620000000000001,3.905659752798924,3.882001738966496,3.8642723261630154,3.8083467241753803,3.8040055469126024,3.820677741542923
12.64,3.9045235948453847,3.8774670758084073,3.8603490074121707,3.8107248189720138,3.803412507653265,3.822479885007678
12.66,3.906367484358902,3.8755309817360466,3.859140740633639,3.81007432638496,3.8056071890011665,3.8210405848504214
12.68,3.905091659408741,3.876613411177229,3.855219940665081,3.812316195313081,3.804856216808523,3.8227141486282097
12.700000000000001,3.906799318358674,3.8745936491060466,3.8540169558678845,3.8115308587796046,3.806896477043929,3.8211438300605955
12.72,3.9053871484306173,3.8755993577884404,3.8560368368238844,3.8136421499438242,3.805990582424228,3.8226903541446626
12.74,3.9065115004553443,3.8735028119117403,3.8547093226651805,3.812727108519295,3.807879117799374,3.820990611500648
12.76,3.9049930262278383,3.874436403271338,3.856612430326048,3.8147124681254208,3.806820783880074,3.822409577820954
12.780000000000001,3.906014988510173,3.872267878401703,3.8551689349236695,3.813671925858901,3.8085598055236143,3.82058022381233
12.8,3.9043955291320813,3.873136474507339,3.8569634187599298,3.815535128652498,3.807351067342922,3.821873971909198
12.82,3.9053205997101714,3.8709030798796125,3.8554116996164995,3.8143724397557803,3.808942372363359,3.819917462677393
12.84,3.903605895730447,3.8717137574456983,3.8565564212044046,3.816116426519925,3.807584911879508,3.8210886771255668
12.86,3.904440008922201,3.869422523524396,3.8549322969093316,3.81483136898391,3.8090300004794946,3.8190078411672257
12.88,3.9026362198048146,3.870179422973446,3.8560083721174463,3.816455827140938,3.813813071248307,3.8200596024638878
12.9,3.9033857159737413,3.867834684287781,3.854316543347304,3.815050495250928,3.8149723497434507,3.817857636997774
12.92,3.9014993720518523,3.8685448869633667,3.8553282797196426,3.8165570829400224,3.819476395545957,3.8182899728296342
12.94,3.9021709337715316,3.8661535969280543,3.853572654124883,3.8150327433900135,3.820357325175012,3.8218028471881738
12.96,3.900206276872679,3.8668239004886438,3.8545235844463663,3.816422378211796,3.824587086120413,3.8220173040670855
12.98,3.90080450028918,3.8643926825172024,3.8527072878083217,3.814779643728464,3.8251944109564584,3.8253197649874626
13.0,3.8987688925204416,3.8650295041677927,3.853600154988794,3.8160526055993276,3.8291571920065337,3.8253248924081076
13.02,3.8993012609088327,3.862564583075473,3.851725520403187,3.8142914751945893,3.829498030368343,3.828425689915044
13.040000000000001,3.8972023023594597,3.8631739184031004,3.852562270056909,3.8154474748953664,3.833200951027,3.82823034757453
13.06,3.8976765110740788,3.8606810651019954,3.8506308345199085,3.8135674305499996,3.8332822848826598,3.831138549018734
13.08,3.895521980264674,3.8612684212735764,3.8514126149214025,3.8146056939439554,3.8367323744541317,3.8307519255662705
13.1,3.8959458747244335,3.8587528871652563,3.84942512348679,3.812605774137866,3.8365611425558,3.833476930006835
13.120000000000001,3.893743664207044,3.859323219462925,3.8501522931759267,3.813525117824663,3.839765430274622,3.832908553490101
13.14,3.8941251731465356,3.856789674554362,3.8481087106648757,3.811403995007207,3.839348615744162,3.8354600977611737
13.16,3.8918832207309264,3.857347327047817,3.8487808536036443,3.8122029056722035,3.842314215056173,3.8347198377242986
13.18,3.892230285377948,3.854799802577412,3.846680383860721,3.8164673259663533,3.8416589268633707,3.8371079941680732
13.200000000000001,3.8899565016754596,3.855348453697858,3.84729633217108,3.81699869821034,3.843819591065385,3.8362060554065494
13.22,3.890277001575367,3.852790290020118,3.8451373911207107,3.821001257566509,3.8429634118503824,3.8384383075528135
13.24,3.8879791946087696,3.8528593650691008,3.845695159187553,3.8212667975479224,3.8449275105653307,3.837382597168173
13.26,3.888280856347957,3.855973608414002,3.8434730102264067,3.825009105639338,3.8438762160434994,3.8394699733048703
13.280000000000001,3.8859641535241884,3.8559352968454847,3.8439677277062416,3.8250132716637326,3.84564963584818,3.8382716226905575
13.3,3.8862521971228943,3.8589482251045424,3.8416795622056097,3.8284996928809143,3.844409360544819,3.8402253926599257
13.32,3.8839241325500766,3.8592831025256285,3.8421081104432275,3.8282466315125294,3.8459984021163307,3.838895753200282
13.34,3.8842059515827896,3.856509063410172,3.839752941279755,3.8314812820021213,3.8445757137440815,3.8407273968117006
13.36,3.881876194250961,3.8563754365480243,3.8401138332400686,3.8309749531804727,3.845987132499886,3.8392780276311718
13.38,3.8821610854513655,3.8593016882898152,3.837685107546808,3.8339618252786756,3.844389068766788,3.8409992185833093
13.4,3.87937812038105,3.859070768213204,3.837971738676854,3.8332060890802264,3.8456301086361906,3.839441864763775
13.42,3.8796934657749533,3.861902139299982,3.8354650340940326,3.8359491004428374,3.8438642069378917,3.841062111187022
13.44,3.8769401579621032,3.861574975197637,3.8356727352767157,3.8349478046468946,3.844942626459998,3.8394065385863914
13.46,3.8772907414954654,3.8643143315848536,3.839097187025684,3.8374509203005416,3.843016934152974,3.840937968068943
13.48,3.8802226652598253,3.8638932771499586,3.83908651261384,3.8362079596371976,3.8439410034574903,3.8391963060361434
13.5,3.8804870401924023,3.8665423927611644,3.8422960872971696,3.8384751902499223,3.841864093229577,3.840651003875505
13.52,3.8833392372365974,3.866028638587901,3.842067630338082,3.836994609464785,3.8426426267941682,3.838835274897731
13.540000000000001,3.8835266133763686,3.868588234349797,3.8450627178849444,3.8390302078653464,3.8404236129845053,3.840225228790993
13.56,3.886307864440979,3.8679820235603097,3.844616571055427,3.837316337258936,3.841065970082767,3.83834737454246
13.58,3.8864265587733344,3.8704518876257077,3.84739711156704,3.839124881904597,3.8387145047433977,3.839684450559612
13.6,3.889144729074401,3.869752541335679,3.8467329634182468,3.837182418089776,3.839230581955218,3.8377562580515585
13.620000000000001,3.889202120717284,3.8721315587254597,3.8492985446165253,3.8387688907282276,3.836756842876182,3.83905212587127
13.64,3.8918641169095873,3.871337509205769,3.8484157783111512,3.836602971909743,3.8371570579654777,3.8370851507787904
13.66,3.8918666070768033,3.8736236989075996,3.8507657351400684,3.837972829417367,3.8345717278322,3.8383512057876916
13.68,3.8944783395451577,3.8727325301751336,3.8496635290810923,3.8355891045396406,3.8348669947078777,3.836356693021571
13.700000000000001,3.894431317137717,3.874923089566233,3.851797044851233,3.836748344284207,3.832181231371327,3.8376039761364176
13.72,3.89699766820622,3.8739315852424805,3.850474474580081,3.834153035394474,3.8323829261424125,3.8355927785435022
13.74,3.896905481588058,3.87602294164441,3.852390683023969,3.835108253477002,3.8296083240588357,3.8368318946594413
13.76,3.899430280175698,3.8749271398627587,3.850846823743503,3.832308210660501,3.829728242278569,3.840736060052569
13.780000000000001,3.899296215625838,3.876915008980821,3.852544911327233,3.8330666524033052,3.8268767852627437,3.8418448403190557
13.8,3.9017821738640155,3.8757102640698666,3.8507789403831576,3.830069400661716,3.8269270455839313,3.8456285138610675
13.82,3.9016083497610543,3.877589714785259,3.8522582481981913,3.830639002727423,3.8304139089615283,3.8466223289607493
13.84,3.9040570615975017,3.8762707647455135,3.8502695468297015,3.827452779962873,3.8302636250641298,3.85030036517501
13.86,3.903844527805886,3.8780362897471172,3.8515296713622833,3.8272316054201574,3.8335630714332467,3.8511935254681675
13.88,3.9062565143060897,3.8765973303840577,3.8493179250056357,3.8238968418866235,3.8332281792325484,3.8547797531702326
13.9,3.906005250700041,3.8782429234416083,3.8503556311236102,3.8235316979820775,3.836356130807551,3.8555855484113772
13.92,3.9083799626249904,3.8766776884081624,3.8479180680121465,3.82005615893577,3.8358557921824965,3.8590927349170987
13.94,3.908088886504634,3.878196911438813,3.848734101235125,3.8195551521869553,3.8388313132806546,3.8598233790761243
13.96,3.9104247156314575,3.876498728502155,3.8460716348310067,3.8159473653664846,3.838184465543303,3.863263205337339
13.98,3.9100916973611715,3.877884802144688,3.8461112020939376,3.815319401729928,3.8410263540901974,3.863929797699637
14.0,3.912385995971479,3.876046715951743,3.843254271502587,3.8115858707288552,3.8402516380248266,3.8673128043450733
14.02,3.912007882924947,3.8772897796787524,3.843100576185244,3.810838133578087,3.842978336939797,3.867925278581686
14.040000000000001,3.9142569917608996,3.8753020774533695,3.8400499532903254,3.806989252553616,3.8420939931773064,3.8712608170750116
14.06,3.913829626441167,3.87639530089623,3.8397040312881168,3.8061324945848436,3.844723514155215,3.8718278956738774
14.08,3.916028884490088,3.8742510533089733,3.83646118704622,3.808820033801476,3.843747331842791,3.8751240852263793
14.1,3.9155471477916994,3.875187549704146,3.835924838895927,3.8077173737083516,3.846297131497409,3.8756532401732895
14.120000000000001,3.9181522914911584,3.8728798187964344,3.832491986482617,3.8101723868642305,3.8452462625298787,3.878916931119037
14.14,3.9175853983628084,3.8736550671840573,3.831767745049397,3.8088424536762644,3.8477331703205535,3.8794166778911015
14.16,3.9196439344519463,3.871179101927227,3.8281479266654923,3.8110837690461405,3.846624157205596,3.8826555066689994
14.18,3.9190106736693306,3.871783825326656,3.8272392496046117,3.8095455240988483,3.849064356528289,3.8831281179869506
14.200000000000001,3.9210008884847194,3.869130634832158,3.8234364341772373,3.8115922748029343,3.847913064361523,3.886343964536003
14.22,3.9202935753343833,3.8695584129248117,3.822347711344587,3.8098649700760694,3.850321988645063,3.88679301420227
14.24,3.922669505503375,3.8667216755355445,3.818366832291345,3.8117365472050793,3.8491434687342445,3.8899887956954466
14.26,3.92185494328066,3.8669687847942678,3.817103454082741,3.809839673413093,3.851535702318598,3.8904188502054144
14.280000000000001,3.923660116279818,3.8639447001506753,3.812950472757844,3.8115556691031878,3.8503441279681074,3.8935982296325293
14.3,3.9227548496690305,3.8640029526090065,3.811518887489124,3.8095088940600244,3.8527333429100943,3.894007585289485
14.32,3.924466267119782,3.8607837715238427,3.807200810470128,3.8110890354506317,3.851541944076228,3.8971684536689084
14.34,3.9234606808283936,3.8606481676809197,3.8056085058907363,3.808912133460155,3.8539408011808947,3.897556707959659
14.36,3.919328597836385,3.8572291432553003,3.801133396527587,3.8103762076432663,3.859249302248043,3.900698005535344
14.38,3.9183403469302442,3.8568954073102635,3.7993889411656525,3.808088979954507,3.8615242806591623,3.9010634400473783
14.4,3.9142141146391767,3.8532726055467386,3.794765943413027,3.809456698298702,3.866720205997705,3.904182791513463
14.42,3.9132271333721174,3.852255633482524,3.7928789937130802,3.8070787881104757,3.868888231859508,3.9045223993854825
14.44,3.909090632867441,3.8484508412709744,3.7875528678148727,3.8083697050941963,3.8739877532729228,3.9076161639270617
14.46,3.9080863746345993,3.8472508842119093,3.7855596946360737,3.8059177952798002,3.876064202055223,3.907925697315895
14.48,3.9039212842250253,3.843258038386122,3.786270954232732,3.807148458960467,3.881081904996652,3.9109889976830168
14.5,3.902884027157513,3.8418696983399596,3.784045041855458,3.8046420535037506,3.8830805300673337,3.9112629885509023
14.52,3.898674632266475,3.837686809644908,3.7845327683156236,3.8058317054418302,3.888029376095565,3.9142897620976966
14.540000000000001,3.8975887932551827,3.8361085017725536,3.7820912035024015,3.810005207291165,3.8899623044405103,3.914521602286092
14.56,3.893319581173021,3.831734587947616,3.7823728092190145,3.811022272536419,3.8948535596294636,3.917504670418287
14.58,3.89216985061844,3.8299658256918403,3.779733311891563,3.815038077396084,3.896731154266357,3.9176866725619126
14.6,3.8878256305257106,3.825401037449747,3.779826786320264,3.815907544165101,3.9015743751678196,3.920617805201227
14.620000000000001,3.886597079391471,3.8234425037734456,3.7770076825350207,3.8197901941194976,3.903405341933213,3.9207412714073873
14.64,3.882163091548797,3.8186881927816305,3.776931665817572,3.8205360732592175,3.908208417437859,3.9236112600641935
14.66,3.880841281667748,3.8165418053847775,3.773951898723158,3.824309091146581,3.909999791673876,3.923666559163607
14.68,3.876303309296776,3.8116005858689452,3.7737256268805366,3.8249543214568593,3.9147689336989737,3.9264652977650387
14.700000000000001,3.8748744059938276,3.8092695557759924,3.7706046960522257,3.8286401155202174,3.9165260761628318,3.9264419497653105
14.72,3.8702188891654163,3.804145358384235,3.77024793481154,3.8292064696040624,3.921265819646012,3.92915852251085
14.74,3.868669775492677,3.801634240001725,3.7731752039427144,3.8328262392858488,3.9229924217990413,3.9290452898127084
14.76,3.8638839262953826,3.795845892560098,3.7725699993291895,3.8333341776984113,3.9277056341998304,3.9316680656037675
14.780000000000001,3.8622023181274865,3.79318450295063,3.7752634874472735,3.8369077258560624,3.929403732754296,3.9314530505164673
14.8,3.857271767852713,3.7872440861610626,3.774434213688481,3.844120374655036,3.9340916324308948,3.927942702496223
14.82,3.854977342867676,3.7844383719682617,3.776920776445052,3.8475149786412146,3.935761575569608,3.927747604447241
14.84,3.8499154871198455,3.778350230223289,3.775894198201914,3.8545632516809025,3.940423701503831,3.924241958164868
14.86,3.847485243362177,3.7754052992214016,3.7782004593082035,3.857802714981624,3.9420642879088112,3.9240456560252848
14.88,3.84228189996662,3.7691776361468183,3.777003126933305,3.8647094687868733,3.946698636045235,3.92052600355173
14.9,3.8397061262472647,3.7661024160805296,3.779155506197695,3.867815717963832,3.9483070902934663,3.9203098118901987
14.92,3.834352248805401,3.7597448211842908,3.777813735496051,3.8746019064416237,3.952910116426314,3.9167574034818573
14.94,3.83162244388373,3.7565496158814735,3.7798383555889266,3.877594944134499,3.9544821685158817,3.9165026557363727
14.96,3.826110246338101,3.7559489806687756,3.7783781165900545,3.884279575908562,3.9590488567646247,3.912898809479817
14.98,3.8232192177368542,3.752513843846972,3.7797371798026282,3.887177441138116,3.960578803052833,3.912586969972215
15.0,3.817542222209376,3.751683045217067,3.7844214003650425,3.893774574966299,3.9651027308662994,3.9089131863371587
15.02,3.8144840891397003,3.74753578411791,3.786155212139654,3.8965906299041446,3.966583488728752,3.908525966432697
15.040000000000001,3.808637225729733,3.746515350883134,3.7906358878685142,3.9031185232385597,3.971056872966024,3.9047640461926427
15.06,3.8054051303799463,3.7421860315670794,3.7916154497043717,3.905869673276147,3.972480075589656,3.904283523603898
15.08,3.798914308666689,3.7409971977808785,3.7959524021774516,3.9123382325727776,3.9703273868088313,3.9004156773275906
15.1,3.7955287125980433,3.7364995495040283,3.7973628479080648,3.915033734764119,3.9718293041732764,3.8998219940525662
15.120000000000001,3.7888786863515787,3.73515657298023,3.8015536759131803,3.9214571839024606,3.9697435485242845,3.8958288526857325
15.14,3.7853377386949596,3.7305134449451876,3.8028299800662464,3.9241099553184187,3.971306972404665,3.895105514817633
15.16,3.778527368912585,3.7290395360110997,3.806902935263019,3.930497195680603,3.9698612147003387,3.8909708294524727
15.18,3.7748308373845676,3.730176300501987,3.808072658865892,3.9331151346247375,3.9714371343670964,3.8901050569960907
15.200000000000001,3.767860687229084,3.728460465622058,3.812054603306043,3.939476003985762,3.9699927022830668,3.885816057736623
15.22,3.7640100171651745,3.7293698859564834,3.8131437806925055,3.9420676124659226,3.971563303691199,3.8847926014524194
15.24,3.7568823095547117,3.727439470652998,3.8170600739981393,3.9484066384125054,3.9695118350243095,3.880334419850347
15.26,3.7528806599820794,3.7281490664090375,3.8243315087866017,3.950975473837759,3.9710897272991676,3.879136013833785
15.280000000000001,3.74559939143724,3.7260317097804623,3.828066162346002,3.957292249387086,3.969623165669548,3.8744921221507105
15.3,3.7409811117228258,3.7265692023596424,3.835172606235122,3.9598372432151114,3.9711576276092555,3.8725883840686603
15.32,3.7394364649483336,3.7242902090612864,3.8387540821465875,3.9661356866042965,3.9690448417860886,3.8677736540804246
15.34,3.734563133350825,3.724681183496424,3.845722910642049,3.9692756733669645,3.9705449135888,3.8595869058535803
15.36,3.7327742714220955,3.7277042461916063,3.8491775641085773,3.97551817907876,3.9689791440800595,3.854722718118453
15.38,3.7276588310253245,3.727869232671813,3.8560345112124366,3.9785982540479883,3.9637901406744835,3.846476194595946
15.4,3.725636960942064,3.730683485822384,3.8593869098182347,3.97794696709667,3.9616847037163234,3.8415494111174833
15.42,3.7202915063424307,3.7306539363558917,3.866154889372927,3.981120844210329,3.9631760359366313,3.833224869645721
15.44,3.718052017946715,3.733290648392868,3.869426956606117,3.9805522003150786,3.9609789313750086,3.8282181788739913
15.46,3.7124926061523893,3.733097547566498,3.8761268239426356,3.9838055859043906,3.9623724468631742,3.819802156412606
15.48,3.710052288438663,3.735587478278672,3.879338306895772,3.983307750218421,3.960063714775373,3.814703108798011
15.5,3.704296385418392,3.741199130795699,3.8859886372906107,3.986628086916958,3.954713697871601,3.806184014242373
15.52,3.701202698459871,3.7434400081653427,3.889156956893424,3.986187762526101,3.952421203253266,3.8004610707947704
15.540000000000001,3.70118457024725,3.748820910826229,3.8957739584418567,3.989561140838546,3.9470734970461083,3.7979850783246025
15.56,3.6978117817541443,3.7508457414207985,3.898914205205197,3.9891637582207045,3.944768784464038,3.792031591665232
15.58,3.6975310446636174,3.7560306332675246,3.9055117893640134,3.992574999041894,3.9393953480122184,3.7893290369326436
15.6,3.693903864129548,3.7578735686710543,3.9086367642425595,3.9922046927112422,3.937053488053629,3.7831434709322305
15.620000000000001,3.693385700613315,3.762895916899653,3.9152265678305294,3.9956373725133743,3.931629919620433,3.7802137963129816
15.64,3.689529754675858,3.7645897993316044,3.918346794024339,3.995277096203982,3.929226877639288,3.7737964069532732
15.66,3.688800217733063,3.769481700083814,3.924938184793029,3.99871369421221,3.9237297430973164,3.7706408794650796
15.68,3.684741971528564,3.771057949240989,3.9280619185550294,3.998345355894592,3.9212425119422787,3.76399378448202
15.700000000000001,3.6838278984812614,3.775850015940554,3.9346620125875336,4.001767378640688,3.9156494782254296,3.7606155600902667
15.72,3.6855123132637657,3.777338517595715,3.9383596705807244,4.001371968597346,3.9130562132960494,3.7537427992851313
15.74,3.6843088183987165,3.782059724116473,3.94494268762122,4.004763021741546,3.907346183639396,3.7496254361708052
15.76,3.6857217436890153,3.789955250756367,3.94862217093297,4.004323354953074,3.904626353336613,3.7425587533498397
15.780000000000001,3.683791776158664,3.7944758151020133,3.95519497035163,4.007663024312118,3.8987768092893207,3.738250108023989
15.8,3.6849904228478234,3.8021872081179025,3.958861857556666,4.007158317153337,3.8892494308724124,3.730993699186749
15.82,3.6828581222859484,3.8065383282851677,3.96542601448797,4.010425655388398,3.8833915470003273,3.7264991431726764
15.84,3.6838742581729456,3.8140981507987095,3.969080718783383,4.009834677792225,3.87383855386585,3.719061867930736
15.860000000000001,3.68157143246421,3.818311210016281,3.9756355036290385,4.00609268906146,3.8673503760926087,3.7143911631573454
15.88,3.6824368170771002,3.8257495826105123,3.979276196033371,4.00554831679447,3.864451484039042,3.7129572179988575
15.9,3.6859363415690307,3.829853490364141,3.985818726579422,4.001833815080131,3.857786152974923,3.7079809762162634
15.92,3.686550200309288,3.8371979813610246,3.989441532122731,4.001304570949029,3.8547089296641284,3.706256036524428
15.94,3.689818261437914,3.841219026418672,3.9959668387411145,3.9975893811554744,3.84785338549467,3.700993737447411
15.96,3.6902176047510484,3.848494612900575,3.9995657832737344,3.997047140835116,3.8445858226322707,3.6984750926105208
15.98,3.6932909411162598,3.852456523630823,4.006066860919376,3.9933034184473915,3.837528881443284,3.6929737870542367
16.0,3.6935094430877764,3.859685604150789,4.009634015758889,3.9927204510233896,3.8340581065814345,3.690226209936538
16.02,3.696421653725947,3.8636094994638053,4.016101955816355,3.9889208285331246,3.826788056799474,3.6845066559782462
16.04,3.7024509724647565,3.8708118398335083,4.019627558032362,3.9882699318774057,3.8231062967998057,3.681551584338101
16.06,3.705104473197337,3.8747161620750967,4.0197068552526565,3.9843876409444623,3.8156162894153383,3.6756358844409553
16.080000000000002,3.710898073339591,3.8819088169736577,4.0233203881873,3.976700254191967,3.8117179030227737,3.672496069045634
16.1,3.713333030907438,3.885809395711405,4.024044009444723,3.9728645061083716,3.804003323642591,3.6726108626534564
16.12,3.7189302869480705,3.8930069070709794,4.027695465128354,3.9652053144837502,3.799283071637372,3.669171532950802
16.14,3.721185295907261,3.903436792489265,4.02844429840412,3.9613871141664103,3.7913714419725766,3.6690041146425743
16.16,3.726623892214453,3.910492071769845,4.032116393653308,3.9537214937237075,3.786452506589284,3.665293790787033
16.18,3.728738087540031,3.920789735559416,4.0328725228843,3.949887078698512,3.778342688906602,3.6648760807327063
16.2,3.7340561317789476,3.9277198311732215,4.036543880718019,3.942185289954177,3.7732249239620805,3.6609270991231253
16.22,3.7420464780883194,3.937900801407114,4.037285454646667,3.937680246117258,3.764918008882448,3.65976757372587
16.240000000000002,3.7471445962244108,3.9447196193044523,4.034568157037111,3.9299461222714247,3.7596006130249884,3.6618631452842547
16.26,3.7549343872597833,3.9547962543350796,4.035411341979737,3.925395281835378,3.751094247360073,3.6604013232976236
16.28,3.759847865417824,3.961514665873165,4.032777967844096,3.9176022668065302,3.7455794020471624,3.6622175050459096
16.3,3.7674740835945206,3.9714964136165793,4.033693153739706,3.9129797659237284,3.7368797628607786,3.6604906301864983
16.32,3.772238665642519,3.978122366863571,4.031113828814599,3.9051030207114374,3.731174747413537,3.662064683623287
16.34,3.7802053192596548,3.9819578057830727,4.032071072968833,3.9003848251636444,3.721684275744605,3.6601100808376783
16.36,3.784828570046503,3.989122971266147,4.0295157054002635,3.8924014288118065,3.715827232471148,3.6614785944747417
16.38,3.7926725692402283,3.9929757841427924,4.030487553046436,3.8875624141527325,3.7061829824878663,3.659332912071735
16.4,3.7971900710048088,4.00015813027075,4.027928284500878,3.879448442955298,3.7001843144817816,3.6605330299780356
16.42,3.8049454834827547,4.004024356748058,4.028884369388064,3.8744689888771675,3.6971465325225874,3.664484905053155
16.44,3.809387359615493,4.011218742037828,4.026290764244473,3.866206079467167,3.6908679827580895,3.6654139752337205
16.46,3.81708278591418,4.015092006928603,4.027200862679644,3.8610687553528784,3.687559918305779,3.6691176931051874
16.48,3.8274908395614817,4.022290922434671,4.024542721651764,3.8520124947105194,3.6810224318024662,3.6698180706560386
16.5,3.8350178875369183,4.026162494574624,4.018971829538418,3.8467326282789784,3.677462939109098,3.6733155583405592
16.52,3.845276118367579,4.03335610656192,4.016359579492191,3.837520317751968,3.6700840099725647,3.68009048703951
16.54,3.8526637492562097,4.037215107112578,4.010815643368665,3.832084828384396,3.666325570321988,3.68327969901836
16.56,3.8627994556980703,4.044391604384465,4.008214063683892,3.8227013693826803,3.658752894598785,3.689772432386168
16.580000000000002,3.8700732673443037,4.048225166965851,4.002091590404636,3.817096523564733,3.6548188599837363,3.6926995565008114
16.6,3.880580538390131,4.055370801050171,3.9994956390564185,3.807529937149454,3.653849685980786,3.6989553888970663
16.62,3.8877362639612687,4.059655766790005,3.9933576373037565,3.801745171966756,3.6496138427218723,3.701667058526677
16.64,3.898137483783473,4.060626677715611,3.990736707705868,3.7919889313447666,3.648358930640339,3.7077315532432578
16.66,3.9051987060584934,4.064962642101298,3.984552863150202,3.786019135040218,3.6438539349111845,3.710270030987459
16.68,3.9155157272047085,4.0659710223424295,3.981875043367523,3.776069346099209,3.642346511315936,3.7161844221938822
16.7,3.922500053572112,4.070334601373387,3.9756140263927318,3.769280124244463,3.637606075094637,3.7248791390980753
16.72,3.9327488175154555,4.071356367000156,3.9728488753233786,3.7591662545651423,3.6358773592720297,3.730542540231832
16.740000000000002,3.9396704790525776,4.075722968281191,3.9664776787101625,3.752211415246297,3.6377213900785685,3.739011319042512
16.76,3.9498635498528096,4.076732908186987,3.9571513277874826,3.741933918446726,3.6356543385639246,3.7444670058282705
16.78,3.957205998956513,4.074955163333843,3.9507861494285064,3.734815093442205,3.636586083869832,3.7527518369158788
16.8,3.9673263026183636,4.07606638750849,3.9414497944215783,3.724377026467894,3.6342535257033663,3.758039549961686
16.82,3.9745963233177104,4.074370994013694,3.9350586414178648,3.7170954762605932,3.6349401038386158,3.7661789918398223
16.84,3.98465187704818,4.075550101209351,3.9256815478234968,3.706499532506656,3.632381611212216,3.7713367173439383
16.86,3.9918558887697397,4.0739035699622415,3.9192346633408555,3.6990625612131716,3.6328626888443987,3.779892854746679
16.88,4.001851471455839,4.075116877153182,3.909788387620333,3.694738682884273,3.6369250297149307,3.7849268415605266
16.9,4.008995549094724,4.073485536534152,3.9032583991649137,3.6870284568038505,3.637087903994803,3.793378652690767
16.92,4.012867743793161,4.068562677115026,3.8931329343824896,3.6824384829536725,3.640859346070946,3.7983239337507864
16.94,4.020086754334164,4.067049920018737,3.886519863919143,3.674469533127007,3.640749912159557,3.8067048439910702
16.96,4.02402810986893,4.062219386497297,3.876293832222943,3.6696293063635057,3.6442759258648105,3.8179146424991997
16.98,4.031312885253486,4.060782766705395,3.8695756286791334,3.6614213511954823,3.643939350797653,3.8261138330700866
17.0,4.035785341648585,4.056005524709714,3.8592281136081312,3.656351629216286,3.6472645461432807,3.8371633711558806
17.02,4.043098021317916,4.054608874543219,3.852385365299577,3.64792654164357,3.6467450352885193,3.8452166173095303
17.04,4.047588583586697,4.049848761209826,3.8418981975950626,3.642650227485503,3.649913010451863,3.856139593658648
17.06,4.054916297673635,4.04845393510428,3.834914320013944,3.640478103109903,3.656091570100248,3.8640764060256254
17.080000000000002,4.059411022904311,4.043673147181058,3.8242722093759647,3.6348921323504437,3.658989180469524,3.8749004938575013
17.1,4.066738669089729,4.042242966611415,3.816548361601066,3.6324248231558998,3.664924201947912,3.8827466642727115
17.12,4.071221460497804,4.037404751650228,3.8057639261211738,3.6265573167954894,3.6675995358397477,3.8940199461565665
17.14,4.0724380133212765,4.029731523900181,3.797891142385439,3.6238239448510132,3.673338269371399,3.9017678034663943
17.16,4.077029316633894,4.024935790910335,3.7869547575300357,3.617707444588716,3.682689539490285,3.912954510997974
17.18,4.078339315021053,4.016787165452664,3.7789247784240185,3.614741250211598,3.6881267704192005,3.9206252206152796
17.2,4.083012720053784,4.012019152797397,3.767827394975327,3.6155016726916624,3.6972041004989515,3.931744605413183
17.22,4.084386608352624,4.003874524163865,3.7596327996683354,3.612178413849654,3.702389468011921,3.9393555452374125
17.240000000000002,4.089112082314142,3.9990964791346846,3.7477911489675786,3.6126085649153747,3.7112410688453203,3.950423150211901
17.26,4.090997375760836,3.9909188894784267,3.7394566994153857,3.608967739379411,3.7162215529076095,3.957988027819152
17.28,4.089607326626501,3.986094214867855,3.727467694925838,3.609107401005988,3.7248929538807887,3.9690181024679196
17.3,4.091609486451864,3.977848071381314,3.718993535861003,3.6051921395433753,3.729712787357219,3.976549184566257
17.32,4.090316161761752,3.9729431801517983,3.7068586967905968,3.6050846289367624,3.738246737240629,3.987549996134618
17.34,4.092399534311948,3.9645958635907745,3.698247968393662,3.6009385152553324,3.743549710753264,3.9955758734808957
17.36,4.091166939413346,3.953379775947439,3.6859718608880367,3.5999964189194293,3.7519538272360395,4.006526033608236
17.38,4.093298203582566,3.945040014693951,3.676650996609067,3.602820845889713,3.7640263882582325,4.014498664627
17.400000000000002,4.092092550387128,3.9333148409766734,3.670792824177175,3.601584928473117,3.772186063561628,4.0254010922185275
17.42,4.09423510634451,3.924969921614292,3.6612166652585683,3.604144034386029,3.784037605062899,4.033321729604414
17.44,4.093017078388995,3.9132182727330154,3.6551182037617838,3.6026613125397526,3.7919968932696007,4.037792980387439
17.46,4.08899271772436,3.904837707482839,3.645303655576665,3.6050017631035196,3.8036694967235354,4.04580165907228
17.48,4.087863290249743,3.8930304293021805,3.6389831638004706,3.6104607633049652,3.8114686233290613,4.0503542755192
17.5,4.083904489840266,3.8845867427166594,3.628949696524707,3.6124697575238907,3.823000524559661,4.0584395377769615
17.52,4.082821373154174,3.8726977377386085,3.6224279154710812,3.6176253736923507,3.8306757574309778,4.06358745159976
17.54,4.078886284317898,3.8636666470837375,3.612197428441429,3.619355031933907,3.8421012540720727,4.071705929401413
17.56,4.071660652553533,3.8516971556095516,3.6049116064099516,3.624258831180883,3.8496873808002943,4.076875591796435
17.580000000000002,4.067845676467692,3.8425741370193545,3.6010909975484044,3.625756933873617,3.861039255999471,4.085012152707492
17.6,4.06071300534866,3.8305012612397493,3.5935217460897855,3.6304563431426065,3.86916674361,4.090187353343312
17.62,4.056494010771201,3.8212650759930424,3.5894398871996325,3.638930988571884,3.8804376728480516,4.091921783493308
17.64,4.049433668088428,3.809070096161174,3.58161896891519,3.643317855417952,3.8884921163482713,4.0972273383759195
17.66,4.045265849429369,3.799703765421908,3.577308461312349,3.6515099763509076,3.899707455009092,4.099076921918347
17.68,4.038234199060061,3.7868710080848906,3.5758440368112288,3.655637804031148,3.9077122076187143,4.10448551347687
17.7,4.034074599092579,3.77738650264123,3.5711895498187802,3.663599566962382,3.9188932662747047,4.1064220835809095
17.72,4.0270269931056095,3.7644243078635604,3.5694017399140443,3.6675193576686187,3.926867621756121,4.111904895774986
17.740000000000002,4.016660734400484,3.7548132718735743,3.56386517783092,3.6753003853205426,3.9380317093365353,4.11389886414452
17.76,4.009695079308697,3.741714878432802,3.561824227618198,3.6790577649063905,3.9459910273120915,4.119425811424137
17.78,3.9993837467841837,3.7319692602091306,3.562636754181731,3.686702251445889,3.9571515566558175,4.121976891613519
17.8,3.992456378537636,3.718728510039932,3.560236897355555,3.698166563483395,3.965107362043834,4.121054928432413
17.82,3.9821599339468254,3.7083396025042767,3.560714459030458,3.7055242863691897,3.97688057622083,4.1237144240421
17.84,3.9752322085071374,3.7012434472572417,3.5580040779776416,3.7167299613526508,3.9848113125398283,4.1228824006685665
17.86,3.964907731315332,3.6905953097469215,3.5581951145297963,3.7238566428598054,3.996563117325738,4.125614739848669
17.88,3.957454760745615,3.683251307052708,3.561819956348958,3.7348574184738,4.004474477442463,4.124833231049735
17.900000000000002,3.9470890808266703,3.6723520367309836,3.5616249121199672,3.7418017304409545,4.016208774915701,4.127596353682168
17.92,3.9395770824848055,3.6642662614602193,3.564895441867124,3.752644229139101,4.024102781295629,4.12682332969504
17.94,3.9291360112878704,3.653153036272703,3.564366187907416,3.7594509524129536,4.035819869480184,4.123123381697971
17.96,3.9215294377604533,3.644859104029389,3.5673339480209876,3.7701779207809736,4.043695021166609,4.122463753741525
17.98,3.910979166131366,3.633547299753647,3.566524434806927,3.7841104179812404,4.055391855963759,4.11885213053494
18.0,3.89704405654001,3.6250619884256117,3.5692429104237995,3.7945999678279634,4.06384836228655,4.118260005302225
18.02,3.8860114707751308,3.6198560029250157,3.5748267901363375,3.808322269168729,4.068504756376048,4.114694479059051
18.04,3.878289662294503,3.6110557190883457,3.5772004450105848,3.8186196009446887,4.077047127968932,4.107659202740545
18.06,3.867105757264989,3.6050486906046695,3.5824704968856933,3.83217438375642,4.081780560452613,4.104236922405395
18.080000000000002,3.8530118711086097,3.5959857985992607,3.5845544966082987,3.842317119277824,4.090392241171477,4.097315573753756
18.1,3.8417919852762052,3.589729243184847,3.589565482625002,3.8563677262668654,4.095184790525275,4.093986447398438
18.12,3.827651418147721,3.5804329347652732,3.5980476170735556,3.8663528045925912,4.10385011616904,4.087129527272483
18.14,3.8163722842158054,3.5739571741670417,3.6027095419337964,3.8802625632448997,4.108684403941978,4.083844958805036
18.16,3.801674310261608,3.5707624772737967,3.610875465351983,3.8901224208835323,4.117381414665587,4.077004533122034
18.18,3.7903387836104674,3.5639561767093166,3.6152479947075995,3.903921493396109,4.122234309140057,4.0731786395794405
18.2,3.775569100031524,3.559950837512888,3.623155926859779,3.9136839990022163,4.130938977582002,4.0663341354128715
18.22,3.7641586960151727,3.5528788171973305,3.6272935834690365,3.92739801484712,4.135782794900723,4.055990373244649
18.240000000000002,3.7492981063854924,3.5486267874455395,3.6349965899805614,3.9370865474583634,4.137450089864921,4.049242867248481
18.26,3.7373092127253718,3.547646311888615,3.645608741938737,3.9507366990272565,4.143021162633697,4.038966714313479
18.28,3.7286123377967906,3.5430445683839302,3.6530113542664076,3.96100107701112,4.144753503794848,4.032268959209697
18.3,3.7163999974977258,3.5417435144238243,3.6633556764078192,3.9745710546282864,4.150377418935829,4.0220141282436765
18.32,3.7074864322548446,3.5368398683102047,3.6705174132937595,3.9847571672929587,4.1521427712460035,4.015320826489012
18.34,3.6950515884284907,3.5352664326769503,3.6806514066573093,3.998262034445821,4.157783557491783,4.00504320073198
18.36,3.685436417790282,3.5364425676573488,3.6942907830720078,4.008382827663559,4.159545335838134,3.998311797660535
18.38,3.6728063332107914,3.53399754676228,3.704116814283828,4.021833262611838,4.158126525047392,3.9879674566944523
18.400000000000002,3.6629972748138195,3.5348586324060163,3.7174740631618413,4.031897330581763,4.160004744019387,3.9740960904152587
18.42,3.650176477173114,3.532120170858897,3.727043706068527,4.045299871947004,4.158676930258105,3.963819258488669
18.44,3.640177516667034,3.5327188266745906,3.7401709279835145,4.055311891547268,4.160623832052635,3.9499882241104145
18.46,3.632952575698075,3.536087177934343,3.7501093457065733,4.062011001302796,4.159339504512209,3.939738363984652
18.48,3.6226585337389894,3.536331843387947,3.7630224007791027,4.072100741669293,4.154260926693491,3.925905962878258
18.5,3.6151469677990935,3.5393793868751624,3.7727687535858747,4.078867881596885,4.1531363700955195,3.915643326265335
18.52,3.604578426455139,3.5393308829541095,3.7855176521564995,4.089026371477075,4.14818795034238,3.9017742638302226
18.54,3.5968022709746825,3.542115142416794,3.7951164911791615,4.095851048046082,4.147171842559183,3.8909248031568278
18.56,3.5859828631101913,3.548189434990524,3.8077435230907097,4.106066093607652,4.142302536794351,3.8770133528440915
18.580000000000002,3.57796471069421,3.550624755451956,3.8239300872135877,4.112934639363435,4.141341559245831,3.866105523179801
18.6,3.572706927949044,3.5563843137151423,3.836323849451612,4.12319093166012,4.13649872744421,3.852124053852401
18.62,3.5643566927429218,3.558529587803313,3.852297644950182,4.130086642536075,4.128467717850234,3.8411292519881917
18.64,3.5587828227332774,3.564032198166189,3.86507457807833,4.141003495810237,4.123761217402626,3.8270512672496038
18.66,3.550135326693268,3.5723223794060237,3.8741323254301356,4.147872951249393,4.115841617500839,3.815947613674314
18.68,3.5442813400338182,3.5774869298930816,3.8868661735262124,4.151435136235704,4.1112203929754605,3.801207493844271
18.7,3.5411777295560976,3.5854731487232745,3.8958942546235407,4.1584211705570295,4.103359015274906,3.790001988569862
18.72,3.5349611578481004,3.5903592681124623,3.908610896808467,4.1620799168385165,4.098767884387418,3.7751422559830523
18.740000000000002,3.531516071347877,3.5981000981259754,3.9243540746539636,4.169151415055339,4.090910827348243,3.763818310934078
18.76,3.524980868105224,3.609154185068532,3.9369254609375015,4.172874730491172,4.079206293265418,3.7488269343408183
18.78,3.5212390624398053,3.616565264907175,3.952541804359239,4.17999865244894,4.070845985152361,3.7368308201756717
18.8,3.520731761915658,3.6273224723760893,3.964991767532674,4.183752910238196,4.059254571014257,3.721722065629543
18.82,3.5165956457785943,3.6344651625516193,3.9810765724309944,4.183554063179425,4.050978282960549,3.709603539771412
18.84,3.515725893850236,3.6449848952709836,3.9933900738235346,4.187467775383707,4.039446376917138,3.694373237961458
18.86,3.5112489321381006,3.651919421380675,4.009346949370878,4.187404270999783,4.0312048448925255,3.6821299558990113
18.88,3.5095832708967847,3.6622598827767616,4.021541310898238,4.191433783268351,4.019684889790423,3.672819676496794
18.900000000000002,3.5111590361243548,3.6759458801905187,4.030642434488006,4.191461557770368,4.011431872404505,3.6603278037875815
18.92,3.509112788767615,3.685985723237808,4.042882758851601,4.195562793953168,3.999876309874375,3.6507715736488446
18.94,3.5103440424060257,3.699401343445523,4.052025100229617,4.195637520282842,3.9844489617544507,3.6380418031009905
18.96,3.507977410019368,3.7091986065994456,4.064889181473743,4.192403592784996,3.9723588082878427,3.628252048896545
18.98,3.5089217282623317,3.722399491980463,4.074037358780402,4.192647583395377,3.9641370680911185,3.6152958480320296
19.0,3.512623638136791,3.732010087815783,4.086905963989434,4.189551109547287,3.951947346044095,3.605285960979767
19.02,3.513196905500402,3.7450495854505,4.096056894273111,4.190553857624801,3.9364859989427146,3.591572190709632
19.04,3.516560494708925,3.7609525578393272,4.10892510576354,4.18750810895785,3.9243255492982065,3.581386090611733
19.06,3.5168227600183393,3.7737334579276753,4.118074833429511,4.180517253315398,3.908873965880158,3.57410604178723
19.080000000000002,3.5199078666375723,3.7899053072933384,4.130936870295709,4.177670422379147,3.8967003929833655,3.5636176970096525
19.1,3.5262635867941245,3.8024460802015168,4.140655706739046,4.1708454286339816,3.8812214174100554,3.556048430827476
19.12,3.528991668850283,3.818401145841432,4.146689127889236,4.16814363436833,3.869002596379054,3.544743548268163
19.14,3.5350265648973993,3.83075011660095,4.156494114574796,4.161430854802595,3.8528388669425904,3.536941617152423
19.16,3.5374604465835002,3.8465339873112177,4.162602176282634,4.158818423374618,3.8405724222607067,3.532030761756296
19.18,3.5432362167606652,3.8587311246558285,4.172470467916384,4.152159598734498,3.8243403938992695,3.523878596169233
19.2,3.5517989121434974,3.8743811291346617,4.178628871452277,4.149579337975271,3.812003140220805,3.518636575772395
19.22,3.5572356720687575,3.8869589561111986,4.188535017307808,4.142921486916013,3.7956814338617773,3.510175886496476
19.240000000000002,3.565495633803581,3.902478369896298,4.194719586945309,4.132911971317184,3.7826325657376163,3.5046454795734605
19.26,3.577028000144305,3.9149355096941414,4.197838601289928,4.126369566749411,3.7662327448345057,3.502004282332666
19.28,3.5849096357364965,3.9303540532779615,4.2041712763325725,4.116443652476,3.753095567385414,3.4961044094708984
19.3,3.596096787452525,3.942717629370724,4.207415408464694,4.109957743635116,3.7366018358305477,3.493117723979635
19.32,3.603664889118858,3.9580598275524417,4.214440755673785,4.100061436926281,3.7233626783585945,3.4868984881667138
19.34,3.614572490445126,3.9703518466436054,4.217737941831486,4.086158666229077,3.7067666657307905,3.4836171111678342
19.36,3.6218908903306035,3.9861353538347895,4.217984849336477,4.076409604805403,3.693419231692937,3.483773449048176
19.38,3.632580709053052,3.998345884193717,4.221450572220136,4.062618794655451,3.6832661249961918,3.4801005152405557
19.400000000000002,3.646099610016196,4.014055261667486,4.2218386683574325,4.052961526182734,3.6696756628753695,3.4798973503777626
19.42,3.656489498842282,4.0261985868548305,4.225425001548744,4.039225205929689,3.6592798176358343,3.475889043152916
19.44,3.6702248082679634,4.041845722072291,4.225906251494171,4.028948364597605,3.6454543212609853,3.474844187196303
19.46,3.680347133210815,4.05443327829047,4.222739220387759,4.0152485767636685,3.63482261179364,3.47724891797657
19.48,3.6938425392863263,4.063508759132754,4.2234166835189715,4.004983506004117,3.620143586464448,3.4758361902287076
19.5,3.7037555570365854,4.076155989656116,4.2204152793905765,3.991274746631202,3.6093145043261083,3.4779061561350915
19.52,3.7170696922819824,4.085289194365436,4.2212337989750255,3.9809741462860972,3.5944366835865904,3.4761849324784593
19.54,3.73323505463288,4.0979912409690655,4.218342935004647,3.9672112590227373,3.583426856776916,3.477982052212725
19.56,3.746276463724021,4.107175194906837,4.219247857969436,3.9493787770492514,3.5755735192709404,3.4826922703419534
19.580000000000002,3.7622013187851753,4.11992319901305,4.216413043854425,3.9350374446016154,3.5642418869156,3.484128708290659
19.6,3.7750227106058407,4.1296463297720125,4.210501684557401,3.9247445934761935,3.5560756827016076,3.4885131241180583
19.62,3.7912348142676175,4.142398844046253,4.207821483992184,3.9102907857150444,3.5438212711169195,3.4963408849045265
19.64,3.803857702009911,4.152117050700458,4.202033293385303,3.8924087411803594,3.5354018596152703,3.500315040593297
19.66,3.819894165961939,4.158346486713289,4.192591924421376,3.8779774726218523,3.5229015246311284,3.5077711764419037
19.68,3.8323632083233123,4.168188172235028,4.187021698325722,3.860105087456475,3.5142618727078876,3.511405406924837
19.7,3.8482659423421834,4.174527542661638,4.177761674632606,3.845665304800598,3.50877609430481,3.5185589108123687
19.72,3.8611024082202436,4.184466307183022,4.172346340443629,3.8271152930463823,3.4997901565865477,3.528623497624396
19.740000000000002,3.876879958939155,4.191392058800133,4.163205484273622,3.8126695978548724,3.493975158942696,3.535393680488714
19.76,3.889603099957936,4.194842574970923,4.157883197632294,3.794092354701934,3.4840576973064246,3.545113372186455
19.78,3.9052915243724624,4.2019360403222095,4.148800804536528,3.7796191980903204,3.477987820332111,3.551566844462473
19.8,3.9179345792877553,4.205533941313761,4.136634792793798,3.7609918480372437,3.475071027648502,3.5610070718365128
19.82,3.9335617701258903,4.212756403474343,4.127708032461176,3.74647099891483,3.468630168689907,3.573924712750531
19.84,3.9461499369413873,4.216462078080156,4.11507137154083,3.727779088109507,3.46536769978949,3.5830010420855185
19.86,3.9622165261657427,4.223773337941139,4.106268502134941,3.712527780957024,3.4586096112420575,3.595590746333146
19.88,3.974741102554423,4.227545343554302,4.093720597638418,3.7012974637905622,3.455052924748457,3.6049125189517213
19.900000000000002,3.9907527843654735,4.228351881588203,4.084981282240067,3.685823173126532,3.455283055803727,3.617212814961125
19.92,4.003233832629294,4.232800476170364,4.072463523918247,3.6743810606372693,3.4513275815021474,3.633002070139988
19.94,4.019208075160399,4.233720044727289,4.063737186908627,3.658687314655074,3.450573666195777,3.644927752933826
19.96,4.032140066811849,4.238258609753714,4.05120026092844,3.646376639212931,3.4535770820640463,3.660373819759962
19.98,4.0480599039018585,4.239243788630322,4.03553055340116,3.630497751260364,3.452381981306614,3.671991505330957
20.0,4.060935319805578,4.237258330157421,4.023077678685291,3.61800325025329,3.4549831357789995,3.687161565107131
20.02,4.076806747048005,4.238405349288895,4.006868372179481,3.6019506866125934,3.45341330063659,3.6985333612471085
20.04,4.089629349920694,4.236550339408342,3.994477193232403,3.5892830692079767,3.455678285773453,3.7134867980777932
20.06,4.099462489664451,4.231224941158096,3.9782986372789937,3.579949477206623,3.46108161944021,3.725208839171059
20.080000000000002,4.112346981582041,4.229589886244383,3.9659240168113614,3.566986469962079,3.4629102882801037,3.739971418916268
20.1,4.122234941503021,4.224449640673907,3.9497293180047173,3.5573668511800225,3.4679173419628917,3.758278795612879
20.12,4.135173628092703,4.222971889313619,3.9373267325461057,3.5441349686654786,3.469383700745666,3.7727518539940674
20.14,4.145103608016228,4.217954578544594,3.921077181501818,3.534257506053575,3.474065091178739,3.790796641477166
20.16,4.158081668718076,4.216572714626915,3.9080066861711975,3.520786804262402,3.482532503662983,3.8050338707121965
20.18,4.168037172837673,4.211617475157182,3.8916964360542927,3.510680544772118,3.4867941308858477,3.822866658223236
20.2,4.175028244898742,4.203672673352878,3.8785473098338477,3.5038967950284516,3.494882466914123,3.837453500014075
20.22,4.185105617373338,4.198867378450109,3.8621474726528,3.493456859082121,3.4987950515177997,3.8550896784717685
20.240000000000002,4.19220269454309,4.191039215806727,3.848889253067999,3.486357473928813,3.506576003354239,3.869495121807423
20.26,4.202375863146937,4.17971686067542,3.831770077428242,3.4756262616859877,3.5175255055435546,3.8869765305731603
20.28,4.209548531131619,4.172090697950926,3.818407651057157,3.4682522695433025,3.524905674739646,3.9012393297230497
20.3,4.219785787268889,4.160928540335133,3.8011661247073127,3.4648413204267046,3.5354954029298074,3.918601590251366
20.32,4.227001359691734,4.152919989238001,3.7876826142765276,3.4570689404892962,3.5425483305704284,3.9327544533221728
20.34,4.231247242459975,4.141879570708689,3.7703015323778915,3.452639631683587,3.5528500741997506,3.9505614376538403
20.36,4.238585229036211,4.1339645780570455,3.7560813278586416,3.4445548432773063,3.5669667957750235,3.96460143264546
20.38,4.242931071133994,4.122987536549898,3.7385740662932605,3.4398350870694543,3.5768848092724763,3.9823071428258086
20.400000000000002,4.243838065093103,4.108481295742106,3.724220851890013,3.439074607171359,3.5906552279122774,3.9962581805426
20.42,4.248385238425898,4.097654734671256,3.706582261623423,3.433949118467234,3.600880947219235,4.013883817095614
20.44,4.249466095535662,4.083262315004513,3.692092972056955,3.4328212298740683,3.6143398656295127,4.028305253067673
20.46,4.254163045910742,4.072526088125258,3.6737208759813944,3.427355377204595,3.6242837152125102,4.045837766058423
20.48,4.2553685874108735,4.0581890456794705,3.659122660766245,3.425922768776283,3.6375025981547715,4.060166262371317
20.5,4.260165970365663,4.046964309912086,3.640633873463926,3.427782462903509,3.6545789219076057,4.070806723855743
20.52,4.261934793854179,4.032650435553132,3.625929959417797,3.4259378508733436,3.667457044183085,4.0852033368544545
20.54,4.260214776368342,4.014782496717306,3.614318784707064,3.4274209306901575,3.684226017580495,4.0964558315674084
20.56,4.262117883955259,4.000593537393153,3.5993626076132017,3.432847257831253,3.6968291771529356,4.110888225194796
20.580000000000002,4.260502958351007,3.982816974123865,3.587505304704919,3.43385271795645,3.7133560435615753,4.122168050932094
20.6,4.255938455339576,3.9681832203381417,3.5717035013076353,3.4381925582900865,3.7257462464296567,4.136630638591986
20.62,4.254515962062127,3.9504733317579124,3.5596466663834465,3.4388272602336922,3.7420840250127196,4.147930155652983
20.64,4.250106269368117,3.935878472480887,3.5436445719819547,3.44283303862562,3.7549271143606955,4.162413051081106
20.66,4.248808622556055,3.918188564759692,3.531410337736724,3.4507963261343617,3.771091913919012,4.173723848709256
20.68,4.2444898292060556,3.903591456991873,3.5222453713145905,3.4543707477346453,3.7911564349934643,4.181922232624131
20.7,4.23669528145132,3.8853625991687797,3.5090944328463745,3.461944550144873,3.807033586083406,4.1933481221091435
20.72,4.232554668778814,3.870750194308949,3.4996641237614123,3.4651596559484235,3.8268380865347007,4.201643509764608
20.740000000000002,4.22489744433732,3.852478566791873,3.486257987698274,3.472414544239172,3.842481502541323,4.213158602415148
20.76,4.2203707755698865,3.8378168256938348,3.4766013111567866,3.4829913840688875,3.8620740796665833,4.221523685404647
20.78,4.212810834943201,3.8194718104792544,3.470007009411116,3.4898286796712106,3.8781424231007477,4.226250904161677
20.8,4.201776760990201,3.8042095185812816,3.4594036384038267,3.5000296857378,3.8975283504297216,4.2348087019625185
20.82,4.194397713803484,3.7857915563997793,3.4525139867145502,3.5065248113228,3.9134026979246843,4.240251968612188
20.84,4.183503175373053,3.770440494787125,3.448667681550999,3.5170747013607224,3.932621409371609,4.248931482081753
20.86,4.176238565482745,3.751928504337934,3.4413750226329642,3.5232643163161086,3.9483442216138247,4.254471104045894
20.88,4.165421120752868,3.736473318134862,3.437155754446845,3.533547852290102,3.9680542966277677,4.25637223682191
20.900000000000002,4.151617842070549,3.7173265001520024,3.429521046503256,3.5471757737497422,3.983616621151733,4.262122447984743
20.92,4.140962994688524,3.7017795880887596,3.424984846109146,3.557095762764659,4.003178356030074,4.26420715475067
20.94,4.127286954541177,3.682528868467721,3.423512416317581,3.570403211794037,4.018606584960738,4.270116734065904
20.96,4.11672722581486,3.666362574305725,3.4185893088119736,3.5877086680600963,4.038043388432265,4.2723331775440485
20.98,4.102615891123707,3.6537268677994237,3.4167583480691897,3.600593145965264,4.053357647038117,4.278350052895157
21.0,4.092111836957577,3.637317727532275,3.4185654870999422,3.617513763764396,4.0726867557667745,4.280643228288733
21.02,4.078021762806956,3.624452267883156,3.4162825267518118,3.6300502370882226,4.0885173969682365,4.2798306550659
21.04,4.060909568621626,3.6078102490143973,3.4176791275403477,3.6466579598230107,4.100278561983349,4.2828530273706225
21.06,4.046935190345854,3.5942012700525954,3.41501509406506,3.658918190644288,4.116138934840509,4.282156928308341
21.080000000000002,4.029416154645592,3.577364096979063,3.4160692800694443,3.6752818160708265,4.127933424210445,4.278377298094434
21.1,4.015524745353175,3.5635629942457374,3.420165831382242,3.68797618528455,4.143824392245061,4.277889301212707
21.12,3.998056102354579,3.552750162382288,3.4207899767562875,3.704118976240531,4.15627540350012,4.274281818129307
21.14,3.9841980275434765,3.538649204688836,3.4244964022854525,3.7243244856719673,4.172156742145497,4.2739388469695
21.16,3.96672926267629,3.527547639613974,3.431847004755178,3.7401362248786016,4.184586538282761,4.270441091927205
21.18,3.952357288334083,3.513175963383244,3.435080198633935,3.760040479199612,4.192990369384812,4.263273792538373
21.2,3.9348690624959706,3.501814390025225,3.4420020089392342,3.7755817717086453,4.205553172709713,4.259972757780049
21.22,3.92045638603009,3.4934160321075356,3.444842612658377,3.7952420943270435,4.214078818823952,4.252963135775889
21.240000000000002,3.902911863587818,3.481701131637691,3.451412199843324,3.8112165916721152,4.226750718799965,4.2497891935494625
21.26,3.8817826886400435,3.472967676906579,3.461033091834238,3.830645515545758,4.235375879418863,4.242868451995372
21.28,3.8637922909795472,3.46094185622373,3.4671718203037933,3.8464056056320746,4.248133035660629,4.232280366119727
21.3,3.8493617614832436,3.451915009841472,3.476405738835781,3.865651866056681,4.25744825167905,4.22556273472915
21.32,3.8312563062484366,3.4458475034253793,3.482194201853549,3.881242914892811,4.262738044203743,4.2151407197289705
21.34,3.8167078077397516,3.4364461816528826,3.491117566715518,3.900351127874372,4.272213781336141,4.208559813946944
21.36,3.798463352229955,3.430028496375966,3.503739735750029,3.91581445687355,4.277643419122317,4.198235414282734
21.38,3.783267721341835,3.4203058058830442,3.512269198793439,3.9354671751462766,4.287238656976779,4.184786221198954
21.400000000000002,3.7648913321427453,3.413589904720886,3.524538858427733,3.9507949857971414,4.292769365904114,4.174646387529314
21.42,3.749555029203837,3.410357346801935,3.5327560061629635,3.970325569975108,4.294943305127592,4.161347425847729
21.44,3.730532989730133,3.4032478686979295,3.5447521602933536,3.985547288245979,4.300697542825709,4.151323786999876
21.46,3.715069609327845,3.3991362509888687,3.55985934211441,4.004982114763204,4.303063755898831,4.138105974450149
21.48,3.6959094967777917,3.3984884843366103,3.5714918231645187,4.020120795705638,4.309614831495025,4.12118070120892
21.5,3.6803132311118896,3.393948314457449,3.586278215651568,4.039479908791363,4.31208334204928,4.107582478985292
21.52,3.6610118168273704,3.39291249534155,3.597620702462444,4.055199270758216,4.311195361989699,4.090822243682458
21.54,3.644772034306337,3.3880126574398695,3.6127517142641747,4.074460826315891,4.31388045360795,4.077356175514844
21.56,3.632035410977564,3.386655352507057,3.6309833978339774,4.090083991551306,4.313173788700757,4.060696725865469
21.580000000000002,3.615529298343459,3.3882521248270288,3.645736480351026,4.101481698378121,4.316012586760386,4.047300715055133
21.6,3.6020382299985627,3.3864934077761064,3.6636334594031945,4.117189171127094,4.315424733897738,4.0306852788804735
21.62,3.585305291275718,3.387724431522083,3.67808033215139,4.1293228233426404,4.310824716678734,4.0103334701480575
21.64,3.571594082925943,3.3924313793909464,3.6957111213083924,4.145070044201121,4.310465205817843,3.9932986542446205
21.66,3.5546554629631006,3.3932191628713317,3.7099198730015948,4.1572321391682845,4.306055069615405,3.980057214742915
21.68,3.540744869978513,3.397008636092881,3.7273489145150824,4.173010916697587,4.305851513695599,3.962974162253063
21.7,3.5298124377059903,3.404264601497559,3.7485338986950665,4.1851910907935865,4.301559567493712,3.942690583287912
21.72,3.5155986849445484,3.4076022948606077,3.7662430040448562,4.200988522638635,4.293895495424717,3.92567228605082
21.740000000000002,3.504377988111833,3.414450501438463,3.7799476791641755,4.213175175873622,4.289823394554454,3.9048681034388237
21.76,3.489393678727725,3.417419273884364,3.797523352532049,4.221823915957959,4.282340896467269,3.887897483042419
21.78,3.4779415572143453,3.423938752295566,3.8182929084636292,4.234132605307957,4.270859100479893,3.8671105020263563
21.8,3.469450980600409,3.43343648596551,3.8356255795043595,4.242881872735643,4.263656030335894,3.8501492791464633
21.82,3.4576573747417743,3.439551641072047,3.85677780218318,4.2552826125045025,4.252409481311339,3.8293466114489836
21.84,3.4488471568512256,3.4486883137555666,3.873878408242877,4.264104464782582,4.24540944617326,3.8117938639333335
21.86,3.436256596260721,3.461312227199986,3.8948196171186367,4.268746986017789,4.23432300280796,3.790973383987396
21.88,3.427196335746853,3.4705302934207816,3.911732740695122,4.277780432941561,4.227449526638636,3.7733847208918685
21.900000000000002,3.4211013693621357,3.4827347842096277,3.9325069682442217,4.282611304332033,4.216448426948949,3.751957634435817
21.92,3.41169427250047,3.491571505190283,3.9498697752271825,4.291810876884703,4.2014096269737005,3.734338123520228
21.94,3.4052773977180393,3.5034398488702503,3.9704748090817263,4.297443134770238,4.190624216103904,3.7128602202085035
21.96,3.4018147496401383,3.5188228814464417,3.9876764779951506,4.298886410525931,4.17576176475259,3.6951942352302165
21.98,3.395008032874248,3.53028045623854,4.008145927052399,4.304745204710947,4.165125197131267,3.6736525346925224
22.0,3.391186626730727,3.545294252201936,4.025216668737193,4.30638519560245,4.150370489725405,3.6553586746937707
22.02,3.3907987009835283,3.5564213975054915,4.045573939624757,4.312413512803742,4.139816465577866,3.640802836905073
22.04,3.3865305994225263,3.5711433392686756,4.062534113101686,4.314192622178397,4.125101840739112,3.6223021659842236
22.06,3.385738147093498,3.5888764833027964,4.076173714152485,4.320332797075875,4.106956867895958,3.6069898397670204
22.080000000000002,3.3810958566811364,3.6032258717492853,4.093161860486636,4.322196077798226,4.092393218882284,3.5883156433550085
22.1,3.3799686374126665,3.6211446873927833,4.106824243966876,4.3205289727118075,4.0737201384700565,3.5728315213301873
22.12,3.3817830319275046,3.6351670878859745,4.123846489234225,4.322593219558195,4.059271811389293,3.5610390776878766
22.14,3.3797434499385264,3.652794731917001,4.137535207622276,4.321086908707131,4.040676661386233,3.5452377330041536
22.16,3.3812103312921034,3.666558313448242,4.155183551297867,4.315408902240109,4.026287936662893,3.5325801911367734
22.18,3.385626231267955,3.683959655334376,4.168857498125529,4.314176327994331,4.007717125090046,3.51651034874739
22.2,3.386666293248219,3.704414638809588,4.186486463499502,4.30873153553822,3.9926928151839625,3.5035947484414787
22.22,3.3906966519214756,3.7215004832081076,4.200138321543435,4.307699872617482,3.9741247904855492,3.487283207633604
22.240000000000002,3.39816788513995,3.7421872911016707,4.210500311793298,4.302412700437422,3.9514404199310142,3.474138636386628
22.26,3.401740270502626,3.758988131534466,4.224881447274909,4.301507506113635,3.933004060518224,3.464113542230444
22.28,3.408801420096807,3.77941876259087,4.235318275275735,4.296310921284105,3.9104184227364476,3.4506417650489936
22.3,3.411998565069789,3.795995704309183,4.249761336228929,4.287565994662293,3.8914254568350812,3.440307757820458
22.32,3.418728382475066,3.816227572721441,4.260248102544768,4.2825678672502185,3.8765743870423246,3.4336216195371185
22.34,3.4284268395063067,3.8331420686636744,4.27472663736629,4.273979449015506,3.857471410978053,3.4228628030928374
22.36,3.434752770222123,3.8531920879039574,4.285237789726414,4.26119252454217,3.8425076283193347,3.415220219599671
22.38,3.444094210733861,3.8699404640367603,4.2924627461570966,4.252864972637125,3.8232696482043957,3.404117275814925
22.400000000000002,3.4569021783505325,3.8898526583464768,4.3037285164644565,4.240293901255207,3.8081679854025667,3.39615519009145
22.42,3.4658126781195597,3.906475439243088,4.311045096412977,4.232153679967053,3.7887725879447576,3.3918491914430473
22.44,3.478233670673513,3.926799277450859,4.31510986659804,4.219725998332957,3.7728613494370333,3.383464992529861
22.46,3.487296001868801,3.943301262618129,4.322640655048966,4.211699630402995,3.7533239227929545,3.378212668421923
22.48,3.499386274163384,3.9635213257535247,4.326888363219347,4.199339919800286,3.737261168218313,3.376592397955036
22.5,3.5149710716027256,3.979934879093287,4.334580594426278,4.183417833649017,3.7169266760384323,3.3708792804582357
22.52,3.526655450763658,4.0000772223650145,4.338958008218044,4.171236729714159,3.7007308810291577,3.368837435368472
22.54,3.5418767062169696,4.016934210893141,4.339472738268415,4.1547778177373385,3.680251162078132,3.362731008733277
22.56,3.553237328761018,4.036987565885012,4.344090478529529,4.142733070479637,3.6639192250922465,3.360338257859592
22.580000000000002,3.568176433687109,4.05375719551593,4.344808826984481,4.126369457470928,3.6432938143879574,3.361022698978924
22.6,3.5861293789689968,4.0742542779308355,4.349600869287731,4.114396608613372,3.6261840079172103,3.3581910914230892
22.62,3.6007070577025675,4.090917602739247,4.351068502742911,4.098065745691463,3.6131502211840814,3.358472629937117
22.64,3.6188412339034186,4.111312124350007,4.348638546210104,4.078142531587406,3.595757490604327,3.3618386878669098
22.66,3.633104195450621,4.127884160893375,4.350314690299013,4.061964743377906,3.5824620663978117,3.361665509319008
22.68,3.650956566296457,4.141235605628197,4.3480554402491896,4.041488807467301,3.564804447974535,3.3646172946979997
22.7,3.6718257704745487,4.158389173117864,4.34255632900671,4.02543458996963,3.5506169571456008,3.371197114137989
22.72,3.6893121003283174,4.171763838887975,4.340561064343138,4.005044845014764,3.5327452522441622,3.373651841016283
22.740000000000002,3.70985931634853,4.188934832553313,4.335285369187341,3.9890573729576886,3.5183527062500635,3.3797813913672146
22.76,3.72705024717505,4.202322026162239,4.333478211734542,3.9686996173052322,3.5080203843114535,3.3818235691444767
22.78,3.747830992369625,4.219497545621688,4.328351115571851,3.9527314462206857,3.493280338730188,3.387586046962893
22.8,3.7647576595161185,4.233401055461199,4.319330462206685,3.93236059277779,3.4819854866256437,3.39644599789728
22.82,3.7853026359290167,4.243560126760202,4.314445727220202,3.9156818135443827,3.4669679310680053,3.4017621478125366
22.84,3.8020249899742584,4.257561376203333,4.305623169059786,3.8952859594945393,3.4554094218331857,3.410221481013855
22.86,3.822390382719312,4.267804023202656,4.3008988257874305,3.8785608957391187,3.4478946449862784,3.4223297972529334
22.88,3.8394493978577056,4.281873203939448,4.292193869088378,3.8581078000321773,3.435943915344135,3.43031264587248
22.900000000000002,3.8596523278540014,4.292690519292546,4.2795959822422045,3.8413066315718316,3.428074079187687,3.441992948745233
22.92,3.876564130964938,4.299773470328968,4.271133189212037,3.82007823159177,3.4157862009540683,3.4495882471734114
22.94,3.8971478386301532,4.310726926336314,4.258732695555794,3.80320364749434,3.4069622502341823,3.4609248761605897
22.96,3.913923424641859,4.317926874126036,4.250431923702348,3.78188059882334,3.4021793615568248,3.4753854983029244
22.98,3.934387811208936,4.3289753081993725,4.2381505318241,3.764911547999265,3.3929533637343274,3.4862983095529967
23.0,3.951062430964756,4.336246747064013,4.222574339964404,3.7434755901252257,3.387809685830439,3.500934473376349
23.02,3.9714391798627795,4.340332736947602,4.210505889902112,3.725710238556026,3.3782466188819145,3.511474959063312
23.04,3.988539435185423,4.3483065595080825,4.195106340051941,3.704182345129867,3.3728075537923004,3.525781396563898
23.06,4.008826251183454,4.352512604002135,4.183175857891313,3.6863171233482896,3.37075217770496,3.54322094761408
23.080000000000002,4.025842839522723,4.353558438828554,4.167880471018208,3.664016386552294,3.364262967667919,3.557119003271466
23.1,4.046062339494056,4.357984715176829,4.148640168067035,3.6460782644372256,3.3618668008629338,3.5741938442989265
23.12,4.063012151841864,4.3592145093064945,4.132921320557762,3.6236900568781687,3.3628544859945855,3.58776084904634
23.14,4.083670552792365,4.356767292742108,4.113866925691923,3.6056774111682084,3.3600152421695726,3.6045487346672362
23.16,4.100533585385104,4.358272714784697,4.098298749111848,3.591257177093513,3.3605988333752483,3.6250609824816107
23.18,4.121108025081297,4.356062769183871,4.0793659893800855,3.5723190914088643,3.3651920408412073,3.6420256503754427
23.2,4.138390189294613,4.357772302980744,4.063886353249518,3.5576866224196815,3.365272400573905,3.6621683286700675
23.22,4.151931470847813,4.3557309263500965,4.044392278225866,3.5385350142649505,3.369413299116121,3.6787960876627013
23.240000000000002,4.169254331752812,4.350531210489061,4.028968690596966,3.52371065044984,3.3690779594363276,3.6986444400582243
23.26,4.18283282537913,4.348741786121515,4.0094958850313365,3.504368312125162,3.3728504340381855,3.7150045170365327
23.28,4.2001862430539,4.343753428183917,3.994078629634923,3.4886994714508104,3.37999901247375,3.7351792360617364
23.3,4.214287218625978,4.335086956236893,3.9745796958269044,3.477301601146474,3.3833071379449513,3.7513000255740887
23.32,4.2246870043160625,4.330394879724175,3.951088312954252,3.461329957914924,3.3900405547241044,3.7712666112237203
23.34,4.23891616043192,4.321980133325409,3.931711147839441,3.4496584740604526,3.4007983574147245,3.7872092908847663
23.36,4.24943102902475,4.317500970560667,3.908309586288085,3.4334229637719136,3.407027749945097,3.807022757547151
23.38,4.26376053655189,4.309255997692996,3.88901283917852,3.4215214841233834,3.417330509917992,3.830628884190883
23.400000000000002,4.274860642029018,4.2978437904773665,3.865662281799905,3.4131651112491475,3.4231468720487648,3.8501419335001583
23.42,4.282274420752125,4.289853272025316,3.845786240481102,3.4002082727393,3.4330859284142257,3.873474772575315
23.44,4.293549248132162,4.278654489521517,3.8224809143970173,3.391537644333363,3.4464182056753394,3.89274195135774
23.46,4.301116247497643,4.270835103994718,3.8026274382697203,3.378283644553778,3.4558995530478374,3.9158497058086175
23.48,4.312522783676806,4.259768416731436,3.779337474204129,3.36935485539102,3.468823651113936,3.935470547912163
23.5,4.320703399871645,4.244961684551319,3.7594833134389525,3.3639781401615387,3.4779354924344856,3.9511067538525197
23.52,4.32519576900193,4.23411425154058,3.735557176685622,3.353988996303079,3.490539619982154,3.970683627486182
23.54,4.333563431265083,4.219481413982343,3.71571092118282,3.3482878584442233,3.507220855015536,3.986290900641107
23.56,4.338214329128569,4.208235037753086,3.699221731350741,3.34612620094993,3.519407248443662,4.005848390705968
23.580000000000002,4.346713690493593,4.193724396968587,3.6785769295792283,3.339984330165173,3.5357135302260088,4.022003289217697
23.6,4.351464315393997,4.175465475525888,3.6619318943152637,3.3374139243047725,3.5475654897157405,4.041525691702696
23.62,4.353047894541749,4.161162973392933,3.6411210549315998,3.3390383197613667,3.563579427588385,4.057645547135025
23.64,4.35800009149297,4.143069020996277,3.6243239291453815,3.3359509039653776,3.583685920891338,4.0771472892611555
23.66,4.359748926099748,4.12836932741596,3.6033531784760977,3.337106575954731,3.5992695687469194,4.093247074694619
23.68,4.357837589967437,4.110397447570876,3.5857828255616346,3.333587091516763,3.618986366452661,4.113293882090951
23.7,4.359839818014347,4.095786460553316,3.572161089009355,3.3343555995349323,3.6342213501707294,4.129343672196068
23.72,4.358653397742887,4.077871134779415,3.554300755626918,3.3386387082318913,3.653628910573869,4.149339955980916
23.740000000000002,4.353803721079674,4.056168538619375,3.540412190578716,3.3382444910142417,3.668591660052567,4.165343364563934
23.76,4.352892133408566,4.03787929695876,3.52228676026028,3.342115594400568,3.6877564220366716,4.185290051091601
23.78,4.348275187320956,4.016325015939672,3.507521552139399,3.3495111803650643,3.7031455330467598,4.201796815633324
23.8,4.347557872511476,3.9981535266225823,3.489181664904932,3.352867475131626,3.7220941216540377,4.214356497040622
23.82,4.343096896883156,3.9766900980287256,3.4742128953699907,3.3597970980101963,3.7452015999401533,4.2309264157447934
23.84,4.3354756350139745,3.9585817132598358,3.463187238740698,3.3627289536128613,3.7638216555853985,4.243540140673016
23.86,4.331252765889601,3.9366198812057296,3.447881388676262,3.3692787840616765,3.786630366094862,4.260152090932562
23.88,4.323827495712118,3.918552924702733,3.435917539251875,3.380051173080168,3.8049843837400754,4.273353898303095
23.900000000000002,4.312726034290375,3.896603176658865,3.4278512982401095,3.386119710488449,3.8275528740681883,4.2826308523422805
23.92,4.305065035961555,3.878535787214122,3.415471695074333,3.3964587923675644,3.846326255992081,4.295958897937739
23.94,4.294218712297049,3.856556852473003,3.4070269861851377,3.402134558128311,3.86866970442412,4.305345391908771
23.96,4.286773284848943,3.8379060495076858,3.394287035602785,3.4121295980538444,3.8872336484601115,4.3187636968502785
23.98,4.276102222807835,3.8158927732046672,3.384891337768744,3.426375171490412,3.9093997455878444,4.328783877353875
24.0,4.261743634054759,3.797191676981427,3.3793975768651836,3.435886096297494,3.927801926740955,4.33488228435308
24.02,4.251328615947385,3.7745732489858983,3.3695850874474065,3.4496957868228404,3.9504680742780924,4.345056358400873
24.04,4.237179925683055,3.7558214693903214,3.3637138406295346,3.4588153533877986,3.968707094668663,4.351286745668563
24.060000000000002,4.226938460606743,3.733134862878463,3.353547775656074,3.4722819641252167,3.9912244634910907,4.354219621063012
24.080000000000002,4.212919258560737,3.7137782474664776,3.3473655341248834,3.4893219127595727,4.009332683401218,4.360693616452086
24.1,4.195712773565119,3.691035977398899,3.3444530510154435,3.502345814055214,4.03173012529345,4.363834812211684
24.12,4.18190566588441,3.6716162717034813,3.3372297628780685,3.5189937688328885,4.050367160417421,4.3704911642648065
24.14,4.164354494093749,3.655991007886205,3.333966727954574,3.531658081209156,4.072627601815207,4.3737828362087905
24.16,4.150709307346986,3.6363392392120315,3.333974053941532,3.5479971975075326,4.091128368099113,4.3737653013282225
24.18,4.133278146255215,3.6199461286127717,3.3302644499646936,3.56862164019322,4.105300910782482,4.377274640987394
24.2,4.119729297954212,3.6000962546208455,3.329861828630173,3.584545532244824,4.123860137172146,4.3774357385444125
24.22,4.102351517918769,3.5835077718080766,3.333343206403471,3.604794090313139,4.138731301085237,4.373723319175832
24.240000000000002,4.081226843864456,3.5629288087124205,3.3324411507879135,3.6210467149373744,4.157310223738259,4.374161685449654
24.26,4.064024498141768,3.546182599128897,3.3354697339429147,3.6409588797814356,4.1721954814110935,4.37068223915886
24.28,4.043033041905224,3.525445977412981,3.334155425816252,3.656904508231419,4.190794444340409,4.371318405478065
24.3,4.0259426694395355,3.508022574765178,3.3368200874769793,3.676553994926594,4.2056874250244745,4.367995868555558
24.32,4.00502666527792,3.4943806076217823,3.3427556462193757,3.7005229674787827,4.224939022627499,4.361367554134844
24.34,3.9874666004961568,3.476694098250513,3.3449679192543273,3.7197921503951106,4.2397882300602445,4.358295924267491
24.36,3.9665949408134638,3.4628146276598937,3.3504979178230894,3.7434159617773264,4.2509897969756105,4.351873072910966
24.38,3.949053185303868,3.444899448193852,3.3593197143830222,3.76303836891697,4.265959319502996,4.341573308109693
24.400000000000002,3.927661531355919,3.4302728622908285,3.3643942886706713,3.7863367493134366,4.277264000576984,4.33544245289154
24.42,3.9101186249665525,3.4194112251207267,3.3734231781606865,3.805655621204128,4.292329505044348,4.32538489833999
24.44,3.8886952707982636,3.4044694317760356,3.378097385760145,3.8286932426443365,4.303707298572477,4.319459809287819
24.46,3.8711130159460945,3.3927909069806903,3.386773887831569,3.8477691619410495,4.311465540720032,4.309562572950239
24.48,3.8496255326360163,3.3848470553529535,3.3987408223530684,3.871267477754132,4.32302307951608,4.295781300454484
24.5,3.8314443431807303,3.3727909782163317,3.4069789428892823,3.8901103316040193,4.3309363945113,4.286163866684807
24.52,3.809883857483637,3.3645056822903245,3.4185608034702604,3.91339619681336,4.342630307704233,4.272612529951227
24.54,3.7916155645598453,3.352129519418662,3.434069581338553,3.9320514687826753,4.350650404587752,4.263191215777319
24.560000000000002,3.7694383971732766,3.3430246609786027,3.4451837828722436,3.9551664592758367,4.354407811022475,4.249790796165474
24.580000000000002,3.751088228835807,3.3376662348741752,3.4602688933398897,3.9743443877401066,4.362665652062433,4.2330546501647035
24.6,3.728810289316071,3.3281903711261522,3.4710033055405587,3.997281180127051,4.367283795944023,4.219893916962598
24.62,3.7098435071590785,3.322503132951817,3.485755287328348,4.016287066872256,4.37568816580643,4.2033624849298
24.64,3.6874793907623777,3.3199902058228155,3.5038332672425727,4.039079271326258,4.380417737905482,4.190364246034702
24.66,3.668420685486473,3.3138785460186315,3.5181635005035368,4.057942999257966,4.380866575487386,4.173383115467108
24.68,3.6459689013457037,3.310978584823524,3.5358684465988817,4.08128788241125,4.385827871483646,4.16050228122721
24.7,3.626816850681489,3.3112569595463412,3.5575036982344366,4.099986221676883,4.3864730563871195,4.143597273449462
24.72,3.60374569707988,3.30790945830816,3.5753552325417766,4.11484326480781,4.3915984739734,4.123315575506688
24.740000000000002,3.584525493677003,3.30777782027223,3.5965324732925685,4.133581485643346,4.3923715142487385,4.106587156262841
24.76,3.568545476567925,3.3113483901062724,3.6139606734410594,4.148469794995065,4.389529736441847,4.086451415678753
24.78,3.548578412895388,3.3107269335464573,3.6347629727025685,4.167247262754865,4.390542695561873,4.069834653959682
24.8,3.5324100976456445,3.3138538834555398,3.6518469518442545,4.182163612341075,4.387899572289558,4.049194357520019
24.82,3.512256556046613,3.3201219646513866,3.672349524511676,4.201641924372099,4.381003780333848,4.032653409546846
24.84,3.4953964680596292,3.322727783386216,3.6891605813589825,4.216536335283083,4.378665137830182,4.012053081769806
24.86,3.4822838837070154,3.3285195273789694,3.710041355880147,4.235985543945422,4.372028791791188,3.995533185584953
24.88,3.465134025683363,3.330692367838278,3.7266091218475945,4.250850438423908,4.369913488324881,3.974920809290075
24.900000000000002,3.451239942544662,3.3361003026914613,3.7472760331920987,4.26190195077508,4.363456296188878,3.9503061180310084
24.92,3.441052375948153,3.3452371135156844,3.7713386007831127,4.277581628803296,4.353393275575885,3.9298294891331644
24.94,3.4267832214774274,3.35018217464025,3.7916785579516135,4.288709135745935,4.347218545561798,3.9053182899753462
24.96,3.4162544565451722,3.358905175069673,3.81606683537228,4.304448858831536,4.337394867093931,3.8843522034975173
24.98,3.4016603057410633,3.3707992449532225,3.83610224857627,4.31562573435919,4.331419415265028,3.859930237882208
25.0,3.3903149300554145,3.3790368598574947,3.860211143993919,4.323019880195527,4.321750480954605,3.839031825735687
25.02,3.382676302179363,3.390493255839227,3.879996172733482,4.334398428383257,4.307783846625177,3.814663834321585
25.04,3.370941675636007,3.4056633249970263,3.9038759153611324,4.341964526011407,4.298373409436358,3.7938008502635623
25.060000000000002,3.3629531468659417,3.4166084854504786,3.9240683604673836,4.354177375493052,4.2846171669380215,3.7688679921635813
25.080000000000002,3.350891335184075,3.4313156241650504,3.9477235468896033,4.361831171801025,4.275387048947448,3.748041601928265
25.1,3.342088930668137,3.441844745876577,3.967705451909571,4.365713888126039,4.261761137674482,3.72312501548195
25.12,3.3370099904193786,3.456178507206146,3.99117749839521,4.373593967091581,4.243840258253725,3.701727718087406
25.14,3.3278327217997097,3.4737224757513925,4.010983334728314,4.377667286534994,4.230483491000505,3.6843516612576113
25.16,3.3224192940376143,3.4876037175687173,4.034913557921088,4.385710684558281,4.2127811975570815,3.6627977161639036
25.18,3.3201734162578727,3.5052728472568657,4.054531629187007,4.3899149845940535,4.19961341175267,3.6446946116513232
25.2,3.313816181748132,3.5187592542708273,4.078286759462963,4.38965507736993,4.182054955566826,3.6230107117180776
25.22,3.3112064444073877,3.5360735151008043,4.097743226532164,4.394116729932946,4.1690008587665455,3.6047727936559038
25.240000000000002,3.311764778016175,3.556608653839834,4.113614801836564,4.394077100709111,4.151513493469525,3.582963724037811
25.26,3.308704904349512,3.573484918586171,4.133708262389705,4.398726553793601,4.1296880434797005,3.5646012693635636
25.28,3.3088539717546688,3.593630564105613,4.149560313512467,4.398840829222503,4.112421014796344,3.54962618725355
25.3,3.312682333868383,3.6101530174288583,4.169633079012651,4.395178615645169,4.090772987045352,3.5310070104529165
25.32,3.3123388209008775,3.6305159516581873,4.185466557279157,4.396247655815265,4.07365846477901,3.5157831824974837
25.34,3.315723752376415,3.6467265363252723,4.205519999906586,4.392774404426615,4.052125864572195,3.4963505631560783
25.36,3.3222451175276704,3.6668128644794784,4.221949345052158,4.385556635849409,4.035108447458945,3.4809303320812184
25.38,3.3251105164244654,3.6901654631959717,4.234188440215982,4.382388351263227,4.013631664561391,3.4613056512289697
25.400000000000002,3.331160434122615,3.709881065838942,4.250715479294038,4.375430932026321,3.995981613275506,3.4457213201976375
25.42,3.340871680860112,3.7334326882265865,4.263043215214423,4.372483805073451,3.9745412711513572,3.4334994347932213
25.44,3.34637794141346,3.752811869401153,4.279649120175406,4.3650130949228885,3.948711344160209,3.417025670741161
25.46,3.3555991247479353,3.776057850666782,4.292662897142325,4.36223855914843,3.9274452595001246,3.4045464037918567
25.48,3.360656028294853,3.7951640449491384,4.301509469730019,4.3548997070231525,3.9017516052874335,3.395401662672292
25.5,3.3694769224376984,3.818166481254764,4.314686792082195,4.343758810902607,3.8799347668772417,3.382542637418268
25.52,3.381466806871697,3.837583835376318,4.323678790894627,4.336664655205501,3.8625702986709345,3.3730398662181185
25.54,3.3898135182179976,3.8603615784239134,4.336984340138171,4.325723309371612,3.8406714737974856,3.3592661281816825
25.560000000000002,3.401382077312122,3.8795705926628883,4.346084416631454,4.310313504661406,3.822558839875736,3.349488616288552
25.580000000000002,3.4166451035410974,3.9027046594753085,4.359476503490774,4.29968193721205,3.800580673401393,3.343045922245996
25.6,3.4277162219002344,3.921715025731774,4.369264294995639,4.284528890437611,3.782374623202412,3.3328795556415747
25.62,3.4425322048818234,3.9446685696643784,4.374866983957805,4.2741236899195,3.760300941037536,3.326079049934845
25.64,3.4532001011304545,3.9635220376077043,4.384808079463532,4.259149421011,3.74198784305299,3.3226060496300294
25.66,3.4676577899607413,3.986332955503987,4.39053618708685,4.248891993246993,3.719136938177683,3.315372185170106
25.68,3.4853230918129356,4.00559062716843,4.39276470364009,4.234019797804108,3.700733130962775,3.3114977615174577
25.7,3.499340142668468,4.028253534045546,4.3987392938479815,4.215328024126771,3.677777247170129,3.311507136756198
25.72,3.5171264173682424,4.047367343152171,4.401176777992742,4.200673557269322,3.659281301528632,3.3071351306009804
25.740000000000002,3.5307602101301194,4.0699083314433135,4.3995131042517235,4.181462045067159,3.6362215905998854,3.3066973735557754
25.76,3.548205392178979,4.088900851139806,4.402268099893506,4.1669833757401795,3.6169567433504017,3.3019117868133425
25.78,3.5688720033254873,4.111861603517019,4.40087935208843,4.147903747539311,3.6020740091896433,3.301105019436626
25.8,3.5858922394825177,4.1307121855154465,4.403878200740766,4.133529701501633,3.5825512399531814,3.3036093273413134
25.82,3.6061837758992805,4.14608398651484,4.403321578056102,4.114513313882861,3.5674334357021618,3.301763095730962
25.84,3.622861093725516,4.165500333358332,4.398620502777311,4.091653978964451,3.547674340531174,3.303879995802646
25.86,3.6433576779797034,4.180864585261503,4.398338862483025,4.072836291795133,3.531660848736257,3.3093182944426593
25.88,3.659733094898049,4.200272287808374,4.393869333312153,4.049439800341944,3.5117177715665426,3.3109592971456654
25.900000000000002,3.679962245795198,4.215625226580601,4.393783104828906,4.030786522671244,3.4955260517365834,3.3159672139467786
25.92,3.7034591281561497,4.235014851013641,4.389462471997944,4.007515497073068,3.4830321730853124,3.324864834079455
25.94,3.7233230408045426,4.2508765894582545,4.3816338500063585,3.9889733111040844,3.4665370168599012,3.3293555103082824
25.96,3.7470029986522913,4.262726749744447,4.377564308858758,3.9657731578134747,3.4537551535355524,3.337785831959491
25.98,3.7665380692790205,4.278677082927056,4.3699433991083385,3.94658267382299,3.4369986503988517,3.3418531748185663
26.0,3.7899191063434263,4.290602892630427,4.35817619990808,3.9234404728389274,3.4239697824501976,3.3499082241142593
26.02,3.809186830085522,4.306613669124155,4.350222607168763,3.904283613311666,3.415282328445078,3.361304965126787
26.04,3.832326410657927,4.319119362109966,4.338738956002798,3.8811597476479816,3.401867800747669,3.368900184297691
26.060000000000002,3.8518845962548887,4.327630781055454,4.331030761438052,3.861999754967938,3.3921559555543093,3.379886183922223
26.080000000000002,3.874803681677649,4.340276902695254,4.319751284898538,3.8381524226488466,3.3784439255134866,3.394783866828053
26.1,3.89415695634071,4.348907389747771,4.30432588433948,3.8189873312302987,3.3684562167921746,3.4052750654181176
26.12,3.91741158133212,4.361650583600752,4.293343697473805,3.7951110639209387,3.3628069434918517,3.4197254553428222
26.14,3.936569088241006,4.370897577591914,4.278167196156064,3.7759207085224205,3.3524164445886218,3.4303892443461566
26.16,3.9596452598969227,4.376150947151925,4.267403142806289,3.7519979415629314,3.3457401722205673,3.4444509730400323
26.18,3.9786496044635222,4.385558494265526,4.252398039416118,3.7320521575847074,3.343366323412526,3.4624522356183713
26.2,4.001586031423101,4.390943649036469,4.233874583730018,3.708097790974032,3.3362306737467784,3.4760375441435527
26.22,4.0209727760416065,4.392931377283047,4.219138477823383,3.688110829506734,3.33344379870839,3.4936079609497135
26.240000000000002,4.043763173417086,4.398561943568017,4.2002071538778445,3.663416399209213,3.325923679493362,3.506808646290157
26.26,4.0630072803518935,4.400757638236648,4.185692084560889,3.6434109967815114,3.3227956305493502,3.5240364428560675
26.28,4.086185178603098,4.399032035340437,4.166933213397913,3.6272959105083387,3.323301694366668,3.5446454456835594
26.3,4.10527205046002,4.401537010515591,4.152564475105952,3.607082870875591,3.3197215382435528,3.5614405990461413
26.32,4.1208828313321035,4.400625759779594,4.133909678299148,3.5907614029097528,3.3198167949785,3.5822357923403008
26.34,4.139991136774448,4.403336450096778,4.11170078375989,3.5696498950404933,3.324213853342918,3.5986439059847144
26.36,4.155621930661582,4.402590410425555,4.09326739036421,3.5531690501270634,3.3237934946499554,3.6190906355846444
26.38,4.175265628488635,4.397886321176913,4.070600075166069,3.53189526903709,3.327060277625165,3.6351894513091065
26.400000000000002,4.190880081670422,4.397404749964465,4.0523480250208985,3.515274959912283,3.334604812508087,3.6553601772050808
26.42,4.210502934717127,4.3929185122970775,4.029822545697803,3.493857832575188,3.3373355685956283,3.6789527956533523
26.44,4.22661033079362,4.3926188340430725,4.0116950011424555,3.476412477489482,3.3443945463641302,3.6987422623631065
26.46,4.238733263211226,4.388274986272436,3.989257044650386,3.463554959806197,3.346676093469309,3.722563438327753
26.48,4.254929999883848,4.380516411453817,3.970551573104753,3.4458413152178586,3.353334632337087,3.7420056446610213
26.5,4.267134853157282,4.376408029345176,3.948177964303342,3.432746076147836,3.3636343195789964,3.765510071915513
26.52,4.283400104597939,4.368838381903976,3.9295112700259693,3.4148038272698074,3.3697945049392652,3.78466850656012
26.54,4.296177676139938,4.357303873069914,3.9071614118820253,3.400808450159116,3.379644777449356,3.807915571835453
26.560000000000002,4.304997298078151,4.349469251569026,3.888495604274403,3.3913800126353078,3.385393514578134,3.827413146999594
26.580000000000002,4.317928401201341,4.33819738010863,3.865476416242991,3.3770554432707667,3.394879959963082,3.8504219684162178
26.6,4.326882393157827,4.3305851567679685,3.8468009444981255,3.367334410277179,3.408698713351473,3.8696973273336956
26.62,4.339927261285609,4.319491258099789,3.8237474813905887,3.361414864567955,3.417721840739217,3.8930909146277464
26.64,4.349494446622829,4.304425929095253,3.8050380856932238,3.351264024649533,3.4311241524528064,3.9121516281903332
26.66,4.355110194456782,4.293604933334052,3.7819287591766058,3.34494486958906,3.4404348804337213,3.935351146150281
26.68,4.364859027827694,4.278765271997443,3.7625091831190534,3.333723136935792,3.453473486775536,3.9542429291325205
26.7,4.3706288262563575,4.268136713612402,3.7393566671585172,3.3271037556382996,3.470866025606881,3.9772877063584287
26.72,4.380505296641289,4.2534405898258445,3.7198790031851408,3.3243025206348644,3.4834356917786384,3.996615145414935
26.740000000000002,4.386374274907699,4.235313889150024,3.6960209806095046,3.317254816315186,3.5004049349510034,4.019497291610202
26.76,4.3888353548829455,4.220858469954746,3.6765053468987094,3.314057658615951,3.5125976947737376,4.038665923624915
26.78,4.3949171981956985,4.202374839082792,3.65259591312725,3.3153603503239255,3.5292321524717662,4.061409175620181
26.8,4.39755441367583,4.188106896197409,3.633039803697729,3.311647602046519,3.5495632467301252,4.0804393941780415
26.82,4.396803449205046,4.169767946269221,3.609079187819222,3.312484863817471,3.565754444475024,4.103630911138445
26.84,4.399687085001315,4.155621342412207,3.588830177022976,3.3083407442595085,3.5856915007493884,4.1225024401777
26.86,4.399145607462868,4.137363053550708,3.5728650905417263,3.308092182940336,3.6015230148734347,4.137733811361687
26.88,4.39469847563096,4.115079056856069,3.5524196143040716,3.31235857204926,3.6217953985419897,4.156629770285204
26.900000000000002,4.394462024934064,4.09703340984986,3.5356278731395148,3.3116368837383225,3.6372981505750372,4.171879433519105
26.92,4.390274444992141,4.074921903147238,3.515029317429282,3.3154794916932397,3.657277328416826,4.191368796915715
26.94,4.390261660966846,4.057024265003829,3.498091420154829,3.3143698477354864,3.672524028327532,4.206592902601882
26.96,4.386259048465495,4.035023455715026,3.4853955067064777,3.317872556637464,3.6922813626786937,4.2260501244514
26.98,4.378871388860447,4.0166594062525185,3.4681596230533405,3.3252093281060326,3.7158043099798332,4.24123746441356
27.0,4.37514569456434,3.994742518086691,3.4545447625704475,3.328259092956696,3.7352128976321914,4.252821193491752
27.02,4.367988690685219,3.9764358750909423,3.4370760419907613,3.3351866162715584,3.759078890911254,4.2687024324314775
27.04,4.356922312957878,3.954554219683866,3.4232438243064687,3.3466293125990156,3.778160652964001,4.2803547198262875
27.060000000000002,4.350087693795406,3.928594519207151,3.4136307806325745,3.353041708915496,3.801730377401769,4.29628943036436
27.080000000000002,4.339296040145328,3.906314669283189,3.399444242670096,3.3640189620569654,3.820547345025769,4.30798073225629
27.1,4.3326992557564115,3.888188973759519,3.3888640508486336,3.370007710364665,3.843876119898824,4.31609267069583
27.12,4.322096266991168,3.8658765646765465,3.38246083394166,3.380605454269748,3.863134492329934,4.328543213152806
27.14,4.307574030721597,3.847148869539719,3.3714487941189653,3.3950388246915915,3.8862298841194365,4.336776380753324
27.16,4.297279093753511,3.8247966256626715,3.3646525171970767,3.4051499462694657,3.9052706118639713,4.349323334564222
27.18,4.283014523849425,3.8060149277795126,3.3532691509077837,3.4191471085020155,3.9281792754114138,4.357630339491758
27.2,4.2729431092096535,3.783046015048057,3.3461437670153216,3.428860416370039,3.947042420329584,4.362365586163264
27.22,4.258856689289014,3.7642173308886466,3.3425280900051417,3.4425077706683447,3.970457619641804,4.370874793982438
27.240000000000002,4.241360858667735,3.7411849820700933,3.3343062102563428,3.4607066386421113,3.989134361687396,4.375782237293144
27.26,4.227544027425666,3.7222996485939976,3.3303071123222865,3.47457775194429,4.012375476028393,4.385023478300405
27.28,4.210279233654165,3.6991931889299554,3.3217286014058858,3.492316986897929,4.030898996042433,4.390011350516297
27.3,4.196657489240635,3.6796751681790276,3.317420946980959,3.505765548624435,4.053998251532696,4.391426038624787
27.32,4.179015720639914,3.6565174327519183,3.316653499720473,3.523132794600382,4.073051459821566,4.396612412658303
27.34,4.165538595286262,3.636942630441479,3.3119254645023783,3.5450596979668156,4.087457208427247,4.398188537045482
27.36,4.148000404571772,3.620884774306132,3.310776514355808,3.5619418235323845,4.10653357777511,4.395618096870598
27.38,4.127013532686122,3.601110400439855,3.313808784507683,3.5834246380194896,4.120966352336876,4.397465057832124
27.400000000000002,4.109682717333787,3.5848572843768087,3.3121733175991475,3.5999041933041833,4.140067733770681,4.395125529043429
27.42,4.088335126567316,3.564342866825463,3.3141267337058857,3.621021595673573,4.155190401253792,4.397169395445562
27.44,4.071171251251179,3.54793561759682,3.3202360609426265,3.63785653903489,4.1742728101343305,4.394987884479081
27.46,4.049949327172162,3.5272646160669177,3.3216784598997475,3.658639238332407,4.189368657171986,4.389248203916252
27.48,4.0328918513520255,3.510724853724472,3.327329076609845,3.675166076131426,4.208429071639472,4.387328794147296
27.5,4.011740968803957,3.497660632620733,3.328350440629983,3.6956839443533505,4.223488408006488,4.381809137846962
27.52,3.9941975613218546,3.4802778227628015,3.3336276881274527,3.7208188377000146,4.233954618069427,4.372155568313877
27.54,3.9730935281307307,3.4669736055066966,3.34244636489966,3.7409372422625435,4.2491526160132205,4.366952331605575
27.560000000000002,3.9479514534219544,3.4493606309195224,3.3472494782479125,3.7657028495998532,4.260404690175066,4.357568997012513
27.580000000000002,3.9264833379765913,3.4352997915613432,3.3556412768959825,3.786168258938421,4.2756739394500896,4.352603617410101
27.6,3.9091296246462193,3.425273854049305,3.36820050174044,3.8105859707628422,4.286978472886537,4.343409996283717
27.62,3.887628122356663,3.4108915270780265,3.3760709297004854,3.8307225091758097,4.302292321273398,4.330664489578101
27.64,3.8702355086797713,3.400579791091427,3.3881572361689574,3.8548492662819935,4.313617009204368,4.321760228765533
27.66,3.848671668416682,3.385928749706025,3.395596705643498,3.8747099203042508,4.320358252512751,4.309261955324916
27.68,3.830670221941331,3.374826628445834,3.407298048108704,3.899281921418753,4.331858293967271,4.300564948479247
27.7,3.8090449689447996,3.3677570290420142,3.4225552570726436,3.918868504710317,4.3394187678978176,4.288230994418577
27.72,3.790966142444306,3.3563140168722483,3.433774310929455,3.9431849982876734,4.351012215309865,4.271713340284879
27.740000000000002,3.7687189789127213,3.348943765112445,3.4492321416978498,3.9625426987167596,4.358635171900745,4.259053687288228
27.76,3.750571598988307,3.345006872988145,3.4600196007267994,3.9866487187197714,4.361672171339719,4.242785670478575
27.78,3.728238366243402,3.3372265396197824,3.4750906530008114,4.006506206614053,4.369497040502148,4.230336813488885
27.8,3.7094752270914624,3.3329140619308175,3.4937155872254624,4.021486335948089,4.372709026850295,4.214243480551931
27.82,3.6870737955916124,3.3320266914680334,3.5083042407267335,4.041322557216213,4.380680470028333,4.193963463351298
27.84,3.668237794273896,3.3272601198536145,3.526494404483543,4.056291465085976,4.384007455198227,4.1781499260524395
27.86,3.645765813275619,3.3259564310121275,3.540683277105692,4.076119849593406,4.383443380035608,4.158104434844451
27.88,3.6268573986071413,3.3208126634591895,3.55852109046143,4.091785774087178,4.387690629055283,4.141899142050353
27.900000000000002,3.6037728748322175,3.31916970902326,3.5805850556708356,4.111571300324008,4.387299681987429,4.122050010771898
27.92,3.5848202564253664,3.3215316082582076,3.598601392347726,4.127190481033745,4.391684625085262,4.1060034436037105
27.94,3.569365661595262,3.319448731984721,3.62021046095343,4.146943929577934,4.391394425297156,4.086284705914917
27.96,3.54966616618558,3.3214214275080853,3.637803859248284,4.162520911794956,4.387206331513614,4.070336407955433
27.98,3.5340388611793134,3.3268037118806046,3.6590368497564913,4.18223958012372,4.387142290837761,4.050088258380646
28.0,3.514168861476788,3.3277387148732567,3.6762820841710027,4.1977692721627955,4.38313890073692,4.034207413990685
28.02,3.497853917647139,3.332708913998894,3.6972068204360142,4.218137514678929,4.374568764490573,4.01399257686356
28.04,3.485554841091674,3.3410979402737024,3.7141678960457782,4.233566610633828,4.370869672802,3.9901267711000985
28.060000000000002,3.468954193713151,3.345561903199937,3.735482343324652,4.24487704457687,4.362557915348098,3.9700769588955227
28.080000000000002,3.4563991946270196,3.3534912663427376,3.752183131206971,4.260396222608851,4.359081921647858,3.9457531348180375
28.1,3.4395534356399424,3.3575392528076886,3.773264443941333,4.271775318390716,4.350948569997758,3.925847869021059
28.12,3.4262386786520658,3.3650975075586698,3.789761891815846,4.2873573253118025,4.338940646579174,3.901637421385404
28.14,3.416926932717308,3.376656761781209,3.8106631764904737,4.298776321873105,4.3311002015634115,3.881834776421383
28.16,3.403278032793691,3.383749191159401,3.835881920391417,4.306119180211764,4.3186639247700525,3.857698691212465
28.18,3.393668124996689,3.3948890695581535,3.8564261314774884,4.317707692781261,4.311072099532275,3.8373526190946783
28.2,3.379739103606174,3.4100130171109644,3.8813146382507493,4.325187644917637,4.298838624062856,3.813284311570604
28.22,3.3693390786270014,3.420615184686774,3.9015594430490594,4.3368987389064175,4.291415091794346,3.792989046359041
28.240000000000002,3.3629441797387734,3.4352469015607596,3.9261679105254625,4.344471563473248,4.279305992263172,3.768358455947644
28.26,3.352196230697096,3.445400911794552,3.946792465642392,4.347278244712499,4.2632771387204516,3.7481154177327096
28.28,3.3454910605885297,3.4596297587749896,3.962858407573121,4.355100908041531,4.25141253782794,3.723517783897218
28.3,3.3422032493919374,3.477300782982218,3.983395298858142,4.358834379023184,4.235591069329834,3.7033134396713114
28.32,3.3345390089525924,3.491037623814493,3.999388180872627,4.366809297596433,4.223899569957828,3.6867876277586173
28.34,3.330890995092984,3.5082633851476164,4.019863240768987,4.370659911959252,4.208216742290734,3.665817381682255
28.36,3.3306504638052092,3.521591017039219,4.036444732799742,4.369730168771472,4.187910631642341,3.6491602074514633
28.38,3.3265362292145118,3.538454101539068,4.056834507231175,4.373844544123696,4.171804350493898,3.6280499181877035
28.400000000000002,3.325867967760849,3.5593437035570847,4.07332851852926,4.3731418746883435,4.151748317614357,3.6106611817884673
28.42,3.3213650095954543,3.5762927345882702,4.093645443530132,4.3774481548994135,4.135855633801909,3.589442954469984
28.44,3.320343821811306,3.596730711230774,4.110064552720656,4.376901084801735,4.115979843720614,3.5719477822165433
28.46,3.323299499255362,3.613261225491945,4.1303174656976225,4.381332084876677,4.100233516775062,3.558707822405505
28.48,3.3218305599943805,3.633326257577219,4.146664451409166,4.380873548802917,4.080477225996293,3.5409412008606904
28.5,3.3238497077509024,3.649513097891618,4.167484033889894,4.376333438679645,4.0648188456537735,3.5268445971164204
28.52,3.3298251935767262,3.669823850526329,4.183716830394496,4.376102336671171,4.044433865088884,3.5088579203690617
28.54,3.3313697025624807,3.6857013848283935,4.196115807885166,4.3717490924285665,4.0288383002899275,3.4945489973465387
28.560000000000002,3.3369200800511036,3.705734847175381,4.212416920116317,4.362626861304892,4.008481981868318,3.476370755815701
28.580000000000002,3.345870750859211,3.7213677607161593,4.224867041759035,4.35858562761274,3.9929040152235933,3.461883168369208
28.6,3.350904918034536,3.741184786203188,4.241854370760473,4.3497301351792075,3.97253362160092,3.451029619777109
28.62,3.3593859311762166,3.764555981294798,4.2542952655627,4.345925010056917,3.947479224238602,3.436244695567367
28.64,3.3639880382264566,3.7840369991931952,4.271260889150764,4.33726106618609,3.9272809475676436,3.425109849518074
28.66,3.372082275422954,3.8076499643603094,4.283669161597653,4.333611369775154,3.9023667740757726,3.409470670408698
28.68,3.3841442683970606,3.8268153338396598,4.292260675802735,4.32505998395792,3.882303045998954,3.398127315568446
28.7,3.391759553413553,3.8501369487988004,4.304797343349169,4.3124215773826595,3.857490674280554,3.390405333991974
28.72,3.4033886853851527,3.869588592431659,4.313490999684557,4.304114072626875,3.836831592177353,3.3787207614898427
28.740000000000002,3.410610942096459,3.8926322472683244,4.326758767532314,4.2916800205262,3.820909687460749,3.370680426173867
28.76,3.421893078695893,3.911819784358056,4.3354787318528505,4.274457066056217,3.8001390821698178,3.3668299224813736
28.78,3.4371651755747346,3.9346315415547806,4.340404287935653,4.2623552924851165,3.7841114049476583,3.3583479824356584
28.8,3.44797523555219,3.953600178881073,4.349294962407041,4.245415918946306,3.7632173158374163,3.353497440236524
28.82,3.4628203355931513,3.976766282803196,4.354359266775129,4.232845243318378,3.7463785081252934,3.344672210659725
28.84,3.4732416459381126,3.9955126517568162,4.36337115533662,4.216147670927278,3.725378037687418,3.339506099295532
28.86,3.4877425463890797,4.018469063705966,4.368520690620923,4.203777603960807,3.7084266538693775,3.3385375869279805
28.88,3.505705867283711,4.0370206435125535,4.369232224824835,4.187247167209991,3.6873193397441466,3.332940012284824
28.900000000000002,3.5197650834469063,4.059791441025255,4.374599329349882,4.17500911772304,3.6702572340036435,3.3315847581183724
28.92,3.5373333522511863,4.07871493208375,4.376142506845751,4.158580053651017,3.648348184989597,3.325629979906135
28.94,3.5510300978413967,4.093305357511839,4.373255790809741,4.13729987201034,3.63121083473219,3.3239587801786206
28.96,3.5688117282412133,4.112206826168902,4.375072080112289,4.120395954034389,3.609218565507192,3.325876680365066
28.98,3.5900525515293986,4.126781071146612,4.372420038130454,4.099350361693131,3.592014616246543,3.3231815700407035
29.0,3.6073760059134012,4.145665188766942,4.374434835071106,4.082647166550731,3.569950264916773,3.324746208503111
29.02,3.6282013268897586,4.16076879279687,4.371943574925078,4.061776448823363,3.5519903541430833,3.3299005828869026
29.04,3.645138745811752,4.179598467465245,4.365695827554572,4.045216541711471,3.5387436773301224,3.331002313967531
29.060000000000002,3.665622633656181,4.194637111914215,4.363487203842668,4.024462349180481,3.520563068127635,3.335736449650802
29.080000000000002,3.6822441669733688,4.205402740325479,4.357481085315022,4.007990149424796,3.507123837652909,3.344636672729691
29.1,3.702974878403241,4.2205450522723,4.355479120453443,3.9865767362504734,3.488754711080391,3.3488489177174854
29.12,3.719308882858785,4.231956948334876,4.3496400526056425,3.97017818356186,3.474452646351241,3.3572773379536263
29.14,3.7397804176974745,4.247151095215313,4.339359827754599,3.948806213195167,3.4648244379577293,3.361052933744808
29.16,3.755886543650296,4.2585959552490795,4.333802713281216,3.932438360806323,3.4502110998971616,3.3690903775395764
29.18,3.7761547716293618,4.27381733382401,4.323759677364862,3.911067642249531,3.440306366495652,3.3807119065592635
29.2,3.8005055568219026,4.2852690841426755,4.318406742333378,3.8939733109092827,3.4254287925620375,3.3882567961541437
29.22,3.8204088771086364,4.29302254926246,4.3085244426496105,3.872605516970203,3.414599075551515,3.399435165353251
29.240000000000002,3.84441944920068,4.304600168637843,4.2942156823509725,3.8554962137921955,3.4084225779415886,3.406571478785991
29.26,3.8640116576114134,4.3124534410083095,4.28464182837654,3.8341001832778927,3.39722718074044,3.4173863947862353
29.28,3.887732008774624,4.324113531027079,4.270596136636409,3.816947798060922,3.3907244653928776,3.4324095038831324
29.3,3.9075793614785144,4.332022508938231,4.261254821264695,3.794781858397705,3.3792218095105033,3.442756824313401
29.32,3.9230983164708886,4.335686662118912,4.2473979418254455,3.7776008312686478,3.3724486979725685,3.4573579155091525
29.34,3.9428495319819437,4.343790381190437,4.238213204780476,3.755387431732072,3.3696065567081455,3.46791469787704
29.36,3.958818537524539,4.348179828540914,4.224471433060739,3.7381678584006353,3.361734904578483,3.4821403816321626
29.38,3.978468973730256,4.356396726258078,4.2069203878365675,3.715899340580778,3.3585500987208823,3.50058771223632
29.400000000000002,3.994342710184262,4.360867419370334,4.193420387160011,3.698632567261379,3.3503594734245947,3.5143316296585696
29.42,4.013914563686928,4.361087352415183,4.176077581982013,3.67630318632079,3.3468979839224735,3.5323387527616457
29.44,4.029709348575035,4.365765397807016,4.162750361153378,3.658248539490824,3.347386550979855,3.54568237788446
29.46,4.049746765562182,4.3661592195220145,4.144885626309803,3.635893250664839,3.34351182075386,3.563327278835585
29.48,4.065440092080382,4.370985329404761,4.131694118565178,3.6178070228018564,3.3436242376036756,3.576347478383124
29.5,4.085379037867652,4.371490074619821,4.113926862202335,3.603924274338984,3.348351770917501,3.593703570002423
29.52,4.100978213147022,4.36832238554534,4.1008140522602705,3.585640416858526,3.34795873922381,3.6153200944723154
29.54,4.120823326676873,4.369056513057369,4.08308533590943,3.5715650203488276,3.3522281892239905,3.6322330693753213
29.560000000000002,4.13686346425572,4.366080267325759,4.061504522374498,3.5531053026399566,3.351414459606378,3.6534418546510463
29.580000000000002,4.148623438018722,4.358891835661419,4.0439558203785095,3.5388610415842647,3.3553094113784594,3.6699855504876275
29.6,4.164707880484547,4.356221998091264,4.021861796595124,3.5202516447784644,3.363117458534719,3.690856685109943
29.62,4.176505728047503,4.349298247202138,4.004471032008632,3.505863794289676,3.3665157016819416,3.707691973286496
29.64,4.192619473073812,4.3468569244754764,3.9825011031369657,3.4956348419843666,3.3738725769597564,3.728250106334878
29.66,4.204973696455151,4.340121261086034,3.9652236787777184,3.480959122480671,3.3768581565921063,3.7447936277447003
29.68,4.2210690810010485,4.337839726728842,3.9433314573192946,3.4704581104853167,3.383846618621087,3.7650985070130147
29.7,4.233387590487524,4.331224189731565,3.925454164125853,3.4555362396487777,3.395478965783719,3.781406197726538
29.72,4.241457734996634,4.320920746533979,3.9036331681143976,3.4448035341629573,3.4019777511533804,3.8015072065683566
29.740000000000002,4.253894692317229,4.31453485316018,3.8858071834078682,3.4382061632509258,3.4131666623778614,3.8259230281731087
29.76,4.262602794805904,4.3044230161919375,3.8640277142327784,3.427112074587897,3.4192576839513555,3.846268148455302
29.78,4.275091891245658,4.290074486279728,3.8462216085620167,3.420176478191458,3.430082471636151,3.8620199569057734
29.8,4.283831358541074,4.2802676053206525,3.8237830912260597,3.4087748026977938,3.4448505474157414,3.8822059570646723
29.82,4.288338177752396,4.266179418543516,3.8060036684171834,3.4015529437712706,3.4551915490117167,3.8978169717548323
29.84,4.297249537827403,4.2565984476231495,3.7835714224421997,3.3991681929180606,3.46952382461117,3.9178756878835923
29.86,4.301903172173616,4.2426937478356,3.7658033036647653,3.391508546520476,3.4794636538633594,3.933967556464087
29.88,4.310938440480702,4.2326976469006174,3.743364263759911,3.388728914563947,3.493440071366936,3.9538886994873397
29.900000000000002,4.316234200417816,4.21893624177775,3.7249190476144696,3.38069810974726,3.5120751720926315,3.9698463924528
29.92,4.317294670595965,4.200906000661789,3.702491924464952,3.3768576890111883,3.5255715840523747,3.9896547413039976
29.94,4.3227837657612,4.187405300737374,3.684051428836138,3.3778472831573527,3.543762850565183,4.005499886797831
29.96,4.324006584520618,4.169594240396614,3.669528162249769,3.3735565508692837,3.5568535436217137,4.025806138092715
29.98,4.329630985344593,4.15628796764491,3.6509246841409606,3.374136961614398,3.5746757361482695,4.041514702754415
30.0,4.330961104205117,4.13862810401636,3.6362390296254836,3.36946503322377,3.5881111485108805,4.061688327513453
30.02,4.328628480924593,4.1248775965055104,3.617484398998678,3.3697079063235607,3.605596801076237,4.077274194965264
30.04,4.330186898288215,4.107337431510251,3.6026477511003345,3.374045318785193,3.627766266499051,4.097326349242012
30.060000000000002,4.328042927690964,4.085505473704407,3.5837557809938665,3.3738166905607385,3.6447809283686423,4.113390628508639
30.080000000000002,4.329760897541164,4.068215019349758,3.568786705441381,3.377722983367109,3.666513981582191,4.124927362073577
30.1,4.327744009253586,4.046595372799715,3.549098852334913,3.377101003446192,3.683130530885862,4.141013181187291
30.12,4.321507678668601,4.028925449947639,3.5340479788355847,3.3806506528890456,3.704496440287716,4.152566540483944
30.14,4.319733736157536,4.007488084638433,3.5228668115817743,3.3890394244027533,3.7214569400065303,4.168661305178465
30.16,4.313697988566206,3.989974268274972,3.50756458310037,3.3920989865701348,3.7424747036640222,4.180822872493233
30.18,4.31209414043598,3.9686734581465832,3.496145794158486,3.4000472459200894,3.75910731979569,4.196877681611897
30.2,4.306193331544476,3.951272343559246,3.4799525815321224,3.4027020881647325,3.779836921534845,4.208982513708758
30.22,4.296623960166975,3.9294900758365707,3.4683628087435676,3.4102866738667235,3.796197975190049,4.2165942114866235
30.240000000000002,4.290971751551465,3.912185014330047,3.460612227615434,3.421966798223621,3.816688975376299,4.228808266321872
30.26,4.2816101133282025,3.8904724613066106,3.448695598948664,3.429055763491727,3.8328245428815526,4.236512779797619
30.28,4.276131829892651,3.8732321185991667,3.440639365234371,3.4402869900408426,3.853797840720103,4.248803034840384
30.3,4.2669081903198,3.851560283760666,3.4277771906811707,3.446963137825548,3.869705564407706,4.257173401432103
30.32,4.253449045576554,3.8337762968744475,3.4194946604533274,3.4578260657678634,3.8904683565769886,4.261070797036432
30.34,4.244481052495656,3.8121435043196117,3.415043402835607,3.4735369726465173,3.9061881843961803,4.269613360406485
30.36,4.2312321628510565,3.794385586613595,3.406389415028065,3.483898343506407,3.92677702731195,4.27365865277573
30.38,4.221896803753902,3.7727744765047606,3.401593920159155,3.4991502148999567,3.9423389340871524,4.282326746508198
30.400000000000002,4.2088171323933805,3.7550251176457174,3.3926276456063804,3.50909094309578,3.962780737416911,4.286469766447854
30.42,4.199618730716409,3.7328320829448804,3.387547795365302,3.523961804525741,3.9788840264439513,4.295213012388458
30.44,4.186644655183096,3.715106169982354,3.3863044600213934,3.533557295565406,3.9991589888121646,4.299409372158747
30.46,4.16940776620018,3.692922830631617,3.3808356602624663,3.5481191588852345,4.015095922917688,4.299754092094036
30.48,4.156657982934487,3.6746303452121394,3.379235035985788,3.5668405183667873,4.035222623317535,4.304142470083555
30.5,4.139606090992956,3.6607222045980676,3.3734399242605395,3.5809517422367345,4.051008961523958,4.304645844624088
30.52,4.1270149891078844,3.6422702316696443,3.3715449338505454,3.599978499600195,4.071682652230104,4.309168342025823
30.54,4.1100847911035014,3.6282186088586728,3.374145189881764,3.613667922750626,4.087290076151514,4.309776575984381
30.560000000000002,4.097037485074371,3.6096191928039,3.371830715187021,3.6323112938144457,4.1077871413209,4.306541398695925
30.580000000000002,4.0802006204305385,3.594849885020711,3.3740544887024626,3.6456522076628195,4.123222861171313,4.307349182838288
30.6,4.059087222244888,3.5761423332376863,3.371390088710807,3.663978821271596,4.1344007370128635,4.304277379959921
30.62,4.0424762918468975,3.561270578669497,3.3733060425906816,3.6770344970796893,4.149872855041028,4.305219883477685
30.64,4.021553503332074,3.550169731291464,3.379042111123787,3.695104337214797,4.161073006939627,4.302247761013078
30.66,4.004558153384359,3.5350565343582434,3.3805233339260745,3.7079314719781284,4.1772512680126495,4.294802136126636
30.68,3.9837991703011237,3.523723801025066,3.385865508917777,3.725797884653308,4.188417435947401,4.29205764528521
30.7,3.966943235401133,3.508397983094774,3.3956767461291566,3.74860884779053,4.204553223599889,4.2848002623968044
30.72,3.9463055084811547,3.4968663058949074,3.4005059419609016,3.7660690607781184,4.215673097034557,4.282214637239104
30.740000000000002,3.929548829592862,3.4807846071420894,3.409852357677286,3.7885003577945193,4.231752358494874,4.27507779640342
30.76,3.9084323751084713,3.4691140856388984,3.41425005195649,3.8056100339893217,4.2428054276572835,4.263494158206642
30.78,3.8917612968756345,3.461194624946906,3.423207685373667,3.8277138120852645,4.249619956450555,4.25663112217448
30.8,3.8707030701488367,3.4492344322842428,3.4272513019176407,3.8445213353554686,4.261472570788507,4.245280502875868
30.82,3.853531067454207,3.4410460913468777,3.435895391287504,3.866342700844659,4.26833301346091,4.2386259145973355
30.84,3.8325296504206983,3.4288405997966462,3.448376976595077,3.883604175667757,4.280214608624477,4.2274410654430765
30.86,3.815400428065004,3.4204291252288628,3.4565843550280526,3.90514166875046,4.287089985206757,4.220926103463488
30.88,3.7944353982913097,3.4157545682498904,3.4686760250906827,3.922128023826014,4.289761930656531,4.209842929364372
30.900000000000002,3.7773308399122176,3.4070095365672075,3.485250322077782,3.943417539888846,4.296820306501279,4.1948980872633
30.92,3.7558221780730787,3.4020279623986616,3.4968279804932987,3.9601614966643828,4.299645280535736,4.184046714898724
30.94,3.7387496274918375,3.4013229673772423,3.512928803198017,3.981232273920584,4.3068382225204775,4.169298182464801
30.96,3.7172580943587237,3.395902174637217,3.5240699845080368,3.997760129629211,4.309767766012934,4.158611191240355
30.98,3.7002097776091603,3.394797871294235,3.5397719107100967,4.019344572324843,4.317046367078604,4.14399708186688
31.0,3.6787297792495397,3.3890031755160974,3.5505485158092247,4.03563265959352,4.3200355600252545,4.133414512874989
31.02,3.6611346008844046,3.3869873970241353,3.565923743480112,4.056985046840749,4.318123290264862,4.11825614417409
31.04,3.64789924985861,3.389247991735509,3.577057284701173,4.073051901844591,4.321327592243135,4.1077490644669385
31.060000000000002,3.630146299738385,3.386793287479783,3.592129455415518,4.084672553157548,4.320289103002186,4.092632749433914
31.080000000000002,3.6162094677752417,3.388659121380851,3.611747387133499,4.101466991819228,4.323609148057668,4.073617502170227
31.1,3.598336250512659,3.385835076637329,3.626383744030312,4.113043759886729,4.322657151854665,4.0586870462966536
31.12,3.5842836828632674,3.387371762184037,3.6456023167193488,4.129792194332069,4.316789217114212,4.03983381279686
31.14,3.5663067238113073,3.3926053672538075,3.659871975066285,4.141322015987784,4.316073643881207,4.025038503285385
31.16,3.552156802230948,3.3936933564829617,3.6787535795432507,4.158019424818783,4.310404779500019,4.0056728595006135
31.18,3.541766407135217,3.398517126022339,3.692715578237871,4.169494959105335,4.309860436205737,3.9909953356112378
31.2,3.527377779867643,3.399227141035866,3.711316057460011,4.186132179713945,4.304322889645292,3.9717141302364958
31.220000000000002,3.516761415525666,3.403711117950307,3.725675479830776,4.197542083274369,4.303883324371648,3.9571116016909995
31.240000000000002,3.5021657234489996,3.412488361126428,3.7440065074680775,4.214109888805307,4.298415042525496,3.9378775658271894
31.26,3.491356536295913,3.416518445829797,3.7581128894506706,4.226159028819354,4.288738296102309,3.922690548224211
31.28,3.484273504467456,3.4248837728385726,3.776222443579047,4.233029750677212,4.283491525075598,3.9035002099521487
31.3,3.4731443104602326,3.428532709522771,3.7989280039767586,4.245146585513366,4.273298049906212,3.888336722651969
31.32,3.465761125395573,3.4365569286001283,3.8166647754482494,4.252070037051783,4.2682384847532004,3.8691571709748653
31.34,3.454356059611848,3.4482918327891956,3.8390189654050593,4.264221442108631,4.2581941396496745,3.853990097431768
31.36,3.4467179186087584,3.4558577246596878,3.8570787283699355,4.271163595066455,4.253259616192931,3.8341746422595553
31.38,3.4427872575049445,3.467176628605769,3.8702628949906606,4.283322051089254,4.24330354397441,3.8190121624019278
31.400000000000002,3.434778406967206,3.474359138543437,3.8881806511210963,4.290253802547501,4.229120350683228,3.799180055611517
31.42,3.4305026219536447,3.4853348725094855,3.9012378836342463,4.292784311798167,4.219399863668167,3.784005316813625
31.44,3.4221767100305582,3.5006142935999804,3.9190398625291696,4.300609268696732,4.205420697398189,3.76414517145872
31.46,3.417610058721598,3.511127477034941,3.9326554893881482,4.303237955961347,4.195876823934658,3.748322783293428
31.48,3.4172982748643106,3.5259824731799343,3.950326450182879,4.311144185397143,4.182044937410816,3.728455618265633
31.5,3.4123072112648978,3.536107912546942,3.9638121101768102,4.313829351083638,4.163287331599767,3.712620626153349
31.52,3.4110553561892774,3.550610450286867,3.9813700732383857,4.312148508209933,4.149751728966878,3.692744243708052
31.54,3.4057298990260114,3.560980993466674,3.994741150538066,4.315059307554958,4.1312501465625715,3.676893542798241
31.560000000000002,3.4041736818508386,3.5751604795287175,4.012201742228678,4.313571374872994,4.117240936456745,3.664998342710422
31.580000000000002,3.406870394477125,3.5936700609690786,4.025471396054516,4.316651778582238,4.098970873965657,3.6489668863952867
31.6,3.4048842124212717,3.60740099965936,4.043502750098398,4.315297493031734,4.085160686732234,3.636895024795088
31.62,3.4071904503710533,3.6254959294649756,4.056635240768379,4.318492269320667,4.067065943376993,3.620698407673098
31.64,3.404841105080888,3.6388473419777796,4.074530190744785,4.31722075837687,4.053404202606414,3.6084672315611708
31.66,3.406822932831497,3.6565934205336497,4.087528413256402,4.310827785610238,4.035436840895492,3.591497807884453
31.68,3.4124897105608802,3.669624721744388,4.105287778021982,4.30980030265038,4.021877762617852,3.579154881537484
31.7,3.414023120774558,3.6870782463931153,4.118150164853615,4.303615137794048,4.003280791494541,3.5620740802079296
31.720000000000002,3.419279647883939,3.700408202093439,4.135770584019467,4.3027695928078975,3.9898122527288846,3.549639172034792
31.740000000000002,3.420435954944195,3.717586918750467,4.149156024499527,4.296727211251054,3.97127709409876,3.54111998022773
31.76,3.4253551715478383,3.730659827690276,4.157701209171048,4.296003418813531,3.9578640738116078,3.5278015066163517
31.78,3.434533876667855,3.7476150887724065,4.171090041592306,4.290048179089859,3.939357652498534,3.519064959405172
31.8,3.4389937173179574,3.7689552683698815,4.179628716493276,4.279708721894895,3.925966044231272,3.5055369712166926
31.82,3.4477535206291194,3.7861125040009376,4.193000404687679,4.274000159960369,3.9074567824725075,3.4966191332491015
31.84,3.451827062522653,3.7985874025257895,4.201513509084182,4.263873733034866,3.893346734629825,3.4829188374720474
31.86,3.4602418135792243,3.8155680789641395,4.214848004646031,4.258347942534301,3.8748442372491496,3.4738546932081835
31.88,3.472349441373009,3.8363764501545337,4.22331065356496,4.248368426838793,3.860727609977146,3.4686977424035326
31.900000000000002,3.4803001543117307,3.8530248856492175,4.2276589408190075,4.233263887246096,3.842213738137325,3.4587065393141554
31.92,3.491984460482157,3.8735280674224914,4.236906311119495,4.2235898249831765,3.8280743884267494,3.4532997929604994
31.94,3.49953963049758,3.8898809743450364,4.24131207662299,4.208753430630308,3.8088222593398418,3.443073723648421
31.96,3.510867420143853,3.910682378310252,4.250599649355912,4.199323768552675,3.794675952347017,3.4374616934949733
31.98,3.52645726807271,3.9267383703851606,4.255028526003781,4.184688463429775,3.7754009545344442,3.4357460861993356
32.0,3.5373101794041975,3.947256338808406,4.264321584159752,4.174693674886509,3.7612407438150797,3.4297828817451435
32.02,3.552461811944106,3.9630430558961742,4.2687346651826665,4.160237793955565,3.7419344507415477,3.427744428679304
32.04,3.562908822111858,3.983302499008797,4.269038315429576,4.1503943256350215,3.7277541520176882,3.42086940032756
32.06,3.577688577127829,3.9994120923966894,4.273592338486614,4.136064235553979,3.7084158925098767,3.418593967584713
32.08,3.58833921224889,4.0108705894916605,4.274011051066238,4.126320208728985,3.693494472129645,3.4202202176486454
32.1,3.6027774428039203,4.026901221983547,4.278660227722696,4.112066354873085,3.6836005350910876,3.417567051218441
32.12,3.6131113560521357,4.038283946179641,4.279145474618639,4.092629765202656,3.6684662823991214,3.4188470124737402
32.14,3.627268223343574,4.054240363452196,4.274871969982783,4.078620940597362,3.658378899373838,3.4158774468574125
32.160000000000004,3.645736727103572,4.065549687327949,4.275575313981922,4.059393481676758,3.6430487925721056,3.416872136431315
32.18,3.6594797535270573,4.081432268858219,4.271487669731197,4.044832268763783,3.632077329425018,3.422381143807019
32.2,3.677564351285839,4.0932352534206,4.272353105113026,4.02580140771217,3.616600321350328,3.4229518126176615
32.22,3.6909514515631505,4.109006993229476,4.268394984353118,4.011408592231645,3.6054890987521353,3.428075565345029
32.24,3.7087095797815155,4.120689779976055,4.269367129601922,3.9925283321176126,3.589887230355833,3.4282890747356083
32.26,3.7223401280593675,4.127784004315441,4.26548457834964,3.9782640221126826,3.5786596743396397,3.4330931882963287
32.28,3.7397889814430822,4.139533053263277,4.257511992527045,3.9594970555707016,3.5724358774131417,3.441773492967934
32.3,3.7531274478513765,4.1466831100618,4.253853455650903,3.9453260613118153,3.560905388328936,3.44612827733058
32.32,3.7703138027950085,4.158478565241712,4.2460732091519064,3.92589102952421,3.5536976545023604,3.4543973443206464
32.34,3.7834039624935834,4.166234640728077,4.24257973122781,3.9118158801460567,3.5419308565434457,3.4583681239539095
32.36,3.8003686307221503,4.17802140993684,4.234933264338301,3.8924479440151822,3.5345025769010596,3.4662902427022892
32.38,3.813251070863803,4.185751210223325,4.231547437067294,3.8784393140443636,3.5225365164041254,3.4787146744976525
32.4,3.8305759501562666,4.197506098490891,4.223979845905981,3.8591152064917997,3.5149256477299375,3.486158403469805
32.42,3.843250103316517,4.205188609833521,4.211626126393027,3.8451523536678853,3.5123022984985655,3.4981449243867235
32.44,3.8603821409289654,4.208296399160904,4.204286524649705,3.825853403377249,3.5043352297890658,3.5051821643680414
32.46,3.8728779691197275,4.216096187159748,4.192124541488789,3.8111673816513933,3.501389614643519,3.516797761653972
32.480000000000004,3.889844552078532,4.219301033956854,4.184955232974035,3.791913298854636,3.493112559769008,3.523493527659031
32.5,3.902737298587599,4.227181301921371,4.172924728039391,3.7772624612403694,3.4891808553158294,3.5348009377587273
32.52,3.919528436852382,4.231024248385795,4.165867435547839,3.758043251594038,3.480678052477673,3.5500162498900454
32.54,3.93224905643957,4.23030659231894,4.15391889395917,3.743415673579542,3.4765432507801375,3.5608774846218685
32.56,3.948887310792475,4.234331330966437,4.146926234814407,3.723476461104232,3.4773942624677647,3.5756845467225564
32.58,3.9614558085612477,4.2337691979681535,4.1350107346901375,3.708900016319093,3.4728879276196016,3.586162593057692
32.6,3.9779557018515805,4.237928779737203,4.118286219753576,3.6988355788919733,3.4734034749565623,3.601231532834751
32.62,3.990384348201624,4.2374751548794745,4.106590803033393,3.6840872416743267,3.4685824010525383,3.6113493859351866
32.64,4.007306648650919,4.2417194079851495,4.090052655299839,3.6738531925893576,3.4688218569361533,3.626088343074206
32.660000000000004,4.019573292763443,4.241327504429847,4.07852847294549,3.65894512181788,3.4637448989251887,3.6359060156123606
32.68,4.036336720885846,4.245613640774442,4.062129636755322,3.648555202168602,3.463763466936559,3.6503722476933986
32.7,4.048446787035251,4.245237580205209,4.050731973551745,3.632756743047286,3.468050600721527,3.659941574486931
32.72,4.065054850523738,4.240873088138229,4.034429595388765,3.6222602680991676,3.467684894946731,3.6741841617729287
32.74,4.077563042445314,4.240660855612998,4.023113698876688,3.606352190200728,3.471621333971582,3.692394283742801
32.76,4.085484201428362,4.2364337123296725,4.006865412282562,3.5957676021101483,3.470933832838288,3.706263376128531
32.78,4.0979860434160935,4.23633540579933,3.9949040841431285,3.579769670535028,3.47458122774647,3.7247435886693276
32.8,4.105894163289736,4.232193734446917,3.9787090941352514,3.5691149989477027,3.4832137088710446,3.738250435155183
32.82,4.118380232443504,4.223491028179821,3.966783847768204,3.562928132356425,3.486419507975849,3.7563919593139397
32.84,4.126263883485014,4.219574565477276,3.950613260523256,3.55200561651688,3.494648236700613,3.7695828303395875
32.86,4.138717993711623,4.211063469851222,3.938697012856929,3.5455657890747343,3.4974785387792875,3.7874291137588414
32.88,4.147116146626787,4.207316083458769,3.9225260071634294,3.533654563049961,3.5053679173664305,3.8003445219211085
32.9,4.1509622607802745,4.198944330875225,3.9105958557579896,3.5270315620041277,3.507882137529885,3.8179359160196227
32.92,4.15945270209281,4.195315247310485,3.893705436154027,3.514943867023364,3.5154897551972213,3.8312286426988806
32.94,4.163375061457382,4.18703017256886,3.8817699109827553,3.5081698919656104,3.5273623624339128,3.8485614345315313
32.96,4.171931887128355,4.183464497512288,3.8648561686342253,3.505849209920325,3.5345346610714157,3.861603709857777
32.980000000000004,4.175903311347601,4.175212782048773,3.852901201939049,3.498739387333985,3.5460095977587103,3.8787082175338004
33.0,4.1844952498459795,4.162962907197194,3.835951764912132,3.4961052155102745,3.5528104907546125,3.891527795907639
33.02,4.188483751103444,4.154893070847769,3.823280713906051,3.4887066638260182,3.56394973379441,3.9084290476624517
33.04,4.19707857508203,4.142209796150865,3.8063187650804515,3.485803464884641,3.5704389508732755,3.9210485359352028
33.06,4.201051429212163,4.134294936360683,3.79362645457648,3.4774109880869815,3.5813002338757234,3.9383834382345566
33.08,4.201052889920362,4.121735640872927,3.7766445692938464,3.4743212316501437,3.5971667546518615,3.9507834984592947
33.1,4.2057277148380106,4.113928356139563,3.7639240753342778,3.475692890598011,3.6075878826187253,3.967907114999395
33.12,4.205814356801859,4.101449926147116,3.746917274805566,3.4722400555675015,3.6230455907827768,3.98010649520621
33.14,4.210556164596775,4.093709036266337,3.734169597194828,3.473275964424313,3.6330854854336594,3.9970353338304774
33.160000000000004,4.210686050462938,4.08126891076186,3.716448238132502,3.469513705844648,3.6481908061504624,4.0090451982378115
33.18,4.215453251527706,4.064819214928286,3.703707773220584,3.4702642918527116,3.657903493461255,4.025788437789114
33.2,4.215584830066731,4.052570762832231,3.685985804435102,3.4761958697650943,3.672707958138214,4.038234045374981
33.22,4.21174955637014,4.035699632856853,3.6732597155172937,3.4764914206026907,3.6828440869233376,4.045828537241418
33.24,4.212037304475388,4.023627377537262,3.6647260488133644,3.4820048820944343,3.6973578761757526,4.058255634267993
33.26,4.208327385339645,4.0069044406086,3.651815812172544,3.481909912142011,3.707219719560913,4.065827296881448
33.28,4.208719452445577,3.994970129355418,3.6431059202594516,3.4870686639609514,3.7214889432100944,4.078227807217049
33.3,4.205087091445501,3.978358829751792,3.629338735965753,3.486642132232199,3.731120039765104,4.085766884610618
33.32,4.205536265877816,3.966528128571054,3.620506086844684,3.491500539293162,3.745185697508822,4.098129761932468
33.34,4.2019352247056,3.9499922289669005,3.606617353415251,3.490796378033532,3.764314170742795,4.1056237045583615
33.36,4.193786435209708,3.9376356357922004,3.597685463055769,3.49541038767956,3.77799651079392,4.1179352080208265
33.38,4.190364656267689,3.9211751857115065,3.5836970958494514,3.5044800246148986,3.796762790784326,4.125988794460584
33.4,4.182361012945584,3.9088800185678467,3.574688911573499,3.5086797706318498,3.8101031307312727,4.129228688146125
33.42,4.179067626445392,3.892471315333947,3.5698462113318654,3.5173701160879514,3.828548751871913,4.137365238476917
33.44,4.171162410841568,3.8802156610572367,3.5598911462289817,3.5212162988555256,3.842283174098207,4.140673164770584
33.46,4.167385758950229,3.863838885131181,3.5548411865845018,3.5295832805420604,3.85068438058948,4.148869746974017
33.480000000000004,4.159561037918981,3.8515982528320567,3.544687456741071,3.5331333910889775,3.864315778306909,4.15221881640682
33.5,4.147207190275573,3.83462898598942,3.5394661037893136,3.5412362865421243,3.8823496924567227,4.160444165021649
33.52,4.139610787857454,3.822416645259277,3.5291474898594,3.5545653730267297,3.895681244711678,4.163805444005382
33.54,4.127450294685526,3.8054610118962566,3.523788893045111,3.5622327351863867,3.91343688982243,4.172030312564351
33.56,4.120029220834045,3.7932671405533043,3.5225912547903735,3.5751586871466787,3.9264939370406653,4.175373966257849
33.58,4.10801384347383,3.7763169984748832,3.5169259229760423,3.5824493961219948,3.944701140919205,4.18356836416997
33.6,4.100721637556372,3.763536559082735,3.515444751876929,3.595028820114953,3.957461704483849,4.1868675722651565
33.62,4.088806376792517,3.7466146019029622,3.5088315093536697,3.602000568211113,3.975382155082023,4.185989968675721
33.64,4.081596590904968,3.7338587230698352,3.5071430550515443,3.614285388711653,3.987866029433549,4.190039420430286
33.660000000000004,4.0697368995674434,3.7257801241384354,3.509604052111398,3.6209849911011083,3.9957604969882845,4.1892274440507355
33.68,4.062573412991457,3.7128472490505944,3.5075457386624533,3.633023274295879,4.008203382281451,4.193325960111417
33.7,4.05073429323646,3.7040118150857553,3.5096637641617425,3.63949679732348,4.016050106335554,4.192540062224195
33.72,4.034328285356112,3.69094098402547,3.5072843350261738,3.651332508441823,4.028452244016717,4.196648576294749
33.74,4.022693706335882,3.6819695967364026,3.5091081008332803,3.6684357503130043,4.0362499408966706,4.195846981209272
33.76,4.006464511474591,3.668771450810237,3.5064583144679937,3.679842461099121,4.049322789610641,4.190881483556572
33.78,3.9949957983551387,3.65967869379408,3.5080415035993497,3.6965429725932526,4.057028933177635,4.190232694179034
33.8,3.9789065200625098,3.646369158533086,3.514463306350216,3.7075747790361904,4.070008549354216,4.185393836702787
33.82,3.9675689493294817,3.6371721976225246,3.5156467859416214,3.7239239959435912,4.077617747862409,4.184851527094996
33.84,3.951586636441117,3.6231715958668445,3.5217022868345835,3.734625968986018,4.090497487029123,4.180093951132227
33.86,3.939773658706831,3.613916259674961,3.522539173656417,3.7506664878016434,4.098001528000565,4.179613436288904
33.88,3.92389328853348,3.608715345672484,3.5282802351080167,3.761078690657853,4.110772066349935,4.17489039922388
33.9,3.912168130960459,3.5992212234320737,3.5288244235368706,3.776848184234771,4.118160214345461,4.1653598316576534
33.92,3.8963647490298983,3.5937955028589825,3.5343035175436763,3.787005861648679,4.130809866424406,4.16083290966522
33.94,3.8847041420077253,3.5840927734827974,3.5439269389498347,3.802537305922776,4.138069231570446,4.151468153659256
33.96,3.8683844456045895,3.5784731927222304,3.5489862852661647,3.81321191229173,4.140763972630711,4.14645785084368
33.980000000000004,3.856794774407925,3.5679949943747866,3.5582227853961106,3.8284914713014113,4.1481019544971955,4.137241510866499
34.0,3.840525892755958,3.562238147530114,3.5629195784157366,3.838920500800833,4.150853424746841,4.132358738663351
34.02,3.8289851226217744,3.560513797987275,3.5718247531613345,3.8539762868349112,4.158951481954613,4.123246996626329
34.04,3.812750008281245,3.554452831180411,3.5762121211087696,3.8641856104297094,4.1616921088982455,4.118452474229563
34.06,3.8012461343728887,3.552444452075029,3.5848375131140537,3.8790442794073887,4.169768463157936,4.109407521713707
34.08,3.785034353858505,3.546119633498014,3.598307405804456,3.8890584106602177,4.17247180553899,4.104660838494603
34.1,3.7729813497788576,3.543867746439641,3.606493013395957,3.903738495105526,4.180499883643422,4.095643848834131
34.12,3.7655669042025903,3.5373167676476083,3.6195530041890502,3.9135739554176525,4.183138851522344,4.08179920022675
34.14,3.753356801066831,3.5348593855879376,3.6273530489783785,3.928089912166079,4.181233193062179,4.072974612706267
34.160000000000004,3.745796017707846,3.536436966722741,3.6400552757519153,3.9377593790164465,4.184000593893898,4.059293670631213
34.18,3.7334341732293352,3.533644469271781,3.6482023920495745,3.952861428635861,4.182200131286317,4.0506202180347906
34.2,3.7251594615713546,3.5349110940647717,3.660554567295376,3.9623339674535063,4.185062123536822,4.037063227986333
34.22,3.712677836362025,3.531830085714551,3.668373828961736,3.977244078404302,4.1833333991156545,4.027863792026822
34.24,3.7042867335640133,3.5328319833446575,3.680427757782695,3.986528055438727,4.18625231431285,4.0144228050794535
34.26,3.691692292680987,3.5295074758705196,3.6879650123022474,4.001253014852505,4.184554826066237,4.005322247360043
34.28,3.6831932125106803,3.5302893263359425,3.699764411397988,4.010353319124377,4.187490774805757,3.9919648435389434
34.300000000000004,3.670498555550364,3.5356927939903455,3.707061164570987,4.024896553396439,4.185788627020032,3.98293222448687
34.32,3.6619052419492037,3.5360988607152226,3.71864536299336,4.0338148538441585,4.178815169624319,3.9696293122253365
34.34,3.648551370512093,3.5411573193059382,3.7351286683292844,4.0481767542414575,4.177293934608971,3.9606371493250316
34.36,3.6399053276245885,3.54123583280891,3.746323281532661,4.057660606264915,4.170473944961765,3.94735994673998
34.38,3.6352992662790276,3.5459963968439734,3.7624385470077844,4.061583234804426,4.169094142776582,3.93838131114314
34.4,3.6264206230198535,3.5457964471973407,3.7732876389835424,4.071060060471257,4.1623884587502,3.9244679993471943
34.42,3.6215943630423406,3.5503070011708524,3.7890767163348653,4.074967051259697,4.161108089769311,3.9155122446833426
34.44,3.6125064394994757,3.5498755927982497,3.800300369041554,4.0844224300441585,4.154472216928975,3.901604088967059
34.46,3.6074843080349726,3.554181923235441,3.815758027687845,4.088301880223598,4.153247968358269,3.892654028860623
34.480000000000004,3.5976438674945164,3.5625331792957504,3.826660025648125,4.097723159800778,4.146643058779844,3.8787352826061596
34.5,3.5924806216282463,3.566479071665643,3.8418193254672235,4.101557332601072,4.145437349794397,3.8697737249726716
34.52,3.582504966674754,3.5744989716155757,3.8524304581343256,4.11092625989796,4.138826697588313,3.8558289824692764
34.54,3.577228229788692,3.5781343135040267,3.8673198531352044,4.114696105743145,4.127662581010565,3.846207586604083
34.56,3.5759783254370805,3.5858713676463156,3.877666494147524,4.123993259055863,4.121234470304325,3.8322581942803664
34.58,3.570416283965202,3.5892429871859175,3.8923101546109824,4.127678755946355,4.110227386283853,3.822626988458351
34.6,3.5689003207130385,3.5967425306478167,3.9024145258483087,4.136883956739066,4.10393684644242,3.80866646044386
34.62,3.5630904767720826,3.6088831693916203,3.9168325895856544,4.140464326603033,4.093046929766067,3.799020293810741
34.64,3.5613461040809202,3.615987065038192,3.9267129385489685,4.139280794261017,4.086855354261758,3.78504503481007
34.660000000000004,3.555325980374885,3.6277591305185735,3.9416031088868673,4.142963282659239,4.07531680166881,3.775381669464641
34.68,3.55339073112449,3.634515564150234,3.9512339240334926,4.141864966734785,4.069224191848611,3.7607487686200987
34.7,3.5554798502327105,3.6459685421265036,3.965882516427484,4.145617154321984,4.057759959127434,3.751094302789281
34.72,3.5532181717772584,3.6530150151057814,3.9752780952705433,4.144568270301952,4.051730399066136,3.7364589536633708
34.74,3.555003997468793,3.6641559982678134,3.989701031935421,4.149114123205753,4.040306158453697,3.726812920882877
34.76,3.5524617952003203,3.6709066558494667,3.998874924390363,4.148041307458281,4.0343141532986415,3.712179004430149
34.78,3.553989532507582,3.681777848806664,4.013084545347979,4.1525520914939325,4.022905256091604,3.702546599298894
34.800000000000004,3.551208485380301,3.6882729079566037,4.022046886021571,4.151425305629079,4.016924066574357,3.6971539390081496
34.82,3.5525194030359475,3.6989126205581444,4.026564551858174,4.145559014207936,4.005505089813868,3.687335751682055
34.84,3.5584169089947917,3.7142176821872086,4.035529678060293,4.144580451537529,3.999510985009526,3.6817653494419256
34.86,3.559352746932267,3.7244587241757214,4.0400402353703795,4.13883969512998,3.988059530652471,3.6711352138640505
34.88,3.5649037876824554,3.739386893719837,4.049684712155135,4.137970545141732,3.981304069197732,3.665435715282176
34.9,3.5655086546186827,3.7492693307324263,4.0541390792438365,4.132321152773522,3.9698333517324738,3.6546739415077125
34.92,3.5707563154376274,3.7638617830193075,4.063724597695477,4.1315236320793955,3.953027119638833,3.6488610615403325
34.94,3.5710757186527955,3.773424224927793,4.068113197354,4.125166108542388,3.9417440559704655,3.6379876769668535
34.96,3.576064387817002,3.7877142750875534,4.077629394086478,4.124443550196536,3.9251000946439336,3.6320821903804617
34.980000000000004,3.5761417980794588,3.7975779006650234,4.08193718504703,4.118137494435624,3.9139784389444467,3.621118617663659
35.0,3.580913759638889,3.811561675573648,4.091371683371042,4.117455887155698,3.8974758338956854,3.6145057385253603
35.02,3.5897077486016875,3.8211274731370737,4.095589072776718,4.111168014546781,3.886496407800504,3.612782184777389
35.04,3.594103773630491,3.8348334534154396,4.104928401730807,4.110495230269998,3.870114003680859,3.6059349507241762
35.06,3.602549267124706,3.8441278958379157,4.109041137076022,4.104194203043179,3.8585259381980728,3.603999802744584
35.08,3.6066157674121784,3.8575805268801457,4.118270652334795,4.103500078425377,3.8523422017825317,3.5969452771362107
35.1,3.614757818739044,3.8666262323201215,4.12226342019131,4.097152844332799,3.840661530354622,3.5948256123604123
35.12,3.6185382959352648,3.879846225237504,4.121820344997125,4.086027078462719,3.8343934189073807,3.5875945895085493
35.14,3.6264190057622265,3.8886621947769866,4.12588943299965,4.079838350574226,3.8226186107822913,3.5853212194477626
35.160000000000004,3.6299540018410035,3.9022596306800392,4.125505171342002,4.068852737844153,3.8162659948522797,3.577944653671403
35.18,3.637612507684449,3.9108270502046185,4.129627233097838,4.062787840832613,3.80439802095002,3.575548452988508
35.2,3.6498855616363186,3.924184953782566,4.129278532801077,4.0519091969770376,3.7979631576519886,3.5773752139829527
35.22,3.6571613403379,3.932518869107225,4.13411984446385,4.045936128962371,3.7860053556533777,3.5746783518654013
35.24,3.66907552264855,3.9456506675828806,4.133741793384112,4.035137512831466,3.7787642806687893,3.576225673837405
35.26,3.6765825056810777,3.9537659778292538,4.138544728461059,4.02923011912402,3.7667571047682324,3.573263774594763
35.28,3.688146532700777,3.966688177934006,4.138112130309327,4.018479299433684,3.759468052217158,3.5745701449352865
35.300000000000004,3.6953184420888885,3.9745958019299263,4.133270575735781,4.012607021101706,3.7474178060408216,3.5707472608512383
35.32,3.7065719625047486,3.987314835374192,4.13297346356646,4.001879082166485,3.740087998761943,3.57188178616366
35.34,3.713443181899974,3.99501984546166,4.128247176253763,3.996018302265125,3.7279994215739363,3.577241991363456
35.36,3.7244191437967205,4.007539700219054,4.128051549394003,3.984521093475123,3.7206348802018545,3.578031031109328
35.38,3.7310241873931957,4.015637397233269,4.123407224746828,3.9786879165231888,3.7085144664439795,3.5830692618049205
35.4,3.7417552304354027,4.018788027135777,4.123279382765153,3.967199672497958,3.701122873891842,3.583554481785284
35.42,3.748127793450273,4.026853858104706,4.118684164919351,3.961375651762898,3.699110723276821,3.5883116298666193
35.44,3.7586455964280168,4.029965852035386,4.118592751714207,3.949879066185951,3.691477342897624,3.588532867860982
35.46,3.764812798561988,4.0379906364545874,4.1140161302160925,3.9440482668578722,3.6885113406882493,3.5930479122869405
35.480000000000004,3.7751427922272907,4.041053928799144,4.113931200515129,3.9325284985847833,3.680696172229639,3.5930395131105675
35.5,3.7811284119070225,4.0490269754080055,4.108647295425227,3.926673454949447,3.6775592998953366,3.597346370566476
35.52,3.7912927258236375,4.052030093030996,4.108576331117834,3.9151113562610758,3.6695848695319406,3.606518023301573
35.54,3.8061181157922475,4.059935947352252,4.103286734858867,3.9092183114065318,3.6663000003463697,3.6104434156402667
35.56,3.816504222843783,4.062863075762575,4.103202525259061,3.8976049498773966,3.658189359532948,3.619258915685934
35.58,3.8219561211329376,4.0706920817168815,4.097880704976316,3.890897690360622,3.654779837209032,3.6228479456129943
35.6,3.8321861602845755,4.073532696105263,4.088120169473609,3.8792643330506533,3.646552782815506,3.631351071269665
35.62,3.837487995880733,4.081270954415406,4.082952379656767,3.872533546073058,3.643039144528398,3.6346433820143593
35.64,3.847576965276275,4.08401074315939,4.073328606286481,3.8608754436311825,3.644889484686323,3.6428723713830413
35.660000000000004,3.852742204752021,4.0916438188686195,4.068283099873878,3.854117375497897,3.6410681794103454,3.646544662206871
35.68,3.8627021722877823,4.094865742612113,4.05876560382044,3.842431878509955,3.6426350897663933,3.654501214651123
35.7,3.867744696179576,4.093143486762676,4.053815809649427,3.8356448250967636,3.6385436570301146,3.6579149337325454
35.72,3.8775910157176154,4.0964067418628005,4.0443793761954066,3.8239313936265593,3.6398644171415167,3.665635054064834
35.74,3.882520895999954,4.094710341073911,4.0394979769171035,3.8171158585448284,3.6355364172946514,3.6688247103099467
35.76,3.892259617483983,4.097991401238861,4.030116598484287,3.8053761166687528,3.6359139734906494,3.676341507655995
35.78,3.8976555039448786,4.096297320185555,4.025278643712222,3.7985347031344974,3.6314194426435735,3.688758414970646
35.800000000000004,3.9072586643703144,4.099576077214764,4.015928698587445,3.7859961273252125,3.6316462618143373,3.6958903433197263
35.82,3.9125156115834723,4.09786392923194,4.011111654346898,3.7791653285145768,3.6270105984176264,3.707943541987513
35.84,3.921986591159397,4.1011171702143745,4.001767668228901,3.7666299646544545,3.6271121619969153,3.714727630287461
35.86,3.927106961991474,4.099363902843119,3.9969475716278438,3.759815049908184,3.6325808676830937,3.726452428914685
35.88,3.936446977730768,4.10256901842332,3.98688659202889,3.747288919255885,3.632357727623984,3.7329221807770234
35.9,3.941431058237554,4.100752233159468,3.982080303516538,3.7404931992459436,3.637526192102341,3.744350354089718
35.92,3.9506393500276435,4.094633694258107,3.9720171867386798,3.727980675035253,3.637015410957621,3.7505358896705765
35.94,3.9554855624222225,4.092935643549996,3.9672093175157284,3.7212125587156235,3.641919808766858,3.761695967984333
35.96,3.964559659126721,4.0869183905224045,3.9571297268370706,3.7192785064010248,3.641156844800774,3.767624214066235
35.980000000000004,3.9692648786506806,4.085309635769921,3.952307196537666,3.7123111838113942,3.645831627110309,3.7785415968691995
36.0,3.9782007938401893,4.0793650611176515,3.942198975095751,3.7101885724861945,3.644850103606697,3.7842364047237482
36.02,3.982760433945217,4.077817641517475,3.9373507716447413,3.7022748670234926,3.649327920183359,3.7949334832920565
36.04,3.9915528161200973,4.071317790308577,3.927203930730493,3.7000214380484056,3.648156098565459,3.8010549168213004
36.06,3.9959610320271053,4.069835859834351,3.9223139669820304,3.6919779649004525,3.6524641658862804,3.811516125736761
36.08,4.005178055304095,4.06338305176613,3.9121141999544125,3.6896132095189382,3.6511354443542183,3.8174059364242403
36.1,4.009395677381944,4.061944333558183,3.9071765637910176,3.6814596699609323,3.6553061078543356,3.8276534737510817
36.12,4.018421589919051,4.055516686555982,3.896918947192268,3.67900342665291,3.6641290122860517,3.833332402948342
36.14,4.022442214521193,4.054097300780137,3.8912211003031976,3.670759887448208,3.667960634563461,3.843382378744075
36.160000000000004,4.022154297502064,4.047671720972788,3.880937825068277,3.6682287705721324,3.6764668878637976,3.848865126015636
36.18,4.026174460839194,4.046245960669406,3.8752128170455187,3.6599123299136007,3.679994746177143,3.8587309415544113
36.2,4.025873481021165,4.039797987746042,3.8649019712399473,3.6573267262715965,3.6882183906116484,3.864029749014466
36.22,4.029875883806928,4.038346099280991,3.8591487217116582,3.659574178358895,3.6914752106345246,3.8737223373141925
36.24,4.029544590854915,4.031856775231703,3.8488101781238178,3.6567171575979827,3.699447677814174,3.878847001198313
36.26,4.033511896268652,4.030360837131945,3.8430293163234963,3.658710345748901,3.702463492777477,3.888374931354527
36.28,4.033133104255111,4.023813053109846,3.8326645131338304,3.6556122767020764,3.710213628387898,3.8933329804565004
36.300000000000004,4.037048109964795,4.0129314303895,3.8268583075651224,3.657381284820761,3.713015985817237,3.902702638850634
36.32,4.0366048457093795,4.006518641894808,3.816470437337534,3.6540717748311256,3.7205701566945963,3.9074995171640765
36.34,4.040450702935623,3.995759911390746,3.810642933265159,3.655645874440204,3.723184143677027,3.9167152910792953
36.36,4.039926492940851,3.989459843701903,3.7995263725454325,3.652153649492374,3.7313012405670687,3.921354541427485
36.38,4.043686825591003,3.978802949262171,3.793716373556356,3.653557829914406,3.7337090451987134,3.9310607991099853
36.4,4.043065661318805,3.9725919144536035,3.782611217637255,3.649911053027187,3.741635266550619,3.9355115758159562
36.42,4.037568342888273,3.9614045348106783,3.7768241956571664,3.651176300794618,3.7438635294698983,3.945032975914646
36.44,4.037042180356843,3.9552945141219387,3.7657337054409594,3.6572924019318687,3.751624185493531,3.9492971888424457
36.46,4.031619514858088,3.9441928591881297,3.7599734828102216,3.6582462768134913,3.7536894646423002,3.9586350438539832
36.480000000000004,4.031161188776909,3.9381682519738965,3.748901149386001,3.6640702592765413,3.7612997488801816,3.962713054135949
36.5,4.025789832244991,3.927137659365361,3.7431715970946766,3.664744741718689,3.7632204305431634,3.9718670866079155
36.52,4.025376715481507,3.9211849015983016,3.741944202790632,3.670307777974349,3.770697480716426,3.975757806868113
36.54,4.020034583669968,3.910212745923903,3.7360345268319786,3.670733046513099,3.782856579112514,3.9847264311374464
36.56,4.01964534953455,3.9043202250431044,3.734637435453202,3.6760644632268735,3.7899837083931627,3.9884274778359945
36.58,4.014311691226474,3.893395763581095,3.7278617804927823,3.6762688209312175,3.801811217068693,3.9972078248179734
36.6,4.013926381579962,3.8875538059998997,3.726348425328895,3.6813928282077204,3.8086115819960082,4.0007157286414445
36.62,4.008581842187591,3.876664608327555,3.719457818240815,3.68139948283734,3.820129148110349,4.009304032025275
36.64,4.008181926357372,3.8702497956575805,3.717845711379099,3.6871119023136716,3.826623109200778,4.01261450956769
36.660000000000004,4.002808586670762,3.859419561480427,3.710854939501141,3.6869046910155117,3.837853505966427,4.01140581053723
36.68,4.002373725412837,3.8530609612226923,3.7091627696193648,3.691652511353857,3.8440626330124577,4.014727732297996
36.7,3.996952308652667,3.8422841530288467,3.7020931981610747,3.702007571471518,3.855018038713269,4.013519200310227
36.72,3.9964674248786065,3.8359770475942616,3.7003343642561504,3.7071528592151086,3.86095343004284,4.016837481296528
36.74,3.990983500792214,3.8252498311436343,3.6931997758853705,3.7063994795432134,3.8716517443440943,4.015614143331048
36.76,3.9898529623636714,3.8189911624921136,3.691395709562053,3.7114056726766353,3.8773303634269403,4.018913835819515
36.78,3.984324025117988,3.808308354115933,3.6940915700952592,3.710519480650762,3.8885193684496135,4.0176580148012055
36.800000000000004,3.98314395070059,3.802094014690204,3.692038737612954,3.715407504773535,3.8939098950862228,4.020925460232742
36.82,3.9775578805583383,3.8002697453368772,3.694500861528008,3.7251507583793795,3.904819187353027,4.019626669697667
36.84,3.9670719182433745,3.7939189363359467,3.6922221498505055,3.7297025397726444,3.909933016649466,4.022847402425328
36.86,3.9616207276003226,3.791963585156719,3.694473262648684,3.7391288761919244,3.9205730332530293,4.021491564888809
36.88,3.9512540039549844,3.7854855298184225,3.6919938259106515,3.7433716873660385,3.9254194856167617,4.025302088068568
36.9,3.9459200469923945,3.783408697845363,3.6940586785050735,3.752507108661468,3.9357987521446454,4.023840320005837
36.92,3.9356589258409893,3.7768134017083206,3.6914026855833475,3.7564657135420965,3.9403884254355583,4.027543418081329
36.94,3.9304295480442124,3.7746254825100465,3.6933050036905364,3.765333747663928,3.950516817938226,4.025964029423566
36.96,3.9202588413036663,3.76792370323741,3.6904955516440876,3.769030496172152,3.9548551668379863,4.028898151470666
36.980000000000004,3.9151198519461037,3.765635783798725,3.6922579517477363,3.777652307993309,3.964737549652125,4.0272253169199725
37.0,3.9050231106971065,3.7588388982103225,3.6893169860703714,3.7811072202872067,3.9688255351371877,4.020399282466442
37.02,3.8999590647122333,3.7564626266952645,3.6909608980956294,3.7895016703837845,3.967993874338682,4.018836257344463
37.04,3.8899252214564646,3.749582496147945,3.697827510261044,3.79273250073202,3.9720684140239197,4.012104035936553
37.06,3.884337587265,3.747129978651969,3.699150562094538,3.800916213334844,3.971214754435314,4.010630870388283
37.08,3.8836812269479313,3.7401758148305224,3.7057154880877734,3.8039385488856183,3.9752674645172936,4.003970175140949
37.1,3.877965502761713,3.737656623225727,3.7067464345986,3.8119260501862606,3.974383280564043,4.002565262892154
37.12,3.8771877982753757,3.7300271757513284,3.7130374622948827,3.8147534464007085,3.978405347178212,3.9959582074281004
37.14,3.87134506716553,3.7274836075284714,3.713800183450093,3.822557283474447,3.9774817388970076,3.994604419920136
37.160000000000004,3.87044451760185,3.7198285565929528,3.7198402300561813,3.8252013653038497,3.981464048837494,3.9880344763123046
37.18,3.864474124353418,3.717271800644289,3.7203600808597255,3.832832195690242,3.9804918999536416,3.9867160418105234
37.2,3.863453902531411,3.7190945279039123,3.7261735281383768,3.835302781577675,3.9844251793446985,3.9801680367705385
37.22,3.857359505215543,3.716324172907427,3.726473890345517,3.842769528793646,3.983395277627738,3.97887056535831
37.24,3.8562237590625186,3.7179453760926515,3.732083072315568,3.845074771495154,3.9872702102861646,3.972330733533188
37.26,3.8500098942193492,3.714981635605637,3.7321853762637245,3.8523847497088934,3.986173362414602,3.9710412485069986
37.28,3.848763687434212,3.7164213033662032,3.737610763543759,3.854531262193405,3.989980702574393,3.9644972422855873
37.300000000000004,3.8424358603136617,3.7132838282194562,3.7375345811302725,3.861690304146858,3.988807843085163,3.9632041852725033
37.32,3.84049951950796,3.714561348682053,3.7427948004226765,3.863683288571829,3.9925385217695855,3.956645077473065
37.34,3.834093900342677,3.7112662023332796,3.742557870358241,3.870695875274085,3.991280815345817,3.95533516687759
37.36,3.8320837166728725,3.7123976531814473,3.747669720499474,3.8725392528201183,3.994926039867285,3.948748639773683
37.38,3.8256061736011233,3.7089634084275205,3.747287956413251,3.8801835038080346,3.993574961125706,3.947413462908827
37.4,3.8235283386177277,3.7099670135837854,3.7522664518738233,3.8818369746719665,3.9971300857566128,3.940791715941859
37.42,3.8169853866329717,3.7064114193089432,3.7517576919180953,3.8892971160033123,3.9956813063318224,3.939424251070617
37.44,3.814846731393388,3.7073045455227596,3.756619785796627,3.89076493168497,3.999137853685605,3.932760883665051
37.46,3.8082454734158855,3.7036444756177875,3.7660133673592964,3.8980447811821413,3.997583270211855,3.930701880263834
37.480000000000004,3.8060533767911027,3.7044436000180982,3.77054659710851,3.899330005721709,4.000933329784961,3.924025425924745
37.5,3.799398145149492,3.7102371148708615,3.779626249382095,3.9064321470361314,3.9992620669396906,3.92195207848254
37.52,3.7971575070451737,3.710743563735748,3.783850296447468,3.9075367870278215,3.9919336434969788,3.9152575674477945
37.54,3.790456527557046,3.7162610626723973,3.7926345666866252,3.9144628978841802,3.990374254012357,3.913165521376552
37.56,3.7881756830860973,3.7164986143877865,3.7965670432618897,3.9153881834249087,3.9831430235937018,3.906449321952121
37.58,3.781437395334595,3.721763101548164,3.805072547726441,3.922139339131572,3.9816794405057596,3.90433547767704
37.6,3.7791249358961405,3.721754014375076,3.808729195175709,3.9228858808021574,3.9745298697487264,3.897595097813797
37.62,3.7717689218379498,3.726786964423718,3.8169707328151237,3.929462523532575,3.973147229334053,3.895457474969804
37.64,3.7694622174501125,3.7265490705726614,3.8203655357906685,3.9300303667506973,3.9660649969900184,3.8886883719375636
37.660000000000004,3.7621091266036912,3.731367552452125,3.8283561887915325,3.9364324421694006,3.9647496575588623,3.8865232476238893
37.68,3.759815483361156,3.730920360856856,3.8315014621012238,3.936821198848909,3.9577216554932937,3.879725334832969
37.7,3.761886622798422,3.7355430897064053,3.839252716349838,3.9430482837205267,3.9564611780858554,3.877533068496371
37.72,3.7594036310643775,3.7349044772320097,3.8421592568829577,3.9432572569027586,3.949475522912405,3.870707114722052
37.74,3.761295662117114,3.739348468151613,3.8496811361569705,3.9493086795751986,3.948258710164945,3.86848882422712
37.76,3.7586394847662077,3.738534707892959,3.852358341847234,3.9493369808602634,3.941304759806263,3.8616363915086604
37.78,3.7603683136846864,3.7428154614844815,3.8596595275516314,3.955211934477157,3.9401216512606747,3.8593940373223274
37.800000000000004,3.7575545225407248,3.7418413192806983,3.862115518236035,3.9550585939458944,3.9331899972915805,3.852517480507116
37.82,3.7591354344527494,3.7459728453672128,3.8692034709428085,3.9607562418023976,3.9320318579368876,3.8502537789721845
37.84,3.756178944366072,3.7448516090823354,3.871445209791071,3.9604203098298787,3.9251143113244753,3.8426964292373698
37.86,3.757626538793934,3.748846460827307,3.8783262906268665,3.9659398824757646,3.9239736126993456,3.8404469898309923
37.88,3.7545382414330506,3.7475899783118556,3.880359705006252,3.9654205231538358,3.9170598502345566,3.832898114739171
37.9,3.755863414655,3.7514592781622595,3.8870392961638474,3.9707614069874406,3.915926902580731,3.8306654694815228
37.92,3.7526570672360173,3.7500779730517007,3.8888693971452684,3.9700579665097253,3.909011452250205,3.8231278342978032
37.94,3.7538731950116477,3.7538314665840007,3.8960642263609615,3.9752197499263375,3.907881400113197,3.820914963550025
37.96,3.750561708256572,3.7619794571346534,3.897655893120212,3.9743353615367174,3.900959898798057,3.8133917771146923
37.980000000000004,3.7516812981487146,3.7654135505662394,3.90461895239381,3.979321468865389,3.8990769849044957,3.811202054381038
38.0,3.7482766148967808,3.773254838670828,3.905977804236514,3.978255644666997,3.8921848898091946,3.8036932950633884
38.02,3.7493111374363712,3.7763860514162615,3.9127144737241433,3.9720545810040906,3.8903308708466473,3.8015268146945957
38.04,3.745824227017509,3.783936284484365,3.9138454376404788,3.971049839291223,3.8834644661099578,3.794036672078942
38.06,3.7467842136541747,3.7867795140363447,3.920360505110285,3.964902273690851,3.8816361215543194,3.7918976816935706
38.08,3.7527022574577846,3.7940527674208835,3.92126803132943,3.9639485983885043,3.8747926753395885,3.784430493337692
38.1,3.753384908835218,3.796621312523776,3.9275657960137837,3.957845060387126,3.8729876929835716,3.78232325643684
38.12,3.7590392568246402,3.8036300507707024,3.9282538316674485,3.9569334287263005,3.8661653432053775,3.7847794070707357
38.14,3.7594626395424746,3.805935739562816,3.934338147427313,3.9508654455469685,3.8643822527800094,3.7824864819069846
38.160000000000004,3.7648705724010223,3.8126910923703994,3.9348102518194,3.9499878356649534,3.857579856545948,3.784766351641367
38.18,3.7650511765064167,3.8147444757256066,3.940684641127179,3.9439479352900326,3.855817806829127,3.782301549553483
38.2,3.770228493003726,3.8212563461335014,3.940944097146734,3.943097325758576,3.8490348805441172,3.784418686352441
38.22,3.7701814271108978,3.823066805132157,3.9466118585263508,3.93707903103478,3.8472937378167043,3.7811368939524552
38.24,3.775142558563219,3.8293439786531325,3.9466617768333636,3.9362493918820625,3.8405304700664638,3.7831374988908357
38.26,3.7748783214262316,3.8309198345975597,3.9521260848409456,3.9302472078596415,3.8388074521625986,3.7797385447071723
38.28,3.779633147144764,3.836970073494734,3.951969500404788,3.9294334850561787,3.832061314994005,3.7816331196312047
38.300000000000004,3.7791645590067873,3.838318665540364,3.9572334976876444,3.9234428608496486,3.830357829488891,3.7781271885078254
38.32,3.783725255958458,3.8441488227826643,3.956873458083343,3.9226409200647905,3.8236304536540113,3.7799255703133596
38.34,3.7830638351390364,3.8452766553958835,3.9619403390411745,3.9158756421815104,3.821948354552592,3.776322194937098
38.36,3.7874413057487915,3.850892801496197,3.9613799844000113,3.9151211920554942,3.815237706036107,3.778033544827791
38.38,3.7865973203080165,3.851805653266524,3.956043852372576,3.9083939108048664,3.813575611304816,3.774341543717058
38.4,3.7908012481048705,3.8572131845753255,3.9555113285592336,3.907683049259489,3.8068844372549067,3.7759742694960594
38.42,3.789783774426584,3.8579162783571346,3.9501971263429763,3.9009903102507537,3.8052452204470724,3.77220171245463
38.44,3.793822685873729,3.8631201348683217,3.9496862532169446,3.900320031101918,3.8085826903338265,3.7737634758760055
38.46,3.7926396736864274,3.8636182261040073,3.944388213694368,3.8936592108213164,3.8067674575578185,3.7699139828998054
38.480000000000004,3.796521007140544,3.8686228664425397,3.9438935446297707,3.89302331553116,3.8099374843520217,3.7714079075644427
38.5,3.7951793321112492,3.8689202801769484,3.938606646336327,3.8863889702385337,3.807957923852842,3.767488257320716
38.52,3.7989094726787815,3.8737297823555936,3.938123472085366,3.8857862372388854,3.810971953502504,3.768920689365607
38.54,3.7974150150012416,3.8738305133175426,3.932843417431376,3.8791774817124054,3.8088393044781315,3.764936854091318
38.56,3.800999415142077,3.8784486729669365,3.9323677843357783,3.8786073666085894,3.8117083493229624,3.7663133289571915
38.58,3.799357159564723,3.8783564812952283,3.9263770047260085,3.8720239638029343,3.8094333834059704,3.762270463652752
38.6,3.802800421452654,3.88278690548648,3.9259415209915325,3.8714828872588085,3.812167963847087,3.763595699925415
38.62,3.801014541518636,3.882501805116214,3.9199824716212377,3.8649219680109215,3.809760910787005,3.759498139610592
38.64,3.804320502959559,3.886744799047372,3.9195830537983345,3.8644109092333365,3.812370967327451,3.7607760405861375
38.660000000000004,3.8023944313176465,3.8862707558256204,3.91365199834984,3.8578736783509027,3.809841464548049,3.7666421767892806
38.68,3.805566219719178,3.89033019690761,3.9132853514290318,3.8573940539429703,3.8123363413704556,3.7676523735766407
38.7,3.803502665045388,3.8896711698241253,3.9073793727936215,3.850882119694128,3.809693322598463,3.773260717369517
38.72,3.8065426699650122,3.8935509679128266,3.9070430073162985,3.8504357050971314,3.8120815722023376,3.774015434606216
38.74,3.804343743987678,3.8927109834223965,3.901159983661208,3.8439509990289182,3.8093332376167703,3.7793775594852335
38.76,3.8072538931233453,3.8964151525354516,3.9008521879671796,3.8435398464379396,3.811622746761108,3.7798877933321737
38.78,3.804921285848186,3.8953983733316093,3.8949907620165796,3.8370845402140996,3.8087766078634657,3.785014070305647
38.800000000000004,3.807703133947596,3.8989310976248532,3.894710567772754,3.836710895643263,3.810974555403103,3.785289645192024
38.82,3.8052382043317894,3.897741884618845,3.8888701093723994,3.830287317612791,3.8080373975924795,3.7901893021122084
38.84,3.807893023538992,3.9011075769626293,3.8886172504949923,3.829953537279787,3.8101502194690866,3.7902389332908046
38.86,3.805296889924162,3.899750543718879,3.882797812605004,3.82356408824573,3.807128070804702,3.7949201199056524
38.88,3.807825759469257,3.9029538965905592,3.8825726777542786,3.823272554644415,3.8091614314756836,3.7947514814866845
38.9,3.8050993890099387,3.9014339559497,3.8767749460731733,3.8169196236793423,3.8060595381028186,3.799221339836901
38.92,3.8075032834859663,3.9044799843887423,3.8765785249620093,3.815888859920945,3.808018308859116,3.798841137899477
38.94,3.804647579819695,3.9028023870468695,3.8708037614561834,3.8208401587864183,3.804837036509544,3.8031058776329774
38.96,3.8063391013537315,3.905696463457581,3.8706334688030544,3.819641471654506,3.8067216049126484,3.8025199076586493
38.980000000000004,3.8130613614908633,3.903863709679073,3.864879720881564,3.8244365684482706,3.8034648665377673,3.80658195168277
39.0,3.8150315479787813,3.906608720590014,3.8647378150667224,3.823080947435156,3.8052787602207774,3.805792224954106
39.02,3.8117379882781717,3.9046301008907833,3.859007544103121,3.8277305172301888,3.801949641230646,3.8096592320650027
39.04,3.8130051503891194,3.9072352228080547,3.858896688566802,3.8262282941376404,3.803695545218814,3.8086731626432306
39.06,3.8193173240252234,3.905113984646794,3.8531927574133165,3.830742327504802,3.800296326012378,3.8123461088397894
39.08,3.8208739275941332,3.9075828918226128,3.8531159443225795,3.8291031302269287,3.8019761508284105,3.811164353260359
39.1,3.8171623666854373,3.9053291474250442,3.8474414803281665,3.833490889341025,3.7985083187767774,3.8146496303702015
39.12,3.818024892333259,3.9076718496151357,3.847401953349211,3.8317235990344973,3.8001231581244443,3.8132784323654607
39.14,3.823947139347293,3.905289652161599,3.841760328452887,3.8359935774276592,3.796587430232838,3.816575924112231
39.160000000000004,3.825110775834402,3.907510631122001,3.8417615000633614,3.8341062896356597,3.7981376451484365,3.815014944359779
39.18,3.821001869638039,3.905010900338829,3.83615618763555,3.8382661762152557,3.794533995869229,3.818130142610591
39.2,3.821480574202058,3.907120968698362,3.8362015567415932,3.8362661665459905,3.796019188168652,3.8163848243778626
39.22,3.82703442155478,3.904508511504305,3.8306361072997412,3.840322814451589,3.7923468876394644,3.8193168897309016
39.24,3.827233821390149,3.9065128910508373,3.8300122929991653,3.8382165093716263,3.793765999631611,3.8173862680450723
39.26,3.8325182359522096,3.903796202921558,3.8349318804037593,3.8421722541600722,3.790023656653344,3.8201372569180294
39.28,3.8324483824488844,3.905699909156067,3.8341604248352295,3.839961929782028,3.791374941952921,3.818023373469419
39.300000000000004,3.8374735744277833,3.902884119485529,3.8389436342809193,3.843822132172141,3.7875605046346776,3.8205952165879316
39.32,3.8371446828728226,3.904696335808197,3.8380360501923376,3.8415127049451843,3.7888416163167338,3.8183000348849894
39.34,3.841921027191027,3.901790762002334,3.8426941125390557,3.845281830666118,3.7958840846603357,3.820694628405573
39.36,3.8413435228744195,3.903520906106358,3.8416613308801346,3.8428773155001816,3.7968471074061156,3.818220029321875
39.38,3.8458816368849225,3.900535068238724,3.8462048639726265,3.846558835808628,3.803580207137408,3.8204391562885034
39.4,3.845066207960372,3.9021927369738383,3.8450571785103844,3.844062179089036,3.804232799881807,3.8177870485186833
39.42,3.849376981201193,3.899136299785714,3.84949613271255,3.847658592821552,3.81066382932035,3.8198326582767104
39.44,3.848334604668103,3.9007312081934695,3.8482431452212875,3.8450718630155647,3.8110127513375156,3.8170051614332516
39.46,3.8524292213054228,3.897613917419048,3.8525867504025024,3.8485848010363943,3.8171481620505787,3.8188794529330634
39.480000000000004,3.851171181892201,3.8991558323580637,3.8512373194385447,3.8459091992644847,3.817199376631908,3.815878975978414
39.5,3.8550611350935293,3.895987446030534,3.855494036335718,3.8493394368398874,3.823044878324503,3.8175844746752157
39.52,3.8535990355184375,3.8974861150892375,3.8540562296917433,3.846575312600422,3.822803658592765,3.8144137900493167
39.54,3.85729613316943,3.8942763305629065,3.8582337048409117,3.849922789302926,3.828364325763417,3.8159534201624457
39.56,3.855641895706975,3.895741407019594,3.8567147558782664,3.847069663766712,3.827835362037481,3.8126157329011656
39.58,3.859158257441194,3.891880061442657,3.8608197807547313,3.8503335108857155,3.8331157418306567,3.8139928843317357
39.6,3.8573241167854406,3.8933523891401687,3.859223131150134,3.8473901077070387,3.832303249957426,3.8104918954860962
39.62,3.860669037687228,3.8894966082799978,3.8632586842974486,3.85056866733915,3.8373074706217807,3.8117104847078176
39.64,3.8586647359425905,3.8909835792178584,3.8615901305498657,3.8475329224659895,3.8362153005959074,3.8080504323181956
39.660000000000004,3.8618512553003232,3.8871406501557018,3.865561531147787,3.850623792664364,3.840947179702961,3.809114927228386
39.68,3.8596899179631374,3.888649404798937,3.8638259139998943,3.847492932047928,3.839578923824566,3.8053006393817634
39.7,3.86273130081209,3.8848263596697854,3.867737515487962,3.850493032490576,3.844042075815315,3.8062161392901057
39.72,3.8604262680772834,3.886363741927975,3.865938699455895,3.8472636242219433,3.842401176069613,3.8015856248130238
39.74,3.8633359694570233,3.882567279455784,3.869793873098417,3.8501692518612405,3.8465991188032063,3.8023913522144492
39.76,3.860897472394977,3.884139758818703,3.8679347327072597,3.8468372649951617,3.844685644309762,3.7976470868503154
39.78,3.863685840338155,3.880376150252564,3.8717358577871908,3.849644156168844,3.8486185661450842,3.7983475836697673
39.800000000000004,3.8611278914261193,3.8819897119702,3.8698182705404274,3.846205009631745,3.846436355347549,3.7934944106538624
39.82,3.8638089835852196,3.8782647280955134,3.8735667312388946,3.8489083747358843,3.8501082672735474,3.7940949268259265
39.84,3.861145640734524,3.879924835682884,3.871591577464393,3.845357011759481,3.847661292815071,3.7891384420397882
39.86,3.863733524945288,3.8762436897687707,3.875287766871884,3.8479516468757575,3.8510763882175296,3.7896449808007544
39.88,3.8609788318423726,3.8779552126625405,3.8732549369957696,3.844282628497491,3.848368854864112,3.784591538902667
39.9,3.8634875237542916,3.8743224893184056,3.8768982687639375,3.8467629941292785,3.850778872386162,3.785010858213833
39.92,3.860655444360101,3.8760896341215783,3.874806678285396,3.84297058049173,3.8478552506304298,3.7798639561770995
39.94,3.863098839339857,3.8725092221141413,3.8783956058124267,3.845326973380769,3.8500532101466947,3.7801999523500447
39.96,3.8602031682657634,3.87433546821503,3.8762432177883266,3.8414017803440923,3.846916437791931,3.7749678477003097
39.980000000000004,3.862594930373776,3.8708104979271445,3.8797752416512536,3.843628684434806,3.8489054080325937,3.7752291499242387
40.0,3.859649221092472,3.8726985379574406,3.877559061780212,3.83956505077609,3.845558899418437,3.769920793613866
40.02,3.8620027485202457,3.869231324067577,3.8810307675976485,3.841656850193614,3.8473425010298645,3.7701167054625615
40.04,3.8590202533535094,3.8711830101395472,3.8787469214291477,3.83744905683953,3.8437902528161607,3.775021585405642
40.06,3.8613485973322845,3.8677750005977485,3.8821540415935045,3.8394001309338313,3.845372721865329,3.7749326953314912
40.08,3.858342105679295,3.869791297352673,3.879797818998949,3.8350424977667408,3.841619292374735,3.779566282066964
40.1,3.8606577241012827,3.8664430290412946,3.8831352810408624,3.836847318494237,3.843005389634823,3.7792131679998557
40.12,3.8576394941128362,3.868523972650965,3.8807011878901974,3.832334302518691,3.8390559678880813,3.7835960304826157
40.14,3.8599543548842288,3.8652350337144163,3.883963169885138,3.8339875319590027,3.840251201065817,3.7829993242782787
40.160000000000004,3.8569361126970065,3.8673796994924707,3.8814449866925655,3.8293138258795736,3.8361117408372696,3.787152076882858
40.18,3.8592616048762416,3.8641487008025304,3.8846249794496948,3.8308104154773543,3.8371224058082776,3.7863324268299237
40.2,3.8562544567797,3.8663551792638984,3.882015826714963,3.825971047978619,3.8327996636627004,3.7902756871269623
40.22,3.8586013037411644,3.8631797340889533,3.8851067024594945,3.827306338198695,3.8336328793399868,3.789253711373943
40.24,3.855615649566267,3.8654451153745573,3.8823991123981165,3.8222967738676217,3.829134444835365,3.793008049042867
40.26,3.8579938239384215,3.862321827592039,3.8853931996151245,3.8234665930785563,3.8297981798960996,3.7918042804696266
40.28,3.8550392726899645,3.8646421945451026,3.882579193919389,3.8182828312329975,3.8251324973426155,3.795390157896572
40.300000000000004,3.8574579140817242,3.8615666556471453,3.885468357980099,3.8192835930638256,3.825635588210241,3.7940249810272793
40.32,3.854543202827159,3.8639370857442543,3.8825395312151483,3.813922264716575,3.8208119694030986,3.7974626862236516
40.34,3.8570105393393934,3.860903880802764,3.885315260373329,3.814751063102706,3.821164128913225,3.795956266864509
40.36,3.85414345634381,3.863318457059702,3.882262868580271,3.8092095252607567,3.8161927562944604,3.7992658394292147
40.38,3.8566667308318197,3.860321179734167,3.8849163648958425,3.8098642263648124,3.8164045725153284,3.797638047800731
40.4,3.863848738639746,3.8627730106254394,3.881731418944884,3.804140652832671,3.8112964922685286,3.8008391987353187
40.42,3.8662109456081577,3.859804212711175,3.884253693663887,3.804619982995002,3.8113794170011004,3.7991094477116225
40.44,3.8732439205455216,3.862285307519103,3.880927056499671,3.798713450819201,3.8061465216444654,3.802221327601103
40.46,3.875460177697974,3.8593365489346665,3.8833090282249216,3.7982178718694404,3.8061128478197266,3.8004085020362477
40.480000000000004,3.8823584119044017,3.861838035487065,3.8798315152336156,3.7921698193674143,3.8007636310358395,3.8034497824948676
40.5,3.8844421895734307,3.8589000077719358,3.882059937305379,3.7915339230963343,3.8006227380758233,3.801572213756967
40.52,3.8912183196313377,3.8614121761618656,3.878418736538457,3.7853435554045363,3.7951711150295613,3.8045609533948075
40.54,3.8931814256636508,3.8584747313334766,3.880485106789763,3.784566962818104,3.7949372689950986,3.8026363275669715
40.56,3.899846420011688,3.860987046928697,3.8766716898477513,3.778234521244782,3.789397847233095,3.8055899179530295
40.58,3.901698991378781,3.8580392585380037,3.8785677049051706,3.7773179615016295,3.789085986972845,3.803635200523092
40.6,3.908262144964568,3.860540468354952,3.8745737930912267,3.7708448186734,3.782708708594291,3.8065702678091444
40.62,3.9100126469997085,3.8575707171335147,3.8762914586919206,3.7697901793804225,3.7823718297023747,3.814982783219034
40.64,3.916481583965294,3.860048918575751,3.872109134503923,3.763174955728193,3.787193387949666,3.817678871352627
40.660000000000004,3.9181367085312835,3.8570449649713283,3.8736408768117054,3.761981871905137,3.786595691529291,3.8258692995951527
40.68,3.9245171970257084,3.859487681547365,3.869262676627483,3.7552286292930597,3.7911716275360035,3.8283519673527744
40.7,3.926081905030611,3.856436744131222,3.8706014141049905,3.753901632794208,3.790337500621727,3.83634508744959
40.72,3.9323781027485127,3.8588310072602243,3.866020443010472,3.747015582556968,3.794692178976607,3.838638313878421
40.74,3.9338557617569037,3.855719848990507,3.867159739816158,3.745560463290181,3.793645929622293,3.8464572910807786
40.76,3.9400702424460623,3.8580522879488215,3.862369801023301,3.7385480741630666,3.797803611811447,3.848583419257164
40.78,3.9414626561791657,3.854867309546153,3.8633039757451737,3.736971891561512,3.796569398897664,3.8562497547677244
40.800000000000004,3.9475964429826678,3.8571242477583962,3.858299679465342,3.741538188969754,3.80055416897636,3.8582294427743027
40.82,3.9489038893583364,3.8538515869808903,3.8590239121668826,3.739587117377446,3.7991558251904567,3.8657629281585484
40.84,3.954956496707548,3.856019143798341,3.8538006833210754,3.7437957705899536,3.802991333672206,3.8676151047434457
40.86,3.9561777743089,3.8526447799824823,3.8543109221147667,3.7414907670586564,3.801452303279706,3.875033780449331
40.88,3.962147258200199,3.8547089768920735,3.8488651256695157,3.7453631636485762,3.8051618762663537,3.876775605934611
40.9,3.9632797409620553,3.851218838809973,3.849158407901113,3.742725872100914,3.8035052261950053,3.884095727430738
40.92,3.9691627573708725,3.853165709188878,3.843487548157982,3.7462840683489693,3.807111771887966,3.8857425629360858
40.94,3.970202457211907,3.8495457882085393,3.843562096147253,3.743336806078458,3.805360094207784,3.892978574443706
40.96,3.9665062310817722,3.85136149249779,3.8376649081911927,3.7466035066036745,3.808886002840547,3.8945439585049764
40.980000000000004,3.9676407035801096,3.8476009180598774,3.837520216833656,3.7433692376472183,3.8070613135095663,3.9017115689034747
41.0,3.9640279521441415,3.849274873386465,3.8313967671463836,3.7463677618333677,3.8105283540010166,3.9032100023211433
41.02,3.9652416353254294,3.845359912446346,3.8302898421137805,3.7428700571154985,3.808652004179351,3.910319746948396
41.04,3.9616964131323664,3.8468786866389535,3.823979782422027,3.7448173405762093,3.812081246375759,3.911760845941385
41.06,3.9629729348880294,3.842792383594356,3.8226878672078075,3.7411186956668114,3.810169618257838,3.918821418874929
41.08,3.9588702491790833,3.844139413205445,3.8161881783625367,3.742878176509461,3.813577602494434,3.920212937195669
41.1,3.9602239215551145,3.83986648208124,3.814709331705545,3.7390003366558275,3.8229657383236044,3.9272281331982053
41.12,3.956184113807729,3.8410269111566206,3.8080229897515796,3.7405939497347305,3.826120045180076,3.928573222553439
41.14,3.9575963321508434,3.8365559221987517,3.8063608168192786,3.7365589486171134,3.8352738918234266,3.9355482425648005
41.160000000000004,3.9536005018561062,3.8375188161279623,3.7994922338182113,3.7380088705746926,3.8382043694771366,3.9368512033741503
41.18,3.955052191190076,3.8328391040396896,3.797651815628111,3.7338390230390885,3.847152904169288,3.943789462613941
41.2,3.951081034042087,3.83359435846361,3.7906068900389975,3.7351677714680003,3.849887663794489,3.9450528195464813
41.22,3.9525527703565886,3.8286961489928837,3.7885948144543895,3.7308856778010604,3.858658092727818,3.9519559805322557
41.24,3.948586671167386,3.8286013656754627,3.7813809567624745,3.7321160197207313,3.861999379503493,3.9531805191620517
41.26,3.950058777501295,3.823509012891507,3.779202239871878,3.7395535379544538,3.870575828514651,3.960052449500909
41.28,3.946074777089018,3.8232176015468,3.7718252623940405,3.7404486000534645,3.8737309510138873,3.9619117448467356
41.300000000000004,3.9475243467866217,3.8179225168089954,3.7694897740717455,3.7475740729716147,3.8821399653319033,3.9687141809002604
41.32,3.9435061524379003,3.8174263301884124,3.7619602766823776,3.748167847283633,3.885137906173707,3.9704981234908066
41.34,3.9449169125497607,3.811921097338461,3.7594793609328967,3.7550149466918907,3.893406931158826,3.9772287512775
41.36,3.9408445811772466,3.811213257807047,3.7510663766459698,3.755340820454354,3.8962704596116065,3.9789342121200764
41.38,3.9421967158970026,3.8054917642096844,3.7484883800752398,3.7619387918749827,3.9044211795580317,3.9855889954787274
41.4,3.9380504236452127,3.8045631016420747,3.739976031676665,3.7620261399350863,3.9071708059144648,3.9872111398885504
41.42,3.9393243040463917,3.7986169892764177,3.737312893587363,3.768407617197972,3.9152226140569937,3.9937843761110625
41.44,3.9350844480399556,3.797463752691882,3.7287137579070895,3.7682886683459094,3.9178765672487645,3.9953167598740777
41.46,3.9362607157330554,3.7912901241182713,3.725978731913842,3.7744853657073074,3.925846584581341,3.9912223224046706
41.480000000000004,3.9319080415610568,3.789910066581826,3.7282409936350223,3.7741913874067987,3.9284208168170314,3.9928930852008384
41.5,3.9329678577166605,3.7835075688433877,3.7252049024973304,3.780233908877552,3.936323957218106,3.9889221963903356
41.52,3.928483757977808,3.781899949461137,3.727181099593237,3.7797949427819493,3.938832299973142,3.990711304063059
41.54,3.9294089152097937,3.7752686822969825,3.723870099095523,3.7857126918529374,3.9466812490390772,3.9868434947651754
41.56,3.9247753814756408,3.7734343591332498,3.7255867159747575,3.7851576283238004,3.94913522464264,3.9887301165165514
41.58,3.9255483431016,3.766576143942246,3.7220276118385454,3.790978793416104,3.9569403630545406,3.9849441557932557
41.6,3.9207480991170476,3.7645177311237545,3.7235117596379124,3.7903352595301048,3.9593492047119616,3.986906760795787
41.62,3.921352133017647,3.7567958993800996,3.719731929956373,3.7960867053339302,3.9671186322469443,3.9831807570351865
41.64,3.9163687701374386,3.754548752353635,3.721008165912387,3.795380956028262,3.969489314409354,3.985197219622176
41.660000000000004,3.9167846550518557,3.7466327390486684,3.717032343999435,3.801088100820775,3.977228884920777,3.9815087299420826
41.68,3.911599694441037,3.7442016167728163,3.7181290781277445,3.8003448834880853,3.9795661643737543,3.9835564252897084
41.7,3.9118130580108184,3.7360969552755994,3.7139858028000123,3.8060315996661345,3.987279531332347,3.979882540700352
41.72,3.906412567377902,3.733488350534137,3.7149317508251776,3.8052740862303196,3.9895859986257753,3.981938468268452
41.74,3.8961403691552614,3.7252023614270837,3.710649792448131,3.810962620105459,3.9972746711331153,3.9782559734668848
41.76,3.8907418735948585,3.7224246407681476,3.711473853036519,3.810212311071932,3.999550812378447,3.9802969902532124
41.78,3.8804596512422065,3.713966599897292,3.7180729714893967,3.8159231915990293,4.00721422157754,3.9765826519196144
41.800000000000004,3.875041957663695,3.711029998989579,3.7185573233429112,3.827158287013015,4.009458490750627,3.978585585199729
41.82,3.864110831547286,3.7024108853622333,3.7248421400449896,3.8326445191385847,4.017093978895356,3.9748161072143957
41.84,3.8586843693260082,3.6993241482327495,3.7250264182212613,3.8444922325481508,4.0193026964499285,3.97675454755023
41.86,3.847727630425207,3.690553878635017,3.7310360461510546,3.849736237516187,4.026909604336689,3.972903819650652
41.88,3.842274611849858,3.686688488329537,3.730962905211522,3.8613599812662738,4.029081212144321,3.9747551391323164
41.9,3.831275343910311,3.6882616437032434,3.736736092777741,3.86639166355992,4.037427170105103,3.970800541018523
41.92,3.8257765752154094,3.684066151725072,3.7364397680291725,3.877819891998259,4.039510157134037,3.9725463755727395
41.94,3.8147167984678627,3.685328611271007,3.7420134847154993,3.8826698947068348,4.047767499846358,3.9684691258265388
41.96,3.809158821234122,3.680827856879364,3.7415304977875614,3.8939317633770187,4.04975405406174,3.970087080666562
41.980000000000004,3.7980261016733707,3.681805029583927,3.746940637362888,3.8986235394203677,4.046409247756674,3.965864927940491
42.0,3.7923977234216277,3.6770249179415746,3.7463063874432,3.909741047939751,4.048547683601642,3.967333320699316
42.02,3.7811819180156823,3.67774323781486,3.7508495963887825,3.91429523598856,4.045338922554827,3.9629448715756093
42.04,3.774854166735025,3.6727106806398244,3.750137436231097,3.9252836392030725,4.047606203278527,3.953522841237312
42.06,3.773918948214482,3.6731906732597537,3.7553597485048726,3.9297145554696122,4.04450996529267,3.9491847597001626
42.08,3.767296934704419,3.6679273057800015,3.754559285806734,3.9405948193249474,4.046882142746669,3.9391146577116674
42.1,3.7660768806690763,3.6682015178642855,3.7597140123179837,3.9449214203714242,4.043874186912168,3.9348304524337436
42.12,3.759161819556651,3.662739871034675,3.7588564755362173,3.9557070742525977,4.046323105937381,3.9247921839081843
42.14,3.757659233982656,3.6628373951192015,3.763973924452582,3.959941465067106,4.0433749703741455,3.920533265737663
42.160000000000004,3.750457787700682,3.657206923135465,3.7741758245470987,3.970643248448383,4.045875611336896,3.910498883730962
42.18,3.7486804203204294,3.657157483651353,3.7790363849491304,3.9747946710323223,4.042962049446437,3.9062382598077328
42.2,3.741201213602724,3.6619090291989935,3.7890062557393214,3.9854204267031252,4.045488785411642,3.8961815052100865
42.22,3.7391587892692297,3.661506904191178,3.793647728041402,3.9894953932643835,4.04258403109099,3.891893941456253
42.24,3.7314123633656244,3.665928977164311,3.8034220265461185,4.000050384854003,4.0451107775686,3.8817903709979027
42.26,3.729116435533911,3.6645724585427555,3.8078795019693783,4.004874277426491,4.042188698592546,3.8774525194374334
42.28,3.7211152847213875,3.6687378573091114,3.8174888043331037,4.003228797943922,4.0446931052310395,3.867279633584159
42.300000000000004,3.717953135061095,3.66713715282001,3.821795491176649,4.0082050819151505,4.041731487160864,3.8628701798930942
42.32,3.709739534932955,3.6710798789696755,3.8312749423138643,4.006702469408161,4.044186688769448,3.852604403080188
42.34,3.7063729438373634,3.669269193472942,3.83546059021598,4.0118198131718374,4.041158803001641,3.8481009776175106
42.36,3.6979618480587604,3.673026197925578,3.844838586346749,4.01044772438372,4.031954745518015,3.837724390447238
42.38,3.6944066317437683,3.6710422816868618,3.8489301462718366,4.015692797594642,4.029092984620169,3.8324240130569573
42.4,3.6858148217452023,3.6746499284884364,3.8582322868987515,4.014437013365403,4.0200287375033055,3.821955434536912
42.42,3.6820854018751445,3.672528882247059,3.862253903028552,4.019794779896163,4.017291491022865,3.816556167516389
42.44,3.6733282217474748,3.6760227840964625,3.871502970243836,4.018639299630126,4.008326199515705,3.805981821302991
42.46,3.6694443711166516,3.6843807479158275,3.8754759678513215,4.0240929016290155,4.005676966375285,3.8004708689379725
42.480000000000004,3.670973829062205,3.6875602663965132,3.8846918395658045,4.023019937437307,3.9967745003151323,3.789779277606074
42.5,3.6667226916012505,3.695630095744778,3.8886345597495464,4.0285508336816,3.993395784229907,3.784146143478092
42.52,3.6672883767158875,3.698539097107728,3.897834234978386,4.027540987518063,3.9845618685366206,3.7733242254306676
42.54,3.6627342390547755,3.7063609160861204,3.90176224205089,4.033125001998586,3.981236339391461,3.7675542401216884
42.56,3.663013970819035,3.7090385922907996,3.910959927841633,4.032153819281906,3.972437207754406,3.7565924925721865
42.58,3.658188079982913,3.7166540741142384,3.9148859795823725,4.037770030741517,3.9691315898740376,3.750680767142056
42.6,3.6582135573743924,3.7191410734871315,3.9248344955702827,4.036815832986035,3.9603348222032517,3.738887378669105
42.62,3.6531480308608857,3.7265899653796994,3.928726571737156,4.042446068195377,3.957017306146319,3.7328636419686805
42.64,3.6529485583497143,3.7289285150972993,3.9386490589489833,4.0414894797874785,3.9481883465823038,3.7209483308320253
42.660000000000004,3.647673035580779,3.73689625934987,3.9425172354740394,4.047109977797671,3.9448254934855576,3.7148117091069652
42.68,3.647282232456293,3.7390873054907963,3.9524258113834447,4.046126629409615,3.9359355756427052,3.702774708754487
42.7,3.641833863145161,3.7469303541566465,3.9562802302948925,4.051712746643227,3.93249934035001,3.6965268090011794
42.72,3.641288847201807,3.749011271543714,3.966180013381579,4.050677495800267,3.9235215355940483,3.6843709142377254
42.74,3.646184779389008,3.7567656657158532,3.970024333212622,4.056203918373165,3.9199857764341,3.678015930810761
42.76,3.645285051342458,3.7587711852671655,3.9799175926927166,4.055091007211679,3.910895141024002,3.67663151514509
42.78,3.6498546380546832,3.766470147030084,3.9837526654831827,4.060531909033834,3.9072357686814794,3.6699322687681275
42.800000000000004,3.6486448486307714,3.7790849854692463,3.993638932688035,4.059315143904035,3.8980093959685873,3.66821348223943
42.82,3.65293240834174,3.786520994618537,3.9974628373960726,4.052405060655772,3.8942043435049247,3.6604991691443174
42.84,3.651456638894557,3.7988988202696907,4.007338856833668,4.051331311840275,3.8848216212638635,3.6584989736156714
42.86,3.6555022347274533,3.8061105955964103,4.01114714461795,4.044541521365157,3.880847712021027,3.6505042873791216
42.88,3.6538007251446927,3.8182884015835303,4.021007401167319,4.043572047597148,3.870497179712662,3.6482428445270774
42.9,3.6576477267081793,3.8253111671347213,4.024793299409508,4.036864211064047,3.8663756649813115,3.639985236867287
42.92,3.65576353655644,3.837322472740219,4.034629942948744,4.035956885652859,3.8558604280987696,3.637480939028955
42.94,3.6594544295238767,3.8441880005282765,4.0391314576684785,4.029289365719006,3.851576604077211,3.6289836199095338
42.96,3.6574296345195214,3.856062876283851,4.0488930384543265,4.02841090090743,3.8408829551951955,3.626260614924277
42.980000000000004,3.6603882095047955,3.862803111832188,4.0533078021352305,4.021751043848465,3.836424586140746,3.617548598704817
43.0,3.66884286432805,3.8745682640356964,4.05170976252203,4.020865000249223,3.825541400325356,3.614629574205275
43.02,3.672138036238457,3.881204485525692,4.056278077408384,4.014177176668902,3.8208988699970545,3.6057266627030784
43.04,3.6803078274516245,3.8935288003335704,4.054817146013005,4.013248415398596,3.809817663648442,3.602642537169445
43.06,3.6833381086597283,3.90004866487223,4.0595170349581915,4.006498302950424,3.8049840306738414,3.604536683661731
43.08,3.6912745781343674,3.912269598056767,4.058170048181301,4.00549298064996,3.7936990851024577,3.600378586135351
43.1,3.6940902147224985,3.918693720183725,4.06297423409873,3.998647671963306,3.7886701541624928,3.6019460239974888
43.12,3.701835568840014,3.930830105842781,4.061713237882736,3.9975334178439423,3.7771747905553985,3.5974723171033496
43.14,3.7044775331028403,3.937175473970352,4.066593304340851,3.9905615619486734,3.771150877487154,3.5987510121499953
43.160000000000004,3.712075547533287,3.9492425216801244,4.06538927494306,3.9769939454654826,3.759484013837992,3.5939964113537877
43.18,3.7145862609550298,3.955522567689404,4.070315842465314,3.970137548522952,3.753288311193087,3.595021307623778
43.2,3.722078161469635,3.967532013976511,4.069138961736127,3.9566559731613866,3.74145182586448,3.5900250629734876
43.22,3.7350884037005376,3.9737567472770623,4.074082048724748,3.9490449026964742,3.7350874038853887,3.590835577528159
43.24,3.742275944954524,3.985716885526298,4.072901832004252,3.9479880298119285,3.7230818205389435,3.5856372871417617
43.26,3.755008339692356,3.9925411085019666,4.077826464410948,3.940173508653639,3.7165508339061906,3.5862729851255497
43.28,3.7619381708739157,4.004420626982602,4.076611160952564,3.926563590360047,3.704383650090619,3.591923730544396
43.300000000000004,3.774440702259138,4.011159727639242,4.081489769836117,3.918798435770656,3.6976949872841423,3.592178565288996
43.32,3.7811586337840497,4.022962562405352,4.080207985710791,3.90522174215576,3.6853765978550177,3.597476634655257
43.34,3.793472079962876,4.029618910187221,4.08500935703901,3.897473827515515,3.6785418713658156,3.59740093274079
43.36,3.8000172146947726,4.041345737888491,4.083629650321873,3.8838998338257364,3.665286801172297,3.6023963821329916
43.38,3.8121788950252555,4.047918514335769,4.07694910911189,3.876139854478367,3.6583563017857044,3.6020356600034518
43.4,3.8185868618931633,4.048786998707912,4.075693952231243,3.8625366160036494,3.656828065978043,3.606774118209808
43.42,3.830630595181674,4.055512565351665,4.0691137217148,3.854734484252388,3.649553120763093,3.606177264385916
43.44,3.837550988759544,4.0565221911975895,4.067940769675565,3.8410778469542186,3.6476940023711055,3.6107070875804093
43.46,3.849473283075251,4.063386239153956,4.061419060230072,3.833210652920326,3.640102559580644,3.620970524552092
43.480000000000004,3.856281238898717,4.064521196026772,4.060286845919036,3.818644049405638,3.637941427058698,3.6250942828549997
43.5,3.8681120349185263,4.071503551093627,4.0537828909703295,3.810730593983039,3.6300591096054733,3.634984554239669
43.52,3.8748354564425087,4.072742655348586,4.0526467577546965,3.796097458613585,3.6276229011994348,3.638758544080863
43.54,3.886600757166249,4.079821283073269,4.046116675928089,3.7881209126932807,3.6194815317781077,3.648330745867237
43.56,3.893263709233658,4.081791169457757,4.044937929607584,3.7734057359397486,3.61680295160832,3.651809019918585
43.58,3.904985704608471,4.08890669795545,4.038347277513227,3.76535240398729,3.6084360535916806,3.661115933554863
43.6,3.911611615183987,4.090895693998763,4.025672838083798,3.7505429274585267,3.6055494672182657,3.6643501612293083
43.62,3.923311509268216,4.098023623326957,4.019240303908704,3.742402521135318,3.5961932197333994,3.6734421134383908
43.64,3.9299165421983298,4.100006652242473,4.006692167487006,3.7274900075867032,3.5931712520422776,3.6764775435212766
43.660000000000004,3.941608721305167,4.107121108457078,4.000371805074067,3.719251297084506,3.5955704663524437,3.6853983474801155
43.68,3.9482054684427927,4.1090717130501355,3.9879049793327,3.704226516992707,3.592182260658683,3.6882818234493384
43.7,3.9605164624677442,4.105299061868686,3.980892712431873,3.695044127058754,3.594239274969503,3.6970767009822767
43.72,3.9670783414910535,4.1074349889333375,3.968503047618469,3.692399963868244,3.590526245621226,3.6998549272178374
43.74,3.979360968464937,4.103819063665103,3.961543896942431,3.682859450725061,3.592283132466403,3.7085689530960093
43.76,3.9858962496659953,4.106096244574991,3.94918758523195,3.679874327879984,3.5882913132475656,3.7224061729042237
43.78,3.9981570021978565,4.102596924444136,3.942243355733157,3.669988958668811,3.5897943308908706,3.7308310533252973
43.800000000000004,4.004670219203308,4.104975209708922,3.929883727280316,3.666677674658093,3.585569832705254,3.744409702758314
43.82,4.016911851697255,4.101552141162497,3.9229189064732677,3.656463460934545,3.586865159319642,3.7525925676314285
43.84,4.023404018398841,4.103991288590888,3.9105220670907626,3.652843553243105,3.594374604952357,3.766648766386186
43.86,4.035625970077009,4.100604112040797,3.903503993126925,3.6423192698231817,3.5952414812274323,3.774593228475277
43.88,4.042720405556162,4.1030639919151675,3.8910389915560817,3.6384109146255112,3.6023610043520753,3.7884351932266274
43.9,4.054887249807337,4.099675673042686,3.883938022817793,3.6275979103174034,3.6028597603447694,3.7961876639812937
43.92,4.0619173182485415,4.102119570823591,3.8713770348684786,3.622584822118329,3.6096455800710903,3.8098596303130425
43.94,4.074023463739301,4.098689978385485,3.8641667482705206,3.6115474479418386,3.609827942420219,3.8174589703932256
43.96,4.080982139648128,4.090168032328016,3.850711915353905,3.6063202871719477,3.616330947047264,3.830997633012683
43.980000000000004,4.082260177949285,4.086901620807661,3.8434009351906275,3.5950787163824436,3.6162517581191485,3.8384784517828243
44.0,4.089377230450459,4.0785113729712315,3.829824950998416,3.5896591955338777,3.6225258362488946,3.851916380246334
44.02,4.090798973486467,4.0753550561343355,3.8223939782285505,3.578239832086158,3.6222382919576672,3.859309267122486
44.04,4.0980506409602535,4.067048428600027,3.808678899643948,3.572655484380282,3.628335582869646,3.872674960612202
44.06,4.099591243497092,4.063954717439031,3.8011119001855964,3.573634540761997,3.6278910579808303,3.880006371465429
44.08,4.10695181675427,4.055685194383763,3.787243158894914,3.567633405285228,3.6338616510786164,3.89332424382118
44.1,4.108584595017482,4.052608248649078,3.77952742245672,3.5682271242350776,3.645303256948454,3.9013076488573644
44.12,4.116026646548928,4.044331077631709,3.7654937496876526,3.561852663649187,3.650927291450475,3.9145592669863634
44.14,4.118352951434396,4.041226909271454,3.756852035774074,3.561274372552196,3.6620606971784486,3.922478822045904
44.160000000000004,4.125816408554666,4.032246830111427,3.742682343297497,3.554608566539953,3.6673945087164324,3.9356865083062536
44.18,4.128143540653605,4.029105169529092,3.7338927149124848,3.553760203151149,3.678271558543294,3.943562374029229
44.2,4.135594838133747,4.020060344194256,3.7195748854201134,3.5468448946437134,3.6833696345735176,3.956740830876371
44.22,4.137888765710997,4.016842022576436,3.710634563438024,3.5457688046004714,3.694043317000197,3.9645856710697482
44.24,4.1344790263840805,4.0076941619672946,3.6961677347392965,3.551241007080741,3.6989568402814177,3.9777455188469815
44.26,4.136949781132772,3.993388212570581,3.6870774378534072,3.5496994183886983,3.7094766670942154,3.985568112190808
44.28,4.133690802694813,3.984346739258332,3.672464245753148,3.5547421495802376,3.7142531859359185,3.9987162463564974
44.300000000000004,4.13629490895602,3.9701248285436,3.6632282181026667,3.552790680501731,3.7246651138707993,4.0065216629640865
44.32,4.133143049733302,3.9611462475780983,3.6477028271395797,3.5574593852413736,3.741389434418346,4.020352448241236
44.34,4.1358369334098315,3.946966641587661,3.638362781399202,3.5551498852068617,3.751468039505261,4.028101259042668
44.36,4.132751974775212,3.938006508335456,3.634319472762417,3.5594959299095454,3.7678902188959036,4.041877216462163
44.38,4.135495541498969,3.9238266258422314,3.624626475188546,3.5568834889858927,3.778481505015315,4.049569543495644
44.4,4.132433354253277,3.9148482300120335,3.6202403224337356,3.560961443010876,3.7946056235338066,4.06329346348505
44.42,4.135182779079241,3.899966530228165,3.6102176108224318,3.5581041212091984,3.804915253385083,4.070929630166462
44.44,4.132099614620431,3.8909676012836223,3.6055101550093394,3.561971521158315,3.8207903258368994,4.0845957593788285
44.46,4.123936306098257,3.8760405991022284,3.5951807013830837,3.5589224452001136,3.830864882286104,4.092168260909445
44.480000000000004,4.121028926706235,3.8669918282953657,3.5901795242050145,3.5626316902705057,3.8465350385390296,4.105767730813102
44.5,4.113011932824484,3.8519918203660937,3.578803653693202,3.5721142098922023,3.8564162119946204,4.1132661171453035
44.52,4.110227563104773,3.8428675543702253,3.573573516816697,3.575429641066099,3.871920622799482,4.115485566799446
44.54,4.102304974610032,3.827766401688132,3.561972269093858,3.5845550964212607,3.8816450624334022,4.123841836316241
44.56,4.099592394202413,3.8178769721287917,3.5565429185177706,3.587539347257788,3.897018096527857,4.1261652489575695
44.58,4.09171765954424,3.802686391061582,3.544744184926386,3.596369359438605,3.9066212501926767,4.134614706048955
44.6,4.089027084257118,3.7926978594466467,3.5391445668372894,3.5990826393917406,3.921895573911164,4.137014704883513
44.62,4.081147887448106,3.7774016629030993,3.5388359520147286,3.6076763192493986,3.931404494123826,4.145529101696438
44.64,4.078431604370978,3.76729948814137,3.5328397603319344,3.6101761522165607,3.9473938177868133,4.147976333193893
44.660000000000004,4.069869851850523,3.7518851536748867,3.532158064830326,3.6185897552768247,3.9567844646018675,4.156529875039263
44.68,4.067114100293856,3.7416555574339077,3.5258123025329167,3.6336459341186735,3.9726678718102226,4.158993919124701
44.7,4.0584840414587875,3.7254465923663456,3.5248052365497204,3.6416523660772553,3.9819623197227028,4.167551234438121
44.72,4.044720138106787,3.715112329776861,3.5181547232943546,3.6563365249277457,3.9977594769140805,4.169999389682256
44.74,4.036220262653376,3.698785713957221,3.5168680723630734,3.6639985673718174,4.006974977760422,4.167170192119781
44.76,4.022560717391737,3.6883435406704885,3.509189298057575,3.6783714309972004,4.02270093776558,4.169821835979173
44.78,4.014141784216285,3.671897714536367,3.507708677161759,3.685744169533719,4.031850326845691,4.16716812902705
44.800000000000004,4.000539147471758,3.6613439590952894,3.5115450599534554,3.699858695056679,4.047515911886378,4.16997696538709
44.82,3.9921550390543223,3.644777430308033,3.5096566661668205,3.706997395253316,4.056607767769152,4.167452478823955
44.84,3.978564983412942,3.6334494223922564,3.513115985732667,3.7209066091502305,4.07221961124958,4.170372042410119
44.86,3.9701727738789256,3.627907636867072,3.5108742471186685,3.7286954012351408,4.082047588741908,4.167930466740662
44.88,3.955915175239266,3.616249174312069,3.5140112319140817,3.742402706454712,4.085387712308805,4.170918242792484
44.9,3.947501807128272,3.610394023558034,3.5114776785467257,3.750010316715768,4.095387235115589,4.168514040141476
44.92,3.9331958973722854,3.598422686359313,3.5143532426630553,3.763569281248796,4.098890267179406,4.171520552803185
44.94,3.924726091750123,3.5922763775755735,3.52330767870991,3.7710429998192203,4.109047254220328,4.169107999783315
44.96,3.910338090336941,3.5800158724733526,3.5257160411493422,3.7844985001695988,4.112697451518993,4.160684076821896
44.980000000000004,3.9017801034123334,3.5729397961867986,3.5342428133342594,3.7918806220358934,4.122994701126483,4.158471512732645
45.0,3.887279962837352,3.5604476842497266,3.5362475406391183,3.8052726702591566,4.126773395780254,4.150213191222009
45.02,3.8786021988639052,3.553152071265866,3.5444091419512302,3.82540135311672,4.137191013306011,4.14814506697569
45.04,3.8639603652772645,3.5404557355959523,3.5460754697843933,3.838479836990742,4.1410767334408245,4.1399973056010975
45.06,3.8544983017414105,3.532969304499277,3.553935860643264,3.858317971464356,4.151591977669353,4.13801952154706
45.08,3.83972358232831,3.531256156557055,3.5553267792762018,3.871127040020111,4.1555606582979685,4.12992555259012
45.1,3.830118278933636,3.5233573122329385,3.562947535991282,3.890716152760606,4.166148457998354,4.127982430029375
45.12,3.815192666489706,3.5212629603159025,3.5641235670822904,3.9041243305388256,4.170969086526358,4.1198908957205385
45.14,3.8054277517165005,3.512996094608604,3.571563777497455,3.9106165220708546,4.181561868898301,4.117936346176129
45.160000000000004,3.7903370986085836,3.5099003832733717,3.584371293332185,3.924061986444842,4.186365714302964,4.109801501882328
45.18,3.7804002923354703,3.5013436294447,3.5914253577369455,3.93060000013553,4.184674164642682,4.096326463471887
45.2,3.764487195332015,3.4979799348296283,3.6038861827235986,3.9441010040542976,4.189705505389851,4.088357161332399
45.22,3.754395687029417,3.5003683440484297,3.6106196821634695,3.950700853930898,4.188215792578107,4.07501497094567
45.24,3.7383147082278225,3.4965291611767992,3.6227975827562724,3.9642712011634704,4.193430774759314,4.067151942639952
45.26,3.7280644063354527,3.498478658337063,3.6292721651260793,3.970944418122178,4.192098371071801,4.053888594274192
45.28,3.7118131533067444,3.494221210550054,3.641227044440248,3.9845934432285217,4.197452188439261,4.046079135932239
45.300000000000004,3.7007667111961546,3.495789257879821,3.6475005315918936,3.9913471679361208,4.196231743023251,4.032843783702855
45.32,3.6843760657525504,3.491168395611836,3.6592884099565754,4.005079939615545,4.201678939279237,4.025034953702305
45.34,3.6731901906901574,3.492409909174865,3.6772371720676187,4.011917133843136,4.200524560691491,4.011058736254578
45.36,3.656664945620533,3.487484039802106,3.6894103175184525,4.0257345739081885,4.206019273326564,4.003239091655477
45.38,3.6453430348741946,3.488457273398768,3.695138250884016,4.033485105501672,4.204881205946164,3.9892214414065963
45.4,3.6286886480460785,3.483288339020128,3.7072112277022473,4.047341012668651,4.210378367234067,3.981349716028659
45.42,3.617241430122786,3.4833929898598526,3.7247098209142733,4.055118570446552,4.209214761552784,3.967250863267948
45.44,3.6109106064342478,3.4893223051870197,3.7364661396806365,4.0690083279110665,4.20233374423135,3.9592894299322103
45.46,3.5991297468609265,3.4890491511907737,3.753685392181751,4.076806342560772,4.201373519227326,3.9450698589941777
45.480000000000004,3.5924771159080415,3.4946389649225753,3.7651803808250266,4.090721433864126,4.194663090399588,3.936981369126843
45.5,3.580389219864867,3.494051517324631,3.7821728823747223,4.098529788870499,4.193848243804756,3.9226091969842454
45.52,3.5734428561359466,3.499364527789679,3.7934563972334185,4.112458180978236,4.187251185859908,3.9021035975144613
45.54,3.5610776325511284,3.4985249633979327,3.810269320211487,4.120263321407407,4.186524942517012,3.887842968804562
45.56,3.5538655997883684,3.5036223930863404,3.8213858535863805,4.134189678200121,4.179981633940412,3.8674197043893908
45.58,3.540609641111491,3.513881355182334,3.8388251122313783,4.141974919902818,4.179285446129606,3.853236970005849
45.6,3.5331945357701913,3.5185685958327584,3.8497684195310327,4.156716090514468,4.172742234042095,3.832860862036537
45.62,3.5197421475805193,3.52846026198136,3.867054338402331,4.164415800106647,4.1596510938396065,3.8187233665794027
45.64,3.5121586725486753,3.5328094482171997,3.8778668255447735,4.166093566545487,4.153336273877187,3.7983676629536673
45.660000000000004,3.509678864298598,3.542400912266642,3.8950389772045093,4.173976606972632,4.140433245787997,3.783526785816397
45.68,3.501715225431274,3.5464774647201875,3.9057530689714826,4.175811434694556,4.134284675627341,3.774784966571832
45.7,3.498876489480086,3.5564969310508308,3.9228412839866547,4.183840241094526,4.121504848989007,3.7597037632035377
45.72,3.490578929966713,3.5603270835461203,3.9334875162820553,4.185793862172012,4.115459133348614,3.750730127416541
45.74,3.4874351693136676,3.5701363405100164,3.950519709505482,4.193929189484862,4.102744355578186,3.7354034339974356
45.76,3.4782127651683497,3.5851146041794975,3.9618866620026223,4.195961827864554,4.0967451331289535,3.7261952354196715
45.78,3.474844872889524,3.594518795185834,3.978837156520279,4.204166937119158,4.0840402850909925,3.7106187719767476
45.800000000000004,3.4765780193884526,3.6091383378597546,3.9901218039467707,4.206241462836036,4.077221557406727,3.7004488410862453
45.82,3.472786599779435,3.6182110910708416,4.007007891883318,4.214474023171012,4.064516117285599,3.684655992082273
45.84,3.4741244085600957,3.632539230909142,4.018225020984968,4.216543685216521,4.057669051283507,3.6742704405229967
45.86,3.4699669516714025,3.6413453497207917,4.035058804925943,4.211734777100652,4.044911929240496,3.658268368748301
45.88,3.470970728096894,3.6554445741981425,4.046218121444785,4.214046027372556,4.025544692275119,3.647676209828914
45.9,3.466508486984888,3.664044007773436,4.063006836631981,4.209445160524066,4.012969981994786,3.63076106457972
45.92,3.467239662007365,3.677971932722028,4.074113469022513,4.211941901137956,3.993747067537603,3.620006180725994
45.94,3.4737221694874734,3.6977872753011534,4.091625850997376,4.207493063964205,3.9812994526179977,3.602923237714042
45.96,3.4739878110437985,3.7113436330189837,4.102633814087517,4.210123745476505,3.962167734542974,3.5920213444383866
45.980000000000004,3.4800468879993476,3.7308222851208535,4.120047330947661,4.205774915366062,3.94980056423673,3.57478796112995
46.0,3.4799186710616614,3.744726440263066,4.130955573381622,4.208484082466629,3.9307152615123484,3.563758474681503
46.02,3.485625189991822,3.7638867263960614,4.1362836171792035,4.2050322265991635,3.9175628835233347,3.558064386555422
46.04,3.4851765286885255,3.7774920334855833,4.147357309305455,4.1946454257073125,3.898526559419117,3.545947544576255
46.06,3.48996676506042,3.7963892009108338,4.152835679051177,4.190574915535982,3.8854020997893666,3.5399313521521947
46.08,3.5005235075191443,3.809744453515938,4.164055762883055,4.180428769197208,3.866371408707213,3.5274955777072274
46.1,3.505511090199199,3.8284245967215096,4.169655588467181,4.176569541141765,3.8532342814038207,3.521190272399024
46.12,3.515637931835974,3.841579944461834,4.180992191659871,4.166600112865861,3.834179107279463,3.5084763830985586
46.14,3.520228637519132,3.8607510452458773,4.1866866941185386,4.162888917143249,3.8210011871422145,3.5019242676107507
46.160000000000004,3.530000779703987,3.873706828913335,4.198881512609416,4.153034290700322,3.801074923266143,3.4889724484062907
46.18,3.5342712983575884,3.892698454386143,4.204599364712732,4.149413739107331,3.7878685028337413,3.4822110726722197
46.2,3.543763580661646,3.9054968435253814,4.216803975934161,4.139613477265916,3.767890047239178,3.4807758629429597
46.22,3.559041362317959,3.9243481123269874,4.222514230621514,4.1360204450208276,3.7546368336055256,3.4728657540432044
46.24,3.568069871085352,3.9370210552273743,4.222657813309845,4.126217448659761,3.734589731287451,3.4710630376921383
46.26,3.582921523819116,3.955760983646319,4.228596123668367,4.109467290309705,3.7212717894298564,3.462802115211
46.28,3.5915588588107283,3.9689985903554392,4.2289373506278745,4.099900462049922,3.7011407121878004,3.460685834742021
46.300000000000004,3.606058391741493,3.987611802597458,4.23505948035405,4.0833433460905395,3.686927234378285,3.4521287786964296
46.32,3.6143792857751214,4.000724608291779,4.235553836665178,4.073949024069833,3.6793039606551496,3.4497501580235763
46.34,3.6285989400044776,4.0192325435746055,4.2418107340944164,4.057518286321344,3.664750049007615,3.4527010670504352
46.36,3.636670039084979,4.032239259457275,4.242408999958218,4.048231825767291,3.65680455493887,3.4498536395177197
46.38,3.650673857386511,4.050657700345886,4.248750942603273,4.031869191430698,3.6419205480820853,3.452371268841651
46.4,3.658556852844945,4.063571534544423,4.249403370328958,4.021775370519682,3.6336653955565508,3.449123015590491
46.42,3.672404002651986,4.082573934577638,4.243701312642544,4.0054689148289295,3.618461880024838,3.4512754893986437
46.44,3.691471323037437,4.095362317952345,4.244625249782446,3.995405395265461,3.609909882906218,3.4476942375697894
46.46,3.704968457104331,4.114242630645502,4.239158214230028,3.9791065234363017,3.594405766873457,3.4495493091643086
46.480000000000004,3.7243525148774075,4.126911390303968,4.240291631289762,3.9690263302632744,3.5847455314794257,3.456768979699738
46.5,3.7375230098617735,4.1341785238667565,4.234997787062552,3.952690496886258,3.569001668064336,3.4581650575437113
46.52,3.7566079394337364,4.1469877313407535,4.236279625807216,3.942546412018695,3.5591063576612134,3.4649651563583785
46.54,3.7695081459919026,4.154379235737919,4.231098293762797,3.926128845808224,3.5431437576202574,3.4659744217467683
46.56,3.7883513350281808,4.167312154469692,4.232468645980387,3.9158827871685875,3.533040086856284,3.4724264869784376
46.58,3.801035556111251,4.174809638130835,4.227340254579213,3.8993480676230536,3.5168874511116273,3.473119391486526
46.6,3.8196882819870708,4.188505323009533,4.228740485191583,3.88896657114086,3.5066058982252684,3.479293153807473
46.62,3.8328371467332945,4.196047711517143,4.223610083483447,3.8714113103178986,3.502107518623963,3.491549493504741
46.64,3.8513112081644523,4.209781743921549,4.21284630874674,3.860904882538612,3.4914314602591254,3.49724870182933
46.660000000000004,3.864294587855006,4.217348888002163,4.207922991187808,3.8431942166075204,3.486558944681594,3.509073817744338
46.68,3.8826328898948717,4.231096131870387,4.197330596957493,3.8325350965377645,3.4755336146549833,3.5150904844997553
46.7,3.895490615840005,4.238661297438251,4.192547890329624,3.8146479831263456,3.470333438589972,3.526522005869135
46.72,3.913733647845987,4.240842999155553,4.182061898738994,3.8038178991448572,3.4590102436940326,3.5321781604149987
46.74,3.9265031662773673,4.248633660433818,4.17735596319792,3.785738118329262,3.453534608577511,3.5432933797698656
46.76,3.9453144686957664,4.251012412049513,4.166914276710752,3.7738576282363834,3.4419632359906593,3.5486641565574115
46.78,3.9579849485669403,4.259652942711795,4.150052471610018,3.755613775092013,3.436259131346381,3.559539212915612
46.800000000000004,3.976710728649019,4.2621488604438875,4.139866226741049,3.743561459843701,3.4363466896376345,3.5765512564522624
46.82,3.989310679004821,4.270886598723915,4.1232156940807,3.725147117492338,3.43022111143318,3.5869850539330304
46.84,4.007976397125343,4.273453951762693,4.1132173917820545,3.712914066237011,3.429917453204817,3.6035967316587882
46.86,4.020524732065002,4.282242746301924,4.096712185132296,3.694322771572752,3.423431647716269,3.6136661048831638
46.88,4.039146596844553,4.284834610888584,4.086838123331339,3.6819094262903334,3.422798546802967,3.6299514625552614
46.9,4.052289926424874,4.282032127550437,4.070416174877553,3.6622776233971037,3.4160144518771656,3.6397278441054253
46.92,4.070841463949746,4.284862785068893,4.059812680062234,3.6497255223310408,3.415110491639954,3.6557584243793917
46.94,4.083910163342166,4.282263649293525,4.043450510581142,3.6299397590523954,3.4208013586626196,3.665310298259105
46.96,4.102400079976848,4.285268331689459,4.032879572620829,3.6172542415678235,3.419405052872452,3.6811486295678226
46.980000000000004,4.115400369883521,4.282808120511509,4.016525538832389,3.597325391689378,3.4246493912242335,3.690535824329212
47.0,4.133832133034424,4.285926825923629,4.005937240460027,3.5845197508603976,3.42283573376528,3.7062389101456326
47.02,4.146765157206735,4.283546015181724,3.9895439549537106,3.564463164791179,3.4277078655249373,3.7281354822969486
47.04,4.154316352811389,4.275092992928277,3.978892779990651,3.550688019773406,3.4255508744636534,3.7434488695243657
47.06,4.167399280598175,4.272995082323655,3.962417477057987,3.5439072350553125,3.4301230009803456,3.764991353230452
47.08,4.175083180864032,4.264783829543631,3.9394125121818573,3.5297691177008703,3.44045184467972,3.7799819323726127
47.1,4.188297107770288,4.262899230147476,3.92228688596282,3.522657226044973,3.4445100017117296,3.8012306600494714
47.12,4.196093102533697,4.254860859486817,3.9116884780259884,3.50818793080403,3.4543710766475133,3.8159552024767436
47.14,4.209415534379861,4.2531175647154384,3.894414822397735,3.500778236246713,3.4579972381175046,3.8369636737062334
47.160000000000004,4.21729959529872,4.245181136767462,3.8836666693072974,3.486016385804138,3.467471368728205,3.8521824917940597
47.18,4.231342444390063,4.243513664201446,3.866217398725151,3.4783492732091053,3.470744647054196,3.8729560318082323
47.2,4.239252994884521,4.235617696506637,3.8552947447142203,3.463336886828747,3.4799128322819897,3.8879559632595986
47.22,4.253309368187257,4.222292135804697,3.83764724337025,3.454582830157202,3.4957000422356628,3.908542602765121
47.24,4.261216933350321,4.214634982909047,3.8257307463864128,3.452806239840398,3.504346142046659,3.9233651194767374
47.26,4.263753629931684,4.201510626323254,3.8078998198390357,3.443601401201263,3.5196569247544813,3.943802791371026
47.28,4.271882483480087,4.1940167186810235,3.795789957435291,3.4414149513215384,3.5278648616437818,3.958482739425923
47.300000000000004,4.274610689278041,4.18101992646561,3.777763541472938,3.431816453354727,3.542780669447652,3.97951383732972
47.32,4.2829143251877415,4.173621645929527,3.7654503502597785,3.429278105334922,3.5506297549433565,3.9940361313091057
47.34,4.285790809097798,4.160686805767815,3.7472213283983744,3.4193448944775007,3.565230632574434,4.014922754514803
47.36,4.294868946049239,4.1416161186279,3.7346999318077514,3.416514279165761,3.5727982264547986,4.0293140919401464
47.38,4.297807175129871,4.128261565780831,3.715461309799923,3.406306906878023,3.5871556266626277,4.05008298821581
47.4,4.295391687189492,4.109445011657594,3.702763089456077,3.4032412097086286,3.5945109405984166,4.0643663951967195
47.42,4.298596691577158,4.096306288323233,3.6833350539878635,3.4062774221994983,3.6086913996877303,4.085034688249982
47.44,4.296411434489052,4.077673779565931,3.670465028599502,3.401871477834883,3.62875329377312,4.099934532563454
47.46,4.299821233251225,4.064687218376895,3.6508545789909026,3.404511780074397,3.6425289959544074,4.108446070487907
47.480000000000004,4.297808273579442,4.046177620577856,3.6370227850723604,3.399734590172528,3.6630433410828,4.123476684000387
47.5,4.3013644550494545,4.033284079274986,3.6172719594241145,3.40204463115288,3.6764391766527162,4.13212035467881
47.52,4.299461837817346,4.014150644259522,3.6033023160114497,3.3969659991563206,3.6966095313467364,4.147279181044682
47.54,4.2915387473238376,4.001322679206415,3.5834232792886676,3.399018739027587,3.7096960159578245,4.156044857311615
47.56,4.289939290769738,3.9822192071202864,3.569330312812213,3.4072105681043805,3.7295895365943053,4.171319791540786
47.58,4.282277723277697,3.9694090164614937,3.561713961474946,3.408773597598459,3.7424303383934006,4.180909920212885
47.6,4.280909578427669,3.950289721927362,3.547241241678613,3.416519372527258,3.7621072388928045,4.196242960107493
47.62,4.273441850466423,3.937454221335923,3.5384789405400556,3.417672316739823,3.7747623193785507,4.205873034211402
47.64,4.2722383181323,3.9182781047243096,3.5236994179934924,3.4250473449008925,3.794279290740048,4.2212459938908085
47.660000000000004,4.264894342480389,3.9046844286974043,3.5146453519270304,3.425864050989086,3.8076122633129903,4.230896057123944
47.68,4.263786545291447,3.885443521052567,3.499593794387773,3.4329454279881886,3.826969025858797,4.246291240442116
47.7,4.256494576551505,3.871767353265277,3.490284692607794,3.447041608958354,3.8401541985662773,4.255941920580211
47.72,4.243801679674593,3.852432179631891,3.47500259559569,3.4536051212962424,3.8593967905448308,4.259243579360298
47.74,4.236756235879369,3.8386463670221267,3.4654815042697855,3.467230990281804,3.8724767318028825,4.269135498223584
47.76,4.2242704217407745,3.8185057764536547,3.461633241051613,3.473361241436949,3.891644398819851,4.273373016408008
47.78,4.217397389758402,3.8046181222087614,3.451700142485202,3.4865950967669184,3.904655199132234,4.283422348334457
47.800000000000004,4.205046192582286,3.784349709174742,3.447465911070447,3.492369091473656,3.9237837721628144,4.287787383658329
47.82,4.198274466970649,3.7703395781755877,3.4371769156150895,3.505289545937175,3.936758131883169,4.297949697900843
47.84,4.185331230592998,3.7499295544993916,3.4326138693317976,3.5107840533563017,3.9566835241756855,4.302397095381022
47.86,4.178625692041414,3.7350985213811114,3.4220269937354195,3.523465472683744,3.969594872984855,4.300505453664577
47.88,4.165708408688731,3.7145658892699536,3.4171911060066784,3.5423512174337075,3.989467551725096,4.305259530704231
47.9,4.14735069197341,3.6996065397453264,3.418808484842291,3.5545659031123407,4.0023376420612875,4.303640474073271
47.92,4.134655673788923,3.6789481072711836,3.413480992653039,3.573888763307583,4.0221763548838965,4.308640374678705
47.94,4.116486100234927,3.663859470722558,3.4146532749454765,3.585665033298599,4.035025258368641,4.307232742565592
47.96,4.103945984934835,3.6430770471645473,3.408911685354953,3.604591298036709,4.054847228513331,4.312417429984854
47.980000000000004,4.085899725123584,3.627863320411245,3.4089244554603155,3.6160096158544244,4.068500764338951,4.311159956576013
48.0,4.073451668001453,3.606262645717671,3.40288025674509,3.634612118501698,4.08826365760453,4.316472850023498
48.02,4.054804964457032,3.5909573595267674,3.40262143611466,3.6457463703958513,4.101849019650017,4.315308282117884
48.04,4.042417501255618,3.569254704550256,3.4088230330759743,3.664099996126396,4.121557177310105,4.308513897565814
48.06,4.0237944034461,3.553868789752944,3.4080823230638533,3.6750176493213997,4.1350761789072,4.3076487457761
48.08,4.011416076050228,3.543956252045556,3.413849806791173,3.693186475088095,4.154728533712904,4.301113134722534
48.1,3.992767266469008,3.527542418946702,3.412706239520258,3.7039485371443006,4.168177866403727,4.300474990897584
48.120000000000005,3.980351494060694,3.517343021275657,3.418114234491791,3.7219903259454785,4.18776836337744,4.294126707470638
48.14,3.961628588877268,3.5006457147655214,3.416642365971058,3.747180807047496,4.20113991534435,4.293644708630094
48.160000000000004,3.9484619190852106,3.4901931201211838,3.421767534739744,3.764791639491023,4.2084312241976605,4.287413983605308
48.18,3.929657256662047,3.4732449580198974,3.432573278064855,3.7895831762646637,4.221957822230829,4.274817780733573
48.2,3.9046658671449657,3.461881249082383,3.437215096321226,3.806833431316626,4.2293797175059336,4.268909007877801
48.22,3.8860093923471877,3.456664069623777,3.4475812873459613,3.8312925524664263,4.243031845314064,4.256588002525771
48.24,3.8611298594865895,3.444869647224328,3.451820274817355,3.8482404136802386,4.250553486378762,4.250923860293245
48.26,3.841910851414901,3.4392594139713553,3.461829674975658,3.8724216356052694,4.2642985199610015,4.238801821121256
48.28,3.8288815917429617,3.427083846043375,3.4657466318690453,3.8891177077261823,4.271886074135597,4.233304100000626
48.300000000000004,3.80948729843896,3.421131388021222,3.475478582873095,3.913068170851707,4.285688587349253,4.221304322474605
48.32,3.7962867032801366,3.4086299341200395,3.491708035718266,3.930403426322788,4.293305633500201,4.215901739429918
48.34,3.776701444208322,3.401700507690864,3.5009585446233205,3.9541122877454082,4.2948687287311165,4.203954278190379
48.36,3.7626487776819433,3.400911859993514,3.516752665799604,3.9712124905883472,4.3027244819123,4.186332733721593
48.38,3.7428883742499783,3.3935015991649715,3.525606236709607,3.99472201208502,4.30449095445208,4.174646041517951
48.4,3.728654562759274,3.392275975460966,3.5410463343175183,4.011626060396665,4.312530774129502,4.157247536601874
48.42,3.708714444932585,3.38445262163637,3.550372210983648,4.034967086877746,4.314445734876981,4.145747265950383
48.44,3.6942972817782316,3.3828582426661225,3.565491874769335,4.051707113702584,4.3226139370574055,4.127762146918075
48.46,3.6735086066474527,3.3746944385371656,3.574528389320768,4.0757588922431305,4.3246215687718,4.116413032096364
48.480000000000004,3.658935541010657,3.3728011092887074,3.5894056938051726,4.092301598876795,4.319745147456383,4.098532310853148
48.5,3.6379810139436803,3.3763521673764667,3.6108361549930277,4.116164129964195,4.322081952384754,4.087267317572782
48.52,3.6232601657360757,3.3732766758428334,3.6252646939160025,4.13252818506979,4.317494486425539,4.0694298083740374
48.54,3.602150105768277,3.376403534893192,3.6462829723191033,4.1424294438591,4.320090070912093,4.058190455220818
48.56,3.586619645433995,3.372933243237767,3.660338232877801,4.158933654259786,4.315721359210297,4.040339672671757
48.58,3.565394445939541,3.3757083873743707,3.6810201953807904,4.168959918317693,4.31850627859929,4.0290683778044
48.6,3.549754052167025,3.371915978939195,3.6947746568097446,4.186455987244687,4.314287040125084,4.0111492198950245
48.620000000000005,3.5402598433834673,3.374414426494504,3.715189288168486,4.1965437370219725,4.317197365634979,3.9867324027066915
48.64,3.5242650285641814,3.3824019000260632,3.7294989154269063,4.214094846240997,4.313063351629876,3.969008967142906
48.660000000000004,3.513774171036333,3.3844295822347568,3.7496664237944786,4.224235955990641,4.302856808089998,3.944748436237705
48.68,3.49748777606319,3.391992441311969,3.7637490185475575,4.241831819715984,4.299031032005404,3.927166423022118
48.7,3.4867212187010677,3.393633381923781,3.7837302406726123,4.252008483906474,4.289090052325455,3.9030107034930395
48.72,3.470181731207386,3.4008541489667863,3.797642976011339,4.26962952605175,4.285494288934126,3.8847829098937283
48.74,3.459179807093352,3.414238498324514,3.8174914393375476,4.279819870334191,4.275742126485153,3.860723093608224
48.76,3.4417599614632888,3.4209282985193137,3.8312841727864706,4.297442623937224,4.272296704052129,3.842569000289292
48.78,3.4305904674514904,3.433827710226585,3.851046114806883,4.308482537105879,4.262655314956847,3.818566166589234
48.800000000000004,3.424884967585226,3.4400723909711246,3.864761657217456,4.312161912361797,4.246087738546676,3.8004496525414355
48.82,3.4133273173059355,3.4525737010566044,3.8852608608636756,4.323409900114127,4.2367852957887155,3.7757330714947903
48.84,3.407260661869781,3.4584581693339427,3.89889121059227,4.3272780256911565,4.220505633445667,3.7576579527051863
48.86,3.395369295237766,3.4706475500253995,3.9193218576774287,4.338693544452074,4.2114570608699475,3.7329570168637276
48.88,3.3889975615872716,3.488344370390721,3.9329014181982527,4.342703478330265,4.195382234833923,3.7149031729172624
48.9,3.388061490248747,3.5000314013088487,3.953294449848636,4.354238851138783,4.186510944800788,3.690200200344779
48.92,3.381209696063272,3.517953110705995,3.966850533391919,4.358341720555492,4.170565984867038,3.6721493232551836
48.94,3.3798282087927243,3.529180685318385,3.987233899107618,4.3699475948922135,4.160958262636338,3.647428869839014
48.96,3.37256965319283,3.546688499411888,4.00157498821976,4.374093071492933,4.145114747882074,3.62860794784642
48.980000000000004,3.3708163032352485,3.5575431359202203,4.021919100438743,4.371792411607458,4.135575237401433,3.6163068454727867
49.0,3.3632179345647892,3.5747240137264784,4.036217285269997,4.376238685968999,4.119764697826186,3.5972061450018242
49.02,3.3611604997253455,3.585289134070488,4.0565373645997465,4.3741986104439885,4.096961598652769,3.584645649589239
49.04,3.365217861590164,3.602219465241792,4.070804964001504,4.379751816210572,4.081420511837234,3.5652782459937464
49.06,3.3626602986851135,3.612568344568764,4.091110016241739,4.377856155534535,4.058843255926213,3.5517181709234547
49.08,3.3656098491595974,3.6293180240164853,4.105357320583005,4.3835248875021735,4.043508667106651,3.5321351154170353
49.1,3.362663970157524,3.6516614731694843,4.126439110261299,4.381707172009811,4.021087838866127,3.5183617422132905
49.120000000000005,3.365265705493155,3.668021653591,4.140616886785752,4.373463046699514,4.005045352347886,3.498581548671397
49.14,3.373958421088131,3.690698550724604,4.161627178963646,4.371974555827843,3.9827610419646566,3.4846156425307533
49.160000000000004,3.376022797531422,3.706701966256611,4.175736938787093,4.364009946365034,3.9668248930977565,3.476370684017538
49.18,3.3842312732115527,3.729056755604795,4.196674875304013,4.362766395966179,3.9446252337168417,3.4619934320333656
49.2,3.3858440342613614,3.744772066187792,4.210708491356503,4.355002999112411,3.9287415317892163,3.4533545379149087
49.22,3.3936493690189473,3.7668696252246336,4.218769305701226,4.353926729649587,3.906575630545431,3.4386081449830397
49.24,3.394894444000977,3.782357854301567,4.2337881439162715,4.346288358612645,3.890700339954845,3.4296193096534147
49.26,3.402379039635467,3.8042556260248728,4.241971069167138,4.331304267218844,3.867674230774881,3.413809700756387
49.28,3.41532688930725,3.8202469123403096,4.257097258160962,4.324035130373753,3.8518055779008513,3.4045452520205868
49.300000000000004,3.4223003351351546,3.8419585268176792,4.265375427312409,4.309362786165587,3.8287500220600887,3.3884700568755286
49.32,3.434790440186716,3.857777307248511,4.2805806847121985,4.301490675629464,3.8128529711863677,3.3789779333493155
49.34,3.441344234269315,3.879350070737258,4.288919552602511,4.287092092940108,3.789735768097225,3.375193660980251
49.36,3.4534629505698153,3.8950400307064683,4.304163697670268,4.279455752580497,3.7737814114593156,3.365245018330121
49.38,3.45968104756414,3.91719385963531,4.312521981437328,4.265252826489956,3.7505802394603744,3.3610345822855687
49.4,3.4721680410471376,3.9327492551717635,4.3149250828536685,4.257775540610018,3.7336876613675702,3.3506941399209014
49.42,3.490116813508798,3.9547888660289092,4.324347854109302,4.243693891365005,3.7104237088593703,3.346122867437121
49.44,3.502090039687488,3.970246969997137,4.326937170898241,4.222247999523041,3.6934567571421644,3.334708342333365
49.46,3.519578741889199,3.9922058423534645,4.336520686000565,4.208530052040086,3.6701199835145033,3.329875711491981
49.480000000000004,3.5311244617684587,4.007595933755997,4.339240649170429,4.187394790212195,3.6530671116208207,3.3307624333181725
49.5,3.548236940181295,4.029496262834775,4.348929143204993,4.173961142670242,3.6287936021961023,3.325453114754183
49.52,3.559439694653346,4.045511596220436,4.351723142597101,4.153059030302674,3.6116871431354713,3.325897806416396
49.54,3.5762573782251392,4.067328416942847,4.348578559202419,4.139829950955532,3.587343566213684,3.3201846571938987
49.56,3.5871983729664847,4.083256425947597,4.351680155182155,4.119083982811891,3.570187075678644,3.3202646343710835
49.58,3.603799004609765,4.105002807981354,4.348801195941648,4.105095881387348,3.54577932846221,3.326789089871283
49.6,3.6266091695459823,4.120853707109853,4.352138626008367,4.084482245910933,3.528577796768437,3.3262997332437094
49.620000000000005,3.6434473524495306,4.1432159596591305,4.349449316259891,4.070593688104824,3.5175459490488405,3.332307301287732
49.64,3.6658414133180948,4.158954604354485,4.35295076004001,4.050053139117609,3.499142646955674,3.331340172357876
49.660000000000004,3.682295770310446,4.181204587354411,4.350384709280017,4.036206856728151,3.4878224798401134,3.3369171423286557
49.68,3.7043531726321555,4.196831496968418,4.341061346645936,4.015680002469988,3.46912939351572,3.335555148424846
49.7,3.720496021223038,4.206667555080028,4.3388367801996415,4.001819511655796,3.4575523981325085,3.3400526630022758
49.72,3.742285215266923,4.222451094228502,4.329807647893306,3.9803675058848187,3.438603060472095,3.351023973317014
49.74,3.7581772127534445,4.232423143321551,4.327843980812833,3.966486119283478,3.425943863016224,3.3550102197426313
49.76,3.7804081287025184,4.249017533716838,4.3190246606016895,3.9449776728465995,3.4202785619720646,3.3655163521867264
49.78,3.7960671450721883,4.259062686493726,4.317242499661285,3.931031820256544,3.4071430876753777,3.36907805821718
49.800000000000004,3.8180960818593923,4.275717214815191,4.308559159036728,3.9094259802284164,3.4010421185257975,3.3792077984121676
49.82,3.8335806060989435,4.2858077030524075,4.306882645142857,3.895382715863997,3.3874828905968397,3.3831637224744964
49.84,3.8554589919540754,4.302493051173097,4.298260397001907,3.87364893563875,3.381000455117742,3.3929623202134285
49.86,3.870820507386145,4.312597595521943,4.283644850275908,3.8585895881218066,3.3670769114916883,3.409269126558464
49.88,3.892596102290445,4.316934241014161,4.275301701782962,3.836743497914982,3.360269970469303,3.418538292576964
49.9,3.9085219918519836,4.327975049376971,4.260917798186244,3.8215570110311545,3.3460368579211384,3.4343661681224185
49.92,3.930192123567556,4.332495881329808,4.2527713040999835,3.799580794778721,3.3381050588463017,3.443202803156278
49.94,3.946022443822943,4.343697740525061,4.238543839185064,3.784251689707595,3.3371909294587097,3.4586411819094978
49.96,3.9676232674030065,4.34835206351033,4.230516646005438,3.7621281034736267,3.3287722869685985,3.467129329893701
49.980000000000004,3.9833874105360776,4.359663670669434,4.216370685796562,3.746642040936458,3.3274198364676124,3.4822636011157915
50.0,4.005597428850476,4.364399150572881,4.195384089960302,3.723463056307056,3.318586034106118,3.503174063783381
50.02,4.021277124089223,4.363386730946978,4.180724106432988,3.707853017067929,3.31686323617018,3.517804575503609
50.04,4.043412208094459,4.368428740286066,4.160023146852045,3.684528805263068,3.307683398408799,3.538264851057916
50.06,4.059027075946061,4.367678515032822,4.14561023856762,3.668793188498037,3.305663402330798,3.5524780712110124
50.08,4.081103761384719,4.3729555947810494,4.125121516008688,3.6453282750904425,3.3097866065662243,3.5725712874868063
50.1,4.097323502634479,4.372400567407703,4.110884290834635,3.629474879548539,3.307238591084799,3.586446746756639
50.120000000000005,4.119312007502081,4.37854005392099,4.090539366372,3.605879418636193,3.310878650004034,3.6069777283668696
50.14,4.135436627041576,4.378076995285784,4.076414796197348,3.589007414882777,3.307041787636048,3.62054739275059
50.160000000000004,4.157351109522613,4.371860774892034,4.0561538188988,3.5653354814833955,3.3103236182520197,3.6408047528164147
50.18,4.173391698920186,4.371700411012371,4.042075807295245,3.5483846570158133,3.319761944245031,3.6541366066100447
50.2,4.195891518805988,4.36574220675243,4.021008604343891,3.5389254465549573,3.3224622080291484,3.674189283355729
50.22,4.21180357253399,4.365808573794779,4.00695901468876,3.521592750456101,3.3313674669882922,3.7000961639451666
50.24,4.221954274677825,4.360028820420429,3.9858816334107323,3.510890577880332,3.3335756245571475,3.7197257989652117
50.26,4.238004440046416,4.360239698920061,3.9718127328578143,3.4932545427269135,3.342032444466777,3.7459844135199396
50.28,4.248271876906601,4.3545620843618105,3.950674740194582,3.4822638148875775,3.343831345689965,3.7652128605755784
50.300000000000004,4.264439567367385,4.342390210934146,3.936539336004265,3.4643650295444215,3.3519291155674646,3.791102096633129
50.32,4.274801236890106,4.337019154605832,3.9153015219524154,3.453128160368535,3.3670429962282196,3.809995258543218
50.34,4.291716012516492,4.325103981520664,3.9002320477941543,3.4350111259999148,3.374561427018726,3.8355768059965953
50.36,4.302100929021329,4.319958928948855,3.8788992019962105,3.423570823194769,3.3891478897974054,3.8541946444564092
50.38,4.319023736439653,4.308216294048201,3.850611107179443,3.418709955157642,3.3961801409919445,3.8795245133490925
50.4,4.329399419727057,4.30251088180922,3.8294508870526265,3.406833384085577,3.4103254230580076,3.898637940486587
50.42,4.334033132753097,4.290898362728745,3.8012934668264022,3.401563546219028,3.4178020429345057,3.923717156025397
50.44,4.344637425186113,4.27279667921449,3.779435809749674,3.389312007091362,3.4315516709188008,3.942594500515446
50.46,4.349466279382469,4.2615187969034505,3.7645440330252806,3.3836962324850535,3.4386698196142764,3.967469913097687
50.480000000000004,4.36091210275382,4.243696193177721,3.7425121286845866,3.3711336993912626,3.4521131854847282,3.9861492122867666
50.5,4.365844548207176,4.232669987198409,3.7274578087848487,3.3652363681007413,3.472646562421116,4.011586961500149
50.52,4.377369583158925,4.215049679033005,3.705244385939068,3.366788037593229,3.485560840968881,4.030054961758891
50.54,4.382356449770772,4.204197589274712,3.68920046440698,3.360352339169707,3.505616295686275,4.055293855681726
50.56,4.381611211414284,4.186703993726851,3.6668395599333667,3.361414344796888,3.5180967376042664,4.073577717804041
50.58,4.386871942507208,4.175948443129498,3.6506434087842234,3.3545174326996103,3.5377625355483553,4.0986416193969974
50.6,4.386359833905108,4.1585066005723705,3.628138810655296,3.354276846659924,3.549894119782801,4.117497177507882
50.620000000000005,4.391825666524764,4.13452797477677,3.6117966184222565,3.34704267719427,3.5692469132359306,4.129506034919851
50.64,4.391482210560033,4.117387115442429,3.5891493290104113,3.3465020624520445,3.58110671471743,4.1484399250637605
50.660000000000004,4.384761109166815,4.093661810236832,3.572665574135537,3.3534088242903457,3.6002248400524257,4.160526945871355
50.68,4.38478863819413,4.076752566434944,3.54904996993727,3.352321771713457,3.6264736939070263,4.179535677523113
50.7,4.37839322702182,4.053213602989289,3.532475380055533,3.3587317860503614,3.6450686867014217,4.191698932622406
50.72,4.37871209182053,4.035761051040962,3.508761846542564,3.3571861980849538,3.6708348122250944,4.210777885202473
50.74,4.372563241860658,4.012375169771769,3.492115029944752,3.363190013186263,3.688990184204859,4.223739282441778
50.76,4.373091551735813,3.9950456306966955,3.4815364266265805,3.361271630592364,3.7143528737938194,4.242829549509184
50.78,4.367112087674777,3.9717593761266836,3.463713978225139,3.3669535819569836,3.732146521233866,4.255783006056219
50.800000000000004,4.367777625128615,3.9545017298424145,3.4528424586881803,3.37919353494702,3.7571795364895038,4.274867313551316
50.82,4.361891894262198,3.931262303866049,3.434731842845255,3.384309915958185,3.774677128061192,4.287793559875222
50.84,4.350246809029372,3.9140268209583304,3.4236096715643343,3.396037572354118,3.799442078737254,4.293938291546308
50.86,4.344657235024814,3.8900723860880095,3.405254896315839,3.400682367068581,3.8175328683438576,4.307100270691708
50.88,4.333263733845365,3.8728508249130074,3.3939248741829497,3.411990215224796,3.842033781678096,4.3142020896115945
50.9,4.327883645770891,3.8488796938008516,3.388623751536116,3.416257589550538,3.859873951726731,4.32752042318284
50.92,4.316660795326309,3.831640824734947,3.376002975426283,3.4272374681826,3.88416672940939,4.334747673235797
50.94,4.299016982504076,3.8076242777292126,3.370309476163241,3.4456944046018614,3.901808232893761,4.34817894842449
50.96,4.288163794221995,3.789616075621968,3.3573128120674887,3.456103583373462,3.9259367425367713,4.355487328534823
50.980000000000004,4.2708369228801875,3.765558537887766,3.351285600438472,3.474040636222943,3.9434196169928573,4.356039205339938
51.0,4.260263369682428,3.747496453487491,3.33797321622954,3.483973492546336,3.9682518036295926,4.363670125170146
51.02,4.243165696177713,3.723382602508384,3.3316765684142564,3.5014820097410824,3.9855561799300365,4.364515306305247
51.04,4.232790715147976,3.7052539828224793,3.3314080099871872,3.5110307369052776,4.010223454647872,4.372411205203987
51.06,4.215843104802028,3.6803473071419885,3.323789327098905,3.528199751524012,4.027380489500154,4.373486400183366
51.08,4.204905184500791,3.6621744729191947,3.3230908184237316,3.538326034007683,4.051910527863623,4.381583946587281
51.1,4.188063276378066,3.6371993369475466,3.3150678326994694,3.555182460918117,4.069795079681558,4.3835644767988216
51.120000000000005,4.1647512860993885,3.618261561371427,3.3140184730832947,3.565026951333845,4.094161171804235,4.378773729449818
51.14,4.14822937341929,3.6059248435060334,3.3056670911951445,3.5816562758512442,4.11188058925192,4.381102715534132
51.160000000000004,4.125183967583455,3.586665044102962,3.3043383573631306,3.6058539099816103,4.13610294031908,4.376616842026965
51.18,4.10890398742216,3.5740306131160455,3.3090706574077213,3.6220053676624304,4.153670495995968,4.379216778555921
51.2,4.086053676627338,3.554469546265721,3.307239660194566,3.6457667299997754,4.163863967038392,4.374958435788857
51.22,4.0692565763701705,3.5408495572668404,3.3115148916323287,3.6615233391846247,4.1815942642992185,4.377752896207404
51.24,4.046567757060933,3.5210403405310564,3.309264792259117,3.684927604033728,4.192792746718128,4.37364251791564
51.26,4.029896230468224,3.507181910728851,3.3131662485973172,3.7003646585933487,4.210620941127762,4.3765575604481555
51.28,4.007306751324092,3.4871537501851555,3.3239427718551005,3.72348698319447,4.22189713946577,4.372525005783011
51.300000000000004,3.9907054227938494,3.473088243131274,3.3272559585317913,3.7395524889724654,4.239806605539461,4.362447868497362
51.32,3.967473875673588,3.4521626039707085,3.337498967169451,3.7624044995093713,4.25114693163527,4.358711812681086
51.34,3.950923234923975,3.437950577278153,3.340320474725412,3.7782183910017277,4.269120808545446,4.348881559356494
51.36,3.927703478614966,3.4296158444679175,3.350124656458435,3.80086295220669,4.280501270354798,4.3453545302137835
51.38,3.9111578104531577,3.415010766371244,3.3525469866053728,3.8164840832506033,4.29851321598996,4.335689210041114
51.4,3.887910806608596,3.406305779787563,3.3620026725263794,3.838975951958302,4.309905877719545,4.319226287652143
51.42,3.870644469657377,3.3913604168658202,3.3775199161464364,3.8544552227876108,4.314819447986844,4.30993942019336
51.44,3.8473679550537256,3.3823366754684194,3.386414462528872,3.877727024549018,4.326452947386052,4.293801791764836
51.46,3.830054832919028,3.366383548455968,3.401426635800831,3.8930562133378066,4.331578523501092,4.284051957427361
51.480000000000004,3.80672312808039,3.357127963356318,3.409856493442698,3.9161972910433485,4.343409160554622,4.268191658475488
51.5,3.7893327696984804,3.3537266156754204,3.4244576493561536,3.93141803455964,4.34869292285372,4.258679469805239
51.52,3.7652245313986783,3.3440107017425627,3.432513410546917,3.954466220279926,4.3606660859781625,4.2430162601896
51.54,3.7477686029341175,3.3401796149608685,3.4467916442100157,3.969612246238336,4.366056736315813,4.233659477581755
51.56,3.723574368421272,3.330070851379466,3.4679970322551497,3.992597682468412,4.378119989846219,4.218113579418565
51.58,3.7060427146399086,3.3258817561320067,3.4817356852765124,4.008585409788049,4.383564698289099,4.1957279788673745
51.6,3.6817549635311524,3.314736881027326,3.5024488926238244,4.031477220776639,4.381671203471586,4.180521169168945
51.620000000000005,3.6634444284884213,3.3102931509442644,3.51573895639101,4.04736770392822,4.387431101573084,4.158422763311698
51.64,3.639087282920482,3.311718982858705,3.5360474825413615,4.070186878675383,4.386671520723531,4.142717722855946
51.660000000000004,3.62070424143467,3.3068013473830966,3.5497807064733586,4.085997853762394,4.392629419282249,4.120866852544028
51.68,3.5962787826024907,3.3077948579170133,3.569719250065332,4.1087664727889015,4.392020970704305,4.1053724870643515
51.7,3.577827160545639,3.3024888159410453,3.58311279828696,4.124516855923773,4.398102929877729,4.083700489525416
51.72,3.5652363540100445,3.30313515160025,3.6027625370229477,4.148131371423239,4.3975764798319315,4.068350350129822
51.74,3.546474545306812,3.310346524121696,3.6158937694395115,4.1637675727471715,4.389681815057607,4.046789737492508
51.76,3.533583105281731,3.310435611038105,3.6353319446769348,4.1872667687919884,4.389487304766544,4.031519119353278
51.78,3.5138502971009293,3.3171436054119448,3.6617737470051255,4.202789968642287,4.3818765714331365,4.0100125308825785
51.800000000000004,3.50071598657344,3.316764269304455,3.6807656408169818,4.226172372953321,4.381931355246102,3.9947626230911264
51.82,3.480741792188978,3.3230563038513736,3.7067969710159763,4.241577617500161,4.374522558287387,3.9724791603973313
51.84,3.4673979125888166,3.322298608281996,3.7262206002934977,4.250073885221158,4.374746015777322,3.9572351473620246
51.86,3.447214412348871,3.3282632467772677,3.751861794580279,4.265683101924224,4.367455313218918,3.93492212817045
51.88,3.43300588922167,3.340090178184076,3.770916709918676,4.274356401254331,4.3536845043446375,3.9196430751868476
51.9,3.4253268198568745,3.3455251946395754,3.796235434695391,4.291022594830429,4.346751010311579,3.8972582441262054
51.92,3.410711057711132,3.356876296750231,3.814984998479175,4.299785367296703,4.333295166900135,3.8811351472351197
51.94,3.40266471371824,3.3618768841221898,3.8400438651666606,4.316524222852575,4.326635102991015,3.8586810055778806
51.96,3.3876923287069522,3.372845586583679,3.858546660796681,4.325341934016235,4.3134032408828515,3.8424712074689635
51.980000000000004,3.379330919677737,3.390397833397954,3.884200154313725,4.34211765084306,4.306927598708559,3.8199228328487713
52.0,3.364059286376947,3.400784476008792,3.9024514761026894,4.350956920244005,4.292968066660275,3.803603951730556
52.02,3.354744571765964,3.4178107274045497,3.9278740039825024,4.367735000593122,4.286639299330958,3.78016886875933
52.04,3.351949372405833,3.4277128013797413,3.9459183103285187,4.376550440483478,4.272778582558413,3.7637485334075933
52.06,3.3421653044163326,3.444303575004566,3.97115050777137,4.37845144758215,4.252387496858098,3.74019077283476
52.08,3.338947792276896,3.45381254665382,3.989841380702598,4.388424654727715,4.238864682235674,3.723659463173825
52.1,3.328765766234884,3.4700561282402917,4.014866214831203,4.390500823608435,4.218775425009896,3.699972105158077
52.120000000000005,3.3251979879778397,3.479260881017992,4.033356019960457,4.400621635896852,4.205513445551871,3.682557623902051
52.14,3.31469092212179,3.495242898450472,4.058207699487415,4.402812113391851,4.18564741480462,3.6587724165340574
52.160000000000004,3.310152537519513,3.5171730211965864,4.076522668720655,4.413019681615568,4.172565490010223,3.641256163484377
52.18,3.3121496553300087,3.5326785249057404,4.101223235412133,4.41526294619363,4.152844856844494,3.6173737728131967
52.2,3.307138792272937,3.554881284547771,4.119381996264816,4.410615709140066,4.139872008899802,3.5997591505594646
52.22,3.3087137926363623,3.5699515749102835,4.144760781557063,4.413182400267235,4.11935091680345,3.575018740624415
52.24,3.3033153296275573,3.59176134454048,4.162727156229426,4.408817642289153,4.106461856688361,3.5573443348614515
52.26,3.3045490462835225,3.6064827257660106,4.174286326142658,4.411630039932961,4.085976753949001,3.532535416829255
52.28,3.311599060393949,3.627981797812898,4.19237323136003,4.407466393626911,4.073109753814836,3.514818586325664
52.300000000000004,3.312286871717314,3.6424286473750302,4.204035342158379,4.410448549346638,4.052605652888369,3.5032633216402993
52.32,3.318839995321582,3.663687518295534,4.22223026386924,4.406411100679218,4.025506824025465,3.484458434788883
52.34,3.319073060118839,3.6786279749912225,4.23398055611259,4.394568242707564,4.00525362761216,3.472629045063231
52.36,3.3252160441935326,3.6996688094686725,4.2530841723840735,4.390916299724379,3.977497377879502,3.453553003919144
52.38,3.33786333190385,3.7274211622222033,4.264856524651124,4.379411522153796,3.9574713363342715,3.4414840341639072
52.4,3.3434010617422696,3.74801843588232,4.2839709705261075,4.3760583823791785,3.929900684124423,3.422173594692408
52.42,3.3554975474772517,3.7753601102812704,4.295743451896189,4.3648018417920005,3.9100543341800047,3.4099076400000734
52.44,3.360527449756764,3.7955808020437507,4.314844988046759,4.361664281775003,3.882624303490333,3.3904073734511084
52.46,3.372168408357674,3.8225746252187878,4.326591462958089,4.350573890110646,3.8629164126853173,3.377210844724368
52.480000000000004,3.376784041356885,3.8431703631881504,4.331959522087208,4.347571818735728,3.8355884356497314,3.3709580794451597
52.5,3.3880567532443036,3.8698283869033614,4.3447810425214035,4.336568834822811,3.8150853409994405,3.357373052817647
52.52,3.405168751893126,3.8901025790499477,4.35031837587111,4.318649167834385,3.78786124871901,3.350772391712127
52.54,3.415877456720789,3.9164800508499957,4.363286514887648,4.307993313718301,3.767442518631884,3.3368567485061242
52.56,3.4324811142148435,3.9364837576118052,4.368945125570418,4.290376597874327,3.7402980881663965,3.329971006474463
52.58,3.442720698420056,3.963320024691132,4.382011234569527,4.279981923711786,3.7199421241314066,3.3157888937596063
52.6,3.458908256447274,3.9830476077610384,4.3877449283220065,4.262584908253359,3.6919675290606624,3.3079057684639612
52.620000000000005,3.4687710252591892,4.009624700722436,4.400862206894095,4.252370056567163,3.671693644563206,3.3069555564465767
52.64,3.4846278672744413,4.029112281342607,4.406618678063055,4.234186780484234,3.6580706399561027,3.29863221440776
52.660000000000004,3.507046791048841,4.055462638980404,4.4059855667923244,4.2241141385971765,3.6375413317806795,3.2972912091912114
52.68,3.52304464958044,4.075437850026007,4.412012950752107,4.206025148410978,3.623661151919167,3.2886033978016544
52.7,3.5449348243594647,4.088447734831799,4.4116131097534685,4.196026026863023,3.6020042827137324,3.286950696374168
52.72,3.5604432001415485,4.108471978436828,4.417846943345625,4.177964569244573,3.5879141347213594,3.291409511613908
52.74,3.581898069076707,4.121533837965804,4.417612461468197,4.152921950131946,3.566036728155716,3.289215745774314
52.76,3.597003165542885,4.141610137770519,4.411040050202766,4.135159319483086,3.551752917751236,3.293179657435701
52.78,3.61810498382548,4.154723836743316,4.411164811806509,4.110387348276454,3.5296734599433925,3.2905331659219277
52.800000000000004,3.6328851971836524,4.174853354663934,4.404904808650209,4.0928578242210465,3.5152174709569177,3.2940902953514613
52.82,3.653708615320098,4.188712327956417,4.405307084847265,4.067361679177619,3.4929597830795798,3.30377531103619
52.84,3.668234825048508,4.2088447339787525,4.399282833816134,4.0500415984064135,3.477460299841608,3.3067492225562565
52.86,3.6895165873745492,4.222690494212148,4.399881091550149,4.024709566019418,3.469445685510565,3.3158967351761417
52.88,3.7038104635705067,4.242818499281386,4.394008286820397,4.007538358908215,3.4535132859933553,3.318377442727631
52.9,3.7248914010385965,4.256641391200549,4.380915239112506,3.9823126357330216,3.4451046937089926,3.3270801711983227
52.92,3.7390149399845156,4.277452236953129,4.375426573851491,3.9652410576813044,3.428785109472984,3.329155602921797
52.94,3.7599531729606515,4.291189608794977,4.362668709583784,3.940075059939527,3.4200304084360442,3.3375003283965357
52.96,3.7875752199369948,4.298734364877279,4.356644098561744,3.9221270007741236,3.4033733476297385,3.352750232932595
52.980000000000004,3.8080946892350944,4.3126629554160685,4.344178370807898,3.8970181890431737,3.39342917826961,3.3605233765310243
53.0,3.8353280654776456,4.320365803859647,4.338402115119906,3.879104851452395,3.376522660214854,3.375249232242688
53.02,3.8554909402541018,4.334442081989875,4.326142011010218,3.8540157299205733,3.3663504508642803,3.3832996891680582
53.04,3.8823935577704085,4.3422625522136205,4.3205342100335855,3.8361026706594794,3.363665414917699,3.3975523678851474
53.06,3.902257201011304,4.357153266512196,4.308401958093431,3.8100855817241723,3.352999395523444,3.405169132204472
53.08,3.928882344978211,4.365005347224521,4.289030371319095,3.7921866056699116,3.3498653003679797,3.4190416977772715
53.1,3.949161507273072,4.366700440735328,4.27725903348186,3.7661556943732797,3.338770780617954,3.439847092711803
53.120000000000005,3.975511568390092,4.374838768740978,4.258195101154279,3.7482544698197837,3.334382555008568,3.4531270572425115
53.14,3.995522839259581,4.3767818542667145,4.2467018413174005,3.7221957945767046,3.322970376411129,3.4733853884310943
53.160000000000004,4.021634686043764,4.385145602220045,4.227864653415833,3.704276685694403,3.31829540136557,3.4861643018378246
53.18,4.041411283871384,4.387275650115969,4.216571375994618,3.6781777221053944,3.3210942588545724,3.5059682318768215
53.2,4.054987602425378,4.395803223554594,4.197884817842291,3.65930101028182,3.315877150055862,3.5183352918398194
53.22,4.074802305358386,4.398062525612831,4.185878299087467,3.6331992755588685,3.3181822603263624,3.5377734352208927
53.24,4.088410401947676,4.393453911395018,4.167307349709172,3.614310012480556,3.3125005808780323,3.5498135329089635
53.26,4.108271493885233,4.396070011487591,4.155383198725587,3.6034151463566166,3.3143931965118707,3.568964138494714
53.28,4.121916837346137,4.391775777162026,4.136864800317928,3.5841774089200773,3.3083282316381335,3.5815077983341483
53.300000000000004,4.1425033675277625,4.394673636795451,4.111037407360879,3.572964202860653,3.3098889644758547,3.6003996933584816
53.32,4.156147697203672,4.391339998580288,4.092824505000418,3.5534028982753614,3.31803434089896,3.6263111666061008
53.34,4.176731496189731,4.394410246020196,4.0672575821446975,3.540956722767633,3.3190219598571495,3.644714459058804
53.36,4.190374245530041,4.391206068370622,4.049288400905593,3.5211427533816506,3.3266394237639836,3.6701761331466645
53.38,4.21095203443785,4.38109544547362,4.02391371986106,3.50845351960861,3.3271413943672807,3.68816877673865
53.4,4.225266791064328,4.378245102530834,4.005266098689466,3.4884194617832187,3.3343223751827495,3.71325448698551
53.42,4.245785294992549,4.368442481851393,3.980066157405037,3.4755181337316365,3.334428524466492,3.7316662245707284
53.44,4.260023072936299,4.365860103661998,3.9615639666555587,3.454371489367228,3.3412619138709014,3.756399117495613
53.46,4.267407501346311,4.3562771089895085,3.936490668178725,3.4413332221914317,3.355602568951357,3.7744779729690014
53.480000000000004,4.281846364903868,4.353160598207327,3.9180830912412605,3.420050363977093,3.361846906365835,3.7989214392602335
53.5,4.28941302680163,4.343755570142809,3.8922351647047124,3.4069150980004137,3.375652549327014,3.816726635263249
53.52,4.304013630225598,4.327461807882078,3.8739151023262464,3.400829521610346,3.381405005959777,3.840935568894595
53.54,4.312406644436121,4.318450306694507,3.8481216476212348,3.387294387954598,3.394770102398837,3.858518063882017
53.56,4.327090789495496,4.302501473782101,3.829857784379123,3.3808347919093107,3.4001229926504544,3.883295743913664
53.58,4.335538142305811,4.293801741110767,3.804089822295366,3.3669598230841515,3.4131371300582685,3.900653987196395
53.6,4.35027023240458,4.278113994410106,3.7858568007666893,3.3601876927368637,3.418181181835801,3.9252267251773385
53.620000000000005,4.358735208200276,4.269644537723883,3.7600916060549303,3.345099112265145,3.43093227364597,3.942401302153346
53.64,4.360359314935613,4.254138146078303,3.7410043198334804,3.338116706686169,3.4503529162178284,3.9668059735042958
53.660000000000004,4.369089598258475,4.245821810182486,3.715257004265431,3.3381666365781846,3.4625900372287832,3.983829614841577
53.68,4.370946428975652,4.230416828884577,3.69617583748064,3.3306887635167812,3.481552366635343,4.008095418689861
53.7,4.379882763190276,4.222176232549524,3.670436683022367,3.3302799939146244,3.493364378179735,4.025741455460818
53.72,4.382600859736111,4.206802282250715,3.651354351352323,3.3223822970414307,3.511954153161325,4.049845042438043
53.74,4.391648525353803,4.18445962552331,3.6247554865881546,3.321591061839881,3.523426744775499,4.067329677673671
53.76,4.394439941916413,4.169388710006822,3.6057008970250948,3.3133456179583045,3.5417260014056495,4.091293549880977
53.78,4.390382314413633,4.1472958144273155,3.5931771796706053,3.3122449670561855,3.5675796032118776,4.108632805705615
53.800000000000004,4.393476284119174,4.132451985798975,3.5738397078159823,3.3191031187252418,3.586195908181088,4.133224843489011
53.82,4.38967953867693,4.110540130810196,3.5610378259091346,3.317423487738014,3.5968391658901044,4.150384941698407
53.84,4.393006422204386,4.09585765095131,3.540584196683588,3.323762405526727,3.6152635366377206,4.174800196355781
53.86,4.389400685301923,4.0740634836761895,3.527562149392606,3.321594389070307,3.6404202051729175,4.1917874975665015
53.88,4.392887171171919,4.058745180535012,3.5068837536823207,3.3265809265041906,3.658390536732529,4.202271502869608
53.9,4.3893995474508,4.037040662962334,3.4936652512296607,3.324059695022806,3.6831394940938122,4.219391732736915
53.92,4.379776330237133,4.021784225397358,3.472783375733618,3.3287356143733353,3.700724329472073,4.229988085818288
53.94,4.376626828530567,4.000119549283739,3.4593951310692868,3.3413628502567247,3.72513551462139,4.247976494463323
53.96,4.367296133545961,3.9848776264971137,3.438343859269909,3.3454635404838577,3.7424007334580374,4.258616602559741
53.980000000000004,4.36440648392529,3.9632087313240483,3.423958077271844,3.357568402301624,3.7673959260719903,4.276637295650016
54.0,4.355291553533601,3.9479398237031043,3.4169413708550684,3.361180639974509,3.784348937711714,4.287302245483533
54.02,4.352581762738296,3.9254801635336016,3.40215770631079,3.372851555401123,3.8090588748006913,4.305334553672983
54.04,4.343604368060112,3.910175726356101,3.3947815524277716,3.376065937590991,3.8257565344836664,4.315995970410634
54.06,4.327764990862402,3.8876512061817503,3.379650067512029,3.3873873903078255,3.8502341696085596,4.334010159538898
54.08,4.3191417754236605,3.872283014011089,3.3719692216232215,3.3912070544966335,3.866725187061997,4.345397342001659
54.1,4.303605140393543,3.8496680185478938,3.356546180920371,3.4022130517643023,3.8910206930823725,4.349491131871886
54.120000000000005,4.295255901266488,3.8334720161869265,3.3477648516068443,3.4212350155312645,3.908215777389693,4.361063319546443
54.14,4.279943190322218,3.8107798072659747,3.3463237234249665,3.431657871536229,3.9323169253861345,4.365320085390762
54.160000000000004,4.271082467649007,3.7944904508159674,3.3370561814144852,3.4501516706665893,3.949321429815865,4.377031967297624
54.18,4.255947156033966,3.77169970344956,3.335177073594363,3.460091131977652,3.9732626921232463,4.3813963817654
54.2,4.247228482624698,3.7553034665427973,3.3254931320789156,3.478148996881608,3.9901075766373086,4.393192287680443
54.22,4.23219859109376,3.7316638186837396,3.323246323902731,3.487694314606052,4.0139159755979525,4.3976116953675
54.24,4.210273009694315,3.715186198190056,3.3132138320124,3.5054020605970626,4.030624977252436,4.395568755730997
54.26,4.195573310974391,3.691449393722337,3.3106672940010493,3.5146359936026093,4.055184248289767,4.400298160368344
54.28,4.173928621220699,3.674891705350211,3.314580609954945,3.532072891650417,4.0717196579019035,4.398528871095832
54.300000000000004,4.159484548165912,3.6510614790269917,3.311487012494466,3.556625388072537,4.096111394192749,4.404275078047818
54.32,4.138048468955627,3.6336851769915115,3.3148973885213993,3.5735223114433685,4.1124887061260464,4.402666756527513
54.34,4.12308600939532,3.609801921669235,3.3104880569234796,3.597589603751466,4.136728945110556,4.40854422874566
54.36,4.101824710925461,3.592370624726832,3.3135165219991976,3.6140237589467614,4.152960068596663,4.40702486396953
54.38,4.087005276633481,3.5684400091575474,3.308754082160578,3.638590525429774,4.17705434099946,4.399052349313968
54.4,4.065859168091826,3.5509654373044786,3.311478309447222,3.654580782394892,4.194012036346961,4.39786654641937
54.42,4.051125586481034,3.539832984991173,3.320708919104914,3.678740605724142,4.2030696840154445,4.390187054225729
54.44,4.030040766176486,3.522062223461398,3.3228885076428596,3.694366429888127,4.220149395750288,4.389259214988737
54.46,4.015337290340373,3.5106473159806746,3.331622627237539,3.718194670557179,4.22931890735451,4.381793673820307
54.480000000000004,3.9935439025994293,3.492616135953206,3.3333452026256714,3.733522860616413,4.24649916304899,4.3810455239634365
54.5,3.978856384234491,3.4809533870409077,3.3416694683705,3.7570823924091945,4.255756750338016,4.373713133292008
54.52,3.9570455478431916,3.4619569860140302,3.3430198679828136,3.7721717515057605,4.273012134924304,4.359118184261198
54.54,3.942335668766345,3.450117790710519,3.351014633382289,3.795517631049822,4.2832099090131495,4.352157408324882
54.56,3.920467437553371,3.430951038056194,3.3663717658816634,3.8113275039250474,4.300459679916607,4.337887039716615
54.58,3.9049836704018763,3.4189782236099524,3.3737990229766455,3.834457229550648,4.310630425993363,4.331217689288983
54.6,3.8830608770679302,3.413306425495616,3.3886434923545012,3.8500600195387897,4.3129487873634655,4.317184266478509
54.620000000000005,3.8675073244478835,3.4009368844066867,3.395597962326587,3.873019623876862,4.323392402438993,4.309937297985466
54.64,3.8455070801189706,3.394896640058253,3.4100176505029505,3.888457759207572,4.325955820008923,4.296102288970918
54.660000000000004,3.829859716693047,3.3814470711302396,3.4165851269037253,3.911285758959562,4.336617040584335,4.289018215807189
54.68,3.8070448785574986,3.3751315797345613,3.430659423487072,3.9265942352699095,4.339369728812325,4.2753082463102485
54.7,3.7913146720396895,3.3614204661222793,3.436917620703793,3.9493217725753134,4.350196362122695,4.254311094261218
54.72,3.768397532155112,3.3548866807524482,3.4507250104479907,3.9645284329184554,4.353085222939615,4.240965373022897
54.74,3.752576399649531,3.3546396524435727,3.4719508720965813,3.9880786959065846,4.364024084517628,4.220281237604523
54.76,3.729551407027403,3.347643213089907,3.4851975793143803,4.00315273129562,4.367000026072006,4.207222010731984
54.78,3.712919348599377,3.3469753314652624,3.5059137097068294,4.026578641520853,4.378002036432765,4.1867752566721235
54.800000000000004,3.689817206340045,3.33886014485107,3.5186939575039373,4.041539193155456,4.381892212079452,4.173925656913325
54.82,3.673105543483189,3.3378756487739483,3.5389826231993755,4.064856898746163,4.377877026854833,4.153646309600179
54.84,3.649927068711696,3.329467988951375,3.551375755011812,4.079720376962762,4.382023887576446,4.140149929406069
54.86,3.6331394137357464,3.3282370928687235,3.5713166079797376,4.102943604364144,4.378224791276366,4.120011168475386
54.88,3.6091701792329696,3.333313275376099,3.583398787844533,4.118623678871288,4.382553427447688,4.106624185319733
54.9,3.5923444231238593,3.331597204128458,3.6030642779663498,4.141701134043643,4.378901045681683,4.08656402273967
54.92,3.568329378016009,3.336232080249519,3.6149081345362095,4.157222375463394,4.383347247359637,4.073227108338245
54.94,3.5514825920403186,3.334112904242096,3.6343673203983773,4.180156059224821,4.379772056789964,4.05319338587582
54.96,3.5409168455728395,3.338388043886153,3.6613043112777914,4.195518071413839,4.369243201613074,4.025781652043356
54.980000000000004,3.523046028401985,3.349676329964853,3.680243869639417,4.202542883306959,4.366013798974521,4.005245306939836
55.0,3.5122223514512085,3.3533646401919013,3.7066967883025757,4.218093665318006,4.355785750761034,3.992205112566694
55.02,3.494094103883945,3.3641180599961085,3.725190508762599,4.226213813250314,4.352817179420929,3.9716090012907457
55.04,3.4830466805836826,3.3673097555707914,3.7512291630060326,4.241871668316456,4.342811507087912,3.95850576569145
55.06,3.4647005116796965,3.3776166186465284,3.7693462437685867,4.250072070476348,4.340030241402451,3.9378158882741428
55.08,3.452754670186216,3.380398604943091,3.795035881953883,4.2658076818363675,4.330170218137368,3.909714464795771
55.1,3.447780172677198,3.390340220143492,3.8136712871426433,4.2740576617719555,4.312437645886648,3.8892488650911665
55.120000000000005,3.435402964400338,3.392792599893427,3.839014147786458,4.289842972229897,4.302092739852747,3.8613377382487797
55.14,3.4300381952995873,3.4024540734921405,3.857315191885438,4.298113414690203,4.284757564569644,3.841058673333027
55.160000000000004,3.417286693482797,3.4184481162230402,3.8823626919518355,4.313908187204408,4.274770648683868,3.8133030013837037
55.18,3.411589879873895,3.4275990805056615,3.9003768631541296,4.32215799872917,4.257752689712335,3.7923921792485653
55.2,3.398523372459976,3.4431340450890415,3.925172127136751,4.32209262897938,4.248045198805123,3.7789520457413257
55.22,3.3918362967947346,3.451860712702746,3.9429389593569097,4.330634275978969,4.231263960079708,3.7578736000730593
55.24,3.3921016637088046,3.4670169607163244,3.9683547838924627,4.331755362347038,4.221757621816324,3.7442749635129444
55.26,3.3849145258004936,3.4753966287195692,3.98585357387695,4.34048506590329,4.205146273254213,3.7230210118440707
55.28,3.3847264689466,3.4902561317803773,4.011019386641013,4.34175578121175,4.195775505948145,3.709262810650035
55.300000000000004,3.377110819276816,3.512192117009635,4.02828469724813,4.350615638714216,4.1792665335250945,3.6878346685857832
55.32,3.376541012103798,3.5272438842962965,4.0532271176186105,4.351978204196953,4.169965735926946,3.673118313878175
55.34,3.3685688155799367,3.5486506606637636,4.070285532539539,4.360909939708197,4.153496352129046,3.651557653654629
55.36,3.3676889428326384,3.563205716549781,4.09502807239911,4.362306406722416,4.129065026932497,3.6367090476406654
55.38,3.3594321368054043,3.5841676508008744,4.11273211480004,4.35536577062388,4.112010098060621,3.615027175613177
55.4,3.3576072537773443,3.5983066745708636,4.122666805643836,4.357097557772115,4.087889138792877,3.600055982515468
55.42,3.3627838136721655,3.6189007707308503,4.1404495351658746,4.350443785777339,4.071110239023524,3.5774617295870974
55.44,3.3605103964041816,3.632697074145043,4.150459943584472,4.352432454708026,4.047238161631146,3.56241438429498
55.46,3.365282762463136,3.652993050083914,4.168313403189481,4.3459926655655785,4.030671646442558,3.539737855486534
55.480000000000004,3.362635837225125,3.666512755791667,4.178388892236973,4.348166492911284,4.006987862536494,3.5246362292902758
55.5,3.3670815084109402,3.687294690981799,4.196300403409558,4.341869451285845,3.990580197156164,3.5019012720386686
55.52,3.364137925331466,3.700553351964053,4.207276977051707,4.344158511021505,3.9670345266132445,3.485978555460088
55.54,3.3683358854935,3.7211041094878867,4.225183412598397,4.337939217520116,3.9507379654888357,3.477502234555646
55.56,3.3788293825462774,3.7341636041118194,4.236133666123234,4.324329889750157,3.9263604359670774,3.461273265180063
55.58,3.382544713549351,3.7545412064147436,4.254015871495153,4.31847752944079,3.9101678372874944,3.452523126828142
55.6,3.3926030983381583,3.767451535811422,4.2649191389737675,4.305186252279572,3.8858593268148356,3.43602758585053
55.620000000000005,3.3959194110430584,3.7877024857589006,4.2827543233813445,4.299615398187329,3.8697364274347414,3.4270487863612034
55.64,3.4056247500505408,3.815151422959265,4.2935863855009435,4.286563755952274,3.845464979048155,3.410333328073003
55.660000000000004,3.422306453436308,3.834961569035831,4.2967039106251645,4.281197366126081,3.8284773720569882,3.400380446696771
55.68,3.4314352762890983,3.8619954670881693,4.30776581681745,4.268310623698061,3.804256887064796,3.3978278292723485
55.7,3.4475849293992287,3.881418259894646,4.311939809231039,4.263070599745981,3.787300002885562,3.387436823931189
55.72,3.4562209574464395,3.9080868582901553,4.323136721481491,4.250277392436066,3.763106183273729,3.38448971614391
55.74,3.471923396990629,3.9271713350336093,4.327412509568643,4.229096380925734,3.7461624880544258,3.3737223704721413
55.76,3.4808531703750765,3.953520036650031,4.338697302746865,4.2157459218750715,3.7219811346725047,3.3704431485712982
55.78,3.4961503742334132,3.9730229173180924,4.34302751646873,4.210959421337224,3.705034766329736,3.3593660043622133
55.800000000000004,3.5047074753121947,3.98507481023968,4.354351263493967,4.197592986069426,3.6799365616767825,3.3558217026156814
55.82,3.5196833735910795,4.004565726676317,4.358686767355746,4.1767430787180535,3.663017833577194,3.3444945855683472
55.84,3.5416830541449005,4.01661245540318,4.3553008564093565,4.163656745019608,3.6379274912899553,3.339955734348231
55.86,3.556105120924386,4.036103460634266,4.359919942477784,4.143053967141998,3.621035692930959,3.3428429988435515
55.88,3.5775903291592046,4.048882870602611,4.3567804255531914,4.130180848338303,3.5959504015635755,3.337864921206009
55.9,3.5915377066361485,4.068337299429117,4.3616225442376635,4.109761233264444,3.5790854089819,3.3403601271016488
55.92,3.6125915130915778,4.081071265066121,4.358668346156575,4.097039416732881,3.5693179660781245,3.3350159668523616
55.94,3.6261433018691926,4.100493541320524,4.363669004478469,4.07674409396229,3.5512209958952012,3.3371915287449476
55.96,3.6468379518560443,4.113183948670378,4.360835804705601,4.064116716943378,3.54119140503841,3.331549393724611
55.980000000000004,3.6607615287356765,4.132573071029307,4.365931551312897,4.042934202850999,3.5228280853736065,3.333472457050824
56.0,3.681122423539222,4.1452206046156945,4.363156194704072,4.0303871455164355,3.5125595785949084,3.3420197973088865
56.02,3.6947344671782036,4.165301488928168,4.353519737171673,4.009246307137092,3.493955371848146,3.343442452728342
56.04,3.7148258903757734,4.177852221261504,4.351068481694434,3.9967355714927266,3.4834795307427022,3.3515348545558554
56.06,3.728190292058982,4.197831774595778,4.341714147408742,3.9755945889720357,3.464667729136092,3.3525389980464615
56.08,3.748072074165405,4.210275480725857,4.339512257622808,3.9630814935369356,3.4531001668274053,3.360257338322411
56.1,3.7612417204195356,4.230141620003016,4.330366852728161,3.941903863843529,3.4495233072258618,3.375355940262445
56.120000000000005,3.7816652768079813,4.242463798529062,4.328342169784121,3.929349583663034,3.4374950333419365,3.3824514476796463
56.14,3.7946434418109956,4.248134622739183,4.319335218319973,3.908099213501163,3.433498646496414,3.3969805300931974
56.160000000000004,3.814898481268925,4.261364334436663,4.3026199427940535,3.8945141785591155,3.4210614739659344,3.403545315331292
56.18,3.8277296517022887,4.267139755059929,4.294017712305394,3.873210001581933,3.4166941538717346,3.4175913359296772
56.2,3.8478606744724564,4.2804579711795245,4.277651475459446,3.8595567516806213,3.403898409536386,3.423709863970575
56.22,3.8605853215258388,4.286301426442353,4.269369938669665,3.8381798119854578,3.3983152243983494,3.4373547920119303
56.24,3.8806260535331227,4.299670710640438,4.253275853065279,3.824441535133502,3.385258506718877,3.4431026653732713
56.26,3.893977175265886,4.305543413597616,4.245240430915739,3.802972622677048,3.379438547096217,3.456419453325103
56.28,3.9139135978552066,4.318928306495607,4.229345567355372,3.7891329919123713,3.3815988400270953,3.461875316073589
56.300000000000004,3.927162181725988,4.324793163768878,4.2214857627797935,3.766601663464174,3.375252258482487,3.474939805307729
56.32,3.947019536765364,4.324026196079396,4.205721351975783,3.7526944743551724,3.3769290427824172,3.49468647610807
56.34,3.9601877449518468,4.330154808579574,4.197965472725046,3.7300757182677065,3.3701213401067305,3.5072444960209026
56.36,3.9799848714146107,4.329615393859731,4.182262345963915,3.716099862826094,3.371384042798721,3.5273140664250127
56.38,3.993088647920588,4.336687074474665,4.173675238469299,3.6933946352624214,3.3641848222183883,3.5393966146994926
56.4,4.013542266862907,4.336274815626864,4.158021823383402,3.679349791576631,3.365106787527311,3.559031678098515
56.42,4.026555842366675,4.3434484672642055,4.134572855453924,3.6565604159298153,3.3575890325611875,3.5707198689449835
56.44,4.046923434056145,4.343105125819661,4.119247854911507,3.6414914795295554,3.358238922712461,3.5899981101687723
56.46,4.05985377535462,4.350323700461925,4.0960809588124505,3.618670996973669,3.365955312823344,3.601362738403359
56.480000000000004,4.080139800425799,4.349992295640172,4.081016692115367,3.603571810638031,3.3660497191638243,3.620351396635499
56.5,4.092988518443913,4.343019580660474,4.05806697226047,3.580734635949371,3.3732557530076024,3.6314562960553056
56.52,4.113192337246168,4.342960981503813,4.0432071091238875,3.5656213835822994,3.3728768823554764,3.6502158749041316
56.54,4.12665554797515,4.3362207220983615,4.020420606466734,3.5590501313337897,3.37965405057011,3.6619075953363156
56.56,4.146730303521952,4.3363688403157825,4.00482942055132,3.543576414864036,3.378881829629813,3.680450489955635
56.58,4.160054903552724,4.329796119270185,3.98219854716327,3.5357165879612538,3.3853127154050418,3.7065326649015353
56.6,4.179997559839291,4.3300781090341225,3.966738015336906,3.5199610183117716,3.384223292512231,3.724585586475173
56.620000000000005,4.193173767771374,4.323601502353802,3.9442153467527254,3.511834581491528,3.390379443602332,3.7502088154920945
56.64,4.199008558707046,4.309733649286449,3.9288408638396044,3.495836203731202,3.4036900810405193,3.7678341064104597
56.660000000000004,4.2123319904222845,4.303607068146667,3.9063903604996377,3.4874835488961495,3.4093445056644636,3.7930519278477086
56.68,4.219000569615629,4.2900425282790415,3.8910683344727857,3.471279066195981,3.423091392653589,3.8102997829387464
56.7,4.232398746857628,4.284194576458445,3.867771152667084,3.462738777801134,3.428272793726562,3.8351721868390167
56.72,4.2391163682206265,4.270862893716394,3.852510994809126,3.446373558238197,3.441592827291635,3.852874189795735
56.74,4.252556310573482,4.265216280456707,3.829247194186016,3.437692214295135,3.446382875531879,3.8773977999875147
56.76,4.259293593688477,4.252042172764165,3.8140270590085454,3.436583869585785,3.4593589346063336,3.8947596622708214
56.78,4.272744013318561,4.245778789352434,3.790776994944721,3.427485796506482,3.4638330667195123,3.918976201222032
56.800000000000004,4.279464358315346,4.232734575372973,3.77469604012645,3.425989268129409,3.476533911298537,3.9360362885277422
56.82,4.278871816082544,4.226571815660182,3.7514753529081846,3.416530006709367,3.4963656541350105,3.9607706854861076
56.84,4.285844589590836,4.21359131385023,3.7354140081220195,3.41470190454892,3.5085124254554403,3.9775104997188357
56.86,4.286191356876749,4.1931799366465174,3.712213723127346,3.404941934626339,3.52784544675346,4.001938763705828
56.88,4.2933277098013285,4.180528629333185,3.6961651975906844,3.4028431576365437,3.5395218487829774,4.018391206233095
56.9,4.293803604599502,4.160400880208916,3.6729814552154476,3.392843391844216,3.558432904793213,4.042543099726476
56.92,4.301049646276156,4.148012362839605,3.6569440711643493,3.3905353228799737,3.5697125371711005,4.058730568861366
56.94,4.301601009444888,4.128103853295132,3.632893206448506,3.3967440423354405,3.588272267913933,4.082625679515228
56.96,4.308902869306011,4.115916481607225,3.6169053854349005,3.393915565702892,3.5992224746820267,4.099353347634292
56.980000000000004,4.309476220229615,4.096162686821854,3.607944098842371,3.3996529052940283,3.6174951394990944,4.108238707439708
57.0,4.30272392086626,4.083353240937864,3.5916761359053426,3.396380897423524,3.6281805343483224,4.124997674783243
57.02,4.3035840610892295,4.063736534391828,3.5824389725374473,3.4007809500439685,3.6471206925009207,4.133911020333516
57.04,4.297074651251843,4.051038742666817,3.5659113378645664,3.397188395726169,3.6575380529644086,4.150699792799046
57.06,4.298150815247789,4.031511232620306,3.556419082751273,3.401308354141733,3.676239607022996,4.159636390784034
57.08,4.291818404319707,4.018879299616569,3.5387716831942546,3.413903167563264,3.686445698416631,4.176442909062039
57.1,4.293045864449431,3.9993980042794908,3.5290908736807,3.417439634099047,3.704961946047325,4.185388534540984
57.120000000000005,4.286826407936292,3.9867861764273647,3.5112537447353813,3.42949881466202,3.715006616452961,4.20219698225531
57.14,4.28814240188308,3.9665447077043083,3.5014150973213596,3.432531243482735,3.7333841397385346,4.21192195932176
57.160000000000004,4.2819739036190105,3.9539514031953202,3.483417173434593,3.4441324480977085,3.759019815561435,4.228667142058464
57.18,4.2692010664833635,3.9336994563197916,3.473451092884475,3.4476855425925335,3.7769543313596805,4.238307939756389
57.2,4.263339662548988,3.9210955111317576,3.455327802668702,3.4588550549516888,3.8021919076172597,4.240179536751654
57.22,4.250834875339321,3.9008061551670563,3.4452763922013556,3.462008574470548,3.8197386867519705,4.250044107529471
57.24,4.24520949795344,3.8874133667634054,3.4422071692461484,3.472824729897406,3.8455072354576747,4.2521167691826935
57.26,4.232903705010036,3.8670993909886198,3.430874929982045,3.475654573951009,3.8626536601440473,4.262170135205679
57.28,4.227442657623375,3.8536703309714504,3.4274795797551056,3.4861910728829972,3.8880424547466297,4.264407189754896
57.300000000000004,4.215266195682206,3.833309852769547,3.41583298560423,3.5052766576368777,3.904831252104204,4.274606923580456
57.32,4.209905773653877,3.8198252122368133,3.412163606877483,3.5152322831731886,3.929879657098303,4.276965131943701
57.34,4.197072082409021,3.7994065038730005,3.400255378363581,3.5337815623612028,3.9463463106585244,4.287267726395959
57.36,4.191787926734723,3.7858534376402746,3.3963650185163563,3.5432385733778875,3.9710868391281178,4.290494659862959
57.38,4.178992809708221,3.7646022564500825,3.384248923119217,3.5613307998402615,3.988154104656312,4.300807763163423
57.4,4.159556838663467,3.7510082307228325,3.3801879972600983,3.5703656622747904,3.9967755106540097,4.304019603142643
57.42,4.147063120922976,3.729700512539139,3.3831140451084667,3.5880784873154314,4.01386174133465,4.299444497317272
57.44,4.127896392524529,3.7160656419516673,3.3785960140020848,3.596765380058762,4.022504574355375,4.302929141529481
57.46,4.11564150412164,3.6947033180222255,3.3811014435759414,3.6141657288661153,4.039614366690565,4.298591347301935
57.480000000000004,4.096684140209912,3.6802739388319976,3.37531546499815,3.622568823539854,4.048280715495693,4.302288903895369
57.5,4.084610206202575,3.6588964986516714,3.377506756096897,3.639713123278419,4.065413988727641,4.298128634732949
57.52,4.065074433879514,3.6444481392151236,3.3714276222492856,3.6478867943808444,4.0741012949850095,4.301980016185808
57.54,4.053157486883673,3.62305706014857,3.3733678184469817,3.6648310943080684,4.091253529286738,4.297934667802183
57.56,4.033742420079895,3.6085983453756856,3.382303007621425,3.6728286218965853,4.100857273745159,4.3018781248455635
57.58,4.021935556995761,3.6017012219513815,3.383714994069094,3.689623161423561,4.117967503251559,4.297895132119178
57.6,4.002596269605271,3.586921618582047,3.3921639536770747,3.698435372280067,4.127512312224632,4.301879073046125
57.620000000000005,3.990857140378163,3.5789699447135987,3.3931223541357194,3.715076253972172,4.144576340758375,4.297902009262365
57.64,3.971553266381741,3.563936485791906,3.4011595737295894,3.7403791732081006,4.154056322259588,4.286937578954267
57.660000000000004,3.9591116411047675,3.5557451532703794,3.4017373693726762,3.7565391893754456,4.1710599442002,4.283245851478146
57.68,3.9398381509597398,3.540487412458259,3.409433729999936,3.7813895071241057,4.180459439348398,4.272524873815122
57.7,3.927410269469241,3.5320876977955518,3.4096999992543395,3.797125731465192,4.197385215489407,4.269047361218125
57.72,3.9081377739384386,3.5166415624292924,3.4171234861368256,3.821577172563614,4.206685590111476,4.258504373901384
57.74,3.8956962649304696,3.5080706706290457,3.4324379921134165,3.8369395758230627,4.223513172155319,4.255176792566467
57.76,3.8764000647894994,3.491711975225825,3.439312636095577,3.8610388188147264,4.232693129950626,4.244749291220122
57.78,3.8639223458001655,3.4830412682894307,3.4541185477836756,3.8760704215466064,4.23439382712706,4.241510400767518
57.800000000000004,3.843843446060982,3.481147450938771,3.46051807391191,3.8998575177840697,4.2437312408200825,4.231144004267309
57.82,3.8313394340075013,3.4720873114371096,3.474890319889997,3.9155261389445912,4.245559160301099,4.212952134580223
57.84,3.8112133337217506,3.4698308050403934,3.48088752781805,3.9389840428720198,4.255018084748077,4.202116146320378
57.86,3.7986703641482853,3.460434613377116,3.4949007737777524,3.954326101313989,4.256937064653717,4.184256110751152
57.88,3.7784828727590196,3.457869431890591,3.500567670749974,3.977487972127388,4.266470895869879,4.173720477385392
57.9,3.765889257995043,3.4481915252831463,3.514287206779501,3.992533793444911,4.268434210864691,4.156128619160015
57.92,3.7456346510211875,3.445372550330837,3.520559527352721,4.015426564109754,4.2780000796541255,4.145831377688161
57.94,3.732244664101523,3.434710644720193,3.5339997110493155,4.030205396342242,4.279964929428518,4.128448069135576
57.96,3.711955104731581,3.431727614645973,3.5553780062666283,4.053797831642101,4.27355826996508,4.118327475768189
57.980000000000004,3.698524326128735,3.43552635912919,3.5682532994092737,4.068268256479157,4.275841932435884,4.101093461737851
58.0,3.678198421601895,3.432105456805919,3.5891097317832545,4.074800837166858,4.269717278444597,4.091096510880676
58.02,3.6647315931408437,3.4355008382195065,3.6014979971668932,4.089355027970996,4.272259889214926,4.073961302964585
58.04,3.643638901838379,3.4317063719154834,3.6219028908822626,4.095956371157656,4.2663577957922705,4.064039395930995
58.06,3.630175064059533,3.4347592105438896,3.6338713626040837,4.110587975647934,4.269100745621062,4.0461386897922536
58.08,3.6090759466478097,3.430651164878673,3.653888799469341,4.1172499030074245,4.263362960356577,4.0362812550499445
58.1,3.595622959278261,3.4334247118702605,3.66549837953972,4.131948693679888,4.266244639235801,4.018412351893297
58.120000000000005,3.5889142710364634,3.4437116809200377,3.685186204207391,4.138659371195909,4.260610536337145,4.008581203245107
58.14,3.5751648121531017,3.445940113721437,3.6964915329107297,4.153411611747757,4.263575665334009,3.990707612237533
58.160000000000004,3.5681736893135896,3.4557264416731823,3.7159013039588324,4.160155890972797,4.257990502983539,3.9808686875939068
58.18,3.5534188466485745,3.457483847021432,3.727816547677505,4.175893334457783,4.260985578521481,3.962958287713199
58.2,3.546209774316003,3.466838415921822,3.746944627293954,4.182600778608682,4.2554011482747125,3.9530777710270515
58.22,3.5312398801754434,3.468196891094501,3.758593898193079,4.198293894919707,4.242325270801872,3.935099209589915
58.24,3.5238460095724617,3.47719370572049,3.7774900090469083,4.204945546465019,4.237048315137507,3.924332884503891
58.26,3.508695408981472,3.4782214713419175,3.7889154452421017,4.220574446263574,4.22424431510581,3.9063027108956385
58.28,3.501148445334438,3.4869269782361196,3.807618611532249,4.227148856002593,4.219205833107878,3.89547375582419
58.300000000000004,3.485850392398614,3.487689086393409,3.818856339596822,4.242691202862413,4.20660644874432,3.8773745166710154
58.32,3.477450766481148,3.4961664113047872,3.8373997026008775,4.249164513352701,4.201745135171715,3.8664673324318626
58.34,3.4765314326780548,3.5114412766110825,3.8484801310062804,4.264595761436181,4.1892909770351086,3.848281606347317
58.36,3.4677515138176425,3.519418547123392,3.8677635494829814,4.2709421221912285,4.184548795286797,3.837281031453468
58.38,3.4664888623045207,3.5342374591026995,3.878658337891801,4.269347929193015,4.172183821666556,3.8181805640364876
58.4,3.457379809951432,3.5417897724897736,3.897768906297816,4.275919671895546,4.1675062814246715,3.8071152567766022
58.42,3.455821459316901,3.5562250614733872,3.9085027340812526,4.2745191686882915,4.155173595582011,3.7879331035754795
58.44,3.446431786837888,3.5634181285820263,3.927462636798761,4.28126945347266,4.134387413428843,3.776800255885779
58.46,3.444630066010846,3.5775333025224723,3.938054713357582,4.280015960153954,4.12240037546367,3.757535478967714
58.480000000000004,3.4350124546670022,3.5844281370852737,3.956880710321703,4.286898029618904,4.101915916801457,3.746336544587514
58.5,3.4322916584380674,3.5982820003187808,3.967345009069871,4.2857452626921,4.089279839203354,3.726992395111415
58.52,3.43704742679771,3.6049310945947406,3.9860488445118585,4.293669085440356,4.06908472372683,3.7149036503276123
58.54,3.433888725290494,3.619323962912636,3.9963944959534445,4.292511438965772,4.056714927212206,3.6955163252675876
58.56,3.438243180187125,3.6257362935148634,4.014991809014059,4.300413472858657,4.036757090188094,3.683386408243593
58.58,3.4347086046744346,3.639921947305048,4.0260951081505,4.299206453649091,4.024598917894138,3.6639660025752248
58.6,3.4387267190559228,3.660944244451496,4.044536952749229,4.290081482456726,4.00483059131412,3.6518066117054873
58.620000000000005,3.434876957781453,3.674646726658836,4.0554735380939615,4.289166123969391,3.992838325972572,3.6323667204810812
58.64,3.4386184376151854,3.695227263535849,4.073760703215341,4.280296604530748,3.973216542032775,3.6201930676145695
58.660000000000004,3.4345126050308,3.7085061941956896,4.084529770267871,4.2796118930575915,3.9613491314172737,3.599928108460003
58.68,3.4380355762889296,3.7287014367793745,4.102659217186401,4.270938031491715,3.940900432217345,3.5877925035358027
58.7,3.4483021473490303,3.7416103123142133,4.113256179935414,4.270424901678665,3.929158305343738,3.5828084895443606
58.72,3.4513345206025807,3.7614705737660263,4.131221289206079,4.261883663385161,3.908803333603195,3.570385737589086
58.74,3.4611506760673723,3.77405671187529,4.141638203355242,4.261480539783317,3.8971555438547867,3.5651311975798965
58.76,3.4637609961030384,3.7943703936321995,4.1446787502186115,4.253017001642557,3.8768649991866124,3.552456885890824
58.78,3.473193998391848,3.8066304505244584,4.155205558050464,4.252674468560937,3.865284764112196,3.546968448342931
58.800000000000004,3.4754513715085453,3.826644407326771,4.158332060341193,4.243277712955811,3.845033761252867,3.5340801554160914
58.82,3.484568489446792,3.8386233559286747,4.168939910946232,4.242992906245843,3.833494074457939,3.528396401562135
58.84,3.486534811932786,3.858375502056154,4.172117907289268,4.23361890091188,3.8132580586035734,3.514510858789977
58.86,3.495396540085554,3.8701082475311157,4.182771950107359,4.233343714700097,3.8008017002808687,3.50870758781978
58.88,3.511748694801418,3.889630799765713,4.185971009868099,4.2239453496697505,3.7806039112170455,3.4947039353284235
58.9,3.5200827064259377,3.9019012238702837,4.196639875179052,4.206560887290339,3.7681767523195617,3.4888150523952026
58.92,3.5359460380963315,3.921176973814484,4.199832469542005,4.1974695232371895,3.7480061160230025,3.490052590978965
58.94,3.543824226814154,3.9332025290115054,4.210487361227288,4.180361969982664,3.735598891934783,3.4837751853085406
58.96,3.559268137023749,3.9522570222982965,4.2136403819402295,4.171520622435209,3.715448302858361,3.4846528188359738
58.980000000000004,3.567483895493071,3.964060748270909,4.224247556382408,4.154635134035879,3.7030555555806144,3.4780410088029887
59.0,3.5825298585501817,3.9829181060439014,4.227327272070707,4.145990532135312,3.6829218277964255,3.4786165222889154
59.02,3.590370407191083,3.994521720635265,4.222152653318107,4.129276052824033,3.670542182326441,3.4717279208720417
59.04,3.6050801215918136,4.013196598963965,4.225473444486919,4.120778871961342,3.6494753862792484,3.4720550233028886
59.06,3.6126045537362126,4.024612744940361,4.220508437065959,4.104188489900792,3.6371509915410356,3.4641268292090186
59.08,3.6270346578073624,4.043867217421016,4.224020328908441,4.095788298518157,3.6161241395004566,3.464291783028802
59.1,3.634292548783861,4.055058368369266,4.219218908718518,4.079273789101576,3.603855705675548,3.4715898181206715
59.120000000000005,3.648494021036978,4.074093152909166,4.222876563536821,4.0709297736145595,3.599213735868579,3.4712997511722192
59.14,3.6555379983128997,4.085066826120863,4.2190803087110345,4.0534748772426035,3.586643661557908,3.4781776097743857
59.160000000000004,3.669557115766824,4.10388758402346,4.2227880279508145,4.04519948095739,3.581706998089734,3.4774939292052656
59.18,3.6911408325714756,4.114651219163905,4.219006441485298,4.02778131733595,3.5679248827165,3.4840122897718935
59.2,3.7046916433749773,4.133263521826086,4.22271212176039,4.019542023894415,3.5627622496541704,3.4829897510225765
59.22,3.7258353049813167,4.143815776655423,4.218010806820751,4.002124645724487,3.548752638397091,3.4892030801196143
59.24,3.739694998659823,4.14722973443307,4.221716036134083,3.9938832313726764,3.543391697126377,3.487899285383484
59.26,3.7604059858947214,4.158653550200711,4.216984845996086,3.9764362303596674,3.5291831895098884,3.493867530277746
59.28,3.773846882854397,4.162119539168409,4.204864876259249,3.9681688375559694,3.5236535396607795,3.507764864625619
59.300000000000004,3.7941771994046145,4.173587578875307,4.200415801753314,3.950670197350473,3.5092767282508044,3.5131986012557843
59.32,3.8072482407671004,4.177083554003275,4.1885464203467375,3.9423573003281587,3.5036097652675404,3.52660101588793
59.34,3.827239785156463,4.188573086742374,4.184323106659471,3.9247891994582678,3.489096879636162,3.5315668506581166
59.36,3.83998015998436,4.192075158613352,4.172649538803934,3.9154333248956026,3.4833256239208277,3.5445390516819186
59.38,3.8596692464656677,4.203561631158525,4.168598362736107,3.8978288706882482,3.468706269865074,3.5491000414504725
59.4,3.8721127190066316,4.2070442398055485,4.157063347857721,3.8884290856563686,3.4619273075149404,3.5617031034623383
59.42,3.8922527821823034,4.218501607576813,4.153128894150008,3.8707781156299292,3.4637298671504855,3.5667283459333357
59.44,3.9043840036670567,4.221941608589751,4.141683916571885,3.861320769081226,3.4565726578887213,3.5789755693875334
59.46,3.9242318761762602,4.23334632301048,4.13781893357742,3.843611355416145,3.4580374412670145,3.583666690158313
59.480000000000004,3.936082596221642,4.236715153035516,4.1264185521860925,3.8340915777061237,3.45055371630612,3.5956169841626853
59.5,3.9556629492441906,4.232964661688151,4.122578866430343,3.8163209252274064,3.4517285080409685,3.6000306206505517
59.52,3.967255164118794,4.23733199586972,4.111180916384646,3.8067375771123575,3.44396621803071,3.6117386190560223
59.54,3.986587889281716,4.233744254214289,4.091469180405353,3.787925861516286,3.444898733313164,3.6159270646423445
59.56,3.998673671802524,4.238257748412889,4.080393507978239,3.7783237605980755,3.436901436383735,3.627443026579186
59.58,4.017734935421822,4.234792628384422,4.060959514108894,3.7594784308176514,3.437634680844364,3.6469746488466934
59.6,4.029545975999971,4.239412686513127,4.050150177193675,3.7498624550493913,3.4294501482868816,3.6580004986600745
59.620000000000005,4.033506800379527,4.236026196256807,4.030945497943543,3.730989712660144,3.43003125742148,3.6770736915801066
59.64,4.045385512517217,4.24070947501379,4.01945085990687,3.7213677570274712,3.438241874372718,3.6876667982885647
59.660000000000004,4.0494071152512765,4.237358545814993,4.000474952062426,3.7024728191000356,3.4383475549963474,3.706336269479276
59.68,4.061345049194989,4.242057751787415,3.989187982586501,3.692851415383755,3.446118337088193,3.7165485027532283
59.7,4.065417428367371,4.238695895528653,3.9704012960273225,3.673946520307726,3.4458097065437774,3.734863561388059
59.72,4.0774032840836485,4.2433702205107,3.9592841010084783,3.6633609062668855,3.453200995980062,3.744741625347106
59.74,4.081513697848619,4.239956948626166,3.9406509905218354,3.6618675717963605,3.4525322488672097,3.762746497033536
59.76,4.093533625933655,4.229406212860508,3.929664477869462,3.6509496075968197,3.459597914115733,3.773139985155098
59.78,4.098400099871284,4.22624208181518,3.9111479575112202,3.6491544829876847,3.4586260702384046,3.7908283699737693
59.800000000000004,4.11040144096338,4.215913675527259,3.9002625964191084,3.637935868404636,3.465425833666442,3.800918182030712
59.82,4.115232219924215,4.212949397543407,3.8809307201248036,3.635871431260755,3.4807969524404894,3.8183324643762724
59.84,4.127198158086363,4.202791423226761,3.870161123389324,3.6243813811565433,3.487012106956905,3.8281547229626853
59.86,4.131975579274835,4.199971306803337,3.85091896704367,3.62207721255015,3.5018380085088,3.845328292481913
59.88,4.143887274409025,4.189160146462409,3.8402438182128393,3.6103503717289875,3.507535683395422,3.8549139905470735
59.9,4.1485917638250935,4.186474755985537,3.8210682129971594,3.607841662958823,3.521881495583734,3.8718753811191298
59.92,4.160424937140297,4.175766363791842,3.8104663602944067,3.595913873440863,3.527125010288392,3.881250796589343
59.94,4.165031722724143,4.173170999501365,3.791341597702552,3.5932368741512133,3.541052000886084,3.8980239239941876
59.96,4.176764845780623,4.162521766337242,3.7807994506780638,3.5811449899998795,3.545900781236218,3.90721084081318
59.980000000000004,4.181252016692182,4.159974418812379,3.761713591299139,3.5783368428118933,3.559466286936232,3.9246246743590016
60.0,4.1779051313109274,4.149343512232224,3.75031495489664,3.56611853465307,3.5639758005767983,3.933592186004029
60.02,4.182586269034172,4.146805123362944,3.731301780269111,3.562224162810084,3.5772370002853298,3.950797628883516
60.04,4.179407825279927,4.136150030125129,3.7199702002625887,3.567440148265541,3.581457316391797,3.959563498440246
60.06,4.184243438501927,4.118323524581874,3.701018958913006,3.5631295868046053,3.594458107702439,3.97657629938708
60.08,4.181934014361924,4.107951203469502,3.6897457242034277,3.5679662069337716,3.598436484454594,3.9851539315740796
60.1,4.1868454870276,4.090386897130871,3.6868951343842995,3.563290181046252,3.6112219955601983,4.001989219089455
60.120000000000005,4.184586169983646,4.080254994396845,3.675319762641635,3.5677974691156273,3.615001706604857,4.010391098869674
60.14,4.189535454837671,4.062908683205165,3.672189048443858,3.562805628337634,3.6276131129325266,4.02705608462903
60.160000000000004,4.187288682013194,4.052974516381991,3.660328841769527,3.5670325431131022,3.631233490679846,4.03528746399798
60.18,4.192238303025167,4.035026118637442,3.6569366923724322,3.561773518863078,3.643708038491911,4.051785918960462
60.2,4.189967171122417,4.025286529590574,3.6448079100455604,3.565767886302383,3.6639392696397857,4.060659803592192
60.22,4.179854718977435,4.007502411363444,3.6402595349803617,3.5602890835813166,3.675940406976506,4.076945890160321
60.24,4.17785989558313,3.9979228110416756,3.6279286414680465,3.564092687859358,3.6966556360460987,4.08559720843549
60.26,4.16799056155269,3.980265271694771,3.6231883648348426,3.558435936989603,3.7081779239550774,4.085936884663711
60.28,4.166221866453248,3.9708099409036675,3.6106775286469253,3.5620986635242557,3.7284399555486436,4.094720606222954
60.300000000000004,4.156546372466434,3.9532501498653048,3.605768378232413,3.5563126417739146,3.7395308051746685,4.095177988490301
60.32,4.154214568173942,3.943892312999859,3.5931015602756045,3.559877415647134,3.7593847151338355,4.104073058313044
60.34,4.144725131105636,3.9264015796762632,3.5880483859721486,3.5716045848151468,3.7700863839544096,4.104622669130253
60.36,4.14256046655687,3.91633353690035,3.5752512331329913,3.5747199095140165,3.7895719007417155,4.113603016133203
60.38,4.133212197845154,3.898928073376124,3.570076843858656,3.5860335983714835,3.799921293130748,4.114221956090594
60.4,4.131166809780755,3.888935696773687,3.5571725885933847,3.588755858077783,3.8190730579229446,4.1232642037960305
60.42,4.121913156058902,3.8715977489735547,3.551904915139615,3.5997110662210527,3.8291023059962552,4.12392834874064
60.44,4.11994575618666,3.8616647776617867,3.554161954909931,3.602093525321705,3.847950336868538,4.133008018718338
60.46,4.1107468155581115,3.844379955820777,3.5485115632624593,3.6127376451867987,3.8586180531515155,4.133692275132642
60.480000000000004,4.108818522271818,3.834488566892798,3.5504083313517243,3.614825642127466,3.8771348243170785,4.142789099932495
60.5,4.099636859955479,3.8172406631639673,3.544416798933952,3.6252117344122,3.887472243693936,4.144293968195388
60.52,4.0977113030817165,3.807381525953778,3.5459949778537485,3.6270565856709416,3.9056838197552213,4.153336426307788
60.54,4.088516251362888,3.7893756655859177,3.539703908896936,3.6372296323015156,3.915719016342972,4.154765901062714
60.56,4.086563392007463,3.7795773470809646,3.5410017505493108,3.638874461984568,3.9336504119297167,4.163728156520993
60.58,4.077317955672175,3.7616166580298143,3.534449060043007,3.64887611644326,3.9434024299805484,4.165056470454372
60.6,4.060168943258567,3.7518756184298323,3.535508362106365,3.6503607040933685,3.9610704318549335,4.158059065176439
60.620000000000005,4.051181993492512,3.73395800427562,3.5287355130594995,3.6602292494471222,3.970554321748955,4.159614725196836
60.64,4.034259374204972,3.724273845165026,3.5295976698331906,3.6792853340730587,3.9879719854362365,4.152816505680875
60.660000000000004,4.025490197332,3.706400245436912,3.5226456046736505,3.688661993898657,3.9971992008498334,4.154557541103509
60.68,4.008754762801393,3.6959942945772988,3.5233512803682885,3.7072550619585503,4.014375882235243,4.147916828932312
60.7,3.9994121145882833,3.693662126274568,3.53248125413728,3.716189408762868,4.023354376790584,4.149802254594653
60.72,3.9828608117413187,3.6829931115975536,3.532702583909633,3.734366714897513,4.041226397282585,4.14327462841591
60.74,3.9736867321654197,3.6804197609400084,3.5413837072396612,3.7438793967038895,4.049905004614016,4.14526584717627
60.76,3.9572875003022636,3.6695076250302576,3.5411754042746857,3.7616337641684234,4.050565769875793,4.138816740267534
60.78,3.948251423194987,3.666713950207481,3.5494662123330327,3.7707341046422367,4.059333735421954,4.140875166239266
60.800000000000004,3.9319755637551874,3.6555803747915103,3.5488852940117326,3.7881092885432963,4.060066671677691,4.134466660041587
60.82,3.9230503138508332,3.652588926200003,3.556836759820754,3.796838931479055,4.068907745595955,4.136555362021973
60.84,3.9068725102046615,3.6412572655972144,3.555933303661379,3.8138741525719158,4.069695857136827,4.130151074291366
60.86,3.8980343099686956,3.638092155858282,3.5635942153249047,3.822270112815427,4.078592128874229,4.132234741275033
60.88,3.881177641217107,3.6265872519340534,3.5624160478314293,3.839000046946416,4.079416902880648,4.125799979083575
60.9,3.8724402836119585,3.622487507343672,3.5698328613711934,3.847094898436122,4.08834904563453,4.127840894919309
60.92,3.8556628149045915,3.6108700630576727,3.5684216360664087,3.863549874169822,4.0891906932961835,4.121339114685738
60.94,3.8470047485567584,3.6066709101975,3.5756344619459326,3.8713719330723344,4.098138186157405,4.12330606971322
60.96,3.830286763472367,3.594965830527422,3.574033464923382,3.8875781028713936,4.098975840348201,4.116706772905497
60.980000000000004,3.821694123482801,3.590692652868755,3.5810840727489324,3.8951516464545257,4.107917207425301,4.10175367324096
61.0,3.805023171276622,3.5944812197010916,3.5956719666615475,3.911131247558211,4.108729196858068,4.095427493637959
61.02,3.796481250667647,3.589812131508863,3.6022340986379926,3.918476621492857,4.117638487136615,4.080715341882472
61.04,3.77984442826951,3.5932354450651753,3.6163691704852,3.935230473966534,4.118398878088568,4.07462063619409
61.06,3.770588380839193,3.588211453976233,3.6224954718849185,3.942305998978426,4.127258967335501,4.06010896347371
61.08,3.7540155608232975,3.5913066067624575,3.636232890365329,3.9588017327163096,4.127950705977268,4.054202778272779
61.1,3.744820989660263,3.58596519699824,3.6419766236576194,3.965625242018422,4.136738580945637,4.039850364108127
61.120000000000005,3.7283080993663558,3.58877302628882,3.655362748862184,3.9818790399762167,4.137338795675652,4.03409709196256
61.14,3.719172152564421,3.583154926950647,3.660768357458359,3.988464684927613,4.146031321930579,4.019869576375672
61.160000000000004,3.7180237260947773,3.585715764563822,3.6738458594129226,4.004489149722045,4.146517147530218,4.014236509964415
61.18,3.7086026709974482,3.5798609768679253,3.6789541151477736,4.010847634906695,4.138985942771453,4.000102319668323
61.2,3.707188500344899,3.582214193106742,3.6917620057038945,4.026652076832852,4.139664128235037,3.9945643504110713
61.22,3.6974987286079246,3.576161827548527,3.6966100494013907,4.032795433541213,4.1322999026255784,3.980499245357953
61.24,3.695081911919049,3.577564896091763,3.7091837296895447,4.048390807141808,4.133131862121771,3.975029126540548
61.26,3.685179096692724,3.5870351684571613,3.713801058434251,4.054323275018592,4.125896838514887,3.961003146510432
61.28,3.6825552438306257,3.587987609858839,3.726168780341634,4.06971271214384,4.126845216201913,3.954737570720901
61.300000000000004,3.672453419966416,3.5970390844985562,3.730585748439244,4.07543590755268,4.118750698057338,3.9407697907461166
61.32,3.6696376511866666,3.5975890400787227,3.742776191906617,4.090620082007227,4.119823552398971,3.9345487196106066
61.34,3.6593525698975484,3.6062687476973374,3.747019744475146,4.097117824934828,4.1118271320736675,3.9206148271249908
61.36,3.6563654083561774,3.6064623049754374,3.759058219455567,4.094073462752412,4.112994991028048,3.914419953924728
61.38,3.6459181888131167,3.614815180859171,3.7631564801240884,4.100695805056043,4.10506722147179,3.9005032163786915
61.4,3.6427813838618395,3.614696309393835,3.7759620634962423,4.0977608537774115,4.106296889360662,3.8943190818726885
61.42,3.6321943063483566,3.6227651381471597,3.77988374033814,4.104493241076262,4.098405214888561,3.8804055811423557
61.44,3.6289307142021743,3.6223797189176485,3.7925274779838642,4.10165170789835,4.099665254044579,3.8742195159335058
61.46,3.6174741223692033,3.6302091595548447,3.796293909659397,4.1084725890091125,4.091778937604609,3.8602981070362694
61.480000000000004,3.6141418815025257,3.6303768579311924,3.808795478984542,4.105702361547615,4.093039757777777,3.854096230034182
61.5,3.6026163909863547,3.637961159100714,3.8124285085816783,4.11258942671872,4.08512992195916,3.8393199743026716
61.52,3.5992416064687895,3.6378973453985686,3.8248081496673594,4.109867745185648,4.08636381949269,3.833133556264632
61.54,3.587669441367188,3.6452762517447796,3.828321778236858,4.1167981839778385,4.0783992661876995,3.8183571109360397
61.56,3.5842705720163055,3.6450191902577305,3.8405920012207275,4.114101847176883,4.079576191792407,3.812181062133261
61.58,3.58811412467538,3.652229676197896,3.8439971710653915,4.12105247989878,4.071532404016888,3.7974003750343566
61.6,3.5843696827979747,3.651814682911081,3.8561675359956955,4.11835798581486,4.072629116243668,3.7912317948016847
61.620000000000005,3.587889921633466,3.6588906611716268,3.859472321754503,4.125305468701524,4.064483657702936,3.77644491887917
61.64,3.5838375830712788,3.67411805443358,3.871549630951697,4.122589260415552,4.065479026689168,3.7702830925961597
61.660000000000004,3.587071976227417,3.680736752693097,3.874759305311393,4.129510302549486,4.057211601159957,3.75549038412674
61.68,3.582748651561738,3.6955337933022556,3.8867475404000467,4.126748956616412,4.040850163892619,3.7493368455228535
61.7,3.5857337394669044,3.7017397877377074,3.8898648163830676,4.133620500656209,4.032828643572868,3.7345410113816486
61.72,3.5811754572541403,3.7161491823439983,3.901765652081458,4.130791044577364,4.016695663890338,3.7275639870160973
61.74,3.583946975433256,3.7219832710278324,3.905697522326934,4.137590721292704,4.008887784005398,3.7128101227317516
61.76,3.5791846253194977,3.7360439895135475,3.917460841251893,4.134675403927677,3.992947823353046,3.70587744717969
61.78,3.581773603648135,3.741547463922582,3.9212458919420223,4.141386067954842,3.9853200600638776,3.707431314350409
61.800000000000004,3.5768416756465693,3.755298987661795,3.932872220211451,4.1383624651456,3.9695458880647347,3.7001861142616757
61.82,3.579282052758563,3.7605047225914343,3.936510076134139,4.14496230701571,3.9620721643119565,3.701450258626914
61.84,3.589725297847267,3.773978219959146,3.9479978189619653,4.141808776588704,3.9454707234521513,3.693915108150262
61.86,3.591701234234341,3.778915534007066,3.9514860692685594,4.13011029968412,3.9381722048082537,3.694907798211184
61.88,3.601710211211099,3.7921385478085976,3.962831706492948,4.127207478606391,3.9217215094626403,3.6871018008809537
61.9,3.6032683252150606,3.7968333544747326,3.966166292560137,4.115736721461116,3.9145775970961716,3.687846989916116
61.92,3.6128884077329086,3.8098302270239968,3.9773648484624564,4.11304755765124,3.8982581828199443,3.679794472832141
61.940000000000005,3.6140729598524013,3.8143052990834176,3.980540210288929,4.101768579276468,3.8912508861344812,3.6803167977017766
61.96,3.6233471395860586,3.8270973064893328,3.9915851972558403,4.099257953880704,3.875045939016865,3.672042722601142
61.980000000000004,3.624199975391731,3.8321546774514483,3.994594408292107,4.08813679665028,3.8681598962311163,3.6723673692091077
62.0,3.633168789803218,3.8447175342726556,4.00548195740539,4.085771603568744,3.8520552225839695,3.663897193863994
62.02,3.6337329486876957,3.849546523640819,4.008320849776551,4.074776390282872,3.8452776637716704,3.66404975447612
62.04,3.642438102122084,3.861899127197192,4.019041618204417,4.072525648740778,3.8292616498402743,3.6554093048290377
62.06,3.6427499344604946,3.8665171803221967,4.021700645926382,4.061626646008367,3.8225823496883953,3.65457215888674
62.08,3.6512264256018137,3.878675396418062,4.032244507477467,4.059461521459914,3.8066459105795607,3.645829892245863
62.1,3.6513156283174575,3.8830969874054406,4.034713446376212,4.048631176965397,3.799080899889606,3.644904589528294
62.120000000000005,3.659591774084281,3.8950737751311784,4.045069688605321,4.046525039779896,3.7832602621699785,3.6360788270500497
62.14,3.6594900808933466,3.8993105542145803,4.047337827117456,4.034733960120555,3.77580795936718,3.6350842961395653
62.160000000000004,3.667596205502404,3.9111161653357596,4.040783184981546,4.032705964962522,3.7775008904177465,3.626198279511743
62.18,3.6673326812548575,3.915177205873462,4.043205043818396,4.020969643932957,3.7697636761981084,3.6251576116281052
62.2,3.675296466759781,3.9268195180835233,4.0367826424644955,4.018997628952191,3.771190630338654,3.632639365107773
62.22,3.6748975565992765,3.9307117247628205,4.039330996510359,4.007294611998738,3.7631826572273193,3.6312085990517753
62.24,3.682743936010467,3.942196363663331,4.033013842873532,4.005358368795879,3.764358350639194,3.638328043376342
62.26,3.697893646978801,3.9459243926192094,4.035662228416641,3.9936693680904387,3.7560947340067337,3.6365451312712587
62.28,3.705295751966772,3.9572547410740286,4.029424135057556,3.9917508573985,3.7570349196746,3.643339360389564
62.300000000000004,3.7200281706346647,3.9608209822793636,4.032146957890329,3.9800587567468817,3.7485319259624554,3.641240688796193
62.32,3.7270217911854515,3.9719984141891747,4.0259626493890375,3.978142106709927,3.749253440363386,3.647745295821355
62.34,3.74137096479501,3.9754034952176696,4.028735286746305,3.9664319590078474,3.7405283829330744,3.645365846679698
62.36,3.7479885525732004,3.9872080550777254,4.022580501204352,3.964503457960477,3.7410490348733334,3.6516149613346727
62.38,3.761985252244248,3.9904060493671833,4.025383413303314,3.9527624752524786,3.732120160088343,3.648988209822095
62.4,3.7682597923571373,4.002008168845189,4.019238473973305,3.9508105766155883,3.732458612744353,3.6550144021108104
62.42,3.7819348882105595,4.004999184875988,4.022048773026197,3.9390281482011464,3.7233449778823675,3.6521722399594245
62.440000000000005,3.7878920375508103,4.016398401554783,4.015891256958238,3.937043442563688,3.722554305743278,3.6580064675750115
62.46,3.8012696751960444,4.019181056265152,4.018687328699735,3.9252110662167694,3.7133245439111002,3.6549745274322207
62.480000000000004,3.806932207975945,4.030375489228787,4.012496119534363,3.9231808244878885,3.712428241588456,3.6606413625073895
62.5,3.820781567783182,4.032947085010521,4.015257697170909,3.911287359385821,3.703099696864907,3.657448608677319
62.52,3.8261261994623257,4.043937754987586,4.009013031742325,3.908209103517121,3.7021153310048813,3.6629797582988473
62.54,3.839672531358952,4.046298065231908,4.011721231117652,3.896301083844138,3.692700740126012,3.6596565620692476
62.56,3.844719983139316,4.057080314847,4.00539989658176,3.8932079829551074,3.6916419403832177,3.6650775591644775
62.58,3.8579827140130862,4.059224095645998,4.008032339286842,3.881281829883345,3.682159639548832,3.6616486051127337
62.6,3.862750911401474,4.0697924816646225,4.001618063852093,3.878171046461559,3.681044895663018,3.6669830544522966
62.620000000000005,3.8757467280751077,4.071713770828312,4.004159416106491,3.8662248265135917,3.671513295069903,3.6800338420359124
62.64,3.8802509445128175,4.0659601797582585,3.99763744580178,3.86309519918453,3.670361121397816,3.6849339667414105
62.660000000000004,3.892993843674824,4.068011367772654,4.000074041055545,3.851128608773421,3.660798445711504,3.6975770409729223
62.68,3.8972467545312055,4.062370345171011,3.9934314055903135,3.8479805815248076,3.6596270122449948,3.7020792398808307
62.7,3.9097484947685297,4.0645284973944165,3.9957512447305787,3.8359948716221557,3.667652520679567,3.7143495524148573
62.72,3.9137606289005253,4.058977468619978,3.9889765272999513,3.832830413739744,3.6660851164335173,3.7184872259096546
62.74,3.9260307961164127,4.06122024482487,3.9911691723385494,3.82082814184246,3.6737412811698538,3.7304166475581853
62.76,3.9298105963988528,4.055737291104751,3.9842525340858472,3.817650380372324,3.6718126843095074,3.7342202969139415
62.78,3.9418567867618868,4.05804304907794,3.986309127589645,3.805635350427952,3.6791336078178927,3.745837984456514
62.800000000000004,3.9454107941929615,4.0526070072397635,3.979242321778899,3.802448782773966,3.6768773266561032,3.7493354376659096
62.82,3.957238798432216,4.054954900711188,3.9811555954033273,3.7904261072514718,3.6838957861761727,3.760667907118185
62.84,3.961326329458557,4.049545456975114,3.9739319738528547,3.787236498469979,3.6813439696717554,3.7638843939697955
62.86,3.9728991830523515,4.05191924628236,3.9756962498807393,3.7752124869571055,3.6880913320694186,3.7749589902215037
62.88,3.9767258792356452,4.046520746625743,3.968310779362517,3.772026754967698,3.6852746860101457,3.7779206452701506
62.9,3.988048642944422,4.048900974544734,3.969922001704966,3.7589959843756984,3.6917808475880474,3.7887583866119847
62.92,3.9916189583920123,4.0434945924392185,3.9623712479731004,3.7558687044172747,3.688723730636198,3.7914850509014273
62.940000000000005,4.002695164430986,4.045862882751443,3.946815260368462,3.7428855824827783,3.695012057458579,3.802950204388281
62.96,4.006012088374147,4.040430912684486,3.939474796002378,3.739823349977643,3.6917426173823435,3.805411427950114
62.980000000000004,4.0009575992680055,4.042770154011618,3.924119353346315,3.726894969953338,3.697844704263146,3.816626056166798
63.0,4.004381600326657,4.037296455071052,3.9169730143820574,3.723905138041855,3.6943931502033323,3.8188408587238207
63.02,3.9994191776679964,4.0395911113179945,3.9008649462355165,3.711039242137271,3.7003339956317176,3.829822972799772
63.04,4.002934175075881,4.034060877216728,3.893941650190948,3.708125203738076,3.6967245631268795,3.8318080542503465
63.06,3.9980476335688464,4.036291981346437,3.878036765559232,3.6953261047659947,3.7025274269591124,3.8425732440583373
63.08,4.001637494282533,4.030686970129708,3.8713233906840565,3.6924966182794443,3.6987825759642843,3.844342951363103
63.1,3.9968106232184413,4.032841902701988,3.855609415881074,3.698403458935434,3.704468949606485,3.8549045337510734
63.120000000000005,4.000459233545394,4.027150268311562,3.8490946612081722,3.695251475232609,3.7006092405980575,3.856471010065327
63.14,3.9956759193402327,4.029217672924286,3.8335610185621425,3.70085419983437,3.706198545904633,3.8668401793945506
63.160000000000004,3.9993673528743563,4.023428847947065,3.827235062785531,3.6974067451676818,3.7022426454420465,3.86821351502457
63.18,3.994611716623936,4.025398665736924,3.828967547352817,3.70273204388958,3.7077525680724674,3.878399495837275
63.2,3.998330344201332,4.019503389195792,3.822439640440363,3.6990152556592246,3.703717392947362,3.8795878840119777
63.22,3.9935868500807943,4.005091054712146,3.823978011960065,3.7040887856357254,3.709163873934499,3.889598088392284
63.24,3.9973174445519755,3.999445237374357,3.8172580119220307,3.700127842612899,3.7050645895976086,3.8906079832161944
63.26,3.992571124075818,3.9852599272523026,3.818612638890715,3.7049744204790382,3.7104618306852917,3.90044816885638
63.28,3.9962992132471746,3.979841047031422,3.8117113617644716,3.700793607073461,3.7241481628867006,3.9012844441149523
63.300000000000004,3.9915357377500893,3.9658611953149014,3.8128933975751598,3.7054371219750633,3.729109793726998,3.9109587266595063
63.32,3.9952474039814025,3.9598473110477386,3.805822386094667,3.7010595989305313,3.7423845005814864,3.911624562329798
63.34,3.990453042210775,3.9624117537806347,3.8068398278615367,3.7055226629651536,3.746939531215678,3.9211356019945978
63.36,3.9941308769842236,3.956253097170792,3.798672456576895,3.70097039478413,3.759830214365481,3.921632965346712
63.38,3.9892888081583604,3.958681217397371,3.799582975913662,3.7052701002747135,3.7640050533409615,3.9309822693936374
63.4,3.9929204585549405,3.9523709404682523,3.7913027299039705,3.7005593719426195,3.776536748138099,3.9313120245803326
63.42,3.9880186036747802,3.9546565429535967,3.7921171144509502,3.704716622730201,3.7803552720880034,3.9405000944968873
63.440000000000005,3.991592496270512,3.9481940863531,3.7837349495972576,3.6998676245897895,3.7925505698464916,3.9406621859743085
63.46,3.986619567701421,3.950337285833326,3.7844642961610417,3.703902110752777,3.796034297039619,3.9496886796462864
63.480000000000004,3.99012497797171,3.943723238451939,3.775991489853622,3.698933789183313,3.8079134910236556,3.9496822722709615
63.5,3.985070592392796,3.9457252697892446,3.7766471587555457,3.7028639300276445,3.8110817067119696,3.958546141501549
63.52,3.988497727128541,3.938961326173574,3.768095213222554,3.6977939366999286,3.822662918860548,3.9592257725813815
63.54,3.983352457562923,3.940824497977618,3.76868873104662,3.701636833425046,3.825532804354736,3.9678799940299627
63.56,3.986696940646673,3.933913408634701,3.760069275035487,3.6964814841342846,3.8368359770264826,3.9683423476284325
63.58,3.981456272501805,3.935641071498266,3.7606122362448104,3.700252882379448,3.83942667548034,3.976787113092667
63.6,3.9847097943995,3.9285866258493884,3.7519369259869135,3.694019906246668,3.8504654666506313,3.9770322987374693
63.620000000000005,3.9793658490850854,3.9301831077598464,3.752440894580174,3.6977839564578705,3.8527844588719904,3.985267306480292
63.64,3.9825211792979647,3.9229900253855954,3.7437162669343365,3.7103575389648658,3.8635661818538085,3.98529494037884
63.660000000000004,3.977067169712156,3.9244605412026226,3.744187512740865,3.7137077958371574,3.8656251796072403,3.993319443222665
63.68,3.9801181750953676,3.9171343748202183,3.735425380976949,3.726891764697573,3.8761605178710745,3.9931287954173698
63.7,3.9745484196328276,3.918484897361867,3.7358753581478052,3.7297978853313642,3.8779748853714784,4.000941796489732
63.72,3.9774900730872913,3.9110319605788924,3.727092174055037,3.7425588281172004,3.888277620507402,4.000531980564358
63.74,3.971800000628024,3.9122692004087902,3.727537171196229,3.7450497518885895,3.8898552999286418,3.9911867096083027
63.76,3.9746283812078853,3.904696538266163,3.718743414287305,3.757415588296213,3.8999326738312146,3.9909363112536314
63.78,3.9688146590863638,3.905827913475789,3.719193602939748,3.7595179672895105,3.901280526774583,3.9817325091605085
63.800000000000004,3.9707606948421144,3.898143210633342,3.7103993503081667,3.771514315690354,3.9121120328347896,3.98162364289711
63.82,3.964861877551898,3.89836478870789,3.710864453107353,3.7732525468992293,3.913180805925301,3.9725449209738413
63.84,3.9667252433758495,3.8906144994117744,3.7020754479890026,3.7849077790727153,3.923743707739909,3.971710285708676
63.86,3.960734637195314,3.890777379897121,3.7016269844919107,3.7863083188316877,3.924541514524364,3.9797751687621434
63.88,3.962505530513485,3.882968535983611,3.710253228543632,3.797638049735085,3.934839015804145,3.9795634858757536
63.9,3.956417766348084,3.883075211244439,3.7104233880995428,3.7987160222293452,3.935368779109791,3.970356743808707
63.92,3.958099642563994,3.875210204784391,3.71870524561733,3.8097442194395796,3.945412226639743,3.9694004305206203
63.940000000000005,3.951918841420281,3.8752730160683266,3.717602739893689,3.8105218376455596,3.9456841755813827,3.977352533736457
63.96,3.9535077623736563,3.8673643397343995,3.7256131617980417,3.8212600144804503,3.95547474066488,3.976151991633602
63.980000000000004,3.947230348099589,3.8673859658959757,3.7251764243780543,3.8217486003227332,3.955489908214179,3.966832232440945
64.0,3.948727558635427,3.859436246104876,3.7328876599593843,3.8322171525899,3.9650326929462776,3.9657675626851403
64.02,3.942355353707789,3.859429372569597,3.7312214257619134,3.8324354448301805,3.964795824651839,3.9565720256869277
64.04,3.9437631261299204,3.851451318092989,3.738703336641272,3.8426425428709083,3.974095590502377,3.9556284555816346
64.06,3.9372988567112266,3.8514187440231122,3.737743968726999,3.842598599663716,3.973610928949942,3.946543024652162
64.08,3.9386202564221886,3.8434150253394113,3.744965905647406,3.852561482167923,3.9826718165184922,3.9457070313387455
64.1,3.932067352706205,3.843369439558452,3.7437495396842277,3.8522710118225567,3.9819431065134876,3.936718839585768
64.12,3.9333060772749397,3.8353526665196203,3.750730472974668,3.8619999353206724,3.9907688730056483,3.9359781451973044
64.14,3.9266686114552956,3.835301371814693,3.748340641245571,3.861472469314617,3.9897995075274637,3.9270755660299113
64.16,3.927829020985051,3.8272786751979733,3.7551457871294938,3.8709714820067007,3.9983935900228267,3.9264191264525237
64.18,3.9211116589900556,3.8272240299462714,3.7535139859134543,3.8702111075391414,3.9971866777607628,3.9175917584338182
64.2,3.9221986511340754,3.819197504638782,3.7601083727405813,3.8794936272698934,4.005552255799372,3.9170097454406414
64.22,3.9154065252226946,3.8191515624240964,3.75826653597908,3.8785123910610495,4.004110759445289,3.9082483897180853
64.24,3.9164254116928507,3.8111330442839995,3.7646646894867515,3.8875852207881483,4.012250966088207,3.907732165662905
64.26,3.909564071983742,3.8111021906657876,3.762626658126115,3.886389357599489,4.010577821740126,3.8990287967008888
64.28,3.9105205968373644,3.8022879996612557,3.7688416792512367,3.895258393791573,4.0184957802358605,3.898570882758111
64.3,3.903595951491265,3.802317353244795,3.765682170362926,3.8938532838779896,4.016593961904219,3.889918612648559
64.32000000000001,3.9044920389268185,3.793555153004013,3.7717696338082676,3.9025186628701776,4.0242928708209185,3.889512650274701
64.34,3.8967325527019545,3.7936433189587193,3.7684785329891453,3.9009046702054784,4.022165447116691,3.880905664207555
64.36,3.8976127064929145,3.784928534569111,3.7744462960587564,3.9093713639701786,4.029648605499699,3.88054255565556
64.38,3.8898301576199295,3.7850752581765352,3.771964921036601,3.90755301554603,4.027298815859193,3.871972233810899
64.4,3.890699326218709,3.7764114482759177,3.7777720257723737,3.9158303252342974,4.034569725107438,3.871648083477354
64.42,3.882898679323044,3.7766247173060097,3.775127399289148,3.91381582141979,4.032001053309918,3.8631110276585856
64.44,3.883761838232713,3.784715253391774,3.7807823582634033,3.9219070180614413,4.020797096260141,3.86282288301154
64.46000000000001,3.8759481147105506,3.7846255503707638,3.7770502548115497,3.919699322496291,4.018422256995724,3.8543167544765677
64.48,3.876810145523726,3.7924281875129897,3.7826077059773624,3.927602520920365,4.0074009927934995,3.8540628091438243
64.5,3.8689880992313483,3.7920484798314376,3.779704275213908,3.925200299384328,4.005206151593024,3.8455862247940393
64.52,3.8698536864921564,3.7995760975530795,3.78512004983567,3.9329239374150857,3.9943543449300005,3.8453654432878572
64.54,3.862027962100386,3.7989281709278195,3.7811390276266565,3.930334628275044,3.9923268797723455,3.8369177431130255
64.56,3.862901611728029,3.806201224115865,3.7864658379823504,3.937876413976511,3.9816325541782422,3.8367297831425566
64.58,3.855076692090454,3.805295287255468,3.783320904253057,3.935098218623279,3.979761038632197,3.8274434444697967
64.6,3.8559627576592717,3.8123239237426754,3.7885130617381906,3.942466226814543,3.9692133505033897,3.8273306320745957
64.62,3.8481386696868567,3.811179086492329,3.7842969703958422,3.939506315733049,3.9674831360136293,3.818108316338126
64.64,3.8490369295139004,3.817981094955891,3.7894056487336227,3.946698055975221,3.956094168764955,3.8180696231251603
64.66,3.841218057054429,3.8166048872627814,3.7860304478294817,3.9435544978863293,3.954543467912224,3.808906020375245
64.68,3.842132689184134,3.8231877799016933,3.7910087755588915,3.950573011060933,3.9433178626430236,3.8089362823297686
64.7,3.834322993245684,3.8215967466954495,3.786565976939774,3.9472487304401995,3.941937153119823,3.799831504553098
64.72,3.835257647770709,3.827975813445096,3.7914639267430075,3.9540921490116987,3.9308658966643915,3.799931010214789
64.74,3.8274606160175177,3.8261750318660033,3.7878649657306442,3.9505859087509276,3.9296466849538185,3.7908855178398273
64.76,3.8284185168305247,3.8323553790092784,3.7926347860564817,3.9572630418808035,3.9187217784726776,3.791054856460708
64.78,3.820637132010096,3.8303590730681574,3.7879694566827253,3.9535828793651464,3.9176566045755226,3.782069374455026
64.8,3.8216209255985745,3.8363537196993134,3.792660302229914,3.960092179071099,3.9068711041125863,3.782309352350246
64.82000000000001,3.8138576236306543,3.834164732828785,3.7879069354663497,3.9562372421741605,3.905953482896442,3.7733847859926595
64.84,3.8148694406112242,3.8399766085971287,3.792517875052649,3.9625829789310556,3.8953013483291006,3.773696342660771
64.86,3.80712606858298,3.837602211575126,3.7876753879545046,3.958557527362601,3.8945256868469684,3.7648336933983804
64.88,3.8081673869096777,3.8432380587394066,3.7922053754008,3.9647442425444894,3.8840017680620993,3.7652178180670566
64.9,3.8004451528603433,3.8406845612773637,3.7872726532953735,3.9605528323639243,3.88336332514254,3.7564180999191974
64.92,3.8007427218242844,3.846150195276455,3.791720652290976,3.9665853755664813,3.8729632932796267,3.756875749239982
64.94,3.8096479056263326,3.8434189969360673,3.786696623060907,3.962232893155399,3.872458107989599,3.7481361326813474
64.96000000000001,3.8096430922438067,3.8487157440684494,3.7910616601942686,3.9681164515448066,3.8621783818206823,3.748664185122272
64.98,3.818260542457716,3.8458116714247224,3.785945330892879,3.963608139070235,3.861803176815731,3.7399856507898668
65.0,3.8187417877734604,3.85094395093096,3.790226566870667,3.969348258026995,3.8516408074149773,3.7405849425541104
65.02,3.8104501203319736,3.847875131523464,3.7850171295623607,3.964689730217519,3.851392910306149,3.7493677426657794
65.04,3.8102120070649312,3.8528503188875587,3.789213964358603,3.970292325526658,3.8413455385235626,3.7496533071543428
65.06,3.8186175227453627,3.849616011612551,3.7839108955482357,3.9654895782890724,3.841222694609721,3.7581338545109486
65.08,3.818099975024942,3.8544334049997575,3.788023008886996,3.9709609406604365,3.831288236347647,3.7581190994356017
65.1,3.8262391163790483,3.851036545207136,3.7826260571195167,3.966020351190937,3.8312885216589123,3.7663143140032207
65.12,3.8254527720237212,3.8556987903435833,3.7866534473633684,3.9713671402515334,3.821465309952402,3.7660156183945817
65.14,3.833335646823683,3.852141860346893,3.78116272607615,3.9662954573662477,3.8215871853589367,3.77394123999416
65.16,3.8330681498804333,3.8566511909627104,3.78510578223483,3.9715246890161167,3.811873915745793,3.773373790974884
65.18,3.8406633652198092,3.8529403234761475,3.7795218196965252,3.966329017629484,3.8121161542749085,3.781048133739081
65.2,3.840106853482566,3.857302159549103,3.7833813872326325,3.9714480445788567,3.8025117902710996,3.780229731109757
65.22,3.847424473694166,3.85343873660207,3.777705205233047,3.966135822756935,3.8028734031887335,3.787665680880108
65.24,3.84658853909152,3.8576543200781757,3.7814826228027463,3.9711523078466535,3.793377118194024,3.7866086502155083
65.26,3.853637543853118,3.853639570391098,3.775715735448005,3.965731276587601,3.793857257034033,3.7938179174870896
65.28,3.8525306944477458,3.8577100301052787,3.7794128486158347,3.970653158854704,3.7844682985200904,3.7925334086942852
65.3,3.8593190183864436,3.8535451149580924,3.7735572941727544,3.9651313245349145,3.784086367384755,3.7995265307742763
65.32000000000001,3.857948762523234,3.857471551850653,3.7771764831567207,3.9699667779934806,3.793472457883173,3.7980192718816492
65.34,3.86448338151993,3.8531576489154356,3.771234848963646,3.9643474014246363,3.792837541104369,3.8048009066175177
65.36,3.8628562896465732,3.856941219237617,3.7747790493017406,3.969099542071548,3.8019870676770853,3.803080023623744
65.38,3.869143262293645,3.8524796038951594,3.768754466138529,3.963391319006873,3.8020955876789033,3.8096587105072017
65.4,3.866488220271875,3.8561215993704137,3.7722271325116687,3.968068932063736,3.8109719110451645,3.807737443651927
65.42,3.872572751136455,3.8515096994844353,3.766123287571387,3.962285634780549,3.810808241777978,3.8141213904661484
65.44,3.870486653333481,3.855008101952508,3.769528432820339,3.96690266354386,3.819427543373763,3.812002207526452
65.46000000000001,3.876331562584022,3.8502520936130162,3.7633495844926133,3.961052567178961,3.8190073714485373,3.818201406300642
65.48,3.8732234601397564,3.853612642117896,3.766691849383302,3.9656173025166854,3.8273846968021212,3.8158938452401294
65.5,3.87887275119258,3.848710485229923,3.760442891005079,3.959708708759625,3.826722542089811,3.821909231210359
65.52,3.876341634318094,3.8519317626699343,3.7637274764870274,3.9642294259127056,3.834871799641487,3.819413711360174
65.54,3.8817572356165972,3.8468903165975856,3.75741382395707,3.958270589899533,3.8339809884817835,3.825253272394638
65.56,3.8782076254837765,3.849978812350177,3.760646475982416,3.962755473856223,3.8419148481849383,3.822577382702229
65.58,3.883432727242865,3.8447968295802526,3.7542741210776054,3.9567545279500846,3.8408074978763893,3.8282401323331845
65.6,3.8796848430412902,3.8477519794540154,3.7574611023193882,3.9612115965925394,3.8485374534624457,3.8253824329735435
65.62,3.8847206676060764,3.842433198347881,3.751036508615037,3.955176472259103,3.8472244565527864,3.8308707670738626
65.64,3.8807755536595763,3.8452589262366494,3.754184547660967,3.959613498104127,3.8547607358016496,3.8278332795911014
65.66,3.8856231798592082,3.8398076002607953,3.7477146530456515,3.9535518466265662,3.8532517360338874,3.8331487704267087
65.68,3.881481819966741,3.842508369070034,3.7508309237016246,3.957976277714531,3.860603339118945,3.8299327331949655
65.7,3.8861423120864322,3.8369293068183885,3.7443230951684794,3.9518953905666154,3.8589067539854387,3.8350762013345037
65.72,3.8818057166006255,3.8395101555178273,3.747415167258142,3.956314271951582,3.866081456493284,3.8316821448475826
65.74,3.886280210510803,3.83380875314422,3.7408771482251817,3.950221002213786,3.8642044848873853,3.836653737193118
65.76,3.8817495021494555,3.836275325672977,3.7439529311675255,3.954640898817507,3.871208848322324,3.8330815648479506
65.78,3.8860392898178455,3.83045759097114,3.7373927816849744,3.9485415842360503,3.8691574857514532,3.8378808379713965
65.8,3.881315787586719,3.832816156574508,3.740460461255959,3.9529685058688466,3.8759968757787546,3.8341299118150975
65.82000000000001,3.8854223993447987,3.826888724314384,3.733886491543938,3.9468688944809225,3.8737759373430065,3.838755920047872
65.84,3.880507699935147,3.8291461889400513,3.736954460314835,3.9513082239414623,3.8804545499362844,3.834825150915883
65.86,3.8844329838592344,3.8231163271216193,3.730375158164006,3.945213403180598,3.8780677011913385,3.8392765385988943
65.88,3.8793290398728226,3.8252802355589797,3.7334519401981106,3.9496698283302867,3.884588596764553,3.834303111558731
65.9,3.883075237630258,3.8191558423049377,3.7268758928553063,3.9435841585044016,3.882038392504184,3.838621767101631
65.92,3.8777802054725345,3.821234370814768,3.7299700633319914,3.9480616091839544,3.888399199081193,3.8335045349408845
65.94,3.8813457654577808,3.815023938501948,3.7234058745795786,3.9419886621852287,3.88568270078929,3.8376868132775503
65.96000000000001,3.87586299953395,3.8170258359771574,3.7265259749854542,3.9464902289818804,3.8918848663024117,3.8324219833866833
65.98,3.8792516240257755,3.8099219164230376,3.7199821779010045,3.9404326905867872,3.8890030760807353,3.836464153019401
66.0,3.8735850092140454,3.811896594648978,3.7231323802128387,3.944960578374303,3.8950470317769246,3.831047928789059
66.02,3.8767966910662763,3.8047593937022683,3.7347828433916086,3.9389202272375625,3.8910203089118482,3.8349463013709406
66.04,3.870946945477554,3.806714213700758,3.7375652870930893,3.943475534161794,3.896955684745935,3.829370389966828
66.06,3.8739870078165577,3.7995512074676765,3.7488693823139827,3.9374479309933132,3.8937908240651584,3.83311672973953
66.08,3.8679596495377475,3.8014937727488287,3.7513106526984705,3.942025599926715,3.8995641302390873,3.827382635860254
66.1,3.8708339955008872,3.7943128841436793,3.7622941948464965,3.936015971828823,3.8952477159116516,3.830978723473013
66.12,3.8646352018012036,3.7962513666230397,3.7644194998768907,3.940620813272533,3.9009069988353753,3.825078508108746
66.14,3.8673504594796833,3.789061060046561,3.7751069767638397,3.934622846257197,3.8974485188813763,3.82851657390384
66.16,3.8609871010216823,3.7910041360034796,3.776940218689004,3.9392479165646517,3.9029389676805937,3.822452330925407
66.18,3.8635505517479323,3.7838133522701964,3.7873547516312707,3.9332649146355823,3.898319014121605,3.8257348373806868
66.2,3.857030226723164,3.7857701334713907,3.7889183871051206,3.9379131025945484,3.903687464675175,3.819499340812549
66.22,3.859449936316718,3.7785882176969317,3.799081698792101,3.931936804540318,3.898933038453544,3.822619319825921
66.24,3.852780987910482,3.780568175746022,3.8003968103736874,3.9365992318265435,3.9041739010092344,3.8162109761446903
66.26,3.8550657165332978,3.773404798573876,3.810329186361806,3.9306260076814414,3.8992791052341413,3.8191672092872477
66.28,3.8482572242166153,3.7754176829271873,3.8114153443768495,3.9352985460640872,3.904386422126767,3.8125849829173286
66.3,3.850416488986749,3.768282755468684,3.82113558035647,3.9293237842289845,3.8993450790933784,3.815376849304252
66.32000000000001,3.843478295775653,3.77033850529487,3.8220108690563595,3.934001344369515,3.9043126607944387,3.8086203405159957
66.34,3.8455223667825744,3.7632420882925532,3.8315362658840226,3.9280194752317206,3.8991183972240826,3.8112478925132347
66.36,3.8384650706355363,3.765350739488601,3.8322172563214245,3.932696036119476,3.903939909098018,3.804317411858899
66.38,3.8404049565914886,3.7756337207978987,3.8415635935778223,3.9267005658950853,3.8985862446915514,3.8067814465579244
66.4,3.833239891281116,3.7774189733260606,3.84206518082611,3.9313692139365926,3.903255296774358,3.7996780847491864
66.42,3.8350871728884135,3.7873990770209964,3.8512464424469504,3.9253527674555477,3.8977357356209503,3.8019802104767977
66.44,3.827826115888034,3.788887964722844,3.8515818582359374,3.9300057428051196,3.902245974942718,3.794705902320258
66.46000000000001,3.8288056906096615,3.798591687679442,3.860610514027488,3.9239601145051473,3.896554099283365,3.7968485973950274
66.48,3.8215020627317533,3.7998061599921416,3.860791465858116,3.928588868383415,3.9008993042133744,3.789402392027977
66.5,3.8224485493525004,3.8092554195274504,3.8696784352009095,3.9225050846213105,3.895028870034236,3.791385207700159
66.52,3.8151127292856706,3.810220833536979,3.8697150565155516,3.926071692340392,3.899203025794628,3.783771305121538
66.54,3.8160368299006224,3.8194403837521436,3.8784697050094166,3.919995994964048,3.8931431918661503,3.7855990205167735
66.56,3.808679793901682,3.8201809059313496,3.8783652699864186,3.9235709818211677,3.897135634126493,3.777822563601098
66.58,3.8095928250794904,3.829194290265101,3.8869908474003827,3.91749128195811,3.890881317762738,3.7795008869842337
66.6,3.802226122773349,3.829732814960125,3.886753073690172,3.921062291402561,3.8946873159489708,3.7715680021306435
66.62,3.803139945214361,3.8385622634153855,3.8952564919851267,3.9149660890805493,3.8882338706688846,3.7731036588628344
66.64,3.795775624650792,3.838920363835382,3.8948915410786533,3.918520429315986,3.8918491812252354,3.765021508247248
66.66,3.7967025643628034,3.847586791507832,3.9032781626612807,3.912394934909652,3.885192493555471,3.766422261338571
66.68,3.7893530891063527,3.8477846938252642,3.9027906638653316,3.91591964845488,3.8886134557385814,3.758199059290011
66.7,3.7903058509392777,3.856307647153795,3.9110643290825515,3.9097518550104278,3.8817500408688694,3.759473719697916
66.72,3.8001809199259884,3.856364179128951,3.910457411596724,3.9132337940016027,3.88497367061017,3.7511187384923974
66.74,3.800788625665777,3.8647616512888834,3.9186204739697454,3.9070105550284095,3.877900765837086,3.7514047595625284
66.76,3.8103414190869915,3.864693925886557,3.9178958058815674,3.910436461844913,3.8809248469794864,3.7429731065672454
66.78,3.8106298077917136,3.872982347742304,3.925949173104638,3.9041445741363914,3.87363617204637,3.743190374500937
66.8,3.8198856939578207,3.8728060059796614,3.925107006809831,3.9075011668921857,3.876454893893702,3.7346903140871803
66.82000000000001,3.819884529831721,3.881000298067756,3.9330501908876228,3.9011274347947076,3.8689498646032803,3.7348475774055467
66.84,3.8288728729114143,3.880729473282409,3.93208941790222,3.904401456593942,3.8715632671018443,3.726288354259084
66.86,3.8286110543472596,3.8888430527591686,3.9399205930397634,3.897932787767734,3.8638422483259305,3.72639537926632
66.88,3.8373603079091723,3.8884903585184296,3.938838805900134,3.9011111463029313,3.866251355874218,3.7358480456642105
66.9,3.8368657989091695,3.896535104966977,3.946554873648126,3.894534670740118,3.858315738364238,3.7355133346898373
66.92,3.845403285853365,3.8961116052533176,3.9453484350862316,3.8976045351535555,3.860522476971965,3.7445476462644005
66.94,3.844702782018695,3.904097832946569,3.952945096628784,3.8909077029572234,3.8523744803889346,3.743800258467974
66.96000000000001,3.853054663219634,3.9036130175663137,3.9516092154204046,3.8938566029045565,3.8543817824327267,3.7524453526847203
66.98,3.8521738194540527,3.9115494542952796,3.9590810503071854,3.8870272824321104,3.8460248226317844,3.75131435201131
67.0,3.8603651705557755,3.9110112239750743,3.9576098633053056,3.889843208381028,3.8478368399750975,3.759599339513641
67.02,3.859328523764476,3.919731195231662,3.9659148155994517,3.8828697881993626,3.8392755823920535,3.75811375924894
67.04,3.867383257282218,3.9190996933518027,3.964251712267703,3.8855456912145407,3.8408977326162255,3.766067683469071
67.06,3.8662180271469864,3.927741639304884,3.972369174448124,3.8784217394574982,3.8321381579976603,3.7642564803954204
67.08,3.8741627056350136,3.927028479288072,3.9705076947279663,3.880946372806362,3.833577209372715,3.771908287378281
67.1,3.8728904873189673,3.9355980838795346,3.9784309059345624,3.873661159998944,3.824626642731721,3.7698003225351187
67.12,3.8807460291645968,3.934808012017772,3.976363658635333,3.8760240784445448,3.8258906875592604,3.7771787972172426
67.14,3.879387126622285,3.9433091178002013,3.984084950497093,3.868567735841124,3.8167577971947617,3.7748027298251263
67.16,3.887173095334492,3.9424450487750304,3.9818036962601355,3.8707594020795133,3.8168557062663404,3.7819364057886826
67.18,3.8857464236437558,3.950879693226206,3.989314629490957,3.863123026481682,3.8076020159100565,3.7793158791267345
67.2,3.8934809568596482,3.949942750534424,3.986810419719084,3.865130048702604,3.8075865556792734,3.7862281406097837
67.22,3.8920039482060425,3.958311212250531,3.994101924895546,3.8573007759022038,3.7982203159409305,3.783391711315485
67.24,3.8997036415803845,3.957300778770489,3.9913652183232893,3.859116262099891,3.7981002940344286,3.7901108682604154
67.26,3.898192186443021,3.9656016333119535,3.979825755313049,3.8510879416432524,3.788630964294464,3.7870866014647144
67.28,3.9058720904871893,3.96451541151832,3.9772651414554354,3.852706335865212,3.7884164524170085,3.793640414118724
67.3,3.9043405052382223,3.972745760099283,3.9649148144063524,3.8444743598900444,3.7788547359937157,3.790455790954706
67.32000000000001,3.9120140715743514,3.9715801297789324,3.96254826708894,3.8458869757027987,3.778557048754918,3.796871375976051
67.34,3.9112748594202555,3.9797306210798724,3.950366041855195,3.837443342664961,3.768914841302148,3.7935531965859366
67.36,3.918912300660564,3.978479957529503,3.9481647102669024,3.838647826200856,3.7685464597503264,3.799860880690009
67.38,3.9181358429317763,3.986549272516687,3.9361220375181394,3.8299910620492357,3.758836810487323,3.7964385922226382
67.4,3.9257499136931533,3.9852069358970823,3.934057885524657,3.8309864617038114,3.7584113988778673,3.8026634541871975
67.42,3.9249479495215414,3.993187823146166,3.9221270901683107,3.822116530694634,3.748648518441319,3.7991617668533006
67.44,3.932549410829787,3.991745787856688,3.9201729994170993,3.8229033796670313,3.74818086010923,3.805327976000648
67.46000000000001,3.931731639527811,3.9996296721476523,3.9083273604763136,3.8138217619868735,3.7383800093493664,3.8017706455685882
67.48,3.9393292019776176,3.9980786348233495,3.9064572320474285,3.814402152831182,3.737885913777482,3.8079013553006527
67.5,3.9385032761404424,4.005855728320923,3.894671087387422,3.805111913002593,3.728063322782278,3.8043110752158005
67.52,3.946103598007867,4.004185222091063,3.892859947810104,3.805489562489001,3.727559538705345,3.8104283166466266
67.54,3.9452751284891887,4.0118446417567615,3.8811088029734258,3.7949343558126145,3.737210328558644,3.8068266111638946
67.56,3.9528828258513764,4.010043156524299,3.8793329138669588,3.7951648941598566,3.7362725113865642,3.812951018543897
67.58,3.952055398686237,4.017573047200607,3.8675883182905415,3.784450661523281,3.7455174455364233,3.8093578178489063
67.6,3.9596730667182376,4.015628155381089,3.8658199167146696,3.7845382950938684,3.7441834798694367,3.8155085147375476
67.62,3.958848269213028,4.023015789220159,3.8540605828836108,3.773669897201328,3.7530602955378964,3.8119423959361765
67.64,3.9664765136685918,4.020914224346213,3.8522792687796628,3.7736203859369932,3.751367650536663,3.818137133162013
67.66,3.9656539740159555,4.028146138924556,3.84048539154845,3.762604316958763,3.759913603656721,3.814615251970296
67.68,3.9732914570068454,4.025873989470158,3.8386723118123314,3.7624250514126176,3.7578992426601086,3.8208703120814165
67.7,3.972468896443959,4.032936154659019,3.826825684000315,3.7512694504996658,3.7661510142755925,3.817408309504877
67.72,3.980112393936925,4.030479002339637,3.8249636468357995,3.7509694558788302,3.7638512956623478,3.8237384186099868
67.74,3.979285690276104,4.019537448943121,3.8130477742855273,3.73968410667387,3.7718448897638504,3.8203503355632837
67.76,3.9869301604809193,4.0172784021465295,3.8111215090408175,3.739274034301461,3.7692954597823936,3.8267685836579357
67.78,3.9860935689655967,4.006514047596724,3.799121979150676,3.727870351941373,3.7770660938249803,3.823466784578589
67.8,3.993732486622026,4.004420539513517,3.7961441929426836,3.727362459053684,3.7743017726841455,3.8299845560307166
67.82000000000001,3.9928786822416,3.993801206954298,3.7840980470026477,3.715848821571142,3.7818837621501737,3.826779664263568
67.84,4.000503829350978,3.991836382893338,3.781069789121029,3.7152521144354913,3.77893840112327,3.83340657969188
67.86,3.9996238515376095,3.981325632535248,3.768965074656656,3.7036435426589747,3.786364989928339,3.8303074218563706
67.88,4.0072253923014225,3.97945891217183,3.765875138888319,3.7029737937365867,3.7832713529696615,3.837051288438231
67.9,4.006308699925981,3.96902670228144,3.7537017640872503,3.691286773076118,3.790574646020268,3.8340648492263543
67.92,4.013875294668626,3.967228393977889,3.7505408988937754,3.69056116310019,3.7873643087527538,3.8409316225710994
67.94,4.012909935662619,3.956845648838141,3.7382907652994923,3.678813566065402,3.79457514714298,3.8565582261294495
67.96000000000001,4.0204288823341034,3.9550870812704675,3.7350517540053993,3.678050597282005,3.791278370340266,3.863141764758176
67.98,4.01940146787296,3.9447258244962615,3.7227188320211155,3.6662615893305013,3.7984260651178596,3.8793954213820134
68.0,4.02685856143317,3.942979481957843,3.7193965666015707,3.664413740882685,3.795071415141235,3.885664151793351
68.02,4.025759112862355,3.932612971130311,3.7069769637024486,3.67333136255165,3.8021824646327484,3.9016186247084352
68.04,4.033143165733476,3.930852653418562,3.7035632449255345,3.671067529418003,3.798795787765421,3.907594073422704
68.06,4.031955411691249,3.91961807691724,3.6910496476865955,3.6795990594299153,3.8058960343433217,3.923269408798462
68.08,4.039249635812034,3.9178595862295555,3.6875400553069557,3.6769563761381057,3.8025025316542984,3.928969870467903
68.1,4.037952129942409,3.9066035995638515,3.6749291483135456,3.68513890002191,3.8096161667936292,3.9443829247368263
68.12,4.045135158134489,3.904823240610023,3.671325793731089,3.6821543636957283,3.8062393300712003,3.9498235451154438
68.14,4.043710614815827,3.893522733764817,3.6576426035858605,3.6900247806011244,3.813388779750767,3.9649880702053157
68.16,4.05076473395494,3.8916983654427124,3.653994390692887,3.6867306363672063,3.810050279004576,3.9701809809632933
68.18,4.049195291470097,3.880326932006156,3.659219028977904,3.694320830922599,3.8172560712623396,3.966518724105881
68.2,4.038384396151955,3.8784330943235985,3.6551090572221234,3.690753918672577,3.8139756053823013,3.971888299513918
68.22,4.037045367692034,3.866971493144124,3.6598877163974044,3.698100319010965,3.821256431072878,3.9683886951685285
68.24,4.026437413181601,3.8649900168472953,3.6553397507241283,3.6942969243125834,3.818051946564592,3.9739225974352146
68.26,4.025293070450303,3.853420856398494,3.659696682745972,3.7014354699848053,3.825424557430943,3.9705724459836174
68.28,4.014852490111837,3.851335506398051,3.6547356841064134,3.697431341572161,3.822311865073658,3.9762566452386405
68.3,4.013867643414492,3.8396433816583593,3.65869635184348,3.704397353891574,3.8297908494698154,3.973041116111064
68.32000000000001,4.003559455716123,3.8374399683199174,3.6533484655076403,3.700227574229658,3.8267835625167352,3.9788599804662708
68.34,4.002699578394839,3.8256115741109,3.656939524332673,3.7070556244631163,3.8343812940098845,3.9757627036929053
68.36,3.9924895148889945,3.8232780633243637,3.6512320528703053,3.702754474128208,3.8314907818967634,3.9816990957790352
68.38,3.9917208736709866,3.8113023036078473,3.654481316549529,3.70947824708371,3.8392173815699113,3.978702263659143
68.4,3.9815755126689014,3.8088289220153864,3.6484426767648372,3.7050790651664154,3.856314923284132,3.984737646950157
68.42,3.9808653033265404,3.7966970137232505,3.651379066927725,3.7117312197527794,3.863736456354513,3.981821969382263
68.44,3.970752208673223,3.7932312034984386,3.6450387301153984,3.7072661282414687,3.8805540046973377,3.9879362392624955
68.46000000000001,3.9700686956121594,3.780979213554657,3.647688291967106,3.7138778667009356,3.887696423226147,3.9850811007741536
68.48,3.9599522734336996,3.777392562338241,3.6410726565012923,3.7093776403135577,3.904258129195785,3.9912530525705354
68.5,3.959260612197414,3.7650151384672625,3.643466677373696,3.715978871766591,3.9111440482957875,3.9884367918355292
68.52,3.949111278020551,3.7613032845849625,3.6366074340196017,3.711472948980384,3.92747077860754,3.9946442027225495
68.54,3.9483827535709195,3.7487973650562387,3.6387780161644803,3.7180921886761436,3.934119582542808,3.991844244762246
68.56,3.9381723288746704,3.7449583195232705,3.631707588765486,3.7136085478737932,3.950229027655484,3.9980640508177454
68.58,3.9373797171149976,3.732323239150197,3.633687529438769,3.7202727772529447,3.9566569827421114,3.9952570643375966
68.60000000000001,3.9270815816633173,3.728357443779917,3.626438946661753,3.736786330444261,3.9725637718906786,4.001465497458539
68.62,3.9261993017311396,3.7155949845573986,3.62826160164879,3.743055848249295,3.978783984660447,3.9986275338347848
68.64,3.9157885473311667,3.711505358357672,3.620868189584918,3.759208294256184,3.9954956128792665,4.004800263020998
68.66,3.914792814492803,3.698619787276342,3.622567026357225,3.765127584915649,4.00145898236451,4.001912066006752
68.68,3.9042463990337906,3.694411758289585,3.614083548939245,3.7809663382592262,3.9979590127021924,4.008028803252541
68.7,3.9023029080156344,3.6805603351534555,3.6157384416523732,3.786576248159359,4.004123346529289,4.005065106072577
68.72,3.891641858078171,3.676271308421689,3.626367020899341,3.8032076532516506,4.000808461602303,4.011096602683599
68.74,3.8895727502728006,3.662329999312653,3.6275787302994154,3.8084842460628234,4.00716588291248,4.0080281927543435
68.76,3.878773343820527,3.6579687546061925,3.637799665163194,3.8248081189274323,4.004027252540417,4.014851402937217
68.78,3.876560374093535,3.643947210224743,3.6386207938512185,3.829792529759179,4.010561735352688,4.011602973622568
68.8,3.8656100776833577,3.639524597407461,3.648480799371868,3.8458482383883927,4.0075870653144205,4.018242211388898
68.82000000000001,3.8632410967723647,3.643649522406846,3.648957439019185,3.8505779307124834,4.014284806675968,4.014789605836199
68.84,3.852124710820265,3.638771881975596,3.658502001406741,3.8664011441098305,4.011454853995807,4.0203198583698025
68.86,3.84958537129404,3.64246170748534,3.658678782283051,3.8709099137196348,4.018295840617887,4.016689269769379
68.88,3.8382852522285273,3.6371612874684787,3.6679520497150477,3.8865326263591666,4.015585188625426,4.003195908781183
68.9,3.83555953287191,3.6404488209532233,3.6678723259186454,3.890850589066744,4.022543938647079,3.999781342411671
68.92,3.8240656395990844,3.6347590685982674,3.676917113124078,3.9063011197549646,4.019931135627867,3.9864714235522074
68.94,3.8211447413594977,3.6376783287905194,3.6766228233577327,3.9104547237353198,4.026985581648506,3.9832312055149988
68.96000000000001,3.8094497479761675,3.63163386278636,3.685480472674042,3.925757782956655,4.0244479660885055,3.97006362578653
68.98,3.806327489888752,3.6342200168982055,3.685012002851576,3.9297699235027213,4.031574722911899,3.966957590949667
69.0,3.7936085413655642,3.62785653160126,3.6947062182803414,3.9449467139549634,4.029088417314797,3.95389281097825
69.02,3.7903193636699664,3.6301419223465436,3.6940483212416595,3.9488417408551055,4.03626293964043,3.950878092705248
69.04,3.777419211714069,3.6226514767459026,3.703582053636849,3.963915058519733,4.033803032587559,3.93787446501548
69.06,3.7739611223093004,3.6247180236369196,3.702772818690414,3.967708283370153,4.040999801040768,3.9349147615049804
69.08,3.7608746409863074,3.6170139649429025,3.712182781714315,3.9826918407453187,4.038540458175425,3.92193671926
69.10000000000001,3.7572439120345464,3.6188954841137764,3.711262805808787,3.9863953074859992,4.045733090145424,3.918997646260697
69.12,3.7439732513931325,3.6110119772653624,3.7205881653280977,4.0012996356148856,4.043247737321088,3.9060115856178332
69.14,3.740173510307732,3.612742836554096,3.719595457604993,4.005998195048568,4.050409175395365,3.903060835334182
69.16,3.726723482295927,3.604714593062402,3.7288727238359627,4.020771595807509,4.047876172147672,3.8900353213156085
69.18,3.722761026781412,3.606329611546784,3.727847511523958,4.02533079709861,4.054983561382307,3.8870428723430908
69.2,3.70913914193668,3.59819173610248,3.7371154313826156,4.039981178489516,4.052374646921942,3.873948847891906
69.22,3.7042077762571957,3.599726047787417,3.7360894954682364,4.044407376424727,4.059399416379979,3.870887118256946
69.24,3.6904638797528224,3.6098805907758664,3.745378258363656,4.058939253070551,4.056686137323726,3.857693740235553
69.26,3.6854168856676637,3.6109560702996073,3.7443803575576515,4.0632354583223576,4.063599591298189,3.853625390886773
69.28,3.671561472900838,3.6206850455964763,3.7537169093063265,4.0776500831709415,4.060753450367494,3.840355147130061
69.3,3.6664062206491916,3.621354961061828,3.7721582563886495,4.081816155350498,4.067522478756446,3.8362013747055115
69.32000000000001,3.65244783691972,3.6307110782734364,3.781133711658389,4.096111562360203,4.064510581786891,3.822833002461375
69.34,3.647198629172358,3.631027260732402,3.799247232382359,4.100144055551358,4.050895798054458,3.8185735790891275
69.36,3.6331528144127607,3.6400616370920784,3.8079028982039413,4.114315263684914,4.048139380990812,3.805088546599756
69.38,3.627826366852254,3.6400744028371452,3.82572776504931,4.118208203233863,4.034744428325402,3.800706204453355
69.4,3.6318732243675385,3.648836747445633,3.8341008013594524,4.110953473364944,4.032196804861151,3.787088859361164
69.42,3.626080597416877,3.648594745615942,3.851672077988941,4.115172314450692,4.018975670030606,3.7825689595093164
69.44,3.6296916265280417,3.657132910948543,3.8597957303566788,4.108219029964405,4.016591924475999,3.76880618081491
69.46000000000001,3.6234711639883153,3.656682985869313,3.87714472732656,4.112731363853712,4.003500213803305,3.764136869112084
69.48,3.625870823538423,3.665043105010149,3.8850483773165747,4.106046523290245,4.001236979006297,3.750218531210663
69.5,3.6193037253719305,3.664426037958757,3.90220241654576,4.110818867417841,3.988231912302208,3.7453868064446176
69.52,3.6213783796515844,3.6726486672289367,3.90991149837104,4.104368437327656,3.9860475365361947,3.731301571564225
69.54,3.6145016439334188,3.6719079936209282,3.9278702682228284,4.109366380868102,3.9730880924781613,3.7263021793401623
69.56,3.616288780819942,3.6800357714863217,3.9353479791004804,4.1031203008760935,3.9709427619287028,3.7111257526600334
69.58,3.6091403136033113,3.6792175894073775,3.9530901035536856,4.108313591501768,3.9579898775504874,3.705998028702025
69.60000000000001,3.610674138197635,3.6872949925487184,3.9603587076940383,4.102235512835769,3.9558407956563255,3.6906777822566745
69.62,3.6032883865878738,3.704936605721293,3.9779045205705144,4.107587636729579,3.942853126697887,3.685421424243801
69.64,3.6046084673269156,3.7125886545208373,3.984981924972575,4.1016406664305824,3.9406652727123053,3.669958316981071
69.66,3.597025065009124,3.7298374050120535,4.002347302175551,4.1071146496151885,3.927608651976409,3.664575966225019
69.68,3.5981712816818834,3.737117753895683,4.009247260105014,4.101261519060385,3.925349395685622,3.6489739858583086
69.7,3.5904302151976735,3.7540254558055612,4.026444195895594,4.1068201479443065,3.912192123854053,3.6434713193043993
69.72,3.5914428824708033,3.7609841033802307,4.033176672930212,4.101023407900785,3.9087998713978758,3.6277375205796
69.74,3.6018678410335108,3.777598894894005,4.050213488132377,4.106629401308363,3.895565794494038,3.6221180998493825
69.76,3.602377858656033,3.7851264466473395,4.056784871049185,4.1008465050174,3.8920852770579484,3.6062579098097056
69.78,3.61233816671874,3.8014462812111147,4.073670997145078,4.106457474929414,3.8787480514469235,3.5996145528965346
69.8,3.6124077870885682,3.808691068639065,4.080088172466957,4.100651779735812,3.875153901549423,3.6028900694308454
69.82000000000001,3.621960343833769,3.824761277397461,4.09682448709785,4.106231504931088,3.861684766963566,3.5957557001536316
69.84,3.6216418803385957,3.8317664988768465,4.104066305937299,4.100366716623508,3.8579498269000334,3.5985693136221295
69.86,3.6308427446888842,3.847628160552729,4.100984402915419,4.105884415292264,3.8443279148969665,3.5909762135963623
69.88,3.6301917005665487,3.8544375623769844,4.108444652416587,4.0999291437032666,3.84043253049716,3.5933611965247465
69.9,3.6390955060119405,3.870131808837826,4.105562943344489,4.10534927683959,3.826639971367091,3.585343457908719
69.92,3.6381658987758123,3.87677973270491,4.113216957281101,4.099268041544995,3.8225675267614867,3.5873348391203854
69.94,3.6468257006121494,3.8923388459603943,4.110509724395792,4.104555856066272,3.8085895344100424,3.578928302719725
69.96000000000001,3.645669857454677,3.8988555013575867,4.118330909601654,4.098314042033699,3.8043265635811228,3.580562792268972
69.98,3.654136884480778,3.914307660116246,4.115770576955501,4.103435761561053,3.790151564624642,3.571804961787952
70.0,3.652805219057276,3.9207191989385506,4.123730609169995,4.0969998109092405,3.7856878800302725,3.573120851232872
70.02,3.661128676120104,3.9360885597303517,4.121287943744932,4.080332451724884,3.7713076359323057,3.5640507822370426
70.04,3.6596694908431067,3.9424171670254355,4.129356971408185,4.0741518723080095,3.766636611586526,3.5650878194592304
70.06,3.667896366132056,3.9585700296132385,4.1270014616747615,4.057710887991875,3.750997252588811,3.5557459832181335
70.08,3.666355660522886,3.9647839474813416,4.135153247185572,4.051734021803286,3.7461629061697033,3.5556283261570516
70.10000000000001,3.6745346417679685,3.9808355179347905,4.132857200605644,4.035463340799731,3.730342201553847,3.546097065206733
70.12,3.691395151230994,3.9869530524438463,4.141059103840114,4.029635900015036,3.7253386167215004,3.545811908110746
70.14,3.699151904503704,4.002919431265915,4.1387891759967586,4.013488432926078,3.709332571493073,3.5361295656104463
70.16,3.715629758022223,4.0089543402613845,4.147007601438667,4.007764340483571,3.7041622399304672,3.5357156202600803
70.18,3.7230223714174935,4.024847337349368,4.144729612963232,3.9916956660088627,3.687974705133017,3.5452834401187023
70.2,3.739173734848581,4.030809380837678,4.152930289317798,3.986031619604134,3.6826433287689437,3.544348265152744
70.22,3.7462561850085807,4.0466369156088975,4.150609472960306,3.9700002295465677,3.666281247296985,3.553434405976509
70.24,3.762132975333783,4.052532045130242,4.158757671343109,3.964355918636318,3.660797455998227,3.552036270952451
70.26,3.768955136160491,4.068298342497152,4.156358891689724,3.9483234072001188,3.6442709376802296,3.560698599922686
70.28,3.7846053202419987,4.074128902936459,4.164419644207186,3.942661704338722,3.6376056594519004,3.558895117467634
70.3,3.7912131039353962,4.0898347016685666,4.161907617117359,3.9254897180267108,3.620977484451658,3.5671854842526676
70.32000000000001,3.8066806766714363,4.096448220438952,4.150030995270523,3.919821737859201,3.6142114777856014,3.5650288717719154
70.34,3.8131159940470467,4.112043158988054,4.1478109722589105,3.9026119528587535,3.597490442481242,3.5730038489326095
70.36,3.8292531774545147,4.1185328691212115,4.136193562228528,3.8969085016463363,3.590639021813772,3.5705502180353097
70.38,3.8355103793062053,4.134018093522298,4.13421095054798,3.8796329255333144,3.594490675933148,3.578269102934802
70.4,3.851493254780729,4.14038357366027,4.122798984080373,3.8738680258560554,3.5871102883527306,3.5755765378073336
70.42,3.8576105092459483,4.136946904310733,4.121000529754085,3.8565018115372465,3.590467359781601,3.5830924608647545
70.44,3.8734750026296902,4.143598614460743,4.109741820193725,3.8506525285085393,3.5825977817358354,3.580213562542973
70.46000000000001,3.8794861492677284,4.140426498115201,4.108076010480321,3.8331741659493628,3.585501017545447,3.587578086245385
70.48,3.8952639932535913,4.14733323170676,4.0969200764327365,3.827221149747646,3.577183796989202,3.5845637981333365
70.5,3.901198528662284,4.144393522084258,4.095337008538437,3.8096127918466576,3.5796756330751562,3.591826704763803
70.52,3.9169170166142946,4.15152237917819,4.0842351011818945,3.8035404286620187,3.570953988905917,3.608237860871341
70.54,3.9228000422986624,4.148781311963681,4.082686683741334,3.7857880380385978,3.5730784342899162,3.6150126119486674
70.56,3.9384819793675607,4.1560979029756,4.071591987061625,3.7784828276286295,3.5639969843161805,3.6309783856696547
70.58,3.9443340269968235,4.1535203029940515,4.070032143591274,3.7606294157303704,3.565793593753595,3.637330080898148
70.60000000000001,3.959997899055823,4.160988955932354,4.058893765055437,3.753218029909147,3.556393398192106,3.652913901443161
70.62,3.9666477165572003,4.158538448196818,4.05727322184093,3.7352562348639573,3.5568661433476003,3.65890408046487
70.64,3.982262649768706,4.166126734623368,4.046049398017608,3.727732788207486,3.547246582738718,3.6741643473654353
70.66,3.9888591647231255,4.163769668900385,4.044327311904624,3.7096530162592494,3.547523761623691,3.6798494453927257
70.68,4.004439024333951,4.171439330704477,4.032978857594441,3.70201028168884,3.537727618166606,3.6948425042383186
70.7,4.010993992197712,4.169136956351124,4.0311169983929105,3.6838128418069256,3.5378525144899706,3.7002768884486015
70.72,4.026548334774232,4.176849140574071,4.018608520199186,3.676052759803909,3.5279232093788897,3.7159673704818577
70.74,4.03306931286481,4.175421876206025,4.016619653005392,3.657736735288032,3.5279397156110988,3.721149098384744
70.76,4.048608278558311,4.18308593776021,4.003957770418151,3.6498607159084298,3.538740605328705,3.736618448062174
70.78,4.055107686893367,4.181582416803943,4.001814039859807,3.6303322471635093,3.5382323109255633,3.7416002280205714
70.8,4.070635697805685,4.17019959318739,3.9889675582501853,3.6223963801948846,3.548546183306114,3.7568986831560256
70.82000000000001,4.0771119833591944,4.169006064114727,3.9866335850128958,3.602793411657966,3.5475720883221227,3.7617285736948514
70.84,4.093443297159888,4.157894885240966,3.9735691846239782,3.5948083494797483,3.557462435450192,3.776901789121982
70.86,4.099842673776655,4.1569578313306685,3.9710194108939523,3.5751429873457243,3.556085582253068,3.7816269488027117
70.88,4.116098510012032,4.146064493486966,3.957712757062986,3.567122623477448,3.5656146202215404,3.796719726797712
70.9,4.122415407995348,4.144464663123355,3.9348847537828413,3.547410293706331,3.563896713267877,3.8013785104208675
70.92,4.1385886242312235,4.133778411123395,3.92176017114224,3.539371958767512,3.573125203789637,3.816426873024304
70.94,4.144809823029936,4.132363444167171,3.8990971450454333,3.5416291887239137,3.571126386684353,3.8210531668589587
70.96000000000001,4.160885788290031,4.121829684474263,3.8861191081067648,3.53310033473897,3.5801132010666197,3.8360886798661893
70.98,4.1669995794727175,4.1205455158275095,3.86258108455097,3.534890340963037,3.5778914894763503,3.8407119071663285
71.0,4.182965296545259,4.110111217289862,3.8497607918385532,3.5259095580986286,3.586693403492076,3.8557617379565756
71.02,4.188957001054774,4.10890041854225,3.82634797441705,3.5272725937021043,3.5843048027501636,3.8604069644612418
71.04,4.186008158253396,4.098509223486934,3.8136584042510835,3.5167875925005885,3.592976424020319,3.8754939816880656
71.06,4.192278115975179,4.097321894087642,3.7903454678218877,3.51781978916907,3.5904694280899387,3.881092160082457
71.08,4.1895790663376475,4.0869253074353455,3.7777575518738318,3.5070088944995694,3.599057553135639,3.8961849545014284
71.10000000000001,4.196092741509788,4.085713694129404,3.754517999051318,3.5077535379233233,3.6174654710642105,3.9017859784189244
71.12,4.193608427124217,4.075265333753996,3.742013606211202,3.4966607165182784,3.6255583314383113,3.916903231849152
71.14,4.201146840149801,4.073983875099695,3.7188311909400262,3.4971622336603434,3.6435170547968765,3.9225232839858895
71.16,4.198788831648238,4.06344384573939,3.705390244409303,3.4858325062520334,3.6511827175219422,3.9376825638160318
71.18,4.206439196821626,4.062053050132559,3.7024592978641238,3.4861314744110237,3.6687583440054388,3.943336979076848
71.2,4.2041657140644375,4.051373624299394,3.688652610214572,3.4746066593928324,3.6760607275762536,3.9585470875734448
71.22,4.211886037901519,4.030710906614181,3.6853779228250754,3.4747496170440635,3.693315172084604,3.964242571111508
71.24,4.209654470262909,4.0202806556200255,3.671216638853984,3.463076894433661,3.700313974768108,3.9795080946096495
71.26,4.217402174924278,3.9998251569182486,3.6676114419557995,3.463111157320224,3.7183498891242115,3.9852472673117876
71.28,4.215169615440452,3.9895900338444337,3.653110203386907,3.473496140931471,3.7250394211379283,4.000574003495329
71.3,4.222901849433917,3.9692893116075343,3.649191096058232,3.4729795034046713,3.742799590865133,4.006360835739562
71.32000000000001,4.220625085520746,3.9583220406500046,3.634367787380065,3.4828543862248087,3.7492380700572188,4.022655900679174
71.34,4.228298880406299,3.938170133851616,3.6301501626698247,3.48185543869345,3.7667781192616654,4.028429773578281
71.36,4.22593488225958,3.9273299270491977,3.615022279123148,3.4912884891540403,3.773022872672293,4.044712530354769
71.38,4.214583364873947,3.9072833367014224,3.6105295379081466,3.489874676587304,3.790397534633971,4.050467135193888
71.4,4.212512142251222,3.896528495472406,3.5951220313413668,3.4989329682404926,3.7964959022448976,4.0667297181625415
71.42,4.201416673407269,3.876547996909363,3.589360402738588,3.4971704191482824,3.813749905222918,4.072455276750717
71.44,4.1995764910957245,3.865841033823493,3.5737496939331934,3.505914835175282,3.8197441916774517,4.088686346585535
71.46000000000001,4.188676265187917,3.8458857745356494,3.567797373025855,3.5038630805041575,3.836917238510516,4.094369587144161
71.48,4.18700689400188,3.8351883124883055,3.5520113904347768,3.51235799462056,3.842844717280845,4.110554489298347
71.5,4.176242718441406,3.814347479721497,3.5458976311988626,3.5100801014810465,3.8599715579709657,4.1161789689514965
71.52,4.174685606911568,3.803669351981149,3.529962795651305,3.518387826342694,3.8658646041221734,4.132300056871606
71.54,4.163995149187045,3.782818881310915,3.5237159291217095,3.5159446231971065,3.8829751562657164,4.137846484492117
71.56,4.162489305086673,3.772136418927687,3.5279868930726352,3.5241251038078123,3.888861347565291,4.153883415949764
71.58,4.1518177965575624,3.7512543979878687,3.521184896441704,3.5438525831068737,3.905980810638507,4.160245173906414
71.60000000000001,4.1503093062897385,3.740548022034691,3.5249430427482507,3.5514633106919633,3.9129268112709146,4.156172966414947
71.62,4.139609207789643,3.7196166088536873,3.517641849884406,3.5706657256574585,3.930021379145636,4.162804064759108
71.64,4.138051054570769,3.708871089099178,3.5209435881993523,3.577788357521085,3.9369386301207276,4.158971163955087
71.66,4.126435255352963,3.6878770809689505,3.5132003415393127,3.5965452366488893,3.9540286580429598,4.165824967586267
71.68,4.124819722717839,3.67618746667094,3.515088671713818,3.6032517907936086,3.960935024539112,4.16217993054606
71.7,4.11311144555995,3.655159464400064,3.507008090984068,3.621627455919616,3.9780358009098853,4.169204706870602
71.72,4.111388471625032,3.6434263071870605,3.5085882272449935,3.6279809720879346,3.984944116358436,4.165699899117983
71.74,4.099539251839672,3.6223545378283686,3.5002237881626024,3.6460412146357775,4.002065957011519,4.172847880592746
71.76,4.0786008111683,3.6105755928154535,3.501549644045148,3.6521052899280066,4.008984283731695,4.169435019419895
71.78,4.0669959368001996,3.608793866670311,3.4929553104644655,3.669911254249967,4.02613289173911,4.176658146401787
71.8,4.0462725492131,3.5965360211945123,3.4940811129669904,3.6757448110073847,4.033064836903422,4.173288919487551
71.82000000000001,4.03485647483768,3.593424689650381,3.48531084117861,3.6933529434210475,4.050241571515346,4.180539107002639
71.84,4.014294719389618,3.580754635318453,3.4862868955512476,3.6990101849597687,4.0571865628478365,4.177165126880276
71.86,4.00301095748869,3.577243556564734,3.4978355486197783,3.7164721826920943,4.075435641604219,4.184394373407391
71.88,3.9817157313853784,3.564186621094452,3.4982590672613236,3.7220023737219394,4.082325317677921,4.180972652621949
71.9,3.9705546615517253,3.5602987514823146,3.509302173301916,3.73936962075856,4.100519307440576,4.188133981957433
71.92,3.9493454473908636,3.5468793495008595,3.5092470033534897,3.7459080506351277,4.107348858299789,4.184612067269787
71.94,3.9382655119914136,3.54264459122692,3.519857356434397,3.763162450110602,4.125487456036041,4.171556819542236
71.96000000000001,3.9171024990980032,3.5288943440392604,3.519400570925572,3.769595483532178,4.132253257070199,4.168336601789646
71.98,3.9060665485926442,3.524345837369017,3.5296541904941905,3.7867805521008617,4.150325023924034,4.155544403941784
72.0,3.8849145919680654,3.509424384313136,3.5288652573912835,3.793148909086219,4.1570136632937,4.152559677729916
72.02,3.873890100837527,3.5046358166423275,3.5388256874410473,3.810302736791196,4.175003772042868,4.139965578500175
72.04,3.8527137733421655,3.489475661738191,3.5377679314187076,3.8166416974704287,4.181598441348736,4.137152189355316
72.06,3.8408199212029253,3.4844828150427545,3.5475013511489286,3.8337969490917465,4.199488867269261,4.124693404053181
72.08,3.819633281473978,3.469117324700295,3.546239943237326,3.8401364783824232,4.205969725074922,4.121985038623211
72.10000000000001,3.807717487881744,3.463954694553698,3.5558098400624902,3.8573205743421677,4.223739606692545,4.109596715703501
72.12,3.7864998414101154,3.448423639315779,3.55440713430012,3.8636854939399634,4.231138421159227,4.106934405945592
72.14,3.7745433325667936,3.4431321561218464,3.5638740622538942,3.880920767714039,4.2272696758586426,4.094564729034467
72.16,3.753278546318761,3.4469655128846934,3.5829758733950614,3.887335800916874,4.23491822969215,4.091897192652938
72.18,3.7412672661946718,3.441151383964594,3.591938985607227,3.904643734858566,4.2312687511682405,4.07949149395118
72.2,3.719095422699297,3.4444962006196533,3.610586792234156,3.91112317005306,4.239118882760431,4.076765202275725
72.22,3.707055047559518,3.438217813581164,3.6191207550553735,3.929603123313094,4.235639698976873,4.063332085028413
72.24,3.6848330384783856,3.441133586631973,3.6373869478654375,3.936090639755101,4.2436485016270025,4.060537647057524
72.26,3.672753770247846,3.4335756793829635,3.6455668259828964,3.9545865965095337,4.240290336417838,4.046999651395979
72.28,3.6504742258662417,3.4361665830618704,3.663519107745877,3.961092563879417,4.248402106589386,4.0440919618147575
72.3,3.6383505100220543,3.4283003957405063,3.6714048163802566,3.9796124769481773,4.245114174770042,4.030405180548104
72.32000000000001,3.6160104616203386,3.4306254783270416,3.6891058038990625,3.9861421503929777,4.2532782788595975,4.02734240244916
72.34,3.602998110131559,3.4225102965181042,3.6967573892684604,4.004689039206557,4.250009535099998,4.013466314846075
72.36,3.599944750345087,3.424624570892435,3.715265061202084,4.011242930093178,4.258175259803609,3.989937321933146
72.38,3.5864869807375834,3.4358932740980346,3.7226787831821584,4.029820810101021,4.254874700924305,3.9762846783132684
72.4,3.583017674887013,3.4374246473328163,3.740980977896597,4.036399659315552,4.262991739607498,3.9529532493634214
72.42,3.5691424495056085,3.448155220346049,3.7482142299325067,4.055001876618461,4.259609028002564,3.9394725202861878
72.44,3.5652869264670017,3.449180186196684,3.7663654119961363,4.062702798919124,4.24604785514057,3.9153523494673044
72.46000000000001,3.5510255766117362,3.4594484984622893,3.773469874618251,4.081255321054303,4.243021512408686,3.9020371953468027
72.48,3.546812515855065,3.460041804384787,3.7915240983218674,4.088885232442659,4.229770166842544,3.8780437178651903
72.5,3.5321958013249866,3.46992185253351,3.7985502295138835,4.107377054228539,4.227024302026087,3.864853796976492
72.52,3.526813818827159,3.4701562172489417,3.816549752621655,4.114923255545617,4.214013257959203,3.840948513507771
72.54,3.511919658280446,3.479715968030203,3.8235371468770887,4.1333393036030985,4.211479087914538,3.827843312493847
72.56,3.5062788456083047,3.479657811357351,3.8415187433519566,4.140785227355868,4.198640989967021,3.803988249710841
72.58,3.491145259157343,3.4889671649332303,3.848501529679874,4.159106783754215,4.196251965445724,3.790937276222236
72.60000000000001,3.485284970600598,3.4886847810201966,3.8664966177930613,4.166432449599665,4.1835218220319845,3.7671040315011775
72.62,3.4699526858563083,3.4978109217749713,3.8745117113808005,4.1846375755495995,4.181213880983789,3.7531337149646333
72.64,3.4639150011989055,3.5170401620978025,3.892489832665831,4.1918256068172,4.1685293706304964,3.729342085400851
72.66,3.467844203004018,3.5256130364349754,3.900486435386153,4.187113594221983,4.166236117760986,3.7154010415854946
72.68,3.4612326427822033,3.54433528528736,3.9184738185577737,4.1946426239525065,4.153532806050341,3.691632803465132
72.7,3.463793817971358,3.5524347658317854,3.9264754868022465,4.190237849329979,4.1511968180991135,3.6777046955030106
72.72,3.456714740389246,3.5707231481515813,3.9444929453575885,4.198055611639025,4.137351236543332,3.6539415632444814
72.74,3.458841169443987,3.578420832201135,3.9525177228495982,4.193905231138554,4.134970232078185,3.640006157398886
72.76,3.451355210500087,3.596348754173449,3.970580461827564,4.201953360643841,4.1210398381171105,3.6152877741097065
72.78,3.453108012996346,3.604588688912881,3.978640987306823,4.199114776029235,4.118564725250916,3.6013772438720197
72.8,3.445271893262651,3.6221776098670433,3.9967634016996954,4.207280331190542,4.1045016815710715,3.597116086456708
72.82000000000001,3.446712807454395,3.6301022749103784,4.004876991976019,4.2045207597219,4.0801468323570536,3.582772893657139
72.84,3.438592613581558,3.6474228393306167,4.023067761408056,4.212750232037189,4.066391736465691,3.578088454347312
72.86,3.439783441010356,3.6550999989707416,4.031235623088968,4.210016585597316,4.0423145631474515,3.5633337184771148
72.88,3.431440848025473,3.6722172781619316,4.050492908842092,4.218256540914777,4.028806150420718,3.5582488345827525
72.9,3.4324435763941326,3.679709033271479,4.0586504218655515,4.21550148265543,4.004948119603867,3.5431076455719412
72.92,3.443460252369099,3.6966868051153816,4.0778979469218495,4.223703343643485,3.9916298046789755,3.537649173557953
72.94,3.4438993319939133,3.704053797505349,4.086041474941893,4.2208732409418115,3.9679372400226494,3.5212030705907624
72.96000000000001,3.4544023840311717,3.7209446996550453,4.10527357052631,4.206067499973519,3.9547573662685025,3.515441391561121
72.98,3.4543534315673217,3.7282366473790582,4.113394938256606,4.203622454645146,3.9300906220378895,3.498688787816821
73.0,3.4644172418053416,3.7450877562019746,4.132601744930727,4.189151173855571,3.917044211124712,3.492650342999
73.02,3.4639589022078,3.7721700313062474,4.140688911415357,4.1870097482654804,3.892470233814816,3.475619805069602
73.04,3.473660772252188,3.789452742535921,4.159856573101949,4.172792953509867,3.8795179667311483,3.469339588516454
73.06,3.472869271322008,3.796237421412822,4.168917372127152,4.170882520749451,3.8549992976362737,3.4520676991515375
73.08,3.482288026560803,3.813519723828422,4.187973504755008,4.156853468797986,3.8421067333693126,3.445584042850018
73.10000000000001,3.481240761172717,3.8203240922368744,4.196898671750262,4.1539943663417604,3.817610975266869,3.4281107348143043
73.12,3.490448096201053,3.837645391758791,4.194834376098993,4.1401427318721735,3.804743320797188,3.4205192243308757
73.14,3.489215652330575,3.844500659436489,4.204066040576837,4.137432666551404,3.7802384919599543,3.423525952777486
73.16,3.4982753546225696,3.8618893848376437,4.202280430806149,4.123693724997652,3.766278445786644,3.415378717572589
73.18,3.516557131648852,3.888714956755825,4.211772671571841,4.121068878155322,3.741787270254869,3.417870649260521
73.2,3.5250967645834486,3.905752403876609,4.21021852901807,4.107374650035935,3.7278286633608877,3.409223939044901
73.22,3.5429109635675213,3.932262152610259,4.219923374409232,4.1047688823412996,3.7033351211771213,3.4112624758375842
73.24,3.5510123980788904,3.9489868270154003,4.218551761141512,4.091060858289083,3.6893639644408314,3.40217847537667
73.26,3.5684386195751836,3.976074319076625,4.228419879730475,4.088416789923535,3.6648570674962127,3.403826300234718
73.28,3.576178814748662,3.9924633331848915,4.227185112245316,4.074639706815237,3.650864554670447,3.394368402115454
73.3,3.5932954021206482,4.019231551219513,4.237170662417356,4.071903314847521,3.6263385721595807,3.3956892389413893
73.32000000000001,3.600750013807953,4.035315729281883,4.23602102575074,4.058005429411431,3.6123212482284917,3.385921807780181
73.34,3.6176259020573593,4.041835600342429,4.246072320194504,4.055126276628257,3.5866733046295125,3.3869801869898724
73.36,3.6248611372468464,4.058082780929486,4.244955785631593,4.0410595482988825,3.572676099641278,3.376963231865495
73.38,3.641560281496809,4.064751037703255,4.255021159821137,4.014877647790795,3.569013359201897,3.377818880094015
73.4,3.6486374394718544,4.082029817152181,4.253885626701225,4.001109200874486,3.55455099003257,3.388334730945209
73.42,3.666053429685755,4.088787810352907,4.263918137514487,3.9751739151066743,3.550435159770543,3.3885873633648855
73.44,3.672983413137277,4.106160582163838,4.26271581107546,3.9616427633778777,3.535536835037205,3.398553342697376
73.46000000000001,3.6902849096773642,4.113005804687672,4.251514571485096,3.9358951648348444,3.530998695595089,3.3973526489032495
73.48,3.697124047446963,4.130462900337604,4.250663569668359,3.921401266159211,3.515697452372489,3.406897694830479
73.5,3.7143590103451416,4.137383411490543,4.239770812144642,3.895841580157161,3.5107619029349095,3.4053023515530327
73.52,3.7211531706281162,4.154911075012964,4.239192989136692,3.8815092640663336,3.493991815777681,3.4145007359397703
73.54,3.738369675687201,4.161890796310442,4.228531568302179,3.856091299641016,3.4887437112270634,3.4125794866316657
73.56,3.764951781150509,4.179471205569213,4.228156755643329,3.8418705569102802,3.471659985500214,3.4214984347844015
73.58,3.781752939752613,4.186490034083449,4.217657791780327,3.816547126694992,3.4661383330371285,3.4193231176760785
73.60000000000001,3.807964463924971,4.204101437482549,4.217417739569047,3.8023992945548692,3.448781404100301,3.428032829400815
73.62,3.824407713712318,4.212003918101725,4.207014385179833,3.7771350302410895,3.443028301527528,3.4464887372049016
73.64,3.85112812792631,4.229571128846963,4.206847165747926,3.763026963893274,3.4254417497938525,3.4545962159933605
73.66,3.8672153589495664,4.237407843753912,4.196479154704288,3.736644119895605,3.419502167344958,3.473443150362967
73.68,3.893605440907659,4.254908607242041,4.1963205930234615,3.722594823826444,3.401727186079025,3.480983478192508
73.7,3.9093903068956912,4.262651187856421,4.185918987419787,3.6962357682929277,3.3956484932405804,3.4993139546721586
73.72,3.935500262200597,4.259938758784342,4.164449918911669,3.6822240366769363,3.399878505745451,3.5063762800349223
73.74,3.9510233415705733,4.2680032915018105,4.154429414971826,3.6558697516119003,3.3921249316774196,3.5242766105485495
73.76,3.976890684462636,4.265579913112194,4.133287445749259,3.6418798191092336,3.3958539904649685,3.5309392381687355
73.78,3.9930186527697034,4.273912307801238,4.123572212432791,3.6155107382757374,3.387615922842128,3.5484848138335754
73.8,4.018624597645745,4.271727471282697,4.102683011443982,3.600394664119221,3.390910553862769,3.5548306692870937
73.82000000000001,4.0344909284887684,4.280277010078839,4.093201203130278,3.597369447189757,3.3822500824898065,3.572101552978048
73.84,4.059864716733295,4.278274484002803,4.0724881568375135,3.5817530806426596,3.3851720332360986,3.578203872713164
73.86,4.075495565374446,4.286984942493022,4.063165388476538,3.578257682147663,3.3761568877028636,3.595270327061651
73.88,4.080743382291318,4.28599140615544,4.042562699501331,3.5621595326481548,3.378773792480556,3.6011968479106495
73.9,4.096599611018151,4.294757956501582,4.032298411486129,3.5582149336456235,3.3694720273785097,3.6181237591123767
73.92,4.102912666550618,4.293782113273174,4.011800280771214,3.541653330354375,3.3718516448262132,3.623936894035181
73.94,4.11894263015331,4.302546795849068,4.001612511998095,3.537280083141025,3.362331309794688,3.6407874764881756
73.96000000000001,4.125411479417317,4.301531050989106,3.9811642608239457,3.52028229089067,3.364541156828902,3.6675177513046076
73.98,4.141605323252301,4.290010943118218,3.971000134224188,3.515510131952251,3.3771383571308995,3.6838811896299193
74.0,4.148217721192264,4.2893513201584055,3.950551856956337,3.4981077201785333,3.378747436365945,3.711104387963292
74.02,4.16456081568104,4.2781392277845285,3.9403635293596477,3.491833839771653,3.3907954803647438,3.7269915363187005
74.04,4.171305689353049,4.277759376153893,3.919870355228285,3.4741145720312256,3.3918897337321385,3.753774895890638
74.06,4.187783974992538,4.266779529532263,3.9096086676851662,3.4675379819786665,3.403473864962479,3.769255937779423
74.08,4.194639975881447,4.266604945241657,3.8890242935930224,3.4495374132381666,3.404137948224386,3.7956659032445703
74.10000000000001,4.212076425800799,4.255783467005548,3.878652049802576,3.442695288302559,3.4153418585497,3.810803227771238
74.12,4.21896675494451,4.25574620479283,3.856885861612686,3.4244524581496516,3.4156576472864466,3.836902471522276
74.14,4.236427829088327,4.245015358030129,3.8464168424478395,3.417381080841617,3.4265621067308896,3.851754235405669
74.16,4.243326215141898,4.245038682571463,3.8245203786509707,3.398933713709451,3.4266083665941283,3.877593548928423
74.18,4.260784236939811,4.234323367420463,3.8139293554452673,3.3916774608249214,3.4372908879328437,3.893137743531774
74.2,4.267661043104465,4.233450391733507,3.791879381132894,3.3965679921524163,3.4594998130251873,3.9187059188133597
74.22,4.285090419044481,4.222732343620966,3.78114201965031,3.388643868543157,3.4695378763732285,3.933984142067373
74.24,4.291913321553844,4.201487382323532,3.758916652773791,3.3917867620011624,3.491154202071976,3.9593239519517236
74.26,4.309275401479924,4.191156967469849,3.7480182963460695,3.3833221994208196,3.5006344008003216,3.9743755188455894
74.28,4.316009303078238,4.170245861386346,3.725598921489415,3.385958394854109,3.521741643972686,3.999522429903487
74.3,4.313179867084952,4.160225489045054,3.7134602350909187,3.3770192620592616,3.5307513095574508,4.0143795231786035
74.32000000000001,4.321083675823182,4.139572381397135,3.6908889182777322,3.3792110063913414,3.5514338261988683,4.039362273595522
74.34,4.318485133339147,4.129787005733676,3.6785932998529893,3.36985954607362,3.5600545990189456,4.05405468778651
74.36,4.326596071684964,4.109318696871607,3.6558688713639413,3.371674745659317,3.580390984385942,4.079823105975924
74.38,4.324168597098271,4.099699288906098,3.6434172970375456,3.361978983596425,3.5886987572748925,4.094310964962864
74.4,4.332432087678696,4.079348543275511,3.620543808581709,3.3634862811433552,3.6087660348013477,4.1198847549261775
74.42,4.330119916644501,4.069830630435521,3.607942606016416,3.353514781195929,3.616834375096192,4.1341859207060345
74.44,4.338475047473509,4.049534900111064,3.5838716244327213,3.354783275035377,3.6366989716023013,4.159580131535742
74.46000000000001,4.3362169781649635,4.039155103243796,3.5711739872057207,3.3682144008123562,3.645653488417501,4.173706188402236
74.48,4.344602971216886,4.018895048530672,3.5469868107058136,3.3687792694745893,3.665317492323839,4.198935968772078
74.5,4.342333421719339,4.008525622968925,3.5342035512885364,3.3815698395975544,3.674087617666297,4.213833576106362
74.52,4.3305000314833695,3.9882507747233267,3.509917012833575,3.3815272592863614,3.693614086449863,4.217630837701817
74.54,4.328615186041824,3.9778433459081066,3.49706772049682,3.393767105399457,3.7022637787753165,4.232767993900761
74.56,4.317119853305887,3.957508447257467,3.472703594919181,3.3932062018069553,3.721712877472391,4.2367896199903825
74.58,4.315540027754296,3.9470198488362804,3.458762763647012,3.4049830229167775,3.730294671554535,4.252141448649008
74.60000000000001,4.304304306448521,3.926584827764029,3.4560335771247597,3.403985738140603,3.7497157667511702,4.256360423825576
74.62,4.302951813183949,3.915971228025822,3.441611820003312,3.4153793687017853,3.7808307639578,4.271898283736174
74.64,4.2918994267128205,3.8944830505081414,3.4384452164615307,3.414030087484954,3.79976565561036,4.27628381514088
74.66,4.290698827072542,3.8837514773495654,3.423586534031616,3.4251228376701843,3.8304251218636187,4.291975350626549
74.68,4.279750725445492,3.862113471592681,3.4200279310419366,3.423502627501934,3.8499998831610176,4.296493376717354
74.7,4.27862455492398,3.851238024690867,3.404783447344885,3.434373451437817,3.8576005862054967,4.312309385470791
74.72,4.267710064538252,3.8294264356379335,3.4008855028101164,3.4325647342763013,3.8772261901708367,4.317870343844625
74.74,4.246319138192219,3.8183865509127535,3.38530934434393,3.443294134582009,3.8848917060269206,4.333718499490703
74.76,4.2358296963796,3.796383266175745,3.381127604666907,3.465148724344314,3.904601007187818,4.339278689219459
74.78,4.2148069991593236,3.784253481045388,3.365276771893505,3.4752778816142356,3.91235993383618,4.333785815742943
74.8,4.203791504646219,3.7620878166021137,3.3598106830677827,3.4965930587961536,3.9321737415623454,4.339780891688647
74.82000000000001,4.1830929706637,3.7497851101346886,3.3655369107950577,3.5062079689672507,3.940043964134119,4.3346793583564125
74.84,4.172365732992748,3.7274403721054528,3.35944095596109,3.5270677218237174,3.959977380326934,4.3410400548743535
74.86,4.151915955063725,3.7149547992426424,3.3645908423307302,3.536254476020908,3.9679709545951742,4.336264875355331
74.88,4.141403223944668,3.6924297353006557,3.3579405906051916,3.556742110814041,3.9880333064324502,4.342926197231351
74.9,4.121130978591469,3.6797624256386854,3.3625897856358193,3.5655808429545868,3.9972256261388184,4.3384119220950685
74.92,4.110763371051101,3.6561449456881596,3.3554613415930623,3.585773675589052,4.017358995745309,4.345314653693059
74.94,4.090601989940642,3.643339077542282,3.3596815121702623,3.594343428402308,4.026606561000531,4.341000909057378
74.96000000000001,4.080309831748638,3.6195674559263535,3.3521474871915453,3.61431678928496,4.046814244974285,4.348078985600074
74.98,4.060192427012666,3.606633985183361,3.3560149418994616,3.622684878984739,4.056117739279121,4.343899543147525
75.0,4.049916342107012,3.5827213564211595,3.3481518774707637,3.6436236830851922,4.076397358799712,4.351087307267601
75.02,4.028908450282126,3.5696763503447633,3.3517425965423477,3.651784346739312,4.085758475243327,4.3469765053548235
75.04,4.018633608777146,3.545637187222631,3.343631657690621,3.672551164530343,4.106107802999383,4.354204406081773
75.06,3.9975860757820962,3.5315751063782583,3.3470262100262675,3.6805693947498987,4.115515666697986,4.350093452895785
75.08,3.9872653845511756,3.507472574195281,3.3606150317344965,3.7012256037503524,4.13592125805132,4.33582339870454
75.10000000000001,3.9661281694750325,3.4933558938762665,3.3633926778594594,3.7091591224540177,4.145360551190538,4.332127551988581
75.12,3.955714741261074,3.4899281996069575,3.3764200579802073,3.7297586187679754,4.166870430169981,4.318224594543274
75.14,3.9344487475992276,3.4753190669785776,3.378674235440472,3.7376579938890107,4.176255000878361,4.314866299146858
75.16,3.923033892502522,3.4714418790084647,3.391232292766959,3.7582528519262,4.197701809996549,4.30125448538688
75.18,3.9016463844001716,3.456386537479585,3.393053144170424,3.7661660166062982,4.207011638722179,4.298148132515085
75.2,3.890094597194158,3.4511931455125002,3.40523073529924,3.7867958638153474,4.228373829384293,4.2847434918626375
75.22,3.868558265848874,3.4357873326576023,3.4067002015733796,3.818763220088768,4.237584868445064,4.28181128659874
75.24,3.856839496504047,3.4302683814242014,3.4185785368967085,3.8389315610870653,4.258836883589973,4.268537907820994
75.26,3.835127314113629,3.41456473604438,3.419779830658354,3.8715943836651716,4.267921215618143,4.265705120170066
75.28,3.8232223091514688,3.4087742658785785,3.431440375853682,3.891280916395025,4.289040420930991,4.252490285361057
75.3,3.800441749007642,3.3928281219622507,3.4544227347666427,3.9234869259007965,4.297972499259006,4.249685541690137
75.32000000000001,3.7883733540984927,3.386819046103554,3.465455673281341,3.94274501906039,4.29603398142657,4.236455029752568
75.34,3.765405591629858,3.391486887813469,3.487862657549187,3.9745436615363756,4.306365234854192,4.212026079977552
75.36,3.753166113598956,3.384849307941551,3.4983625409860313,3.9934181984631323,4.304641539260935,4.199204004078118
75.38,3.7300056554902503,3.3880372053940944,3.5202853145969457,4.024856088717493,4.315163658680274,4.175125328013133
75.4,3.7175927976495604,3.3808957074602435,3.5303360487611477,4.044517006033287,4.313594911579895,4.1626301843480515
75.42,3.694234751957679,3.383619187176803,3.5518551513808503,4.051453310817717,4.324254450293295,4.138822243032488
75.44,3.680762464454686,3.3760480370307273,3.5615440821302946,4.071250441684138,4.322785725990045,4.125597794484408
75.46000000000001,3.657251845641309,3.3783780150875042,3.582743822140243,4.078323551049238,4.333521741266941,4.10202872208502
75.48,3.6436243953380627,3.370447841010422,3.5921468608205522,4.098258490385793,4.33208666678086,4.089009506086711
75.5,3.619967497585015,3.3724594530244563,3.6130998368187064,4.105466904853843,4.342833119922762,4.065612922623846
75.52,3.606197947846293,3.3642450126996466,3.6233179851888404,4.125535571708317,4.341370770770735,4.052734582513481
75.54,3.5815367840786263,3.3660132009295327,3.644033323535293,4.132877837708615,4.329065039935907,4.029449255208345
75.56,3.5676771180090725,3.378482289001858,3.6540327289911487,4.153076540181867,4.328028785725076,4.01664806905702
75.58,3.5429154380609797,3.3796141778430973,3.674578922968213,4.160539827958731,4.31609958051009,3.993413568485639
75.60000000000001,3.5289870188597363,3.3915040810413033,3.6844241581319777,4.180853892487313,4.315406166565244,3.9806366915592633
75.62,3.50414814114796,3.392092815863854,3.704862276383319,4.189553795081052,4.303771525908621,3.956417178137707
75.64,3.4901769445257083,3.403495189367353,3.7146107296637445,4.209898178096628,4.303345298541543,3.9436598159044647
75.66,3.465284761254287,3.40363143421859,3.7349994225219114,4.218600294093351,4.291925704334433,3.9194195242681467
75.68,3.450413151756328,3.4146352252423937,3.766846872530917,4.238954745753524,4.291682129889536,3.9066422884524985
75.7,3.4462085534854365,3.4144026300276256,3.7867406881865433,4.247636852290636,4.280399989061179,3.8823391454519065
75.72,3.430904536654811,3.425089142903491,3.81812505235315,4.267976426575448,4.280262380075891,3.869503035268217
75.74,3.426311941076575,3.4245721507153952,3.8386128824210206,4.27661210233091,4.2690428319872336,3.845105561864493
75.76,3.410628970520757,3.4350237127793912,3.847350628036668,4.296913593542273,4.268937314630582,3.8311999455075267
75.78,3.405703407920708,3.455305041915739,3.8678775075718788,4.305478674181591,4.257708544389141,3.806727357711903
75.8,3.389693736074684,3.4651369846410445,3.876669661108329,4.301413767021685,4.2344446462870575,3.792733274526306
75.82000000000001,3.383616369300035,3.4848587214349647,3.8972659733094637,4.310412915418677,4.223650528833796,3.7681670080357015
75.84,3.367378547201364,3.4941619682089553,3.906139644394316,4.306744757217963,4.200760603855216,3.7540635980528423
75.86,3.3611006349341594,3.5134131036494316,3.926829372858446,4.31611693987425,4.19031496390696,3.7293860138236177
75.88,3.3654430441228964,3.522278110157286,3.9358051621732413,4.313928841523581,4.167714513055573,3.715163346405422
75.9,3.3585588573135787,3.5411462264386633,3.9566058504541046,4.323549352878385,4.156428815496769,3.6893792427341627
75.92,3.3623487690553904,3.549657306699464,3.9667397767143213,4.321564546460701,4.134098728723817,3.6750669118567196
75.94,3.354932276952551,3.568223999190464,3.9876074412350215,4.33137026380833,4.1230416635179195,3.6491710000191695
75.96000000000001,3.358243609221122,3.5764643196271275,3.9977959836151484,4.3295256871698085,4.100904250454517,3.6347704577988793
75.98,3.350373881942017,3.5957057815308824,4.018740448885112,4.339452674172282,4.090005589674735,3.6087664817982086
76.0,3.353285657940189,3.6036945076781812,4.028995696353699,4.337684646534964,4.067993603084005,3.594284778155827
76.02,3.345046253506603,3.622725661021855,4.050024872758826,4.34766873536216,4.057188026741255,3.568182228275337
76.04,3.347641857568998,3.6305367858501993,4.060346723621053,4.345913642154337,4.035239295972152,3.552638186944983
76.06,3.3391116152493137,3.649428043358108,4.081457477293723,4.355890861621496,4.024466670448322,3.5264944102932616
76.08,3.3414644589366405,3.6571286908279004,4.09184037647485,4.354085483194409,4.002518434400532,3.510912616063805
76.10000000000001,3.353571226907623,3.6759435479540414,4.114066384538226,4.339555441143036,3.9917188833957065,3.506661179811611
76.12,3.354421108084591,3.7047354850716148,4.124433855343701,4.338188403141943,3.9685997531231014,3.4905695180269976
76.14,3.365992665620047,3.7230608168546873,4.146639518658086,4.324039992239128,3.957773589092882,3.4858403681645194
76.16,3.366340914883355,3.75141715483684,4.1569799165642065,4.323018023816669,3.9345851906323728,3.469274208180343
76.18,3.377464700252118,3.7693252510140285,4.17915147006593,4.309159639847631,3.923691694159588,3.46312947802327
76.2,3.377397806983711,3.7982013748498975,4.189448109269464,4.308398903110111,3.900395300948133,3.4461826483450975
76.22,3.388153908474495,3.815699779586518,4.211572094939305,4.294747599598579,3.8893933643030647,3.4396792183716056
76.24,3.3877552999009417,3.844198660276048,4.221808082556791,4.2941670517636865,3.8659507836962246,3.4224005229989256
76.26,3.3982298832162696,3.8613512617127155,4.243860890127022,4.280642771677024,3.854811189116175,3.4155888234494434
76.28,3.3984541050270445,3.889532762527065,4.255061097039882,4.280164387449711,3.831195531318404,3.3980304176578513
76.3,3.408683062926238,3.9063995598000787,4.254520759767445,4.266695436674748,3.8187700816405936,3.3909685707735546
76.32000000000001,3.4296429395609755,3.934324615145901,4.266031202543406,4.266250073337712,3.795012185386494,3.373184981029471
76.34,3.439238035496513,3.9518488449301197,4.265769632827749,4.252756527564907,3.782432225805963,3.3659247317308987
76.36,3.4596198733687493,3.979505673723002,4.277540918332149,4.252266485687807,3.75851803129582,3.3690150028426666
76.38,3.4686853847415153,3.996765303053334,4.277506666087117,4.238678862181851,3.7457716905189176,3.3611650865241933
76.4,3.488584822005559,4.024194350638819,4.289481601202823,4.212317807775797,3.7216867096946644,3.363704551586706
76.42,3.4972095118602047,4.0412261175891135,4.289616469235824,4.199177501411339,3.708757517454061,3.3553402068245988
76.44,3.5167171989146353,4.068459919880766,4.301730797427559,4.173202484353376,3.6844941085893024,3.3574047531351026
76.46000000000001,3.5249887920664973,4.0852929222880725,4.3019707242790375,4.160428299846161,3.6713825378262173,3.348602051623364
76.48,3.544189093467846,4.113250228189867,4.314166387428982,4.134759906290035,3.6457994229560637,3.3502683856476794
76.5,3.5521889651338525,4.1298487069677465,4.314457074859791,4.12227547743693,3.63255658785826,3.3410985938359574
76.52,3.5711638528525134,4.157582067260319,4.326680036819445,4.096833253618291,3.60682190617429,3.3424391990947835
76.54,3.5789703085466833,4.173966265239669,4.326961568578788,4.08456107230617,3.5934589674263293,3.3329796201724884
76.56,3.597790626351147,4.2014927894149405,4.339152355680932,4.059276269184583,3.5675860641427932,3.334072173781817
76.58,3.6054715191904414,4.217675944641941,4.339364855960392,4.047150996426111,3.55411961826698,3.346517423659881
76.60000000000001,3.624201741914988,4.223656276433278,4.328880952690806,4.021960406086343,3.5281274224260946,3.3469414187851143
76.62,3.6537703769174614,4.241016793671568,4.329467334535414,4.008757742152512,3.513440493196594,3.3587783921703944
76.64,3.671948223184497,4.247201096880344,4.319313222183025,3.9836596292743347,3.4873958961097586,3.358630229733937
76.66,3.7010107520606743,4.264757496605437,4.320190531431074,3.970515951211289,3.4726629770988695,3.369953549592307
76.68,3.7187216677196027,4.271123729161585,4.310279788378473,3.9454554042257755,3.4701210256162387,3.3693282506240663
76.7,3.7473551340800357,4.288851966696169,4.311368817033189,3.932324347207417,3.454842234977114,3.3802310091298997
76.72,3.7646716157243416,4.29537370629223,4.301623688797266,3.9072582466498504,3.451802720692678,3.3792204655157794
76.74,3.792944451480811,4.313245623745828,4.302847427988115,3.8940987019051296,3.436031269955436,3.389792557835981
76.76,3.81079546749558,4.319892583588992,4.293192559198597,3.8689895357095523,3.432549359680346,3.388485483147583
76.78,3.8387161453917464,4.337881358459895,4.294476497049555,3.855766346323513,3.4163421347081773,3.3988176111536657
76.8,3.8562280849661756,4.3455269376178345,4.284839217562778,3.830582715154711,3.4113432766277927,3.419531697909889
76.82000000000001,3.8838555294689936,4.363544245433304,4.26343803505219,3.8172669707538747,3.3948122492292208,3.4292020252558455
76.84,3.901087200796513,4.371185499706917,4.254257399664137,3.790780186148047,3.3895148253632046,3.449318903605638
76.86,3.9284748879919826,4.367726772567218,4.233251836414839,3.777391712908945,3.3727116232580174,3.4584290517131815
76.88,3.9454716470276683,4.375804131261343,4.224432501320289,3.7507984543487165,3.367169376982301,3.478047590180957
76.9,3.973525771186511,4.372744016703341,4.2037297501583675,3.7373224947595234,3.350153791703644,3.486693179656333
76.92,3.990269883558314,4.3811987503865,4.195187942942442,3.7106102105635186,3.3444278877271065,3.5059098408098794
76.94,4.018090168537889,4.378477023737556,4.174705900429357,3.697037912363396,3.350914487976135,3.5141840897478764
76.96000000000001,4.0346179720409765,4.387243672100547,4.166362337474264,3.670200140691233,3.3445354017469247,3.5330846728895473
76.98,4.062237116966385,4.384794313942586,4.1460234632715265,3.6553436378280115,3.350428974052243,3.541069823972748
77.0,4.078577073303459,4.393806905275519,4.137803579289372,3.6284311922145482,3.3434779056752078,3.5597337302689884
77.02,4.106020164727962,4.391563529905016,4.1175285448928,3.613494800086607,3.348859183931975,3.567505761893294
77.04,4.123056564685027,4.400755940367315,4.109355943147148,3.5865121387377106,3.341423253656808,3.5860060621989445
77.06,4.150289163412401,4.398656516309089,4.089077660517374,3.5715025578768635,3.345258024444181,3.6159747810911416
77.08,4.167106171109966,4.4079671172816735,4.079798962846876,3.544459723537958,3.3374796239859963,3.633880568891396
77.10000000000001,4.172840559672359,4.406860615882716,4.059509866662356,3.52937888292278,3.3410138589898084,3.66329894563228
77.12,4.189923536229707,4.394578055156829,4.050196762388969,3.5010994066914156,3.332969697224918,3.6816412300457784
77.14,4.195917297062954,4.393907989445491,4.029847529095153,3.486009085255515,3.3362750022602317,3.710534089719433
77.16,4.21325835005963,4.38200832281249,4.0204417110941755,3.4577027104170592,3.351803304464411,3.7283740875511344
77.18,4.2203679651042725,4.3816876831339915,3.9999770413085725,3.4426243718808993,3.3544301169018906,3.7568225951100547
77.2,4.237893248337449,4.37008908774611,3.967573549088351,3.439326816119931,3.3693395216129565,3.7742410645467466
77.22,4.245160141213156,4.369119809726604,3.9474645355286073,3.4237268609733724,3.371384211963027,3.802320783374581
77.24,4.26284444660605,4.357788121286991,3.91535896953772,3.4199301191914526,3.385768995131007,3.8193852336036076
77.26,4.2702369487729115,4.357051868654438,3.8944439310275034,3.4038604626289395,3.387324665148427,3.848118924641025
77.28,4.288046983947306,4.345907191869482,3.8855273996323842,3.399613564947498,3.401275823050701,3.8648273615133504
77.3,4.295540329393444,4.34531942924627,3.864362793801863,3.381949408759036,3.4024360936372955,3.8932348642444983
77.32000000000001,4.313448431419922,4.334278746502526,3.8552060011714566,3.377356457798213,3.4160391494851283,3.9096466408371873
77.34,4.321007893547446,4.333763605823519,3.8337621310996544,3.359349754196175,3.416884305358955,3.9377832159508577
77.36,4.339849567537698,4.322752984133795,3.8243385562433683,3.3544655969535806,3.4302227062923127,3.953948978469758
77.38,4.347383288555707,4.300537104686524,3.8025984988470127,3.3361725381653446,3.4308346161008503,3.9818654281279717
77.4,4.366183167820609,4.289973011494682,3.7918121656198815,3.3310546485901287,3.4439876349936287,3.997831001289714
77.42,4.373652336626377,4.268143685385628,3.7698153099821394,3.3125295824133274,3.4683494654288918,4.02556551332638
77.44,4.3709228467927375,4.257931672757947,3.7587654702552618,3.307233053614303,3.4808635292426886,4.042313238534215
77.46000000000001,4.378764844356147,4.236397155971163,3.736507313933836,3.2885373460020966,3.505756604495511,4.069839347097703
77.48,4.3763691018279385,4.226454377171902,3.7251916199634314,3.283124225355047,3.5176633145031495,4.08638192368048
77.5,4.38452237702573,4.20513372561909,3.7026731666855093,3.289496770646232,3.54200185110537,4.113734695772846
77.52,4.382393296948187,4.195382151327142,3.6910949461831306,3.2834702951251176,3.553399573946388,4.130096989675124
77.54,4.3907903863802025,4.174199312660525,3.6683227454686933,3.2892763160159855,3.5772778829052756,4.157297348606912
77.56,4.3888607070462005,4.163637931899727,3.6564907924397265,3.2815509769117472,3.588257298152192,4.173497179603921
77.58,4.397434079954908,4.14256802392341,3.6323671321690556,3.286930254825959,3.6117555067829636,4.201513687336191
77.60000000000001,4.3956317995945495,4.1320881701991805,3.6203286515104076,3.2787951720632824,3.622394193366267,4.217500534761088
77.62,4.404314763849957,4.111061702476679,3.595983472195538,3.283821508215996,3.645596860492687,4.245309376452772
77.64,4.402578603643793,4.100596598728756,3.5837577058966974,3.2753556149812186,3.655974897147347,4.261093008061476
77.66,4.390650603046499,4.079555873056134,3.5592124047058817,3.280107115410899,3.6789539672062164,4.266088575314556
77.68,4.38934647115224,4.069054204987734,3.5468237868125274,3.2713885627837187,3.689139714335525,4.282179066891315
77.7,4.377798359139089,4.047951453861227,3.5221050975780956,3.2759423067313014,3.7119599960152563,4.287453167999889
77.72,4.376838172110048,4.015507847619631,3.5084853748301663,3.2923400703800287,3.7231246875224824,4.303823181297742
77.74,4.365583285166344,3.9938476458778958,3.4836720456291763,3.29620483741348,3.7457809492514476,4.309353115935494
77.76,4.364881350264483,3.9836427058750385,3.469964248029355,3.3119780687785316,3.7567924724597908,4.326936578238861
77.78,4.3529415333446515,3.9618273973345626,3.445085367440472,3.3152569832918966,3.7793438095318175,4.332629600426682
77.8,4.352460336620376,3.9514650715971467,3.4313247279976853,3.3305019625477734,3.790261758342877,4.350357838948292
77.82000000000001,4.340690177689508,3.9294576485379764,3.429567334563154,3.333289090181183,3.81276294596094,4.356175200883234
77.84,4.34035116485964,3.9189084298501418,3.4152711523401953,3.3480982592013966,3.823633708747951,4.374012691087226
77.86,4.328673177891267,3.896681530749702,3.4119525722161774,3.3504834738973464,3.8461272797864696,4.379916895603534
77.88,4.328400805261261,3.8630491583742614,3.397234228799211,3.3649403551368575,3.856989731303438,4.397825015150764
77.9,4.316740659283716,3.841106379541956,3.393518043782781,3.3670043077808036,3.8795108393573083,4.403775696045393
77.92,4.2948058465076615,3.807718209269584,3.3784344555443213,3.3811935009616025,3.8903966610553957,4.421713228105681
77.94,4.283571470968698,3.7860269937041666,3.3743829516613975,3.408411097440695,3.914075023653975,4.428641538870767
77.96000000000001,4.2620151750606245,3.7528532052385777,3.358997420473871,3.421848928778687,3.924939592001908,4.423758973704866
77.98,4.251124019467514,3.7313877019713786,3.3546748905242216,3.448375399425003,3.9486136521257253,4.431095062264944
78.0,4.2298666480685005,3.72039618523645,3.3390523445566775,3.462330573507505,3.9594859985591304,4.426578213837834
78.02,4.2192360464957,3.6976835344272656,3.3345247618352643,3.488197956796803,3.983183882913843,4.434251668572041
78.04,4.19819757007297,3.6864397463456164,3.3419819130091066,3.501527309341576,3.9940871527292514,4.430029655938961
78.06,4.187744044606569,3.6634564489269934,3.336794346987238,3.5268373386495813,4.0178219016039405,4.437969834208019
78.08,4.166843870748278,3.65196817335901,3.3436521932641066,3.5396384291511285,4.0287656527969755,4.433971626799805
78.10000000000001,4.156494715546306,3.6287241607337446,3.337894350533484,3.5644848024602545,4.052544006316301,4.442107900125695
78.12,4.134753633651493,3.6160637415444756,3.343169182965022,3.5768473326907384,4.06464207195897,4.438262672902029
78.14,4.1244827505076875,3.5926117126594597,3.3369798175068044,3.601310531705324,4.088399004020397,4.4465262821803
78.16,4.102767164078182,3.5797431335657364,3.3418670262285857,3.6133159909594164,4.100455987659371,4.4427649952667325
78.18,4.092509937002194,3.556096985473734,3.3353261334835267,3.637479167019304,4.1241913074141685,4.451086188865029
78.2,4.070762973046013,3.5430424747972378,3.339905635078711,3.649201714909853,4.13620440306112,4.447339201542827
78.22,4.060465794189797,3.519227316618094,3.3330921385779475,3.6731353016591,4.159911952491402,4.4327609403644015
78.24,4.038636145144057,3.5060142902516644,3.337442673021174,3.684641584349241,4.171872689955318,4.429470749461118
78.26,4.027349888577601,3.481110449735119,3.35378825435869,3.7095725374937305,4.195541094759254,4.415297300858706
78.28,4.0054355295972055,3.467803012578384,3.357462801936341,3.720849277394464,4.20744292711849,4.412369617737082
78.3,3.994039178568261,3.442799157573929,3.373196922126213,3.7455820533367294,4.231061668288046,4.39850837935826
78.32000000000001,3.9719971472609066,3.4294314528077363,3.376297873099553,3.7566909651060185,4.242885659060331,4.39585698170783
78.34,3.9386212568999466,3.426509324257668,3.3915155508552366,3.7812832164362353,4.267530971862774,4.3822236016165546
78.36,3.9169090474671946,3.4126229048206738,3.3941362918314764,3.792277730965949,4.279183758143674,4.3797711260326135
78.38,3.8838175570215574,3.409211728578151,3.4089284256109336,3.8167841160710636,4.303647453515262,4.366290568677439
78.4,3.861476688003689,3.393927000322168,3.4111583093180244,3.827713901649756,4.315105173863443,4.363956838345081
78.42,3.850536915919482,3.3901244403741764,3.425607079451479,3.8521752435985013,4.314966431388121,4.35054587068574
78.44,3.82796009425811,3.37445954759575,3.4275273438522085,3.8630772754493776,4.326744958656386,4.325264904486341
78.46000000000001,3.8167974641219575,3.370326575677025,3.4417158058790434,3.8875272508916123,4.326884116036177,4.312364482527927
78.48,3.7939722537247844,3.354343693748164,3.4434076670823086,3.8995909601858414,4.3389266061182665,4.287530784435613
78.5,3.7825779734316005,3.349943508992158,3.4574142808367863,3.9239886514593696,4.339293291691402,4.274055298097588
78.52,3.759498063884471,3.3337070304939167,3.4835243989802698,3.935992332709086,4.351547366614238,4.2496284798733255
78.54,3.74694554424214,3.329104860116509,3.4968438965130835,3.9603704551329577,4.352077415878554,4.236519833038062
78.56,3.7236475352822618,3.3126821620628744,3.5223216051934907,3.9723432410221786,4.365604869456736,4.2124133282826275
78.58,3.7108760755125134,3.3070101647615036,3.5350568284813444,3.996719996157122,4.366171351218192,4.199592744133106
78.60000000000001,3.687365499245037,3.3127787921709797,3.559995797816796,4.008682176226704,4.379711183686453,4.175735863398156
78.62,3.6743778435545416,3.3065651431780396,3.5722372170815317,4.0330733127492016,4.3802543723289995,4.163128884203231
78.64,3.6497518131453326,3.311848483097046,3.5967289342056397,4.045032500723015,4.393747267181111,4.139450320040376
78.66,3.6365968447542905,3.3051718192876987,3.608564211605132,4.070610006766923,4.394207136428556,4.126982824382626
78.68,3.6117901809680077,3.3100477709659804,3.6326923943671714,4.082492844409542,4.383075483166768,4.103411620211885
78.7,3.59848561569999,3.3029903031485626,3.644206303745723,4.107994676613395,4.383947313427663,4.091020741958943
78.72,3.5735182303009716,3.307540302436905,3.6680519519322363,4.119802907001269,4.373175544043441,4.066485438129554
78.74,3.560086939666615,3.3001833808229946,3.6793159013920365,4.1452284244585735,4.374373421026759,4.0541583914677455
78.76,3.534979587587412,3.304487799462138,3.7029466816204626,4.1569578222248635,4.363871330872141,4.029641506156871
78.78,3.5205264437871207,3.319272551486791,3.7150937928522234,4.182300510660478,4.365306493521868,4.017329802073949
78.8,3.495348329601775,3.3229070960487976,3.7385091173552603,4.193946889524385,4.354992355861199,3.9927800256555686
78.82000000000001,3.4808362849245755,3.33708536637902,3.75045349264543,4.21920063197301,4.356583877892993,3.9804356898414928
78.84,3.477681442477111,3.340153517018636,3.773714958890115,4.230748174518174,4.346378535525794,3.955812921664754
78.86,3.4626487289421863,3.3538218112273213,3.785514180513028,4.255895528188768,4.348048111594457,3.9423935795382157
78.88,3.45902077145933,3.3564177394519357,3.8086753376181406,4.268484443099491,4.337875213135232,3.9177099082765006
78.9,3.4435204706764804,3.369668730756799,3.820379061709958,4.267535851324473,4.314919964523541,3.9042126536901858
78.92,3.438560817543176,3.3718827362283292,3.843490535983362,4.280474510830972,4.305258833198636,3.8794413252953386
78.94,3.4226955266236527,3.384800903313328,3.8551459382001223,4.27984502536902,4.282750924876903,3.8658369815392692
78.96000000000001,3.4173995851667227,3.386714826341376,3.878245439483278,4.2930812789691615,4.272372301958883,3.840952102395047
78.98,3.401228545805252,3.3993850097049996,3.8898867374639274,4.292717298631691,4.250277615923404,3.8272175709379965
79.0,3.395656844196487,3.423532817895428,3.914063661830163,4.306191099960674,4.2402719359065335,3.8011904266465772
79.02,3.3792416561718115,3.4355349906404316,3.9256513412926575,4.306037853041345,4.218506404075046,3.7873543923632864
79.04,3.3734524700429174,3.45907403064359,3.9497886359208487,4.31969994023029,4.2087861225311585,3.7611993005466062
79.06,3.3559517238749472,3.470510506174359,3.9613500327979647,4.319700384626162,4.187264773099056,3.747256347294637
79.08,3.3500455444758863,3.4935302519706712,3.9854716409608106,4.333493631020636,4.177752521693768,3.720965214620838
79.10000000000001,3.354623352996478,3.5054166946045457,3.9970268498827317,4.333589751174892,4.156400930378746,3.706910407885081
79.12,3.348167851728004,3.5279538259277365,4.021155021994717,4.347456324158073,4.147024140345392,3.680485915687991
79.14,3.352244567746322,3.539387982555089,4.032721815354384,4.347589622950394,4.125772809931124,3.6653128762426657
79.16,3.3453253992382703,3.561532566369815,4.056866067420396,4.361471461286034,4.11646396787855,3.6388069165067547
79.18,3.3489777686947395,3.572600634179321,4.069512471379597,4.362766934892141,4.0952426101837025,3.6235533968815794
79.2,3.3416710219835934,3.5944351451097853,4.0936133137611765,4.350475224065017,4.085939814138458,3.5969787958736137
79.22,3.3449800636490954,3.605220645869498,4.106204281053542,4.352208360005481,4.0635530976047605,3.581659884640045
79.24,3.337366062541933,3.62682414973827,4.130269402323667,4.340299448600179,4.0542509105846385,3.5550293497771968
79.26,3.3404120723787254,3.637397367896628,4.142804374860813,4.342377431809465,4.031818418014208,3.5396607318302067
79.28,3.3548251966285267,3.6588366141581643,4.166829865899863,4.330759901804315,4.022468887350042,3.511976278249028
79.3,3.3571883513205747,3.669260374775106,4.179302575136259,4.333099110215664,3.999944572570241,3.4966211012212116
79.32000000000001,3.3709737163281623,3.6905945369281756,4.204361154981789,4.321689927304563,3.9904990589784575,3.4689388452670795
79.34,3.3727485971738207,3.7235292547148364,4.216690644610044,4.324215018851684,3.9678370896265385,3.4536249776831056
79.36,3.3860036610730386,3.7452234462355367,4.241600104142603,4.312938633941837,3.958258804858565,3.4493922773785592
79.38,3.387286165408274,3.7549651786687517,4.253778686560842,4.315569914140067,3.9354246047196426,3.4336265004217275
79.4,3.400108860044837,3.776612938221296,4.278529628716698,4.304347553132869,3.92568240126974,3.4289677704120107
79.42,3.4009947879020612,3.7863289044726947,4.290538982928718,4.305819977438768,3.902646923705394,3.411793582077366
79.44,3.413474375970306,3.8079734768797846,4.291168928554358,4.294641918063613,3.8915465105494498,3.4068075366382806
79.46000000000001,3.414046538054456,3.840370110232559,4.303514102768396,4.296130060569921,3.868329974143546,3.389307770882011
79.48,3.4262632137253046,3.861546156205533,4.304439312477329,4.284920663030967,3.8570369910027864,3.3840455074204714
79.5,3.4266053443392077,3.8944390300636273,4.317068807583279,4.2601088772664495,3.8336240452366503,3.3662777803418438
79.52,3.4386400022432073,3.9151399253504184,4.318242381692486,4.249384769936356,3.8221254828418556,3.360798052881802
79.54,3.4612217605754036,3.9475835130400223,4.331107554837694,4.224995313399347,3.798506757631085,3.34282239627137
79.56,3.472656375878935,3.967861910543264,4.332475388590098,4.214670058496494,3.786795537033857,3.3371860366518153
79.58,3.494699210640903,3.9999046825900457,4.346600807532983,4.190618237118222,3.7629675039054535,3.3425907607199936
79.60000000000001,3.50562748940341,4.019804206039188,4.348042373439728,4.18061554397348,3.7510425046694755,3.3363316015350737
79.62,3.5272218238069315,4.051491082401271,4.362218796335547,4.1568261221800755,3.7258299515438633,3.341159231133445
79.64,3.5377305542764645,4.0719662829116405,4.363678385283989,4.1470685659563165,3.713742139464377,3.333348129880708
79.66,3.5589601216952342,4.080509394085108,4.377855496033434,4.123459817138119,3.688344544760587,3.3377238938739096
79.68,3.5691283631559707,4.101106056325849,4.379281308943905,4.11386863506831,3.6760973921796927,3.329484155488261
79.7,3.5909563439887338,4.10976986746029,4.393402440167587,4.090370812822697,3.6505211096806702,3.3334863754032145
79.72,3.6008050070867554,4.130493643865805,4.39473708941899,4.08087965236777,3.6381296107942087,3.324900326361549
79.74,3.622355089548881,4.13927995482309,4.384654552082556,4.057428494426528,3.612391908176652,3.3286108378058583
79.76,3.6319599609497057,4.160124805851208,4.386378783913671,4.046762459797634,3.598710825359117,3.3197557763901777
79.78,3.6533041086801563,4.169954767568422,4.376635547232732,4.023359046714116,3.5728790290050925,3.3232455000326286
79.8,3.662733457532597,4.190855476904423,4.378666218073728,4.012707740332063,3.559110367633654,3.3378298994294826
79.82000000000001,3.6839403079750173,4.200718744782937,4.36918034768471,3.9892960596943383,3.5332098183765606,3.3406478817602814
79.84,3.693258280544566,4.221662913710205,4.371437616575496,3.9786122134379394,3.5193806953066082,3.3546179030832666
79.86,3.714383867223637,4.231544880192619,4.362130696750617,3.955148452935573,3.4934408850511054,3.3568604814522467
79.88,3.7236430759711703,4.25251514198592,4.364536865630923,3.9443904065978135,3.4795829111472925,3.3703111597328257
79.9,3.7447364789274102,4.262396529838726,4.3553328409624354,3.9208365015303395,3.452481826483908,3.3720713141601655
79.92,3.777426031928409,4.283371117711522,4.357812681514483,3.90996845462494,3.438672989563146,3.3850889215856714
79.94,3.7979748526038097,4.293233470502984,4.34863814208213,3.8850761944109564,3.436764785267677,3.3864545110888953
79.96000000000001,3.8301536652576402,4.3151179100658155,4.326926173506088,3.8741124188842098,3.422476016393115,3.3991303832017232
79.98,3.8502252275451614,4.324874518617584,4.318248596298376,3.8490873507462156,3.420116598089819,3.4001859640454533
80.0,3.8819606518622494,4.346641774651701,4.296971708447236,3.8380057167991746,3.405408415288676,3.412603071122014
80.02,3.901616718143086,4.356263685237698,4.288700318973448,3.8128277549060074,3.4026595593418048,3.437160427094809
80.04,3.932962296888341,4.354943825590914,4.267769397458885,3.8016116539743945,3.387594766042547,3.448868992300424
80.06,3.953128992699926,4.364910180437943,4.259817933075774,3.7762663734118167,3.3845203053291115,3.4727727044056733
80.08,3.9614342830723834,4.36389754303183,4.239148603170112,3.764904963101989,3.3691633744104603,3.4838746721207983
80.10000000000001,3.9817097839859237,4.3741535950867965,4.231435545674865,3.739383814789461,3.3658289912345865,3.507223632089405
80.12,3.990130159666074,4.373388210290253,4.210948098097845,3.726656532457813,3.349095998606672,3.5188111457708238
80.14,4.010529242550411,4.383873317163194,4.202286702887385,3.7010113106320173,3.3456098193529615,3.54163273120005
80.16,4.019081532750992,4.3832945409299615,4.181955720295845,3.6881443270208365,3.328739235005783,3.55272326229832
80.18,4.039618058312531,4.394885218618781,4.173418960174506,3.662366428078191,3.3251673360808662,3.5751095079472073
80.2,4.049197591924632,4.394370675244448,4.15318257544462,3.649364973412658,3.3335047993422595,3.585791280427158
80.22,4.069825832302358,4.406006829068876,4.144709747384667,3.6234628761324044,3.3293471362490443,3.6078303580487923
80.24,4.079481022442872,4.405500456854083,4.1245058377344925,3.6103374428769506,3.3371458518343347,3.6181875548413003
80.26,4.100200637413111,4.417121221411605,4.116036825791791,3.584324619549594,3.3324870948628655,3.6399555224605136
80.28,4.109928524875211,4.416561797606351,4.095808435345595,3.571091014371414,3.3398316198889404,3.6500604289534766
80.3,4.130733614396126,4.405044868650116,4.087288359889201,3.5437541166051347,3.33475528453785,3.67162604179021
80.32000000000001,4.140525924072734,4.404888093973503,4.0669841059015335,3.5304793691799086,3.3417235617295016,3.681543714608836
80.34,4.162305871628356,4.393723327659951,4.0339775062179335,3.5030841226643137,3.3363059458883693,3.7029685167927466
80.36,4.172093064769865,4.393890293319124,4.012973385854538,3.4897920449765896,3.3429799472956123,3.712760892506029
80.38,4.193863198493118,4.383000371676981,4.004780236163422,3.462359672387791,3.337301510882114,3.7350948861166158
80.4,4.203631086670711,4.383403481921997,3.983611964166572,3.449073595214924,3.3437611150910196,3.744751534777663
80.42,4.225381034271434,4.372702120297917,3.9752593261753058,3.4216344569483588,3.363288960504126,3.766978143067338
80.44,4.235115642976161,4.373262448317232,3.9538943872979724,3.4071761793923474,3.3690475177982138,3.776550460742373
80.46000000000001,4.256823721119494,4.362672527839519,3.9453531073779167,3.406584725253452,3.3879272858195755,3.7987170992097066
80.48,4.2665010187093255,4.363314030333581,3.92375759135212,3.3916189919610003,3.3930784393208255,3.808248732868745
80.5,4.28814179879695,4.352761458371266,3.890533119156548,3.3905724918295483,3.4114067760067774,3.8303954022660647
80.52,4.298633752099543,4.33025114223508,3.869237663187756,3.3751573482988326,3.4160451079722494,3.839922760072417
80.54,4.297265450487886,4.320189372548359,3.835167668811589,3.3737151777176027,3.4339138068779045,3.862086508302314
80.56,4.308088525909197,4.298108732386985,3.8141786228826446,3.3579065626581475,3.4381289475774213,3.872643409937397
80.58,4.307018002944016,4.287482190248372,3.7803731506771334,3.3561252828511967,3.455624729861941,3.894792353831354
80.60000000000001,4.318122340605624,4.265786217251917,3.7596576766061665,3.339986110262462,3.4595053020367623,3.9053291804990664
80.62,4.31729326755989,4.255506735780377,3.726086804093928,3.337929421988298,3.4767139678476524,3.927488811521108
80.64,4.328616303659206,4.234115490957698,3.705622999625228,3.321524474031584,3.4803384806080198,3.938027682421439
80.66,4.327970582044594,4.224104916590033,3.6968172317393257,3.3192577703459714,3.497335486809608,3.9602164318294326
80.68,4.339454164441851,4.202943034728228,3.6749019714241746,3.302653251906232,3.5007770491098227,3.970772655561248
80.7,4.338933013233048,4.193127706468701,3.6658250512594077,3.2990261562395466,3.5176323997935692,3.9930023930290406
80.72,4.35051853450402,4.172117531921439,3.6436197055784905,3.3092670761484424,3.5465129026728084,4.003585000493192
80.74,4.350062884458728,4.162422610930249,3.6342772218829134,3.304990835620953,3.5627208415358256,4.025861330470718
80.76,4.361691628101382,4.141498728716491,3.6117900017752507,3.314641626021354,3.592145030230335,4.0364731284545385
80.78,4.361242433220993,4.13186092502991,3.6021993896370343,3.3098003754461613,3.6077198349906903,4.059783184642968
80.8,4.372855937209366,4.109998132754853,3.579449867460077,3.318949717198427,3.6365562487713285,4.070365259995871
80.82000000000001,4.3732712662230515,4.100402841541706,3.5685124730233047,3.3136310174178143,3.6515915776177326,4.093645246425886
80.84,4.361749466166936,4.078542299650072,3.545570534675586,3.322354931550552,3.6799298655052803,4.104197483665716
80.86,4.362516351051048,4.0689371753191566,3.534449372623553,3.316635400878867,3.694505637325006,4.127445221443812
80.88,4.3512950194478215,4.047024924234137,3.511341964451198,3.325014018185932,3.722421718849558,4.137957947575939
80.9,4.352332560435654,4.037365423170852,3.5000657996036466,3.318973377800539,3.7366095860627326,4.161161813836163
80.92,4.341331530954984,4.015359121581197,3.476824034597476,3.327084880348371,3.7641712815104866,4.172622618740333
80.94,4.342561134069541,4.0056062417505665,3.465425890616836,3.320800766623409,3.7780349245008136,4.19570709528049
80.96000000000001,4.331707990339982,3.9834691931905346,3.4420850663324227,3.3287210489285077,3.8053067668676994,4.207022219928316
80.98,4.332143369443961,3.9726177948289125,3.430602168946325,3.349355843416158,3.8200356542122265,4.229969984128442
81.0,4.321412935257928,3.950360839216432,3.406066223065707,3.35655667283048,3.8470031947844054,4.241122540609812
81.02,4.321936940233235,3.9393758138978576,3.3945776021758274,3.376534063101286,3.8614335741087245,4.263913863312655
81.04,4.31125359170543,3.9169684899384505,3.394774180273487,3.383111851746101,3.888149441977384,4.274880659656263
81.06,4.288675777084627,3.9058223230469333,3.382768390993718,3.4025261931282964,3.9023301382822835,4.273254982586403
81.08,4.278486281051794,3.8832466461852495,3.3824793420658525,3.4085723434881885,3.928838991737631,4.28454693794953
81.10000000000001,4.256343810104218,3.8719236495231506,3.3700202771102936,3.427512919480106,3.9428112636657127,4.283213139103507
81.12,4.246563020386128,3.8481965206558724,3.3693105598685347,3.433113848067193,3.969150526560085,4.2947758720006375
81.14,4.22477249509822,3.8367266726069746,3.3564593180911713,3.4516648684346545,3.982948478043309,4.294687963189239
81.16,4.215314190251947,3.8128281263493515,3.355391645142007,3.45690181713826,4.010284532535144,4.306410124194109
81.18,4.193796731666219,3.8012071599417006,3.342215563917056,3.4763531319371013,4.023867134619731,4.306446389577659
81.2,4.184590101359266,3.7771350960857286,3.340858165579028,3.481236465361879,4.051008722369266,4.318277555107122
81.22,4.163271380793392,3.765364062430243,3.3263168416760784,3.500381024465125,4.064409001688149,4.31838101346304
81.24,4.154245027599883,3.7411218038114145,3.324790552361923,3.5049860222092373,4.091378598714166,4.330263619070388
81.26,4.133055681789892,3.7282273424685743,3.3349408040547948,3.5238953282786887,4.10461511340931,4.3303770024369
81.28,4.1232146115932276,3.7038606405171186,3.3327522565867405,3.5282971074378726,4.131428367566211,4.342253330700004
81.3,4.1021310713209145,3.6908405134442606,3.3422879704104265,3.5470423962482114,4.144513167720662,4.342314425975338
81.32000000000001,4.092368582096877,3.666357894211857,3.339521802055486,3.551309171572,4.17117955603363,4.329763429321535
81.34,4.071334293933492,3.653227086659959,3.3485272843607614,3.5699550296017364,4.185265174797363,4.330258836727775
81.36,4.061596049574384,3.6286462636507535,3.345266721609348,3.60144557951026,4.211720066986495,4.31809662087537
81.38,4.0405599120923545,3.61542468040756,3.353824777255667,3.6194480147411596,4.225575146292637,4.318951883638082
81.4,4.03079697806815,3.589789625018487,3.3501511517065756,3.65035871651062,4.251821388007149,4.3070980096958165
81.42,4.009713258000083,3.57653915743446,3.358338272341301,3.667797856621496,4.2654464982892675,4.30823414386091
81.44,3.999876761419309,3.5508651862294345,3.3543263541006842,3.6982042654947658,4.265541269490113,4.296610473349331
81.46000000000001,3.977764813422551,3.5376125737614745,3.362221468577159,3.715151804552244,4.279507646159311,4.297951136149237
81.48,3.96785782547511,3.5119242176696077,3.3579484960974373,3.74631812319363,4.279920665891668,4.286477594662929
81.5,3.945639943022452,3.498696001706713,3.3656280498176074,3.7627604307696636,4.294197925459659,4.287944390100037
81.52,3.9356318292042385,3.473026120211373,3.3861399764049422,3.7934540378652644,4.294896091206175,4.276549002316689
81.54,3.9132794966051363,3.45887872581344,3.393125096187337,3.8094573534288605,4.309443073035224,4.278071929035973
81.56,3.903144960059311,3.456962634986338,3.41299396699779,3.83974029481136,4.311545283638241,4.266685749181492
81.58,3.8806297036850066,3.4423971873537558,3.419374935444087,3.855361822234285,4.326253603529236,4.268204007644168
81.60000000000001,3.8694125144439973,3.44011093583869,3.4386927377092933,3.8852928276549945,4.328478880872824,4.256766564683776
81.62,3.846759998669026,3.4251810248399917,3.444559358519316,3.9005858169499548,4.3433047219438015,4.2336927462924985
81.64,3.835397730903789,3.4225789044029216,3.463413095404625,3.930209382574881,4.345608633184752,4.222686947372218
81.66,3.812596531727762,3.4073443007885382,3.4688501098127844,3.945214148694084,4.3605064040795884,4.200000265381835
81.68,3.8010800806930245,3.40448680599939,3.4873216375229164,3.974567389185777,4.362843134704313,4.189343875164914
81.7,3.778124160677997,3.389008985556994,3.4924085636989557,3.9905020098470283,4.377765828535272,4.165930892183167
81.72,3.7664497537730988,3.3849930736484115,3.5105744548627538,4.019544215570033,4.380095168024743,4.155593458491724
81.74,3.7433333902017276,3.3931324308615065,3.5164982828226594,4.035160349402883,4.394995388657069,4.132445448560645
81.76,3.7314927523232475,3.388481999868227,3.5343711184998887,4.0639280285180455,4.397262967222552,4.12235735866112
81.78,3.7072581537272598,3.396047220044905,3.540024041948297,4.07925912049859,4.385975085567048,4.0994065500977825
81.8,3.6952966391637445,3.390842599698904,3.5576784901810834,4.107774399830356,4.388712398208415,4.089497805582313
81.82000000000001,3.67092459293635,3.3979080175444683,3.563131677428229,4.122839929538573,4.377845468110829,4.06667699359804
81.84,3.6588537430559134,3.3922278694262245,3.5806359429326573,4.151118742076621,4.3809767720710715,4.056888499381891
81.86,3.634357883711647,3.3988713816393177,3.611097567585571,4.165932108548758,4.370455377628009,4.034140630557336
81.88,3.6212562979278444,3.3927933655344495,3.627950945280109,4.195178331149983,4.373906343080955,4.024418540233896
81.9,3.5966959858509226,3.399086959602684,3.6578039960436066,4.209668976466194,4.363662585660622,4.001686715277096
81.92,3.5835372478131626,3.3926831614127377,3.674094000934502,4.210992330907058,4.367366669750792,3.990936248394058
81.94,3.5589336640037526,3.3987019771496616,3.7034221412797,4.22578493233944,4.357327737046606,3.968224856222692
81.96000000000001,3.5457363615694844,3.392047105805926,3.7192222876917054,4.2273779395111575,4.361208010724565,3.9574745314642095
81.98,3.5211101816911983,3.397864476979762,3.748095497566688,4.242443749836701,4.351298399639868,3.9347449645035733
82.0,3.5079018693159125,3.3910312353886276,3.76457576493533,4.24427614756016,4.355286446451502,3.923958224015795
82.02,3.4823383790650686,3.3967182861248624,3.792991215540516,4.2595889273680845,4.3454384246772415,3.901177107973493
82.04,3.469186010713682,3.413689979317065,3.809025212019872,4.261633343595558,4.349468264963034,3.890317639319651
82.06,3.467269558213254,3.418782024154139,3.8370459853870513,4.277157097135951,4.339616659083585,3.867451696019311
82.08,3.4536783361826715,3.4352146852838787,3.8526926760732656,4.279376563648605,4.343624957815559,3.8564939441757438
82.10000000000001,3.4513507894048643,3.439800422331241,3.88037332369169,4.295072939470184,4.333707275902565,3.8324702112148312
82.12,3.437375794582676,3.4557808323748964,3.89568358282714,4.29742837122994,4.31132167702716,3.8214377100655983
82.14,3.434688864073305,3.4599444473290903,3.9230707912643683,4.314468023041191,4.3018607761254595,3.797309163543866
82.16,3.4203825367739853,3.4755547417464783,3.9380878761623155,4.316844645579332,4.279893436262907,3.786188329699772
82.18,3.4173948133477796,3.47937564257287,3.9652259627159863,4.33389035295558,4.2708137033390985,3.761943463977368
82.2,3.401876494296695,3.4946931112898008,3.9799910869706063,4.336247679564801,4.249185402350796,3.750725949413047
82.22,3.3986870668985576,3.4982409303415545,4.007999733231338,4.353258639254644,4.240409369342625,3.726353445960587
82.24,3.3829767549626957,3.513333740552987,4.022471537812414,4.355560346215338,4.219045396538006,3.713988468062818
82.26,3.3796420800559965,3.5166835018695943,4.050201973837429,4.372500171620583,4.210500183219103,3.689534608518133
82.28,3.3637923980926128,3.5316235576996364,4.064409481944144,4.374701747412821,4.189324201254097,3.6770864561433307
82.3,3.360365095485933,3.5588688366543932,4.091887726160293,4.391526054953057,4.180936206430859,3.6525551058126733
82.32000000000001,3.368157604241687,3.5731843775297416,4.105852909742133,4.393582182951484,4.158692952841198,3.6400296093988262
82.34,3.364165240480162,3.599850056023257,4.1330979745552145,4.3824033583650115,4.150453444203191,3.615423613925147
82.36,3.3714384977196037,3.6145696740881945,4.147949350942661,4.384883458057615,4.128310031933888,3.602826173127418
82.38,3.3669609006001466,3.640679125683398,4.1494969562975745,4.374086475467831,4.120164431851729,3.577118329172644
82.4,3.3737988676327215,3.654870612605664,4.164621638448579,4.376922313246963,4.098068040106588,3.564504155927602
82.42,3.3689139444350853,3.6805073037158493,4.166429839797082,4.366434219170612,4.08996038018768,3.538763729116882
82.44,3.375389762184035,3.694245341532848,4.181808749022472,4.36955327848582,4.067857689798884,3.526150743776973
82.46000000000001,3.37017441979343,3.7194800186375128,4.183856266414575,4.359302770422916,4.0597435367000605,3.5003974188204885
82.48,3.376364463469272,3.732831688433505,4.1994663689956955,4.362634257490039,4.037592056884038,3.487807609213599
82.5,3.3708936805713114,3.757727644997626,4.201728137781047,4.352551952719424,4.02943214699664,3.462065215944776
82.52,3.376872239176581,3.770752710062211,4.2175428754760524,4.356027122000644,4.007194638984997,3.449524644080819
82.54,3.394119752406419,3.796323318638229,4.219990480124249,4.346045845943063,3.9989550628667625,3.448810075611514
82.56,3.3994747342738654,3.8090092645029703,4.23598562451132,4.349598253129413,3.976599728301531,3.4347270145557083
82.58,3.417071632469183,3.834269689778988,4.238592245935596,4.339653314352354,3.9670424451556072,3.433594381912049
82.60000000000001,3.421834376210255,3.84667531336899,4.254734481380462,4.343219111364792,3.9445941324398586,3.419098120583111
82.62,3.438891746838077,3.8716807224881675,4.258586033561153,4.3332417913507495,3.9349315220963748,3.417598906334232
82.64,3.443150705517871,3.883851296855635,4.274776487322233,4.308756717685304,3.9123700656961216,3.4027422958768043
82.66,3.459754403423698,3.908648749770252,4.278641974087694,4.299318672000535,3.9025841883599846,3.4009302356340254
82.68,3.463593274883961,3.920626835564186,4.294844829632218,4.275311324022331,3.8798949549540893,3.385768044378161
82.7,3.479824291973483,3.9452504780374467,4.298688028775615,4.266329705095664,3.8699732352256055,3.3836986315186186
82.72,3.483321836332796,3.958026553640658,4.314865554228962,4.24271891657079,3.847146780664014,3.368287321067964
82.74,3.4992561152289268,3.9824480144197976,4.318653826313801,4.234115241053116,3.8370819150439264,3.3660175569682034
82.76,3.5024900513816903,3.995017957153139,4.334771229496047,4.210824303704001,3.812903911283397,3.3504150128483645
82.78,3.5182024893099486,4.019264330436107,4.338464036848451,4.202524721948303,3.8027431615349654,3.3469519660331364
82.8,3.52124051213553,4.031652197107295,4.328840827466758,4.179475058350761,3.7784440022936945,3.3563915380824687
82.82000000000001,3.5367902840509506,4.055744027133854,4.332967028515666,4.170159688408692,3.7681835936191836,3.35230883784582
82.84,3.5636686102229307,4.067967693844505,4.323732517811588,4.147347315755925,3.743756485561738,3.3611825004680402
82.86,3.57858301288523,4.091919516075455,4.328216888904445,4.138240712577919,3.733397497392451,3.3565566746408035
82.88,3.6048829478103888,4.103990744611179,4.319296963455308,4.115606568779286,3.708851562954145,3.364939981789943
82.9,3.619241396572047,4.128767559328196,4.324072593869553,4.1066513768526285,3.698405832010011,3.3598463505825698
82.92,3.6450387304511516,4.140632050766993,4.315405384415548,4.0841409880074355,3.6737549144910235,3.367813677074541
82.94,3.658917826234444,4.165207255516108,4.3204114548593955,4.075284595856398,3.6620290361355132,3.3623262657900503
82.96000000000001,3.685191073915259,4.176870795796502,4.311930863332472,4.0528483669061,3.6373453708643733,3.3699448937629466
82.98,3.698599203163177,4.201253358908515,4.317102425188095,4.044036710692247,3.625592369977373,3.3641353864745263
83.0,3.7244377212415136,4.212721079183799,4.308744006182483,4.021623313600752,3.6008959942023364,3.3714811180154336
83.02,3.7374408105975454,4.236908629851164,4.314017913265634,4.012814216191766,3.5891376093016607,3.365419967099171
83.04,3.762906997448109,4.248175504978561,4.30571905227625,3.9903846781698857,3.5644523615815356,3.3725617600166813
83.06,3.775563645444358,4.272161347683076,4.311034144376887,3.9815412238636725,3.552714177217339,3.3663172082285517
83.08,3.8007126794662294,4.284175807707948,4.3027343405605425,3.9578015184091737,3.5280676206825725,3.3733216360010747
83.10000000000001,3.813074411169297,4.283463090383245,4.3080367336768255,3.9489459797867394,3.5163733770404155,3.392260899424807
83.12,3.8379588210860236,4.295731456019159,4.299675926945838,3.925156168650292,3.5174302101932877,3.398628093006526
83.14,3.850986031655744,4.295247514452974,4.279072421008374,3.9162635253910745,3.505262357682133,3.416980471717437
83.16,3.8755937979775377,4.307735745376738,4.271172101921214,3.8923939763663546,3.5058733350419784,3.4227946800106595
83.18,3.888347881605619,4.307444717101489,4.250985450274986,3.8834371430279306,3.4932859284517632,3.440647885843373
83.2,3.912719544712808,4.320111045693046,4.243468078559226,3.8594698658543796,3.493505956197836,3.445989989411286
83.22,3.9252378331018196,4.319970113282074,4.223623009197285,3.8504339222410917,3.4805544887494397,3.4634227674301177
83.24,3.9494071736459087,4.33277132178259,4.216414866843867,3.8263559953677744,3.480439895787447,3.4683688308627287
83.26,3.9617204177082974,4.3327363737595785,4.196840096060723,3.817231132960401,3.467181098836154,3.4854550472696673
83.28,3.985714839452564,4.345628161216874,4.189871523967669,3.793034813025567,3.4667893852193044,3.4900762008543933
83.3,3.9978476448527234,4.345654157566964,4.170499955644765,3.7825443297513064,3.4532809783805805,3.5068847337124422
83.32000000000001,4.02259916842033,4.358591494623259,4.16370555656057,3.758285712873946,3.452665005779685,3.511247082975118
83.34,4.034512902137708,4.359613406665952,4.144467059115203,3.7477294977447384,3.4389594858318815,3.527845417592334
83.36,4.059057131903017,4.347932138133473,4.137784122873652,3.723410032001674,3.4381786356006243,3.532013735312232
83.38,4.07077451715787,4.349419577981094,4.117476723194542,3.712791351695446,3.423148136465873,3.549490778179699
83.4,4.095131763397208,4.338157411802536,4.110902093740503,3.688411381770136,3.4223119378323834,3.553454124054525
83.42,4.106670629477985,4.3400324432760735,4.090658010485578,3.6777269106920762,3.4342456797799557,3.5707614291723897
83.44,4.130856299833968,4.329112659198516,4.08414261197014,3.653290351268605,3.432813453599777,3.574578913033306
83.46000000000001,4.143149224648677,4.331305809465518,4.06391436216106,3.642552902003901,3.444196210238377,3.59177220068965
83.48,4.167112426832268,4.320664259024018,4.057413444204463,3.6168048193439155,3.4422436933437544,3.6209928129229483
83.5,4.179167660112742,4.323112505412424,4.037158060298715,3.606080561577602,3.4531452214644998,3.637557786261806
83.52,4.202910793377267,4.312681117975069,4.030624173207863,3.5803272591963147,3.4507402669793508,3.666205924661341
83.54,4.214728472303569,4.315317680095043,4.010296953084186,3.569634581083293,3.461233730721667,3.6822133202999736
83.56,4.213918873808549,4.305030339729168,4.003695220283105,3.543895995375113,3.4584479836061157,3.710355632754864
83.58,4.22603515628702,4.306816446234912,3.9832631841089032,3.5332568023467923,3.4686042438175555,3.725868797351259
83.60000000000001,4.225501167536859,4.296663570020317,3.976558684768816,3.5075564574308675,3.4655068988422655,3.753564844467294
83.62,4.2378771272269695,4.298561411376716,3.955989520711074,3.4969961164619394,3.475394259941951,3.7686400442121526
83.64,4.237579314987444,4.288483051149813,3.9479947922188052,3.4713609732421156,3.472051819064353,3.796956247162595
83.66,4.250179532929799,4.290433577810848,3.9273222999226602,3.4596462876519674,3.481735785183975,3.811578006980499
83.68,4.2510203682599945,4.280366130520073,3.9192142076222485,3.462765872983471,3.4782102915781525,3.8394674849270394
83.7,4.263761404278099,4.2823120180418695,3.8984138031042277,3.4505704621105826,3.487751772739097,3.8536900576672495
83.72,4.2647100040030805,4.272206065884357,3.8901702762894983,3.453258167298573,3.5112587938571393,3.8812037893002365
83.74,4.277553361893078,4.249327936897439,3.8692292818430825,3.440636520170258,3.520113205048779,3.8950691840348193
83.76,4.278570745560383,4.23968233952138,3.860839755877372,3.4429470455168443,3.542982025501171,3.9222459054496213
83.78,4.29147665855637,4.2172112481366115,3.839750559493465,3.429954343651909,3.5524254466894627,3.935789249570174
83.8,4.292522938568791,4.207954269137383,3.831209372594169,3.4319431284664694,3.5746713581109386,3.9626677754119446
83.82000000000001,4.305450657350889,4.1858202004394185,3.808812836836279,3.418640948931987,3.583517350675706,3.976944829694586
83.84,4.306485009868431,4.176884292656226,3.800167108976945,3.4203645741343136,3.60522469621806,4.003490021989643
83.86,4.319398417267872,4.155015357278908,3.7776432223973075,3.4068044620405167,3.6135595867078414,4.017427637324191
83.88,4.320384795115358,4.1463310640437445,3.7688957802606216,3.4083193543307355,3.634810743916138,4.043664558451253
83.9,4.333241046098164,4.124666457188206,3.746249000673858,3.394558260285551,3.642708645696943,4.05728516279989
83.92,4.334136847257467,4.116175659784575,3.7374067079331335,3.3959210825195374,3.6635747660261164,4.083232897009007
83.94,4.322378037304066,4.09465915726526,3.714645626456721,3.3820160612097463,3.671103651729439,4.096553154332429
83.96000000000001,4.323685093313598,4.085315356088839,3.7057194562079707,3.383283344527487,3.691649753236222,4.122225435294311
83.98,4.312292697652825,4.0639448381569245,3.682852321917906,3.369291205553813,3.6988715009301547,4.135257097592846
84.0,4.31393899988995,4.054725687084118,3.6726991863303065,3.370518991820533,3.71915652827718,4.135936126991864
84.02,4.302842298354809,4.033456077624126,3.649795321563074,3.3853205417366117,3.726127003439041,4.149197828869711
84.04,4.304769096933212,4.024312264302153,3.639611426329981,3.384667238534118,3.7462081711625594,4.150080559943959
84.06,4.293909431333794,4.003096736321372,3.616688785675287,3.3989433875030683,3.7529745203731513,4.163550610754795
84.08,4.296053792556984,3.9939900481013493,3.6064869590485342,3.397787403921292,3.772892173853498,4.164613930693296
84.10000000000001,4.28536891740434,3.9727931481260916,3.5835597034454376,3.411610338167114,3.779498705893786,4.178267488085475
84.12,4.287669972769049,3.963690050967922,3.5733629021850786,3.411267296489563,3.7992943770478176,4.179485345529962
84.14,4.2770998242089195,3.9424810271357598,3.5504556475614937,3.4246455940180276,3.8057867478436993,4.19329483347763
84.16,4.279499009260155,3.9333527967435735,3.5402964762276783,3.423883980194246,3.8266843330980262,4.194638705086552
84.18,4.268985906419969,3.911097260455443,3.5438157155343504,3.436893337493228,3.833022957193937,4.208580380160688
84.2,4.271427157342486,3.9019633963378855,3.533122150206792,3.435792452928846,3.853788158213601,4.21002577899621
84.22,4.260910874867474,3.879671470852987,3.534996431469165,3.4485094280264272,3.860007815984417,4.224066760548706
84.24,4.263335642495908,3.8705129982805047,3.523881473396612,3.4471315165564786,3.8806725068990393,4.225580216325805
84.26,4.252764415678774,3.8481614071043824,3.525361634604541,3.4596178920190424,3.886801947865441,4.239686019673071
84.28,4.230427078812073,3.8389574511999673,3.5138766097434715,3.4580281060766715,3.9073920589817406,4.241232677490607
84.3,4.2203042945227,3.8165342993975,3.515014535536311,3.4703473906383198,3.913454262810784,4.256406975712014
84.32000000000001,4.1983763063153985,3.8062823894447617,3.5032115865437823,3.4976024303747013,3.933990181170398,4.257888761342219
84.34,4.188637653908774,3.7838267867576447,3.5040556712534925,3.509161674969576,3.9400069622801364,4.27298743342378
84.36,4.167051402805865,3.7735396015342992,3.4919827390716622,3.535704227152258,3.960507941135396,4.2743691932764
84.38,4.15762600139755,3.7510483136352244,3.4925861313019473,3.5465890044502686,3.9664906440199497,4.289357064155193
84.4,4.13631863246783,3.7407243250307567,3.480296259031906,3.5725014973607014,3.9869658623341317,4.290602704801622
84.42,4.127145490127777,3.718198148930701,3.4807124798361,3.5827907965952295,3.9941150974593866,4.305443838517565
84.44,4.105096073931168,3.7078399428013684,3.468258916066624,3.6081490928646756,4.0145017704013615,4.306522949137886
84.46000000000001,4.09616202855768,3.6852791233801625,3.468541587868194,3.617920455377357,4.021546071512031,4.295190823203942
84.48,4.074307891498039,3.6748893011240114,3.4559774699094308,3.6427992274706655,4.041849791383203,4.296641944759229
84.5,4.065562728221931,3.651296738593017,3.456179997836198,3.6521179848283682,4.048792889832832,4.285640323715546
84.52,4.043855570565468,3.640926567733677,3.4700968304270274,3.6765795874796106,4.0690149291283815,4.287399807436599
84.54,4.035247836378464,3.6173374251608696,3.469668866441675,3.6855047284638376,4.075856232066416,4.2766660856143055
84.56,4.013638670454991,3.6069996031120746,3.4830066371451482,3.709604996546359,4.095993542117322,4.278671887207921
84.58,4.005127489251247,3.583427869063682,3.4820264732383435,3.718189407785803,4.102728374015568,4.26814517431265
84.60000000000001,3.9835773050643075,3.5731382160107885,3.494861919775052,3.741978424759385,4.122774021949465,4.270337082511882
84.62,3.9741702817623423,3.5496012987546175,3.493405184144287,3.7515048164088407,4.129394060732826,4.259958486254078
84.64,3.9526910084501656,3.5393743475039035,3.5058122223285637,3.7749578909141315,4.149343971974651,4.262273457156088
84.66,3.9433408454365093,3.5158889011619032,3.5039574226426,3.784151831633793,4.155844113231249,4.251981313494693
84.68,3.9219033503362137,3.5047323637902514,3.516012906008105,3.8073161259170063,4.176882719180936,4.254364108444946
84.7,3.912582676397381,3.5066269760220474,3.5138238229917853,3.816221792750922,4.1831729526776,4.24411120128637
84.72,3.891156283806181,3.4950370685514294,3.525589097302087,3.839143354784149,4.203998775098248,4.246514590812667
84.74,3.8818367613251876,3.4965400877524475,3.523131229652416,3.8478040312219086,4.2100643510402715,4.236248979427516
84.76,3.860400987586368,3.4845637807937586,3.534669674011903,3.8705167745336206,4.230661815456444,4.238622007156845
84.78,3.8510640731163863,3.4857227586290214,3.5320049945382057,3.878963678915298,4.236485279036027,4.228294532447959
84.8,3.829602944015362,3.4734082764953884,3.543376331485936,3.901495906519274,4.256836284182187,4.204428941236252
84.82000000000001,3.8202346477383227,3.474271878811844,3.5405630302800764,3.909754827429548,4.26239787413843,4.194579410285075
84.84,3.797756499226641,3.461668495851009,3.5518231115124372,3.9321295535512295,4.254708105608156,4.171138753308635
84.86,3.7883888467375493,3.4622815756744214,3.548915420003174,3.9402211760678707,4.260606750092296,4.160632974548013
84.88,3.7658872445349485,3.449435270021116,3.5601160453301945,3.96245664475455,4.253215618322042,4.1375992329125
84.9,3.7565100492521606,3.4488515861730127,3.5839389122299883,3.970397269846117,4.259394387862756,4.127472914144261
84.92,3.7339770807187693,3.4358618632601456,3.5945237674749193,3.993739634486165,4.252245155075067,4.104786442706924
84.94,3.724583723696115,3.4351606449931604,3.6177856089929685,4.001463502842324,4.258659397776026,4.094981550260703
84.96000000000001,3.702015190575518,3.4474744527569148,3.627832888142345,4.024599186403388,4.251708072788075,4.072586705892581
84.98,3.6916410921816314,3.446135388112778,3.650607504077015,4.032119298500003,4.258306343852545,4.063049309931332
85.0,3.6690864358721567,3.4578552316068203,3.6601819748379336,4.055059286121456,4.251502153608774,4.040889090261174
85.02,3.6587290542980475,3.455943513916876,3.6825311798640867,4.062383863593901,4.258233801315238,4.031564639847631
85.04,3.6361953960741475,3.4671378980127785,3.691691764605725,4.085134533164228,4.251526884244524,4.009592263036667
85.06,3.6258633989535496,3.4647213751190606,3.713671620566922,4.092267394624947,4.2583422340171255,4.000435778799341
85.08,3.6033612537462036,3.475457032276437,3.7224715926414715,4.114830954796224,4.251683871239578,3.9786088662645462
85.10000000000001,3.593066749483412,3.472601694181727,3.7441325808453896,4.121771950353505,4.258534505573614,3.9695798234820665
85.12,3.5706100058684225,3.482943369122619,3.752619726730362,4.144146867125043,4.251877366339689,3.9467849257465986
85.14,3.560368462636628,3.479713130170127,3.7740069181583045,4.150892300232314,4.258716337954051,3.9378940769393944
85.16,3.562126764803042,3.4897233657413933,3.7822237195051596,4.1730737095615345,4.252008788340328,3.915200449414556
85.18,3.551431908784901,3.486175195124278,3.8045022676613853,4.180861614681394,4.258785789835976,3.90641142161358
85.2,3.552760376701938,3.4959090536307413,3.812417200586921,4.202776701858498,4.251991116459125,3.8837848478671875
85.22,3.541653310419113,3.4921071460748836,3.8344236020468228,4.210274843953194,4.23069261273837,3.875071061003347
85.24,3.5425937606151923,3.5016273303687324,3.842081454534324,4.202354478627523,4.2243908383963955,3.852486968241729
85.26,3.531117020077719,3.497627515979855,3.863851808060419,4.210214040664677,4.203533548316133,3.8438265667988682
85.28,3.531712732392803,3.506988151994536,3.8712859314880466,4.202623914208829,4.197658111813723,3.8212648658374353
85.3,3.5199101724920254,3.5028434522144094,3.89285126787533,4.210801874397509,4.1771767422933275,3.812640298595184
85.32000000000001,3.520205661366458,3.512095737597898,3.900089794265395,4.203498370287778,4.171664382021679,3.790085249325624
85.34,3.5081222381910697,3.5334730919724184,3.9214758600440267,4.211951013038667,4.15149699037115,3.78039791217662
85.36,3.5081630521031864,3.542096157768988,3.928541594599466,4.204889921067959,4.146287893626738,3.757889222475946
85.38,3.494878998788202,3.562893961579786,3.9497687652306173,4.21357311327371,4.1263703209141385,3.748243222322566
85.4,3.4947481691980258,3.570953441213483,3.9566795772011303,4.206709903823014,4.12140231463537,3.725767637334976
85.42,3.48129646730361,3.591235680098585,3.977763672411915,4.215579331381176,4.101680279704946,3.7161520030212394
85.44,3.4810363270848104,3.598797879700401,3.9856697344771783,4.20886937059498,4.0969013718176654,3.6937057792484187
85.46000000000001,3.467459597949538,3.6196228280352845,4.006557951697224,4.217887142640142,4.077324315843621,3.684118434584207
85.48,3.4671126399301455,3.62669522045794,4.014261936144028,4.2112913396368805,4.072686381048508,3.661701635364596
85.5,3.4534581850310637,3.6470684018671053,4.034971582877024,4.220412736743748,4.053207723116953,3.6521443233164
85.52,3.4530716355640587,3.653714226399986,4.042483021036933,4.213886355863946,4.047433075083514,3.6286747951891094
85.54,3.4647105952436794,3.6736961601691496,4.063021177175453,4.223067349905578,4.028072787055224,3.6191913503892184
85.56,3.463755985597309,3.6799729827958614,4.0703453899448805,4.216560441593108,4.0223939980665575,3.595776294034776
85.58,3.474868213933232,3.699618252342257,4.090715104968677,4.225751720269105,4.003108612353675,3.5863738773277296
85.60000000000001,3.4734111181114793,3.7055779941772573,4.097853559249586,4.219221970003898,3.9974898836383153,3.5630218335254904
85.62,3.4840614224551683,3.72493585514252,4.118054183283515,4.228382163100158,3.9782458911038665,3.55371064691496
85.64,3.4821654399374986,3.7306251782155,4.125004881607564,4.221788382438423,3.9726552440905163,3.5304332366757065
85.66,3.4924165686849653,3.749739703721324,4.145032508578741,4.230877397230677,3.9534229967578667,3.5212264793626136
85.68,3.4901431183600558,3.755200142308787,4.15179039416096,4.224179758985879,3.947832350598463,3.524671858735524
85.7,3.500055554088738,3.7741103681240897,4.171638228621043,4.233158976916392,3.9285861334857266,3.513915464981245
85.72,3.497463452586503,3.779378483958262,4.178195544203235,4.226319208335189,3.922971145429897,3.516954666386032
85.74,3.5070897039919755,3.798118574488572,4.198989607899662,4.235151670004193,3.9036821827331707,3.505792748954341
85.76,3.5042297117817665,3.8042247513467458,4.205266191828368,4.2281387400985775,3.898016668352856,3.508465312168732
85.78,3.513625310898238,3.8227743510022334,4.198542957876633,4.206881411746172,3.877437725055245,3.4969379282098187
85.8,3.5105561354078527,3.828689192891012,4.20514484682772,4.200327824301289,3.871759483946729,3.4992786925166954
85.82000000000001,3.5197779377680836,3.8470779462978415,4.198713915526408,4.179486802237872,3.851138800421726,3.4874220134989584
85.84,3.5165499063022425,3.852828882674237,4.2056004148089,4.173324808483624,3.8454359756659744,3.489472794785844
85.86,3.525647018719105,3.8710816039295195,4.199420929960088,4.152840819184795,3.8247630400055637,3.4773290960777357
85.88,3.5477965101814934,3.8766911193084876,4.206550734697262,4.147012478671279,3.819027203723335,3.479132381494915
85.9,3.556245287085887,3.8948275777042296,4.200581420901948,4.126829624415382,3.798295018002129,3.466744350279075
85.92,3.577788387165398,3.9003130536367983,4.207912938153422,4.12128041471043,3.792521242541866,3.4683426917310847
85.94,3.5856576576289236,3.9183483440288875,4.202112385019053,4.101346295635041,3.771726325163996,3.4557532744335266
85.96000000000001,3.6066607696962687,3.923722884287995,4.209603980983064,4.096025236023678,3.7659131716682257,3.4571895387481675
85.98,3.614014485598849,3.941667955585276,4.203930886639354,4.076291069710447,3.745055542302574,3.4444419199273604
86.0,3.634539149036034,3.9469406846769934,4.211541129934141,4.071150841674277,3.739205034782724,3.445759059429137
86.02,3.6414364263245167,3.9648026352355266,4.20595453751165,4.051571578860877,3.7182881841925663,3.432896418404176
86.04,3.661539370588334,3.9699789948451403,4.213642433469497,4.046568642431422,3.7111657435381846,3.433070487274542
86.06,3.6680345495117277,3.9887525431515494,4.20810195818744,4.0258121572475485,3.6902554392569242,3.447038271836002
86.08,3.687762100938563,3.993774279253456,4.215832169374381,4.0209582188766895,3.6831313870414273,3.446615519685685
86.10000000000001,3.6948571696412826,4.012399838630424,4.210296420649352,4.000311462559742,3.662223665709358,3.4600306187519387
86.12,3.7142092858618923,4.0172748076166895,4.218022838530025,3.9955721103024393,3.6551073238941023,3.4590773130425028
86.14,3.7209383694055376,4.035758752643917,4.212453199789471,3.975001967849502,3.6342129313423452,3.472005034446921
86.16,3.73996343938925,4.040485359697421,4.220137478374402,3.9703462578916677,3.627116342826024,3.471653959732175
86.18,3.7463724219519814,4.058824787827391,4.214496564296392,3.94982320820449,3.6062486885666507,3.484099680933429
86.2,3.7651193227885056,4.06339836178687,4.222101637825846,3.9452238190713613,3.5991919401669588,3.482214947913934
86.22,3.771254687894787,4.081587515912889,4.216353448434547,3.9247219893408882,3.578372719092831,3.494294290538622
86.24,3.789755524887492,4.086000714713678,4.196362015452587,3.9201553021231192,3.571367012635815,3.4931318020202715
86.26,3.795646947812313,4.104031285844761,4.191083995203816,3.89965275922969,3.5506081968213303,3.504845147661091
86.28,3.8139408906100223,4.108274497821471,4.1715158409955455,3.8950992738061214,3.5436784875860656,3.503334850099736
86.3,3.8196253516016636,4.126136356801406,4.16664858821864,3.874577915255757,3.550358742807622,3.514739553094795
86.32000000000001,3.8377407406537136,4.131200119363124,4.147445513624161,3.870021821663127,3.542942806425616,3.5118599596766997
86.34,3.843244448385311,4.148825079613744,4.142937893619994,3.8494603050368457,3.549163275210203,3.523057114838851
86.36,3.8612042211919975,4.153631099276645,4.124049248397578,3.843587972280921,3.541299927505079,3.521050291558979
86.38,3.866548041694097,4.144840183334033,4.119847236116155,3.823039213637315,3.5470950571581135,3.5320317550140814
86.4,3.885331471026672,4.149961288057157,4.101213746882579,3.8171762404708804,3.5388292340593543,3.5298215097659216
86.42,3.8904816678056693,4.141459893283865,4.097259945447185,3.796632198483051,3.544249516383043,3.5406399099786596
86.44,3.9090870095792636,4.146859879371944,4.078833123590393,3.790771863094886,3.5356263192734243,3.5382770488897632
86.46000000000001,3.914062253817327,4.1386057115694115,4.075081047081374,3.770227652767041,3.540717010094956,3.548976610843658
86.48,3.9325062409897713,4.144242522841582,4.056815692289403,3.764366429493186,3.5317814680020767,3.573584239139548
86.5,3.937321002199455,4.136193464575671,4.052049458683992,3.743820299632265,3.5365876651204675,3.5835972858164493
86.52,3.9556160158570735,4.142025358076951,4.0339638932907,3.7379525537961364,3.5273842546975955,3.6075573277618576
86.54,3.96028036401935,4.1341338533829335,4.029361752406695,3.7174002431758257,3.5319502530315643,3.6169495910363656
86.56,3.9784348175397355,4.140113702444431,4.011418020588469,3.7115290638025873,3.5225227087110205,3.6403252371306616
86.58,3.982955238736531,4.132339361628747,4.006943268784662,3.6909753219424655,3.5268922682608292,3.649157070461749
86.60000000000001,4.000974105631058,4.138427400211632,3.989106574723462,3.6851067909189674,3.517283692978286,3.672006194127983
86.62,4.005353809516864,4.130730608677422,3.9847257543413885,3.6632628719909466,3.5214998587289696,3.6803327158557075
86.64,4.023238975758113,4.1368879648069425,3.9669645821700747,3.6574596956987184,3.511745802463412,3.702708028149581
86.66,4.0284425429152515,4.129230085169749,3.9626409261769293,3.6356605179061634,3.5158450036361475,3.71057925019994
86.68,4.04613936098918,4.13542416818068,3.944920134493704,3.629931695537228,3.50598719131008,3.7325329305959656
86.7,4.0511392999233315,4.127772169621678,3.9406273894407713,3.6081872358048175,3.510010884667559,3.739997734161795
86.72,4.068647288852979,4.133965724273906,3.9229227444127917,3.602543888559005,3.528910332997437,3.7615719785716775
86.74,4.073441973839189,4.126282788344575,3.918638063735515,3.5808662945647742,3.5322500287510348,3.7686699016797562
86.76,4.090757863147353,4.1324400573915865,3.900928725881222,3.5753213504129118,3.550509620013444,3.7899018753869034
86.78,4.095343006641864,4.124690933207227,3.896632678308762,3.553724366783041,3.553232766290469,3.7977321793937837
86.8,4.112461019775022,4.130777817832066,3.8789012265897878,3.5482924745506925,3.5709182056190194,3.8185956986070146
86.82000000000001,4.116836007080228,4.122928979111198,3.8745778153524744,3.5267917988157977,3.5730937307336195,3.8260582612953047
86.84,4.133753317185416,4.128913219846719,3.855619003960657,3.521489451216869,3.59027235866364,3.8465877652477434
86.86,4.137908617386388,4.120933066791681,3.8513083177751226,3.5306783951961536,3.5919600738871393,3.85371486046158
86.88,4.154614566092811,4.126777763251825,3.8323354460481966,3.5248299068341993,3.608689564784235,3.8739401630128234
86.9,4.158539015175408,4.118630938683177,3.828027290972719,3.5335044290499567,3.6099452232536495,3.8807595193706756
86.92,4.148985078352014,4.124308521751771,3.809031109843658,3.527158447871122,3.626279420019506,3.900706007388338
86.94,4.153243412753838,4.1159683661358795,3.8047179170947714,3.5353672526348925,3.627155255447623,3.9072412539364474
86.96000000000001,4.1439923251301405,4.09495424227863,3.785692177263914,3.527279229912828,3.643144451368344,3.926930479597306
86.98,4.148544583131272,4.086991700580195,3.7813695663494578,3.535131052136969,3.643682815888067,3.933201360545798
87.0,4.140539539414516,4.066326462317339,3.762304627597174,3.526688692328602,3.6593671125329355,3.9526508809034393
87.02,4.145296414375432,4.058698639890659,3.757964228936101,3.5342257723885795,3.6596138712022857,3.9586779545348043
87.04,4.137466229560999,4.037317610016738,3.7388606548905665,3.5254711418953915,3.675037166402696,3.977905582997372
87.06,4.142389872685436,4.030025753110584,3.734499505357456,3.532735041918807,3.675034518564158,3.9837005700240864
87.08,4.134691536763682,4.008941288048769,3.7153562398268254,3.5237095281859117,3.6902370809990175,4.003785119616185
87.10000000000001,4.139739724668465,4.001944521452949,3.709792115215095,3.530741004670121,3.690023568438414,4.009291411071281
87.12,4.132143076348305,3.981117100926478,3.6906730812734425,3.5214800029193025,3.7050471343201936,4.029098425484332
87.14,4.137284932842345,3.9743712505248703,3.6851376150725423,3.5283133696367845,3.7046618678734826,4.03432593663859
87.16,4.129753711381246,3.953758975493163,3.6660493121196196,3.51885696663033,3.7195386666178187,4.05386400096331
87.18,4.13495319027255,3.947230303493565,3.6605499498975043,3.525531512995035,3.719012248406599,4.05881935587523
87.2,4.127452073913183,3.926800857516406,3.6415009085955283,3.515918640247451,3.7337710447329875,4.078093880642335
87.22,4.132674189137559,3.920458971137246,3.636047166309381,3.522472378764743,3.7331306289262267,4.08278068939761
87.24,4.125169055624314,3.9001833968919857,3.617047906404545,3.512740630767142,3.7477967954339704,4.101794240709684
87.26,4.130380096008281,3.894001274258057,3.611651259852447,3.5192101430886105,3.7470661673041294,4.106213425339336
87.28,4.121858358176422,3.8738539981270352,3.5927141689023645,3.509395622703377,3.7616617727636994,4.1249660446026555
87.3,4.127075698362002,3.8667756938309044,3.587387925937932,3.5158159102878077,3.7608614436320726,4.129111577623585
87.32000000000001,4.118531486158268,3.846780622490081,3.5966071267670983,3.505953079551383,3.7754053562224668,4.147596441547469
87.34,4.123718734363531,3.8398473065432475,3.59072901723211,3.5123571492628067,3.7757815362848484,4.151465454244766
87.36,4.11511693281875,3.8199851804721265,3.5994341935703527,3.5333901651250095,3.79022479099992,4.169685893238043
87.38,4.120245371076796,3.813178678104754,3.5930475362260825,3.5391274644211634,3.790492926737675,4.173279406434821
87.4,4.111557925832131,3.793432968983194,3.600109157492597,3.559538528965976,3.8048532373156774,4.163618262851802
87.42,4.116600708576072,3.786738149202458,3.593319226870577,3.5646619635446055,3.805029337201245,4.168625322579969
87.44,4.107801637190157,3.7670887340804278,3.6000025292881728,3.5845032655046896,3.8193211513861245,4.159205089293582
87.46000000000001,4.1127396218300225,3.760487722359146,3.592847233260161,3.5890689453054496,3.8194234846755393,4.164447060988377
87.48,4.103809665271745,3.7409246741190394,3.599190078756696,3.6083947610600586,3.833662464329527,4.155233332693495
87.5,4.108619532675124,3.7344089231034325,3.5917070176535026,3.6124551420387454,3.8336999908497265,4.160676057376213
87.52,4.099536088846176,3.713900765003111,3.5977469791754797,3.6313161300075443,3.8478935126313116,4.15163460104589
87.54,4.104196541896075,3.70750850038353,3.5899683176262838,3.6349200350845225,3.8478722046757343,4.157244155692192
87.56,4.094933681935135,3.6871016923138304,3.5957382580283284,3.6533631944929033,3.8620247387671127,4.148341049745362
87.58,4.099419997038403,3.680828704952384,3.5877010927125177,3.6565557776201763,3.861947791571905,4.1540839090495165
87.60000000000001,4.0899598138588,3.660520115910215,3.5932379591701267,3.674624495686699,3.876061115271309,4.1452856799997475
87.62,4.067844405490539,3.6543645425167814,3.5849786954269396,3.677447349271624,3.875929161998484,4.1511289076793885
87.64,4.058761941312607,3.6341536054293786,3.5903186892113808,3.6964750304682754,3.8900025776475236,4.142402994199225
87.66,4.037001084444602,3.628116282463362,3.5818728964273587,3.698889615248359,3.8898209283340104,4.148314893706541
87.68,4.0282579150116264,3.6080048698677305,3.587057167161694,3.7175382959000496,3.9038573089210553,4.139629800972442
87.7,4.006814995453132,3.6020888235606034,3.5784655858021286,3.719586810681764,3.903621117252608,4.145579664196401
87.72,3.998375959965998,3.5820809960718742,3.5835277221389705,3.7378967504735705,3.9176145450255615,4.1369049065180965
87.74,3.9772176389697487,3.575273965876711,3.5748231353408615,3.739617291995898,3.917317142955457,4.14178657577757
87.76,3.9690508609707655,3.582370665163819,3.5797907967216704,3.7576246476015833,3.9312599612897365,4.133152540981299
87.78,3.9471366551101883,3.575127795181707,3.5709994739812396,3.7590512425529563,3.930887834612453,4.138069247759355
87.8,3.939246564030698,3.5818160291271095,3.5759039529909393,3.776788148694803,3.9447665049935856,4.129441806937425
87.82000000000001,3.917577780159453,3.574164216796809,3.5670561652829957,3.7779508764680676,3.9443106463044924,4.134360565647629
87.84,3.9099392210012796,3.580475338662226,3.5719273129891302,3.7954456075867826,3.958115267696844,4.125712604992767
87.86,3.88849199962114,3.5724460744319178,3.591432112405893,3.796370790558408,3.957565358459976,4.130606825977743
87.88,3.88108275332224,3.5784117462402873,3.595663481009419,3.8136477214081705,3.9725204709848603,4.1219127707693115
87.9,3.859836215329676,3.570036575041363,3.6145660479155235,3.814357686313159,3.971791997686071,4.126763349080265
87.92,3.852637020315315,3.575688203287613,3.618212689330586,3.8314437785676088,3.986572530251841,4.118005319828441
87.94,3.831573261820696,3.5669986649469463,3.636566454470434,3.831962700937189,3.985656438516323,4.122788161230062
87.96000000000001,3.8245678317715543,3.5723677838307095,3.6396801674857255,3.8488746132651914,4.0002531608963645,4.113943160075478
87.98,3.8036718714130133,3.5633955065433187,3.6575353267841937,3.8492175905236508,3.999139287391312,4.1186359400965316
88.0,3.7958555007882104,3.5685136510441327,3.660164650036951,3.8659690517483294,4.013541930713656,4.109682775307312
88.02,3.775163098766591,3.5592857646166483,3.6775681079772538,3.866148320455913,4.012219193574193,4.114260046606367
88.04,3.767547538264875,3.5641796964460597,3.6797582813506606,3.8827503078366368,4.026416699114429,4.105174264424268
88.06,3.7470480226689946,3.5547279840779358,3.696753624604122,3.8827754246702284,4.024873316163534,4.1096179185292705
88.08,3.7396237157844174,3.5594292032736434,3.698546618233211,3.899236346702588,4.0388540167651215,4.1003825996956715
88.10000000000001,3.7459779877806754,3.5497850779340063,3.715174201938069,3.899114373882671,4.03707774031496,4.07666809687849
88.12,3.7381410434816322,3.554324400873388,3.716608775363076,3.91544025675637,4.0508296414148255,4.0678911916589096
88.14,3.7441083777154986,3.5445183745247273,3.732905766146454,3.915175950721803,4.048808196423666,4.044595426929015
88.16,3.7358790448563637,3.548925826989754,3.734017513209225,3.9313706273143967,4.0623196092174405,4.0362372951535015
88.18,3.741480376755827,3.538987777924417,3.7500179419762527,3.9322640722719844,4.060040846589592,4.013322044809834
88.2,3.7328799976679434,3.543292666599506,3.750839349820287,3.948259992622908,4.07330710138881,4.005346139119029
88.22,3.7381372969914977,3.5332516900263564,3.766580381594003,3.9489393379326048,4.07076488824087,3.9827762999457184
88.24,3.729188224542557,3.5374824513117913,3.768337178288112,3.9647405864056635,4.0837735847567265,3.9751492309914083
88.26,3.7341244000791427,3.527366736996631,3.7837833957135385,3.965215913470219,4.080955312339219,3.9528928099390908
88.28,3.7248498975580486,3.531556871919771,3.7852459480787997,3.9808300788474025,4.093694504448624,3.945584259834636
88.3,3.7294886917754724,3.5213987180898805,3.8004271617535643,3.9811015877267257,4.0905881214744975,3.923612328683438
88.32000000000001,3.7199128519596227,3.524553853280626,3.8016236727570245,3.9965276880005214,4.103046458575409,3.9154865875630667
88.34,3.7232900358811327,3.541725204778423,3.816560959608115,3.996593785108422,4.099640545839088,3.8938275454777913
88.36,3.7134784655018875,3.5453422043281106,3.8175104815976035,4.011829122563978,4.081970124804278,3.886000534108374
88.38,3.7166375425598126,3.561938765598685,3.8322327837635215,4.011686594081658,4.078915850252853,3.8646258251037064
88.4,3.7066184348177633,3.564993512368424,3.832962871068603,4.0267272207576825,4.061570757560789,3.857075841929036
88.42,3.7095870286435733,3.581065133553219,3.8474898647734523,4.026371998698741,4.058829589255968,3.8359652263357638
88.44,3.699382830713022,3.5836060546511663,3.848018752607355,4.0412129007791515,4.041772557767402,3.82867324555166
88.46000000000001,3.702183611358847,3.5991996640241544,3.8623672432905978,4.040639735009445,4.039308186784411,3.8078090926798143
88.48,3.6918170232297207,3.601272194631861,3.8627103866643755,4.055274815968753,4.02250420893789,3.8007586516098084
88.5,3.694472867279499,3.6164317335405323,3.8768944573862054,4.054477486302815,4.020282599588984,3.78012585340966
88.52,3.6839667176782855,3.61807831566409,3.877064682487925,4.06889978121672,4.003698972269771,3.773302993741961
88.54,3.686500580997212,3.632844740683201,3.8910958493454095,4.067871305340645,4.001688405768628,3.7811432610407634
88.56,3.6758776983745496,3.6341048338802375,3.891103512385083,4.082073184258475,3.98529476858731,3.7738998045805636
88.58,3.678312257346113,3.6485161313200334,3.9049908868034584,4.080806014541011,3.9834656280202374,3.781344376441746
88.60000000000001,3.6675948662317115,3.6494262343738475,3.9048440387451175,4.094779374584381,3.967233466794142,3.7736980267929567
88.62,3.669952422188844,3.6635174440177467,3.918594495019281,4.093265582150462,3.9655583123800175,3.780765338403639
88.64,3.659162517777491,3.6641111267802953,3.91829905060236,4.107002024620438,3.948205485979032,3.772734889328923
88.66,3.6614650938532547,3.6779143806644545,3.931917397087966,4.105233469647716,3.946717219935831,3.7783305619894443
88.68,3.650624312892022,3.6782223318441427,3.9314773066060456,4.118718428877339,3.9295197343517567,3.769989293870788
88.7,3.652888270831265,3.691766906363394,3.944966459069822,4.116680605472733,3.9281893020478824,3.775289738670587
88.72,3.642012307981001,3.6918169649984174,3.944383849641243,4.0981403858482555,3.911119931126081,3.7666558932755545
88.74,3.644259193256606,3.7051292954232142,3.957744950104677,4.096531301793866,3.909927025037592,3.7716795794613462
88.76,3.633369044598399,3.704946526863135,3.957020532097323,4.078382946267634,3.8929666208821962,3.762771998420726
88.78,3.635619678824559,3.7180503378230627,3.9702535888676116,4.0771643180003885,3.891893334978712,3.7675380314795364
88.8,3.6247355442802642,3.717657145039229,3.9693868079675556,4.059370270461405,3.875024888996212,3.7583761288894566
88.82000000000001,3.6270098954632943,3.730573538268289,3.9836952119770954,4.058505527564086,3.874055447043592,3.76290415847231
88.84,3.643213582558332,3.729989755626022,3.9826137873812546,4.041035734835559,3.857264073413796,3.7535078244599402
88.86,3.644921099045226,3.742742308182564,3.9967169030192284,4.040496111288617,3.8563848290746594,3.7578177171150484
88.88,3.66059101877022,3.741990196396704,3.9954215633511834,4.023315811023367,3.8396577854375407,3.7482067401068817
88.9,3.661776984159048,3.7545939413774163,4.009319731511138,4.023067607204526,3.8388571774232765,3.752318520149393
88.92,3.6769571888633594,3.7536873932636614,4.0078097875177034,4.006143915404879,3.8221837605264466,3.7425130083489155
88.94,3.6776643100278457,3.7661551847898935,4.021501983644383,4.006155346029788,3.821452230322279,3.7464469880476554
88.96000000000001,3.6923962301838915,3.7651059792958956,4.0197754880554974,3.9894573021117155,3.804823726326172,3.736467263260183
88.98,3.6926645969276377,3.7774485969790907,4.033259541441367,3.9896985360336474,3.8041536637855744,3.7402439229714073
89.0,3.7069870376974037,3.7762665070028056,4.031313504222447,3.9731971417644605,3.787563290804673,3.730110399202899
89.02,3.7068541221915687,3.7884927671280355,4.04458630725823,3.973640335780572,3.7869489705834947,3.7337502638773947
89.04,3.7208032703088207,3.7871856738148,4.042416900490991,3.9573085879628533,3.7703918118067725,3.7234833231275517
89.06,3.7203039372026456,3.799302546602655,4.055474607258698,3.9579279140376733,3.769829320293838,3.7270068363832998
89.08,3.733913378438538,3.797876559052022,4.0530773591120886,3.9417408303423898,3.7533022474232416,3.716626702732075
89.10000000000001,3.733079905821973,3.8109208656058398,4.065915572859816,3.9425124956728315,3.7515226652087033,3.7200540996428417
89.12,3.7463806531398895,3.809320835118257,4.063290906090954,3.926447133046556,3.7350887306017095,3.7095738769294866
89.14,3.745247707332592,3.8222039961299465,4.075910353846004,3.927342209288944,3.73340478130695,3.7129191851930443
89.16,3.758273239266673,3.8204366595022305,4.073052306119643,3.9113715981207346,3.7170617574214435,3.7023590688273855
89.18,3.7568673084237583,3.8331646525356264,4.085447233948228,3.912371133576116,3.715471835823348,3.7056423777328136
89.2,3.7696429043855124,3.8312349630532267,4.08234970343833,3.8964771336357367,3.6992187611850658,3.69391065067556
89.22,3.7679880828906516,3.8438120236892233,4.094514324684758,3.896244645438434,3.6977225658453587,3.697203153346895
89.24,3.7805307922055373,3.841723267230895,4.091171285016438,3.880480279853016,3.681547344774232,3.6854721390280827
89.26,3.7786437985989867,3.854152030181687,4.1030926953562705,3.8803755001836273,3.6801353197040716,3.688788826974969
89.28,3.7909749180862584,3.8519059438427696,4.099492156725205,3.864724843169278,3.6640404218262517,3.6770732430416833
89.3,3.7888758779068348,3.8641875863039234,4.111165801621776,3.8647325754762454,3.6627155753745817,3.680428315032254
89.32000000000001,3.8010144289757366,3.8617845309713585,4.107303049049332,3.8491814281673298,3.6467044533053343,3.668742142105266
89.34,3.7987212273287656,3.87391898087412,4.118724698177261,3.849288289238383,3.645470738531621,3.6721490158272823
89.36,3.810684041051375,3.8713581785265525,4.114595400296035,3.8338242406575835,3.629547714756718,3.6605054180177534
89.38,3.8082124117910174,3.883344315707228,4.125761253606514,3.8340186191862298,3.6284099148801015,3.6639766548979065
89.4,3.820014222849248,3.8806240126088163,4.121361564287941,3.818630999881072,3.6125800648368496,3.6523879064440847
89.42,3.8173778458165812,3.8924598289354053,4.102950987213961,3.8189030081562767,3.611543674066813,3.6559351430829543
89.44,3.8290313936118228,3.889577454368353,4.098933907092399,3.8035830750937354,3.6262973351267522,3.644412561976801
89.46000000000001,3.8262419985687854,3.9012604464234375,4.0808835252421405,3.8039248893530577,3.6246818997411356,3.6480461757171296
89.48,3.837758134452068,3.898213171031398,4.07721771633218,3.788665417985706,3.6388887619901227,3.665400875528798
89.5,3.834825610576099,3.909740427921613,4.05949724434025,3.7890702831966423,3.6367308172237234,3.6684896872600317
89.52,3.8462131829619497,3.906524845477914,4.056153343075461,3.7738653209751183,3.6504267991543764,3.685331111087899
89.54,3.843145280957413,3.9178929496378774,4.0387344771925715,3.7743280220133615,3.647761390473551,3.6879116360156257
89.56,3.8544113034373733,3.914505215416257,4.035685098486059,3.7591731176659775,3.6609810880218494,3.7042750116608767
89.58,3.8512142483804417,3.925710382064258,4.018541518565005,3.759689910457016,3.6578421888235573,3.706381302432951
89.60000000000001,3.8623642685026294,3.9221463518428528,4.015761257574526,3.7445820280396585,3.6706190619936305,3.722299425776368
89.62,3.859042865909318,3.9331845643144256,3.9988686236903837,3.7451505538549936,3.6670394925506824,3.7239631265816664
89.64,3.870081080689791,3.9294399260963218,3.996334050311489,3.7300879836967566,3.6794057960428885,3.739466417239045
89.66,3.8666388336865403,3.940307062528418,3.9784554569334523,3.7307071773210563,3.67541715354064,3.7407168245087856
89.68,3.8775682074062012,3.9363774595323697,3.9762008056909925,3.71568311731691,3.6874038708074557,3.7558333883172477
89.7,3.8740074357807415,3.9470632952084785,3.9585727026269075,3.7163477544089503,3.683036435584826,3.756697517967337
89.72,3.8848298191188535,3.942939192161623,3.956577114319706,3.701363391343519,3.6946731577250223,3.7714532159582017
89.74,3.881151752290378,3.9534404078423475,3.9391794362227968,3.7020752035917064,3.689955837632715,3.7719558764997996
89.76,3.8918679452436473,3.949118325686371,3.9374238102945993,3.685790857757122,3.7012707733323658,3.787490867278254
89.78,3.888072848290186,3.959431779927335,3.920238295850321,3.6866129975794353,3.6962245352132084,3.787590000539667
89.8,3.898688440004299,3.954908468803083,3.9186980608345094,3.6704184395931114,3.707243485095171,3.802744202712327
89.82000000000001,3.895777030370908,3.965031320757781,3.9017020147062405,3.6713516974533102,3.7019000548231955,3.8024651725634415
89.84,3.9062391269096626,3.9603086601284576,3.9003622252527514,3.6552480922030908,3.712648322477804,3.817268239342318
89.86,3.903162560857469,3.9702432836880797,3.883541495177157,3.6562939014591667,3.7070322866660077,3.8166386061695685
89.88,3.91347174708574,3.965318128170452,3.8823889023469325,3.6402830569926623,3.717533696854698,3.8311118831266984
89.9,3.910230390593757,3.9750618282046477,3.8657309763693957,3.641443406363511,3.7116681711641197,3.830151794705664
89.92,3.9203865634793744,3.9699315426447317,3.864753907820411,3.625527648547466,3.7207013206516684,3.844314478637879
89.94,3.9169801168059384,3.9794821600477897,3.8482478247983116,3.6268049822288395,3.7146768806811843,3.8430355096022075
89.96000000000001,3.926982569605807,3.9741446773916875,3.8474361159897366,3.6109812067254072,3.7248160900865233,3.8568981355227616
89.98,3.9234101661866765,3.9835006413619105,3.831072394498049,3.612372095742709,3.718578862271915,3.855323714844117
90.0,3.9332576583719647,3.9779545108035883,3.830417278194301,3.596649858373084,3.727281410935724,3.86890904353819
90.02,3.929518038332402,3.987114881477791,3.814187776983517,3.598164234612983,3.72091926263787,3.867046900985649
90.04,3.939209059201306,3.9813593072168723,3.8136818428743147,3.582540878083241,3.730763891194533,3.880361761356077
90.06,3.9353006863309914,3.9903238096522764,3.7975798085243615,3.5841756418729562,3.7242199885407015,3.8782316939611956
90.08,3.9448334393154045,3.984358681108413,3.797216911261484,3.5686610514299857,3.7339047104512706,3.8912953619353163
90.10000000000001,3.940754623588303,3.993127730448078,3.781236755930413,3.570426338251956,3.7271948977277964,3.8889082257335224
90.12,3.950127276375347,3.9869536435116495,3.7798012526197007,3.587724778617685,3.7367348288655995,3.9017309593655933
90.14,3.945876312969903,3.9955283612601455,3.764000791945072,3.5888856502766515,3.729873209594326,3.8990961830302826
90.16,3.955087030797139,3.989140512441576,3.762747111649043,3.6056117304777957,3.739281329052463,3.9116868843753725
90.18,3.950662264052957,3.997516457295643,3.7471200233483954,3.6062041172707326,3.732280221132963,3.908812599816037
90.2,3.9597092777226184,3.990917555997738,3.746042402449246,3.6223927029996568,3.7415680825016224,3.921178944153518
90.22,3.9551091301371817,3.999097940608871,3.7305832750031493,3.622450736609109,3.734438412712545,3.9180721189908767
90.24,3.963990833018594,3.992291369191923,3.7296768753955534,3.638134913265238,3.7436162103894284,3.930220687891155
90.26,3.9592139641102606,4.000280064226294,3.714381168749142,3.6376909248057983,3.7363675564606624,3.9268872581202396
90.28,3.9679290264951517,3.9932698668098654,3.7136419798658613,3.6529019951716926,3.7454441728076016,3.938823671014928
90.3,3.9629744088559833,4.001071385724334,3.7283567422289763,3.6519865178788864,3.7380848144903145,3.935268671815692
90.32000000000001,3.9715218504168477,3.9938622490663165,3.727115515585013,3.6667537760791586,3.747067875551143,3.9469977149497266
90.34,3.9663888368844122,4.001481452091543,3.7413552397995304,3.665395078011992,3.7396048528701,3.9432254084108322
90.36,3.9747680901245754,3.9940782151747825,3.739638150029836,3.6797458822553937,3.748500788216696,3.954751160293611
90.38,3.969456470517151,4.001520348847552,3.753428731822215,3.677970516904807,3.740939965606803,3.9507651593423017
90.4,3.9776674314680895,3.9939284930823034,3.7512611808210483,3.6919305278716847,3.749754078585639,3.962091112010725
90.42,3.972177478004383,4.001199419681543,3.7646277044501186,3.6897633520048427,3.7421002196879365,3.957894499894865
90.44,3.980220550703213,3.993425026163695,3.762034275111806,3.7033565473157974,3.750836765350008,3.9690236753921107
90.46000000000001,3.974553058387493,4.000531172877484,3.775000968814836,3.700820740651997,3.7430936138508804,3.964619120156585
90.48,3.9824291912417262,3.9925808686664284,3.7720053792645465,3.7140694362160427,3.7517558823420476,3.9755541817124818
90.5,3.9765855088847264,3.9995291707667366,3.784595571524356,3.71118652789672,3.743926247972094,3.970944045152293
90.52,3.9842962216144246,3.991410069340784,3.7812206306074407,3.7241114062559673,3.7525166525121874,3.9816874025589803
90.54,3.978278273491709,3.998207907885838,3.7934567080407664,3.720901308180037,3.7446025013125706,3.9768738431521
90.56,3.9858256746970566,3.9899275443224718,3.7897242728505875,3.73352145387233,3.7518806871627297,3.9874277518674663
90.58,3.9796359729204633,3.9965826789657,3.8016276404825384,3.7300025008746847,3.743952266082592,3.9824063711130457
90.60000000000001,3.9870227683714106,3.9881489404535304,3.797558576671217,3.7423294456311313,3.752469757389946,3.99276639762249
90.62,3.9806643798086703,3.994669437996876,3.8091496213206564,3.7385121156585495,3.7444546317295893,3.987546501748705
90.64,3.987893807411938,3.9860904901754592,3.8047637364546927,3.750568645197466,3.7528992032750925,3.997722307482115
90.66,3.9813703917592487,3.992484649028802,3.8160617288289354,3.746475359622468,3.744797569683951,3.9923059393862115
90.68,3.988446349217453,3.9837688587659734,3.8113777773952666,3.758275988829401,3.7531693170059297,4.002299786018416
90.7,3.981762174614654,3.9900451310343152,3.8224009824611387,3.753920602528264,3.7449809608651834,3.996689131495221
90.72,3.9886891269826146,3.981200987407838,3.817436663672426,3.7654784609521617,3.753279560588205,4.006503455709385
90.74,3.980850105914073,3.987367899677078,3.8282022428913933,3.760873481532218,3.7450038883415435,4.000700910549713
90.76,3.9876823478856793,3.9783988871337943,3.822974146311085,3.7722003813946494,3.7519859859995743,4.01033312784759
90.78,3.9797356588942274,3.9844597860578013,3.8334981143473295,3.767357040086861,3.743691088308594,4.004330355454531
90.8,3.986476427067222,3.975374958861131,3.828021659310497,3.7784575169599117,3.7519078433390063,4.013777332888684
90.82000000000001,3.978425445611129,3.9813388354904187,3.838318876645549,3.773379481437685,3.7435198648344286,4.007585185276807
90.84,3.9850783830896095,3.972147091348663,3.8326083215403974,3.78426973790511,3.7504112304737247,4.016858260042917
90.86,3.9769269994908982,3.976971355335059,3.842692449640562,3.77897305120868,3.7419982051585268,4.010474013518397
90.88,3.983496300732305,3.967737977728175,3.8367561026546237,3.7896553035279634,3.7501217509330576,4.019570601761429
90.9,3.975243987329832,3.9725321358436068,3.84663471168557,3.784141380962668,3.7416098590012696,4.013005746011223
90.92,3.981729198355529,3.963262655240902,3.840485149592582,3.7946296621857907,3.7483988296337896,4.021937819576709
90.94,3.9733812626073246,3.968032124785048,3.8501702259016723,3.7889124764843998,3.739856480393722,4.015190248384478
90.96000000000001,3.9797879231892064,3.958731762626148,3.8438188744130013,3.7992069947304192,3.746623091027014,4.023955847510041
90.98,3.971349981748942,3.9634816780039404,3.853321332323592,3.7932860780966804,3.7380461128527673,4.017031210590693
91.0,3.977683834764118,3.9541553389411694,3.8467784798478752,3.8033930580384303,3.744786273477595,4.025636309635091
91.02,3.9691617246767117,3.9588904889574343,3.8561080436672994,3.797274346242611,3.7361708189697813,4.018540620780226
91.04,3.975428727680864,3.949542700512989,3.8493828420195,3.8071992450997523,3.7441416319498333,4.026991551407556
91.06,3.966828474150613,3.954267469087398,3.858548152499863,3.8008879594729503,3.735414609058978,4.019737771697706
91.08,3.973034732441921,3.944902325261051,3.8516486831634644,3.810641638147048,3.742027063986874,4.028047993264436
91.10000000000001,3.964362512574113,3.9496206370470075,3.8606573347910267,3.8041487956950735,3.7332588460456,4.020635476008505
91.12,3.970514277211316,3.9402417475172777,3.85359068018261,3.8137286246314215,3.739838770685678,4.028804448417949
91.14,3.9617763105440438,3.9449570192829158,3.8624493318311526,3.807051126745828,3.7310268514262024,4.021240341701293
91.16,3.967879764303479,3.935567464341891,3.8552215836909096,3.816460901412709,3.7375719013737956,4.029275485622151
91.18,3.9590822145552185,3.940282561663403,3.8639358664797316,3.809602465928886,3.728714269518372,4.0215672623184
91.2,3.965143476640726,3.930884852393637,3.8565521531601235,3.8188456008159988,3.735222676397339,4.029476299333548
91.22,3.9562924131360244,3.9356020519531745,3.865126803300362,3.811809614746288,3.7263179093987064,4.021631727855879
91.24,3.9623174670762564,3.926198096593554,3.8575913819843786,3.8208892378989616,3.73278850545828,4.029422648059248
91.26,3.95341879228885,3.93091905557542,3.866030302795354,3.8136788507175767,3.72383579025801,4.021449756463697
91.28,3.9594134143434943,3.9215101333681646,3.8583466239439885,3.8225978963213167,3.730268027119802,4.0291307791795665
91.3,3.9504727922684664,3.926235866143468,3.8666529531111373,3.815216110432669,3.7212671749377795,4.0210378125725015
91.32000000000001,3.9564424811123433,3.916822608461293,3.8588237300187433,3.8239774083296023,3.7276611362108945,4.02861734070945
91.34,3.9474652672414017,3.921553470736011,3.86699991160947,3.816427166112893,3.7186125911044754,4.020412712494527
91.36,3.953415175696025,3.9121358497911904,3.8590271945562766,3.8250335276455973,3.724968998619221,4.0278992810987
91.38,3.9444063493705417,3.9168715304922506,3.8670750552626405,3.8173177944869465,3.7158738395896895,4.019591518651341
91.4,3.950341218950503,3.907448855855505,3.858960309711547,3.8257720940841944,3.722194053041606,4.026993738276054
91.42,3.941305318861994,3.9121883769537074,3.8668811387498874,3.8178939368274007,3.713053989508832,4.018591423685564
91.44,3.9472294178928937,3.9027593000343566,3.858625326998251,3.826199188766924,3.7193399993494554,4.025917919244432
91.46000000000001,3.938170481486129,3.9075010244247426,3.8664199590623247,3.818161849035266,3.710157359862745,4.017429625813882
91.48,3.9440875475306747,3.8980635509846886,3.858023624727518,3.826321278840649,3.71641177332293,4.024688971632917
91.5,3.9350090550404575,3.9028051984648053,3.8656925253625034,3.818128240705092,3.707189487427931,4.0161231968743225
91.52,3.940922242339654,3.8933567091593324,3.8571558800529275,3.826145350657594,3.7134155076132385,4.023323848702732
91.54,3.931827066158686,3.8980953804658043,3.864699232793344,3.8178004021514775,3.7041570808504654,4.014688944607937
91.56,3.937738898756245,3.8886326593249705,3.8560222442938357,3.8256790304230948,3.7103584789060577,4.021839169386961
91.58,3.928629258788573,3.8933648681089483,3.863440038887783,3.8171863184303483,3.701067960977143,4.013143270792599
91.60000000000001,3.9345415899587652,3.8838841387948126,3.8546225201691757,3.824930691372396,3.7072490413824997,4.020251075015576
91.62,3.925419015561818,3.8886058513387693,3.8619146411943976,3.8162947694458165,3.6979309875848156,4.011502026911946
91.64,3.9313329941052397,3.879102820937834,3.8529563395417767,3.8239095465978945,3.7040965467049305,4.018575084435417
91.66,3.922198293163984,3.883809503340599,3.860122654705612,3.8151354152965844,3.694755972803463,4.0097803690930585
91.68,3.928114337072303,3.874279413377214,3.8510233402473215,3.8226257267148394,3.700911250893808,4.016825949277583
91.7,3.91896757268243,3.878966085861185,3.858063787651817,3.813718866086334,3.6915535816711493,4.007992614081055
91.72,3.9248853506036503,3.8694037701476436,3.848823340561906,3.8210903416278077,3.6977042086071044,4.015017511150298
91.74,3.915725825768296,3.874065068073228,3.855738014207604,3.812056735500876,3.6883352204064987,4.006152098034966
91.76,3.921644246629029,3.8644650169457226,3.8463565098474324,3.8193155257433355,3.6944871554840115,4.013162562542072
91.78,3.9124704972962028,3.8690952580528286,3.853145742644018,3.8101616775428817,3.6851129131363716,4.004271039926148
91.8,3.9183877083586576,3.8594516884803194,3.8436235339045304,3.817314466066962,3.6912723793674935,4.011272713206616
91.82000000000001,3.909197505045431,3.8640449458153663,3.8502879774536347,3.808047405913523,3.6818991679701134,4.0023604112970546
91.84,3.9151108985947736,3.8543518768097123,3.840625773557842,3.8151014127276466,3.688072581374826,4.009358263767467
91.86,3.905901256761169,3.858902056739894,3.84716647397322,3.8057286956406133,3.6787068334651574,4.000429814093859
91.88,3.9118074855356904,3.849153389441649,3.8373654149993164,3.8126916715884196,3.6849007279367503,4.007428088225307
91.9,3.902574684786619,3.8536543141050386,3.843783884032244,3.8032213666754164,3.6755489466786364,3.998487368221296
91.92,3.908469686178953,3.843843915868543,3.833845610421574,3.8101015787318415,3.6817698950738365,4.005489526975842
91.94,3.899209298288127,3.848289409359479,3.8401438911652837,3.8005422493164267,3.672438574143897,3.996539610382656
91.96000000000001,3.905088327262772,3.8384112011143667,3.830070607486581,3.8073484567511007,3.678693106318124,4.0035482918508905
91.98,3.895795252929321,3.8427951786580548,3.836251333943262,3.797709131467138,3.6693886472450554,3.9945914056631984
92.0,3.9016529235199306,3.8328432247806625,3.826045866195907,3.8044505529334005,3.67568316581698,4.001608384581615
92.02,3.892321437686874,3.8371597841082643,3.832112316004166,3.7947406878974896,3.666411793585271,3.992645873192674
92.04,3.8981517728576027,3.826060734706948,3.8217781617593447,3.801426959591247,3.672752488271171,3.999672029952146
92.06,3.888775578343103,3.8303555830126803,3.827728524611501,3.791656391853098,3.6635201660508026,3.990704327084193
92.08,3.894566242493563,3.8192152652118243,3.8172649882002574,3.7982974914464176,3.6699129274565556,3.997739624766442
92.10000000000001,3.8851334944805327,3.823481040205035,3.823104548139509,3.7884763283218215,3.6607252712251106,3.9887662062177096
92.12,3.8908781373947923,3.8122922007044884,3.81251714360604,3.795082520756865,3.667175604666273,3.9946878113615223
92.14,3.8813821843186247,3.81652197766673,3.8182518943638892,3.785221139002415,3.6580377984181283,3.9857687909537907
92.16,3.8860475312189457,3.805277888556854,3.8075468647760986,3.7918029364776347,3.6645457710728038,3.9928778354222647
92.18,3.876531788317292,3.8094601823226197,3.8131835294167735,3.7819119112123056,3.655457240254258,3.9839410984545602
92.2,3.88118766918449,3.7981503029784403,3.8023678379052437,3.788479972252745,3.6620329122044875,3.9899188113210475
92.22,3.87164850158337,3.8022799065947956,3.8079138252021765,3.778569941809118,3.653003560627618,3.981023743888642
92.24,3.876280251314019,3.79089928728399,3.7969951657126404,3.7851350209669348,3.6596457090955923,3.987050495231776
92.26,3.866702831852528,3.7949716682113017,3.8012197694108694,3.775216723605731,3.6506735917795856,3.978191099923015
92.28,3.871301359254648,3.783516014819815,3.7902729589443696,3.7817835248336404,3.6573858935011683,3.984260509757975
92.3,3.861676638431801,3.7875210068325695,3.7944801640942676,3.770520673029272,3.6484741754975483,3.975430044535375
92.32000000000001,3.8662328197774682,3.7759813638793833,3.7835103327382726,3.777164424982448,3.6552531580827994,3.981535048717766
92.34,3.856551730031344,3.7799166269813322,3.7876994588517974,3.76596442077527,3.6463974936353836,3.9727260709876986
92.36,3.861056432315823,3.7682909450462367,3.776705941754299,3.772692141332305,3.653245873218272,3.978858881820777
92.38,3.8513099749025677,3.7721549291367285,3.780883886350387,3.761561990869503,3.6444484435278444,3.970063282497967
92.4,3.855754201707063,3.7604419512227483,3.7698739320329433,3.7683805478231283,3.6513679824638934,3.976215490265719
92.42,3.8459335631311933,3.764233956853834,3.774048283445702,3.75732714464384,3.6426299966472695,3.967424566296687
92.44,3.8503085390818845,3.752433341816462,3.7630298000816946,3.7642432444535068,3.649621461869934,3.9735871774168965
92.46000000000001,3.8404051763326668,3.75615360655908,3.767208795356024,3.753273285360631,3.640943121132352,3.9647916739177433
92.48,3.8447024341605847,3.744265975842824,3.756190304516543,3.7602933893093535,3.648006251077013,3.9709551563769026
92.5,3.8347081621897665,3.747915716559562,3.760382779503466,3.7494132894896905,3.6393867211562623,3.96214531588253
92.52,3.838919631390438,3.7359426939536293,3.749373361731326,3.7565435295969,3.6465202012273847,3.9682996517416402
92.54,3.8288267116269865,3.7395241416998286,3.7535886929768396,3.745759337783192,3.6379575935366564,3.959465270323553
92.56,3.832944807903591,3.7274683853718855,3.742597925337389,3.753005433271266,3.645159040511951,3.9656000150285977
92.58,3.8227460371463184,3.730984812194426,3.746845963951034,3.742322747763121,3.6366504023155346,3.956730504989148
92.60000000000001,3.826763751960005,3.7188500382717167,3.7358838498071885,3.749689922896496,3.643916357986097,3.9628348531748654
92.62,3.8164525509553404,3.7223057751944926,3.7401748475990066,3.7391138092749103,3.635457671847643,3.9539193119833875
92.64,3.8203635404717744,3.7100967721851075,3.729251738962524,3.7466067134011034,3.6427836060974457,3.9599821694175854
92.66,3.8099340414489635,3.7134972177000343,3.7335962672442387,3.736141624777476,3.6343697987466843,3.9510094545147694
92.68,3.8137327141343427,3.7012198510812677,3.7227227801629317,3.7437642553978385,3.6417501221806514,3.957019515792747
92.7,3.8031798465340043,3.704571469505273,3.727131641719322,3.7334139560324626,3.6333750828529485,3.947978324853576
92.72,3.8068614486162113,3.6922326758531123,3.716318565270082,3.7411695857172997,3.640803168991333,3.9539241564167016
92.74,3.7961810222102232,3.6955429849670614,3.7208027001185116,3.7309370788245433,3.632459777206143,3.9448031126278513
92.76,3.799741720182167,3.6831507550619604,3.7100608996855766,3.7388281867620505,3.63992799417586,3.9506732406472196
92.78,3.7889305047445507,3.685360701260464,3.714631285351374,3.7287156472893033,3.631608156837596,3.9414609825232025
92.8,3.7923674640473855,3.6729800932918972,3.7039658717850448,3.736743856221129,3.6391079084096503,3.9472439851574572
92.82000000000001,3.781417384965282,3.675212347067069,3.7086286093976195,3.7267525446324887,3.630802606037358,3.937929260388073
92.84,3.784723781426488,3.6628497472493153,3.6980508969755768,3.734918510303947,3.638324381657861,3.943613836883141
92.86,3.7736343392891953,3.6651111523635396,3.7028172863820803,3.72504872304233,3.6300237230643653,3.93418554198159
92.88,3.776810109769894,3.6827377796931784,3.723870597195841,3.7333521445246753,3.6375571563769147,3.939760617154419
92.9,3.7655819346646364,3.684370175258641,3.728045852008194,3.7236029528393066,3.6292504418199765,3.9302079621454253
92.92,3.7686279390849267,3.7013992285072885,3.748539288738796,3.732042032531691,3.6367843766387065,3.9356628167149283
92.94,3.7572623630032713,3.7024397502089816,3.7521653909881536,3.722411312785225,3.628460165716369,3.925975425902414
92.96000000000001,3.760180506922428,3.718908226371764,3.772140080785231,3.7309832897204007,3.6359827286322024,3.931299796805436
92.98,3.74765223414087,3.7204743879009667,3.775256881447219,3.721467931200294,3.6276289194175884,3.9214678091478157
93.0,3.7504937600868407,3.706316068547422,3.7947574392187753,3.73016905620744,3.635127603871704,3.926646842148043
93.02,3.737878125088556,3.706893811768932,3.797407568553763,3.7207649555601323,3.6267315206608313,3.916655652774514
93.04,3.740650395672625,3.7229467394441644,3.8164648806419756,3.7295905209948734,3.6341932544572155,3.9216808883361955
93.06,3.7279447909098526,3.7230109140436016,3.8186786752403656,3.7202925345296105,3.625741690677842,3.911522587741329
93.08,3.7306454689089352,3.7385812103522915,3.8373273360153135,3.729236747827091,3.6331529386190873,3.916386308114469
93.10000000000001,3.7178536575873267,3.7381684235070645,3.839138187926635,3.7214339871451467,3.6246323158119376,3.9060537241923075
93.12,3.720487193165072,3.7532923972387,3.857410645067696,3.7304209416946743,3.6319855556604885,3.910749032085956
93.14,3.707614236055625,3.7524384612775767,3.8588563077981,3.7212515098077947,3.623388755273004,3.9002359331512824
93.16,3.710186369979533,3.76715158663008,3.8767896463981546,3.7303451553808964,3.6306627663505013,3.9047569498434416
93.18,3.6972386230593894,3.7669727487216296,3.877891905506626,3.7226552221026115,3.6219682753277964,3.8940581003880115
93.2,3.699756377815921,3.781254486571116,3.895512246291061,3.731777326572487,3.629155254085591,3.8983999236427307
93.22,3.686746499691264,3.7806505207530865,3.8963093289630972,3.724097622718627,3.6203558193594105,3.8875111874012753
93.24,3.6892233661822718,3.79453932341044,3.913648850577277,3.73324059078602,3.6274408393688935,3.8916701590643608
93.26,3.676159713953166,3.793548211887968,3.9141641951313635,3.724176034443137,3.6185217694257394,3.880588684034597
93.28,3.678604674027275,3.8070813943770996,3.9312453590611978,3.733399985789671,3.6254836665941723,3.8845624010245094
93.3,3.66549687112978,3.8057398313588178,3.9327478982069177,3.725782006921108,3.616423722489083,3.873286563411873
93.32000000000001,3.6679201401667174,3.818953361338998,3.9495181195707425,3.7350114847245375,3.6232551901191066,3.8770738676627725
93.34,3.6547790293812397,3.817303210524656,3.9507138791068,3.7273793766740058,3.6140478779079763,3.865603399802127
93.36,3.6571920007813543,3.83023720515729,3.9672035157056587,3.7366023796580023,3.620734880243542,3.869204603130724
93.38,3.6440296119684037,3.828311443809627,3.9681140011609695,3.7289437354913297,3.6113666296741798,3.8575407021406978
93.4,3.6464448493467363,3.840998206173132,3.984343211398276,3.7381472580386714,3.617895670737165,3.860957581782856
93.42,3.6332743204313878,3.8388283637228766,3.9849874002766086,3.730448666343839,3.608353528294355,3.849102935360294
93.44,3.635705409748229,3.8512986783010437,4.000973833767761,3.7396187288477885,3.6147117842426635,3.852338797188117
93.46000000000001,3.6225408710738116,3.848914711964222,4.001368216681227,3.7318658828858977,3.604983544394103,3.839128793600338
93.48,3.6250023273407086,3.8611977592202025,4.017127057145235,3.740987645831792,3.6111589964247472,3.8422428352379128
93.5,3.6118533829237407,3.8586279712366127,4.0172856868235955,3.7317824957278942,3.599927805747899,3.828893862012687
93.52,3.6143549287802728,3.8707512158160085,4.032829703744253,3.740909245774293,3.605960104079874,3.8318826072075884
93.54,3.6310772117190258,3.868022113114839,4.032756290352525,3.7316773828588996,3.5945624365402384,3.8183927566451348
93.56,3.632965468209038,3.8800109859253533,4.048089190836801,3.7407850079490577,3.600441339242346,3.821261638876503
93.58,3.6491107774909537,3.8771466970345076,4.047794030582803,3.7315092596666695,3.5888671278548467,3.807636755643705
93.60000000000001,3.650432552366483,3.889024523710919,4.062924791063217,3.740580601300364,3.594583306064313,3.8103924458902543
93.62,3.666047008360917,3.8860473598305147,4.062415838950564,3.7326309868621173,3.582823506334898,3.796639918660505
93.64,3.6668479394764604,3.8978356497538376,4.077351175656373,3.741579784485297,3.5883753202196256,3.7992906193174845
93.66,3.6819764891636546,3.8947660716926618,4.076642115573888,3.7320991576251403,3.576427498480643,3.785419406916826
93.68,3.6823009811414398,3.9064844480860756,4.091393264647901,3.7409779940482024,3.581800561033649,3.7879749089288053
93.7,3.696987328514996,3.9033410409279643,4.090478831997187,3.7314019209474454,3.569651863310237,3.773995482296791
93.72,3.696878481703476,3.915007247514331,4.105040684277562,3.740193402216842,3.5748403677590406,3.7764669881504283
93.74,3.7111650108837435,3.9118066198685146,4.103922573152973,3.7305042687083048,3.5624854037620155,3.762391270244365
93.76,3.710664543031287,3.923436326483046,4.118295713252181,3.7391910801908588,3.5674848837690085,3.7647914336861943
93.78,3.724592234653143,3.920193035632193,4.116973722494893,3.72937146452865,3.554919647412046,3.7506327892364366
93.8,3.7237403965923863,3.931799876940627,4.131156889165007,3.7379365558786746,3.5597270593415526,3.7529756612558494
93.82000000000001,3.7373487394894593,3.928526437257309,4.129629040929912,3.727969341612444,3.54694901096214,3.7387488368942003
93.84,3.7361842276253676,3.9401219847510585,4.111465274759394,3.73639604001028,3.5515628118756113,3.74104979703304
93.86,3.749511128232849,3.936828846810318,4.1104429470674555,3.7262647257454478,3.5385709552758073,3.72677084637374
93.88,3.748070995166554,3.9484228081522197,4.092749444121977,3.7345372869976434,3.542991176181751,3.7290465189119537
93.9,3.7611526856701207,3.9451188189580484,4.09219566663085,3.724226061423657,3.529786132274165,3.714732712199409
93.92,3.759472251492385,3.9567189843911903,4.074935494670657,3.7323292802006303,3.534014446404583,3.7170008669682715
93.94,3.772343201402304,3.9534108344895302,4.074813266159312,3.72182293233978,3.520598517100029,3.702670585126133
93.96000000000001,3.7704559680592893,3.965022847551092,4.057949465145775,3.729742274380641,3.524638296491481,3.703787619974639
93.98,3.783148794902954,3.961715101680461,4.058221817131598,3.7190263192798403,3.511015519052774,3.6895200962145553
94.0,3.7810801057977335,3.973342485755659,4.041717468398325,3.7267480464760356,3.5148660151953703,3.690714759999986
94.02,3.793620152720999,3.970037583852314,4.042347540062883,3.715808851542829,3.5010372988157337,3.6765254444704567
94.04,3.791400340040009,3.9816817236860214,4.026165846431114,3.7233201173695605,3.504705942264402,3.6778136846946397
94.06,3.803816940137001,3.978380032305586,4.027116969638047,3.7121449772036916,3.490679413367717,3.695396759639682
94.08,3.8014742156694834,3.9900402874964813,4.011221345563988,3.7194339563866725,3.4941754044482263,3.6960901985869197
94.10000000000001,3.813794302000425,3.9867401882187834,4.012457139697541,3.708011276584292,3.479960748621459,3.7131161058758932
94.12,3.8113541898607313,3.9984139504596907,3.9968113113848767,3.715067321024868,3.483294580151745,3.713262453578359
94.14,3.8236023154076832,3.9951119002728066,3.998295787940086,3.7033867417906445,3.4689031154746597,3.7297784219069
94.16,3.8210881788680156,4.006794658859047,3.982863902913692,3.7102004993419992,3.4720871131334787,3.729424267416088
94.18,3.8332867074293273,4.0034852638512834,3.984561578669561,3.698253015671307,3.457532001765144,3.7454763422037622
94.2,3.830719697583387,4.015170684847504,3.9693083235553086,3.7048165499742467,3.459270616453218,3.744667080510548
94.22,3.842888753829958,4.011846784448197,3.971184341422077,3.6925946330798634,3.4782077819764217,3.7602927769192735
94.24,3.8402877667402033,4.023526798806646,3.9560750672143583,3.698894011073608,3.479134095018742,3.759066132892972
94.26,3.85244516315929,4.020179558542523,3.958095324052308,3.6863851712407785,3.4972968906416537,3.77430915726987
94.28,3.8498267342192998,4.031844458359473,3.943096141116749,3.6924157965989135,3.497455161874055,3.773882975482404
94.3,3.861987947951531,4.02846346991441,3.945227341085984,3.6796160228692734,3.514888042023791,3.788726059968669
94.32000000000001,3.8593723897087027,4.040102011845998,3.930305260230204,3.6853750814081083,3.515643801646639,3.7879089900684852
94.34,3.871555747826212,4.036675431612917,3.932515138470561,3.6722821977237996,3.498669805933704,3.8024060717104655
94.36,3.8689542030233075,4.048275002220192,3.917638252143483,3.6777763004428206,3.4981186872623677,3.8012516293469334
94.38,3.8811698526843155,4.044789658280993,3.91989571958805,3.664396677598211,3.5149107432273503,3.8154399738169227
94.4,3.878591288245658,4.05742685395451,3.9050333868406253,3.6696191848170674,3.5136999995987823,3.8139837749149694
94.42,3.890847116131651,4.05380504293663,3.9060561563998917,3.655947806836709,3.529871738847751,3.8279060716302915
94.44,3.888303474859392,4.066310541367165,3.8912512579344574,3.6608952979345966,3.528046355509786,3.8261896186582907
94.46000000000001,3.900609571422362,4.062531967777636,3.8923238778652665,3.646930598761482,3.5436427199186458,3.839886348339476
94.48,3.8981045899168865,4.074884972407797,3.8775474643883485,3.651608901583867,3.5412474003382766,3.837948900834019
94.5,3.9104636704100284,4.070935504430904,3.8786415258180673,3.637357490683088,3.5563130132629492,3.8514582241264557
94.52,3.907998888534758,4.083121539734778,3.863866142214641,3.6417745416845593,3.553392175620356,3.849336636462204
94.54,3.9204115129312376,4.0789858613579595,3.864954837671754,3.627245176545147,3.567971308465183,3.8626942689700954
94.56,3.9179863827464847,4.090989376379344,3.8501547052542993,3.631411057453626,3.5645690139986916,3.8604229005894286
94.58,3.931495770120886,4.0866511839781126,3.851212947475036,3.6166146757764364,3.578705509680041,3.8736620258858596
94.60000000000001,3.929046778526534,4.098461557241261,3.8363640823208143,3.619142013273289,3.5762174859952274,3.8712782264440646
94.62,3.9425422128376213,4.093908719351877,3.837368649223046,3.604164632973831,3.5898812238060493,3.884441096789015
94.64,3.940067767718681,4.105508084294229,3.822441343717018,3.606528760025005,3.585581130032708,3.8819804604105
94.66,3.9535465759296864,4.100722200441727,3.823364496152418,3.5913879018777664,3.5988888253008193,3.8950863495312658
94.68,3.951042771582392,4.1120922091231344,3.808339494774821,3.593593963138463,3.5942380430508325,3.892566474225105
94.7,3.9644999108552734,4.107054450961703,3.809162804629054,3.578295261195732,3.6072321337109794,3.9056399645834303
94.72,3.961960444446705,4.118176475255011,3.794022964576079,3.5803569400113124,3.602272666148615,3.9030839585786894
94.74,3.975388596742101,4.112867864081206,3.7947301029936904,3.5649150577244364,3.6149946036249796,3.9161469258873716
94.76,3.972804982278341,4.123723231544072,3.7794604766268862,3.5668478903535523,3.611123912035965,3.9135751809238446
94.78,3.986194734995691,4.118124829596145,3.7800374035915363,3.5512793007644095,3.623547803427115,3.9266536313082763
94.8,3.9835564464781408,4.097560858655056,3.7646253903973164,3.55310676911442,3.6180338962396164,3.924090894924398
94.82000000000001,3.9968964779184426,4.092352837226719,3.7650606995248133,3.5374363474856807,3.630272292558579,3.9371934376856266
94.84,3.994191411773088,4.0721475083643615,3.749496681523179,3.5391708075405615,3.6245763637751605,3.934646626307929
94.86,4.0074690932421415,4.067280905972037,3.749781729973196,3.523411225328668,3.6366669491037693,3.9477869635160427
94.88,4.004683516196943,4.046290819976498,3.734058594230488,3.5250735292831474,3.632182421332987,3.9452683233167845
94.9,4.017884478168857,4.041768390515244,3.734182194310739,3.5092463822036577,3.6440950061843527,3.9584641934868787
94.92,4.014997824993194,4.021080660598354,3.718290052457253,3.510865172265805,3.6394392270191553,3.9559902555508786
94.94,4.028100897207732,4.0168577519786925,3.71824913202775,3.4950002253180954,3.651215439657524,3.9692489430312814
94.96000000000001,4.025097045675782,3.9964284987005474,3.7008960640392847,3.4965987704540993,3.6464288473764057,3.9668255730587396
94.98,4.03808567266741,3.992462421706805,3.700747472836703,3.5167471553428125,3.658108199546942,3.980151735897254
95.0,4.03494717752649,3.9722433593674147,3.6832639424650684,3.517532216120944,3.6532285457130134,3.977782241080073
95.02,4.047803586045318,3.9684868397487927,3.683007422692109,3.5369132678810122,3.664847533429112,3.9911779843029183
95.04,4.044511832692967,3.948438940547895,3.6653938275156954,3.536946739599475,3.659909835657337,3.9888631631543703
95.06,4.057217149696971,3.9448543096136253,3.66503117182488,3.555622083968685,3.671502555946236,4.00232809568497
95.08,4.0537525489001025,3.924940846858553,3.647290395861329,3.5549649296102954,3.666539375831579,4.000066305777241
95.10000000000001,4.066287066619379,3.921492817074716,3.6468259007944868,3.5729951533521263,3.6781373987241492,4.013597616180461
95.12,4.062629276209176,3.901679498307645,3.628963359043851,3.57170729339883,3.673178708882929,4.011384857105537
95.14,4.0749726384292915,3.898335298348415,3.6284038448265727,3.5891518313560726,3.684810949131252,4.024977402222757
95.16,4.071100749830654,3.878590403323175,3.6104274988302025,3.5872920205987944,3.679884016814823,4.022807410373932
95.18,4.0832321375863145,3.8753199149347437,3.609782313325083,3.6042090304211385,3.6915766230686793,4.036453815262746
95.2,4.07912486161952,3.855614434914693,3.5917026698298535,3.6018347235302364,3.6867059118368743,4.034318169248465
95.22,4.091023177976309,3.852390330214616,3.5909836743836414,3.618280950103048,3.698482174658811,4.049172632188202
95.24,4.0866590296362135,3.8326981072139605,3.572813764811123,3.6154481579817763,3.69368926529128,4.046992124528436
95.26,4.09830905687047,3.8283910366782203,3.5720352997348357,3.6314787896781593,3.7055747513153414,4.061807416406151
95.28,4.0936716429084905,3.8087445208870276,3.5537854901050085,3.6282419287290586,3.7008837348196413,4.059572361008947
95.3,4.105045584589302,3.804477110760101,3.5529588372733016,3.643910447501476,3.7128950654389823,4.074337830227333
95.32000000000001,4.1001077599860425,3.784855422314715,3.534647484126678,3.6403221835246105,3.7426520038601954,4.072036204663385
95.34,4.080243381033081,3.780607933226536,3.5324944168598047,3.6556802103504697,3.754032212725372,4.086738550171587
95.36,4.075672600136924,3.760993223785659,3.5473903092126595,3.651784592913943,3.783187804857242,4.084355810936124
95.38,4.0561425196715275,3.756742759784021,3.544535466602391,3.666874037465662,3.7939844166406886,4.098979942696851
95.4,4.051888413708543,3.737113232010013,3.558771727961346,3.6627195495082545,3.8225840337548953,4.09649986778304
95.42,4.032643325671764,3.732846359667315,3.555264468120802,3.6775875952875534,3.8328394513395474,4.1110289180891675
95.44,4.028657360519579,3.7131903223310236,3.5688906705623578,3.6732205977610115,3.860923471451801,4.108433584824591
95.46000000000001,4.00964992108849,3.7088966935136054,3.56478055616219,3.687912217268564,3.8706752466574765,4.122849108725948
95.48,4.0058856162089445,3.689205577885729,3.577846397880188,3.683376787029985,3.898279294731722,4.1201190981179305
95.5,3.9870706325019576,3.684878014263036,3.5731831137910417,3.6979345866406557,3.907560363147437,4.134401278387892
95.52,3.9834837160000434,3.6651464488261225,3.5857383291635316,3.693272363193574,3.9347155493173114,4.131515882479341
95.54,3.96481830280234,3.66078101353962,3.580571583425298,3.7077364391538348,3.9435544638575863,4.145643736596818
95.56,3.961366872380541,3.63988895840178,3.5926658366658133,3.7029864835279858,3.970287619679929,4.142581167066849
95.58,3.9428106141536126,3.635532223728981,3.587040179563864,3.71739429100774,3.9800408906822864,4.156532754908216
95.60000000000001,3.9394493919750575,3.614626222155701,3.5987175304377765,3.71259293181783,3.971751250114323,4.153276980912413
95.62,3.9209583733456426,3.6102785850680856,3.5926828153466293,3.7269857244130447,3.981793820211757,4.167036654664413
95.64,3.917651245498545,3.589360274654542,3.6039928519212556,3.7221721167101114,3.973774427876291,4.16356385539632
95.66,3.8991910770671088,3.585024982751469,3.597598542389823,3.7365813051184302,3.9840911483173125,4.177107868842236
95.68,3.8959048211835503,3.564098936050405,3.6085903856621577,3.731785626634384,3.976325693697815,4.173393719812882
95.7,3.8763623894679236,3.5597821575271547,3.6018853950502305,3.7462396659092425,3.9868990177253667,4.153955321498942
95.72,3.8731152581121155,3.5388511220549117,3.612607472078723,3.7414890983784073,3.9793688180057845,4.150699930606549
95.74000000000001,3.8535779923614273,3.534556902159412,3.6056399431840376,3.756013427236188,3.990179205050022,4.1316832497995
95.76,3.8503433469318202,3.5136316591240306,3.6161397652551446,3.7513320994889687,3.9828637689203963,4.128830269948339
95.78,3.830785662970529,3.509372292576183,3.6089568972354593,3.7659490965260116,3.993889694793398,4.110179793145235
95.8,3.827539724038133,3.5202562925876824,3.61928093664722,3.761358048371901,3.986766356710336,4.107674268231718
95.82000000000001,3.807939015236645,3.514226230830894,3.611928582290403,3.7760870080670275,3.997984268237328,4.08933598137599
95.84,3.8046607673338113,3.5245300126794694,3.6221155705797647,3.771604168764839,3.9910283884171736,4.087124505945933
95.86,3.784991119144748,3.517923045131923,3.6146330791189882,3.7864612578523418,4.002412883049349,4.0690460559958135
95.88,3.7816563242280967,3.5276897203944926,3.6247269942629616,3.7821013886495476,3.9955980320083224,4.067076907738329
95.9,3.761901531732613,3.5205492532304765,3.6171578577983916,3.797099660883478,4.007122045242945,4.049207701866507
95.92,3.7584959679604277,3.529822718217699,3.6272010745493306,3.7928744319125567,4.000420195554838,4.047431021237134
95.94,3.738643225702517,3.5221929964413814,3.6195871029323063,3.8080238884491355,4.012055194891177,4.029722478681448
95.96000000000001,3.734080564720238,3.5310179097452066,3.629620205785153,3.8039419128705774,4.005436919175556,4.028090484164171
95.98,3.714173659504717,3.5229392356897513,3.622001339211483,3.819249546871114,4.017153103747993,4.010489980022189
96.0,3.7095566998045655,3.5313559673251613,3.632062914257896,3.8153164323154267,4.010587777634133,4.008951790337229
96.02,3.6895883517490584,3.5228743793417334,3.6244769956388514,3.8307862899551774,4.022354251808042,3.991415888610041
96.04,3.6849111540986144,3.5309291830714242,3.634603462466658,3.8284069975356334,4.015810208274006,3.989928996300684
96.06,3.6648772497438755,3.522091180393427,3.6270861188679135,3.843966813388702,4.027602844839652,3.9712269534036855
96.08,3.660137145373842,3.529830663132225,3.6373185253533276,3.8416586774287698,4.021054006990295,3.9698061896815617
96.10000000000001,3.640031039513395,3.520683055400237,3.6636399480137993,3.8573112030756698,4.032833187712434,3.9511310290423043
96.12,3.6352236382854946,3.528154024202556,3.6732603603250227,3.855074978025261,4.026240422157766,3.949740034519451
96.14,3.615048247493094,3.518743547406669,3.699021093867313,3.8708188844932265,4.0379730304127746,3.9310563012209423
96.16,3.6101779735074118,3.5259923339601396,3.708092139639671,3.8686515505469448,4.031302732784455,3.929661317975841
96.18,3.589939565526149,3.5163655054022014,3.733352385516652,3.8844821599044885,4.042955432145377,3.9109362826937373
96.2,3.585014221876413,3.5234383562989784,3.7419321061523103,3.882377494794507,4.036173858097192,3.909506369591508
96.22,3.563635553982681,3.5136415189294845,3.768041193498729,3.898286979992002,4.047713299396838,3.890710184375509
96.24000000000001,3.5587110914982096,3.5205787947081593,3.776102754630856,3.89624287151394,4.04078677294898,3.8892112356431205
96.26,3.537315774454751,3.5106589565274393,3.801729246387096,3.912226278304073,4.0521798363863635,3.8703118026871417
96.28,3.5324036330746997,3.517512585281709,3.809330291685252,3.9102295727487992,4.045074990246271,3.8687194250123356
96.3,3.5110044221715673,3.507514764752324,3.8345293599853005,3.9262723576589313,4.056288921218479,3.8496935727691213
96.32000000000001,3.5061189117021447,3.5143290676785264,3.8417221118674463,3.92430737318839,4.048972835548928,3.84798663728372
96.34,3.516301701166394,3.504297443197586,3.8665434910303857,3.940392528299122,4.059975477349352,3.828814529194374
96.36,3.5107542156130336,3.5111155008994315,3.873374811856644,3.9384412594316602,4.052415913745376,3.8269750336061983
96.38,3.5203071295199697,3.53328628829195,3.8978629407659837,3.9545495220198807,4.063175909861193,3.8076397904309385
96.4,3.514146424822194,3.5394299692909175,3.9043742181596475,3.9525918508684765,4.055341512837458,3.8044611901412146
96.42,3.5231184995998004,3.5609791341572183,3.9285678261569403,3.9687019177947187,4.065828503191136,3.785009393686119
96.44,3.5163879891197607,3.5665210827368146,3.9347951997484425,3.966715825779931,4.057683076097446,3.7817123480260038
96.46000000000001,3.52482407387458,3.5875195413625556,3.9587281657221176,3.9828045695707353,4.06786166006569,3.7621333010256666
96.48,3.5175747221361457,3.5925288198646848,3.9647029968125573,3.9807663238397955,4.059376858820608,3.7587084657144127
96.5,3.5255263029139035,3.613043910501825,3.9884045160247847,3.99680896128968,4.0692199192017675,3.7389947496166327
96.52,3.517809983758613,3.6175859605412537,3.9941535627401863,3.994693342907295,4.060368856386597,3.735436178640895
96.54,3.525329407582384,3.637681368214077,4.017648329921241,4.010663720399452,4.034583744267037,3.7155838134198866
96.56,3.5161261552550114,3.6418179168275566,4.0244916022271,4.008444278262471,4.026129261394284,3.7118893105967663
96.58,3.5233154449504878,3.6615484157656955,4.047727534055728,4.024321086272502,4.000707249353101,3.6918922610529195
96.60000000000001,3.5137876769388376,3.6653380987017927,4.0543009506682965,4.021976932590675,3.992592453334429,3.6880581581382836
96.62,3.5206944080286275,3.6847655511513344,4.077299431596275,4.039146909896553,3.9674786678490013,3.667920498500648
96.64,3.510889953577657,3.6882622569446077,4.083622230166526,4.036563654485469,3.9596567084756065,3.6639524056215547
96.66,3.5175619143583194,3.7074387372457815,4.106406709417531,4.053492673094781,3.9348068338496764,3.643681825348741
96.68,3.5075287765564234,3.710692465446222,4.112500458392833,4.050641971083187,3.9272269551809513,3.639589037955287
96.7,3.514013775616689,3.729666167040915,4.135081747598256,4.067301932118228,3.902592485594539,3.617983348961422
96.72,3.5037999088735416,3.7327230532230478,4.140955374238873,4.064154715904508,3.895207694427368,3.6138287677241525
96.74000000000001,3.510139653902627,3.751538248462781,4.163340070126544,4.08051689683031,3.869363012163624,3.592142338812386
96.76,3.499787682858175,3.754440439632794,4.168998447610875,4.077043614121924,3.8621823501597694,3.5879326381076253
96.78,3.506029878455403,3.7742407030820084,4.191189220680391,4.093071142183982,3.836495763197654,3.566174366693514
96.8,3.495587425594191,3.77696033313673,4.19663985100208,4.0892354561521405,3.829481635518392,3.561926140760709
96.82000000000001,3.5017843923663365,3.7966071242718575,4.218640998933439,4.104900073473372,3.8039168888350496,3.5401139791898903
96.84,3.491302825198338,3.799185231833045,4.223880458804551,4.100673172145314,3.79703534466096,3.5358468217310155
96.86,3.497499997146827,3.818717205331348,4.2114323724500835,4.078461450920505,3.7715599623855733,3.514001750478733
96.88,3.51894916136812,3.8211900519493724,4.217212404596976,4.074658372773066,3.764781239044527,3.509738181768433
96.9,3.5244805599279094,3.8406410386446894,4.205269258249279,4.052829002035983,3.739367216815432,3.4878838409168353
96.92,3.54531645880993,3.8430400580498922,4.211546248476996,4.0493846980168735,3.7326658526961345,3.4824571551027432
96.94,3.550256547986863,3.862439158216832,4.200063895571033,4.027874182859443,3.7072892501566814,3.4942532447524925
96.96000000000001,3.5705463799100823,3.864791141140563,4.206793181530741,4.024725960468645,3.70063692498524,3.488168430443963
96.98,3.574960099363906,3.8841628598078013,4.197041649284937,4.002046662425615,3.675271779348884,3.49935340715489
97.0,3.5947735098441123,3.886490022578592,4.2041107240347975,3.9992052879155433,3.6686440188821074,3.4926655098752595
97.02,3.5987286402918013,3.905860489747198,4.194652638765881,3.9767797526365483,3.6432687040478946,3.503294700527458
97.04,3.618131749281498,3.9081857891144054,4.202008499703564,3.974189383790911,3.635263522369508,3.4960593185916475
97.06,3.6216925048365423,3.9275699001644724,4.192798507266028,3.9519626134599557,3.6099336397342348,3.506181817608602
97.08,3.640747845953494,3.929906133895071,4.20039507697697,3.949562450283056,3.6019701627364866,3.4984493524151077
97.10000000000001,3.643974733873688,3.949314732219055,4.191386888414898,3.9274758378489136,3.576677914986194,3.5081218160332033
97.12,3.662741041579217,3.9527792963457533,4.199177212023839,3.9252161988247787,3.5687498804259046,3.499949113916945
97.14,3.665690753861456,3.9721584526750227,4.1903303148619715,3.9032210862514227,3.5434913066847837,3.509228326712754
97.16,3.6852950850698902,3.9755782219993465,4.198272335652158,3.9010554011879104,3.5355964209615425,3.500672307274092
97.18,3.6879622144605637,3.9949407302505713,4.189538429025859,3.8791063279779756,3.510371545909353,3.5096203400509243
97.2,3.7073213835709673,3.9983265735760227,4.197583514041934,3.876991320253698,3.5025115579712494,3.500742312918742
97.22,3.709761776527788,4.0176743873688086,4.188914307593753,3.855046160281408,3.513075669314641,3.5094150951457554
97.24000000000001,3.72892922013046,4.021026361546545,4.197013891446541,3.852942010558663,3.504449498287482,3.500270739580441
97.26,3.7311940551940275,4.040357432709876,4.188361299913346,3.8309618388179443,3.5142911094541924,3.508723141399486
97.28,3.750218472958031,4.0436717512610425,4.196467123529588,3.828831681317788,3.5049414560695076,3.499367367759181
97.3,3.7523541728946563,4.062980300109011,4.187783534105519,3.8067810304775507,3.512743730065414,3.5076536124403406
97.32000000000001,3.7712795142037283,4.066249605838111,4.195847910613322,3.804591892449874,3.5027877050746317,3.4981340961717975
97.34,3.7733277464196697,4.085526397302961,4.187086445799352,3.782431868951378,3.510009414708303,3.506300642384003
97.36,3.792193190535579,4.088740039677201,4.195062529121802,3.7801469502561345,3.4994885827642994,3.496671267627932
97.38,3.794190829004379,4.107972662886382,4.186177269124155,3.7578509388705332,3.5061720081014873,3.504770969613744
97.4,3.8130308377121636,4.111116977093547,4.194019244233195,3.7539935696514632,3.4951296508356102,3.4950842789346033
97.42,3.8150100948942343,4.131409054347081,4.184965500566612,3.731612080285336,3.501312845800145,3.5031684887225127
97.44,3.8338545215653905,4.134398462412268,4.192626713851026,3.7276621582709555,3.4897873836427085,3.4934753789075437
97.46000000000001,3.8358478231300195,4.154535628685333,4.183358984618265,3.705176924477125,3.4955166137401195,3.501593609823607
97.48,3.8547268854588217,4.157353475598945,4.156132398472539,3.701117633832949,3.483555123782625,3.5259226948345836
97.5,3.857835325028401,4.177318025669929,4.146077323242913,3.6785144907517706,3.4888782385714907,3.533364906350531
97.52,3.876710366193642,4.179950774485834,4.154073608136384,3.674327966308885,3.47652899968782,3.5570814773982677
97.54,3.879806433914221,4.199721778632283,4.143747022827557,3.65159080797242,3.481494804953485,3.5639321424390324
97.56,3.8986978700952895,4.2021408910486375,4.15147253890475,3.6472686786101707,3.468807162405821,3.5871128949184765
97.58,3.90179951867689,4.221695619543154,4.140838930113348,3.624391647239692,3.4734658526181392,3.593446422333728
97.60000000000001,3.920722882064444,4.223876919921073,4.113504845818173,3.6199297595148514,3.4604903922066885,3.61616357095083
97.62,3.9238432768706706,4.21018326656792,4.103304341088407,3.5969115301909214,3.464893322246491,3.62204983544846
97.64,3.942809416432273,4.212837357523908,4.076367919549305,3.592310512557541,3.4516816297402593,3.6443710455845895
97.66,3.945957435261228,4.199573327432235,4.066537590767566,3.5677105218584595,3.4558810901832193,3.649875332327725
97.68,3.9649731660012613,4.202639352624378,4.039938186254547,3.563032906581398,3.4424778391728257,3.671863668924669
97.7,3.968153537172193,4.189744363797578,4.030411122381018,3.538328056641368,3.446520365297336,3.677046600774368
97.72,3.987221356637535,4.193161733513366,4.004083730637294,3.533580492672446,3.432978916133109,3.6987604323696104
97.74000000000001,3.990434640623296,4.180575574383331,3.994805215024536,3.5087788041148897,3.43691835821498,3.703677957162259
97.76,4.009552984722751,4.184284108779964,3.968697669120399,3.503971514568047,3.4232922003856516,3.7263629597789008
97.78,4.0127958383050535,4.171947166061621,3.9596171209151843,3.4790847144106634,3.4271824289152035,3.7309940418873677
97.8,4.033040430783663,4.175887404751541,3.933681521139293,3.474231614263079,3.449684691579957,3.7534282651866575
97.82000000000001,4.036245288236085,4.16374681492095,3.924752717394514,3.4492751727106006,3.4527673970585395,3.7578327232773705
97.84,4.0564555141018594,4.167865278590273,3.897620375841366,3.4443935648759334,3.4745198292413813,3.78007295200428
97.86,4.059614214519617,4.1558626767442695,3.8888569700331344,3.4193804839194324,3.4768836147987847,3.7842989770858355
97.88,4.079780288755205,4.160094681840986,3.8618440768507845,3.4144848398901426,3.497973224836294,3.806390598355905
97.9,4.082880875850351,4.148166157868903,3.853210191862178,3.3894378761674795,3.499703562554375,3.8104809621634437
97.92,4.102989326872738,4.152455794941365,3.826282366086979,3.384552891205591,3.5202140733312217,3.8324640049571514
97.94,4.106016288674782,4.140546592153529,3.817746320843364,3.3594984695568977,3.5213931166571797,3.8364561471674095
97.96000000000001,4.126050324362058,4.144839592458211,3.790873528594593,3.3531853080252683,3.5414047844793606,3.8583653858000444
97.98,4.1289850237725165,4.132896737882027,3.7824080943648486,3.366597546288927,3.542103777134596,3.862291529342084
98.0,4.148924922669023,4.137140705342358,3.7555569258730546,3.359533883991672,3.561684990449468,3.884156571944525
98.02,4.151745948425154,4.125113240778261,3.747130657711872,3.3722503059647555,3.561979069255862,3.8880437903252387
98.04,4.171569405186453,4.129257842341931,3.7202802179606977,3.3644983269503426,3.5812027456577766,3.9098892389410134
98.06,4.174252914250997,4.117096962554312,3.711875155881465,3.3765815208161762,3.5811630843288835,3.914967442056552
98.08,4.193935375613441,4.121094163917196,3.6850094746792874,3.3682042254041176,3.6000980780312317,3.936746307724508
98.10000000000001,4.197544001506799,4.108753544426394,3.675269976347745,3.379717461692438,3.599796985375602,3.9417466364357097
98.12,4.1842626678086825,4.112563134832093,3.6484406878850657,3.3707728998195936,3.6185134943475155,3.9634845715713856
98.14,4.188350804679529,4.099996958840789,3.638732574317305,3.3817738337583494,3.6180129147587445,3.968430445687237
98.16,4.175503599585959,4.070220328025381,3.6119323666002643,3.372326610821025,3.6365704085834363,3.9901423163471494
98.18,4.180007844842965,4.05813673071836,3.602250330807308,3.382879790294711,3.6359279760091083,3.9950461196343876
98.2,4.167531416820249,4.028783838701951,3.5754767866783324,3.3729947100779327,3.654381572200749,4.0167415642277495
98.22,4.172388941419784,4.015962799773215,3.565820270122299,3.3831647090831076,3.653650483118181,4.02161063717582
98.24000000000001,4.160220292840062,4.020426833243121,3.5390699480241303,3.372906538031799,3.6720508268337415,4.043294389196947
98.26,4.165362230443351,4.0072462761418635,3.5294380179911973,3.3827576828394905,3.671279754492826,4.048131355487308
98.28,4.15343301951926,3.97792387599498,3.5013942605333157,3.372190842859715,3.6896729515115627,4.069803545237163
98.3,4.158797421300759,3.965102211596396,3.4918453460178767,3.381780080430864,3.6889059883208235,4.074606583572578
98.32000000000001,4.147046062444706,3.9361009981601622,3.4991269688096067,3.370962731239716,3.7073335307651183,4.096263073243903
98.34,4.152572364898492,3.923576344436149,3.4888897394514156,3.3803533209361794,3.706610099507576,4.101026312382558
98.36,4.140938365473856,3.894844252906098,3.4955093633092975,3.3693484150891857,3.7251088606490352,4.123861242125227
98.38,4.14656696051335,3.882566172669689,3.4846282543095595,3.378602240879181,3.724463780489131,4.128499537764711
98.4,4.1349969583450275,3.854055691638673,3.4906312900428644,3.3674715314270545,3.7430715177735485,4.151211552940381
98.42,4.140675663407244,3.8419787523332465,3.47915306350578,3.3766490616301117,3.7425394438810597,4.155715263413607
98.44,4.129110846542212,3.8124880857171473,3.484587277087444,3.3654527887028016,3.761283111837838,4.1782931964442644
98.46000000000001,4.1347821033746595,3.8006185104703607,3.472555386124989,3.374612808801338,3.7622553385634796,4.182648740135024
98.48,4.123159259670403,3.7712905250267306,3.477466117236996,3.402215177816272,3.7810848565816495,4.205085677472807
98.5,4.128761107301081,3.759594164465097,3.4649320678038307,3.410553696636954,3.7821332722681036,4.209282594774476
98.52,4.117025812076934,3.7303965779313195,3.4693715368345357,3.4374031187528207,3.8010733789023745,4.231558955855506
98.54,4.121416673496325,3.718844119710475,3.456388227369257,3.4450130979824625,3.8022199446010094,4.235575735824706
98.56,4.109577469558354,3.6897447594635153,3.46041046752189,3.471200080732472,3.8212901298875726,4.257663364000566
98.58,4.113849506357643,3.6783068321739982,3.4470327556486793,3.4781695019433982,3.8225516077107757,4.26147102157485
98.60000000000001,4.10185814014955,3.649283936771743,3.450693654587877,3.503779561074965,3.841766178525258,4.283345864633819
98.62,4.105963869888748,3.636782739097532,3.43697810743284,3.5101913350616876,3.8431542674667893,4.28691872635574
98.64,4.0937745739336995,3.60787241315573,3.4403298559330175,3.5353049022567125,3.862522556055057,4.273763722241622
98.66,4.097663184191963,3.595476693589493,3.424997428477923,3.541236765139017,3.8640441670618895,4.279068565941174
98.68,4.085227013762861,3.6003710713707684,3.4281553479660016,3.565922885150485,3.8835710099323335,4.26630741724087
98.7,4.055716624132127,3.587309762459205,3.412631226717243,3.571440692219208,3.8852345765098644,4.27198726609921
98.72,4.0437369643338865,3.591573720527921,3.4156470985956533,3.5957701968759563,3.904925002467953,4.259555252977855
98.74000000000001,4.014624651586355,3.5778721669489384,3.3999836967468906,3.600942051939466,3.906728044007758,4.265546032887419
98.76,4.003033812282296,3.581533235662848,3.402909848646039,3.6249804923203874,3.926577429746725,4.253378787102289
98.78,3.9742536475014374,3.5672203618349227,3.3871601253520107,3.6298691926893234,3.928513434629302,4.259616625396446
98.8,3.9629884404006033,3.5703096487765786,3.390049247147508,3.653676792874859,3.948513224170944,4.2476501080621
98.82000000000001,3.9344790883933927,3.555418012076143,3.409884825674432,3.658339824714225,3.9505719300915776,4.254071662311693
98.84,3.9234810755997858,3.5579702298328293,3.411998442736667,3.683398464599002,3.9720698937955516,4.242242482999172
98.86,3.8951860525458804,3.5425357632386913,3.4311158528035577,3.6877991845863454,3.974159815055443,4.248793297242845
98.88,3.8832818094164816,3.5434269012276807,3.4325472465425246,3.7126377451764743,3.995689132763664,4.237045901421866
98.9,3.8552030995405593,3.5275412118048366,3.451032463857264,3.7168394304463557,3.9977958819882478,4.243657124814964
98.92,3.8434876976648167,3.528003826107301,3.451859122444437,3.741511122154187,4.019340594912564,4.231923821897921
98.94,3.815574401168069,3.511705590269026,3.469794688377877,3.745563799271775,4.021445894215358,4.2373203733927784
98.96000000000001,3.804005467222998,3.5117796609568823,3.470097515680642,3.7701154761174323,4.042986289088023,4.225609982880987
98.98,3.776212304192769,3.4951103887937083,3.487563258812737,3.7740628972900496,4.045062857668721,4.231012068031831
99.0,3.7647473913213374,3.494838772122993,3.4874202975023425,3.798535250812604,4.066570285722521,4.2192681410201285
99.02,3.737040540909739,3.477842730362458,3.504493097123973,3.8024150399289502,4.068594035734,4.224619842810544
99.04,3.725647982417273,3.4772710619567397,3.503979300142428,3.826842733971199,4.090043466356671,4.212787962794999
99.06,3.69687487966053,3.4599952063687867,3.520732855171787,3.830686596049748,4.091987521784035,4.2180355382285235
99.08,3.6855726476972372,3.4591666764629703,3.5199198643370737,3.855098547361534,4.113351358206299,4.206057208745318
99.10000000000001,3.656851686248562,3.4416550238832047,3.5364244478843467,3.8589325225534403,4.115186446209555,4.211143831280419
99.12,3.645619233627596,3.4406206875049916,3.5353803313025414,3.8833521392265644,4.136434876231787,4.198969994372739
99.14,3.616931818565743,3.421760820636365,3.5517025857608777,3.887196851317923,4.138129650670157,4.16869154582749
99.16,3.6057536223378395,3.420620855403712,3.550485617660866,3.911642290712117,4.159231018510283,4.157056974642811
99.18,3.577080543776459,3.401655552421941,3.5666833851298314,3.916941575738697,4.162131023565593,4.12725461787071
99.2,3.5659404460391824,3.4004585007181705,3.5653546741603175,3.9413461136068797,4.182982973519714,4.116090504782601
99.22,3.537274384400408,3.38143715888533,3.5814932780181175,3.946591702969921,4.185595040764533,4.086696066009896
99.24000000000001,3.525037425097357,3.3802328553901555,3.5801160550359112,3.97097565771658,4.168891498953625,4.075930090052169
99.26,3.5299563530649514,3.395315062266393,3.5975832661161005,3.9761783226322858,4.1720152221571425,4.046867000590662
99.28,3.5170254863159656,3.3933879512147267,3.596131669100036,4.000556535122432,4.155768846723783,4.036425148133984
99.3,3.5212897434154677,3.4078063731480817,3.6135632507679465,4.00572931699851,4.159329056322491,4.007627901705147
99.32000000000001,3.5076972427650146,3.4052459161471114,3.612094802399284,4.030103395321089,4.143464787097855,3.9974476931267295
99.34,3.5113412186616357,3.419082677427836,3.629545213345171,4.035245740533182,4.1473872939169,3.9688557104319866
99.36,3.4971229711973524,3.4159700852433885,3.62811204351961,4.059612372926655,4.131831126579597,3.95762959442016
99.38,3.5001846092436812,3.4293059790442832,3.6456302665251354,4.064719039225043,4.136042999774602,3.9292477174824096
99.4,3.4853746797601817,3.425720941606318,3.644278966229611,4.08907039976704,4.120715994216545,3.918208411116405
99.42,3.487889739039818,3.4386351065660055,3.6619084615462367,4.0941318586373585,4.125139275441593,3.889988379405285
99.44,3.472531438838627,3.434655437088126,3.696737522061554,4.118455980815967,4.109971122062981,3.87908948187731
99.46000000000001,3.4734300618251654,3.4472250519958414,3.7137128898233245,4.123458452500107,4.1145369786008565,3.8509879697263805
99.48,3.457624845013872,3.442920301214109,3.7479525291793907,4.149179011894917,4.09945928372095,3.840182184588682
99.5,3.458102062070426,3.4552148623010788,3.764345478433305,4.15401251417599,4.104108840148583,3.812154739154879
99.52,3.4418949888852537,3.4506583718802815,3.7980688005934193,4.179562056449662,4.089061958154986,3.801406570332415
99.54,3.441997104608415,3.4627503868530614,3.813949211883503,4.184209503814846,4.092345233610109,3.7734211004833007
99.56,3.425435841098667,3.4580128277117383,3.847214455402706,4.209569753854351,4.07734167989,3.7626941066653483
99.58,3.425211821504559,3.469972010986614,3.862637326166595,4.214003516238081,4.080647453674088,3.7334463518768595
99.60000000000001,3.408346550555129,3.4651210630656086,3.896806733261112,4.2391456083825005,4.065627943192818,3.722766693745773
99.62,3.4078423770412134,3.4770139608064987,3.9117330331106004,4.243349614125707,4.068891769898172,3.6935271262162934
99.64,3.3907197987333544,3.506477142317609,3.945433125431325,4.268256944752703,4.053793381282982,3.682877091360983
99.66,3.3899895395096853,3.5176038185801106,3.9599129031484077,4.272204140352068,4.0569602120793515,3.653629965475102
99.68,3.3726643579652635,3.546356469800365,3.99319008633906,4.296849122463579,4.041729964552616,3.6429970747510163
99.7,3.3717636996095672,3.556810925203343,4.007265363145432,4.300510149411249,4.044747804608303,3.6137320433740787
99.72,3.35316771559106,3.5849440156458727,4.040158527379721,4.285071682356448,4.029335905419786,3.601871513157101
99.74000000000001,3.352199188824972,3.594808659960598,4.053864084376879,4.289299999705512,4.032156297082727,3.5726332729935555
99.76,3.367410517899344,3.622401320640469,4.086405406860574,4.274375986473867,4.016509766132586,3.560797423719593
99.78,3.3656686473092727,3.6317583148627315,4.1011055341653755,4.279098040798764,4.019081858317741,3.5315851460927217
99.8,3.380159390468892,3.6588893106251055,4.096919437480405,4.264622554091764,4.003158854734336,3.5197748581848933
99.82000000000001,3.377728330210189,3.668962896121397,4.112013283579428,4.2697715773539215,4.005441974591661,3.4905922970278556
99.84,3.391582357067154,3.695647537658454,4.108211625334245,4.255671933169659,3.98920447489403,3.4788134712616032
99.86,3.3885507787860916,3.7052911012039704,4.1236879483824875,4.2611754477143435,3.9911618263241233,3.4496694134546266
99.88,3.4018555281989262,3.7316048203617127,4.1202496566877045,4.247380042117866,3.9745757814427845,3.4379330854378107
99.9,3.3983046672071913,3.7408902789119534,4.136085363489099,4.253166676183822,3.9384004670030937,3.4433038120719197
99.92,3.4111409512819106,3.766901391934586,4.132985311174711,4.239605150477413,3.9222819936985744,3.4308806752591368
99.94,3.4071438105946537,3.7758935547910304,4.149153486064929,4.245605130077148,3.886503201917453,3.4355918668016487
99.96000000000001,3.4195848524236188,3.8016633049064654,4.14636283752089,4.2322092564804406,3.870785145385044,3.4225298940193833
99.98,3.4152192640349184,3.8104199607067586,4.162833092286217,4.238354587180674,3.8353458432696703,3.426630649215067
100.0,3.427342268363642,3.836002693672061,4.160319663605187,4.2250577197014225,3.8185379291671135,3.412980466562594
100.02,3.4226838915230653,3.844574878103693,4.177058497039785,4.231282123534847,3.8213205527818346,3.416516748519086
100.04,3.4345637591385643,3.870018278271608,4.174787117561469,4.2180114592694755,3.8039964467734473,3.4023249636869415
100.06,3.4296857375428154,3.8784504917863836,4.191758272560802,4.224243594879866,3.806285884773649,3.405351095551291
100.08,3.4413946939197286,3.9049350822597897,4.189691110795411,4.2109366485468,3.78843759221463,3.3906732822959267
100.10000000000001,3.4363673508869805,3.9131935207252284,4.206862082999945,4.217114654447231,3.7902286797177847,3.393246110969285
100.12,3.447979445244452,3.9395294416739612,4.204964133755709,4.203711422279832,3.771852603210897,3.3781402297586016
100.14,3.4769939407155395,3.947653841422498,4.222293118589001,4.209776034634135,3.7731446538588864,3.3803189874188506
100.16,3.487814287159194,3.973877193064467,4.221859698263463,4.196219233030224,3.7542417753508968,3.3648449449586795
100.18,3.5160949083082924,3.98189970187811,4.239229442944345,4.202120210658126,3.755038754121444,3.3666905392590563
100.2,3.526220120323726,4.0080459643753015,4.238793627894087,4.188362097174485,3.7356148358544785,3.3509099711356907
100.22,3.5538605436576334,4.015997533507303,4.25615949021886,4.194045236287791,3.7359255790863344,3.3524852592630547
100.24000000000001,3.5644975190332793,4.0420882990683635,4.255676328583389,4.180033871461981,3.71599131412279,3.3352060827397474
100.26,3.5915245467541967,4.049993090139967,4.272992059465174,4.14524442910049,3.7144082475146223,3.336631633295904
100.28,3.6015664991399925,4.07604992692139,4.272415209422183,4.131829110323112,3.694042425395918,3.3191999410641544
100.3,3.628065797546552,4.085062781135544,4.289633677154908,4.0975546507615626,3.6920375911561165,3.320526561994952
100.32000000000001,3.6376018945723354,4.111028918933083,4.288922944410448,4.084645354307019,3.6712591531091383,3.303000642986357
100.34,3.663663973019475,4.119932503825787,4.306001765535142,4.050806542076187,3.6688530044427092,3.304286525788467
100.36,3.6727812766185344,4.145816545215126,4.305108733569546,4.038327400864373,3.647684954359918,3.322755419953523
100.38,3.698483731931392,4.154616878187019,4.285234870713359,4.004850349316796,3.644902160753592,3.3232572257580943
100.4,3.7072560255913523,4.180421691580433,4.284930236408244,3.9912306323440183,3.6233714003497166,3.3410013317600917
100.42,3.7326689521084973,4.189119535262902,4.265582944147528,3.958119109326456,3.6202338970245074,3.3408113808393636
100.44,3.741162881616508,4.214843165854261,4.265772622148702,3.9448346775845016,3.598364247301113,3.3579222269973754
100.46000000000001,3.7663496334398237,4.223434435742569,4.246859656979562,3.912029788038034,3.594905114863358,3.357130558725938
100.48,3.774625164729882,4.249069950072468,4.247460663480058,3.8990235172957117,3.572732052580998,3.373697325097461
100.5,3.7996424640801942,4.257545812548097,4.228899676954381,3.866471607343948,3.568988684972977,3.3723914720334527
100.52,3.8077530207911483,4.284223741291478,4.2298312652343135,3.853691797979446,3.545114364714571,3.3885007178599356
100.54,3.8337501924714896,4.2924976056296895,4.211547779906871,3.821344812936337,3.5411836338679312,3.386758287502648
100.56,3.84167900896132,4.318979159375179,4.212737461134793,3.8087380095550714,3.5171094172653263,3.402492287272403
100.58,3.867524483957588,4.3270427523537744,4.194653295330973,3.7765456597716685,3.513030971930932,3.4004003992735825
100.60000000000001,3.875319561518855,4.3533114936178485,4.196024839846506,3.7640723345985885,3.488797967283475,3.415839545737498
100.62,3.901057862676981,4.361145787636644,4.178064656621289,3.7304861799374343,3.4846145967844473,3.41347640959067
100.64,3.908760088294565,4.352113067096954,4.179544876613248,3.718169852895126,3.4602605299001548,3.4286975826602437
100.66,3.9344287398387596,4.36047675717514,4.161628632360241,3.6846903412252443,3.456010800685316,3.426137708195805
100.68,3.9420723655470122,4.351925539486046,4.16313967406092,3.672505007564058,3.431583256435841,3.4412139407227236
100.7,3.967702681141627,4.3607557555248695,4.145199830500492,3.6391079888463596,3.427316051513555,3.438527886507666
100.72,3.975315554245969,4.352622820066948,4.145334852487165,3.627033185347704,3.4028653595846374,3.4535281801718494
100.74000000000001,4.0009323947403255,4.361855815477304,4.127380099105084,3.593694466125622,3.3986320913506156,3.487070109321717
100.76,4.009636297795774,4.354070098846301,4.127478510929225,3.58170925904664,3.3742110287420974,3.5012525119178615
100.78,4.035195089631677,4.363641084147054,4.1094516543680335,3.548416710172058,3.368633552729021,3.5340376652667786
100.8,4.043826701582885,4.35614503168764,4.109457403160774,3.536512879951332,3.3828550780233964,3.547497196862065
100.82000000000001,4.069345110409033,4.365989501382273,4.091304925746545,3.50325289176564,3.3765965637659514,3.57961183687473
100.84,4.077919125007624,4.358718878037394,4.091165750606186,3.4898885401401354,3.3902005584914736,3.5936592171105217
100.86,4.103408423218728,4.368772398563353,4.07283799456362,3.4567280486933862,3.3833367765661464,3.6251212193344373
100.88,4.111940606128487,4.361663226521587,4.072497513526274,3.443459674282371,3.39640370848892,3.638536748029006
100.9,4.137412189019408,4.373025833473284,4.053940328993953,3.4511327764888358,3.3890214962911687,3.6694372230353216
100.92,4.145904197003631,4.365945981320961,4.053360104117175,3.4370527144886123,3.4016314431053436,3.6823081429619497
100.94,4.171361858627266,4.377318846767137,4.034537861435124,3.4439668957778387,3.3938105294223946,3.7127300871863413
100.96000000000001,4.179815367579181,4.370204561660407,3.996470664843873,3.429121256812817,3.406042066049809,3.7251355766860605
100.98,4.206345397559823,4.381524925289815,3.978178559656364,3.4353250810521176,3.3978608908428916,3.755154052092647
101.0,4.214681152485482,4.37431949431323,3.940574470633618,3.419764123788338,3.4097911066881172,3.767170560237791
101.02,4.241094728096183,4.3855322134849635,3.92274752658865,3.4253100108732553,3.401326507078164,3.79685705461385
101.04,4.249303338704685,4.378173758976583,3.8855439562889296,3.409087608322895,3.4130307076915205,3.8085474490252285
101.06,4.275589189785672,4.353854482050854,3.866731806449726,3.4140314910802014,3.4043576236939765,3.839190494208458
101.08,4.283656634911092,4.347077975776379,3.867233801446168,3.397198982483105,3.415908992769496,3.8505310970476865
101.10000000000001,4.309806384619048,4.323276770460004,3.8479670810967663,3.4000935785169917,3.407105139923114,3.880857411097685
101.12,4.31772084568062,4.3169809805309285,3.8480365667826013,3.3827856020950207,3.4185720480756965,3.8919065965661757
101.14,4.343714181894084,4.292426095976903,3.828294682043225,3.385234749754687,3.409700377466014,3.921970732794462
101.16,4.352566675400108,4.286575398596811,3.8279080219252783,3.3675069969534674,3.4211507242260732,3.932778620838384
101.18,4.343456936543692,4.262407456235217,3.807679054068821,3.3695675119123787,3.4511007220176233,3.9626322955397746
101.2,4.352803978784281,4.256924431729595,3.8068326603944884,3.3514777998853407,3.4617384287078816,3.9732454007826976
101.22,4.344146149450151,4.2330616896552895,3.7861148836558343,3.353208477405092,3.490949665190839,4.002926446453361
101.24000000000001,4.353924402769812,4.227866985286901,3.7848103398946003,3.3348161152408275,3.500875147864866,4.01337876858633
101.26,4.345654313789644,4.2042315757476185,3.7636072802245684,3.3362776001679184,3.5294450201862566,4.042918057896164
101.28,4.355799356903096,4.199249877680954,3.760481674195608,3.3176438491457003,3.5387525498540424,4.054464367500494
101.3,4.347851893248982,4.175768059306043,3.7388689430923945,3.3188929533474427,3.566772309545453,4.0838146281797725
101.32000000000001,4.358305551117159,4.170920374746677,3.7353393286834065,3.3000743866603903,3.5755554513358385,4.095157959754617
101.34,4.3506209319475335,4.147515905249023,3.713329419723998,3.3011756011334863,3.6045220637123205,4.12434348970173
101.36,4.361316603158107,4.14273647136632,3.7094100038325157,3.2822368558770556,3.612773957737023,4.135513547847576
101.38,4.353827836360005,4.119345344549755,3.687019952084413,3.28326226059719,3.6412603470787124,4.164558629840272
101.4,4.364698998631022,4.114573216844371,3.6827296491219195,3.3054147998364383,3.649069528267573,4.175568303365985
101.42,4.357339375352231,4.091136356193005,3.6599812638939206,3.305499361343182,3.677160024153993,4.204482308640742
101.44,4.3683199513166535,4.085131211745583,3.6553434826517295,3.326782532674995,3.6846067130313824,4.215338416656114
101.46000000000001,4.361023284756808,4.061654589534347,3.632256726016634,3.326032181689219,3.712377686410989,4.2441248929139395
101.48,4.372041496737716,4.055589639338882,3.6272944138086407,3.346550391559769,3.7195346225345434,4.254828710551772
101.5,4.364736944154832,4.03202683338247,3.6039002740415285,3.3450685755304965,3.747055058833892,4.284707664421187
101.52,4.375729226906553,4.025857491593234,3.5986466292365726,3.3649235162765905,3.7539876328602797,4.295175396283229
101.54,4.368359382009338,4.002167035893366,3.5735706296175658,3.362810871250759,3.781324905889474,4.324820948273319
101.56,4.379269604183088,3.9958538724039996,3.5681173381130633,3.3820940143737364,3.7880958492774837,4.335048444856595
101.58,4.371771542539213,3.9719914136783183,3.5428272667930267,3.3794421168505138,3.8153036307976396,4.36445447801479
101.60000000000001,4.347367339742286,3.9654932371862683,3.5372119337793673,3.3982493458667355,3.821963223710539,4.374432414963912
101.62,4.340464325597835,3.9414288804092665,3.511747117689719,3.3951526801508263,3.8490883985933273,4.366642908635642
101.64,4.316599385082353,3.9347182390982507,3.5060110962139808,3.413576007089473,3.857100369632403,4.377179498058597
101.66,4.310198142944442,3.909230325088769,3.480414706320337,3.4101250422591813,3.8841039531489074,4.369909523771815
101.68,4.286781582604711,3.9023350120488445,3.4745972394425984,3.4282592220343115,3.8919884484255087,4.3809547628452945
101.7,4.280786425173125,3.8766256433510393,3.448911183062514,3.4245456886307193,3.918914003222249,4.374145488280996
101.72,4.257724653406477,3.8695305309978836,3.4416833977262034,3.4424730268810126,3.9267109010807584,4.385639669646139
101.74000000000001,4.252050441232417,3.84358653523442,3.416019978103182,3.438570955974289,3.953594240170312,4.3792309106616445
101.76,4.229260784999425,3.836273662215482,3.408836845876197,3.4563619737423634,3.9613357883637996,4.392362762107788
101.78,4.223826384136091,3.810080249330708,3.4210821594678946,3.4523479009198423,3.9882052438351634,4.386218388210783
101.8,4.201236831307757,3.802545799689459,3.413147197148643,3.4700756532643893,3.9959224039880668,4.399595111069997
101.82000000000001,4.195970954896782,3.7761010737469722,3.4247062230278726,3.4660203983434177,4.022804126655311,4.3936532807344815
101.84,4.173506731935992,3.767148171339046,3.416102379271623,3.4837524484300975,4.030514287166215,4.407213026218496
101.86,4.168336403909639,3.7405110894417075,3.427052311591836,3.4797215573979714,4.057422263972128,4.401411037063184
101.88,4.144764959969151,3.7313685975484376,3.41785802769013,3.4975200800413115,4.065136657192749,4.415091286026089
101.9,4.139667666148596,3.704541778867749,3.4282820341207407,3.535179454182988,4.093497334949417,4.4093600227260685
101.92,4.116114957227244,3.69521513516964,3.418580663003191,3.5521765727831363,4.10112899043677,4.423100057889957
101.94,4.111031055422501,3.6682119827609947,3.4285611733445895,3.5891205058602176,4.129413476962865,4.417383773424945
101.96000000000001,4.087439222227656,3.658716844594044,3.4184350110071238,3.6054176670756304,4.136968498177381,4.431120389994033
101.98,4.082313971696871,3.6315560727486007,3.4280535147623654,3.641735768745111,4.165180295481201,4.425355568216698
102.0,4.058630175015492,3.621913484683933,3.4175841964284723,3.6574187567848275,4.172658615327252,4.439026133229302
102.02,4.053413978357111,3.593405972333672,3.426921240035889,3.693192242694752,4.2007953079178275,4.433149980726835
102.04,4.029590634438287,3.5836869065135453,3.416183850551318,3.7083385874391825,4.208191197834424,4.409423733428516
102.06,4.024232104803833,3.555085058934626,3.4253127260001444,3.745092046880829,4.236245030191967,4.40420859184401
102.08,4.0002211149544324,3.545317544381914,3.414386665993659,3.759674298009171,4.243555662551851,4.381083998270273
102.10000000000001,3.9935276886259956,3.516651320533826,3.4233925755242334,3.7959030215513896,4.271522568318105,4.376432191980805
102.12,3.969350544703622,3.5068624050900405,3.412361333505542,3.809996406533676,4.280170401902224,4.35380687798533
102.14,3.962478503502772,3.4781616290654274,3.421318827101257,3.8457715954082294,4.307948560191141,4.349625301282262
102.16,3.9381069481050615,3.467198773638824,3.410256475874609,3.859448034044267,4.316370742706829,4.327414811860784
102.18,3.931030063090702,3.438554052609698,3.4192311746489428,3.8948380115053167,4.343941182403062,4.323612039886375
102.2,3.9064340772365944,3.4276645536533468,3.4463978436601543,3.908153522051133,4.35211734388618,4.301727221475248
102.22,3.899125404405075,3.4353308666605717,3.454604779691859,3.9432103481847265,4.339805399191203,4.298215501410446
102.24000000000001,3.874288197237928,3.423744518090466,3.4810790358997847,3.956212187222125,4.348595755997836,4.276571353070237
102.26,3.866732906337958,3.430775327539886,3.4886228252912512,3.9909800432387224,4.336850067481584,4.273267492176711
102.28,3.8404813557466344,3.4185656515815857,3.5145064191055986,4.00517946430147,4.346184097755317,4.2505100343398325
102.3,3.8327168602594854,3.425029725918884,3.521485482576346,4.039608504044912,4.334941217510768,4.247387470823572
102.32000000000001,3.8062191825378293,3.4122671788333117,3.546879999691072,4.05345618699966,4.344748911131293,4.22475192944018
102.34,3.7982363964160553,3.4182403073232455,3.5533928498830982,4.087585111871753,4.333930033690344,4.22174018093122
102.36,3.771491651185466,3.405001512210595,3.578386401814984,4.101116287136207,4.344139182338875,4.199157489907058
102.38,3.763292941769054,3.410560561991648,3.58451772244333,4.134975551996592,4.33367170935337,4.196190291133509
102.4,3.736305762791977,3.396923107044403,3.6091921126990596,4.148217489698423,4.344210112903955,4.173595757308555
102.42,3.7278991374725563,3.4021456344838725,3.6150202564405522,4.181829956571471,4.334021559575925,4.170611374289289
102.44,3.7006798984324147,3.3881876785588485,3.639450920928452,4.194802663893494,4.344817360471166,4.147944932392351
102.46000000000001,3.69090709350305,3.39196549788384,3.6450478747833204,4.22818425527992,4.334835691496605,4.144886420778613
102.48,3.6635248401212563,3.3778189047879166,3.669298258113596,4.240901119171255,4.345817701073763,4.122086626279812
102.5,3.653591100636745,3.3814503091487,3.6747236709774453,4.274061417931824,4.335971657100248,4.118895493677391
102.52,3.62605876551166,3.3671840339080106,3.70021439493176,4.286529754859993,4.347069637292664,4.095912758990506
102.54,3.615986015940699,3.3707381448783624,3.705444352023528,4.320925710057534,4.33728899021321,4.092542829939131
102.56,3.5883284063806355,3.3929050322351837,3.7307776790491705,4.333057633539698,4.348441759659713,4.06933298542411
102.58,3.5781437043979563,3.3956439060050467,3.7358836850874506,4.367121553857548,4.3386641766081855,4.064461640240992
102.60000000000001,3.5492277574072553,3.4170620958229043,3.761127094574184,4.378918240075869,4.349803279564348,4.041050645384915
102.62,3.5389989737881526,3.4190817852839297,3.766165218613414,4.370441754228064,4.339954340042495,4.035958636351326
102.64,3.5100246105884256,3.4398450084748657,3.7913709098479136,4.38283920648353,4.351007008632944,4.012309015009541
102.66,3.4997844269300327,3.4412435312393903,3.7963900183724144,4.374913472293456,4.341021875176628,4.006967573627516
102.68,3.4707862138396974,3.4614476226422406,3.8216034589545673,4.387856601011209,4.351925043285708,3.983053902411431
102.7,3.4605714430422214,3.462319189396452,3.826645385093967,4.380425586805724,4.341741014857401,3.9774396951973947
102.72,3.4315881493649876,3.4820560263440368,3.851904899482135,4.393857308046301,4.312350931031169,3.953242110736739
102.74000000000001,3.421439684747004,3.4824907881525924,3.857004431924729,4.386863234624807,4.302801664850223,3.947337775228575
102.76,3.392514150776968,3.501848048141853,3.8823414997844354,4.400725120788315,4.273991234402934,3.9228428200430123
102.78,3.3813094585226104,3.503123778246002,3.8875267059791105,4.394109419944521,4.264980677994529,3.9166371496584023
102.8,3.3885800352244306,3.522119491673078,3.91297274887159,4.4083419529898835,4.236656588296544,3.8905338485891097
102.82000000000001,3.3767519583437133,3.5230597961280266,3.919616700932424,4.402044942273918,4.228093018700813,3.884066946983826
102.84,3.383455668874258,3.5417833645620567,3.945113395608461,4.4165944611775005,4.200159005223203,3.857670733847714
102.86,3.3710750338702264,3.5424812033400896,3.951790278372206,4.41056281160174,4.191948939091136,3.8509427900010937
102.88,3.377288251759129,3.561021910031955,3.9773565419637125,4.426858325535572,4.164321546362897,3.8242558607131
102.9,3.3644321653569387,3.561556489747585,3.984082090358074,4.420938783409397,4.1563902744168635,3.817272404877733
102.92,3.3702321428844213,3.5799910391637506,4.00973626222238,4.437327794233627,4.128998514039958,3.7903024999051604
102.94,3.356978462005259,3.5804355862923134,4.01652605552917,4.431457468699327,4.1212688011953125,3.7830747039752946
102.96000000000001,3.3624429409944643,3.5988346306491357,4.042272663021513,4.447877624103696,4.094038940157626,3.755835263800554
102.98,3.3488699030703066,3.599256302781688,4.049128569165044,4.441993330523088,4.086439078528425,3.747085010505688
103.0,3.3540767547361687,3.6176843011187834,4.074966345896766,4.458382169603646,4.057810472578018,3.7196541658805193
103.02,3.3402569601914966,3.654963141523627,4.0818847232738555,4.4524207913268175,4.050330716724639,3.7107148723753673
103.04,3.345277795174285,3.672656759811787,4.1091705597043795,4.468707696351722,4.021762489575733,3.683107831295945
103.06,3.3312891655121732,3.709251331065914,4.116053394840335,4.462606719243696,4.014346962754051,3.6740036864918064
103.08,3.3350583438253816,3.7263078004920622,4.143303265777606,4.478738632665032,3.985785084127978,3.646247452845483
103.10000000000001,3.3573150224747104,3.7623049237912833,4.1501418094720615,4.472436012654817,3.978383412338342,3.6370014178126686
103.12,3.3614274526455468,3.7799795092402255,4.177344827547523,4.445713195837038,3.9497794893472893,3.609120896823813
103.14,3.382895334243243,3.8153936162249873,4.184131184708926,4.440103931314918,3.9423473834180913,3.5997730184970855
103.16,3.3862631036173774,3.832497752915032,4.211278140038147,4.41401286049767,3.9136594264083664,3.570508192715637
103.18,3.4070557627328335,3.8674072568092432,4.217992881525672,4.40899519284655,3.906158946865514,3.5611435081556353
103.2,3.4097776464470138,3.8840150085493286,4.245062848229185,4.383436346766909,3.877344097287376,3.5318467956706576
103.22,3.4299930649461987,3.9184888830837497,4.251682366136154,4.378912080308514,3.8682529681454367,3.5225031074006887
103.24000000000001,3.432170653993753,3.9346650202067717,4.278650535292186,4.353789672503043,3.839352753304692,3.4932077246862296
103.26,3.451908402029645,3.9687632451800803,4.286532693234664,4.349656360849673,3.830163183364695,3.4839197013559375
103.28,3.453638392808636,3.984563835439356,4.313290055225656,4.324877916347622,3.8011561021976634,3.454669348830957
103.3,3.472992976318699,4.019523841048865,4.320920443939243,4.321052620781936,3.791848543675538,3.445482504637873
103.32000000000001,3.474366879206338,4.034924084065668,4.308372212516528,4.295006793791025,3.7627188132497644,3.4163245073031123
103.34,3.4934325066655827,4.069510785767914,4.316600859798095,4.291473002368096,3.753273148047646,3.4059935256951444
103.36,3.4945416059408596,4.084558602233001,4.30459146638824,4.265651815536338,3.724003903766081,3.4153235399668995
103.38,3.5133950073742612,4.118816417829315,4.313333757748012,4.262333527216162,3.7144059401063236,3.404361125554567
103.4,3.5143122014616557,4.13355122803579,4.301786810504728,4.236662316259178,3.6849859188158827,3.413124801031263
103.42,3.5330308566014086,4.1675159263629675,4.310966569270646,4.233487788256072,3.675234382648311,3.4016112064234147
103.44,3.5338302785544933,4.181968935993015,4.2998055023032835,4.20789626683378,3.644158030147204,3.409888718953816
103.46000000000001,3.5524858202470986,4.215668473823417,4.309346632797546,4.204798334281539,3.6343133400686565,3.3978981688991965
103.48,3.55323570785952,4.2310431293966255,4.298495082994754,4.179212968582121,3.603110571857165,3.4057628992615547
103.5,3.571893756704355,4.227238314158529,4.3083283386482085,4.176120775266158,3.593182307640568,3.393376426653553
103.52,3.6092365310648384,4.243111520696508,4.29771607357201,4.150481504237466,3.5618646993532423,3.400908841298883
103.54,3.627148137360529,4.23978492629384,4.307766143618909,4.1473384961338935,3.5518678280767375,3.3882068704530006
103.56,3.6637958114551474,4.256131126889275,4.297317768623724,4.121590526663751,3.520452517908241,3.3954863262125627
103.58,3.681052911760488,4.253254986795965,4.307510404309681,4.118345559488626,3.5104075752572275,3.3825483830815077
103.60000000000001,3.717093393891512,4.270044352010739,4.297151718526446,4.092439615772286,3.4789173565100353,3.389653325669598
103.62,3.7348909325021853,4.267586768977198,4.30741407944595,4.089047234485756,3.4673570344209854,3.376557873006742
103.64,3.7703379189002635,4.284792293812662,4.297072418161205,4.062939846454366,3.435884928172308,3.3835633791670414
103.66,3.787556541340222,4.28272322752688,4.3073334394671505,4.057810255645716,3.42435110707742,3.3703856145394946
103.68,3.8224908337862904,4.300306587694348,4.296938063654644,4.03153269303471,3.392919153989383,3.3773669354640106
103.7,3.8392070283435435,4.298586023527636,4.307120288280151,4.026219318636558,3.381436877095412,3.402760411039847
103.72,3.873700031851915,4.316505948846908,4.2965954442117225,3.999742608402447,3.3909705140066904,3.4089269651319403
103.74000000000001,3.889980768276788,4.316282402048728,4.306633064607922,3.994218274189651,3.3786547943988214,3.4335801979286384
103.76,3.9240943702769564,4.334428816676714,4.295919175796573,3.967518361569248,3.3874213295815947,3.4390401856434116
103.78,3.940003043829461,4.334387069002203,4.305754971778943,3.9617607317299157,3.374346607898651,3.463059044496398
103.8,3.974908672091783,4.352714841579367,4.294788775410246,3.9348188976254215,3.3824216022095572,3.4679153127897133
103.82000000000001,3.990420401016726,4.352815502999714,4.264865430874013,3.92881145385211,3.368664653810591,3.491404973263719
103.84,4.0249579660958235,4.371282517619163,4.25447165220007,3.901615238005717,3.376125789622658,3.495759758493763
103.86,4.040122837803355,4.37147638370574,4.225067586111625,3.895348066958517,3.361765493195451,3.51881420848529
103.88,4.074338641330944,4.390032337165935,4.215151538823456,3.8678914482755964,3.3672208493876212,3.5227582357700364
103.9,4.089198267318733,4.39026870464679,4.186175159213641,3.8613608883771917,3.352411391314451,3.545458624558645
103.92,4.123130387066096,4.408861641652729,4.176647132551445,3.8320564132242954,3.3574573872003315,3.5490692989276202
103.94,4.13885348761055,4.40908840907644,4.148012030896693,3.8253173753445724,3.342263385272521,3.5714988079767616
103.96000000000001,4.172464247939392,4.4276708750946945,4.138779259265845,3.7957699177914987,3.3469665621656004,3.5748609808077965
103.98,4.18785407097631,4.427840771779065,4.10897348187159,3.7888304738743805,3.331460516799485,3.597100713938396
104.0,4.221172847205258,4.446357810846264,4.1000183114515485,3.759043827015187,3.3358940944021067,3.600287085798976
104.02,4.236255403049417,4.446408536031951,4.07042572826096,3.7519105525254526,3.320148870574239,3.6224070272308992
104.04,4.2693037976640555,4.42841274003101,4.061679695530233,3.721900421739636,3.3243862921423366,3.6254841519211207
104.06,4.284097586781595,4.4290626255432475,4.032239115638431,3.7145924306496956,3.308474730338137,3.6488192917999145
104.08,4.27989797855341,4.411604296280642,4.02364516334966,3.684380112290671,3.3125893384672866,3.6517701748686884
104.10000000000001,4.29524536945589,4.412759574279163,3.994295423085683,3.6753761564050493,3.2965902460638725,3.6750197214806697
104.12,4.29271766962792,4.394530696981145,3.985796076247639,3.645058015350204,3.3006536171922156,3.6779103186853326
104.14,4.308520930257047,4.396165942482506,3.9564681710977223,3.6359583219245675,3.3258707339035185,3.701141524746757
104.16,4.306403715807964,4.378354572705488,3.947997366606219,3.605562181050705,3.329029232434047,3.7040340091488018
104.18,4.3226210575934285,4.38038257387436,3.918642777761832,3.596395959280953,3.3534125773896397,3.72729955203367
104.2,4.320877005108863,4.362902204491895,3.9087439358304166,3.565953228069516,3.355776830958392,3.730243137450502
104.22,4.33746906661232,4.3652382023496505,3.8793880649843544,3.5567478268029737,3.3794346375930107,3.7535884617812547
104.24000000000001,4.3360572769323475,4.347997687920012,3.869470029825517,3.526287612873188,3.381110989038469,3.756625220739374
104.26,4.3529813091202385,4.350552200243578,3.840079010961284,3.5170812255794504,3.4041469833202727,3.7800887855809617
104.28,4.351857737816398,4.333471341374306,3.8301098479150975,3.486644019595389,3.405237205413888,3.7832538689503585
104.3,4.369068006140807,4.336166265383681,3.80065543858909,3.4774792195513653,3.4277504028335715,3.8068673890345597
104.32000000000001,4.368185936221985,4.319168009013678,3.7906090275289275,3.4455491396299758,3.4283514543572142,3.810189286483552
104.34,4.385634262961114,4.321928549994115,3.7610689443467282,3.4365255392551335,3.4504279073083177,3.833978010723112
104.36,4.3849447965105055,4.304939241481824,3.75091701716355,3.4047189339206168,3.450625164601233,3.838743029435389
104.38,4.402581005759249,4.307694163511776,3.7212662122507814,3.3958790632447706,3.4723544805825792,3.8626555953118995
104.4,4.402040811655246,4.290643754089276,3.710995384600572,3.408011586573008,3.4722405245999544,3.867527756947374
104.42,4.4209623903468485,4.293325571628943,3.6797859217341777,3.3984263104918035,3.493712177555871,3.8915842579648636
104.44,4.420447319822408,4.276153386016331,3.6694424747470555,3.4098577626664177,3.4933673377991346,3.8965856933763523
104.46000000000001,4.439377362280974,4.278695753031887,3.6381224601857802,3.3996060120992975,3.514658364248398,3.920803672359118
104.48,4.43883360279324,4.2613317562663955,3.627704742804248,3.4104228642911956,3.5141574053750047,3.9259434973078147
104.5,4.457718272467237,4.2257136130098765,3.5962745828479172,3.39959083100577,3.5353392631816485,3.950328747442184
104.52,4.457090913729013,4.208952710647458,3.585786844335291,3.4098796683140566,3.5347512996915897,3.9556099412575527
104.54,4.475875866768281,4.173890597173104,3.554253233495187,3.3985534092150234,3.5558897495678443,3.980162313493354
104.56,4.475109995026421,4.157645046448117,3.5437058432368778,3.4084005825588064,3.556753214061529,3.985582203595045
104.58,4.456375752446189,4.121819081530477,3.5120814250413304,3.3966656574558134,3.57783254803197,4.011573369349343
104.60000000000001,4.456250223027142,4.1060570498038205,3.500050792602704,3.4061636440500695,3.5786445419375323,4.01704952002753
104.62,4.438096810404955,4.070647902297753,3.4684114193203452,3.3941044541653134,3.5997366428920476,4.043098104237026
104.64,4.438518932164693,4.055289699222066,3.4563709010590853,3.403330924743152,3.6422460325424235,4.048622018286628
104.66,4.420854159553074,4.02022088938491,3.424737801875436,3.391030599458065,3.6624722192252834,4.07471679743558
104.68,4.421732478364613,4.005201774890442,3.412710550367663,3.400068308123974,3.7041649423630902,4.080273713013255
104.7,4.4044663903501124,3.97041083036914,3.3811098460443167,3.3876075717169907,3.723622936445179,4.1063979436290134
104.72,4.40571183000607,3.9556723721382814,3.3691240556783977,3.39653714369513,3.7645922088695207,4.111968298239731
104.74000000000001,4.388757082578178,3.9211032497066522,3.37781962852495,3.383994657019371,3.7833690935476145,4.138100783800157
104.76,4.390283273981508,3.9053503114581836,3.3649978415133637,3.392894126493899,3.8236977538288714,4.14366080659554
104.78,4.373555418086634,3.871009789802134,3.3729176228300117,3.4244193976713526,3.8418705993802114,4.16977645142961
104.8,4.375272433088089,3.8554627348910886,3.359327401174577,3.4323683657045514,3.8816313004796967,4.176580409539661
104.82000000000001,4.35868343137971,3.8213094286382105,3.365116799882963,3.4630129358621375,3.9007188685143483,4.202576155335828
104.84,4.360518348691484,3.8059292361691455,3.35090470840635,3.4701218868242583,3.9398929980010986,4.20922773651541
104.86,4.343997732105059,3.7719193433000355,3.3561093899442316,3.4999994509689683,3.958392807778166,4.235080786826906
104.88,4.345873827213685,3.756665929534349,3.34134426951699,3.5063859876451833,3.9970449599362476,4.241547640215325
104.9,4.329347318810129,3.722771501203111,3.3460341234415276,3.535603801044557,4.015017483812076,4.267223411429703
104.92,4.331191676060261,3.7076196050013324,3.3307865484909693,3.541371996537173,4.053202614242805,4.2734702627281145
104.94,4.314588987313088,3.672546615554869,3.3350331985916752,3.5700305215513226,4.070698952785908,4.298931522269285
104.96000000000001,4.27869371349672,3.6575234203055174,3.31936927182382,3.5752776083468203,4.108463018400917,4.304920746654438
104.98,4.261607398361979,3.622537860921864,3.3232407863889097,3.603470390972144,4.125525616736092,4.290540476953999
105.0,4.26405808562619,3.6076271750302245,3.3072340460421326,3.608286626348381,4.164373568537789,4.297105290695579
105.02,4.2467674196140734,3.5727155858944535,3.310804844040028,3.6361002491904517,4.1809370485489525,4.283252111664366
105.04,4.211306982028201,3.5579125362963295,3.2945296432325764,3.640574757686352,4.219304332926862,4.290318418750096
105.06,4.1946001270555096,3.5230728434912884,3.297874883135686,3.668095063771554,4.235405468915047,4.276910206781123
105.08,4.1596789338639715,3.507113064462902,3.2814060967574887,3.672303175765681,4.273325521917337,4.2843970134946465
105.10000000000001,4.143473113163144,3.472403356328283,3.28459575710767,3.699601883688203,4.2889924035786064,4.271353000177506
105.12,4.1090042828494,3.4565731115917258,3.268002205520458,3.703612140017785,4.284388014657943,4.2791805952799375
105.14,4.093215857324679,3.460462186049963,3.2711121312633695,3.7307542030715197,4.300578283783959,4.266421654357956
105.16,4.0591266989843415,3.443906998121917,3.293631885598531,3.7346286821606878,4.296455839857905,4.274512436469919
105.18,4.043684999964973,3.447125105481837,3.295899375118933,3.7616647137136017,4.313136699195264,4.261961238675536
105.2,4.008706979109778,3.429886476792037,3.3190426973866534,3.7669630595281,4.309461623623543,4.270239298915117
105.22,3.993594546703384,3.432471001842398,3.3204859245264724,3.79387183237731,4.326604489994264,4.257814533054894
105.24000000000001,3.958886648881607,3.414604954459058,3.342882847030985,3.7990415510748305,4.323347096834433,4.266199950223548
105.26,3.944048177815261,3.415369325109456,3.3436183057192377,3.825879500451077,4.342385942616181,4.253828815915975
105.28,3.909557437240894,3.396993249586976,3.3653689577602575,3.830973052889903,4.339412521379615,4.262257942225155
105.3,3.8949363682732425,3.397276566943722,3.3654962229192136,3.8577947971086726,4.358722925177264,4.249876140416869
105.32000000000001,3.8606096657756988,3.3784456859515246,3.3867035715294254,3.8628632128255047,4.355991483228355,4.258279433564341
105.34,3.844976436911892,3.378304628359893,3.386323693706135,3.8897085484261695,4.375530316141535,4.245818075659008
105.36,3.8108277195568205,3.3590715085646012,3.407085840080598,3.894787975705285,4.3729957321879915,4.2541221103489475
105.38,3.7953551578448574,3.358560963005439,3.406294798302896,3.9216895220434504,4.392716979714818,4.2415095537070195
105.4,3.761352994579414,3.338986838224611,3.426704545531538,3.9268091527941564,4.39033142383932,4.2496511613887895
105.42,3.746011991063106,3.3381695123300767,3.4255929246389396,3.953792697337361,4.410186635275238,4.2368251209038
105.44,3.712131079445217,3.318318219294382,3.4457375699178567,3.95897512473191,4.407900090719559,4.244744415583127
105.46000000000001,3.6968988396772025,3.3172593685167677,3.444390325947923,3.986059993869154,4.427838954031152,4.231645987329567
105.48,3.663120326060328,3.29594650853215,3.464351428655667,3.9913215923512455,4.425599741727582,4.199273411322718
105.5,3.647980634046296,3.2947609214491296,3.462841583662077,4.020034238513196,4.445570556370321,4.186741410359834
105.52,3.6130627863253175,3.273322851557715,3.482688256663682,4.02528724428417,4.443334019902874,4.154885955189577
105.54,3.598042855821108,3.2720662461132415,3.48109594035647,4.054002355641891,4.463292940080293,4.142825019390901
105.56,3.5632083965074672,3.250560375735386,3.5009051056455482,4.059260098272071,4.4610046136272885,4.111394294972149
105.58,3.5483055431300476,3.249295345385844,3.499296837108711,4.087988075977557,4.480897614636405,4.0997214523514875
105.60000000000001,3.5135540227765607,3.266617271452457,3.5191314702851417,4.093257124349718,4.4785026214525345,4.06863606760788
105.62,3.4975878442797828,3.264540067971017,3.558551069971249,4.1220018660539886,4.498275522498754,4.057274083887711
105.64,3.462974271174371,3.281106758090388,3.5775592769774924,4.127282228022419,4.495719027186371,4.026452914649999
105.66,3.447146356791089,3.278310717342266,3.6162315809288046,4.156041021512179,4.472730761292286,4.015323957649934
105.68,3.4508687680041157,3.294220650236697,3.6345072303296417,4.16132684944294,4.470902848951031,3.983347616639386
105.7,3.4343353870035482,3.2908024841987427,3.6725209806704586,4.190092160017014,4.44858185637597,3.972442293091253
105.72,3.437399181936421,3.3061514674079313,3.690148837907196,4.195373176215284,4.447379843591148,3.940629942591321
105.74000000000001,3.4202034098736136,3.3022052160095035,3.7289557536113276,4.224133044265504,4.425624698549541,3.929893132469146
105.76,3.4226592233723574,3.317086502959739,3.7459191410888,4.230920727743931,4.424955801334959,3.8981916981681066
105.78,3.404853342547698,3.3127102980331746,3.7841031910559413,4.25957838672953,4.403683924707369,3.887574155373898
105.8,3.4067555096661333,3.3272199102386746,3.800489773462017,4.266223720187835,4.403465212268283,3.8559366542453337
105.82000000000001,3.388395553751421,3.322501053664694,3.838134628761609,4.294761039969798,4.382587720032172,3.8453954297207145
105.84,3.3886069893820663,3.3367253439652047,3.8540144930334406,4.301244467185591,4.382731426101796,3.813781250393792
105.86,3.3698097370363795,3.3317415780005897,3.891186238317637,4.32963897421098,4.362162723011054,3.8019306083851307
105.88,3.3696142452378934,3.345758172349184,3.90662029337375,4.335936855223296,4.362584427251671,3.7703614528000187
105.9,3.3504304992591423,3.340590384971237,3.943376078253399,4.364162285563181,4.342234557689363,3.758541481976184
105.92,3.3498810378660773,3.3544787577188546,3.9598182312334513,4.370247510340141,4.342846757403764,3.7269915638614775
105.94,3.33037041088047,3.388283532278357,3.9961231944943187,4.398281452671554,4.322637991626682,3.7151786304438574
105.96000000000001,3.3295278923271288,3.4012504306931626,4.012106981474708,4.404131305607448,4.323364305099822,3.6836280856918866
105.98,3.3097519471011223,3.434197704190953,4.04801089495013,4.38674965413366,4.303222982682073,3.6718046674601017
106.0,3.308678988525417,3.446353469481799,4.063582305221483,4.393328488265627,4.303991415568006,3.640239859000944
106.02,3.2887011352636883,3.4785499164148126,4.099126412064524,4.376617062245207,4.28384874877215,3.6283947832401395
106.04,3.2874624297414354,3.489997379130697,4.114323523403311,4.38384299037195,4.284591827340552,3.5954519823334232
106.06,3.26734789918349,3.5215421668480684,4.1495410822080565,4.367720057585413,4.264383363187737,3.583629272008369
106.08,3.266003828307642,3.532376696023794,4.164394004564353,4.375511978288898,4.265030543511749,3.5506716943070176
106.10000000000001,3.2831223721490153,3.563361524931145,4.199310686464004,4.3614634141052395,4.244688386125753,3.5388722182350394
106.12,3.2809332155671647,3.574880247797772,4.213842282851965,4.369661810607283,4.245189360207274,3.5058961966856805
106.14,3.297266083259383,3.605315318489806,4.2498750514646435,4.355958754728323,4.224667016812665,3.4941189326616446
106.16,3.294332538787138,3.6163024519522784,4.264021328965172,4.364489487597191,4.181975226114053,3.4611329247230764
106.18,3.309978916480791,3.6462822939781856,4.2996794332478725,4.351059286489585,4.162191035225523,3.4480600713615335
106.2,3.306393501178642,3.656828399876262,4.313455109020326,4.359841416888416,4.120156354853455,3.4151361201279644
106.22,3.3214396665812385,3.686432190289404,4.348750755457717,4.346604896254913,4.0994642836761885,3.4021295857967204
106.24000000000001,3.31728687282753,3.696612332926943,4.362163864149751,4.355559435861201,4.101131654221417,3.369278763209895
106.26,3.331823314630158,3.7259109864222126,4.355589399936362,4.34243033439946,4.080077272989511,3.356352229685573
106.28,3.327192004566924,3.735792142577918,4.369564542244602,4.3514726985557495,4.038297842625722,3.3642565851862765
106.3,3.3413067559192653,3.764848888924442,4.363505900386936,4.338376482197512,4.017817775187377,3.35051982222395
106.32000000000001,3.336282802564551,3.7744907728782553,4.377995218627424,4.3474329291878915,3.9765850907863722,3.357674826327122
106.34,3.3500605695153483,3.8033613256513115,4.37240346447951,4.334298280981846,3.95661683054751,3.343191858837172
106.36,3.344726625821601,3.8128160382828296,4.3873568645089875,4.343297931861311,3.9158727678669467,3.3496631995778445
106.38,3.3582490883448384,3.8427483934782094,4.382181073420348,4.328497401688691,3.8963607668198756,3.334501007439397
106.4,3.3526846070989267,3.8519832349520997,4.3989686732922495,4.33744985591159,3.8544940442909086,3.339037084578856
106.42,3.366035052159238,3.8817241288205233,4.394068134734278,4.322553619509158,3.8354370066545975,3.323324260192595
106.44,3.360314302862776,3.890792180373938,4.411114884377979,4.3313959845405146,3.7939567128681153,3.3273461787123386
106.46000000000001,3.3735609444680277,3.9203910186412174,4.406437064902867,4.316335694490884,3.775308008197811,3.3111474890379187
106.48,3.4065530411346976,3.9293300925394674,4.423689951173876,4.32500963864539,3.734177813987924,3.31472089579585
106.5,3.4189035282232627,3.9588208463506294,4.419180474201004,4.309727777276337,3.7159054143963175,3.2981023594631647
106.52,3.4510619414497565,3.967660681227548,4.4365848951539375,4.318178312648562,3.675095620805355,3.301293995552488
106.54,3.462622264225574,3.9970699027310688,4.432188025132153,4.30262082543066,3.65717426129673,3.2843228276792327
106.56,3.494049517827099,4.007052583168218,4.449688293276655,4.265078132493203,3.6166620430714445,3.287200881926366
106.58,3.5060933721902625,4.036329608527869,4.445353878538617,4.25021259866265,3.597516205356475,3.2699455441971503
106.60000000000001,3.5368254650405233,4.046169726876627,4.462900730573361,4.213314834273858,3.60073850858726,3.2725781399032887
106.62,3.5481998311587213,4.075340611087997,4.4585712576802,4.199044695691621,3.5809576339268014,3.25510629271933
106.64,3.5783357320331586,4.085053812563317,4.476107784728556,4.162697725212484,3.583593304721876,3.2575628950650337
106.66,3.5891355659174464,4.11413044113359,4.471725635575481,4.148939966384014,3.563206141931995,3.2399436789554374
106.68,3.61876612930551,4.12372581236444,4.489194958054238,4.113064455067894,3.565286691723248,3.242294210391845
106.7,3.629078297274682,4.152713782991625,4.484702756661959,4.099741908068902,3.5443263406310686,3.2655957754242033
106.72,3.658286351195124,4.162194442919428,4.502048491964961,4.0642645585842185,3.545887604865776,3.266983691000331
106.74000000000001,3.6681893515625537,4.191093653666774,4.497389509927981,4.051306184736064,3.5243911707849485,3.289394693302883
106.76,3.6970491635652643,4.200457329651579,4.472602906085745,4.01616001777788,3.525472490347892,3.2899293108816865
106.78,3.7066134249321565,4.230470702914099,4.468655304321115,4.003501505430099,3.5034811481523978,3.311557130205121
106.8,3.735191702701632,4.239631090373108,4.444526799386812,3.9669996551925832,3.5026009487047634,3.3113444678238624
106.82000000000001,3.7444857030107945,4.269443410515575,4.441200125521008,3.9546459381849552,3.4802261892386115,3.3322850935832973
106.84,3.7740187909058176,4.278393864291243,4.417625545067851,3.918376843482409,3.478984284516165,3.3314209684842964
106.86,3.7830223331267154,4.308003606448465,4.41481826161688,3.9062715498332587,3.4562701656299506,3.3517808811650602
106.88,3.812300118813583,4.316738141840198,4.39170671644117,3.8701899009399305,3.454712046398085,3.3503690373527415
106.9,3.8210709093844,4.346130729791318,4.389329215498369,3.8582917474383143,3.4317057431786626,3.370243859578796
106.92,3.850147229283069,4.354631991447707,4.366593402295702,3.822358329324467,3.4298801392023277,3.3683781702678273
106.94,3.8587349690200217,4.383788855062822,4.364559735002261,3.8106322716451064,3.4066319083131047,3.3878590011696454
106.96000000000001,3.8876558075246908,4.393266986313041,4.342116180865602,3.774814216323386,3.4045906070431577,3.385628681051785
106.98,3.8961025108784435,4.382168262701073,4.340350166624837,3.761636636626206,3.381153593565619,3.4048018064340595
107.0,3.924911926405041,4.39217340515369,4.318125959088581,3.72597999944522,3.3789443249886473,3.402291127178422
107.02,3.9344515241742286,4.381555011139005,4.316540811676589,3.712949616380037,3.35536663193444,3.421237746609508
107.04,3.9631121232270283,4.392026635692824,4.294451457160593,3.6774352943409774,3.353046998478367,3.418530716092057
107.06,3.9724921203526327,4.381826212305613,4.292974204783869,3.664534881235398,3.3293871020706955,3.4373319439923096
107.08,4.001035160479736,4.392694888947786,4.270949758898251,3.6291493726313315,3.3270170060029067,3.434501468898032
107.10000000000001,4.0102833485969756,4.382842556545779,4.269512025228364,3.616367494772768,3.3017773887914177,3.4532269796630177
107.12,4.03873252184806,4.39403869011804,4.247487270659173,3.5811031809941762,3.299475484164863,3.4503330707527424
107.14,4.0478693707896145,4.384464536586555,4.246025508318792,3.5684263040912345,3.3181721648398907,3.4690391170371715
107.16,4.076241270438444,4.395918735187125,4.222481392066594,3.533272596950335,3.315019094624398,3.5075669455609946
107.18,4.085280412283754,4.386553182393384,4.221002592283774,3.5206952515605043,3.3329237474718543,3.525393075557655
107.2,4.113584800072241,4.398188795958076,4.197386403020732,3.484015024641696,3.3290125766968384,3.5631204722795013
107.22,4.122533005404368,4.3889562987363755,4.195840374705027,3.4715983736084723,3.3462107334916045,3.580163798567515
107.24000000000001,4.151954458665948,4.400706319254029,4.172094576832709,3.435039708842682,3.341624952447328,3.617182938765248
107.26,4.160735723602989,4.391545957675484,4.170426291997588,3.422793573163935,3.35820774364474,3.633536857820641
107.28,4.189996449040037,4.40335066869904,4.146507629730061,3.3863681196327615,3.3530369889287712,3.6712249550029035
107.3,4.198612258160829,4.3941957409814645,4.1446771744776765,3.3743072536220713,3.369093493484024,3.6868818925085685
107.32000000000001,4.227719328355953,4.405989772687378,4.1205474900022026,3.3380317491229374,3.363431653737408,3.723918303703696
107.34,4.236172070002596,4.39677531774763,4.118520135348706,3.3261759411424165,3.379053764350786,3.738961825810383
107.36,4.265117893807284,4.4084952622747915,4.094146543332359,3.3365366938704533,3.372984854348407,3.7754259665705376
107.38,4.273397071073399,4.399158344835102,4.091892947670158,3.3238604688602913,3.3882555086985673,3.789930257700147
107.4,4.302169504611359,4.410742948872274,4.067247593605181,3.333440712722405,3.3818598918781597,3.825892329106604
107.42,4.31145616131662,4.4012229020313045,4.06474295234106,3.318407296108346,3.3968587244371613,3.839922629899354
107.44,4.339969075386,4.372295011311504,4.039803193979071,3.3273435910662665,3.3902050525178957,3.8754494545380647
107.46000000000001,4.348962034630702,4.3634405834329515,4.035543464560062,3.311664496783085,3.4050014701112863,3.8890668518059552
107.48,4.337603131612463,4.335122192947205,4.010356692460623,3.3200152594512877,3.3981644495179397,3.9242107630319323
107.5,4.347168810401646,4.32683091197686,4.005846491782826,3.303750813877992,3.4128320484660626,3.9387522945688165
107.52,4.33633785280398,4.299022130365394,3.9804030951455935,3.3115823299404616,3.4058825483913178,3.973482701230206
107.54,4.346419521382931,4.291204386117389,3.975634628289955,3.2947996350085744,3.420496166617111,3.9876039752453836
107.56,4.336057829819861,4.263818435514925,3.9499299843549283,3.3021794288495263,3.413506656489106,4.021967342761834
107.58,4.346588994129042,4.256389298791797,3.9449006074430253,3.284946824373771,3.4281309738299104,4.035711310373509
107.60000000000001,4.336629580091113,4.2293442123037694,3.918935295154643,3.291943482385439,3.4654161467156954,4.069745884718969
107.62,4.34754337625303,4.222223617210846,3.9136476518675174,3.2743302902602816,3.4791270593601014,4.083147093479892
107.64,4.337919001610524,4.194170937516926,3.8874275720734013,3.281012746472059,3.5155572056041335,4.11688280674118
107.66,4.349148538185563,4.187339347248016,3.8818838783857537,3.26308836622206,3.528456194024008,4.129968251720625
107.68,4.339785919193477,4.1595142248377055,3.853932809242392,3.269525679127713,3.5641292135124436,4.16473007305364
107.7,4.351258318767629,4.152905171366779,3.8482041474995903,3.251353943850259,3.577821385440812,4.1774330976835525
107.72,4.342098063446946,4.125235477852338,3.8200402677643543,3.2576086658910177,3.6127478887258655,4.211836438322134
107.74000000000001,4.353754792011818,4.118779589088106,3.8141432707382803,3.239266566886272,3.62571038006213,4.224186286257513
107.76,4.344730589028083,4.091206311829304,3.7857848894738217,3.2454155404265514,3.659986008044858,4.258248287002462
107.78,4.356506291602121,4.084847864092998,3.7797405722742394,3.226972210475315,3.6723103420037146,4.270258085650929
107.8,4.347552928970626,4.0573172895982434,3.751210545565264,3.2330833962663847,3.7060218586178877,4.303989492367665
107.82000000000001,4.359383526604169,4.05100599008341,3.745044385753149,3.2146072160061645,3.7177907268082087,4.315666315720641
107.84,4.3504371772907415,4.023469925644291,3.7163700321271596,3.2191746290524166,3.7510162166039973,4.349072150665483
107.86,4.362260149062776,4.015898636924732,3.7101118904756367,3.2477782776625723,3.7622940328295895,4.360417674494145
107.88,4.353258650051739,3.9883766865647776,3.681309732844478,3.253026446910874,3.795095023735256,4.351460408152447
107.9,4.365006410901914,3.9808044306257733,3.673492558882771,3.280731185838394,3.805957989463605,4.364712938786472
107.92,4.355883949765272,3.9532614912800597,3.644675398541803,3.285104004164885,3.838404774844327,4.356225528392395
107.94,4.367505990916104,3.945647682911914,3.636858838308873,3.312013077880564,3.8489165782786943,4.36993475957314
107.96000000000001,4.35821146181941,3.9180459803842997,3.6080604459358576,3.3156176915942686,3.8825894683939737,4.361867285958183
107.98,4.329628912165774,3.91036336094452,3.6002798681462376,3.3418357434582613,3.892699261952497,4.3759915263455875
108.0,4.3209984011580485,3.8826792999613295,3.571537156331516,3.344781133228786,3.9260010809889874,4.3682998968745785
108.02,4.293025130719071,3.8749066712655713,3.5638311419414115,3.370413001262513,3.9357629264764515,4.382785724722166
108.04,4.284967358560775,3.847122526691982,3.535184109960674,3.3727939534333906,3.9687440065704043,4.3754154734113095
108.06,4.25751460034599,3.8392443614374048,3.5275943271993673,3.39793186615488,3.9782035395950404,4.39020808148167
108.08,4.249942478133079,3.8100618629058447,3.499085824466445,3.3998373531848696,4.0109059921643455,4.383103495788136
108.10000000000001,4.222925807005153,3.802118466208631,3.491650920977154,3.4245676522328825,4.020100886288882,4.398147073915627
108.12,4.215749894741588,3.77283480900868,3.504956349997719,3.4260806605322514,4.052559153368541,4.39125157742116
108.14,4.189082362304891,3.7648219132556213,3.4968229239617337,3.45047668212799,4.061519673565143,4.406489647299916
108.16,4.182225162721339,3.735426685923036,3.509478670801931,3.4516661712461403,4.093761036560741,4.399746104430899
108.18,4.155832249050214,3.7273360707145704,3.500725132230981,3.4758024003999126,4.102510515050447,4.415121884016324
108.2,4.149221104169626,3.697831739471493,3.512809608310096,3.4767394028871617,4.134555651057778,4.4084730279299515
108.22,4.123033224829796,3.68966900213856,3.5035136993174874,3.500684149822629,4.144630152000624,4.42392981198268
108.24000000000001,4.11660055867549,3.660063310800886,3.5151046513394353,3.5014335460136574,4.176405633449085,4.417326107357663
108.26,4.0893115730240215,3.6505540066991866,3.5053432597468284,3.525254672966717,4.18618565790503,4.43281532633504
108.28,4.083048633100387,3.6209126363889834,3.516512004822116,3.5258814297265073,4.217707121801553,4.42619302256335
108.3,4.055867083600498,3.611375365460724,3.506354853919845,3.5496339376176085,4.2272057619270935,4.441651624416578
108.32000000000001,4.04971274491201,3.581714109584529,3.517177385867348,3.550189715877934,4.258482310143176,4.434954589570943
108.34,4.022586861706237,3.57216649942106,3.5066991895801918,3.573922640283734,4.267706355423878,4.4503275085357235
108.36,4.0164925735959,3.5425054711758155,3.5172498917795125,3.574453254099163,4.298741161058046,4.44350073724978
108.38,3.989375792751278,3.532969573297704,3.506523551851641,3.5982097908312367,4.307691838486707,4.45873423269114
108.4,3.983298324803247,3.503333242609368,3.516874877513643,3.5987553239941397,4.338482829953862,4.453073073650131
108.42,3.9561494848459016,3.493835489820833,3.5059711661902426,3.6225729608608286,4.3471564378211855,4.42551454818077
108.44,3.9500576851179865,3.462961909281996,3.516193314509923,3.6231679167244653,4.377702732459196,4.419144874477966
108.46000000000001,3.9228472326054025,3.4535782929553798,3.505173723989269,3.648629790980452,4.386097652070355,4.392236801375664
108.48,3.915452895824659,3.422799024148328,3.5153286802323107,3.6492052368114645,4.372863623001167,4.386482935878921
108.5,3.888198652849343,3.4135539587498216,3.5042675202311897,3.6746721696687703,4.3818853961187845,4.3601377813097475
108.52,3.8807518372567644,3.3828956683658107,3.5144271544760226,3.6752694586761483,4.369225102501203,4.354913709255801
108.54,3.8534314678826886,3.373822555352495,3.503386316724495,3.7007801826286957,4.378811933821443,4.329046801093868
108.56,3.845911787476792,3.3845769213346144,3.5136116725835995,3.701426889861809,4.366663121991328,4.3242693031707296
108.58,3.8185081351934316,3.374786219585936,3.5461397384712927,3.7270058739224594,4.3767519659305005,4.298799879063983
108.60000000000001,3.8109001400822557,3.384869110588043,3.555516051419477,3.727722732864689,4.365051348131701,4.294389708753444
108.62,3.7834005912352837,3.3744357337461492,3.587254748473922,3.753387471308408,4.375578246299873,4.269241120931336
108.64,3.7756939105418175,3.3839223210164664,3.595879793301908,3.754188910765516,4.364261872789225,4.2651232105058625
108.66,3.7468465909072894,3.3716607971602355,3.6269235995510845,3.779951200936211,4.375162329099642,4.240223131856377
108.68,3.7390844585122234,3.3806751025169546,3.6348823645561033,3.7808461013293395,4.364165958702352,4.2363201175150635
108.7,3.7101418178633887,3.367950385328371,3.665312501350037,3.8067124091283366,4.375375312203967,4.211593675501959
108.72,3.7023170171273803,3.376560531264299,3.6726902750226307,3.807704439712424,4.364634736662549,4.207839978330579
108.74000000000001,3.6732812080017294,3.363440901687251,3.702588734686102,3.833676305478953,4.376088457010794,4.183224578884826
108.76,3.6653987739282083,3.3717146579526194,3.71092441202189,3.8363458320712556,4.36553985730155,4.179559428104667
108.78,3.6362768173799975,3.3582680256619053,3.740287336897404,3.8623396715621547,4.377182613965482,4.154997462784805
108.8,3.6283466506508257,3.36627943898008,3.7481079602539045,3.8649978995227454,4.366772023466517,4.151365207340622
108.82000000000001,3.5991504846975584,3.3525787595785292,3.777023272206919,3.891010898281952,4.378539489412955,4.125420310924242
108.84,3.5899431953410734,3.3603935673140244,3.7844046133250346,3.893652940477364,4.368203687311417,4.12183048696763
108.86,3.5607399277264435,3.346499316515677,3.812944195205623,3.919677213669446,4.380026044890158,4.0958692251096265
108.88,3.5515354917083255,3.354176459483663,3.819954379342433,3.922293342955537,4.3696961313756395,4.0922720711317595
108.9,3.5223440204528575,3.340153569884079,3.8481825276545427,3.948316361495884,4.381512618631365,4.066253836520702
108.92,3.5131630435639223,3.347756671315947,3.854882251197593,3.9508924763517155,4.371129276490536,4.062611884705259
108.94,3.484006181010331,3.333668502518657,3.8828559666388816,3.976897603015254,4.382880917389514,4.036501049087328
108.96000000000001,3.474873268380103,3.3412594107585063,3.8892987754107176,3.9794158176884458,4.372386821922251,4.032781903681151
108.98,3.445777732535502,3.368792029414659,3.9170680169909677,4.00538284909184,4.384016739112468,4.006547984485107
109.0,3.436721401418181,3.375503599592724,3.9233002094200433,4.007821988072624,4.373356824056668,4.0027244835407885
109.02,3.406468601386398,3.4022272761163768,3.950907538784431,4.033727641606364,4.339297424618154,3.9763423087751164
109.04,3.3975643288455473,3.408151539761516,3.9569685598436104,4.036063706243112,4.329435398741196,3.9710173223990837
109.06,3.408354044434272,3.434156935292549,3.984450211128149,4.061882354186499,4.296096466624628,3.9445280904499493
109.08,3.398715578467574,3.4393874312969404,3.9903733171522715,4.064089603333561,4.286930864867247,3.9390913938832104
109.10000000000001,3.408814064692751,3.464765254103536,4.01920135165407,4.091377279654907,4.2542138316483955,3.9124811257865604
109.12,3.398510037923867,3.469389834656419,4.024921637775247,4.093331913330651,4.245665449128909,3.906920529678323
109.14,3.4079865001021514,3.494231185987427,4.053576522985674,4.120362831534054,4.213491439774473,3.88017998288745
109.16,3.397086294132177,3.4983383684453297,4.059131938033889,4.122036605232272,4.203934833195945,3.8744881894489174
109.18,3.406010650524983,3.522722367751977,4.087640281607618,4.148782496650826,4.172299018204564,3.847605228320623
109.2,3.394584215786054,3.5263883930679696,4.093053874527618,4.15013780242581,4.163248206381976,3.8417731881688413
109.22,3.403026802216152,3.550388835715963,4.1214359550234,4.1765608433909875,4.132076478312241,3.81474879212594
109.24000000000001,3.3911442437128225,3.5536845679459956,4.126724605439904,4.177566797938842,4.123459058690559,3.8087795086349066
109.26,3.3991754958418916,3.578628167876517,4.154994759274264,4.203636513362823,4.092681902456382,3.78023947867197
109.28,3.3869068415082095,3.5815421722065865,4.160176350893141,4.204261045172776,4.08443018235246,3.7741940535345075
109.3,3.394596963578016,3.6061500913666085,4.188350463605817,4.229946037323523,4.053975157979338,3.745548305862497
109.32000000000001,3.382011711462405,3.6087532699594753,4.193429771151566,4.230156414515052,4.046019780712959,3.739437611307204
109.34,3.3894301987285838,3.6330929888893655,4.2215106336319295,4.255424753539493,4.015827676371765,3.7106986410613083
109.36,3.3753743847084254,3.6354496369981004,4.227946806395949,4.25518785901732,4.008111357916435,3.704537612411028
109.38,3.3826417985413593,3.659575078498679,4.255849977674259,4.231591155850059,3.9781281460680358,3.6757155034376803
109.4,3.3684411748923373,3.6617432210235985,4.2620788533909035,4.2319589518983705,3.9705992397490757,3.669516071240357
109.42,3.375616500420447,3.685716017969771,4.289803776270291,4.208911497146003,3.940777038233535,3.640631949180006
109.44,3.36132984452948,3.687746795711802,4.295823364156707,4.209801670641788,3.9333895533163172,3.6344175425630714
109.46000000000001,3.368470661134572,3.711614880928807,4.323364998049083,4.18722291071987,3.902123137330487,3.6054965626516684
109.48,3.354155267260608,3.7135531881340365,4.329168661856963,4.188555923838998,3.894898970534344,3.597900923676192
109.5,3.3613174696198644,3.737358371610425,4.3565175862038545,4.166359430283461,3.8637420074203623,3.569028450963597
109.52,3.388311493022976,3.739243043034487,4.3620945993588585,4.168051410833278,3.856640510035759,3.5614968143285246
109.54,3.3946284619524585,3.7630208516202837,4.389237527494665,4.146163463548079,3.825555131511534,3.5327006114631163
109.56,3.420844098692023,3.764884241724578,4.394573522154404,4.14814174586975,3.8185483222583954,3.525261819875281
109.58,3.4264080620487927,3.788664247822402,4.421493829632884,4.126491857745613,3.7875082543282694,3.4965721465038206
109.60000000000001,3.45193520338483,3.7917888250648675,4.42657139655365,4.128687111525435,3.780573102590785,3.4892579542724085
109.62,3.456833516739645,3.815527009213737,4.408832660966214,4.107208311767761,3.7495570848980764,3.46070781010762
109.64,3.482980893339586,3.818596267625098,4.414619921344875,4.109555087852779,3.7426756332142332,3.4535526718764724
109.66,3.487227221873275,3.8423254266182707,4.397538323627735,4.088184810506591,3.7116675478948986,3.468778964175449
109.68,3.5127788596853717,3.845369745496496,4.403966925533002,4.090621661253188,3.7048270314512846,3.4608396376322736
109.7,3.516460559922582,3.8691092676996464,4.388963135626993,4.069301113024381,3.67381563873374,3.4753458372117514
109.72,3.541500380712442,3.8721452973249155,4.3958909835655975,4.071777121782318,3.6654280891214084,3.466700739080738
109.74000000000001,3.544698549430198,3.895914905576308,4.381333227211804,4.050458675127515,3.6344810595631065,3.479196157893929
109.76,3.569304492716244,3.89896006718207,4.388692378979991,4.052911244928955,3.626154434372643,3.4699899512381682
109.78,3.5720875070553038,3.922767180377047,4.37451328503732,4.031534520156737,3.5952618800470733,3.481969802647474
109.8,3.596324506827399,3.9258265888693185,4.382236256119018,4.033914467853075,3.5869892382470465,3.4722713773868716
109.82000000000001,3.598762427472811,3.9496737405239615,4.368369000329283,4.010807568218662,3.5561535378531177,3.4838044024528174
109.84,3.6226973714096995,3.952747890119622,4.376389024709364,4.013142309709778,3.5479322181597284,3.473681696443532
109.86,3.6248541533844123,3.9778983135948214,4.362758015303444,3.9899382028347667,3.517152542043448,3.484835647134419
109.88,3.6485478665434274,3.980902634440128,4.371008140265901,3.992190057584496,3.5089914988628452,3.474355406001469
109.9,3.6504868491827622,4.00599034112878,4.357557087295878,3.9688522891661555,3.4782793455584033,3.4851967983435124
109.92,3.6739997899347467,4.008922349631001,4.365973039819637,3.9709875787627933,3.4701919325167703,3.4744244270161517
109.94,3.6757720317455753,4.033943025286916,4.352638973181758,3.947483792434299,3.4379867845757706,3.485018361342455
109.96000000000001,3.6991522916043262,4.036795699240544,4.361158207086598,3.9494729846898635,3.4300459334943056,3.4740093968511934
109.98,3.700803139257432,4.061740702167952,4.347880067732621,3.925766670350915,3.397956353883722,3.4844123593581857
110.0,3.724093151609035,4.064502919654547,4.356442053782138,3.9275753280019963,3.390179487157342,3.4732292574506953
110.02,3.7268840296454946,4.08935977742821,4.341686795190423,3.9036431722841645,3.358224220150388,3.483503120739019
110.04,3.750055321075748,4.092023068735925,4.350306264390633,3.905243720994502,3.3506318678877873,3.472212155318627
110.06,3.7527222905024966,4.116775280725939,4.335559048258998,3.8810608479009527,3.3653225329135172,3.4824214251028685
110.08,3.775814078903308,4.1193148153992185,4.344182295800188,3.8824379624657466,3.3569006778839863,3.4710792597246525
110.10000000000001,3.7783932432860294,4.143943611716188,4.329390131154785,3.857990191099725,3.370804945809347,3.4812795705791553
110.12,3.8014384606652594,4.147618728051802,4.337966010684893,3.8591322098866194,3.3616207926510544,3.4699398428829245
110.14,3.803959773601395,4.1720308788549,4.323084609637853,3.834409622352099,3.3748062815327233,3.4801841145329964
110.16,3.82699084359718,4.175453351819305,4.331571121017911,3.835309635640775,3.3649277054423194,3.5129268643417464
110.18,3.8294840994311716,4.199627469692021,4.316552251086868,3.810307127984459,3.377462672837571,3.522283069770172
110.2,3.8525209656107617,4.202775372224423,4.324903180317492,3.8093156499179397,3.3669576082379584,3.554195289673434
110.22,3.8550031531455287,4.2266877142797314,4.309701617209962,3.78411566561368,3.3789031612236946,3.5627548718581576
110.24000000000001,3.878060282402204,4.2295369473058475,4.317864498063684,3.7829308242346835,3.367831787137466,3.5939250039295327
110.26,3.880543486583634,4.253161842359667,4.302430316014388,3.757536017836043,3.3792567540805574,3.6017731992633313
110.28,3.903630564758835,4.2556865693492485,4.265350305789641,3.756161918414845,3.367687498320535,3.632283521582445
110.3,3.906122287960226,4.278996804333424,4.250648625700479,3.7305790139187227,3.3786605946414823,3.6408687666620003
110.32000000000001,3.930459291703353,4.281170288490332,4.214258583550286,3.7290241689070265,3.366661557562327,3.6707212638745546
110.34,3.9328930556413457,4.26135735361325,4.200213484910081,3.7032640045543705,3.377257305735953,3.6786689551333027
110.36,3.9571830027771506,4.264109576324095,4.164440877799743,3.701540776814567,3.3633505718501384,3.7079499253491384
110.38,3.959562723823661,4.244819041552924,4.150982141534115,3.6756180355013446,3.373702216814007,3.7153273175354053
110.4,3.9838078357515467,4.24807777363961,4.115759905071636,3.6737344102454723,3.3595518759606366,3.7441021325080324
110.42,3.9861330035722506,4.229237986232801,4.102822425979752,3.647658401291963,3.3697153447441033,3.750980244388524
110.44,4.0103308795798505,4.23293280498591,4.068088674758524,3.6456349984818814,3.355377218294346,3.779316335884454
110.46000000000001,4.0125966300737845,4.214473979311597,4.055612549392762,3.619428473106614,3.365407171961543,3.785759306419716
110.48,4.03674081199671,4.21853647604243,4.019793660004135,3.617289613374784,3.3509358209264897,3.8137173195370746
110.5,4.038938417112921,4.200390902126611,4.007783469200935,3.589302414450229,3.3608855073234105,3.8197826176568315
110.52,4.06301882322548,4.204746765980241,3.972370119689812,3.587132223212765,3.3463272566852096,3.8474166311434206
110.54,4.065136121754697,4.186842087977012,3.960769466350281,3.5590888674521945,3.3562407053682795,3.8531552457391323
110.56,4.089139430741343,4.191428296704694,3.9257083910267454,3.5569136998717727,3.3416474026794534,3.8805129395866356
110.58,4.092390198144587,4.173702260384907,3.914475589997105,3.5288415739668038,3.3515748230482876,3.8859696470156053
110.60000000000001,4.116231506629156,4.17846491131296,3.8797269466681334,3.526690120212015,3.336996279751139,3.9130978758859847
110.62,4.119287393047674,4.160863494604082,3.8688253740860197,3.4986190282775635,3.346985710141707,3.9183170249135193
110.64,4.142950566766144,4.1657440511441,3.834354454318805,3.496522250618056,3.37951312382801,3.946606305558452
110.66,4.145794583242125,4.148209721330251,3.8237526496474,3.4684842540781076,3.388571551255685,3.951533673355083
110.68,4.169267600468437,4.153152669160246,3.7895299275805767,3.466474834520588,3.4202443737437656,3.9795568201798295
110.7,4.17188716910117,4.135631014009211,3.7792016587165618,3.4385034072275134,3.428466772788644,3.984227536958464
110.72,4.195147562622069,4.140584113810685,3.74520288919333,3.436615621511229,3.460937003675419,4.012016903412012
110.74000000000001,4.197519777632023,4.123024012217823,3.73358074065055,3.408746236674546,3.468306238863374,4.0164686580940705
110.76,4.220543256172382,4.127938388662222,3.6998582139476555,3.407017113429435,3.499979272640616,4.04405954639149
110.78,4.222643652352774,4.110283975843302,3.688503229632817,3.379287650594184,3.506587377726917,4.048314030819723
110.8,4.2454045914535214,4.115105733731122,3.6550425325534515,3.3761066176743513,3.5375521282327624,4.075725739629537
110.82000000000001,4.247207476076351,4.097313643609331,3.643942015623871,3.398497669301596,3.5434760294041405,4.079799434969559
110.84,4.269679119178408,4.102001868833976,3.6107234453627974,3.3944871243891694,3.573805217683544,4.1070462208226095
110.86,4.271157893562088,4.0840324836414315,3.5998606134502102,3.4161122238412704,3.579123900118047,4.110950688509664
110.88,4.250867775074154,4.087255846618781,3.5668783157081667,3.4113484821809426,3.608893326727395,4.138042150264212
110.9,4.252935252848917,4.0691436691785725,3.5562436532442745,3.4322828594182284,3.6136791592903115,4.143159457137811
110.92,4.233172376095508,4.0722180442261156,3.5219689939176346,3.426840390252812,3.642958080051738,4.1700246877284135
110.94,4.235759460691833,4.053932554146367,3.5116170162831195,3.447149863847203,3.6472825765675734,4.174891263315787
110.96000000000001,4.216461540117532,4.056820680694662,3.4775878842877788,3.441095166499852,3.676139820752701,4.201537031100992
110.98,4.219500207465236,4.038326427682533,3.4675211364929583,3.460851372283564,3.680061584679099,4.206157815528809
111.0,4.20059996581274,4.041003181168338,3.4794280338921983,3.454255237335313,3.7085528392270133,4.232586260693409
111.02,4.204024210430516,4.022277398128019,3.4686360282920763,3.4735271378774444,3.712124489340148,4.236961755798943
111.04,4.185456488972239,4.0247209898433525,3.479851088015407,3.466457342521545,3.7402995698026316,4.263170817232903
111.06,4.1892025883632185,4.005743816935388,3.46838291808457,3.485311045012271,3.7435679359883522,4.267297578458568
111.08,4.170904555525841,4.007935906116553,3.478955926881378,3.4778328270423318,3.7714709945545035,4.293281478471405
111.10000000000001,4.174911226740679,3.988691373413214,3.4668621291805106,3.4963317742051645,3.774477337657574,4.297152587626424
111.12,4.156822536820836,3.9906175355352747,3.4768443034384586,3.488507641253072,3.802147095632515,4.322902295759463
111.14,4.161031094570449,3.9710936148924745,3.464176709322858,3.5067124460199652,3.8064844956546273,4.326507811766186
111.16,4.1430940492182655,3.9727434141824256,3.4736205354441965,3.4986020095817434,3.8338697668306594,4.352019586652868
111.18,4.1474485623924835,3.9529320825748524,3.460432097432961,3.5165776180659143,3.8379103189404855,4.355355343839843
111.2,4.1296083086178035,3.954299132733236,3.469391146638678,3.508243247317047,3.8650484358775814,4.380613604805609
111.22,4.13405583846123,3.932888532956647,3.455735779454666,3.526043270196614,3.868826760442063,4.383663525826707
111.24000000000001,4.116260512499114,3.934026602077828,3.4642590057962135,3.517537550706607,3.8957489980289335,4.365026151792107
111.26,4.12074405136474,3.9123572882009925,3.4501852452757813,3.5352124103502365,3.899293783905754,4.368699106863652
111.28,4.10294535643713,3.9132671867721083,3.458328213598237,3.528251021826099,3.9260316330278693,4.350634601142505
111.3,4.107425994790264,3.891341319766961,3.443891555943847,3.545768847126929,3.9293823470721123,4.354866194648511
111.32000000000001,4.089578866587059,3.892027274531869,3.4517181291705885,3.5386546204115925,3.955963277366535,4.337310662890278
111.34,4.09401368277375,3.869850487855118,3.4354732362400133,3.556069852383606,3.9591360351087137,4.342037239715184
111.36,4.076076358286093,3.8703201932700875,3.4431022772438498,3.548845551875676,3.9855734146007995,4.324927579663276
111.38,4.080425814944371,3.847893392355588,3.4266546461774694,3.566200934357585,3.9885796087653675,4.330086292959707
111.4,4.0623599802916,3.848149180959665,3.434133112172881,3.558914807857068,4.014882222202539,4.313360385662307
111.42,4.0665880176291305,3.825485513638828,3.4175297997677085,3.576256696527783,4.017728905301952,4.318889449686256
111.44,4.048358862280519,3.825542456730315,3.4249040782613367,3.5689522836318455,4.043901411752096,4.302486406349967
111.46000000000001,4.0524330385819525,3.802658402773412,3.4081915938688057,3.5863222683504183,4.046591709313622,4.308325344741565
111.48,4.034009483142358,3.8012294303387573,3.4155073720336224,3.5790383672774744,4.074207931786232,4.292185748755093
111.5,4.0379011521537675,3.7782091605487595,3.398726174805342,3.596473254199143,4.076640368606954,4.2982838681841695
111.52,4.019248935687802,3.776658847865829,3.4060223874635702,3.5892516725459718,4.10400961434112,4.280976936512897
111.54,4.021654042667109,3.753521760705633,3.3892176945857817,3.6067896423012007,4.106186588700699,4.287342917041331
111.56,4.002811449589724,3.7518652056272064,3.3965384517832864,3.599658526333151,4.13330269627933,4.2702471621832805
111.58,4.005026000970393,3.7286272346117366,3.379754240532357,3.61732583246779,4.135216660320093,4.2768196215710175
111.60000000000001,3.9859748818729717,3.7268877233895616,3.387142201540264,3.660974048827746,4.162077780304809,4.259881408206541
111.62,3.9879820173255394,3.703573327631788,3.4166836966093754,3.677656481099179,4.163723843680407,4.266608178114506
111.64,3.96870768694006,3.7017764492038525,3.4231521860084473,3.7203599466182826,4.19032365325442,4.249776164508407
111.66,3.970494114788477,3.678411879041432,3.4518399661445374,3.7361299435125885,4.191693404584249,4.256607458742435
111.68,3.9509854720152733,3.6765846596952545,3.457472898586993,3.777958238576535,4.218022780044888,4.239832721775106
111.7,3.952541519250074,3.653197839250542,3.4853886656731103,3.7928803959947013,4.219105224887989,4.246721261684508
111.72,3.9327910845010843,3.651369380048739,3.490265466825421,3.833895463251985,4.245152674034568,4.22995742562771
111.74000000000001,3.9341107324535334,3.6279901422014427,3.5174864319826504,3.848027108676671,4.245934631895904,4.236858563930117
111.76,3.914114678047001,3.6261913895108067,3.5216819984693206,3.888283840600002,4.271686677156559,4.220061924743244
111.78,3.9151955915681516,3.601524643003555,3.548280843268341,3.9033052821683314,4.272153157030137,4.226933764677165
111.8,3.8949537598349777,3.5998402481677787,3.5518589486321255,3.8918631442562,4.2976038532288285,4.21006340959897
111.82000000000001,3.8957901862183317,3.575272375908987,3.5779050871591496,3.9072086165619466,4.297746226519735,4.216866964807492
111.84,3.874020433669057,3.5737308027698815,3.5809396731575807,3.896072909808353,4.322878616864505,4.1998849326319325
111.86,3.8746719927806046,3.549285583258472,3.608011157115333,3.911735023321978,4.322678654244934,4.206577111578657
111.88,3.852691956546718,3.5479103155923446,3.6104698605282666,3.9009047312338847,4.34747472225439,4.189442444967068
111.9,3.853166057744091,3.5236251756396397,3.6370115817751194,3.9168811865894435,4.348496350731144,4.195990888525799
111.92,3.830984322444219,3.522454063441918,3.6389627891832417,3.9063427824239927,4.32454304421078,4.178679591066917
111.94,3.831291328408776,3.4983591489609895,3.6650404123751157,3.9226261696155147,4.3261751856872745,4.1850631328166825
111.96000000000001,3.8089195708741586,3.497422100730872,3.6665467789462896,3.9123697671753583,4.3027745208476125,4.167547023351226
111.98,3.809072882069165,3.5178087888595506,3.692220234042007,3.928941928498215,4.303358067327118,4.1737396127902
112.0,3.7865257301067476,3.5161451345243675,3.693338418990922,3.918948035589024,4.280530373526586,4.155986283775929
112.02,3.786541199045752,3.535858554181993,3.7186612329613933,3.935780638506393,4.281668739771482,4.1619572971648475
112.04,3.7638353508604045,3.533540432751637,3.7194420242598287,3.9260211471621274,4.2593494904596065,4.1439458408345615
112.06,3.763731132036151,3.55265165619797,3.7444623023504304,3.9430923304592587,4.260978954218633,4.149676582811666
112.08,3.7408860684469487,3.5497486458047187,3.7449510900969614,3.9335441138724314,4.239105751087798,4.13138945631932
112.10000000000001,3.739409222795521,3.568326120514957,3.7697116669232646,3.950829966408122,4.241164826550938,4.136864621147806
112.12,3.7165099287356074,3.5648985573409586,3.769948674628348,3.9414679388812672,4.219677607822788,4.118280788505764
112.14,3.7149950695704828,3.5830025070386897,3.794487292041096,3.958942777059199,4.222107171567434,4.123481205152149
112.16,3.6920622815333735,3.579114950712752,3.7945076992494475,3.9497401742641416,4.200948297695194,4.104590658499984
112.18,3.6905311642731866,3.59680862520999,3.8188572042095443,3.96737681648981,4.203691650624738,4.1081086621794105
112.2,3.667587481354756,3.592522503529397,3.818691409933054,3.9583054710298233,4.18280603144074,4.088978994262209
112.22,3.6660578296756166,3.609865958496909,3.842879997484524,3.976075506657976,4.1858026095972685,4.092264293901178
112.24000000000001,3.6431212791283802,3.6052393907219766,3.8425538334789593,3.9671061174171243,4.16513089065984,4.072891208830199
112.26,3.641618920923552,3.622289291471127,3.8666052677028016,3.984980134907394,4.168330056751244,4.0759405895706715
112.28,3.618715917087497,3.617376966931192,3.866140224945819,3.9760824714233056,4.147823395982171,4.056322700918266
112.3,3.61726818716105,3.634186528966145,3.8900740712477173,3.994030318701259,4.151177344028414,4.059135952134636
112.32000000000001,3.5944265039646757,3.6290396318336464,3.8910054013906277,3.985173539490364,4.1307898066521735,4.039274857872214
112.34,3.5930620308707435,3.645658516734734,3.914756072792458,4.003172433350274,4.134253674389901,4.0418547715933695
112.36,3.569041282865898,3.6403321978631147,3.915485316729738,3.994331605111937,4.113942383281413,4.021755042755019
112.38,3.567840085220664,3.656806669628839,3.939071211185283,4.0123496048692475,4.117474432906012,4.024100578894947
112.4,3.5439669558993834,3.6513375012366476,3.9396147607966476,4.003492359050431,4.097199662516361,4.003762419664403
112.42,3.5429543930252665,3.6677096950644796,3.9630496605999075,4.021497581818499,4.100761266508931,4.005882797414233
112.44,3.5192547089020616,3.6621376931198704,3.9634194441354964,4.012591683189472,4.080486418549948,3.9853171088479336
112.46000000000001,3.518456505842245,3.6784460388365168,3.9867128627031723,4.030552503156889,4.084042162211419,3.9872244329019906
112.48,3.5388334480607493,3.672807516126149,3.9869167391255576,4.0232304906124945,4.06373393979975,3.966444932220896
112.5,3.53730009964636,3.6890864112217927,4.010074276100652,4.041030330982703,4.067259880806299,3.9681537571971037
112.52,3.556992068113264,3.6834132767179186,4.010125161543828,4.033508655229842,4.046897129608788,3.945763030420838
112.54,3.5547906545380856,3.6996931536996787,4.03315599099903,4.051117432334786,4.050363782185191,3.9473496117564597
112.56,3.573857898230699,3.694013785704348,4.033053403582581,4.043366994838879,4.029911163752968,3.924813756899994
112.58,3.5710469997206213,3.710321514015338,4.055955193892261,4.06075523692286,4.033285833068049,3.9262945483570535
112.60000000000001,3.58955384835338,3.704660700801283,4.055695725777199,4.05274756577645,4.012720231254202,3.9036309458424467
112.62,3.5861964142676483,3.7210195554886103,4.078463359845509,4.069886523478203,4.015981168409099,3.905024366032744
112.64,3.604204685896802,3.7153985814036417,4.0780409945893705,4.061594037866194,3.9936666588633765,3.882252412974729
112.66,3.600361065187276,3.7318283387873374,4.100666884337799,4.0784560120816975,3.996866371801481,3.883570595575773
112.68,3.6179299337502075,3.7262650595451214,4.10007330505006,4.069843161421119,3.9744505633506337,3.860704608371713
112.7,3.6136577130566607,3.742782081369419,4.122547696879152,4.086394205767441,3.9775742591412873,3.861970228887993
112.72,3.6308435198548983,3.7372910186285573,4.121772542690453,4.077436926392143,3.9550434455484735,3.839033765659029
112.74000000000001,3.626197414127222,3.753908354812824,4.144083741827465,4.093653029057691,3.95807930716831,3.840271087237166
112.76,3.6430536256737986,3.74850080808622,4.14311490423116,4.084328798901762,3.9354228582017337,3.817289246671747
112.78,3.6380854122583464,3.766528431553583,4.166765115572964,4.100187593016401,3.93836213692345,3.8185239408896194
112.8,3.6546625174864555,3.761134572150988,4.1655016136410055,4.090484022266113,3.9155725043595084,3.795523175795143
112.82000000000001,3.6494275530140716,3.7792021672841822,4.188864857345967,4.105971884335487,3.918409554973735,3.796782125457664
112.84,3.6657784401639733,3.773839757818749,4.1872945905096675,4.0958691198143695,3.8954823338245808,3.773790071289901
112.86,3.6603215800308564,3.7919559882164675,4.210358654043669,4.1109666001012215,3.898214594005055,3.773692829315829
112.88,3.676489848210219,3.7866318878085266,4.208468057495911,4.098798426995233,3.875148431998324,3.7508085853514643
112.9,3.6708458405304176,3.8048019094235195,4.231219361173827,4.113568679854636,3.87775977809017,3.750839510140673
112.92,3.6868661076845486,3.7995195083928937,4.2289853145301715,4.101038029331285,3.854542504195435,3.7280865219761363
112.94,3.6810743432368205,3.8177451197191923,4.251400492791283,4.115465961023709,3.8570376156877346,3.728269470544611
112.96000000000001,3.696984592226166,3.8125045410063354,4.248808521182438,4.102558166826659,3.8336750652793,3.7056714516361997
112.98,3.6910812027151887,3.8307844211154936,4.270873402810409,4.116630638252084,3.8360614513453926,3.7060306036912114
113.0,3.7069161389550183,3.8255828049252374,4.267908377331423,4.10333314820243,3.812562283097767,3.683611459254851
113.02,3.7009339824696434,3.8439128449350672,4.289608279754285,4.11703915812382,3.8148501897858402,3.6841711211385304
113.04,3.7167250264248755,3.8387446316707363,4.286254710576456,4.103341588032667,3.791225788216151,3.661954748239021
113.06,3.710693691657245,3.857118177942065,4.259941141666005,4.116672321375302,3.791796651694868,3.662739147886364
113.08,3.7277428329358853,3.8519753551740883,4.257249033075273,4.102566842290866,3.7681438990675638,3.640740888668248
113.10000000000001,3.7216140247097327,3.8703905042155347,4.231551553926046,4.115507590837271,3.7686992593135904,3.641772880841578
113.12,3.7385958660408565,3.8652689465443872,4.229457875557718,4.100981617928041,3.7450304105359176,3.620022982565227
113.14,3.7323998023824014,3.8837143301936723,4.204314792421473,4.113529454209546,3.745583402969345,3.6213259898774455
113.16,3.7493425344033295,3.878601448257331,4.202758873984015,4.098580598145976,3.721912546744669,3.6466388419431834
113.18,3.743105511424622,3.897063845686867,4.17811095148334,4.11073476885032,3.722478166332304,3.6471844057866436
113.2,3.7600329552869782,3.891945298557582,4.177034656841309,4.095362847839577,3.69882067713567,3.6717913402256683
113.22,3.7537766311352736,3.9104098764012076,4.152825282571459,4.1071247955041645,3.699414912986878,3.6716475431490316
113.24000000000001,3.7707084709190775,3.905269807099115,4.152173125484408,4.091331851885683,3.6757874059947535,3.6956149015442006
113.26,3.764450849521631,3.923720350346209,4.128348421228329,4.102705220031793,3.67642787790553,3.6948462500314165
113.28,3.7814032242318047,3.919859516668436,4.128067677783366,4.086495523343622,3.6528484958612104,3.718236747200723
113.3,3.7751587959490984,3.9382095382403794,4.104584318209152,4.097486156424838,3.6535543055372903,3.7169041216922434
113.32000000000001,3.79215117957635,3.9342177619284966,4.104631575066489,4.080866234879765,3.6300425432152728,3.7397768072446245
113.34,3.7859366744805527,3.9524511638804207,4.081440642828785,4.091482241534403,3.6308340920975795,3.737937454360415
113.36,3.8029775965753867,3.9483121829480075,4.08176824319302,4.074460863191001,3.6074106046282,3.760347750679956
113.38,3.7968000606935153,3.9664116907281355,4.057280846469169,4.084712515946097,3.608309395323605,3.7580552519960237
113.4,3.813895039658592,3.9621081541837007,4.057912554276522,4.067293190113255,3.5849957908878385,3.7800548683663986
113.42,3.8077585573055557,3.9800482841709064,4.033679319633208,4.07718481336997,3.5860241783715057,3.7773591001400733
113.44,3.8249102700641666,3.9755544634760875,4.034574461933392,4.059381255105855,3.5612123638528024,3.798996035368413
113.46000000000001,3.818816106097457,3.99331724169602,4.010555844410768,4.068927949255325,3.562458454485662,3.795935203301504
113.48,3.8360244967000483,3.9886153713631307,4.011676610154785,4.050746913208883,3.5378408123807388,3.817245292119752
113.5,3.8299712507409565,4.006182357397828,3.9878360122501935,4.059955972705479,3.539321975767649,3.813862838029368
113.52,3.847233716051277,4.001254336742198,3.9891475228893625,4.041415946283315,3.514916313798855,3.834887653551972
113.54,3.841217561967263,4.0186068784676285,3.9654512506048025,4.0503070785942885,3.5166500010036796,3.8312232982296153
113.56,3.8585292451879023,4.013434516407744,3.9669215976242276,4.031428397172436,3.492474239857618,3.8520007248312216
113.58,3.852544171736444,4.030553987555927,3.943338981651734,4.040023061049088,3.494477894425764,3.8480905288183145
113.60000000000001,3.8698981605424656,4.025119230357245,3.944939302121754,4.020827799009511,3.520523025463092,3.8686548333295048
113.62,3.863936172758303,4.04198725148868,3.9214427247921595,4.027466053051152,3.521704966478589,3.8645309192442756
113.64,3.8813236999406007,4.03627239424835,3.9231472216401855,4.008067094631633,3.546975918934723,3.8849120336839453
113.66,3.876653771623389,4.052871037066983,3.8997042672138824,4.014522000771129,3.5473935407490678,3.8806027242377303
113.68,3.8939981678713784,4.046865951085686,3.901481748637456,3.994938730551051,3.5719542631942924,3.9008336044444185
113.7,3.889257957018043,4.063183761643481,3.8780717266335256,4.001230252326243,3.5716700530175327,3.8977843450141054
113.72,3.906550452278339,4.056871060602983,3.879903368082672,3.981483093803038,3.595581513052976,3.917815374922033
113.74000000000001,3.9017382827159808,4.072890680734657,3.8565086634404198,3.98763229362195,3.594661756859611,3.914555360540948
113.76,3.918974758611872,4.066253967936058,3.8583786675664253,3.967742681265471,3.6179873202799078,3.9344124021771147
113.78,3.9140784114059053,4.081959133942976,3.8349846975030872,3.9737716322066743,3.6164876187187134,3.9309656744688364
113.8,3.931245678284076,4.0749831383336765,3.836880275471963,3.9537619575407317,3.6392814238896154,3.9506709306808907
113.82000000000001,3.9262515581112454,4.090358742865097,3.81347546825088,3.959693604749066,3.637254330917365,3.9470578986679024
113.84,3.943335157824359,4.0830294099674544,3.813836058731185,3.939586995059237,3.6595674742586546,3.9666299994142373
113.86,3.9382285433690836,4.098061629356248,3.7904920544068617,3.9454375812604208,3.657062477104353,3.9628676106017755
113.88,3.955212997133825,4.090357476200652,3.7909170709682036,3.9252496390078857,3.678942960500531,3.9823217904831107
113.9,3.9499782824206253,4.10502651095569,3.76762613973778,3.93104400236408,3.676006394892381,3.9784237142598746
113.92,3.96684729126152,4.096937153743855,3.7681088575800716,3.910799525472563,3.697499121479318,3.9977720012130225
113.94,3.9614681351419345,4.065219191513108,3.7448655751596016,3.9165628328287965,3.6941742525418726,3.993748821936763
113.96000000000001,3.978204817043713,4.05776217903,3.7454019353935957,3.896286831889277,3.715321061285286,4.013000235273722
113.98,3.972664811850154,4.026621403928937,3.7222038800304795,3.9020444085915647,3.7116480923590878,4.008859653737492
114.0,3.989252592122681,4.019745770239471,3.722792403168773,3.881761939228601,3.7341180614398013,4.028020411620156
114.02,3.9835354101987748,3.9891326856197225,3.6996393485863766,3.8875390969212757,3.73003591073756,4.023776639060767
114.04,3.9999574903677853,3.9827908999579984,3.700280751701204,3.8672844622719853,3.7521348294496195,4.04285791328458
114.06,3.994046743420628,3.9526594481242117,3.677174601463988,3.8731139861145194,3.7476870487934484,4.038512211988841
114.08,4.010286392019737,3.9468074410348586,3.677871757079525,3.8529108161860184,3.7694566364732096,4.0575140581480325
114.10000000000001,4.0041658143636845,3.9171150299674538,3.654816541659287,3.858816548505938,3.764682950856465,4.053065549565935
114.12,4.0202064647022535,3.910360621390448,3.6555743785454036,3.838688051459573,3.786161053132018,4.071985959687022
114.14,4.013860047216945,3.8811355928961935,3.6325690625986167,3.844693343713893,3.7810973462035062,4.067431824800861
114.16,4.0296790774680735,3.8748377715998683,3.6333886018980444,3.8246620854678786,3.8023180207667684,4.086266928528687
114.18,4.023084546990898,3.8460441954577207,3.6104414392896964,3.830789549621256,3.7969964263086715,4.081602571956448
114.2,4.038666986111243,3.8401683603211216,3.6113317613123104,3.8108772782862332,3.8179900450621442,4.100346776678969
114.22,4.031810088597051,3.8117733672971474,3.5868912690191608,3.817148673816494,3.812439054851338,4.095566032628422
114.24000000000001,4.0471415853596335,3.806288042323064,3.5879264279500442,3.7956674018208068,3.833232421634781,4.1142122915440185
114.26,4.040008755180937,3.778253058459973,3.5636020011598655,3.802168401282242,3.8274687242594836,4.109307656214729
114.28,4.05507572079663,3.7731223796566584,3.5647822662653486,3.7808948668839375,3.8480762959538906,4.127847621199242
114.3,4.047654170349546,3.7454213464120882,3.5405761341387727,3.7876392335349163,3.84212251136879,4.122810353286791
114.32000000000001,4.062443828713317,3.7406205782194717,3.541911441710854,3.7665870337762097,3.862565383946657,4.142660933906071
114.34,4.054721678263099,3.713230385438099,3.5178340648564026,3.7735874271516168,3.8564408293572625,4.137395000095931
114.36,4.0692287645510525,3.708737782372897,3.51933523269693,3.752769098528441,3.876743972151024,4.157029623379496
114.38,4.061201973595149,3.6816383514937625,3.4953979198183722,3.7600370669038017,3.8704705356674043,4.1515285100478065
114.4,4.075415012604285,3.677435211521279,3.497076510660058,3.7394640168079802,3.890647823552626,4.170940552997756
114.42,4.067073084290976,3.6492505338804646,3.4732912793162565,3.7470099709253746,3.884237835184705,4.165196684643469
114.44,4.080981869814029,3.6453753940135343,3.475152639238693,3.726692382947644,3.904300389978917,4.184378518725905
114.46000000000001,4.0723077667151655,3.6174801624019506,3.4515264518950395,3.7345254090650584,3.8977634946842046,4.1783834292976705
114.48,4.085896785088175,3.6139187245454014,3.453583669121143,3.7144720771891886,3.917719862523861,4.197326618704979
114.5,4.0768833873217725,3.586299660833579,3.430129963042065,3.7225998730017515,3.9110631995881033,4.191071114159721
114.52,4.090145868955421,3.583039923480177,3.4323963884903197,3.7028182003616528,3.9309195317427608,4.209766650289617
114.54,4.080787463676935,3.555686095961878,3.4582330427906602,3.7112470544190734,3.9241479180462924,4.203241112641826
114.56,4.093718082894459,3.5527183426417075,3.4596234293741546,3.6917426437460326,3.9439081549929433,4.22167967079227
114.58,4.084010415419398,3.52562071579766,3.4846371598339907,3.7004765496013667,3.9370242693206463,4.214874264787183
114.60000000000001,4.0966053377023,3.5229365783176187,3.485212993817081,3.681253219524317,3.9566903203214423,4.233046402254369
114.62,4.086545649949915,3.496087952914666,3.5094636905977237,3.6902948180441832,3.949694885379663,4.22595126797013
114.64,4.053005219848479,3.493681253184402,3.509283804935517,3.6713549811117594,3.9692668138264655,4.243847608070686
114.66,4.043614878376333,3.513775881828004,3.5328287348962375,3.6807055205848833,3.962158784649401,4.236453386164407
114.68,4.010691582741247,3.510594375428947,3.531948885306936,3.6620501584147624,3.981634994624002,4.254065555843953
114.7,4.001927667945853,3.5299524880388464,3.554841967616785,3.6717094770778016,3.974411746561359,4.246363487830425
114.72,3.9695796675608856,3.5260391680077645,3.5533148513370225,3.65333812456017,3.9937891719606253,4.263683395638264
114.74000000000001,3.9614021271416253,3.544703387301693,3.5756074209056568,3.6633046432828147,3.9864466882161316,4.255665097240996
114.76,3.9295909567495046,3.5401009079010546,3.573483104422837,3.6993418627415484,4.00572097394842,4.272685090221598
114.78,3.92065213194367,3.5581135122106016,3.595223875341269,3.708416123484307,3.9982536615050024,4.264342694842998
114.8,3.9353567849007707,3.5528575625057286,3.5925493727602076,3.7436187279170006,4.017418511959877,4.2810482648151815
114.82000000000001,3.9259513832629302,3.570254602749099,3.6137837022807116,3.7518510973779717,4.011458289621898,4.272367915850666
114.84,3.9402184886262948,3.5643867514805967,3.61060299857665,3.7879726381803738,4.030423214985155,4.2887618480660175
114.86,3.930357595919886,3.581209469112409,3.631373712266089,3.795303549930399,4.0242461631784465,4.279744871872571
114.88,3.944199051130411,3.573441260680063,3.6277369625507223,3.830559801273753,4.0430154746960225,4.247328739580728
114.9,3.933894977484137,3.5897935730438677,3.648085102392554,3.837040415905564,4.036615938082402,4.239056103862146
114.92,3.947316584378695,3.58154955947453,3.644023268177367,3.871480962269143,4.055183666512769,4.207348360856754
114.94,3.9365769387015033,3.5974664999298773,3.6639863324502393,3.877157505183734,4.048556019449953,4.199767867608015
114.96000000000001,3.9495942520342084,3.588781292561616,3.6595355177276496,3.910827080910857,4.066915786774977,4.168717835460124
114.98,3.938434798936422,3.6042970130566045,3.679148473011048,3.915741214639913,4.060053726608171,4.161780300295811
115.0,3.951064270191676,3.595204391874467,3.6743422592031685,3.9486801309612227,4.078198551779327,4.129907297013523
115.02,3.939501668605184,3.6103521564530627,3.693637548143381,3.952869317825476,4.071095278795425,4.1236257860611385
115.04,3.951753448563876,3.600884990598009,3.6885070102526223,3.9851138205937473,4.089010900680099,4.092355917618593
115.06,3.939799119737405,3.6156970665723036,3.7075145716918083,3.9886116664831084,4.081651952775808,4.0866871608073225
115.08,3.951691864357972,3.605887181791643,3.7020883057934775,4.020194239806815,4.099331549140769,4.055978445963394
115.10000000000001,3.939364630720088,3.6203947671166237,3.7208356060911534,4.0230307600580355,4.091710470428004,4.050881939287829
115.12,3.950917671698139,3.610272927425034,3.715139767599247,4.053980456533261,4.109147114304353,4.020695218186891
115.14,3.9382370166018124,3.624506108683626,3.7336518431621615,4.056182458018726,4.101257427236255,4.016133270781303
115.16,3.9494702821906316,3.6141019410321884,3.727710196184869,4.08652524381589,4.118444250567656,3.986432176626913
115.18,3.9364562673591013,3.6280896214425358,3.7460097073138536,4.0881166193162874,4.110279611987109,3.982369877525764
115.2,3.9473901966708094,3.6174315437587117,3.7398436848544643,4.117875663514547,4.127209956960672,3.9531208028603437
115.22,3.93406337276038,3.631201375055167,3.757950979961663,4.11887767078048,4.118764301328782,3.9495259818795754
115.24000000000001,3.9447188235321042,3.620316528566678,3.75157975378429,4.148073619115005,4.135431858771183,3.920698038645278
115.26,3.93110013439121,3.633894847635597,3.7695129431405627,4.148505144923585,4.126699528550708,3.9175412205838054
115.28,3.941498284849505,3.622809034348759,3.762953502581552,4.177156378323043,4.143098463412771,3.8891061931560436
115.3,3.9276089661351907,3.6362208054511447,3.7807285408252067,4.17876431187036,4.134074326654895,3.886360544546904
115.32000000000001,3.9377712116753605,3.6249584316027477,3.77399577975554,4.152029353243535,4.15020749438464,3.85829283496692
115.34,3.9236326845749723,3.6382271949562903,3.7916333180193633,4.152496443812165,4.140896181012419,3.855934146075327
115.36,3.933580530058526,3.6268112211932872,3.7847478571981106,4.181215506594102,4.156750618067191,3.8282107885428616
115.38,3.919214291150686,3.6399590860128344,3.802252759094074,4.182828640640072,4.147138937548364,3.82477227533685
115.4,3.9289692403637546,3.628411050812925,3.795217592022597,4.15604302798942,4.16271892205006,3.7974458843066894
115.42,3.9143893939136967,3.641458619618942,3.812606617448645,4.156499410960454,4.152804418946238,3.794402627723206
115.44,3.9239651249165655,3.6297984382886557,3.8054386060885013,4.13033228066928,4.168091449537138,3.7674532903557716
115.46000000000001,3.9091937007693693,3.6427647101791996,3.8227129722888082,4.131402918009635,4.157863855751576,3.7647863539949116
115.48,3.9186120885029823,3.631010790482511,3.8154120024697176,4.105813759928865,4.172857346006567,3.73819607172496
115.5,3.903670800615617,3.643913216727954,3.8325789039474807,4.107458822090631,4.162316954552264,3.7358885259735484
115.52,3.911656086941845,3.6320823399166846,3.825151484629418,4.082408365204851,4.17701713150728,3.7096412903827876
115.54,3.8966368139789385,3.6449306457934156,3.8437735135409286,4.084589345504425,4.166165054145109,3.7076724037653594
115.56,3.90456646984862,3.6330329728090915,3.8361315423186833,4.060048324413466,4.180573010990662,3.6817478719086876
115.58,3.889485432622543,3.645849697916807,3.8545606260814336,4.062735069312495,4.169411233953327,3.6801050769824997
115.60000000000001,3.8973754783810977,3.6339057281529508,3.8467135550285314,4.038666003836261,4.183528985315311,3.6544914868485514
115.62,3.8822483597347035,3.6467033495771766,3.8649585499816963,4.041821862866206,4.172060399804069,3.6531639516883607
115.64,3.890114344102517,3.634724936902302,3.8569139628587568,4.018188784074363,4.185890891192099,3.627851205660023
115.66,3.8749562689012955,3.647514427306847,3.874981875114625,4.021778610789133,4.174119305373823,3.6268297228331448
115.68,3.8828131099064667,3.63551191908341,3.8667455949075933,3.9985470981184354,4.187666429191406,3.6018092723494983
115.7,3.8676385253319547,3.648302769756746,3.8846417699584617,4.002537287977463,4.175596578039855,3.60108614080513
115.72,3.875500433980472,3.6362850327461507,3.876218047392118,3.979674504011364,4.188865177855755,3.625670765748456
115.74000000000001,3.8603230366049726,3.6490852849108175,3.8939463562051824,3.984033030166873,4.174887755143376,3.624125869945359
115.76,3.8682030185702474,3.6370597400613756,3.885338054302447,3.961507752829417,4.187959483083457,3.6479227267222125
115.78,3.8530347891651147,3.6498760225333435,3.9029010748620085,3.966196973996452,4.1737589086008136,3.645593272253852
115.8,3.86094463257258,3.6378486826572125,3.894109848544524,3.9439717214268213,4.186636873549295,3.668646725995626
115.82000000000001,3.8457966864930517,3.6506862538195892,3.911509000725133,3.9489636639654506,4.172216520245172,3.665576069147834
115.84,3.853747351797474,3.640046493970179,3.9025354001938424,3.9270113345910045,4.184904673881596,3.687929156883646
115.86,3.8386299854773416,3.652843220924608,3.919778937504334,3.932279639310669,4.170268832152065,3.6841593501921763
115.88,3.84663825675832,3.6421460862307664,3.9106290599242226,3.9105748069465953,4.182772010727342,3.705853743914546
115.9,3.831567959770807,3.654908993612094,3.9277157055437777,3.9160948175079735,4.167925842335183,3.7014255278165744
115.92,3.8396422928112184,3.6441607460835748,3.918387671798804,3.8946137416025843,4.180249717492346,3.72250156885968
115.94,3.8246268150847778,3.6568952990460115,3.9353155965396853,3.9003624464754516,4.165199204620063,3.7174543209460773
115.96000000000001,3.8327747605550786,3.646100634069303,3.925807043497093,3.879083042384566,4.17735022917906,3.7379508976211033
115.98,3.8178209344079646,3.658810767376109,3.9425740066491843,3.8850390857881205,4.16210211802773,3.732322554096317
116.0,3.8260490993077467,3.6479729209537846,3.9328822246778996,3.863940930057321,4.174087466112534,3.7522770626546977
116.02,3.8111628062881944,3.660661149752352,3.949485706732457,3.8700846157712006,4.158649204939028,3.7461040764604236
116.04,3.8194768241677384,3.649782012162663,3.9396077695418485,3.8491489441109668,4.170476707128454,3.7655523834831945
116.06,3.804662971356421,3.6624495487344353,3.9560450970050027,3.8554622317526905,4.154856379524977,3.758869684621551
116.08,3.8130674821863706,3.6515297833619313,3.945977983398454,3.8346719293476763,4.16653445352178,3.7778460919292285
116.10000000000001,3.7983299882024513,3.664176658584506,3.962246445327663,3.8411384227711083,4.150740707253112,3.7706870510019046
116.12,3.806828628095662,3.65321582467627,3.951987152528484,3.8204780066225976,4.162278284425377,3.789224264072544
116.14,3.7921704189266006,3.665841012940235,3.9680841084845686,3.8270829341494315,4.146320256208369,3.781620659950422
116.16,3.800765819791643,3.65483769105587,3.957629756748936,3.80653852720942,4.157726704426881,3.799749760727001
116.18,3.786188834444561,3.6674392373999463,3.973552735909586,3.813268713467602,4.141613941106448,3.791731753165339
116.2,3.7948826335256745,3.65639115635161,3.9629006641921873,3.7928280103880176,4.152898984370713,3.8094821780298513
116.22,3.780387839376351,3.668966304614197,3.978647455420989,3.7996718395997853,4.136641361015861,3.80107828594519
116.24000000000001,3.789180698511686,3.6578704687329937,3.96779530790474,3.779324063992593,4.1478149964294255,3.8184778095339893
116.26,3.774768116109215,3.670415789563982,3.98336404061254,3.786271434630161,4.131422631940258,3.8097148955600963
116.28,3.7836597504201968,3.6592686051789225,3.972309843955054,3.766007287813938,4.1424950446609365,3.826789620992121
116.3,3.7693284873922166,3.6717801228103424,3.987699059629813,3.773049558624482,4.125978215541958,3.8176928828321706
116.32000000000001,3.778317703004774,3.6605775228837003,3.976441290816298,3.7511178270506242,4.136959692393304,3.8344672388191428
116.34,3.7640659966029184,3.6730508396192887,3.991650005133013,3.758323742798057,4.1203197443900095,3.8250602078110294
116.36,3.773150736896982,3.661788405545428,3.980178915155182,3.7365195522737578,4.131210867629784,3.841556905193954
116.38,3.7589760046253424,3.6742188229955195,3.995197301559965,3.743880607398042,4.1144590362580225,3.831861370114402
116.4,3.7681534042049103,3.662891855239838,3.9835134080128345,3.722195957974198,4.125270940324528,3.8481014218352474
116.42,3.754052301194447,3.675274410785734,3.9983425516737783,3.7297047245165715,4.108418305604904,3.8381375354569074
116.44,3.7633187465309503,3.663878051948253,3.98644690823912,3.7081327590842603,4.119161915596562,3.854140326285291
116.46000000000001,3.7492872295124027,3.6762077223757155,4.001088435832834,3.715782905612041,4.102219317537421,3.8439266263360854
116.48,3.758638426418494,3.664737113806554,3.9889826649961138,3.694317834767499,4.112905267762197,3.8597099394268257
116.5,3.7446718244489703,3.6770089206423076,4.003438772424025,3.702104048302007,4.095883225084626,3.8492633774787643
116.52,3.7541028719105216,3.6654593033395475,3.9911250889013763,3.680741070981524,4.10652178065808,3.86484342869209
116.54,3.7401959624340537,3.6776684118277547,4.005398559165984,3.6886589750011995,4.089430412892749,3.8541794069085635
116.56,3.7497014312423858,3.6660352206525695,3.9928797835561833,3.66739419519622,4.10003139521111,3.869570886766701
116.58,3.7358485203610186,3.678177031739612,4.006973995027065,3.67544026407053,4.082880348998057,3.8587033023350226
116.60000000000001,3.7454225356494093,3.666455982355624,3.9942535579285368,3.6542706040068547,4.093453065894147,3.8739194253943685
116.62,3.7316175417037285,3.6785262171149897,4.008172483259951,3.6624420742953676,4.076251446293751,3.862860722382284
116.64,3.741253868468142,3.6667133851253295,3.995254420125735,3.641365184540727,4.086804627652834,3.877913283716885
116.66,3.7274904080085642,3.6787081611209156,4.009002616123106,3.649659963670448,4.069560935240579,3.8666745120102344
116.68,3.737182538678995,3.6654453482094413,3.995891553163213,3.6286741307145483,4.080102674810064,3.8815739504248272
116.7,3.7234540139017995,3.6774254910159976,4.009466085890912,3.6370907036253968,4.0628247492801055,3.870164831328839
116.72,3.7331884888814697,3.664121774958309,3.9961605559259255,3.6161947238612107,4.073362453352268,3.8849202988495604
116.74000000000001,3.7194810357037538,3.6760816280900896,4.009567931824777,3.6247319870530785,4.056057424108212,3.8733492622845147
116.76,3.729251884495775,3.664095609623433,3.996074457437855,3.6039250773940443,4.066597767076281,3.8879686245029217
116.78,3.7155595527254843,3.6759656138813894,4.00932972268685,3.612582322546873,4.0492720110936915,3.87624289407942
116.8,3.7253675049707518,3.6625047059823257,3.995661968959237,3.5918640890430753,4.059820898916586,3.8907328952807663
116.82000000000001,3.711691474831749,3.6743478478045963,4.008763521011218,3.6006409791015073,4.042480007366699,3.8788586412657216
116.84,3.721522940018752,3.6608343870727142,3.9949213457445945,3.580011282527192,4.053042550843583,3.8932250637227157
116.86,3.707849373656929,3.672647018309138,4.007876957754485,3.588907605360133,4.035691305329382,3.8812074467405617
116.88,3.7176985094688493,3.6590775405958724,3.993868133288029,3.5683664397727592,4.046271801917115,3.8954550388224467
116.9,3.7040217410934164,3.6708566774388522,4.006685883450334,3.5773820958446265,4.028914158941056,3.8832982714121025
116.92,3.7138828986185377,3.6572284601627754,3.992518475266392,3.556929529490837,4.039516082814724,3.8974309248017573
116.94,3.7001975013961386,3.6689718561483966,4.0052066878454475,3.5660644419017737,4.022155167194951,3.8851384010559733
116.96000000000001,3.710065304153851,3.655282915902207,3.9908889932849525,3.54570052768174,4.032781169058849,3.899159244709205
116.98,3.6963661659828904,3.6669890553909417,4.003456175327889,3.5549545559441764,4.01541927732844,3.8867336354453212
117.0,3.7062355841863392,3.653238139098577,3.988996657603644,3.5346792459232543,4.02607119374174,3.9006451313850796
117.02,3.6925179778033517,3.6649062243387367,4.001451431453178,3.5440521044040096,4.008709806932069,3.888088480901083
117.04,3.7023843966450785,3.651092793921821,3.986858649756293,3.5238651693088374,4.019388678865841,3.9018925211033872
117.06,3.688644043438415,3.6627227256794614,3.999209682182518,3.53335635124106,4.00202848457861,3.889206344761122
117.08,3.698503324791,3.648846936233171,3.984492218718623,3.5132573058513574,4.012734585041544,3.902904348379773
117.10000000000001,3.684736451750762,3.6604392880202283,3.99674814752728,3.5228660137861887,3.995375508606254,3.890089730254059
117.12,3.6945849887293343,3.6465019595485395,3.9819145323568383,3.5028540490947173,4.006108379071406,3.9036827404310093
117.14,3.68078837801789,3.6580579455325593,3.994083891365269,3.512579132613626,3.9887496234800284,3.890740430265529
117.16,3.690623141907747,3.644060528345729,3.9791425259547553,3.492653055572628,3.9978384064650463,3.9042292097786278
117.18,3.6767941725924143,3.655581965079381,3.9896635889350724,3.502492957017609,3.9805718935238965,3.8911518662171023
117.2,3.686612751703709,3.641526499013508,3.9747108503200157,3.482636752494327,3.989766032421129,3.904528681190857
117.22,3.6727493901644386,3.6530082469528637,3.9852378363650205,3.492573714385059,3.972585033789601,3.8913176409720545
117.24000000000001,3.6825499467142095,3.638891102439852,3.9702773421617303,3.4727870019296376,3.9818776371075804,3.9045839434999965
117.26,3.6686507398774584,3.6503368504407137,3.9808137731111484,3.482820275061204,3.964775041627862,3.8912404172654833
117.28,3.6784320454573485,3.636161850699444,3.9658488747147866,3.4631020602819924,3.974158974319959,3.9043975797760733
117.3,3.6631775372339654,3.647575687635323,3.976398105201453,3.471485280424669,3.9571274641517826,3.8909227415520644
117.32000000000001,3.673000047924179,3.633340918623894,3.9614319505810074,3.4519318251701563,3.9665866491692845,3.903964602540492
117.34,3.6577614182561815,3.644720731503624,3.971988376467503,3.4604940838671063,3.949609200674074,3.890353362612286
117.36,3.667622278514985,3.630431405557009,3.9570143202577217,3.4410985518043047,3.9591371506570643,3.9032821110948057
117.38,3.6523969518354145,3.6417825421909606,3.967581700923317,3.449832896213956,3.9422071497074316,3.8895365061191796
117.4,3.6622940159173005,3.6274440049835075,3.952603239824316,3.487733481750421,3.9517972020539855,3.902354450865942
117.42,3.6470801905030164,3.6387719442241644,3.9631849379723723,3.497113445653482,3.9349074021826635,3.888476676871557
117.44,3.657012070961201,3.6243897015210425,3.948204614378216,3.4766630219396184,3.9445607388372497,3.901186315836438
117.46000000000001,3.641808695015643,3.6357000373681068,3.9588114512000034,3.484421960373345,3.927713582771514,3.8871788382681056
117.48,3.6517747352584546,3.6212796839621375,3.943840990246122,3.521411402938217,3.9374137635718425,3.8997830212900246
117.5,3.6365814775851404,3.6325780963005063,3.9544657328372255,3.5298438034146757,3.920591512276187,3.8856485868023163
117.52,3.6465817191265963,3.618125323071519,3.9394962780908265,3.508424343486242,3.9303399089972992,3.8981503638801893
117.54,3.6313989338891806,3.629417456861853,3.9501488758352012,3.515289117675739,3.9135452763065612,3.8838920592185966
117.56,3.641434076945827,3.614937808713052,3.9351912312604376,3.551446610056267,3.9233258302729475,3.8962949422872284
117.58,3.626262761644701,3.626229201694094,3.945863525504002,3.559008626731991,3.9065415619088943,3.881916239948839
117.60000000000001,3.6363341195168517,3.6117281749201187,3.930907893958785,3.5366924972792892,3.9163560840915848,3.894224036450557
117.62,3.621175866972226,3.6230241866490895,3.941608791327351,3.54445797119579,3.8995854149329947,3.8797288368096856
117.64,3.6312853146476978,3.6085069868105784,3.9266649021870768,3.522310188110121,3.9094271951746156,3.8919458928763
117.66,3.6161422592327805,3.6198127263808915,3.937393901377131,3.5285337305735562,3.8926636223559825,3.8773385986133304
117.68,3.6262921764650278,3.6052843653448092,3.9224608612155247,3.5641319021274325,3.9025175098924105,3.8894697190681358
117.7,3.611166935046702,3.616604668782477,3.933208032896299,3.5710654108216873,3.8857448204257063,3.8747551639997515
117.72,3.621360144918997,3.6020698084423857,3.9182742692143173,3.5480552841630004,3.895613802684593,3.885391026239059
117.74000000000001,3.6062557528583383,3.613409074728801,3.9290467841575443,3.5552093027032594,3.878836532251824,3.870654290053394
117.76,3.6164883896257884,3.5988718752428897,3.914120286725518,3.532382673986062,3.888708487850005,3.8812852977127075
117.78,3.6014023729784532,3.610234012582936,3.9249158135698585,3.5380093097941523,3.871914241443187,3.866527785937609
117.8,3.611678715162149,3.5956981746748733,3.909993874730671,3.5730905596667726,3.881776303441662,3.877155564646839
117.82000000000001,3.5966154544884272,3.6070865926660356,3.920800588402053,3.5794360841539374,3.864951269560313,3.862379194139422
117.84,3.60693995856852,3.592555281293427,3.9058697710364383,3.555767189833181,3.8748088900594873,3.873005920432046
117.86,3.591903983941099,3.6039727761090683,3.9166930426414504,3.560615932712193,3.8579601811557946,3.8582132241528164
117.88,3.602281208801349,3.5894484798502977,3.901759577720995,3.5949778609151237,3.867801735745144,3.868841767810213
117.9,3.5872771229485574,3.600897229082544,3.9125864285776033,3.6005619970947302,3.8509168425249714,3.854035869107483
117.92,3.5977116527371784,3.5863818781351897,3.8976357746355776,3.5760947359532103,3.8607490575768955,3.8646696031256536
117.94,3.582744052644083,3.5978633944283667,3.908470424340088,3.581932563107485,3.843836413100934,3.849854186586905
117.96000000000001,3.593240418198561,3.5833581463173876,3.8935077086647754,3.557679088268301,3.853657851208687,3.860497117432058
117.98,3.578313815309599,3.5948732360748545,3.9043449244744677,3.5620173579558836,3.836716487915852,3.8456764377474237
118.0,3.588876414675591,3.5803786058716924,3.8893646572621208,3.5959481369418933,3.846517596459332,3.8563330834373546
118.02,3.5739951546692055,3.5919273831343133,3.900189794976163,3.601029356590359,3.8295371240260976,3.841511828417895
118.04,3.5846281742017867,3.577443126529149,3.8851758634878353,3.575980606713621,3.8393268968924756,3.852187091210493
118.06,3.56979635715105,3.589024891359703,3.8959917086107883,3.579584176963609,3.8223180615605283,3.837370381653176
118.08,3.580503692164541,3.5745498977015457,3.880947919661873,3.612839770260019,3.832088562410686,3.8480696621855586
118.10000000000001,3.565725092719844,3.5861631658031192,3.89173902280194,3.6172045378247,3.815042601528811,3.8332629962327314
118.12,3.576510269948637,3.571695612021353,3.876648544155004,3.5913985100255803,3.8248044456852917,3.84399197109087
118.14,3.5617882600424156,3.583338105622462,3.8874169769261515,3.5943037384691108,3.8077337264617612,3.8292011659764276
118.16,3.5726543627531755,3.5688752806697495,3.872282991865751,3.626921332986424,3.817480638590668,3.839965891338714
118.18,3.557991837071638,3.5805439266265293,3.8830127298462944,3.630607564717625,3.800378048776134,3.825197017260026
118.2,3.5689414334276504,3.566082402055894,3.8678179281797567,3.604080512647032,3.8101222957137995,3.8360036955870958
118.22,3.5543407384663204,3.577773339990163,3.8785105986264363,3.6080654806325296,3.793001831836088,3.8212630077944287
118.24000000000001,3.5653758139639855,3.563308812456916,3.863257822350473,3.5817949670606386,3.802747604692458,3.832118082605952
118.26,3.550838681514304,3.575017410394811,3.873905986340274,3.5843043528302583,3.7856139103496442,3.8174119942314135
118.28,3.561960576284517,3.56054488959194,3.858587866673322,3.61661073758389,3.7953572590055344,3.828321990274967
118.3,3.5474880623199994,3.5722658164600274,3.8691750542190007,3.6199187201246574,3.7782054755819003,3.81365689943586
118.32000000000001,3.5586974147293073,3.5577795684174625,3.853773983503447,3.5929292395490395,3.7879610881793826,3.8246282599886743
118.34,3.544289844423536,3.5695067325795784,3.8643017883474085,3.5947784369161333,3.770807565698376,3.8100105191357385
118.36,3.555586539817283,3.555000233597738,3.848820753494897,3.626489074233455,3.780572984091153,3.8210496929939914
118.38,3.541243458178027,3.5667268728512953,3.859272910836537,3.6274080167044223,3.763414285880681,3.806485525348263
118.4,3.552626584828096,3.552193024594376,3.8436946190902797,3.658229622954296,3.7731967680452794,3.8175987141845393
118.42,3.5383467152159636,3.563911757754391,3.854064213499768,3.6600064921355435,3.756040407836095,3.8030940836007443
118.44,3.549814528039213,3.5493427728782168,3.838381999933683,3.631440974263082,3.7658566368747106,3.814287243204194
118.46000000000001,3.535595738307977,3.5610456113443574,3.8486713443683076,3.631818535459024,3.748720823869436,3.79984786639314
118.48,3.5471456299365682,3.54643316223532,3.8328890837970286,3.662165230083103,3.758570267763799,3.8111267044351216
118.5,3.5329849066810186,3.558111671692254,3.843082995585999,3.6634320012546913,3.741453356521344,3.7967579172550523
118.52,3.5446133881551707,3.5434470428338116,3.8271846480758,3.6343110898739064,3.7513537276830218,3.8081276398148485
118.54,3.530506820657868,3.555092369834726,3.8372864096007446,3.6341900296773875,3.7342748490954056,3.793834315722746
118.56,3.542209510660777,3.540366367588176,3.821276935792432,3.6641065159643715,3.744226445237669,3.80529971294176
118.58,3.52815228320767,3.55196931946811,3.8312724538152856,3.6649095396755724,3.7271846621586735,3.791086180338197
118.60000000000001,3.5399239061021808,3.537172523594095,3.8151370003532175,3.693925522008722,3.73720588737957,3.8026513759072316
118.62,3.5259102994939306,3.548723656193778,3.825030906334583,3.6938234575136644,3.7185376424254857,3.7885213414018706
118.64,3.537744692557054,3.533846342236931,3.808775350078856,3.7219848104102233,3.728712198871784,3.80018192664807
118.66,3.5237680949734735,3.5453360517298327,3.8185630718360315,3.7210139408678686,3.7101701758205445,3.786129867590355
118.68,3.5356581821778583,3.5303684522790952,3.8021833897362423,3.748357582441552,3.720501992403289,3.797889559248473
118.7,3.5217110358313297,3.541787112898944,3.811861295608525,3.74656390324692,3.7020904327946207,3.7839186662303708
118.72,3.533648861669948,3.526719426279331,3.7953543968685657,3.7731345874640922,3.712583666164108,3.7957803190481436
118.74000000000001,3.519722776869348,3.538057442165685,3.8049198753229425,3.770562924019709,3.6943070837835355,3.7818928924846595
118.76,3.531699587024079,3.522879937652579,3.7882837738680015,3.7964043403584826,3.704966109532596,3.7938584428387228
118.78,3.5177853802149484,3.534127849393713,3.7977353445748676,3.793098422040483,3.6868291905850263,3.7800558419623997
118.8,3.5297916647646916,3.518830976480696,3.780969219043868,3.8182532555302764,3.697658502524092,3.7921262585100957
118.82000000000001,3.515879405677213,3.5299795712272455,3.7903065922404453,3.814255770973792,3.6796660039671862,3.7784088570764967
118.84,3.527904951169036,3.514554071705429,3.7734108393624117,3.838765744137005,3.690670112168149,3.790584098449667
118.86,3.5139840188122093,3.5255944953523017,3.7826349680016684,3.8341183787241233,3.672826758939054,3.776951247758872
118.88,3.526017968893263,3.5100315172048666,3.7656112481662074,3.8580242769174977,3.684010087297902,3.78923022788241
118.9,3.512077116062618,3.5195673991527476,3.7747243716555556,3.852767733991368,3.6663204692253144,3.7756802276446475
118.92,3.524108040308097,3.503937259097121,3.755913028588338,3.876109415534324,3.677687253349951,3.7880607891823765
118.94,3.5101287122412104,3.5134158201246266,3.764985026285965,3.8702739754579016,3.6601557225959582,3.774590866673775
118.96000000000001,3.5221375252198937,3.497700487473841,3.746104426572505,3.8930826861652865,3.671709867959081,3.787069728126781
118.98,3.508108291218259,3.5071052528623663,3.75513688871307,3.8867080001158105,3.654340369900197,3.7736759487343257
119.0,3.5200834606018456,3.4912957195696097,3.7361890700479523,3.909022565319257,3.6660853592126075,3.7862487022866613
119.02,3.505992387670063,3.5006179162974855,3.745184682024761,3.902147207034499,3.6488814095158086,3.7729260528083803
119.04,3.5179219777520223,3.484705940516587,3.726172874675155,3.9240054044891135,3.660820249346063,3.78558720047164
119.06,3.503756807831382,3.493937596688591,3.7351355075885895,3.9166668446129513,3.643784837857981,3.772329593730873
119.08,3.515628622988235,3.4779157827957645,3.7160641343441783,3.938105371823862,3.6559199662087005,3.7850725559344642
119.10000000000001,3.5013768752838024,3.48704980892787,3.7249988387728745,3.9303399436651283,3.639055465222583,3.7718728453728154
119.12,3.5131785643363167,3.4709116868805943,3.705873506203776,3.9513943766515913,3.6513886638916686,3.7846899791531343
119.14,3.498827642439151,3.479941955667926,3.7147864970246687,3.9432372339356867,3.634696741524777,3.771539982700186
119.16,3.510546807395354,3.4636820583740855,3.6956139774138044,3.9639419787237395,3.6472290541076933,3.7844226092588333
119.18,3.4960841105933094,3.4726034821971616,3.704512609076873,3.9554270466515367,3.6307105936478616,3.7713131424069313
119.2,3.5077084191567756,3.4562174201239757,3.685300812448184,3.975815284781755,3.6434422499866446,3.7842515839338287
119.22,3.493121457307993,3.4650260254945424,3.6941935441820974,3.9669752057027172,3.6270972760136666,3.771172501870748
119.24000000000001,3.5046387585195236,3.4485105576930297,3.674951479921451,3.9870788350375426,3.6400276238386455,3.784156127454337
119.26,3.4899152698480864,3.457203555785459,3.6838478304311053,3.97794491003579,3.623855235860416,3.771096376038347
119.28,3.501313712212279,3.4405566564514314,3.6645855580882185,3.997794482147342,3.6369826802988574,3.78411365641835
119.3,3.4864417833680035,3.4491325088095386,3.6734960494068227,3.988396609829692,3.620980994564748,3.7710613317183235
119.32000000000001,3.497709934797201,3.4323534284478177,3.65422461837424,4.008021265241104,3.634302946108531,3.78409990257766
119.34,3.4826781225015,3.4408119069019554,3.6631607086499236,3.9983878790007754,3.618469046175079,3.771042318647269
119.36,3.493805091386202,3.423901227108531,3.6438920865398696,4.017815281540123,3.6319818776089767,3.784089052088347
119.38,3.4786025449609754,3.432243466885879,3.6528660916704925,4.007973286547704,3.6163117741376998,3.771012816597234
119.4,3.488262490973808,3.4152031477153013,3.63361308135085,4.027229558050823,3.6300107868332754,3.7840539004049765
119.42,3.4729538207840625,3.423425449459119,3.6426380855292773,4.017204269193095,3.6144993869997433,3.7709372112626296
119.44,3.482517280544815,3.406252107275229,3.6234141973121026,4.036313925759405,3.628378786879351,3.783951873677926
119.46000000000001,3.4670910577334797,3.4143591206139328,3.632503877972581,4.0261290074935685,3.6130198420281743,3.7707810770500307
119.48,3.476546797444707,3.397058240716399,3.6133232311880588,4.045114897926488,3.6270726547214123,3.783755242968257
119.5,3.460992392861264,3.4050560333201556,3.6224918313665833,4.034792306821494,3.6118587576034407,3.7705162010125908
119.52,3.4703300839052518,3.387634510608574,3.6033690733224373,4.053675554802336,3.6260769047066908,3.783435347928404
119.54,3.45463782395107,3.3955305816073373,3.612631280304481,4.043235486736323,3.610999521557945,3.770113544905055
119.56,3.4638481302862303,3.377996726649315,3.5935814602265927,4.062035438504213,3.625373825722388,3.7829628123308336
119.58,3.448009382850937,3.3858000084301896,3.602952275130603,4.051496281857668,3.612205488343351,3.769543465953079
119.60000000000001,3.4570840480609912,3.3681635409212043,3.5839907091914647,4.070230459895867,3.626641344028362,3.782316044620456
119.62,3.441091307659047,3.3758843878226426,3.5934853084644014,4.059619121930126,3.6117291073064965,3.7687931339037912
119.64,3.4500232769317623,3.35815641651115,3.5746274369494526,4.0783115541510195,3.6263023851861043,3.781464549939901
119.66,3.433870329050476,3.365806579686251,3.5842610745617716,4.067631141050059,3.6132738048263984,3.7678131747905574
119.68,3.4426537914073765,3.3479995685691573,3.565522392619209,4.086286130080664,3.627887532143533,3.7803766033994
119.7,3.426335623414933,3.355592156336755,3.575310192846458,4.075559856931105,3.6130979059631865,3.766590884601269
119.72,3.434966097645372,3.337719875194861,3.5567059243816246,4.094197701056805,3.627825189118551,3.7790220214116195
119.74000000000001,3.4184791488637467,3.345269297165984,3.5666627326355553,4.0834248995446565,3.614889003438145,3.765077375303227
119.76,3.426953557801331,3.32592470789567,3.5482078444423344,4.102046102296023,3.6296307314546308,3.777369881287937
119.78,3.4102956210327915,3.3335069935546096,3.5583395929267967,4.091246201334092,3.6166782666583908,3.76326107429144
119.8,3.418605730515125,3.3141722843937313,3.54004155382009,4.109867207068839,3.6314208705614033,3.775399690628303
119.82000000000001,3.4017689662066557,3.321799316478999,3.550362904400067,4.09904601903351,3.616675078341627,3.761111942138778
119.84,3.409915380584229,3.354461524252554,3.5322363085446344,4.117671804328452,3.631487832649902,3.773073499021039
119.86,3.3929013601601943,3.360998608388507,3.5427607266081322,4.106822890472346,3.6185423132044106,3.7585835781572268
119.88,3.4008858710121763,3.3926266527216513,3.5248185362518543,4.125448180960413,3.6333236404379656,3.7703634129109522
119.9,3.3836968757263732,3.3981374794764063,3.5355581390719024,4.11458524699917,3.6185544654674264,3.755667993583874
119.92,3.3915226246827275,3.4302051391644617,3.5178123635940035,4.133220794566748,3.633371626050115,3.7672443862178624
119.94,3.374162786292301,3.4346606036575564,3.5287864772203252,4.1223336477567365,3.620365459261941,3.7523218263724223
119.96000000000001,3.3818412533776345,3.4657242949325777,3.511254749989469,4.140970463061066,3.6351158278522924,3.763691932600139
119.98,3.364323471881249,3.4691936310101124,3.5224723104988236,4.130069208004944,3.6202513392164226,3.7485409173397763
120.0,3.3718605353551148,3.4993220845390307,3.5051634042403204,4.148714431863013,3.6350007262918056,3.759685050136546
120.02,3.354191665684731,3.5018722435685974,3.5166321865214996,4.137785341268512,3.6218615540678427,3.744286111568826
120.04,3.361595049430302,3.531131764527969,3.499553712474908,4.156426410978649,3.63650678875731,3.755203845228724
120.06,3.343783692438077,3.5328273640534875,3.5112801886290415,4.145476065644703,3.6214708673858373,3.739558192575212
120.08,3.351062965056002,3.561281856862866,3.494438293020028,4.164116624603382,3.636076849721213,3.7502322946132916
120.10000000000001,3.3331196320455145,3.5621851881599764,3.504809895631142,4.1531278923396435,3.6209652912840506,3.7343230391409055
120.12,3.340286183053099,3.589896164190746,3.543330262537722,4.171743225523654,3.635512369074255,3.7447472842055727
120.14,3.322223084082853,3.590058990548103,3.5544384665474484,4.1606989925969655,3.6220735818405254,3.728569283898394
120.16,3.3292900530604848,3.6170764183132103,3.5920479775764815,4.179290203358627,3.636458487012114,3.738747700096698
120.18,3.3111211000925627,3.616564787914196,3.6022402596275747,4.16820202346085,3.6210573778104043,3.7223068011530924
120.2,3.318103326187907,3.642954254710256,3.6389972659483303,4.186767228910142,3.635344929875381,3.732226722544557
120.22,3.298464632216509,3.641822602303632,3.648330418649282,4.1756126164822165,3.61980935114367,3.715510754462868
120.24000000000001,3.3054366313881864,3.6676294886763676,3.6842884402435616,4.19413082247827,3.633980602031364,3.7251633509358717
120.26,3.285764832590407,3.6659233354661387,3.692814264400925,4.182897798355289,3.6182913959948393,3.708164097788128
120.28,3.2927399536861244,3.6911996527332174,3.728021923213015,4.201356429076255,3.6323277589306464,3.717550772136267
120.3,3.273049096790075,3.6889696773623952,3.7357874608884547,4.190031950138633,3.6164662408293315,3.6987455445753987
120.32000000000001,3.2800419103311658,3.7137649900951293,3.770288895472534,4.208417380892647,3.630349711823046,3.707936831697317
120.34,3.3118127655367697,3.7110594220084856,3.7773367701446126,4.1969874382535375,3.6142912504669016,3.6889074838548277
120.36,3.3176927910545713,3.735420327627286,3.811171866655738,4.215285099862334,3.627997218147838,3.697905282920879
120.38,3.3484084970833066,3.7322840628284673,3.8175405146727255,4.203734780875018,3.6117253106941383,3.678653913666895
120.4,3.353242875642181,3.7562542472102782,3.850745122303867,4.221929197177178,3.625238118314939,3.6874613841077712
120.42,3.3829692704731156,3.752729803792171,3.856469010271152,4.210242808113383,3.6087371460208773,3.6679919392676146
120.44,3.3868233706754163,3.7763505140665514,3.8890751537501016,4.228317798234425,3.622042090905575,3.6766140733107875
120.46000000000001,3.4156246003348194,3.772477947897838,3.89418499554816,4.216479029512382,3.60529744401212,3.656932351551463
120.48,3.418562041776733,3.795787939201864,3.9262210831343793,4.2344178298925135,3.6183809030907805,3.6653759952788256
120.5,3.4465005684153907,3.791604792398412,3.930744049946327,4.222409878974846,3.601379107411216,3.645489667190266
120.52,3.4485832288455662,3.8146402830723525,3.9622350753161744,4.240195269842481,3.6142286615632226,3.6537635312877437
120.54,3.4770865035854435,3.8101815414343942,3.966194999022771,4.228000968204658,3.5969575039146,3.633682147443102
120.56,3.4782890719027155,3.8329837910502884,3.998775089438945,4.245615403790376,3.6095620607352727,3.6418043534306364
120.58,3.5059634335868526,3.828288066309468,4.002087458312828,4.233226382249352,3.5920107126650143,3.621545537417182
120.60000000000001,3.5063534554444478,3.8508950467936933,4.034045455126845,4.250659365450228,3.6043607040314636,3.6295277050277837
120.62,3.5332656788345167,3.845997667499843,4.036734276126124,4.238056931628931,3.5865199712414317,3.6091040088810864
120.64,3.5329084750220385,3.8684356979709116,4.068093091550047,4.255289579402704,3.5986074579031504,3.6169596491188463
120.66,3.5591229961861806,3.8633619089096696,4.070178685021909,4.242455148967365,3.5804697529716623,3.596385518979784
120.68,3.5580815251234603,3.885654877648891,4.100957577640236,4.259468726597986,3.5922884568325117,3.6041299925376435
120.7,3.5836602998953118,3.881857846093245,4.102456784853519,4.2463839557639265,3.5738479153104445,3.5834217208186963
120.72,3.581995058685854,3.903954488721726,4.13267961357391,4.263160011676573,3.585393330721487,3.5910721781417134
120.74000000000001,3.6070046598753245,3.8999478280376505,4.133612539297875,4.249806971592659,3.5666459223499882,3.5702478373430733
120.76,3.6047795307318338,3.921872598099797,4.107556902005908,4.266327541241636,3.5779154219424263,3.5778231762618184
120.78,3.6292758917963095,3.9176791666609954,4.109178763202364,4.25268934007852,3.558859056341434,3.5569025955795928
120.8,3.62654544503222,3.939453784903038,4.083770064252876,4.268937787026867,3.569851992729598,3.564423358575983
120.82000000000001,3.6505819265373476,3.9350941186411275,4.08603147449797,4.254998527772785,3.5504866233086294,3.5434279501228128
120.84,3.6473981563552824,3.956737399480853,4.061220213002249,4.270958791660747,3.5612044258802005,3.5509161692871456
120.86,3.671025481520808,3.952228736389907,4.064071929009268,4.256703220566468,3.54153214012155,3.5298688040244857
120.88,3.6674377356876398,3.973756207612315,4.0398088306225555,4.272359954425621,3.551978394907996,3.535832453521167
120.9,3.6907039217680313,3.96911255236003,4.043201830254322,4.257773614537289,3.5320034924777572,3.5148379185536816
120.92,3.6867512606106247,3.9905365440611975,4.019437932273901,4.273112339174274,3.542175488278714,3.5208766927647677
120.94,3.7096935690954145,3.985768718341628,4.023323506156443,4.258181723388438,3.521897645816938,3.499953480277127
120.96000000000001,3.705420807973026,4.00709838569482,4.000010255392556,4.2731889398530445,3.5318042252281114,3.506086566142018
120.98,3.728082615643025,4.00221414849501,4.004340110855767,4.257901549492663,3.5112330519500006,3.4852540495117834
121.0,3.7235316339815845,4.023455676859826,3.981429473037375,4.272564898600208,3.5208853273581666,3.4915015565274863
121.02,3.7459533474558553,4.018459892708054,3.986155850012297,4.256909497441934,3.5000327462963345,3.470779932774701
121.04,3.7411630449358855,4.0396166205765835,3.963600430827241,4.271217954940644,3.5094441194457686,3.4771627490944135
121.06,3.7633820654813728,4.034511388418867,3.968676229585434,4.255184717628576,3.48832438260537,3.4565728870914496
121.08,3.7583883282677295,4.055583940187521,3.946429406856795,4.2691287432076805,3.497510546416371,3.463112521137757
121.10000000000001,3.7804390262751433,4.050368731352316,3.9518083261887096,4.25270940118947,3.4761402306626694,3.4977109731708835
121.12,3.7752747035837255,4.0713551588491645,3.9298243915370796,4.266281084836689,3.48336232954417,3.503203440678751
121.14,3.797187900488689,4.066026963030679,3.9354610762492293,4.249469069036212,3.461854460302816,3.5368027151270995
121.16,3.7918819895192835,4.0869228922950915,3.913695385361636,4.262652298756889,3.4689580101800805,3.541316935826694
121.18,3.81368508051847,4.081476362838204,3.9195455821889618,4.245432000479048,3.447326593853058,3.573993168243365
121.2,3.808263595189386,4.102275143876998,3.896323991343756,4.258223557569954,3.454326551356501,3.577603303551362
121.22,3.829981054075969,4.096702755174718,3.9024177061821326,4.240583258765845,3.4325873927007358,3.60942950723174
121.24000000000001,3.8244671238788457,4.11738768581236,3.8793886984964296,4.252973710034528,3.4395005737406765,3.612206666497569
121.26,3.846120558051731,4.111671510794574,3.8856852946627782,4.234914537254562,3.4176712380851857,3.643252742258008
121.28,3.8405343997787815,4.132232912851654,3.8628086633060725,4.2469055450279285,3.424516263180108,3.6467992483138607
121.3,3.8621424883897517,4.126362602150313,3.869268896176917,4.228430705813247,3.402616086345364,3.6770522763596074
121.32000000000001,3.8578845021917516,4.146788969691668,3.8465059330712705,4.240026085148983,3.409419765623828,3.679813404429383
121.34,3.8794004670034865,4.140760006814945,3.85309214433147,4.2211409675204585,3.3874770312595293,3.7093532005024454
121.36,3.8750329398161933,4.161044442421575,3.8304057824590667,4.2323468257080865,3.3942607442526422,3.711407602481428
121.38,3.896473738377165,4.154842299194911,3.837082080514643,4.21305918242116,3.3722973924985107,3.740302741545529
121.4,3.892011926616216,4.174969322479953,3.81443700473017,4.223883996854743,3.3790841815671193,3.7417172674259396
121.42,3.9133911198012563,4.1685781552203265,3.821169306935059,4.204203914410468,3.3571236831555806,3.770032472454497
121.44,3.908846876891368,4.18996083708022,3.7985320447732596,4.214658558033651,3.3639380555195997,3.7708700666772583
121.46000000000001,3.9301746480007425,4.183276085232922,3.8052948645870495,4.194598517182323,3.3420052255289745,3.7986661794231407
121.48,3.925563806451823,4.204376487344925,3.782639303657592,4.204696348777047,3.348872993038995,3.798985860533782
121.5,3.946853066198462,4.197382359070681,3.7894018479618556,4.184271346828392,3.3269938176275287,3.826319848929555
121.52,3.9421799672541677,4.218184628977437,3.766697932380477,4.194028242092833,3.3339419147050062,3.826176763851575
121.54,3.963433540145483,4.210864197319418,3.7734316281675904,4.171411970926755,3.3121433569747585,3.8531016980499024
121.56,3.9586995573206596,4.231351412677863,3.750651566361536,4.180925362649339,3.3191926643536176,3.852547036632708
121.58,3.9799173379863406,4.223686802145202,3.757321549733598,4.158036271290231,3.3563290643375896,3.8791120102176775
121.60000000000001,3.9751210117541698,4.243841231152006,3.7344328762693024,4.167322125517816,3.362180394156176,3.8781922691701842
121.62,3.996300105247232,4.235813830863244,3.7410161239291377,4.144176255331418,3.398180015153557,3.9044413765756825
121.64,3.9914372851939164,4.255617090229709,3.71799666902569,4.153251171934795,3.402923109613026,3.9031986727058006
121.66,4.012572150014485,4.247207816163213,3.7244727511128217,4.129866131691806,3.4378745903519965,3.9291722760999965
121.68,4.007636142592334,4.266641229236989,3.701302988029704,4.138748798903673,3.4415956973003956,3.927645036790171
121.7,4.028718751213456,4.257830818295202,3.7076541880223624,4.115144327334082,3.4755840719555757,3.9533798064215664
121.72,4.023700487517396,4.276875657523291,3.6843173628760346,4.123855511301697,3.478365934182369,3.951602785347964
121.74000000000001,4.044720498816284,4.26764490797518,3.6905288047393507,4.100053420727881,3.5114726308490805,3.9771317205706267
121.76,4.039608709727553,4.232233073191543,3.6670110654766295,4.108615895648967,3.5133944651860385,3.9751360292739992
121.78,4.060553647742336,4.223778158394465,3.673071273408391,4.084639996232215,3.5456972939308065,4.000488495609361
121.8,4.055335491709042,4.1890945528912455,3.6493625124984765,4.093078457017138,3.546834763571205,3.99830165058254
121.82000000000001,4.076191663308893,4.181344250495831,3.6552634581894896,4.0689544662439845,3.5784078978507377,4.023503434293556
121.84,4.070852799408883,4.145872448348816,3.631356647408841,4.07729542431959,3.5788330811209184,4.021149425294149
121.86,4.091604643125659,4.138817208146502,3.637086250799846,4.053050850026451,3.609747035859295,4.046222805841644
121.88,4.086121761533427,4.103974715654543,3.6129716161144696,4.0613224615751635,3.6095283942390806,4.043722173110491
121.9,4.106746065091065,4.097550794230759,3.6168510237481977,4.036986394560887,3.6398500031702024,4.070215205917241
121.92,4.101102277835847,4.063274958168902,3.5926169475936343,4.04520800282814,3.639052350509731,4.067489233902964
121.94,4.122970812426929,4.057411748815925,3.596386236658815,4.020802568487451,3.668851821231198,4.093782665385417
121.96000000000001,4.117069546274343,4.0236410875104776,3.572032510144988,4.029006048799077,3.667541810864989,4.090858922157306
121.98,4.13868988350202,4.0182883464049075,3.575692431122398,4.004563970293745,3.6968775000549052,4.116978743367002
122.0,4.132512456351519,3.9849663512514684,3.5512215211970504,4.0127823538124,3.695111680464452,4.113872746685864
122.02,4.153865774122787,3.980069494512248,3.5547756010085654,3.9883373938046827,3.7240383912648527,4.139832654693649
122.04,4.147392175065833,3.947142866726171,3.530192726680949,3.9966045531370473,3.721869727720535,4.136555951884116
122.06,4.168458404398669,3.9426506282727942,3.533647294196587,3.9721912450918704,3.750438621571035,4.162365794553232
122.08,4.161667504024579,3.9100694367888575,3.5089604676677424,3.978729946178394,3.7496991535520094,4.158926159450253
122.10000000000001,4.182425610057891,3.9059340268294442,3.512324691552551,3.954479373775128,3.777857824922647,4.184602437247956
122.12,4.175295439196991,3.873651872531206,3.487535868670226,3.961217747090804,3.776702493599008,4.1810124807127025
122.14,4.195723747945294,3.8698291416582054,3.490814576689845,3.9371645701573534,3.8045059344050576,4.20655636351644
122.16,4.188231860429127,3.837803281821415,3.465938092407991,3.9441281156575774,3.8029874602488962,4.202815477791316
122.18,4.208308314701784,3.832798491802469,3.469146835482675,3.920297464593397,3.830485768628244,4.228225038937631
122.2,4.200431945908185,3.801063034510171,3.4441924405983704,3.927511932959,3.8286518993042034,4.2243295948689825
122.22,4.220125839880277,3.7963392307300183,3.4473435242243675,3.9039290152974186,3.8558902346905657,4.2496000181265945
122.24000000000001,4.211835044513131,3.764859182017502,3.42233150431707,3.9114201356255514,3.853783813391171,4.245543538413596
122.26,4.2311251292252,3.7603827395790197,3.42544639326844,3.8881100278526874,3.880802469554278,4.27066725073437
122.28,4.222398154646199,3.7291266118702078,3.400399593699395,3.895903356710374,3.8784615221701815,4.266440634078143
122.3,4.241263468492213,3.7248675437914804,3.403502318074811,3.872890820823498,3.9052960199661415,4.291407612344391
122.32000000000001,4.232078969216773,3.6938075649398,3.376755680355618,3.881011513925247,3.9027538612371644,4.286999390256081
122.34,4.196878100725231,3.689739659438184,3.3799370168034786,3.858310603516831,3.9294350608096345,4.311797379106243
122.36,4.188418850686936,3.658842261476129,3.353242060860155,3.8667750117768365,3.9267203653464637,4.308756195687274
122.38,4.15389528133589,3.6549354372250247,3.3565238391196894,3.844410018570441,3.9532745085878083,4.333289236386385
122.4,4.146096641405372,3.6241820368570843,3.3299032156812527,3.8532425776267725,3.9504190546044757,4.329948094539636
122.42,4.112187937444293,3.6204192856288175,3.3333088856279054,3.831236720267344,3.9768740519503805,4.354202727097614
122.44,4.10498029017887,3.589795366156876,3.3067869484242487,3.8404607255723557,3.9738966906145428,4.350547605292656
122.46000000000001,4.0702066784540065,3.586163769852109,3.3103415376139917,3.818835997069635,4.000269243056135,4.37450809446809
122.48,4.063580973090314,3.554174036034189,3.3416792649189047,3.828473373235412,3.997184815671609,4.370514509634852
122.5,4.029323922529963,3.5507139125372547,3.3441221685613556,3.807249749088595,4.023487671912864,4.337531087422658
122.52,4.0232108988037,3.518853924351007,3.374414761078968,3.8173199127986304,4.020307134915043,4.334452425057461
122.54,3.989404013257611,3.5155578195573276,3.375828496375194,3.7965151544151317,4.046549550589171,4.3023160448645
122.56,3.9837475584304176,3.4838215813364455,3.4051571142333183,3.8070358300157574,4.043280990329386,4.300075861001885
122.58,3.950335917600524,3.4806855893128272,3.4056221927217702,3.7866659276194263,4.069468903275006,4.268710520727784
122.60000000000001,3.945083333587045,3.4490707397755234,3.4340660372447576,3.797652959311914,4.066116764036604,4.265682738419109
122.62,3.9120154998091476,3.446094583747637,3.433660890212592,3.7777319495733366,4.09225256475812,4.235096503994915
122.64,3.9071100647177666,3.41460242362938,3.4612971152656584,3.789199117983467,4.088810339034347,4.232827713599917
122.66,3.8743318058546787,3.411789432612297,3.460098006748111,3.769738913559149,4.1148871202525275,4.2029484679348235
122.68,3.8697287862374057,3.380424871761496,3.48700161901924,3.7816977395915368,4.11135356752457,4.201367161280493
122.7,3.8371967525931168,3.377781969104383,3.4850825477650895,3.7627079098289498,4.139120136635007,4.1721243807780946
122.72,3.832855359644056,3.346553568044792,3.5113262977192004,3.7751675187211275,4.1353789521567,4.171168780782307
122.74000000000001,3.8005302246454415,3.342632933101451,3.5087588906573144,3.8202338027465785,4.162952337772869,4.142502340173937
122.76,3.794997172467304,3.366806034470008,3.534406505543419,3.8317925971749776,4.159001066614751,4.142103420141559
122.78,3.7629058207158157,3.3618863668217775,3.5312515315101134,3.876004501098614,4.1863770940212115,4.113937496609617
122.8,3.7575993836541106,3.385117936974322,3.5563701583120384,3.8867315583615993,4.182209274879615,4.1140215598665755
122.82000000000001,3.725710563827764,3.379261021998634,3.552693224392142,3.9301557759640997,4.2093803755534225,4.086291051511377
122.84,3.7206009854801296,3.401613223666243,3.5773475125244274,3.941961831451625,4.204986280236095,4.0867938412508655
122.86,3.6888872823051133,3.394881071241497,3.5732116809692074,3.9208144756704018,4.231952445670754,4.059435931466982
122.88,3.6839487831510276,3.41641620429438,3.597470877079896,3.9332120091827893,4.2273285226628765,4.060295561533017
122.9,3.6523868291168973,3.4088709840805933,3.5929449647801386,3.912628895112605,4.254075984963944,4.0332499926645955
122.92,3.6475977451968205,3.429651453781371,3.616868129047506,3.925610177648489,4.249206489929339,4.034407126016639
122.94,3.616168352330214,3.4213554819102736,3.612009490428026,3.905582607317702,4.275718993574469,4.0076162787085545
122.96000000000001,3.6115112685526967,3.441443707702774,3.635652771022575,3.919136795015126,4.2705858501251255,4.009014270328712
122.98,3.5801995519429717,3.432459272755651,3.6305157739780776,3.8996528924646507,4.296844979241101,3.9824233539860634
123.0,3.5756614251954004,3.4519175361630072,3.6556267816140595,3.913766049627463,4.291428099084642,3.9840084480796394
123.02,3.5430330396044063,3.442306777731093,3.6501593637268974,3.8948196822445724,4.317413592576839,3.957565699502457
123.04,3.538657634654064,3.4611982899863105,3.6749887117632527,3.9094843846028158,4.311691232423888,3.9592795698695418
123.06,3.50615026632264,3.451023965153684,3.669251184393639,3.8910560342407634,4.33738138993018,3.932928162183412
123.08,3.501931376218937,3.4694099433622774,3.69385681231037,3.906250901281589,4.331330399454244,3.934724060090359
123.10000000000001,3.4695403466318746,3.458733133723429,3.6879050571818444,3.888318170916981,4.356702172596696,3.90841951353454
123.12,3.465475541325864,3.4766742522892544,3.7123403737214544,3.904019074808678,4.350298244982667,3.9102542036247945
123.14,3.4332000281378563,3.465555454691548,3.7062257054306893,3.8865567981797837,4.37532762067917,3.8823783276265402
123.16,3.4292907319793677,3.4831116656200902,3.730539524710727,3.902736986322269,4.3685456153271245,3.884278334572361
123.18,3.397127142238331,3.4716106031674454,3.7243086334041253,3.8857173633091975,4.393198901293928,3.8564144971725827
123.2,3.3933713417853255,3.4888409060689813,3.7485451374314605,3.902347605142527,4.3860057899134635,3.858345358695914
123.22,3.3613270567856413,3.477016263796923,3.7422400586425497,3.8857403233619494,4.3493844916597775,3.8304601644432883
123.24000000000001,3.356339433427597,3.4939785053054213,3.7664387860704434,3.9027889959898494,4.343109098716601,3.832391216540107
123.26,3.3791427842514645,3.4818810509666607,3.7600968976417453,3.886561832162255,4.307349033136071,3.8044480252975403
123.28,3.373152697111119,3.4986239636708327,3.7842927165296563,3.903996057206423,4.301907150013115,3.8063438756009327
123.3,3.39501142150344,3.4863097124642914,3.7779466917428146,3.888114950120139,4.2669254975948325,3.7783168212194362
123.32000000000001,3.3880790871764224,3.5028880952615733,3.80216985017198,3.9058997929096506,4.262235235579572,3.7801540518010244
123.34,3.4090539598807656,3.490411441314244,3.7958477913306736,3.8903286662607472,4.227951672514876,3.7520210598667805
123.36,3.4012402059533344,3.5068783330229394,3.8201240305560105,3.908427354072823,4.223933716598659,3.7537801251690492
123.38000000000001,3.4213925305449715,3.4942918191245558,3.813849545302562,3.893128345864803,4.190270639801439,3.7255230681748097
123.4,3.4127587388634057,3.510698274241176,3.8382001911578403,3.911502498824774,4.186848434421577,3.727188443578414
123.42,3.4321502809362525,3.4980523652850217,3.831992492914819,3.8964361976603494,4.153731153040233,3.6987932916507607
123.44,3.422758309396918,3.514447235356441,3.8564345698457925,3.9150460647604985,4.150831101310113,3.700353615433321
123.46000000000001,3.4414512078878516,3.5017900987347623,3.850308600587522,3.900171750150059,4.118188041003255,3.6718105792980738
123.48,3.431363290260008,3.51821982254717,3.874854966396849,3.918976448079395,4.115739716998323,3.6716921789476986
123.5,3.449419946641505,3.5055971187355346,3.86882153967899,3.904252332751871,4.083502636488997,3.6430752778735793
123.52,3.4386918966108047,3.5221055244176376,3.893481038851029,3.9232100857344356,4.081430505531856,3.642888868681428
123.54,3.456167570155416,3.5095601763868745,3.8875470008377,3.90859355823081,4.049525433515087,3.6141947516898956
123.56,3.4448625581910854,3.5261882227124404,3.9123246339517355,3.927661894263387,4.047766868105366,3.6139383634105022
123.58,3.461820307837916,3.513760243911561,3.908199191194138,3.9131096887031167,4.016133705305368,3.5851672799238745
123.60000000000001,3.4500013713498605,3.5305459397841803,3.9330072663181213,3.932254557356854,4.014629938042205,3.5848426888167686
123.62,3.4665039797610446,3.5182792457378254,3.928879856675437,3.9177300952809455,3.9813912028174743,3.555998655352844
123.64,3.454233836136976,3.5352649698951084,3.953721428056286,3.936907223487669,3.9801613705661114,3.555603993494124
123.66,3.4703436554864813,3.523192378341713,3.949593125414647,3.9223577786946637,3.9471319568627368,3.526686532307492
123.68,3.4576845292700145,3.5404088407855823,3.974466719113024,3.941514253716631,3.9461280432137165,3.5262317093975533
123.7,3.473463184321387,3.5285599761082227,3.9703341271304096,3.926896144631892,3.913261048597628,3.4972529350676647
123.72,3.460476516560247,3.546034660075005,3.995233892881427,3.945989093104544,3.9124387161009784,3.4967517412135627
123.74000000000001,3.475984724092186,3.5344358466719314,3.9910894867266204,3.9312590198016535,3.879691070344169,3.467727603950186
123.76,3.4627309759334617,3.552192918423596,4.0160056279527225,3.950246100277177,3.8790099335532737,3.4671977057070578
123.78,3.4780283086232013,3.5987452508326907,4.011838140260946,3.9353613697054315,3.846342583140191,3.4365690554600667
123.8,3.46456671719473,3.615459168332506,4.036764426868461,3.954200993972502,3.845766391755114,3.436088924345506
123.82000000000001,3.479710102375469,3.6610190641238884,4.032566314440469,3.9391197758048704,3.8131361118662688,3.405478792989827
123.84,3.466096932598553,3.6767787666671428,4.057483994266271,3.9577713998630504,3.8126236089410086,3.405068156782934
123.86,3.481141907910426,3.721431740938354,4.053235409616148,3.942452888611097,3.780000499656893,3.3744975626308746
123.88000000000001,3.4674324147522197,3.7363170831368686,4.078123109154189,3.9608770405007023,3.7795248033363658,3.374178988282295
123.9,3.4824328252939054,3.780139729928217,4.0738017778858735,3.945281642446648,3.746883537283131,3.3436718546456823
123.92,3.468680444228021,3.7942220359579335,4.098635785318321,3.9634402374723128,3.7464224311689125,3.343470707048287
123.94,3.483688165221152,3.837282619422335,4.094217284769268,3.9475298269899524,3.7137424307936855,3.313053766597665
123.96000000000001,3.469944234451378,3.85062524349886,4.1189718338215,3.9653863789067914,3.711476187228507,3.312998087173439
123.98,3.4850089019070505,3.8929842566631057,4.114429872014386,3.949124510471706,3.6788320611448473,3.2826930964578764
124.0,3.471322394035085,3.905643115360944,4.139077424013482,3.966634384777792,3.6766009037419796,3.282804908503887
124.02,3.486491102457657,3.9473538097153447,4.134384115658043,3.94997852370362,3.6439803401318698,3.3110430307504655
124.04,3.4729082934040028,3.9608258188360645,4.158895594100939,3.96710997830636,3.6417733437389193,3.310046357671153
124.06,3.4882248728406107,3.9451065623883155,4.15402946019414,3.950028562227102,3.6091675010802016,3.337244542615423
124.08,3.4747943374579573,3.9591483007995887,4.178381162044153,3.966752088143367,3.6069769875743103,3.335229671833593
124.10000000000001,3.4903060588511985,3.9439717636320615,4.173311572269338,3.9492159018436412,3.5743807191186634,3.3614774352411447
124.12,3.477067214238293,3.9585658577225535,4.197471805140112,3.965504413817385,3.572203372811282,3.358533363911905
124.14,3.4928113009734094,3.943913160192847,4.192167200819258,3.947486714734795,3.5396159131878284,3.383918879635525
124.16,3.535521943759484,3.9590388103700715,4.21779966299823,3.963315707243798,3.5374528687894577,3.3801330476177784
124.18,3.5502970223426065,3.9448872379964253,4.2121200075523175,3.9447999008128574,3.504877912605761,3.4047425384944847
124.2,3.5921183087822497,3.9605279434022065,4.237380861767939,3.9601558673953208,3.502734866195926,3.4001997583975467
124.22,3.6060130218904347,3.946858223666885,4.231294328839089,3.9411198815084227,3.4701806975805427,3.424117358522151
124.24000000000001,3.6470294133379655,3.9629848801125935,4.256152417806644,3.9559831704856894,3.4680679431505292,3.4189006283820325
124.26,3.6601252438546794,3.949766793805666,4.2496266509342435,3.9364080515974575,3.4355473609721754,3.442208558595571
124.28,3.7018079475374135,3.9663477573629784,4.274050394434045,3.9507622358464944,3.4334797645394044,3.4363987852206317
124.3,3.714083777817879,3.9535556629806714,4.267052802371815,3.930632350086545,3.399155729023191,3.4591833429560985
124.32000000000001,3.7549961110399335,3.970564346524809,4.29101061791763,3.9444644226743435,3.39721618158869,3.45285574902242
124.34,3.7665319452705153,3.958161903616301,4.283508817557915,3.9237575689235396,3.362981180593095,3.4751853911813613
124.36,3.806750530996593,3.9755608746402302,4.247017693273096,3.937046930284367,3.3611872400455467,3.4684158398266023
124.38000000000001,3.8176182129288287,3.9635097347555828,4.240328972134686,3.915755889354294,3.3270603284528724,3.4903654265101927
124.4,3.857211644715351,3.9812602204153054,4.204592548718834,3.9284986485468187,3.325432803327799,3.4832269287476287
124.42,3.867475299642953,3.969521041721419,4.198626022912379,3.906620443136643,3.29143642035107,3.5048683597905748
124.44,3.9065046205438896,3.987583018134678,4.1635554922509,3.91881657652962,3.289999382209615,3.4974308198304036
124.46000000000001,3.916221068885118,3.9761147605979588,4.158223667487042,3.8963521826690366,3.2561592522036986,3.5188327807173354
124.48,3.9547401903651727,3.994446663222671,4.1219960634764705,3.908005677895299,3.254939901690375,3.511162754508374
124.5,3.9653777439305173,3.983206811423589,4.117286256688793,3.884951938456663,3.2837591354612696,3.532390476579112
124.52,4.00335273944214,4.0017646145261425,4.081603885679718,3.89606181005418,3.2813851925361095,3.52455726794636
124.54,4.013434682136798,3.9907084177827157,4.0774402486384576,3.8724280937623963,3.3091177156766864,3.5456768326534536
124.56,4.050914156427716,4.0094480724016375,4.042228486599327,3.881090642036404,3.3056798349708014,3.537737661854636
124.58,4.060485972930885,4.000019909632318,4.038538771616687,3.856993381411569,3.3324082773429167,3.5588050987574493
124.60000000000001,4.097511089722131,4.018820050401308,4.003724576735196,3.8652095029185807,3.327987760192645,3.5508134230366384
124.62,4.106619039608611,4.009401705619367,4.000438061760745,3.8406623944106095,3.3538023517247844,3.5718808578770815
124.64,4.143230549444251,4.028216175059236,3.9659545251167723,3.848447046875138,3.3484888527356462,3.5638862367203097
124.66,4.1519049251983615,4.018761595963383,3.9630069901318414,3.8234672426584257,3.373478705421391,3.5850018649268454
124.68,4.188129447015982,4.037543447399962,3.9287913148691502,3.830838973086036,3.36736054435416,3.577049847624116
124.7,4.196394432746438,4.028005986057961,3.9261228122794045,3.805447212467333,3.3916133950871825,3.5982577240502565
124.72,4.232252719721827,4.0467078160815335,3.8921165426232727,3.8124282235183893,3.384777299818817,3.5903896917606546
124.74000000000001,4.2401268550066575,4.037040581146927,3.8896716288745736,3.786648880406511,3.408379237923585,3.6117296216340478
124.76,4.277045307908138,4.05561488056081,3.855820890915922,3.793265072476209,3.4009100732481623,3.6039826993199386
124.78,4.284447130571234,4.045778511162427,3.853548868334835,3.7671261757611565,3.4239452561155153,3.625495493586976
124.8,4.320912115514703,4.064184106526276,3.819804653384937,3.773407159905029,3.415925742889363,3.6179082427133884
124.82000000000001,4.327856060813408,4.054131152925926,3.815930828336634,3.746940382018126,3.438476130674614,3.639624119420013
124.84,4.363879981710158,4.072320323216213,3.782336736070256,3.752911177766591,3.429986621119885,3.6322241187564805
124.86,4.370374873724813,4.0619940791179605,3.7785997504301427,3.7261424815850153,3.452131638213711,3.654169016362865
124.88000000000001,4.349432366443742,4.079911681307425,3.7451185984235473,3.7318405418627747,3.443249672068568,3.6469796137279293
124.9,4.356743822589664,4.069268178000863,3.74148272685126,3.704809198669368,3.4650658892927044,3.6691755317236163
124.92,4.33656363637768,4.086870473229051,3.7080817119517966,3.7102754345106943,3.4558660041179166,3.662216580205609
124.94,4.344631001132934,4.075867439006437,3.7045157855892503,3.681095425366981,3.4774268908327475,3.686258750108321
124.96000000000001,4.325151765097155,4.093112052628672,3.671166790259379,3.6864459068195994,3.467970358792354,3.6794467593967397
124.98,4.333921889298675,4.081708732921258,3.6676356247683897,3.6571239880601794,3.489345084970788,3.703661310038893
125.0,4.315090233936315,4.098554994283822,3.634305514031538,3.6623973506202385,3.4797083424192508,3.697016624079195
125.02,4.32449899254832,4.08671248849264,3.6307881898952896,3.6329732900934806,3.5009632282821874,3.7214210579158733
125.04,4.306250401504853,4.1031216215922495,3.5974593184646104,3.6382103027038046,3.4912100758483553,3.714958405040841
125.06,4.316233018366999,4.090803079379761,3.593940106543383,3.608726049093039,3.512407578325689,3.739564694216401
125.08,4.298502500881532,4.106738556936054,3.5606001077423413,3.6139694524950254,3.5025978367000095,3.733293339089998
125.10000000000001,4.30899377548441,4.093909524013447,3.5570686608142443,3.5844689117254407,3.5237963284901843,3.7581081774015463
125.12,4.291716094775102,4.051358413703261,3.5219460951274635,3.5897632059977713,3.5139856384871084,3.7520321864791106
125.14,4.302650636886077,4.039289555625118,3.518460063180588,3.5602837193038464,3.5352392134091484,3.7770572661566684
125.16,4.2857610360793394,3.9974054586438466,3.4833345512872036,3.5656654668864216,3.525478815995862,3.771175796187331
125.18,4.2970743932087805,3.9844893074634973,3.479893247665471,3.5362546408157094,3.5468370466618406,3.796408106435318
125.2,4.280508725167334,4.001338304117642,3.444759543950872,3.541771538896199,3.5371736507420297,3.7907157160179836
125.22,4.292129123682467,3.9877606798209144,3.4413594574214166,3.5124780379200846,3.558681543378599,3.8161478598564913
125.24000000000001,4.275815248512957,4.003969206137009,3.4062223698132894,3.5181785335849796,3.549157265825311,3.8106347972950636
125.26,4.287678765682327,3.989712540100334,3.402871175838547,3.489051734408982,3.5708551604999617,3.8362552396806606
125.28,4.271553430371282,3.947092561143558,3.3677401446874393,3.494984735770061,3.561507449900966,3.830907773276521
125.3,4.283596925800124,3.933439450292602,3.364450588057285,3.466074381465922,3.583430955557282,3.856701243371786
125.32000000000001,4.267598362256008,3.891385043875825,3.3293404691433843,3.472288870254096,3.5742925505533925,3.851502025562906
125.34,4.279760592041601,3.8782716431171362,3.3261303370277218,3.4436446709728754,3.5964725157870867,3.877449848616942
125.36,4.2638286285789935,3.8367224383767957,3.29106068767577,3.450189294454576,3.5875714383073203,3.8739536230045704
125.38000000000001,4.276049539516369,3.824090356764408,3.2879523852870003,3.4218604996662987,3.61003395725152,3.8999495048590176
125.4,4.260134497871997,3.782991612178544,3.252947442877126,3.428783136252335,3.6014012384011584,3.896455395902806
125.42,4.272363085173882,3.770788234681452,3.2481739189238903,3.468116612824223,3.6241736433338696,3.9224769792740823
125.44,4.256406609205537,3.728571016857928,3.2746524684768774,3.473932777945788,3.6158263047783885,3.918961433197139
125.46000000000001,4.268584871601815,3.7167920210296526,3.268698930931397,3.5122581547500067,3.6389233270354686,3.9449828208378386
125.48,4.252521526808545,3.6749345489755867,3.29407036855066,3.517082736041242,3.6308733721226436,3.9414189212045376
125.5,4.2645858266857495,3.6635401839194617,3.287017148027866,3.5545114301752823,3.654305477468877,3.967411015230393
125.52,4.248361882602881,3.622004573006582,3.3113622092659956,3.5584528660039627,3.646560807767906,3.9637688591478546
125.54,4.26025902945245,3.610960461487061,3.3032901350807653,3.5950899332328135,3.670334329770052,3.9896998270409343
125.56,4.243823123004441,3.5697143793627086,3.3266899060773425,3.5982502046782145,3.6628988511212404,3.9859470631957366
125.58,4.2555023870169375,3.5589918264245055,3.317680167668263,3.6341942758110695,3.6888109458759404,4.011782815952925
125.60000000000001,4.23880576511659,3.5180087230458432,3.3402159344737465,3.636668870453265,3.681569197886408,4.007895425966942
125.62,4.250219122597866,3.507584935682887,3.330349914604833,3.6720203729029985,3.707691187875896,4.033608327033647
125.64,4.233215941761769,3.4668442678909015,3.3521029838725402,3.6739073621120135,3.700648435777827,4.0295486985834685
125.66,4.24431841703756,3.455169101790825,3.3414621008049536,3.7087506435087283,3.7269829759639412,4.055099881621161
125.68,4.226965974626687,3.4733777022450067,3.3625059248856752,3.710131167199319,3.720139150237504,4.05082926004285
125.7,4.237706980626227,3.4606883754610087,3.351164780131007,3.7445442528899346,3.7466837177120103,4.076178869769321
125.72,4.219955914915437,3.4779384808284597,3.371579696980799,3.7454930785321148,3.740033658903087,4.071657659352503
125.74000000000001,4.172809014026865,3.4642774993677596,3.359618713769604,3.7795476968551056,3.7667809009650073,4.096765112923781
125.76,4.15591070274731,3.4806138767003576,3.3794843371431296,3.7801333525625584,3.7603147217191477,4.091953641076272
125.78,4.109532127203874,3.4660273105269597,3.3669831502125414,3.813895023678793,3.787252819872875,4.116778787584106
125.8,4.09340214382637,3.4814979505283143,3.3863780960417422,3.814179871870737,3.780956282480581,4.111637600995698
125.82000000000001,4.047709697291467,3.46603474550574,3.3734152567873585,3.8477079876819866,3.808069333327335,4.137740178746203
125.84,4.030780003839049,3.480690474553162,3.392416842072117,3.847748325030898,3.801924238271347,4.1321272077499
125.86,3.9857746008987123,3.464396500593743,3.3790695036728167,3.8810962561037665,3.829200169898521,4.157750809172605
125.88000000000001,3.9695016378098904,3.478284429696131,3.3977533983264565,3.8809424387495466,3.823190585687135,4.151619702559529
125.9,3.925115635306452,3.4612147987843707,3.384096935676679,3.914157697655914,3.8506052002931694,4.176727066416074
125.92,3.9094339357984635,3.474391736691417,3.4025368446750752,3.9138543605886484,3.844704984667263,4.170039618570041
125.94,3.8656055421121045,3.4566043249202143,3.3886445841036807,3.9488441390821882,3.8722311989124187,4.194594038438207
125.96000000000001,3.850455672182796,3.469129723115718,3.406911957736791,3.9483073700494162,3.8664194659257394,4.187312812890613
125.98,3.8071293177386387,3.450685066990822,3.392862501147064,3.983099334639024,3.894036368595387,4.150564940620566
126.0,3.7924581829486366,3.4626208912210337,3.4110346681928854,3.9823759763752893,3.8900971554591623,4.1440231262487615
126.02,3.7480847942319513,3.443582084647324,3.3968951921070203,4.017013667759546,3.9176741282201664,4.107964681559831
126.04,3.7338969429383715,3.453476468806711,3.4150370631206552,4.01615212881558,3.9136413447843372,4.102068326654849
126.06,3.6899410163969164,3.4339820265024548,3.4008649074021333,4.050681440889492,3.9411447293585935,4.064962743515082
126.08,3.676190118663769,3.4434619498354007,3.4190306288008157,4.049712571959706,3.936984261645828,4.0596866690971485
126.10000000000001,3.6326015356471606,3.423570491749959,3.4048877309373116,4.084161337716559,3.964370285072489,4.023120889000273
126.12,3.619248501940747,3.4326952852639185,3.4231366395981944,4.083109446678201,3.9600375002065844,4.0183826935778155
126.14,3.5759983009322927,3.4124666348953014,3.409081340392415,4.117499180881188,3.9872685823493614,3.9822756320270116
126.16,3.563018257529608,3.421296926743604,3.427469048265897,4.116382377199425,3.9827259448114902,3.9779970681427734
126.18,3.520083802396343,3.4007920633307513,3.4135558317432966,4.150728659968216,4.009762704793925,3.9422719269429365
126.2,3.50596186948408,3.4093895937591903,3.4321339900325505,4.149559316258981,4.004971133505593,3.938379219549784
126.22,3.521445469978414,3.3886628214323427,3.4184132536649012,4.183872221090433,4.031772853140228,3.902955948412185
126.24000000000001,3.5063878686911125,3.3970835007255724,3.4372293109672136,4.182657359929527,4.026692167844522,3.899370985387458
126.26,3.520991064923836,3.3761968168748724,3.4861585675081557,4.21694184067364,4.053217188551549,3.864181677781904
126.28,3.50503803434025,3.3845033735587937,3.5038743451900065,4.215683070661341,4.047806438688433,3.860839850013207
126.3,3.5188032463094396,3.363518600149318,3.5518007841435075,4.249938298706447,4.074012567385454,3.825821708956138
126.32000000000001,3.501998325276348,3.3717731457097804,3.5685208036838736,4.250503236702007,4.06823050527835,3.8226637092703273
126.34,3.514971238524129,3.3507516948228453,3.6155433076719423,4.284621782447037,4.0940836897844,3.7877593315401423
126.36,3.4973612997069403,3.3590163594417817,3.631371181916614,4.285004961498791,4.087898118149262,3.783106415299743
126.38000000000001,3.509590878730339,3.338019382233137,3.679301842286135,4.318983015596616,4.113355020035963,3.748346084875671
126.4,3.4912188068226935,3.346355915381327,3.694200933080055,4.319190045227569,4.106714669662033,3.743821850873144
126.42,3.502749277356113,3.325452890287354,3.7412555020253615,4.353027689961863,4.131725268224591,3.7091621207187773
126.44,3.4836690374477626,3.3339294234532026,3.75532052357959,4.353046122913102,4.124589963808482,3.7047248236162553
126.46000000000001,3.494556297239032,3.372761028518067,3.8015898314553658,4.386728193768807,4.149113528091355,3.670127231269527
126.48,3.4748251196501165,3.3800919558360514,3.814904798591762,4.386541534548707,4.141444155768244,3.6657402903483716
126.5,3.4851275352112343,3.4178539264483776,3.8604684965691747,4.420049060180231,4.165441160028617,3.631171692227717
126.52,3.4648046757685003,3.424157315001817,3.8731074527533487,4.419637275377896,4.15719995946817,3.626803949126571
126.54,3.4730995386463865,3.460964862452285,3.9180360253798074,4.452947935415797,4.115591029185297,3.592236767286235
126.56,3.4523241934908024,3.4663458991308835,3.9300642221082565,4.452287904902792,4.108183766824176,3.587855769658213
126.58,3.4602053363150795,3.5023007273082385,3.9744195563462257,4.485376914722366,4.067317803299157,3.553261001464543
126.60000000000001,3.439034071446162,3.506866281675018,3.9876547016718606,4.484443886258642,4.060648716400504,3.5488484223081604
126.62,3.446559199241339,3.542072184799313,4.031387964774153,4.517292904050297,4.020431314586629,3.512561814832432
126.64,3.4250504811593756,3.545930006108247,4.043983704648844,4.516068928655379,4.014409070273956,3.50816277080272
126.66,3.4322719139512525,3.5804920988636737,4.087152118968923,4.548647318683096,3.9747415983751733,3.471838339174364
126.68,3.4104778741165833,3.583735155149361,4.099162133219206,4.547101678146039,3.969269846638121,3.4674459733944305
126.7,3.4174574087748253,3.617743208166279,4.14181386199905,4.512251845601243,3.930067784705069,3.431078454415902
126.72,3.395440197162445,3.62045821453366,4.153283005569562,4.511787495584546,3.9250752200648114,3.4266909507029526
126.74000000000001,3.402240998438184,3.6539957661006714,4.195466250338515,4.476010493721979,3.886267487067524,3.3902803513796553
126.76,3.3800639061505575,3.6562632080864828,4.206440775946511,4.476606764771025,3.881668997246525,3.3859012849264536
126.78,3.3867501867648193,3.6894076096575885,4.248178771499221,4.441805087497857,3.8431736022039122,3.3494530310431223
126.8,3.364477304841335,3.6913018245552727,4.258678726310283,4.443362627806208,3.8370450072720343,3.345091366303462
126.82000000000001,3.371113964958476,3.7241242308464275,4.299996968298798,4.4094376503796235,3.7988877352029453,3.3086083060842033
126.84,3.34880980354133,3.727209017043608,4.310045497279285,4.411848417931586,3.79307378342314,3.3026333089203344
126.86,3.3554619901912957,3.7596956919260998,4.352713900469249,4.378694970879595,3.7551964516067056,3.266207644055116
126.88000000000001,3.3331893843332083,3.762444808401421,4.362215006429567,4.381873945285412,3.7496320946433372,3.260299862822004
126.9,3.3399207039170733,3.7946733625362117,4.404352902996097,4.349406020734849,3.711972119331145,3.22394940833632
126.92,3.3162667932447576,3.79716102372733,4.4133241635805405,4.353260359205088,3.7066060079320415,3.2181283218573875
126.94,3.323197889450386,3.829185054874848,4.391688242220387,4.321385945777044,3.6691157985788387,3.181867554678639
126.96000000000001,3.358688615137929,3.8314607086235632,4.401558524007722,4.325825959927515,3.66390188392922,3.1761508337758992
126.98,3.364571546798685,3.863335597349047,4.38076049590448,4.294456580094441,3.626539283922816,3.201973282801023
127.0,3.399095940896104,3.8654509860823607,4.391465451972594,4.299395828618221,3.621437033331773,3.1949939962621268
127.02,3.404037181440968,3.897224933807076,4.371439912899862,4.26844572537525,3.5841649128787467,3.2196302658802405
127.04,3.4391440433738594,3.899224840440376,4.382913371669206,4.273800649533346,3.57913857921129,3.2114758633752687
127.06,3.4431523931413386,3.930946516614121,4.363593334950497,4.243186990102534,3.5419252627864264,3.2350218515283986
127.08,3.47739937942981,3.932876750525878,4.375767644306833,4.2488771346213685,3.5369453127252077,3.225787109894927
127.10000000000001,3.4805867692360857,3.964579425446908,4.357084937005129,4.218520239476927,3.4978739022166385,3.2483313672714
127.12,3.514082739920633,3.966470185082155,4.369891261365075,4.224468490503514,3.4929814104547536,3.2380968673751345
127.14,3.5165549735784984,3.999684946429622,4.3517767206596165,4.194281653139317,3.4539353551022334,3.25971937540707
127.16,3.549402426211481,4.00146105610314,4.365152926613962,4.200402943732912,3.4491141939672327,3.248575459231644
127.18,3.5512653452461365,4.034586929552266,4.347544731728697,4.170314427207888,3.4100789289103943,3.2693666962653096
127.2,3.5835671393582036,4.0362760908557505,4.361419081914463,4.17654001644549,3.4053182096692574,3.2574042114324344
127.22,3.584912613902722,4.069337598340748,4.3442455990794615,4.146482036555025,3.366284619062649,3.2774549457693114
127.24000000000001,3.616757241826626,4.0709604107209,4.358546160245966,4.152747279423142,3.3615790137181283,3.2647649118148365
127.26,3.6176707612582497,4.103975168571764,4.3417357891650985,4.122656232883122,3.3225436608145307,3.2841657837025218
127.28,3.649140303489656,4.105545537039425,4.35639073424336,4.12890085028888,3.3178936102305023,3.2708390004093064
127.3,3.649700921430037,4.1385247488487344,4.339872203785234,4.09871759181242,3.2788589491812914,3.288070810675037
127.32000000000001,3.6808710170530223,4.140050381563415,4.354810110845398,4.104885948641794,3.2742708455305873,3.2742875056205127
127.34,3.6811430714546063,4.172999334521531,4.338512771467858,4.07455607667562,3.235237147443751,3.2911179648161637
127.36,3.7120741728235673,4.17448219474152,4.353662918721864,4.080597467872338,3.2288148007169526,3.2769533524009966
127.38000000000001,3.7121251178077355,4.207400654846416,4.337517030173951,4.050071567386538,3.189883988853581,3.2934496263627846
127.4,3.742881316148547,4.210351903191326,4.352809685304569,4.0559270241891925,3.1835700438035714,3.2789686377377185
127.42,3.742772032113388,4.243149924214533,4.336754966398323,4.025149948925724,3.1447580813760885,3.2952052625918857
127.44,3.7734175537627763,4.2459403032574805,4.3521283034999545,4.028818222912861,3.13857016288243,3.2804810843968006
127.46000000000001,3.7746551561524853,4.2786122509568925,4.336096445034601,3.997857468588014,3.166152340878563,3.2965310361860283
127.48,3.8051640279955863,4.281243059487175,4.351472955697042,4.001336739084764,3.1586199943180153,3.281641077750179
127.5,3.8062570191312477,4.313785254424089,4.335387263668489,3.970161502402716,3.1849360571130227,3.297579669358483
127.52,3.8366834551570874,4.316242223944934,4.350701988378754,3.973421833901161,3.1761446540415035,3.282591441931581
127.54,3.8376823285575776,4.34863745374915,4.334499249769089,3.9420053841710936,3.201281097283415,3.2984860478028835
127.56,3.868073095935686,4.35090192439271,4.349689328112862,3.945021774690032,3.1913173983181857,3.283464846434471
127.58,3.8690209835785057,4.383128906554868,4.333308598938152,3.913342466451943,3.2153618825074943,3.2993804964681157
127.60000000000001,3.899415585479177,4.38517843980036,4.34831353324654,3.9160951027081126,3.204313856855209,3.284389088888588
127.62,3.900348540687264,4.417212364195731,4.3316964005667495,3.8841365971401354,3.2273550392922687,3.300388152035886
127.64,3.930779515932911,4.419021268619505,4.34645831951273,3.886611083373645,3.2153116764424485,3.285486474568374
127.66,3.9317268285618465,4.450834311807091,4.329549159860954,3.8543625662308054,3.237439004890041,3.3016283521274445
127.68,3.9622200811868757,4.452374140204358,4.344013078717678,3.856550148315952,3.2244900879003544,3.3497398148458353
127.7,3.9632046189986823,4.48393595033764,4.326759313827973,3.824006539187308,3.2457935557470203,3.364687797759619
127.72,3.9937792479331886,4.485175967425221,4.340873392501623,3.825904318153634,3.232028920679844,3.411676435388583
127.74000000000001,3.9948167729458026,4.456789088562423,4.323225743375723,3.7930664644770697,3.252597785589294,3.427157127839013
127.76,4.026920221891169,4.458973817123916,4.272670220948269,3.794677589409536,3.238107208816027,3.4730447953736783
127.78,4.027942551806467,4.431467993977663,4.256026178888529,3.759548462801333,3.2580396281196853,3.4874499124598017
127.8,4.06004919135498,4.434507412633486,4.206373877151285,3.760954797306028,3.2429116410001737,3.5323641091866023
127.82000000000001,4.061066993270958,4.407785274936239,4.190621358660197,3.725572803382925,3.262286430223182,3.5458101737855396
127.84,4.093184743397575,4.411582267387811,4.141763915184477,3.7267877083767806,3.2466103126844486,3.589861875582191
127.86,4.094202485922846,4.385547549606663,4.12680959178075,3.69116770752072,3.2655157138049313,3.6024557040823257
127.88000000000001,4.126333286956777,4.390006164641922,4.078655633584165,3.6922092137441505,3.249379987913652,3.6457464633773573
127.9,4.127349660433068,4.364564065760772,4.0625858977109255,3.6563709407575047,3.2679031827380833,3.657585554595131
127.92,4.15948996588181,4.369589967873132,4.015136226824076,3.657253050781364,3.2513951668550147,3.7002078262432723
127.94,4.160498379795129,4.34310736224382,3.999735221300287,3.621213949361633,3.2677979616751096,3.7113807083217916
127.96000000000001,4.1926396484665025,4.348670289210999,3.9529087251052344,3.6219647608011645,3.2511053820895297,3.753408938427487
127.98,4.195094513119693,4.322652270075281,3.938098420027836,3.5857445422730168,3.2673768349266386,3.7639855667135764
128.0,4.227134113520204,4.328674734917789,3.8918279517548315,3.5863853862537254,3.25056629246251,3.8071247058496884
128.02,4.229443552371886,4.303043157838202,3.8775431452204563,3.5500196243390363,3.2667729453916774,3.817072100131853
128.04,4.261377245641218,4.3094416460555065,3.831767930430904,3.5486224550907375,3.2499162279991034,3.859629060184059
128.06,4.263535485946828,4.2841138725835615,3.8179499409605637,3.512245360659225,3.266120892473406,3.8690263226978936
128.08,4.29534368664309,4.290807774175796,3.77260384730592,3.5108587162908056,3.249271380858494,3.911076016938646
128.1,4.297329651916023,4.265704055242072,3.7591907870218204,3.474506543030501,3.26553650154384,3.919992330330122
128.12,4.328988626215721,4.272615713830016,3.7123857228583605,3.4731680787165127,3.2487544198878755,3.9615999858918123
128.14000000000001,4.330777407100915,4.247659260012792,3.6993926592125015,3.4368713243344873,3.2651399655661226,3.9700952165903542
128.16,4.362259847994939,4.254703752706421,3.652935142294599,3.435614873032771,3.315731680714561,4.011317023098828
128.18,4.363823258179392,4.229812288869887,3.6403268696320956,3.399416498077728,3.3326464297357306,4.019441726680331
128.2,4.395098783530282,4.2369193426299745,3.5941834030782647,3.3982860888981934,3.314596403462026,4.060335660806646
128.22,4.396405779993516,4.212023660910346,3.5819308971910373,3.362241773456588,3.3317123152063086,4.068141527692951
128.24,4.427441503137512,4.2191267080693216,3.5360743718310306,3.361293174030309,3.381235812297068,4.108745797514361
128.26,4.428458911331724,4.1941613760490295,3.5241552138821186,3.3254510756560016,3.3970994152327525,4.117878674048102
128.28,4.459219965539362,4.201197788371743,3.4785652923443817,3.3247335808779956,3.445486320063375,4.15813055894081
128.3,4.459921632278869,4.176101389762739,3.4669639486397954,3.289143109611826,3.460235457675212,4.1668842151215095
128.32,4.43124815467822,4.183012764258451,3.4216272534045853,3.2887080275638567,3.5076153892085844,4.206815284714206
128.34,4.432864071557704,4.157735307794547,3.4084794829739837,3.3248057135953504,3.5213685297394703,4.215226053442961
128.36,4.405031539902186,4.1644757131627195,3.428539090574287,3.3230722112756936,3.5678533984085083,4.254866989534347
128.38,4.40745937256853,4.138954073822848,3.414261342166538,3.3579598408545217,3.580717719124986,4.26295543208288
128.4,4.3803664877580255,4.1454622309058955,3.433259521744084,3.3550517982695496,3.626409355061109,4.3023225385205555
128.42000000000002,4.383505519445239,4.119648164635412,3.4179053165214013,3.3888515304343225,3.638482715416442,4.310102385801732
128.44,4.357052693395023,4.125879193602754,3.435897626669178,3.3848897164460294,3.6834739407679544,4.349205450514033
128.46,4.360804067345268,4.099729452957181,3.4195236876674104,3.417720317351125,3.6948453207011065,4.356684237518231
128.48,4.333407059301003,4.105643635630955,3.436568824050547,3.412822016982721,3.7392202998794533,4.397158630160548
128.5,4.337742789652754,4.079113147054369,3.419235091605428,3.444798497925943,3.7499701686993423,4.404218657674564
128.52,4.3108621996281,4.083110685464852,3.4353948442267854,3.439077136326329,3.7956570159473597,4.444285920344369
128.54,4.315700048861545,4.056250892286067,3.417158181024793,3.470310397635054,3.8057344681771714,4.450942413363854
128.56,4.289238445935954,4.059917567085004,3.432490352085994,3.4638834937837517,3.850795949889032,4.490616109676539
128.58,4.294482431250763,4.032703658975309,3.4134173595587365,3.494489208561333,3.860281801300534,4.496865261694196
128.6,4.268353605557293,4.036016291241415,3.427990182131538,3.487460078842164,3.904794609115699,4.53613988501446
128.62,4.273919543155275,4.00842830525197,3.408150495748321,3.517538588553794,3.9137597439251066,4.5419725853498525
128.64000000000001,4.248040399956918,4.011368756689579,3.4220350091702145,3.5100058270380283,3.9577908063212806,4.51672955212243
128.66,4.253847388055196,3.983391884202574,3.401501030512609,3.539652568022155,3.9662966571385527,4.523560101980968
128.68,4.228138618958797,3.985947287904662,3.414770818086709,3.531709733716633,4.009904206016792,4.499245244519207
128.7,4.234110174735428,3.957572100815528,3.393617482918198,3.5610149517612752,4.018004071637614,4.50698851091986
128.72,4.208496325862354,3.959735095247895,3.4045402607293838,3.5527502880550434,4.061238045785927,4.483516540168223
128.74,4.214559540892667,3.9309577700313416,3.3829398160317115,3.5817885286570075,4.068976765185287,4.492087223987218
128.76,4.1889688056300844,3.9327163707942683,3.393459224229599,3.573276738636194,4.1118788677537985,4.469372911073261
128.78,4.1950545844711105,3.9035276520356237,3.371478376026593,3.602128424444379,4.1211621069706705,4.478685818920092
128.8,4.169419006535572,3.904886836139891,3.381662045736049,3.593447551675595,4.163659107820506,4.456654857936958
128.82,4.175462209466801,3.8736970524910457,3.359368483233733,3.6221959386605143,4.172507212118926,4.46663381630448
128.84,4.149717999923994,3.8747280601955274,3.3692791722099775,3.6134247460975755,4.214635773495336,4.44520032475142
128.86,4.155649055782986,3.843172666351545,3.3467345804118622,3.642136847557894,4.223082166419831,4.455759701302441
128.88,4.129729367399036,3.8438903150966404,3.3564421369363773,3.6333399443324987,4.264870341084108,4.434838703079311
128.9,4.135492809800709,3.8119859214687333,3.3337159245033328,3.6620767590636985,4.2729401145082795,4.445893788527699
128.92000000000002,4.109343678047725,3.8124099262249462,3.3432905818187297,3.6533127012955706,4.314408035823787,4.425401483184138
128.94,4.11488891382558,3.780178210308876,3.3204522728519725,3.6821292101370497,4.322118729332287,4.436868844418628
128.96,4.088461363351666,3.7803333512394324,3.3299642919838943,3.673450471380722,4.363279372926885,4.4167229148607365
128.98,4.09374295144977,3.7478011347982294,3.3070831530564293,3.702395636178658,4.370641718601394,4.428520659132036
129.0,4.066993281796661,3.7477173039062137,3.316602431532925,3.6938486234895356,4.411501628036677,4.408640530135066
129.02,4.070465027988739,3.7149165892782623,3.293747068128451,3.722965429617449,4.41852025719589,4.420688567805626
129.04,4.0434356848351864,3.713036459289863,3.303342718988146,3.71459054359712,4.459080230504091,4.400987247796367
129.06,4.046622829456873,3.680073363751754,3.2805728273682413,3.743916084019771,4.465754340301508,4.4132006351491135
129.08,4.019274331064099,3.6780546486991246,3.290306495876525,3.735747787206189,4.507849953800101,4.393602726029445
129.1,4.022140430791443,3.6449656356466846,3.3337381290501424,3.7653133095640476,4.514046630180517,4.405914998612589
129.12,3.9944475918992404,3.6428465062009447,3.342190167836751,3.757386229241275,4.555672687155333,4.386356387783013
129.14000000000001,3.9969693337365433,3.6096711702238795,3.384421570840004,3.787223426553094,4.561388059129545,4.39869397105368
129.16,3.9689123131197426,3.6074926349017207,3.3917239340895557,3.7814789892199965,4.533926041689824,4.379103110166629
129.18,3.9710717840304324,3.574273832612378,3.4328839180291117,3.8115080466408258,4.540698185560065,4.391395826534982
129.2,3.9426362080189765,3.572080820956479,3.4391695422903066,3.805923177223853,4.514220011583593,4.3717053556025185
129.22,3.944421083387073,3.5388651914214497,3.4793886304907082,3.8361686022869934,4.521959531109542,4.383886621198674
129.24,3.915598280805935,3.5367064404686714,3.48477378071401,3.83076430574876,4.4963755523654285,4.364032366813445
129.26,3.9170020657802542,3.5019614830367423,3.5241648971229576,3.8612436510832824,4.504992737471135,4.376038799655142
129.28,3.886268461218095,3.4999415122861346,3.528751794151284,3.8560341263194466,4.480213251583397,4.355959956084979
129.3,3.88734015780548,3.465307344093697,3.5674129602580646,3.8867582013005406,4.4896183906881015,4.367723782229255
129.32,3.856233593976335,3.4634657266001905,3.571304512619658,3.8817511436119596,4.465553950903789,4.347354631982117
129.34,3.8569782776088193,3.428990399143361,3.6093351432281153,3.9127244343660967,4.475657606431761,4.358820300140022
129.36,3.8255055846697923,3.427375894924274,3.6126270535609026,3.9079215556019937,4.452219244428816,4.338108193227594
129.38,3.8259333419403916,3.3931095664146764,3.65011939302505,3.9391426974306305,4.462932577296817,4.284184980333284
129.4,3.7941065358448594,3.3917727817956798,3.6547085227625575,3.9345401581071697,4.440032215200518,4.264536992808507
129.42000000000002,3.7942331524572968,3.3577673838196866,3.6916528349042066,3.9660107178614186,4.4512678115067,4.211576253697649
129.44,3.762070436494086,3.3567695290076953,3.6956990890314803,3.9616087470449655,4.428819728706011,4.192890159754979
129.46,3.761917522766867,3.386457434455814,3.732189520525018,3.9933154273028313,4.440491952070734,4.14079185168137
129.48,3.729442546124434,3.3844301202636857,3.735782224595426,3.989098804857599,4.418411847671983,4.121264448443881
129.5,3.727521225863137,3.4131699598295966,3.771903001816668,4.021023939857986,4.430436520417533,4.070013558421764
129.52,3.6948269217991734,3.410217745493402,3.775122098317534,4.01697335118683,4.408632199788462,4.0512871666563015
129.54,3.6927064726012655,3.438114329731647,3.8109488232501687,4.051027175618834,4.420919133139553,4.000794191779489
129.56,3.659822081617626,3.4343468524717795,3.813865704121906,4.046988228533022,4.399322444464189,3.9827900576521342
129.58,3.657533558622278,3.4615084968036656,3.8494740488898085,4.081056558089838,4.4118014537701455,3.9329807964642716
129.6,3.624492661642519,3.4570318368362942,3.8521610283420187,4.077008828404669,4.390333307966968,3.9156269881013954
129.62,3.6220715959970464,3.4835632123913802,3.8876085050829694,4.111069850492056,4.402925805489509,3.866434254687853
129.64000000000001,3.588912180029481,3.478479641564982,3.890119263923003,4.106988213439932,4.381509791860783,3.8496659308185257
129.66,3.5863985520517745,3.50448142144408,3.9254557672967993,4.141015679693998,4.394139949357703,3.801029877035088
129.68,3.5531629447424287,3.4988889721891803,3.9278365606485712,4.136870853863348,4.372702627661945,3.7847896832578605
129.7,3.5506010992715282,3.5244574589453825,3.963104668440213,4.170834706941266,4.385297670486252,3.734894642787971
129.72,3.517335840404877,3.518449613987122,3.9653946419148416,4.166593871979828,4.363768860924584,3.719187590641006
129.74,3.514766312593482,3.5436764303101285,4.002436413285406,4.200460839363329,4.376250153242551,3.669749059599388
129.76,3.4799460358287644,3.5373417914084553,4.004546306294451,4.1960967500952,4.354553101234798,3.6545353379849894
129.78,3.477473134918621,3.562313882325917,4.041436507392599,4.229840027807265,4.366855627457124,3.605507767073327
129.8,3.44272836572304,3.555736179411993,4.043404855047972,4.225312802545325,4.344928366935894,3.5907458298540256
129.82,3.4404000699045465,3.5805345257761974,4.080178345042651,4.2588925777508875,4.356991035010181,3.542098797205343
129.84,3.4057801923518807,3.573791484970169,4.082035303602876,4.254160557382398,4.334775601288803,3.5260575936526775
129.86,3.403647035871231,3.5984916993140184,4.118718846786899,4.287535491325228,4.346541488282402,3.477841226614564
129.88,3.369196150503785,3.59165559519279,4.120486729969799,4.282555686874229,4.323972753366936,3.4622187600684384
129.9,3.367302266299889,3.6163276926389676,4.157099587602657,4.315683341918195,4.335379914123746,3.480135357009911
129.92000000000002,3.33307484204614,3.6094650975443203,4.158793464706228,4.312392690804299,4.312409759874003,3.463446323071245
129.94,3.3314746309147756,3.6341733527124953,4.195347989345983,4.3451222934420315,4.253762243769834,3.4803623090565203
129.96,3.3601941534085253,3.6273451078119088,4.196984869592018,4.341370661819035,4.229998520655661,3.4626543274307275
129.98,3.357528850269011,3.6521475075576175,4.23349626070988,4.373657321297903,4.2421773098906295,3.4786114613085193
130.0,3.385266651701295,3.645407540775013,4.235076937531062,4.3693905885641025,4.217927353788744,3.4599279982044315
130.02,3.38165146703789,3.6703558433839176,4.271543908084794,4.401179928341787,4.229646657110561,3.474979156671856
130.04,3.408521643570925,3.663752435580978,4.2748661463834265,4.396354628435936,4.204878893178211,3.4553746179718603
130.06,3.404068794569754,3.6888926424251145,4.311180899834871,4.353597588757211,4.216110311387311,3.469576529497167
130.08,3.4301823621894703,3.6824762862399654,4.314303920966901,4.349839497939685,4.190798291170523,3.4491092448025085
130.1,3.425000722066252,3.70941339855258,4.350460824256229,4.308046901598663,4.201519407865772,3.462522447276523
130.12,3.4504652499484365,3.70312140818131,4.353387770904387,4.305236845582152,4.175641974307171,3.4412546113652343
130.14000000000001,3.444668313769049,3.7302204505268626,4.389383872963277,4.264290962234126,4.185835161826246,3.453943360573148
130.16,3.4695942236803115,3.72409522167751,4.392100464655696,4.260338267894362,4.159376069613924,3.4319409549690256
130.18,3.4632820630132883,3.7513946876956132,4.427917998201916,4.220232142582898,4.099010252712033,3.442260016141145
130.2,3.4877679032204507,3.7454714424211604,4.430394241023516,4.217083490867819,4.073525987813391,3.4196827400909076
130.22,3.4810266851637417,3.773002745942273,4.466002255195494,4.17771498685994,4.014097099794472,3.4294681971216
130.24,3.505158722738698,3.767309567574098,4.468216473327057,4.175269986796918,3.989514112294104,3.4063802017220812
130.26,3.4980804667342227,3.795097090811217,4.503590333351892,4.13654155242282,3.9290044570657194,3.4156972959292453
130.28,3.5219488024238794,3.7896552082730866,4.50551722411682,4.134703904335604,3.90532144836046,3.392155849297218
130.3,3.514620386572808,3.8177167982064426,4.540628975109318,4.096511745127139,3.8456244014943297,3.4010646502515836
130.32,3.538309797061909,3.8125409757862023,4.542240202609504,4.095180989371192,3.8227953826275742,3.3771382533057936
130.34,3.5308125870181963,3.840888258245571,4.577059091965696,4.0574369527994545,3.76386672864073,3.3857084190267304
130.36,3.5544022633771526,3.8359871295636534,4.578323727325202,4.056526327870018,3.7418528523354917,3.361467309640342
130.38,3.5468119752101854,3.86462585505696,4.546825749964606,4.019147098917937,3.683655726065366,3.3697701868498946
130.4,3.5703753395948308,3.8600022865485646,4.549120118278721,4.0185825010410126,3.6624256962311184,3.345286037621656
130.42000000000002,3.5627618442875617,3.88894075440572,4.518573292677938,3.981499069713305,3.675300041415879,3.353394337520091
130.44,3.5863663686152605,3.8861598901080323,4.5217916238304925,3.98120379901176,3.6532375890888775,3.3287393175332167
130.46,3.5787935823124593,3.9153088928013715,4.492101493601784,3.9443427184398994,3.665308940265532,3.3367256825314393
130.48,3.602507376807934,3.9126972008069214,4.496147797133556,3.9442442270671876,3.6405005559388335,3.3119719923852284
130.5,3.595040277000669,3.9420519394136377,4.467209694883343,3.907536956732204,3.651888084131942,3.319901001466406
130.52,3.618917563841462,3.9396020071130526,4.471979804207616,3.907558395471431,3.626366721530397,3.2951113908998555
130.54,3.6116067388914668,3.969151667389456,4.443690983932057,3.8709309669212,3.6371135822788596,3.3030570187209207
130.56,3.635695563804619,3.966850326116002,4.449082679353718,3.871012163184995,3.610923501374562,3.2765913246154628
130.58,3.628585507471967,3.9965785719056623,4.419497052789741,3.834408822212126,3.621076328358758,3.2846890587972704
130.6,3.6529195745829726,3.994407468169638,4.425494733734818,3.8344879149567417,3.5942569048282134,3.2583671813338517
130.62,3.646039853391291,4.024285481360477,4.396433921374355,3.7957879684883924,3.6038560687328167,3.26667611570217
130.64000000000001,3.6706562510737135,4.022213604144797,4.4029456797330475,3.7958940506145717,3.5764503437028163,3.3072938880163836
130.66,3.6640405154248645,4.052216842900292,4.37430830712262,3.7571479771930365,3.5855397166111103,3.3143992855031597
130.68,3.6889697761582254,4.050218269016826,4.38123391618488,3.757244729853684,3.5576031066411384,3.353907671716274
130.7,3.682644701586797,4.080318229505215,4.3529329442216165,3.7184176377772786,3.566239395895146,3.359929301131248
130.72,3.707911160936841,4.0783633140612725,4.3601876705041365,3.7184742039880985,3.537830312932283,3.400127167304952
130.74,3.7018979336882882,4.110084394574876,4.33213932507759,3.6795368656893266,3.5460735822041047,3.4050678875767786
130.76,3.729002700455737,4.108035602468346,4.339650396952083,3.6795282031159937,3.517262439541813,3.4442650304256905
130.78,3.723237402201518,4.139669452993871,4.311781273493344,3.640457352019508,3.5251856178703487,3.4482595146923094
130.8,3.750614425186706,4.1375018316607814,4.319470030184283,3.6403646205289673,3.4960363684142637,3.4865875567305804
130.82,3.745114760048637,4.169013928407792,4.291702619598688,3.6011433011257457,3.5017714649630287,3.4897548236935285
130.84,3.772778378316772,4.16669038877783,4.299494350371275,3.600954031882346,3.4724481942682712,3.5273183692868835
130.86,3.767555657183449,4.198043241238459,4.27175509477257,3.561561769785775,3.4780456600058733,3.529761301860158
130.88,3.795513942343749,4.195524030282429,4.279579217781752,3.559238986551524,3.448605552838456,3.5666691613864807
130.9,3.7905732560718666,4.226677792847584,4.251798688880252,3.519770993495337,3.454115386327927,3.5684925537006644
130.92000000000002,3.8188283820980438,4.2239210849956255,4.259576121435504,3.517374955587754,3.4246072581231393,3.604845562972721
130.94,3.814169085909881,4.254834122063779,4.231678789386111,3.4778328836943375,3.430089805194512,3.6061462198540157
130.96,3.842717771015235,4.25179651080547,4.239348767177048,3.475366753619769,3.4005739752050017,3.6420372822690124
130.98,3.8383338824582194,4.282425800294801,4.2112752329608,3.4357573365693947,3.406090738356264,3.642904166112253
131.0,3.8671677901900905,4.2790628146528755,4.21878184028781,3.433229583891451,3.3766284106812994,3.678418384468937
131.02,3.8630484038674364,4.309364562860451,4.190477634788995,3.3935649124630167,3.382241705004609,3.678932700031605
131.04,3.8921545573728897,4.305631185866284,4.197770047472011,3.3909894889159533,3.352894600649835,3.7141474895008746
131.06,3.8897715617469695,4.335561266518301,4.169185882559069,3.3512871541134257,3.358667166494555,3.714382809332611
131.08,3.919051835858474,4.333008644256656,4.176218616994543,3.3486836363837607,3.3294971149997,3.749375366645602
131.1,3.9167951255692337,4.2969396876625865,4.147318269105522,3.308966832147327,3.3354916903471756,3.7494035375446844
131.12,3.9462389716899464,4.293711664616081,4.154060353876625,3.30636055106334,3.3065602224130783,3.784235249263811
131.14000000000001,3.944096866127345,4.32412101110041,4.124798289783665,3.264618068484503,3.3128391390464333,3.785789378767426
131.16,3.973675135442647,4.321914325375403,4.131207116196639,3.2620989130285962,3.3556135647213146,3.8204262694719726
131.18,3.9716252769552716,4.286054285704355,4.10154583819455,3.2203943902852847,3.360623724981359,3.8217732252407113
131.2,4.001325510262313,4.283014547290861,4.105704524221854,3.217990763760535,3.4022145185424164,3.8562736482574764
131.22,3.999345872562849,4.2479228063080114,4.0757111825927,3.176347320463339,3.4060875457074866,3.8574676521517044
131.24,4.029129424051199,4.24560836009448,4.079538987340963,3.1740834480484272,3.4466232384711093,3.891881793621582
131.26,4.027179950892192,4.211173818353792,4.049196259865994,3.132534934055883,3.4494840458444846,3.892969012201501
131.28,4.05701260289163,4.209485075084292,4.052677317294812,3.1304468808620527,3.4890863496965143,3.92733904902714
131.3,4.055058276686831,4.175610681972997,4.021972947564931,3.089031211525899,3.491053096316173,3.9283579190379228
131.32,4.084903022667571,4.174452110943891,4.025096661522437,3.087158914754762,3.529836856133956,3.962718468254428
131.34,4.0829063528359795,4.141045050500467,3.9940237571543133,3.0459179256885194,3.5310208471773357,3.9637001258454787
131.36,4.114216544549036,4.140325404718489,3.996785007460113,3.0443049920174285,3.569093971117243,3.998078649246698
131.38,4.1120376050792915,4.107305542551194,3.9653422354983157,3.079305225581319,3.56959958604209,3.9990549188792746
131.4,4.1431616146126595,4.1069448844806,3.967741613254216,3.076283279511349,3.6070622951399156,4.033478084088494
131.42000000000002,4.1407608323954035,4.074227664912299,3.935932601683498,3.109962301306218,3.6069857144509734,4.034465449749839
131.44,4.1716591028372925,4.074143185621214,3.9379749899410257,3.1056502427359725,3.643930610070147,4.070615617011023
131.46,4.168994849851209,4.041649044380625,3.903937108464622,3.1381263980836027,3.643361258297374,4.071511710069939
131.48,4.199635089951616,4.0417629941106314,3.905701954295398,3.132632819860846,3.6798818488286376,4.107589116821017
131.5,4.196671572797811,4.009406988518599,3.87134080194832,3.1640160817231666,3.6789081881977017,4.108408441093033
131.52,4.227009579177732,4.009638042097317,3.8728426038148513,3.157457190685086,3.7150822125678977,4.144424706626065
131.54,4.223701143420832,3.9773521433141377,3.838174346683134,3.1878630572554316,3.7157245397038445,4.145174766803339
131.56,4.253691953559444,3.977634270635429,3.8394322523579514,3.180352773618159,3.7515234367628842,4.181146111899826
131.58,4.24999247714284,3.9437369674305818,3.8044778939567916,3.209902283700474,3.7517870309310597,4.1818370116412344
131.6,4.279590988675506,3.944074780782272,3.805507498938551,3.201560973793706,3.787291367924457,4.217760274795353
131.62,4.2754465584700245,3.9101642389852165,3.770286068951566,3.230363361800272,3.787252430551324,4.2183854810726835
131.64000000000001,4.304599580102345,3.910507636599206,3.7711166093884882,3.221298030172417,3.8225343047086464,4.254252171824665
131.66,4.299965563402164,3.8765354180822293,3.7356593309088444,3.249459374292738,3.822260590368152,4.254800048484768
131.68,4.328629825121177,3.876839558401093,3.736324862192057,3.239773620388845,3.8573836993714954,4.290596930863467
131.7,4.3234623168427095,3.8427626525550806,3.70066783823875,3.2673964571138967,3.8569347254977804,4.292742922927041
131.72,4.286666839914337,3.842988274895497,3.701207170139968,3.2571900742072275,3.8919545988505635,4.328357658329378
131.74,4.28237179446255,3.8087697886973246,3.6653913047822555,3.2843729881985952,3.891390253544139,4.3302707234790345
131.76,4.246378760450487,3.8088844224386316,3.6639378575102928,3.273741574771688,3.9263609943500386,4.365686278437781
131.78,4.2428504003260175,3.7744937927345634,3.6280997249341165,3.300570982876997,3.9257237923131334,4.367348063266626
131.8,4.207556458588312,3.77446030160684,3.626648194843317,3.2895966417787967,3.960684245891734,4.402542739563769
131.82,4.204693010264445,3.739864052202921,3.5908291334666127,3.3161629948666795,3.9600094255035287,4.403930498170005
131.84,4.16999894381833,3.7380482781870863,3.589422464235571,3.3049327792578738,3.9949913318087162,4.438878555801941
131.86,4.167702766124061,3.703309444352842,3.5536584670909566,3.3313213558741706,3.9943073127865265,4.439965841093133
131.88,4.133504211078027,3.701351588399553,3.5523359530495906,3.319916957653596,4.029335709052812,4.474638167735511
131.9,4.131674158507172,3.6664593461198827,3.5166748175654403,3.3462075064545513,4.028664456835652,4.475395423751831
131.92000000000002,4.097881687324756,3.6643502986911303,3.515485942117817,3.3347050058519336,4.065695716445718,4.509760071813472
131.94,4.096430071522347,3.629299142435816,3.4799781657518145,3.360971569632391,4.064921970459495,4.510166333092442
131.96,4.062959179004353,3.6270353126985704,3.4789750820054213,3.3494503027431675,4.101872409663384,4.54419807602667
131.98,4.061803352731194,3.591825347445184,3.443673529963368,3.3757678383612055,4.101018071358083,4.54421753809513
132.0,4.028574823114331,3.5894088758895366,3.4429107468613958,3.364290816762918,4.137906448492586,4.509269318884731
132.02,4.027637445085202,3.5540460114497274,3.4078703504098047,3.390720259261368,4.136985814336532,4.51038016553042
132.04,3.9945779928698193,3.551484965241648,3.4074043036302792,3.379344586307194,4.173824021723052,4.4764361064854805
132.06,3.9937881130583164,3.515981088450419,3.370755100502126,3.4059408559614286,4.172845124341772,4.47853187960817
132.08,3.959260287261271,3.5132896342581814,3.3707052363260326,3.3947073689933225,4.2096386845248706,4.4454864369025024
132.1,3.9586154897988357,3.4759663613244745,3.404695867166172,3.4215114936503253,4.208602867086052,4.4484542404665985
132.12,3.924161564851533,3.473202820408421,3.4035471579613357,3.4104658953454408,4.2453509350620475,4.416196971970844
132.14000000000001,3.923597157607856,3.4357672052604,3.436523265326783,3.437520756972169,4.2442535174281515,4.419936141420639
132.16,3.889155388293016,3.4329534314147017,3.4343861065662624,3.426702155952228,4.280949573829058,4.388367272322805
132.18,3.888621652171179,3.395429219287149,3.466456538269444,3.454044640660159,4.2797805486852285,4.392779818873873
132.2,3.854144047304046,3.3925918713568177,3.4634376558697095,3.5207120600724955,4.316413111621681,4.361802345686168
132.22,3.8535967853233393,3.3550077169250763,3.4947075407134016,3.5466605286048427,4.315157119794247,4.3667932900145505
132.24,3.819040973856509,3.352178285323957,3.4909091118392475,3.6119890249159705,4.351708984467564,4.336313252321574
132.26,3.8184417634213768,3.3145677269796803,3.5214786817279378,3.6366534926502023,4.352273806039582,4.341790838439349
132.28,3.783771256492885,3.310159101218757,3.51699840580809,3.7007497263294176,4.388617313046919,4.3117265870044985
132.3,3.7830877103295624,3.2726347759332914,3.546956684583029,3.726164529873675,4.388916646908177,4.317612185918009
132.32,3.7482628847901704,3.268334002234675,3.541879925893857,3.711573996214536,4.425042568149355,4.287875342854141
132.34,3.745887117783783,3.230931475202504,3.57132796603215,3.73745137782175,4.425067745271636,4.294083121260147
132.36,3.7109631054606194,3.2267697052603173,3.5657546433908975,3.7233094291068705,4.460950493721953,4.264580729087986
132.38,3.7084869476788365,3.1895210573726187,3.5947804209519707,3.7496561938081734,4.460675247461271,4.2710198191720075
132.4,3.6734475537108104,3.1855392427769784,3.5887956280683655,3.7359671173880917,4.496285645818596,4.241672125334298
132.42000000000002,3.6708566102384546,3.2157540017073054,3.61935670345931,3.762784393841761,4.495680398790809,4.248265711108054
132.44,3.6356910740029997,3.210483033758431,3.6129235709779715,3.7495555671492697,4.530986340843224,4.218997230753818
132.46,3.6329759412087235,3.2395035884132484,3.6431034632234636,3.776848726489582,4.530018993806802,4.225672943418033
132.48,3.59767785727753,3.233058260035607,3.636314149509403,3.7640717862526887,4.564986185523245,4.196412705237918
132.5,3.5948344551114526,3.260990786524144,3.666201152014735,3.7918298332007896,4.5636226667793975,4.203102860364636
132.52,3.559403456479638,3.253476907396737,3.65914115721201,3.779491572300513,4.524757056808826,4.173784652973423
132.54,3.556433828150432,3.280426529354878,3.688816747970742,3.807698958191394,4.524588500972429,4.1804270290544085
132.56,3.519284944423393,3.271948801965921,3.6815646620910725,3.795782050468694,4.486825639913417,4.150990609020582
132.58,3.516250435946776,3.2980113146097656,3.7111033929479413,3.824419906373515,4.487741589634708,4.157518388940047
132.6,3.4789916450619356,3.2886665062961975,3.7037307657701883,3.812903146560171,4.450971932947972,4.127900019201434
132.62,3.475904254655692,3.313944450887856,3.733200127045103,3.8419485558201263,4.452864313208475,4.13253561226647
132.64000000000001,3.4385493914539755,3.303834473931107,3.725771446452701,3.830806832904942,4.416980680814563,4.102780369282592
132.66,3.435418290753805,3.328428261670801,3.7552319662958027,3.8602332543598536,4.4197344225782915,4.107271540847881
132.68,3.397979802317823,3.3176527537615215,3.7478047168023796,3.8494379533473535,4.384624547986129,4.077338666567238
132.7,3.3948273527537665,3.341660223616633,3.77731001212464,3.879215576616477,4.388138155530187,4.081646036022633
132.72,3.357329660766462,3.330316174634634,3.7699347461880706,3.870725974224388,4.353701504068999,4.051499530591361
132.74,3.3541833052618375,3.353832302666581,3.7995316243034725,3.9007179819696387,4.35788878608314,4.055588654769484
132.76,3.3166559737182153,3.3420137069440323,3.7922611385697875,3.8923794832122436,4.3240378295554605,4.025197637129712
132.78,3.3119508482839226,3.365130234543895,3.8219996152882802,3.9225530312959154,4.328802317082164,4.029039328506112
132.8,3.2745017564460057,3.3529201420433927,3.814869478193241,3.914331772059088,4.295441713666535,3.998367878870221
132.82,3.269894859717036,3.3757169387814563,3.8447816497740708,3.9446503359907874,4.300690602179524,4.001929693591076
132.84,3.232557033590462,3.3632030543112634,3.837821099491379,3.9365090181672935,4.267728666939956,3.9709582533981536
132.86,3.2280831012050255,3.385765119186646,3.867932954531853,3.96693287466408,4.273372958227722,3.974222491682362
132.88,3.190893245499638,3.3730309469580586,3.8611652096772464,3.958831334848611,4.240721926538941,3.9429372001798595
132.9,3.186590804214731,3.3954388991334024,3.8914969167091185,3.989318124271434,4.2466767986941045,3.945891971612056
132.92000000000002,3.2160965890046205,3.382563421886495,3.886815606255655,3.981213873418202,4.21425313519865,3.9142848652890514
132.94,3.210504676495495,3.4048925251822055,3.9172845273050823,4.011727654588476,4.220438200629136,3.9169235543946432
132.96,3.2388066959532447,3.3919566095750886,3.9127054736393796,4.0035857851140015,4.188162913964894,3.883207389253477
132.98,3.2320305424541242,3.414285113114206,3.9433301442639563,4.034079017166862,4.194502587703037,3.8855952661141924
133.0,3.259225779781297,3.4013557799694754,3.938868548349779,4.0258523614073685,4.16229227558078,3.8515792533568494
133.02,3.2513635917872215,3.4237472977787635,3.9696605308955037,4.0562764447959685,4.168705754550485,3.8537203635575947
133.04,3.2775569121049704,3.4108864866268256,3.9653248341782947,4.047916972849058,4.136491992661813,3.8194103217470086
133.06,3.268713192266817,3.433399512276714,3.9962890958571773,4.078222588051644,4.140950113718016,3.821313682981685
133.08,3.294008315284597,3.420663962405667,3.9920814665585542,4.069681812314425,4.108777979092216,3.786711788522808
133.1,3.2842863380753595,3.4433517481745928,4.023216879545206,4.099811111827493,4.1132647314284325,3.788381828280721
133.12,3.308785434133957,3.4307928470135365,4.0191337132247575,4.091031284994744,4.081080446932162,3.7535047868473517
133.14000000000001,3.2982867938231264,3.4537032845387605,4.050433523555527,4.12093599641381,4.08554340045557,3.754961395663195
133.16,3.3220901116568924,3.44136696276054,4.046465855256795,4.111870107859031,4.053297759571246,3.7198311791342835
133.18,3.3109144127327848,3.464542509843504,4.077918208734084,4.141502359406632,4.0576892149712345,3.7210994591520414
133.2,3.3341199353634337,3.5208875683328014,4.074052331939095,4.132103969442765,4.0253378747577875,3.6857433148310115
133.22,3.322364388611975,3.54285329458409,4.105640348823003,4.161416607912576,4.029615063582918,3.685063969297421
133.24,3.3435313169787926,3.5980912124503956,4.101857188584954,4.1516401484087755,3.997118743518524,3.649601054476687
133.26,3.331370688853867,3.618944026522148,4.133559648529429,4.180587025349805,4.001235400926685,3.6488285104824327
133.28,3.352195643425084,3.6747386647918425,4.129836678639594,4.170388072070038,3.968550335064878,3.6132816062474147
133.3,3.3397067693312574,3.694456711780746,4.163489218566542,4.200962293599113,3.972474710007955,3.612449571660697
133.32,3.36181671779098,3.7491717002146796,4.159684096761532,4.190173798967428,3.939583745238176,3.5768544485416287
133.34,3.348990583189132,3.767874304839767,4.193267347481231,4.220165372683026,3.9432984812882053,3.5760084595981487
133.36,3.3692916211627106,3.8216253766952164,4.1893642448453905,4.208743128632883,3.910178467257943,3.5404136378854534
133.38,3.356302737815315,3.8393923358296465,4.222850759300345,4.238110496016308,3.9136624400336006,3.539586571639028
133.4,3.378043650420549,3.892254887741079,4.218819673528909,4.2260124231956535,3.880296250060441,3.5040257134191153
133.42000000000002,3.3648678074709575,3.9091727612301685,4.252178741053129,4.254716227676438,3.8835343582621187,3.5032706612981603
133.44,3.386486656421731,3.961230081703001,4.247986747103732,4.241902660375045,3.847895319547352,3.466035733285658
133.46,3.3732008690618818,3.978967083548159,4.2811851566911585,4.269906125012089,3.8509526238399827,3.465447677366406
133.48,3.3947621551098237,4.030186347881837,4.276805051707657,4.256329277382462,3.8150663241122658,3.4283503022464177
133.5,3.3814378054400156,4.047069626618023,4.309816082781367,4.204289508538814,3.817930109476968,3.42797107177764
133.52,3.4030186543381897,4.09751635611539,4.305209128080369,4.191714682274788,3.781796002254284,3.391054295938021
133.54,3.3897225860191833,4.113607662403244,4.337994925649161,4.138513867367071,3.784469717301037,3.390927651962209
133.56,3.411386418600804,4.163337210974827,4.33312224823317,4.126907959732481,3.748083973157781,3.354236482832769
133.58,3.3981801784174297,4.178688452136548,4.365633454355572,4.074572280024156,3.750565991995338,3.3544078123638332
133.6,3.4199850553677096,4.227746901017604,4.360446282842707,4.063842510941633,3.713938816452504,3.3179888142477925
133.62,3.4069246871807564,4.242401049895388,4.392644989533333,4.012280819802295,3.7162428114886916,3.318504803816701
133.64000000000001,3.428923136176748,4.2217960491598925,4.387103968929834,4.002340043434733,3.679389468027837,3.282405831205798
133.66,3.4160590276678913,4.237309210504524,4.418952276290116,3.9514669588603715,3.6815341460269138,3.2833141374720842
133.68,3.438298335032415,4.21914917760491,4.414925396957282,3.942234000692147,3.6444750134594615,3.3186172898551454
133.7,3.4933064409101897,4.235397587506338,4.373714512187345,3.891978159138973,3.646484142076736,3.318370530143357
133.72,3.514330209883967,4.217925277668801,4.3688653130207005,3.8833877370802123,3.609244166507534,3.3526078643652917
133.74,3.568226217693692,4.23487223918974,4.401396564955533,3.83366827863512,3.6091265968803943,3.3513209696642745
133.76,3.588142877048211,4.218030065582536,4.397916448540133,3.8256426368008594,3.5718335741588887,3.3845970894715554
133.78,3.6410282533552625,4.235617966247381,4.357110250921352,3.7763906965509,3.5716801457321137,3.382371312632251
133.8,3.6599351016393533,4.2193659308053615,4.35265265904904,3.7667925125036756,3.534362008099321,3.4147963647427835
133.82,3.711900633361064,4.237552324388453,4.312804588892558,3.7180406445684877,3.534193589947761,3.4117392968596585
133.84,3.7298846746262337,4.221827834685134,4.309259207848128,3.708921801310226,3.4968717840763355,3.4434188713750364
133.86,3.782512572674354,4.240550781870595,4.270254284678336,3.6606222001660718,3.4967218411020986,3.4396333208279195
133.88,3.7995410394232247,4.225309904323029,4.267519837380317,3.6519362360816916,3.459431749365807,3.470674792221351
133.9,3.8512627348309643,4.244522396020142,4.229259435758934,3.604046673700538,3.4593373655398887,3.4662659016059627
133.92000000000002,3.867418960943563,4.229708195462341,4.227238649851533,3.595752893737359,3.422117858576036,3.4967639081406214
133.94,3.9183138548380083,4.249352401876207,4.1896282828676945,3.548237067307757,3.4221196493632275,3.491823301611135
133.96,3.9336705866772257,4.2349067014946575,4.188228007035216,3.540300799677025,3.3850128853065766,3.5218673723364287
133.98,3.983807765732346,4.254923650040504,4.151177488493571,3.4931285828004666,3.385154713066658,3.5164814625256957
134.0,3.998427979266516,4.240787388388126,4.150308911739395,3.485521442742143,3.3482058399501073,3.5461558092522227
134.02,4.047867101930331,4.261117324545332,4.113732579418089,3.438669137068535,3.348534539006094,3.5404056129995443
134.04,4.063336856795148,4.247230905279998,4.113311461964383,3.431369289824541,3.3097567843561815,3.569788956101511
134.06,4.112037759822504,4.267821102333872,4.0771284122129545,3.3827090518618608,3.3103841189719105,3.5637458815167014
134.08,4.1267491158931495,4.2541326129645,4.0770753659389385,3.3757506729119084,3.271861033072872,3.5929080206898254
134.1,4.174764038172527,4.27492150979642,4.041195700481817,3.327359923521127,3.2728167840421816,3.5866418683908523
134.12,4.188765845530768,4.261369975143839,4.041424752745369,3.320733541229836,3.2345898257744463,3.615650168560727
134.14000000000001,4.2361379433783295,4.282296273148114,4.005778455497645,3.2726039701781646,3.2359155961409094,3.609224988237172
134.16,4.249470343679467,4.2688211177504405,4.006221254350405,3.2663052144341282,3.2740086736057568,3.6381410588742673
134.18,4.2962345759512495,4.289824090131014,3.970743823732189,3.218433809687107,3.27406264229509,3.6316145658673866
134.2,4.308929884025061,4.276365569852274,3.971337618071705,3.21246307197436,3.3109730866280667,3.6604931963421543
134.22,4.286767466933744,4.2973854103494595,3.9340274347868296,3.164851242780131,3.3098681300242787,3.6539168924571537
134.24,4.300356107824426,4.283885366729868,3.9347902438636417,3.1592049573495635,3.3457069704460523,3.6828076757650576
134.26,4.280600000884883,4.3048550551836176,3.897575147061221,3.1118527238463476,3.343552247460615,3.676228350920769
134.28,4.294954753028383,4.291255197159569,3.8984600275966432,3.106541862919739,3.378426759189248,3.7069124389834407
134.3,4.275905196557069,4.312125837845538,3.8612944353809735,3.0594620810501003,3.3753275355191383,3.700265985400232
134.32,4.290983732178879,4.298371206278159,3.8622594857086976,3.052399690488293,3.4093479825954134,3.7309245016699086
134.34,4.272597532107329,4.319087924512733,3.825102968973059,3.086408507080721,3.40540110260759,3.724259377695694
134.36,4.2883436710064196,4.305125356340436,3.8260974647673844,3.0779497685661754,3.4386558892055143,3.754937030634433
134.38,4.270563569996579,4.325635118308625,3.788902642820909,3.1106486319256503,3.4339570891901747,3.748294377544973
134.4,4.286919124887665,4.311413309370957,3.7898943981675175,3.100879788843786,3.4665403385396085,3.779028709830281
134.42000000000002,4.269686123091262,4.331664989833041,3.7526309820034967,3.132355329789502,3.4611810429741037,3.7724426460778915
134.44,4.28659126504387,4.317134733223789,3.7535934693728064,3.1213628084452156,3.4931825116799913,3.803264389175842
134.46,4.269844980815464,4.337079481466003,3.7162369118756375,3.1517016783139375,3.4872496681844494,3.7967623106572606
134.48,4.287238605827021,4.3221939712053,3.7171494303023853,3.139571978333897,3.5187545735939323,3.8276957021605362
134.5,4.270917636729348,4.341785438129121,3.6796810930963177,3.168860729411351,3.5123304999266582,3.8212986160690745
134.52,4.28873773067872,4.326500490341716,3.6786087483532666,3.155680288066786,3.5434193675088994,3.852361746158085
134.54,4.272780010204792,4.345695047061062,3.6411121508321203,3.1839966519450504,3.536581619388748,3.8460846316615394
134.56,4.2909640075493725,4.329957616187757,3.6400135204110833,3.169845195160345,3.5673301151500083,3.87728981218769
134.58,4.275307154036936,4.278401633136594,3.602481241879672,3.197275574175795,3.5601512868053398,3.871142001116087
134.6,4.293792235853434,4.263734582939536,3.6013509226742064,3.1822393604427526,3.5926347203876534,3.902496150279634
134.62,4.278374305322585,4.213151802340758,3.5637811155551313,3.208869461206908,3.585054800368615,3.896491089705795
134.64000000000001,4.2970986695678235,4.199457004287927,3.5626188911164705,3.1930418180828455,3.617197409590113,3.9280061916876106
134.66,4.2818585637582505,4.149751247687404,3.525014512687859,3.2189655857971973,3.6092975596560626,3.9238752489430655
134.68,4.300760829103345,4.1369363369108685,3.523825129899522,3.202430254658177,3.6411767147011878,3.9554550684717094
134.7,4.285648021305772,4.08801723964921,3.4861941702508186,3.227730437441156,3.6330390983289864,3.951344555251516
134.72,4.304675609946736,4.075995898677001,3.484987424048177,3.210570073612468,3.6647338830381915,3.982986294120985
134.74,4.289629055180307,4.02777924281487,3.4473428522912157,3.2353281540131027,3.656424336844,3.9788912337164577
134.76,4.308720890643446,4.016471445762887,3.446133596922846,3.217624115642913,3.6879967834415543,4.01058682507313
134.78,4.293680746631694,3.9688793254601404,3.408493387899507,3.2419200287016814,3.679574277990708,4.006497200708883
134.8,4.312777054042095,3.9565064676900574,3.4073015567387017,3.2237520188921622,3.7110796445330356,4.038233758700401
134.82,4.297684953205677,3.9095489199222597,3.3677073195521086,3.247663822621768,3.702596363429893,4.034135049100666
134.84,4.3167194135366245,3.897785451478316,3.3666122750071734,3.229101277504494,3.7340832416175735,4.065895404216561
134.86,4.301510055994804,3.851389087764093,3.3270693378375045,3.252695022013108,3.725584657942577,4.061769062282664
134.88,4.320427172891969,3.840165442621806,3.326094972108782,3.233814031405383,3.7570950129605007,4.09353220872617
134.9,4.305046735106838,3.794275138678845,3.286628476425713,3.25716368030749,3.748620072471348,4.089356176929793
134.92000000000002,4.323792957883716,3.783538312012446,3.2858020474390246,3.238037677454962,3.7801895625576996,4.121097857137439
134.94,4.308189760617094,3.738105156845123,3.246440646495921,3.26121434533963,3.771770944113268,4.116847096912019
134.96,4.326713840885489,3.7278084449315068,3.2457927769728956,3.2419138066978954,3.803429148239988,4.148540277655933
134.98,4.310838643744267,3.68110644288795,3.2065685229494942,3.264985474846529,3.79509350792714,4.144187229353821
135.0,4.329091861498361,3.6712635660024078,3.2061248848780046,3.2455776313966544,3.826864184911731,4.175802554086519
135.02,4.312887953444219,3.624944523178336,3.167066482224178,3.2686088381652305,3.8186324300046817,4.171317572201985
135.04,4.330815884585203,3.615523077073344,3.1668640914620636,3.2491573397264473,3.850533803583719,4.20455491402956
135.06,4.314240316217758,3.569556260978008,3.128010017738067,3.2722089318395122,3.8424213905486875,4.199790488948277
135.08,4.331809018137948,3.5605293395990114,3.126175513001276,3.252773663253099,3.8744744472401287,4.232751840757846
135.1,4.314830719311929,3.5148897125927814,3.162332960518609,3.2758918858393637,3.866497753042797,4.227678112475189
135.12,4.331999995738153,3.50622425309928,3.159206042869164,3.2565201290241834,3.898709190081466,4.260333810100957
135.14000000000001,4.31458120987913,3.460881981837113,3.1941556822179784,3.2797578633956075,3.892850803300785,4.254919069351914
135.16,4.261709012592087,3.452561873938259,3.1898358405063685,3.2605014828304477,3.9251203485928396,4.287249555515796
135.18,4.245367854692375,3.4075034633399075,3.2236762334419415,3.283916321545914,3.919275886012955,4.281470678730422
135.2,4.193476359685656,3.397826737607046,3.2182607879847853,3.264829522135174,3.9516091631208448,4.31344279025168
135.22,4.178119278353249,3.353121758837603,3.251080389857417,3.2884645744090513,3.945781839598024,4.307264995028616
135.24,4.127106968123076,3.3437993559754196,3.244658457986832,3.2695893533234384,3.9781788440343235,4.338844848392425
135.26,4.112635687968106,3.2994445883003345,3.276551623689265,3.2934833342133287,3.9723664558502363,4.332232830577194
135.28,4.062417972145972,3.290474977156338,3.271141461330497,3.274857242520066,4.004821954859041,4.363386167004107
135.3,4.047121065827891,3.3178061724346213,3.3021127521625417,3.299054490135894,3.9990173797738215,4.356304524564462
135.32,3.9976963740985263,3.307591899953615,3.293880154408372,3.3631538159849956,4.0315214700057505,4.38698830842158
135.34,3.983164188416466,3.33375220400948,3.3241192080460435,3.3858611746064016,4.0257125818985315,4.379394709772298
135.36,3.9344628227835083,3.3223541417568154,3.317082994944491,3.4506768048354752,4.058249916771096,4.409576264478913
135.38,3.9206278950703317,3.347404612975459,3.3465865309437115,3.4718509769273407,4.052433002328138,4.401437213289262
135.4,3.8725860602431252,3.3349048719182415,3.3388412825977603,3.535194234234214,4.08499480963661,4.43108469859488
135.42000000000002,3.859386899715033,3.3589298250208444,3.36771426909253,3.5549617058046126,4.079147690401392,4.422367757870986
135.44,3.8119470282462165,3.3454018358974076,3.359351229101472,3.6169552434732575,4.111710150554562,4.377842209408341
135.46,3.799328556782852,3.3684757110713197,3.387683880009766,3.635428620330835,4.105808198499151,4.370156156261652
135.48,3.750815180654546,3.3539943373175314,3.378790430714224,3.6961814153070853,4.138345613607008,4.326594421353326
135.5,3.738781619954834,3.3761846943133857,3.406668924218786,3.7134606191166073,4.132363125054493,4.319830034073678
135.52,3.690779633872667,3.3608193405186038,3.3973282083734726,3.7730692768119978,4.16484810385912,4.277124818144208
135.54,3.679291316690587,3.3822031532799537,3.4248342880087397,3.789242732281251,4.158757398746805,4.271186367650213
135.56,3.631762811545417,3.366031177493202,3.4151249107582196,3.8477926608639583,4.19315701586147,4.2292448659625155
135.58,3.6207856022835334,3.3866861074732446,3.442335665539232,3.8629383634339414,4.18679435075287,4.224050903480038
135.6,3.573698355595648,3.3697855080629617,3.432331470411802,3.920514104825869,4.2209273870274115,4.182795551605874
135.62,3.563203946713251,3.388128264642289,3.459319078562834,3.936792467540178,4.214266055188776,4.178258603160498
135.64000000000001,3.5165316756873866,3.370671335033758,3.4490792584571657,3.993334280370272,4.248118532367096,4.137605136108304
135.66,3.5064878977274243,3.388509530697761,3.475912027373211,4.008552336595108,4.241139620522768,4.133642837545683
135.68,3.4602020623168714,3.3705633486402444,3.4655112832369106,4.064129742061981,4.2746810875774255,4.093512284669055
135.7,3.4489408649691757,3.3879641839420276,3.4922506728006644,4.078354013371042,4.267352294266259,4.090047503537665
135.72,3.473506087379375,3.36958724755835,3.481747078243261,4.133026526028968,4.30055111433811,4.048543703334223
135.74,3.4611189504609956,3.386610448891849,3.508449155491937,4.146313781572569,4.292839159839786,4.045563460089517
135.76,3.484615961597434,3.3678681671501427,3.497895352966809,4.200131814775436,4.325652769144807,4.0044638384251225
135.78,3.4711493520395207,3.384579305739732,3.524610712309014,4.212530069485083,4.3175156324085595,4.001905327448007
135.8,3.4936331030582015,3.3655361158740815,3.514053950967094,4.182292386462189,4.349912339366373,3.961148825766496
135.82,3.479142466586606,3.381999768621003,3.540827718691623,4.195681581918428,4.3413175930234855,3.9589541972281967
135.84,3.5006698614905067,3.362718957558488,3.5303103783330028,4.166376060382436,4.373266968489479,3.9184848447181797
135.86,3.485212637965127,3.378998462495501,3.557183094554705,4.1807018193673615,4.364182721718327,3.9166014573376167
135.88,3.5058424633109286,3.359541889862524,3.546742545209672,4.152273804202502,4.395654351354078,3.876368535308458
135.9,3.4894780055667067,3.3756990639496647,3.573749098748171,4.167480402889646,4.386048997470442,3.8747491103628855
135.92000000000002,3.509270834247675,3.356126882214629,3.56341720324177,4.139873879545409,4.417012903656816,3.834707310969338
135.94,3.4920602996611327,3.3722217276432596,3.5905869980478937,4.155904451314293,4.406855473518148,3.8333100844878074
135.96,3.511078366124945,3.352592090942318,3.580390263258601,4.129062259432189,4.437282453691254,3.7934196701683134
135.98,3.493084578817706,3.3686824984103887,3.607747382669072,4.145859010458913,4.4265429375198675,3.7904299111227964
136.0,3.5113916239049563,3.3490512740016976,3.5977071408760217,4.119723067970123,4.377527760300619,3.750746237510973
136.02,3.492670817983368,3.365192730109891,3.6252705411519033,4.13722750067488,4.367928465754377,3.7479581595004303
136.04,3.5103229932825255,3.3456131735396757,3.6154031578694377,4.11391124173246,4.319986400101282,3.7084548251168457
136.06,3.490941349905343,3.3618584065451445,3.643186887051989,4.131964570700333,4.311435470657485,3.7058435504226996
136.08,3.5080053563249716,3.3423808997971283,3.63351350883129,4.109128264115877,4.264478778355575,3.6664988037828983
136.1,3.4880300584714257,3.3587796883559817,3.661534196047955,4.127672273585482,4.256877681710289,3.6640442813257765
136.12,3.502980810142595,3.3394515786834975,3.65206067051005,4.105257663426241,4.21081092477245,3.624841213850536
136.14000000000001,3.4825674680529835,3.3560436046450772,3.6803221300729025,4.1242330235650435,4.204065896811116,3.6225204569520018
136.16,3.4971275051761346,3.336901211557161,3.671050162256263,4.102180924022099,4.158798578518532,3.583438260204616
136.18,3.4763347197184626,3.3537305696736928,3.699552110522855,4.121527499381472,4.152820789198136,3.5812415529699155
136.2,3.490562842843831,3.4074594639796696,3.6904795269689146,4.099778208111026,4.108267462922756,3.5422737234168005
136.22,3.4694491123527262,3.422945053785708,3.7211017489770333,4.119435472319036,4.102973246202442,3.540196390940327
136.24,3.4834035055363834,3.475398577340021,3.7120964449304683,4.0979416870287535,4.056985785765425,3.5013414581454865
136.26,3.4620259160550275,3.489661890307965,3.7428028548923558,4.117858953189494,4.052372206621878,3.499375057816634
136.28,3.4757640953623983,3.5409587794450434,3.7338638400750006,4.096547298498164,4.006975343661942,3.458786371067705
136.3,3.4541794441268423,3.554102504409855,3.7646515322862917,4.11665320426533,4.002974447186945,3.4569957870970818
136.32,3.4677505759201943,3.6043421861790725,3.755773218038723,4.0954642496477955,3.9580923416996345,3.4165317826081556
136.34,3.4460061288003336,3.6181023206854417,3.786634825672298,4.11569901897164,3.9546303460011756,3.414924406050874
136.36,3.459467229693111,3.6672821094628865,3.777815458721987,4.094574327567279,3.9102018113389825,3.3745937520314957
136.38,3.4376274622533867,3.679982960490581,3.8087484984676445,4.114879305377845,3.907221026324047,3.3731806507396738
136.4,3.451041428549974,3.7281996471392227,3.7999729002193545,4.093761889864913,3.863189926035904,3.332995865410506
136.42000000000002,3.429160083201525,3.7399343044105944,3.8309609912068323,4.114079980322478,3.860637828463681,3.331791915697844
136.44,3.442580752103983,3.7872751652533023,3.8222107612652887,4.092914565948947,3.8169532337043086,3.2917693065608185
136.46,3.420710176308296,3.798127322047253,3.8532345649758675,4.1131905030052875,3.8147826214558953,3.2907930157103054
136.48,3.4341898608949237,3.844670609611977,3.8444884717288956,4.0919238367210315,3.7713989729041066,3.250952548254525
136.5,3.41238069997157,3.8547151510130715,3.875526070103529,4.112104490157259,3.769568119672267,3.250225926694606
136.52,3.4259698776457714,3.9005306604325924,3.8667604318142823,4.090685633700765,3.726445389607679,3.210591086207612
136.54,3.404270769758855,3.9098342323133846,3.8977876951723416,4.110720299213555,3.7249181967014473,3.2083232574318044
136.56,3.4180177752028835,3.954983850949721,3.888976748818135,4.089100906826579,3.6820220477413343,3.2443112427241148
136.58,3.3964645939126568,3.9636054098804347,3.919967690591429,4.108941580946001,3.6786573857956752,3.2407089883824383
136.6,3.410406293158797,4.009788511458798,3.911083945769611,4.087076162470134,3.6360530052822195,3.2754346959443597
136.62,3.3890424409138236,4.017664210853375,3.9420192044046596,4.106666592732885,3.632973900744147,3.2705811743245325
136.64000000000001,3.403228404183697,4.063142617912579,3.9349912078742464,4.0823851969282865,3.590637862568263,3.3041351549130535
136.66,3.382101603384456,4.070329761936389,3.965738733512878,4.101789905872513,3.587814186565316,3.298119858450649
136.68,3.396570827148887,4.115168542438475,3.9584549085539895,4.077260382563775,3.545717924725752,3.330591054157772
136.70000000000002,3.4475279476853196,4.121724900359955,3.9889751973500043,4.096443856982038,3.5431331972077387,3.323501823987555
136.72,3.4607074253587378,4.165967861656874,3.9814073634471616,4.071631211602995,3.5012632046349874,3.354976763173165
136.74,3.510443071568401,4.171932158346857,4.011670528418603,4.090560785498901,3.4989057266878003,3.3468987683521987
136.76,3.522441773828279,4.215615517160473,4.003789251593031,4.065433018221173,3.4572532633006663,3.3774616433469125
136.78,3.5710615380086725,4.221020070078279,4.033764369169259,4.084079093446107,3.455116152498529,3.3684783145113166
136.8,3.581979863900923,4.264173935429006,4.025539408480122,4.05860730828659,3.413677255986425,3.398211465286977
136.82,3.6295808753131307,4.2690452314422505,4.055194957987057,4.0769434591851645,3.411758463971243,3.388404341518241
136.84,3.639511056021162,4.311694135730894,4.046595683822014,4.051101971225045,3.370533942142175,3.41738807778607
136.86,3.686182397658749,4.317715684445234,4.075899953067864,4.069105046997177,3.3688362435169283,3.406836620969375
136.88,3.6967990346441404,4.359785798779377,4.066904460464292,4.042871487488439,3.3257153423797576,3.4351490393579014
136.9,3.742540446057869,4.365204822330185,4.095832812386037,4.060521753380276,3.3243100733287863,3.4239277804707746
136.92000000000002,3.752224932898234,4.406725652412841,4.086409614012162,4.033866012052536,3.281424618794008,3.4516414864145806
136.94,3.7971217985048793,4.4115595242973695,4.114929971070547,4.051134415925076,3.2803190247715373,3.4398251004852485
136.96,3.8059559747653986,4.452545011890199,4.105048307846567,4.024041871494342,3.237677555259776,3.4670130966215083
136.98,3.8500852044326384,4.4568060336238196,4.133129372902961,4.040916472155029,3.2368820972262657,3.4546736191608662
137.0,3.858142598118789,4.423411447282998,4.1227594618493315,4.013376093798179,3.1944964696214044,3.481406152528959
137.02,3.9015730673317495,4.428749688084493,4.150371584725845,4.029848564429992,3.1940247971923217,3.46861279395008
137.04,3.9089198665054337,4.3963637767294514,4.139486037106368,4.00185298783045,3.1519100856578746,3.4949571796365717
137.06,3.9517137237463955,4.402706433503975,4.166601360842918,4.017918688971898,3.1517789043465356,3.4817761496138417
137.08,3.958409100535576,4.371256771685937,4.155174123126483,3.9894642880389672,3.1099532610279597,3.5077966100410927
137.1,4.000621171334129,4.37853133462544,4.181766297062082,4.005122323350866,3.1101821593944887,3.496133993517333
137.12,4.006717198807695,4.347945788512725,4.169772919217779,3.9762092631809676,3.1493782312028333,3.521809086280098
137.14000000000001,4.048404325214491,4.356080214703214,4.195817335814719,3.9914625197737976,3.1481788293575943,3.50980124434196
137.16,4.0539559364735585,4.326287176031063,4.183235198446001,3.962094036944973,3.1860295500812073,3.5351993054027213
137.18,4.096737188054188,4.335210184290053,4.208709211337735,3.976947364390321,3.1835015195346505,3.522911832925849
137.20000000000002,4.1016735847968215,4.3061467943895115,4.195517730952277,3.947129883151465,3.2201052502390954,3.548103982114384
137.22,4.143876982153731,4.315796402275884,4.220400883126993,3.961592167421257,3.2163462902809394,3.5356056695225444
137.24,4.148240615574876,4.287391289097845,4.206581778695465,3.9313361043175523,3.2517995011014316,3.560650396236814
137.26,4.189906078887873,4.2976967146689145,4.152882443773902,3.9454201691092603,3.24690522785991,3.5479967274191675
137.28,4.193732581265048,4.269879631499119,4.140160744430058,3.914740453019765,3.281302285512057,3.5729479509050033
137.3,4.234893387524544,4.28077200166582,4.087458884204394,3.92846432796219,3.27536595614911,3.560189807193732
137.32,4.238212068974073,4.25347513579539,4.0757495252022515,3.8973803123938424,3.3087988817323954,3.5850967395753672
137.34,4.278895429926929,4.264887617728073,4.02396189440833,3.9085797682794348,3.3019111966988675,3.5722802894740027
137.36,4.281729845192507,4.23804449919354,4.013185302925923,3.877233784986931,3.334460866029289,3.597187340589701
137.38,4.321957464998886,4.24991178664576,3.962223098272313,3.8881956561204327,3.326699879811365,3.5843539155187623
137.4,4.32432594747632,4.223457512856886,3.9503004838685936,3.856608733964975,3.3584538806360795,3.609300549368149
137.42000000000002,4.364114542789183,4.235715961846031,3.9001884729353353,3.867346622457242,3.349905466064101,3.5964866295830653
137.44,4.367645516594416,4.209577342389935,3.889091749591834,3.83553246818305,3.3809482265514808,3.6215074602076482
137.46,4.406918084189936,4.222162835200164,3.8397673351762127,3.846071454919584,3.371694870281982,3.6087523325359574
137.48,4.409898220571742,4.196286481699947,3.8294355212410216,3.814056506183836,3.4021074498244936,3.63388312763571
137.5,4.448667898128044,4.209139353743046,3.7808410543559834,3.8244241460009585,3.392228192736055,3.6212126594459257
137.52,4.451108844729285,4.183466198678778,3.7712182049354412,3.7922371970946145,3.4220881768606946,3.6464774740432744
137.54,4.4893840762282675,4.196529122838056,3.7233011181373157,3.8024634027810986,3.4116584185232908,3.6339130030741535
137.56,4.491292968605161,4.171002481672842,3.714336411147666,3.7701354700256973,3.441039661986683,3.6593313436031947
137.58,4.45595138384029,4.184220645481629,3.667049332647764,3.7802523686692875,3.4301309511261127,3.6468897865818186
137.6,4.45896060020594,4.158786879445177,3.6586971897035547,3.7478165265032417,3.4591034056000685,3.6724771386778006
137.62,4.424647756008577,4.172109251139758,3.611998057760866,3.757858285513353,3.4477832870436806,3.660172085395109
137.64000000000001,4.428681636997533,4.146717828626464,3.6042182684218895,3.72534947240035,3.476412850176275,3.68593996340013
137.66,4.3953222578008955,4.160096029298213,3.5560672435719036,3.7353520945463017,3.464744738981728,3.6737806801468835
137.68,4.400305765581018,4.134699158571948,3.5488868810632184,3.7027946733227624,3.4930931286435825,3.6997363412254147
137.70000000000002,4.367825222283653,4.148075182072576,3.501259362384703,3.7127859470059628,3.4811361450681955,3.687728000807159
137.72,4.373684125872584,4.122617584546986,3.4946492696989493,3.680218392231318,3.509260703662855,3.7138746695495417
137.74,4.342008568080567,4.13594981074462,3.447517372447451,3.6902377553666468,3.497069594071465,3.7020185832376087
137.76,4.348669509686066,4.110390593368772,3.441452653596018,3.655519714247367,3.525023301483475,3.728355691855392
137.78,4.317726071835892,4.123640563272569,3.394792893120363,3.6656849685960196,3.51263694735164,3.7166495550548784
137.8,4.3251168999004,4.097942064805507,3.389242070299022,3.631075938658304,3.5404595361299203,3.74317294856818
137.82,4.294833958750318,4.11107463524053,3.343026587110722,3.641418518105946,3.5279250853932176,3.731610988341824
137.84,4.302883923635237,4.08520252010157,3.337974018819608,3.6069503868171493,3.555661761166136,3.758313199628739
137.86,4.273191296553596,4.098185877901913,3.2921886642215057,3.6175018037452586,3.5430218340334165,3.7468865652968857
137.88,4.28183124583448,4.07210928877547,3.2876231143368297,3.583206611136491,3.5707132549555642,3.773757135016704
137.9,4.252660389094623,4.083214264502184,3.2422581787051374,3.5939983565830405,3.558005974428826,3.76245416506242
137.92000000000002,4.261822962510513,4.057002567978892,3.2381647905380135,3.559908073097905,3.585688291902419,3.7912918748799322
137.94,4.233098568427117,4.067979031034164,3.2722754080419016,3.5709713504865306,3.572947341855915,3.779979579410236
137.96,4.242720213075505,4.041608843307161,3.2648811617453717,3.5371169649999485,3.6006596571460836,3.80882407153354
137.98,4.214387673009055,4.052433676884271,3.2978259514168196,3.548469427994679,3.5879227321535043,3.7974924499614597
138.0,4.224404827469646,4.025870312065244,3.289260319241774,3.514871942025019,3.615691153907919,3.8263326984890007
138.02,4.196401364917221,4.036512427393671,3.321105860008149,3.5265432321214436,3.602981971190858,3.8149684738940697
138.04,4.206752781672488,4.009738510713633,3.311434689257682,3.493232805069819,3.630828458629774,3.843790331080663
138.06,4.179017928805698,4.020181833289618,3.3422471183292775,3.5052516070784594,3.6181667418862555,3.8323772794233193
138.08,4.189644863892078,3.993183421041989,3.3315359792534354,3.472257357640363,3.6461092769108356,3.8611638916620543
138.1,4.162120782199844,4.003415337959874,3.3613810350379505,3.484651153265057,3.633510887701556,3.8496832559345204
138.12,4.172967246742845,3.976181956919482,3.3496951458136954,3.4520009096023405,3.661563614500184,3.8784154662148125
138.14000000000001,4.145598904192136,3.986193356634782,3.3786380897962434,3.464795738576026,3.649040701611858,3.866846355377977
138.16,4.1566118345473315,3.958718034466413,3.3660422282652034,3.432515795954852,3.6772140838517244,3.895503089089876
138.18,4.12934717666106,3.9685033357348214,3.39414775338541,3.4457360273418907,3.6647752484772864,3.883822858811043
138.20000000000002,4.13884718832411,3.940782619338901,3.3807061558356137,3.413850916913675,3.6930762417863088,3.912381490860484
138.22,4.111730450845237,3.9503322585864877,3.408038281897124,3.427519034041851,3.68072671624793,3.9005589517467825
138.24,4.121377182189574,3.9223579799839077,3.3938145005158664,3.396051306327571,3.7091589536094793,3.928987914295833
138.26,4.094363465172404,3.931674115527583,3.420436389265973,3.4101877084341643,3.6969007542168972,3.916999049382641
138.28,4.104113103719129,3.9034505014495546,3.40549317131314,3.379157734403539,3.727514043467957,3.9452747207701404
138.3,4.077160482555665,3.912538777847254,3.431467071619261,3.393780557659061,3.71521141326313,3.933104675731987
138.32,4.086972298388334,3.882359977778005,3.4158662517424494,3.450877647715716,3.74580460548908,3.9612135503286243
138.34,4.060042051069073,3.8912964256214657,3.441245548858087,3.4640599360902695,3.7334628754740353,3.948835386213391
138.36,4.069870541477188,3.860924982365618,3.4250413211349855,3.519827640200237,3.7640387645474935,3.976751189300004
138.38,4.0429184050068185,3.8697193751619294,3.449885306271585,3.5316736683148604,3.7516586263675995,3.964137827430295
138.4,4.052730030941121,3.839166022211913,3.4331368340736037,3.5862103498185447,3.7822163905287813,3.991834229071341
138.42000000000002,4.025724534287067,3.8478305605489176,3.4575036440937623,3.5968159206951036,3.7697949657415455,3.9789587109324946
138.44,4.03548905523937,3.8171085506478355,3.440268841568793,3.6502119229439294,3.8003304506797866,4.006409667019733
138.46,4.008402063229053,3.825657882221262,3.4642152424278834,3.659664904616106,3.787861622289912,3.9932454304039453
138.48,4.018092604878691,3.794782916599466,3.4465505856509524,3.7120030378749123,3.818367667588201,4.020425407099163
138.5,3.990899379897843,3.803234051998397,3.47013178687549,3.7203838612037514,3.8058424153257944,4.006946503850743
138.52,4.000492496147051,3.7722241904719174,3.452092125925855,3.7717398598259786,3.8363091821374113,4.033830685186463
138.54,3.9731717528548516,3.780596399238168,3.4753615975743313,3.779121984150715,3.8237159162948307,4.020011982407967
138.56,3.982647480441086,3.749471949812767,3.4569999717504203,3.831681750680954,3.85413121188809,4.046576461936838
138.58,3.9551814322019396,3.757786635451015,3.4800092660440325,3.837978678315933,3.841465911296949,4.032393827588127
138.6,3.9645233365001964,3.7265700221432856,3.461385441628711,3.8895052974080366,3.8718263164647673,4.058615843313992
138.62,3.936897732033571,3.7348505750187586,3.484193893397043,3.8947955785049686,3.859071386776302,4.044046413279275
138.64000000000001,3.9460929427286056,3.703566235518206,3.4653554774371886,3.94536513497845,3.8893590424459745,4.069904495953528
138.66,3.918297092201251,3.71183797870988,3.488008976597733,3.9497191449995728,3.876495447140018,4.054926717133887
138.68,3.927336327519145,3.6805121744190603,3.469001401803715,3.9993996298336656,3.9066912345679925,4.080400777046211
138.70000000000002,3.897709709866255,3.687102409982102,3.4915435831993737,4.002880073587954,3.8936987659492956,4.066859895805013
138.72,3.9066534464505915,3.6558445208760912,3.472402740792893,4.051732004688541,3.9237825657430356,4.091833048696687
138.74,3.876884650108246,3.662531784716088,3.4948665902224554,4.054394462169422,3.9106477497011323,4.075887842100502
138.76,3.8857293137873907,3.6313647443863997,3.4756338703120155,4.10247137403435,3.9406072107193277,4.100432824203338
138.78,3.855808192853406,3.638172625119871,3.4980588477602907,4.104364911872417,3.927299456178239,4.08401688742936
138.8,3.8645445577158797,3.607120102539341,3.478772956078875,4.151714113007366,3.9571034233923283,4.108119526719399
138.82,3.83447234016283,3.6140729080562655,3.5011957979759334,4.152881801753457,3.9436005105797705,4.091218793992519
138.84,3.8431033243963584,3.5831591884324188,3.481892645370101,4.199544695075066,3.9732272880192263,4.114866676979804
138.86,3.8128840180194747,3.590281845229764,3.5043472684666286,4.200024078090254,3.959506793696692,4.097469003699404
138.88,3.8214152655922518,3.5595316885460684,3.4850598798189116,4.246036762323337,3.988934606500509,4.120651666929273
138.9,3.7910556053524527,3.566849550017906,3.5075773045747782,4.245860369549724,3.974974112821087,4.102746916296329
138.92000000000002,3.799495422186767,3.5362879929576785,3.4883357487458735,4.291254102279809,4.004181305748621,4.125455926578271
138.94,3.7690048026024057,3.543826634619517,3.510944044018391,4.292577314775894,3.9899585958889507,4.107036045907497
138.96,3.7773640763228653,3.5134787809707375,3.4917753851843405,4.337264509801042,4.018933824714906,4.129265070260052
138.98,3.746754466699263,3.521263784443627,3.5145087646947677,4.337842872204885,4.004434754957738,4.110324203948799
139.0,3.7550465684568786,3.4911545860452597,3.4954440057348792,4.3818543528547655,4.033155772985397,4.132069173492142
139.02,3.7243324096865034,3.4992113547973487,3.518323322653775,4.381717413770921,4.0204374086110475,4.112603709072378
139.04,3.732573077470591,3.4693654793996447,3.4993823772709907,4.42507897995739,4.048781034313855,4.13387387041217
139.06,3.701771159453692,3.477719000036002,3.522425615520068,4.424263983123432,4.035637316007773,4.113891483260448
139.08,3.708337430804213,3.448160495196752,3.505691916982101,4.467006729966837,4.063583307447173,4.134686139780169
139.1,3.677553667353764,3.4568277459525034,3.5288216185643964,4.465545938333616,4.049995386083466,4.114178232192218
139.12,3.684162387095359,3.427582808182356,3.512146497350852,4.507696192655,4.077524523039897,4.134489688354333
139.14000000000001,3.6534127684594946,3.436596843080358,3.535383998229341,4.5056025036859575,4.063474590429372,4.113459355494194
139.16,3.6600807331087086,3.4076872632891404,3.5187865027415492,4.458001237765869,4.090568700270508,4.133292429820692
139.18,3.629382722126211,3.417069990837336,3.542149147962318,4.457265268498104,4.0760407439902915,4.111745125056312
139.20000000000002,3.6361282008017897,3.465761081604057,3.5256449329036315,4.410931934118278,4.102684100218905,4.131106973271714
139.22,3.605500572229355,3.473787607473014,3.549146373535871,4.411471750097515,4.087664036689937,4.109050520231695
139.24,3.612342465938841,3.5211917331340374,3.532746142495508,4.366325524699395,4.113842187799548,4.127950639602848
139.26,3.581803725658899,3.527962308842839,3.556395447035516,4.368060758068382,4.098317306026427,4.105395220610644
139.28,3.5887615447214447,3.5741773604667957,3.540106231410883,4.324022354655347,4.124017302553307,4.1238454171477485
139.3,3.5583313423194274,3.579785474309186,3.5639088594951818,4.326874296314757,4.105920411608997,4.1008035392846915
139.32,3.5654257329327863,3.624902595736731,3.547734238864426,4.283866065550173,4.131227104694463,4.118806417472776
139.34,3.535124721685514,3.629435238007739,3.5716922121314014,4.28774579101118,4.114756173237938,4.095283436080703
139.36,3.542377221591846,3.6735391054646356,3.555632494621251,4.245682253276332,4.139563976884258,4.112867816148593
139.38,3.5122267501449365,3.677077024276059,3.5797445467748337,4.250527942871317,4.120488478107856,4.088891187690268
139.4,3.519659619681863,3.720246113982579,3.5637968692531654,4.209345832501059,4.144885071589325,4.106063882164661
139.42000000000002,3.48968171181682,3.7228640640115778,3.588058710125714,4.2150724839200455,4.125352507030378,4.081643181166879
139.44,3.4973177014765886,3.7651709122102006,3.572217468771534,4.174690215749593,4.149331761620658,4.0984256538152435
139.46,3.467534616715935,3.766937899517463,3.5966220044905115,4.181228137713257,4.1293360715423155,4.073583018212098
139.48,3.475396686835725,3.808449356753954,3.580878868289306,4.141576968889513,4.152893477386382,4.089998649638234
139.5,3.445830783714972,3.8094288801189395,3.6054163998972584,4.148858676689406,4.132430374861955,4.064758128183534
139.52,3.4539419014937627,3.8502063602666174,3.589760661314779,4.10987207827198,4.155563198926316,4.080832099861776
139.54,3.422945838921684,3.850456649795495,3.6144191746645804,4.117832428763041,4.134630214739463,4.05521953042975
139.56,3.431390545644935,3.8905471167684897,3.5988379906288754,4.07944622458549,4.157337540888614,4.069116589700896
139.58,3.400694307588628,3.891824877498526,3.6236033634928755,4.088022551158517,4.135934061530976,4.043253399930094
139.6,3.4094801861761352,3.9311911246985525,3.608090838215627,4.0501750552806195,4.158207263043248,4.056933444540441
139.62,3.3790998171121114,3.9317299620582973,3.6329539805234985,4.059307351737153,4.136326971629743,4.030843257809178
139.64000000000001,3.38824970712423,3.9704288248698076,3.6174923815670166,4.021939543096072,4.158169624080944,4.044330397784768
139.66,3.3582001365505945,3.9702833423462693,3.642434615290814,4.029401560078686,4.135816435071551,4.018037811512036
139.68,3.367727985424004,4.008365929424258,3.627004913224779,3.9925802087406126,4.157222398856358,4.03135714897712
139.70000000000002,3.3380234281853505,4.007585046385935,3.6519974322028625,4.000586131781936,4.134392955840809,4.004887550820377
139.72,3.347942374376163,4.045096975504284,3.6365695365799224,3.9642580386372472,4.15537054746622,4.018064915784549
139.74,3.395039702056685,4.043724203128957,3.6615926765665465,3.972755741511821,4.132073501516201,3.991444358325482
139.76,3.4036719839084704,4.080705247273613,3.6461469104909567,3.936870345131961,4.152632832987845,4.00450570521994
139.78,3.4495678244325583,4.0787776666108,3.6711801377285282,3.9458104420596407,4.128878656884855,3.9777594562632244
139.8,3.4570002268984554,4.115262356429522,3.6556960937371343,3.910319974137751,4.1490316101454,3.990730818771769
139.82,3.501777874803316,4.112812701285883,3.680718223954858,3.919655864484126,4.124832564371535,3.96388481620227
139.84,3.5080916539495566,4.148831309578844,3.6651749814127648,3.884515390490828,4.144592749551331,3.9767927855722665
139.86,3.553472391565508,4.145888203132696,3.6901643994929927,3.8942033021255034,4.119962845313423,3.949873410547663
139.88,3.558628663763173,4.181475663072397,3.674540735252736,3.859370760048149,4.13934556015121,3.962753584250937
139.9,3.6029127152367253,4.178073121308472,3.6994756413522167,3.8693697907132445,4.114300514120698,3.935796973505406
139.92000000000002,3.6069959655808947,4.2132505238697835,3.6837503168086183,3.8348060274886975,4.133322742859384,3.9486754020852057
139.94,3.650265565456823,4.209408261561846,3.7086089138563594,3.8450781840268573,4.107880005684348,3.92170712882816
139.96,3.653353955686779,4.244193439834808,3.692760760633093,3.810746989288975,4.126560346643752,3.934609947601508
139.98,3.6956849931824918,4.239928053895838,3.7175213996819356,3.8212572234116067,4.100738936675802,3.907655551257208
140.0,3.697850564046285,4.2743358358564265,3.701529498687343,3.7871253586770814,4.119097469850376,3.920608778126196
140.02,3.739312885256216,4.269661054990209,3.7261708549062984,3.797841597582489,4.092917892154306,3.8936935612997354
140.04,3.740621843516437,4.3054134330317915,3.710014703722077,3.7638788195170014,4.110976090468005,3.906722891453611
140.06,3.781279546761651,4.300228204139323,3.7345224156382235,3.7747719908462116,4.084460242941179,3.8798717161982483
140.08,3.7817995520607113,4.335501136210972,3.7181893888122755,3.7409511106609927,4.102240870595189,3.893002316658785
140.1,3.821718775327985,4.329821524529992,3.7425422949155553,3.7519952281085227,4.075411937225125,3.866239447543332
140.12,3.821504059890584,4.3646301843584405,3.726012173744996,3.718292113521225,4.092938935768664,3.8794958279083076
140.14000000000001,3.8607371179435455,4.358469153434687,3.7501899592271513,3.7294642116542747,4.065821267342265,3.8528447232221
140.16,3.859837048191893,4.392825694213521,3.733443444430553,3.6958577447426144,4.083119629058796,3.8662504516990093
140.18,3.8984314887383364,4.38619336337938,3.757426766227682,3.7071378816705254,4.055738610636948,3.8397335249856868
140.20000000000002,3.8968908201428483,4.420107259830419,3.740445595150201,3.673609951515438,4.072834238606397,3.853311037923221
140.22,3.934889681907847,4.413011238852728,3.7642161971709696,3.6849812013326693,4.0452161437771545,3.8250998069042135
140.24,3.934429342292211,4.446489612982888,3.746983251864206,3.6515166856248977,4.062135699698063,3.8389449167320473
140.26,3.9717743441723563,4.438944160421401,3.7705240710728476,3.6629651192486676,4.03429770375618,3.810974395282295
140.28,3.970639743955648,4.472001388848477,3.7530235202499633,3.62955185349478,4.051057498289215,3.825107407753524
140.3,4.007374710325867,4.464008566565204,3.776318851277959,3.6410664626803926,4.023028121051029,3.797389143809282
140.32,4.005607856429119,4.496646496682703,3.7585362301226066,3.6054772163275426,4.039656838260641,3.8118204768132644
140.34,4.041771730298395,4.488206887204448,3.7815717346444195,3.6171317372435032,4.011452471201981,3.784364905641606
140.36,4.03940980854607,4.520426014963826,3.7634816472386543,3.5816227721409413,4.025842734110983,3.7991037656463806
140.38,4.075036905055444,4.511538972875247,3.7862347638172347,3.5934099242162163,3.9976129608903817,3.7719113442413477
140.4,4.072112626208988,4.543338613619695,3.767826682616709,3.5579667842292007,4.01201345766107,3.786955985170905
140.42000000000002,4.107232921204463,4.534002379776352,3.7902870518434244,3.56987185393114,3.983779660636505,3.760035584147117
140.44,4.1037747462034995,4.565380908364375,3.7715518917666193,3.5344908605269456,3.99821182795647,3.7753936554033447
140.46,4.138414220298557,4.555592968477469,3.7937106085795955,3.546511306753848,3.969995068414209,3.7487527137447954
140.48,4.134446818505633,4.586548105740949,3.7746407919012746,3.5111907585342537,3.984480103741807,3.764430423144102
140.5,4.168627833917101,4.576305394279009,3.796490554775204,3.5233259466095066,3.956301110857052,3.738074892033218
140.52,4.164172400986059,4.606834403008293,3.77708011175748,3.4880660399153114,3.9708598469928926,3.754076959922573
140.54,4.197914012976453,4.596133493791792,3.798615264594225,3.5003171543596547,3.9427388936394165,3.728011260660493
140.56,4.192988577903312,4.626233361622975,3.778859868686733,3.4651198944658965,3.957391672346288,3.744340887457354
140.58,4.226306835297664,4.615070644690906,3.800076432869775,3.4774898416676674,3.9293484508883036,3.718567883139092
140.6,4.220926555955732,4.565207294501717,3.7799734260681452,3.442358943515418,3.9441149968069116,3.7352267304964437
140.62,4.253834790049066,4.555344255160841,3.8008695904842744,3.4548522439862634,3.916168496142526,3.709747711586769
140.64000000000001,4.248012833635518,4.506721289112477,3.7804190251455463,3.4197930242993877,3.9310677923164397,3.7267358971897844
140.66,4.280522862788566,4.4980790261168355,3.800995025983229,3.4324157017462222,3.9032361775117943,3.7015505831874393
140.68,4.274270471089997,4.450619141710165,3.7801985334885386,3.3974349635066723,3.918286343930337,3.7188666962616357
140.70000000000002,4.30639178466929,4.443122038107508,3.8004562211351947,3.4101944174517547,3.8905868398766517,3.693973253957192
140.72,4.299717986928827,4.396751254518127,3.7793170154531697,3.375300317253281,3.9058050164608566,3.711614377510212
140.74,4.331458011105627,4.390326992009994,3.799259856108275,3.388205182929966,3.8782537968999526,3.687009445762377
140.76,4.324369885326563,4.3449746641386,3.7777827290994086,3.353407087818873,3.8936560322607847,3.7049711890058825
140.78,4.355734235756269,4.339554240355478,3.797415795946593,3.366467086283114,3.866268115429256,3.680649916230443
140.8,4.348237154829739,4.295153074931575,3.7756071020483524,3.331775420592002,3.881869262711284,3.698926459028981
140.82,4.3808777909069665,4.290670822445189,3.7949370557980515,3.3450011997371076,3.8546584148839,3.6748825526517037
140.84,4.372869717858982,4.247165997191462,3.772804685897581,3.3104272826550347,3.87047203599917,3.6934738269747163
140.86,4.405029741267277,4.243567110038606,3.791839778997908,3.323830250064443,3.8434506841509672,3.6716114347791935
140.88,4.396518791836685,4.20089711747594,3.7693932033187156,3.2893861250989653,3.859488996575848,3.6904247362682887
140.9,4.4282184022252835,4.198121756924638,3.7881432325763864,3.302978274478695,3.832679010136502,3.668746870916039
140.92000000000002,4.419221031262517,4.156228604573325,3.7653933636401846,3.268676532328866,3.848961244356868,3.687776697401211
140.94,4.450465256859516,4.154220474836967,3.783869581578765,3.2802873841239784,3.8223711633718387,3.6662768706523874
140.96,4.440985124725167,4.11126993273103,3.7608287160211984,3.2462641174585465,3.838893829077737,3.6855159486181694
140.98,4.471777782210918,4.110042576400219,3.7790237165712774,3.2581771172200913,3.812517353844255,3.6641858398060174
141.0,4.461808314626077,4.0677999188972995,3.755682871840967,3.2244375056647407,3.8292886120898157,3.6836250376958546
141.02,4.492142529538275,4.067304125570005,3.7736124760899283,3.236658230854549,3.803132684809649,3.6624546031263026
141.04,4.48168652483601,4.025721445836894,3.749988361458894,3.2032074174820826,3.8201590557148326,3.6820831398217235
141.06,4.511565436407207,4.025910993318955,3.7676695131693534,3.21574153411251,3.794228980052688,3.661060848334716
141.08,4.500625020622722,3.9849435155070028,3.743779861760066,3.1825846645380804,3.8115153198588874,3.6808665341011815
141.1,4.530051181370115,3.9857753098368764,3.7612305225205063,3.1954378151903677,3.785814749414926,3.659979570675061
141.12,4.51862801749293,3.9453813623864686,3.7370939830319307,3.1625799268260493,3.8033642429125605,3.6799489680172743
141.14000000000001,4.54760359488259,3.9468154054436497,3.754333018919532,3.175757617711343,3.7778951839317925,3.6591833952382165
141.16,4.535699074764344,3.9069563895507073,3.727921914490481,3.143203529206122,3.7957093508689295,3.6793019851749498
141.18,4.5642260347667225,3.9089557411639224,3.745052313323181,3.1567038934338045,3.7704721783589483,3.6586429089067996
141.20000000000002,4.5518414534560865,3.869585760536058,3.7184949601755943,3.1244493702251206,3.788550846771448,3.67889526069129
141.22,4.501151953498165,3.8721051338200234,3.7355322110086453,3.1382779682359985,3.763544223223541,3.6583269977804425
141.24,4.490052457153734,3.8331930605267175,3.7088440879447195,3.199355511456165,3.781885571035336,3.678697457396358
141.26,4.440594067113205,3.8362035511929244,3.7258039093550983,3.2114494616969345,3.7571055681016166,3.6582048307231902
141.28,4.430705794478788,3.797721579543968,3.6990000330027355,3.270860583238748,3.7757047380717608,3.6786775488568297
141.3,4.382406432321732,3.801197048012326,3.715896750953737,3.281318358851825,3.7511453423746146,3.6582447746429763
141.32,4.373658923102108,3.7631200995010823,3.688991908644267,3.3391606267555662,3.7699962757022387,3.678803345782415
141.34,4.326449928153358,3.765272735431187,3.70584024656718,3.3480743350032762,3.7456503852113974,3.658414194193334
141.36,4.318776131542726,3.727671618749148,3.678842034319006,3.404438885631963,3.7647458814123995,3.6790418393234128
141.38,4.270863997816063,3.730306627578152,3.6956483775795412,3.4141065990789614,3.740605339456828,3.658679812366487
141.4,4.264252884934365,3.693151700197927,3.6685729256729696,3.3756028849816073,3.759948274596805,3.6793524800067403
141.42000000000002,4.2173261517939356,3.696241787728433,3.6853656653418474,3.385853410341617,3.736017467663373,3.658993153027793
141.44,4.21171854433494,3.659513568236073,3.658239527855764,3.347879192263153,3.755598301325293,3.6796946383065325
141.46,4.165719381427481,3.663040263057681,3.6750348244775153,3.3564636935867087,3.731866952191458,3.659322286409183
141.48,4.1610592163446265,3.6267214631809557,3.647874111154894,3.4126500097465757,3.751663626056182,3.6800364801082663
141.5,4.115932975695126,3.6306683965852717,3.66467502969766,3.422044389385811,3.7281066484212055,3.6596354918694596
141.52,4.112167364870753,3.5947437103031645,3.637484853653858,3.47677613243402,3.7481187260761386,3.680346417948585
141.54,4.0678625506230945,3.599096418428211,3.654319236527235,3.4846996958829903,3.7247365644355455,3.6599015134652166
141.56,4.064941745550708,3.563552295456726,3.627124841109583,3.538064558894055,3.7449500459262817,3.68059370563344
141.58,4.021409978744568,3.56829817156828,3.6440061222272946,3.544603772570502,3.7217281347867104,3.6600901289849883
141.6,4.019287331367756,3.5331229644246434,3.6168212304100447,3.5966827593251653,3.742128514289723,3.6807486368225812
141.62,3.9764833114040967,3.538251200799781,3.6337625515024943,3.6019173202645147,3.7190518897849647,3.660172213137524
141.64000000000001,3.975115231050146,3.5034349165615586,3.606600526732853,3.6527851361408814,3.7396242373820034,3.6807827291457915
141.66,3.9329966921693793,3.508936333826999,3.623614616069438,3.6567884939763937,3.7166776175053684,3.65827938587859
141.68,3.9323425954699776,3.474470516825978,3.5964883429648866,3.706514013726499,3.737406667224357,3.678909759430307
141.70000000000002,3.89086009531881,3.480337443689713,3.6135874000037176,3.709353844930948,3.714563825936904,3.6582277515580675
141.72,3.8908713026370716,3.446214997713238,3.5865091719976334,3.7580005417670392,3.735425778768461,3.6787820406611487
141.74,3.8499996161936565,3.4524410563361334,3.6037047595785463,3.7597391303507943,3.7126829468002063,3.656134598638661
141.76,3.848919452228718,3.4186561724721183,3.5766861737823468,3.807365389522803,3.7336715160162433,3.67668256782842
141.78,3.8087046897518215,3.4252287895795663,3.5939891184853368,3.808060093456426,3.7110022231744124,3.653975317487464
141.8,3.808283348682894,3.3899699543629134,3.5670409430881698,3.8547197587264357,3.7320933681808275,3.67449698345651
141.82,3.7686939013933998,3.396950388889797,3.584450925344063,3.8544233681332782,3.7094830262957044,3.6517183767694754
141.84,3.7688919886938215,3.3620495772570376,3.5575749845921347,3.9001658607987837,3.730662051823773,3.672203094831401
141.86,3.7298886614310116,3.369431953959769,3.5751019112443574,3.898926796247355,3.7080961119595903,3.64934260288514
141.88,3.7306786623399604,3.3348837044183224,3.5483079575295693,3.943797539617498,3.729348424200535,3.6697807004085656
141.9,3.6922351193531475,3.3426627514776537,3.5659607222276204,3.941660342590183,3.7068125232128284,3.646828840373189
141.92000000000002,3.6935917772995395,3.3084622713040415,3.5392574487803143,3.9857011069299273,3.7281237322968286,3.667211732992277
141.94,3.6556838743906575,3.316633304505865,3.557043877262939,3.982706738693415,3.705603789918609,3.644160122570115
141.96,3.6575840942115367,3.2827763582206466,3.530438868386618,4.025955921930684,3.7269598096324548,3.664480323525448
141.98,3.620189777517949,3.291335169680928,3.5483656766931015,4.022142044148802,3.704442122538572,3.641321688477592
142.0,3.622612522645752,3.2578179666139495,3.5218653702617524,4.066887534064491,3.7258292658158774,3.6615728117541644
142.02,3.585711720715021,3.2667607133733383,3.539938135207169,4.06213400515683,3.703311972874296,3.6383009872182726
142.04,3.5886379034706577,3.2335797952505745,3.5135569993465596,4.105987081046478,3.724725748414129,3.658477795536644
142.06,3.552212412573527,3.242902888715864,3.5317904808367113,4.100337743120048,3.7021946495843054,3.635087803886442
142.08,3.555624777784921,3.2100550605954092,3.5055312531312963,4.143341701594574,3.7236210872332656,3.655186189654058
142.1,3.5179548942537737,3.21975515357027,3.523927323711175,4.136836633739297,3.701062732715941,3.6316741340593612
142.12,3.5218988129996927,3.2692640021847525,3.497791675352577,4.179030996098362,3.7224886228933807,3.651682102960803
142.14000000000001,3.4847057062611944,3.2775000946082797,3.5163504044495473,4.1717067662313285,3.699890375038233,3.628038087292398
142.16,3.4891643468465485,3.325630997423676,3.4903376185932227,4.213127643374674,3.7213032904121026,3.6479543435882453
142.18,3.45243133310662,3.332483596981038,3.5090573867899315,4.205017644930052,3.6986532828824474,3.6241772593600143
142.20000000000002,3.457388485271545,3.379313293234942,3.483165966119673,4.245698066976969,3.7200416404080725,3.6440014764938615
142.22,3.421100344534805,3.3848580722795005,3.502044400952777,4.236832841529409,3.6973289327588947,3.620091185131841
142.24,3.426541171187736,3.430458755600989,3.476272039067283,4.276803079532911,3.718682085436858,3.639823969822911
142.26,3.390683997804569,3.4347668247243246,3.495306019121818,4.267210621183036,3.6958967043420268,3.6157812689259563
142.28,3.3965949074479966,3.479206380809009,3.4696496128132557,4.30649848591962,3.7172049822707707,3.635424123488587
142.3,3.361155983697164,3.4823445352689166,3.4888352849746025,4.296204523780736,3.6943379556159117,3.611250706452842
142.32,3.36752450225639,3.525686759237593,3.463290959208876,4.334835642300647,3.715592699562226,3.630805984754877
142.34,3.332492171108486,3.527717704156923,3.4826237679714023,4.323863902070979,3.692636083060485,3.606504394112661
142.36,3.339306813721264,3.5700225018164353,3.457186912477504,4.3618619732928945,3.713829670212995,3.6259752514277217
142.38,3.3046703514321014,3.5710050604515753,3.476661640150952,4.350234419039324,3.6907765662429197,3.6015488261557835
142.4,3.311920494887037,3.612328636697157,3.451326956460259,4.387621449546853,3.711902427880483,3.6209391632013452
142.42000000000002,3.2776699841874013,3.612317945094802,3.470937773070279,4.375358506724649,3.688746996310255,3.5963919802937134
142.44,3.285345740808958,3.654487238345062,3.4456993307952097,4.412155027814266,3.709799627181044,3.6157063817912776
142.46,3.3322899260625745,3.6534131393740212,3.46544919256346,4.399275788459653,3.6865370880075483,3.591043192439904
142.48,3.338585945988513,3.6945723034222975,3.440307659030506,4.435501111573728,3.707512047277516,3.6102861733453118
142.5,3.3842284078702547,3.6924922453065476,3.4601883934646267,4.422023615090343,3.684138675221552,3.585511163818755
142.52,3.3892161937396907,3.7326976279770254,3.435135613221177,4.457696002449313,3.70503257646573,3.6046872483464445
142.54,3.433625559722237,3.7296652500655623,3.4551387275244,4.443637298651537,3.6815456763555012,3.5798053786933752
142.56,3.43737278726458,3.768969322758643,3.4301662150791072,4.4787740680823145,3.702356163072366,3.598919752726129
142.58,3.4806140595615855,3.7650345504250162,3.450282966441233,4.464150375444551,3.678754046212466,3.573936602303003
142.6,3.4831847541588874,3.803486124173152,3.425381980457205,4.498768052822703,3.6994797695241504,3.5929950161374227
142.62,3.5253194599824305,3.7986953740351943,3.4456034495732135,4.48359490174439,3.6757617251910872,3.567916686722355
142.64000000000001,3.5267741548610907,3.8363398091864838,3.420765070701532,4.517709358595877,3.6964023126351186,3.586925356689472
142.66,3.5678604839923427,3.8307361894985212,3.441082238208371,4.502001720406711,3.672568571269391,3.5617583743130763
142.68,3.568256365103787,3.8676155997528214,3.416297449357242,4.535628297339841,3.693124587221119,3.5807238837555775
142.70000000000002,3.608349297942154,3.861239106385699,3.436701274019981,4.519400699642928,3.669176275574885,3.555475099821448
142.72,3.6077403387417735,3.897392557652378,3.411961041891222,4.552554316214762,3.6896491735846513,3.5744043000173886
142.74,3.6468917672885475,3.890280265877273,3.4324425394128384,4.535820945125625,3.6655882621549893,3.549080792374566
142.76,3.645328855912312,3.925743970223433,3.4077378961834994,4.568516196705687,3.685980329557024,3.567980704081743
142.78,3.68358769960012,3.9179302223671204,3.4282882175637694,4.551290986508859,3.6618095727096245,3.542589678785746
142.8,3.681118760390298,3.952737727175464,3.4036103416450607,4.583542228667548,3.682123867936393,3.5614673951487936
142.82,3.718531078246157,3.9442543161061887,3.4242208500721953,4.565838939381691,3.655738460231179,3.53601608970641
142.84,3.7152011891492673,3.9784366884512457,3.399561144939062,4.597660360301624,3.676066353828656,3.554867032390183
142.86,3.751810289445986,3.9693130367767973,3.420223490261054,4.579480352403368,3.649648848103336,3.5293533453719284
142.88,3.747661740502495,4.002899042948968,3.395573660411925,4.610872361651013,3.669991183794804,3.5481855870156447
142.9,3.7852179218472024,3.9931623774833094,3.41627979348879,4.59223066610466,3.6435426331774017,3.5226175861520397
142.92000000000002,3.780176867303678,4.026188058431702,3.3916318254752054,4.623208730037071,3.663900681193716,3.541447835688674
142.94,3.8168906357308,4.015871077440025,3.4123741174205278,4.604120271544567,3.6374226559235976,3.5158403021752447
142.96,3.811002829089169,4.048359807751917,3.3877205200117326,4.634699740755645,3.6577982008342564,3.534674919138052
142.98,3.8469190535975266,4.037484672622137,3.4084918763227434,4.615179377543457,3.6312927858031108,3.509034241208719
143.0,3.840227206797239,4.069458150432277,3.3838256617185887,4.6453755234136755,3.6516880532182703,3.5278792470271774
143.02,3.875387665343543,4.05804542929623,3.404619531453106,4.625438077459994,3.625157707707323,3.5022114362624657
143.04,3.867931521121333,4.089523824771897,3.379934271958168,4.655266117898086,3.6455752520449014,3.5210724415916212
143.06,3.9023750696461765,4.077592637284118,3.4007446984295284,4.634926394315198,3.6190227408965314,3.495383061497728
143.08,3.8941915641938416,4.108594735904672,3.3760345766223883,4.664401508838858,3.639465376118203,3.5142652000749353
143.1,3.927954302960194,4.0961628936455,3.3968562414152026,4.643674305590989,3.612893699709591,3.4885593021764962
143.12,3.919077726812177,4.1267062347427705,3.372116093303105,4.67281164126238,3.6333644292747564,3.5074671725797826
143.14000000000001,3.952193164409814,4.115624798470356,3.39294435315465,4.651711750050799,3.606776752775559,3.481749240659246
143.16,3.9426553217264844,4.145637705641032,3.3681766403380595,4.680526418860769,3.6272786993176656,3.500686856526971
143.18,3.9751638142514163,4.133998938537355,3.389015486418996,4.6590686640312935,3.6006782817559513,3.4749607595639556
143.20000000000002,3.965001712794847,4.163502179639055,3.364215564668947,4.687575835963775,3.6212146172237265,3.493931551098379
143.22,3.99693093759558,4.151326705975011,3.3850608788669945,4.665775048362207,3.5946047414037903,3.468200575601549
143.24,3.986170840590525,4.180339892677062,3.3602249063288365,4.693989816735903,3.615178618577631,3.487207351021906
143.26,4.017546455143424,4.167647150793999,3.3810733781365636,4.671860764741764,3.5885625220221176,3.4614740920636713
143.28,4.006212693552769,4.196188804473286,3.3561983236739326,4.699798122743375,3.609177007152947,3.4805189697086454
143.3,4.037058483366216,4.182997207540256,3.377047451586679,4.677355484803069,3.5825578140405074,3.454785313135357
143.32,4.025173600482665,4.211084914850043,3.35213109447381,4.705030295835536,3.6032158208617955,3.473869710125901
143.34,4.055511624553426,4.197412001277704,3.3729791793636212,4.682288627090806,3.5765964759857933,3.4481368246450175
143.36,4.0430965190798895,4.225062559335044,3.3480201007262824,4.709715589583026,3.5973007023745045,3.4672614553264363
143.38,4.072947253374759,4.210925132538033,3.368866231092474,4.686689283248473,3.5706839079231463,3.441529794498268
143.4,4.060021320636947,4.238154683427855,3.343863797026077,4.713882890602857,3.5914367758201795,3.4588371597172003
143.42000000000002,4.089403799258787,4.223568940676188,3.3647078261048673,4.690586134771156,3.56482493160175,3.4332180216763186
143.44,4.075974471744457,4.250393095013027,3.339662162482056,4.717560631146005,3.5856182642643293,3.4506637956083335
143.46,4.104895057089369,4.235374677480236,3.36050467728251,4.694007361719868,3.559005629488327,3.4251507829592787
143.48,4.09098053128358,4.261808514300778,3.335416636121143,4.720776627346762,3.579842242186914,3.442728523789774
143.5,4.119457187703026,4.24637262896158,3.3562589177619437,4.696980366070825,3.553231459421187,3.417314841326354
143.52,4.105074458914755,4.272430926079671,3.3311300349945245,4.723557877624834,3.574113674918794,3.4350177985222747
143.54,4.133124008145731,4.2565925097459285,3.3519740112429215,4.699531806653635,3.5475068730870554,3.4096963699723815
143.56,4.118289006535156,4.282289831740001,3.326806457086858,4.725930657069694,3.5684364832708924,3.4275175051139075
143.58,4.145927262511838,4.266063632864992,3.347654648453531,4.7016875635469795,3.5418352412911935,3.4022809971814865
143.6,4.1306549850678325,4.291414407630103,3.3224511711014313,4.727920407337923,3.562813475662982,3.420213010467815
143.62,4.157896883516304,4.274815056649672,3.341315305794944,4.703472627154762,3.536218792299496,3.395053862341686
143.64000000000001,4.142201520780664,4.299833640477888,3.316200580735353,4.729536155527208,3.5572462928379975,3.4130892245695152
143.66,4.169061243257494,4.282860503719573,3.3351793398907765,4.7048832264751725,3.5306585148620453,3.3879996826571506
143.68,4.15295630044481,4.307548823256139,3.3101510690999816,4.730790816715715,3.5517352042400234,3.406130672193416
143.70000000000002,4.179447324328748,4.290218245224008,3.329242556430584,4.705945625420462,3.5251540212940182,3.381102829001825
143.72,4.1629456215361715,4.314592306770395,3.304298915397147,4.731709938866778,3.5462792193634476,3.3993215730722
143.74,4.1890808452336055,4.296920518243199,3.323501785749259,4.706684646912945,3.5197037040708135,3.3743474105312283
143.76,4.172194758366605,4.320996252150946,3.2986414639289916,4.732317584987864,3.540876122422817,3.392645931383873
143.78,4.197986678803546,4.3012271630894805,3.3179548572950113,4.707123585548528,3.514304727081017,3.3677173693127704
143.8,4.180728240228584,4.325101051442407,3.293170044571339,4.732636249511184,3.535522470857172,3.3860876352412554
143.82,4.2061799820250005,4.305098373815215,3.3125883711850164,4.707284080882239,3.5089530315265702,3.3611965838672315
143.84,4.188553575090901,4.328781512366131,3.2878792221760706,4.732686632319384,3.53021360833051,3.3796305347864344
143.86,4.213678122284156,4.308556165789345,3.3074029660219253,4.7071859516732335,3.503643355861895,3.3547688803824105
143.88,4.195696299064354,4.332059718334729,3.282769902776092,4.732487694359346,3.524943691404941,3.3732584907983796
143.9,4.220506426064868,4.311622794740222,3.3023997860160077,4.7068472913551584,3.4983692697694293,3.3484182326222376
143.92000000000002,4.20218158135213,4.334958078220146,3.2778434257978453,4.732056641396012,3.5197057309820003,3.36695560349845
143.94,4.226689931800073,4.314320828260702,3.2975803361018077,4.706284408986517,3.49312322340663,3.3421289140893693
143.96,4.208034378895959,4.337499295822888,3.273101418819241,4.731408869970253,3.5144916491890377,3.360706335017044
143.98,4.232253536944234,4.316673108961315,3.2929463358799818,4.705511780500917,3.487896611506404,3.33588562223652
144.0,4.213279575079848,4.339706326912998,3.2685456511397577,4.730557924159958,3.509292350236472,3.35449563519305
144.02,4.237222128213411,4.318702705472554,3.2884995729283073,4.704542011238228,3.48267985102855,3.3296736054268514
144.04,4.217942101463356,4.341602324416833,3.2641778872882217,4.729515464054676,3.504097804539954,3.348309069517905
144.06,4.241620694736857,4.320432851903006,3.2842417566409954,4.7033858106015165,3.477462471768908,3.323478791427677
144.08,4.222047042311944,4.343210572395541,3.2599997416552484,4.728291246725001,3.4988971454585425,3.342132947985378
144.1,4.245474423912029,4.32188687643884,3.280174373809699,4.70205197955757,3.4722332192223853,3.317287916177664
144.12,4.225619721741634,4.344554409540279,3.2560125354841274,4.726893120339938,3.4936787778940928,3.3359544535668615
144.14000000000001,4.248808779807186,4.323088119850497,3.2762985471988952,4.7005474115683015,3.4669801688940076,3.311088651528661
144.16,4.228685773350726,4.345657142990684,3.252217157485513,4.725327031952626,3.4884304978983876,3.3297617689949197
144.18,4.251649564014455,4.324059844754133,3.272614898391621,4.698877107405572,3.4616908511576243,3.304869730628505
144.20000000000002,4.231271192272781,4.3465419533640075,3.248613929355937,4.7235970493392605,3.4831396223447646,3.3235442005056983
144.22,4.254022958921043,4.324825136555985,3.269123416187379,4.697044204165496,3.456352385676317,3.2986210695814866
144.24,4.233402369653448,4.3472317919622245,3.2452024774775112,4.721705397139188,3.477793127639139,3.3172922971633354
144.26,4.255955553437974,4.325406797085906,3.2658233318224017,4.695050018661888,3.450951624321278,3.2923338839982863
144.28,4.235106109629895,4.347749271201353,3.2419816120556355,4.719652507407588,3.4723777963711933,3.3109979643673144
144.3,4.2574743513066835,4.325827232002423,3.2627130022529367,4.692894105241577,3.4454753014544015,3.2860007990277036
144.32,4.236409628975793,4.348116549379996,3.2389492149132986,4.717437084557149,3.4668803707391462,3.304654570127309
144.34,4.258606762191319,4.3261083331206525,3.25978980269505,4.690574327931656,3.439910190376712,3.27961595144957
144.36,4.237340539667053,4.348355210970363,3.236102137105162,4.715056184533752,3.4612877115207232,3.298257042680455
144.38,4.2593805758616785,4.326271356877812,3.257050029550654,4.6880869466985375,3.434243264686011,3.273175082402549
144.4,4.237926814724911,4.3484861436744175,3.23343610744285,4.712505307943169,3.455586961306443,3.291801958024697
144.42000000000002,4.259823919876585,4.3263368002055005,3.254488814769762,4.685426717473801,3.4284618632333985,3.266675619323917
144.44,4.2381967378012995,4.34852941353694,3.23094565293625,4.709778506724243,3.449765710660035,3.2852876159500486
144.46,4.2599652012897575,4.326324275122087,3.2521000526055084,4.682587005483081,3.422553857318533,3.2601167456922417
144.48,4.238178837088025,4.3485041394462485,3.228624032055764,4.706868503847708,3.4438121658218974,3.2787141031697065
144.5,4.259833033020445,4.326252383391784,3.249876339612213,4.6795599113008555,3.4165078187157403,3.25349945719078
144.52,4.237901804253999,4.348428368380072,3.2264631816092493,4.703766825410464,3.4377153165252805,3.2720833421867606
144.54,4.25945614565573,4.326138592616686,3.2478089286209446,4.676336408948871,3.4103131870781778,3.246826602950891
144.56,4.237394399242138,4.348318952767052,3.2244536779074453,4.700463944393176,3.4314651024504843,3.2653991245821143
144.58,4.258863285581462,4.3259991151345645,3.2458876973029747,4.672906495256739,3.403960435223024,3.2401029105939165
144.6,4.236685341889391,4.348191431333877,3.2225847127646503,4.696949435253076,3.425052576798718,3.258667127478193
144.62,4.258083100470776,4.325848791086879,3.2441011318021995,4.669259349611435,3.397441230757948,3.233334993869021
144.64000000000001,4.235803191465294,4.348059914792009,3.220844084750788,4.6932121384360554,3.418470065425432,3.251894912022547
144.66,4.25714401329107,4.325700976998036,3.2424363257857607,4.665383503137766,3.3907485924676015,3.2265313417854316
144.68,4.234776215356516,4.347936977687309,3.2192182059782484,4.6892403338096775,3.4117113199320004,3.2450919028489946
144.70000000000002,4.256074086121479,4.325567441168772,3.2408789951287784,4.661267016271863,3.383877039838741,3.219702288264104
144.72,4.233632248252996,4.34783355769006,3.2176921245750245,4.685021921942698,3.4047716630760863,3.2382693476128734
144.74,4.254900875197217,4.325458267132915,3.239413508319064,4.656897663617398,3.3768227340656587,3.2128599614854427
144.76,4.23239854331342,4.3477588635423325,3.2162495628665657,4.680544612085471,3.397648124825821,3.2314402558633004
144.78,4.2536512787156395,4.325381766359317,3.238022932540356,4.652263124904643,3.3695836088443043,3.206018212290403
144.8,4.231101616900751,4.347720292805312,3.214872971164519,4.675796115638749,3.39033956735279,3.2246193167101014
144.82,4.252351379046385,4.325344401299732,3.236689095271201,4.647351180807246,3.3621594892366176,3.199192521201487
144.84,4.229767088579926,4.347723360462053,3.2135435969425776,4.670764343834514,3.382846797236049,3.2178227949666756
144.86,4.251026281081674,4.325350719790167,3.235392661122984,4.642149912309581,3.3545521968683416,3.192399883867191
144.88,4.2284195181559046,4.347771639332582,3.2122415690698825,4.665437608291367,3.375172663136778,3.211068405701493
144.9,4.2496999485411795,4.325403301709474,3.234113223534444,4.636647902256573,3.346765639717124,3.185658674998808
144.92000000000002,4.227082241599915,4.347866713149809,3.2109459966703247,4.659804823046482,3.367322137204208,3.204375167409763
144.94,4.2483950401054145,4.325502718686293,3.2328294108431,4.630834437658261,3.338805884756608,3.1789884911587087
144.96,4.22577720776063,4.348008143028625,3.209635082084242,4.653855706607042,3.359302378491498,3.197763234318256
144.98,4.247132747290046,4.3256475075259555,3.2315190061665895,4.62469971126204,3.3306812117502878,3.1724099730709527
145.0,4.224524817784811,4.348193447938256,3.2082862473253,4.647580982504359,3.351122776699929,3.1912537086582966
145.02,4.24593263599008,4.325834157904423,3.2301590804475264,4.618235020845392,3.322402146540845,3.1659446084548457
145.04,4.2233437691762274,4.34841809966212,3.206876273350748,4.64097257677379,3.342794974635064,3.1848684340779143
145.06,4.244812493614581,4.3260571147494495,3.2287261379456673,4.611432964621921,3.313981472260204,3.1596145167217995
145.08,4.2222509064011575,4.348675532601986,3.2053814513968284,4.634023810723347,3.3343328678537936,3.1786297717075964
145.1,4.243788183700283,4.328164670720871,3.2271962733977815,4.604287631092593,3.3054342169977264,3.153442217220568
145.12,4.221261079904023,4.35072891526479,3.2037852277031913,4.6267295872928536,3.3257525801113488,3.1725603607385975
145.14000000000001,4.242882909951108,4.328273650147962,3.2255584267241297,4.5967948292270755,3.296777616612521,3.1474503830563774
145.16,4.220404112684699,4.3508654202943315,3.202060772390927,4.619086723023855,3.3170724135952367,3.1666828978431005
145.18,4.24210555171322,4.328396247154811,3.2237738346843625,4.588952309810839,3.288031052281779,3.1416616913625854
145.20000000000002,4.219671388595798,4.351008918898528,3.200177647485988,4.611093833315486,3.3083127735856768,3.161019912281434
145.22,4.2414568367783705,4.330375935615598,3.2218184715632945,4.580759666003296,3.279215961096931,3.134153788286171
145.24,4.219071172310585,4.352917618371535,3.198119522609587,4.602751570875415,3.299496064617589,3.153725349671464
145.26,4.240939373409473,4.330319923087886,3.219681851588421,4.572218699692801,3.2703454795566733,3.127031300576391
145.28,4.218601176657223,4.352869032495014,3.1958602946011334,4.594062972533394,3.2884323581576558,3.146821007240333
145.3,4.240545095309796,4.330235513901644,3.2173261025235393,4.563333533793913,3.2593734322627284,3.120295366458071
145.32,4.2182484387068,4.352782531145544,3.1933707786930294,4.585015703187655,3.277582834830443,3.14029763268567
145.34,4.240270133667708,4.331963485673907,3.2147288223898447,4.554079041110484,3.2486211187348193,3.1139462387960495
145.36,4.218016331522443,4.354413712355338,3.19063659602431,4.575605103086369,3.2669590944306597,3.134166500818845
145.38,4.240125789693982,4.331599235448632,3.2118817798045014,4.544467512760204,3.2381008122809467,3.107994855570346
145.4,4.217922442769773,4.3540284002862455,3.187634002871765,4.5658447365538155,3.2565741907350296,3.128438192033874
145.42000000000002,4.240108493852339,4.3311480651782865,3.2087496396162263,4.53451370192113,3.227826288105508,3.10245142095907
145.44,4.217945528689211,4.353544546608031,3.184336761966382,4.555750431325148,3.246442608818123,3.123122429121605
145.46,4.24020614361569,4.3324519203494685,3.205313364834557,4.524234613718325,3.2178126770065796,3.0973250852244565
145.48,4.2180808363795625,4.354719089913718,3.180734354051456,4.5430614061605965,3.236580110152855,3.1182277671162364
145.5,4.240421977765234,4.331591610352962,3.2015691155828847,4.511503132628967,3.2080676767459764,3.092623805260017
145.52,4.218337880835247,4.353803346282707,3.176798262617411,4.530320308549204,3.2269886374451917,3.1137615154020644
145.54,4.240744462538742,4.330574317668027,3.197469871352317,4.4987232165156605,3.1986031416668728,3.088354200198455
145.56,4.2186875735210645,4.35271763316148,3.172501270525199,4.517534818890745,3.2176875121206026,3.1097295393402633
145.58,4.241153681772676,4.329373613212591,3.1930039405244437,4.485903586021375,3.1894387018417256,3.0845213317252678
145.6,4.219117390371609,4.351435189595108,3.1678327367493315,4.5047148784219795,3.2086966495182354,3.1061360886836393
145.62,4.241635865152451,4.327962593669012,3.1881617846449672,4.473055379456848,3.1805944798217505,3.0811286334392634
145.64000000000001,4.219612323077553,4.3499290365319965,3.162784272523536,4.491872829563628,3.2000363533109306,3.1029837550096953
145.66,4.242174810623591,4.32631423508764,3.1829362184028307,4.460192113297261,3.1720908811194377,3.078177815509016
145.68,4.220154988700824,4.3481721730896465,3.157349937826126,4.479023367161171,3.1917271014460677,3.100273347045074
145.70000000000002,4.242752003437573,4.324401593050766,3.1773226009491595,4.447329623955487,3.1639483760953366,3.0776563264954038
145.72,4.2207257570163215,4.346137780274794,3.15152642685492,4.466183470469417,3.1837893238830723,3.099909394017016
145.74,4.2433606721597,4.3221980098318245,3.1713190151631987,4.434485989812492,3.1561981478578995,3.0754312168698923
145.76,4.221328171406026,4.343799500921846,3.145313240371457,4.453372314911406,3.176262031721848,3.0979266107869092
145.78,4.243973969283994,4.319677515792283,3.164926432899349,4.421681508341078,3.148856187499599,3.0756317586032345
145.8,4.221910233381936,4.341131693429207,3.138712843736752,4.440611359059537,3.1691440479388295,3.09828373417948
145.82,4.244568485190049,4.316814714182968,3.158148864933531,4.408938606911938,3.141943896925086,3.0741322280866243
145.84,4.222471922509894,4.338109405172901,3.1317308068961878,4.427923868541764,3.1624733984654747,3.097022838260703
145.86,4.245113957244542,4.313585264244041,3.1509934903739625,4.396281459535459,3.135475903657845,3.07504178682566
145.88,4.222957983884351,4.334708846303668,3.1243759228815864,4.4153350348950395,3.1562471959648404,3.098082318344483
145.9,4.245583920251491,4.309965846730755,3.1434707640715116,4.383736067585856,3.1294717835063284,3.0762101591910938
145.92000000000002,4.2233655469113245,4.330907366973563,3.116660303353004,4.402871528840516,3.150501482649374,3.0993969983372693
145.94,4.24595939710327,4.3059346535040035,3.135594499655311,4.371329829495422,3.123954829330388,3.0776292015262623
145.96,4.22366221661575,4.326684007584665,3.1085994483210504,4.39056157791131,3.1452497857405572,3.1009569527557885
145.98,4.246207550913163,4.301471545478844,3.127381925604219,4.359091657424366,3.11893781911423,3.0773364206225566
146.0,4.2238147468967515,4.322019514553306,3.0980909260135974,4.378434673915891,3.140504079609948,3.100880589195786
146.02,4.246280807065244,4.296558204706803,3.1168114899509276,4.347034963166943,3.114420845940049,3.07938177320959
146.04,4.22376383406154,4.316880859369352,3.0874117260332428,4.366491590104359,3.1362554161330145,3.103047902532543
146.06,4.246149165779556,4.291149687423206,3.106077246768462,4.335178782061339,3.110417030513097,3.081626367807148
146.08,4.223503540155161,4.311241259023524,3.076576005789149,4.354765967153864,3.1325329986251265,3.1054041171486535
146.1,4.245790852336864,4.285234690119117,3.095194511871265,4.32355689262612,3.1069423001610574,3.0840488495873073
146.12,4.222999041360554,4.305090628385924,3.06560037429321,4.343291807478286,3.1293424888488226,3.107926312777838
146.14000000000001,4.245171085093713,4.2788043218154685,3.0841811559720544,4.3122033603657215,3.104001174976418,3.086624711754823
146.16,4.222215640752382,4.298421318580695,3.054503984232134,4.332103118436996,3.1266872066244487,3.110588409608102
146.18,4.244255335172723,4.2718522299295545,3.0730575742216386,4.301152033685298,3.1015957499970437,3.089326392738005
146.20000000000002,4.221119021519228,4.291228316650388,3.043308490829807,4.321233544231972,3.1245679633362835,3.1133613832964695
146.22,4.243009581824754,4.26437479428236,3.061846633726063,4.290436251375856,3.099725538003383,3.092123502284545
146.24,4.219675505458345,4.283509433339586,3.032037988187549,4.3107160692112885,3.1229829154281754,3.1162135019382964
146.26,4.241400573643173,4.2563713083345265,3.0505735986499896,4.280088542790213,3.0983873340117554,3.0949830684904085
146.28,4.2178523167349855,4.27526547718803,3.020718922698481,4.3005827153095595,3.1219274404164867,3.1191105829269423
146.3,4.23939609444726,4.2478441457847875,3.0392660317763998,4.270140323655763,3.097575102967866,3.0978698036996177
146.32,4.215617849709949,4.266500413007415,3.0093799822980585,4.290864236687912,3.1213940367635633,3.1220162676432284
146.34,4.2369652326214595,4.238798910537169,3.027953671398895,4.260621590678002,3.097279891823573,3.1007463872270917
146.36,4.212941939603011,4.257221502682036,2.998051960549633,4.281589814813764,3.121372248625675,3.1248923119486918
146.38,4.234078652653853,4.229244567909893,3.0166682826868287,4.251560618242153,3.0974897668462744,3.1035737629084443
146.4,4.209796134708012,4.2474394261046715,2.986767594856544,4.272786757348685,3.1218486161523997,3.1276988905244414
146.42000000000002,4.230708867556718,4.219193554836,3.005443482983621,4.242983660620973,3.098189776673223,3.1063114495619395
146.44,4.206153968806181,4.237168379944339,2.9755613784398087,4.26448020428378,3.122806651678732,3.1303949131921054
146.46,4.226830510773379,4.208661866700242,2.994314540871395,4.234914663138158,3.0993619412919604,3.1089178625534206
146.48,4.201991232334845,4.226426151849043,2.964469346119988,4.256692844772794,3.1242268418260646,3.1329383514679465
146.5,4.222420606074877,4.197669118377125,2.9833181492589294,4.227374985717045,3.1009852668111675,3.1113506447752988
146.52,4.1972862407565135,4.215234167623557,2.9535288343897688,4.249444648061459,3.1260866752212855,3.1352865737263795
146.54,4.217458833826749,4.18623857698983,2.972492173217054,4.220383142161079,3.1030357855916084,3.1116774579558646
146.56,4.192020098438504,4.203617508898053,2.942778216750187,4.24275261179587,3.1283606952625638,3.135587953966995
146.58,4.211913312949469,4.174397163908658,2.961875373787129,4.213954558366261,3.105475704161552,3.1137961882381
146.6,4.18615051253769,4.191604824648108,2.9322566157999512,4.236630530815619,3.1310017236258494,3.1375798226876768
146.62,4.205773737879406,4.16217522131425,2.9515071092604668,4.208101275456786,3.108279498167001,3.115614697270326
146.64000000000001,4.179694120893759,4.179228237958736,2.922003593238959,4.231088590267678,3.1339997994428868,3.1392500030556736
146.66,4.199042518462439,4.1496067993432035,2.9414270153670623,4.20283172682952,3.111423730108977,3.1151913967349683
146.68,4.172641755332264,4.164653537835909,2.9120588211992744,4.226133540070375,3.1373210856118976,3.138737781149313
146.70000000000002,4.191697676611892,4.134965225103883,2.9316674207487696,4.198150893134974,3.114862442157582,3.1145369248007873
146.72,4.164951962528917,4.149977790008152,2.902449144295967,4.221768417776897,3.14091046918895,3.137975117546139
146.74,4.183705766696529,4.120236287720702,2.9222628880057573,4.194059721895226,3.1185514465374156,3.115529503185739
146.76,4.156616948105425,4.135229078917647,2.9878502553416655,4.217992055413198,3.144731598630745,3.138760218450205
146.78,4.175086624564576,4.105449408549902,3.005785056297908,4.190553970966571,3.1224641268435382,3.1141410968232344
146.8,4.147670706496352,4.12043749398542,3.069618568115982,4.214796407327039,3.148764616873008,3.137225376130598
146.82,4.1658453390830665,4.09063414251644,3.085793601342169,4.187622889021519,3.126556687645968,3.112406135281059
146.84,4.138094583193875,4.105633245818085,3.1479853958163155,4.212169334377377,3.1529478531774777,3.1353269090553346
146.86,4.154205458732023,4.075822267481386,3.16251191891107,4.185252785967188,3.1307786211658053,3.1102903686234216
146.88,4.126229689299022,4.090841676007473,3.223167004037349,4.210095360918736,3.157238901677987,3.133024877697159
146.9,4.14214541704061,4.061031825825151,3.2361489903904395,4.183426514415044,3.1350867130207525,3.1077499982393544
146.92000000000002,4.113949700964417,4.076090999305799,3.2953657210892713,4.208555650142396,3.161593734180051,3.1302836324751064
146.94,4.129675975729991,4.046301967945765,3.3069004209661728,4.18212361052799,3.139436181183292,3.1047558115906257
146.96,4.1012671071423386,4.061421549539826,3.3669231883750177,4.207528028929725,3.1659668880417793,3.1270750441549415
146.98,4.116811477688953,4.031674112736251,3.376934502718409,4.181335333157801,3.1437810161528756,3.1012808004851213
147.0,4.088198097428924,4.046887741724977,3.4354994994863035,4.207013584887935,3.1703118762704863,3.123373285887329
147.02,4.103569989325568,4.017216693297036,3.4440936205924078,4.181043693428236,3.1480744194365897,3.0973003599365962
147.04,4.074762667945029,4.032545114605974,3.5013055290626034,4.206979019913429,3.1745815446439796,3.11915503375499
147.06,4.089973507471243,4.002971072067348,3.508580529729638,4.181214012491352,3.1522689354249445,3.092792489672542
147.08,4.060984733054489,4.018435850725316,3.5645357844111216,4.207388201952059,3.1787281717744627,3.11439966847925
147.1,4.076047815144326,3.9889801369030855,3.5705820735212153,4.181808803270946,3.1563166785593224,3.087737995578732
147.12,4.046891909766638,4.0046034414164,3.6253694480203897,4.208202228809277,3.182703745697349,3.109089475666611
147.14000000000001,4.061822382584356,3.975287860899978,3.63027027568169,4.182787853696039,3.1601696115722073,3.082120688937578
147.16,4.032515476629678,3.9910922373825386,3.683971398429828,4.209379530982538,3.186460243743636,3.103209843942947
147.18,4.0473303101599445,3.961938846279684,3.6878033055162187,4.1841083482165855,3.163779826789492,3.075927583663386
147.20000000000002,4.017890300047696,3.977946985768674,3.7404931187125827,4.210876010884472,3.1899499152804807,3.0967494607185757
147.22,4.03260823748424,3.94897785630433,3.7433263417232787,4.18572502379713,3.1670998301460607,3.069149090487324
147.24,4.003054725687086,3.965212357040956,3.7950735144824215,4.212645214699882,3.193125567032624,3.08970050412804
147.26,4.01769621650596,3.9364493388753528,3.7969723540890774,4.1875903567021,3.1700828276757087,3.0617792064950575
147.28,3.988050432863089,3.952932465639841,3.8478396582472003,4.214638533246179,3.1959408507935785,3.0820588294000344
147.3,4.002637546607642,3.9243969460658343,3.851093645525981,4.189654776518738,3.1726830143216542,3.0538156981161797
147.32,3.9729222501066985,3.94115038891023,3.901018653614569,4.216816019817151,3.198350553410014,3.0738241475952623
147.34,3.9874785701004885,3.912875706128767,3.903303781376904,4.191889497269137,3.174855913213562,3.045260275333118
147.36,3.957717930518613,3.9299305369680804,3.952349070648997,4.219135857462013,3.20031100915048,3.065000194536055
147.38,3.9722684813818874,3.901934909542321,3.953726033326113,4.194238319108731,3.1765587307167324,3.0361187552979563
147.4,3.9424880630743386,3.919309579128334,4.001947585645312,4.221541240748218,3.2017803008933305,3.0555948881145363
147.42000000000002,3.9570591528274757,3.891610196860462,4.00247047036246,4.1966439653837355,3.177750518668474,3.0264012123774697
147.44,3.925509328427025,3.909322006109381,4.0499179765794295,4.223974421817192,3.2027185075210527,3.0456204694627034
147.46,3.9401970473610968,3.8819245125591526,4.049634694922111,4.199048351477893,3.1783924738912632,3.016115824179055
147.48,3.9087270537144554,3.899981062281712,4.096351916755287,4.226376987100839,3.203088004473435,3.0350798980618783
147.5,3.9235525435816196,3.8729009171875903,4.09530451190886,4.2013928693879485,3.1784481982611976,3.005274644517926
147.52,3.892184005548478,3.891317470997129,4.141329679455079,4.228690148744217,3.2028536629876103,3.0239954594694733
147.54,3.907168988431014,3.8645683833649986,4.139554831589199,4.203618685324301,3.1778839464206503,2.9939022348701845
147.56,3.8759241723554068,3.883358342269827,4.18492105978822,4.23085504840607,3.201983228209836,3.0123939615421813
147.58,3.8910908979628362,3.856952086671196,4.182450455217321,4.205667049704462,3.1766690386065686,2.982027697716406
147.6,3.859992557999713,3.8761268113626066,4.227186096183595,4.232813073254156,3.2004476642808357,3.00030675867575
147.62,3.87536364366761,3.850073064346021,4.2240467802825155,4.2074796187644266,3.1747761643314205,2.969684684229754
147.64000000000001,3.8444348554813055,3.869641717756337,4.268175761277633,4.234506182087699,3.198221458024739,2.9877697411871744
147.66,3.8600331145467686,3.843947915385816,4.264390476483977,4.208998784544667,3.172181685443362,2.9569113644876333
147.68,3.8292970974948153,3.863917327276313,4.307932624535859,4.235877238753895,3.1952829214010534,2.974823285144669
147.70000000000002,3.8451453573348835,3.83858854529361,4.303520134518447,4.210168011369019,3.1688659371878387,2.943750355995387
147.72,3.814625286535345,3.8589631002769775,4.346491488515913,4.236870351305224,3.1916144911345827,2.961512158483718
147.74,3.830746197833732,3.834001958022451,4.341466889411591,4.2109321773468285,3.1648135254653096,2.9302486064256437
147.76,3.800465007797842,3.8547835080424475,4.383880000380115,4.237431215508424,3.187203023481309,2.9478853794358475
147.78,3.8168808468709763,3.830190096888757,4.378255019874085,4.211237919577721,3.1600136179918534,2.916457226742884
147.8,3.7868610286494944,3.8513778987834066,4.420119240053285,4.237507461448968,3.1820400815684304,2.933996023645694
147.82,3.803593494905631,3.8271497354490847,4.413902524987934,4.2110339818533795,3.154460226520507,2.9024312713193927
147.84,3.773856888937437,3.84874041382566,4.457439080327223,4.237049002070851,3.1761222121680586,2.9179329525080275
147.86,3.7909268997524777,3.824872418553846,4.450485704114484,4.210283089836128,3.148152476676951,2.8863754573322344
147.88,3.7614825052095204,3.8468688721800266,4.493318790581828,4.236028822242787,3.1694411279792782,2.901917379448196
147.9,3.7788968189153933,3.823363008861878,4.485638815778126,4.208946784929044,3.1410727777710767,2.8703883593164847
147.92000000000002,3.74976599557001,3.845755052573886,4.527778126968171,4.234399761441628,3.161993122734292,2.885992518395245
147.94,3.7675448612566256,3.8225995043135286,4.519378299469503,4.206979472323449,3.1332332940122893,2.8545143223175944
147.96,3.7387476147405962,3.8453744917223793,4.5608302710013495,4.2321179468724095,3.153793191561988,2.8702039558991923
147.98,3.7569097751730416,3.822555055613409,4.551714330306596,4.204339187654571,3.124651847446235,2.838800058337635
148.0,3.7284645271116115,3.8456979197606587,4.495483270519986,4.229143381399888,3.144862071372841,2.8545995304541845
148.02,3.74702704469297,3.823198059186749,4.487845000805556,4.200988928101328,3.115352071013886,2.918477119236379
148.04,3.718950458703259,3.846692058449887,4.4330202945894595,4.225442597912536,3.135226379392097,2.932303776073434
148.06,3.7379274840469696,3.824494458845484,4.426760703617972,4.196898183468963,3.1053624780878435,2.9942926728524135
148.08,3.710232726268801,3.848321068675188,4.373244387974153,4.220987257784909,3.124916209669577,3.008282563885972
148.1,3.7296358088710866,3.826406037029315,4.36826654997617,4.192040833949764,3.094715500174353,2.973040863821951
148.12,3.7023457677799336,3.850544333104746,4.3136980998872705,4.215753545417211,3.113977618943393,2.98527754634031
148.14000000000001,3.72219824212006,3.8288899595699903,4.3099873033122575,4.184064811484231,3.083473694402734,3.0458248631633698
148.16,3.695310877956743,3.853307885615867,4.256583328625956,4.207477099237864,3.102446996583887,3.0583539778925894
148.18,3.715606980183562,3.831880163794039,4.254038188876613,4.175426137756186,3.071639753440302,3.1171597169461553
148.20000000000002,3.6891407476515257,3.8565534866475213,4.201700809518016,4.198531233435933,3.0903601222326165,3.127951818415796
148.22,3.709898248199436,3.835327383918979,4.200236089322978,4.166111340457337,3.0568862530697296,3.185142801853163
148.24,3.683856413382729,3.8602299091916827,4.148881108501321,4.188904322755694,3.0754623119438445,3.194309293844089
148.26,3.705076800940361,3.839178551408164,4.148414245922739,4.156097954360317,3.0417960273254,3.249994765850308
148.28,3.6794604954840775,3.864282288061526,4.097960139095729,4.178560810473068,3.060249649200435,3.2576556606602094
148.3,3.701143051294469,3.8433771394922043,4.098411288099689,4.145366583303269,3.026413932044451,3.31195038131949
148.32,3.6759511840566246,3.8686524951471353,4.048779196228881,4.167499751809971,3.0447688254107037,3.3182187367446874
148.34,3.698093055188381,3.84786355554186,4.05007137625121,4.133918467012472,3.0107886190647166,3.3712309190241734
148.36,3.6733223001406636,3.8732795367225346,4.001185405418326,4.155724596646102,3.029070356452548,3.376213152180268
148.38,3.6959184357927266,3.852575543207087,4.003244742624062,4.121759330764967,2.9949724628527563,3.4280447137702517
148.4,3.6715631804063245,3.8780999605293585,3.955032124260143,4.143243365930308,3.0132083604073365,3.4318408712409663
148.42000000000002,3.694606295069804,3.8574485938151826,3.957788017296399,4.108899556284478,2.9790213160993155,3.4825876546167307
148.44,3.6706586153143594,3.883048270178234,3.9101792818984302,4.130068814819655,2.9972402914132563,3.4852916491732486
148.46,3.6941391776085233,3.862416362793885,3.9135645800039245,4.095354336759369,2.9629942204716264,3.5350436182679497
148.48,3.670588838337897,3.8880573432586614,3.8664937434152957,4.116218578220265,2.981226627994826,3.5367434407302705
148.5,3.6944950840962294,3.867411088951867,3.870444935818069,4.081143812435667,2.946953071316298,3.5855848605825624
148.52,3.6713295633382983,3.893058851511529,3.823849696943128,4.101715294967496,2.9652305151591323,3.5863627733508316
148.54,3.6956475313106445,3.8723640151276735,3.828307112240898,4.06629318280371,2.9309622361040355,3.634372377595869
148.56,3.6728520667568145,3.89798368173777,3.782129060803969,4.086586706461294,2.949317360591449,3.634305094861076
148.58,3.697565655115124,3.877205809036544,3.7848132662791953,4.050832790989844,2.915088127499506,3.681556244810235
148.6,3.6751233109217836,3.902762356431258,3.7391179388092275,4.070852976879157,2.9335543864123896,3.6807151033070404
148.62,3.7002143526156486,3.8818548956336048,3.7422787336897656,4.034775471573885,2.8993986943970627,3.727275941503344
148.64000000000001,3.679962882289322,3.9073038124518233,3.6970172870777995,4.054543155734478,2.9180100052105398,3.7257270645130305
148.66,3.7053263976005817,3.88624404426683,3.7006069384520672,4.018163687372016,2.883962823605915,3.7736519644818483
148.68,3.6852934348858604,3.911559991954308,3.6557340585260274,4.037702187728927,2.9027534025457276,3.7713247710324986
148.70000000000002,3.710919762134441,3.8903141103408734,3.6597085461238583,4.001044909773411,2.8688572043531373,3.818531199254863
148.72,3.69109509763209,3.915463008120291,3.6151827055355454,4.020379983595961,2.887870068699782,3.8154961399957505
148.74,3.7169603136266467,3.893997933453686,3.6195017960239997,3.983471580794837,2.8541590684834723,3.8620521252658846
148.76,3.6973187649032213,3.918946435393846,3.575285361780475,4.002631478496961,2.8734271970472642,3.8583730778398726
148.78,3.723396469761139,3.8972298986463536,3.5799127746095984,3.965501081364605,2.9420902887296143,3.904340036792072
148.8,3.703910563856116,3.921945550346821,3.5359721695699,3.9845163196957842,2.959358209724499,3.9000735209243924
148.82,3.7301721049367,3.8999462997580947,3.5408757458472193,3.947194358725001,3.0261648672840167,3.9455042265918188
148.84,3.710812299250635,3.924397745830718,3.497181610118057,3.96609508935906,3.041574583434135,3.940699898098165
148.86,3.737226993419038,3.902085752717692,3.502333476737452,3.9286133027724186,3.106658927251673,3.9856416683772804
148.88,3.717961898342905,3.9262429435605015,3.4588608095753735,3.947432164536488,3.120343127218062,3.9803437593225754
148.9,3.7444972781123647,3.903589607298544,3.4642375310157023,3.9098246514016766,3.1838308142143457,4.024838596527216
148.92000000000002,3.7252939095507367,3.927424005312408,3.420965839498144,3.9285964761365912,3.1959135647711783,4.0190861133915865
148.94,3.751915981833872,3.9044023577034497,3.426548577835546,3.8908994526576324,3.2579223261959833,4.063170912487478
148.96,3.7327400184251043,3.927887143271971,3.3834620197003464,3.907263515550788,3.2685196456855428,4.056997849820338
148.98,3.7594135271858686,3.90447205261351,3.389236680757216,3.869650423163238,3.3291515690172453,4.100704620043009
149.0,3.7402295702500794,3.927582330061506,3.3440254370918385,3.8861383618586873,3.3383621289376975,4.094140132074514
149.02,3.7669182609159937,3.9037507049418476,3.3500421047220774,3.8486231675637335,3.397721643358384,4.137496107096542
149.04,3.747690094892573,3.9264516482374963,3.3050033056719506,3.8652531341896266,3.405647963981153,4.132611858736559
149.06,3.774356977932313,3.902169038052596,3.3112547901509517,3.8278647445596086,3.4661263399866686,4.175534235918745
149.08,3.755058036558766,3.924441057527266,3.266382371331867,3.8446667293942167,3.4726961233645315,4.170190569478069
149.1,3.7816736848064525,3.899689930506041,3.2728649755749535,3.8074484573913465,3.5318875016277307,4.212717652281768
149.12,3.7622654672556513,3.921516047726188,3.2281565442077635,3.82446344382417,3.537212871019686,4.206935291620334
149.14000000000001,3.788790949603579,3.896281534328177,3.234870281491574,3.787444257427395,3.595226945737978,4.249084784169567
149.16,3.7692350450940157,3.9176474746884473,3.190327250123195,3.8047023966861073,3.599410807789274,4.242879478693662
149.18,3.795631525318574,3.891917501311932,3.1972758530292418,3.7679118781308896,3.656347967644837,4.284664254384516
149.20000000000002,3.7758897828937634,3.912811884306081,3.152903350639099,3.785443847478102,3.659484419230565,4.278047122324082
149.22,3.802118767739851,3.8865773573764786,3.160094197422071,3.7489119342653883,3.7154362999610964,4.319475569223586
149.24,3.782153539971031,3.906991880284164,3.1159010583948437,3.766748670826801,3.7176111233468583,4.312453443094467
149.26,3.808177125238996,3.8802468625037188,3.123345132628748,3.730505382327585,3.772661118396374,4.353529811414099
149.28,3.787951509848011,3.900176476819403,3.0793438528293895,3.748677803424667,3.773952245269939,4.346105583826914
149.3,3.8137326241903873,3.8710221130530447,3.0870556668021627,3.7127529565529462,3.8281759825360844,4.386830332448028
149.32,3.7932107033869977,3.8905416651983495,3.043254810070484,3.7312916692206555,3.828653932453633,4.379003299512226
149.34,3.8187046187775575,3.8609244949449955,3.0512433177701506,3.6957145338045567,3.882119722988746,4.419373438968737
149.36,3.7978420079979793,3.88003468665716,3.0076629135412745,3.714649456225496,3.8818480200154477,4.4111395816216366
149.38,3.823015013389757,3.849956035544478,3.0137301176327385,3.6794484660916673,3.934617282230002,4.45114891770164
149.4,3.8017794614181097,3.8686602084618054,3.0703649944816407,3.6987965722317497,3.9336528523327385,4.442501246331176
149.42000000000002,3.8265993663056967,3.838111659090874,3.0746147725252455,3.663983812094619,3.9857804441181326,4.48214081845698
149.44,3.8049602742449435,3.856400837666136,3.129520840498641,3.683772703870665,3.9865027634119174,4.473069755861396
149.46,3.82939657452785,3.8253888894218835,3.13424138586319,3.649373716592601,4.03791357538051,4.512339619326188
149.48,3.8073250660072597,3.843271470573419,3.1874165419595353,3.669650665808561,4.037881669230391,4.502845810482495
149.5,3.8313492226118804,3.8118180601329397,3.190413238080727,3.6357142354880456,4.088629887164282,4.541730556208758
149.52,3.8088186402896445,3.829319436652453,3.241979404909905,3.6565008818869145,4.087895623070812,4.531798259384744
149.54,3.8324044262275594,3.7974360880909117,3.243373941468936,3.6230462123169866,4.1380280075778915,4.570280759138707
149.56,3.8093905665203582,3.81456967213938,3.293449353411732,3.644362524254064,4.136635822035381,4.559892674510223
149.58,3.8325142212635783,3.7822712397543414,3.2933592987586415,3.6114070381221213,4.186192040547399,4.600007319159888
149.6,3.8089953871487308,3.7990537730025875,3.342058328380838,3.633271023434583,4.184179478625403,4.589007238761403
149.62,3.8316438478883343,3.7663584736090803,3.340597147435718,3.600830090722225,4.233201063656321,4.628534196442268
149.64000000000001,3.807609959293432,3.7828100847527466,3.3880302722106577,3.6232575292372706,4.230608661710073,4.616905908172394
149.66,3.8297639337630223,3.749739583710063,3.3853073125823046,3.5913442664495263,4.27912113562247,4.6558293960942905
149.68,3.8051979412759,3.7658837722679124,3.431581059812357,3.61434853810791,4.275972657401204,4.643555301413168
149.70000000000002,3.826841243726489,3.7324630832962726,3.4277015148610253,3.582973579541953,4.323996098422857,4.583406411236759
149.72,3.8017293078040137,3.7483266331212026,3.472918390726609,3.6065653724590683,4.320310051736303,4.572694995470598
149.74,3.8228497775631918,3.7145840742042204,3.4679832454353305,3.575736637338334,4.3678602404817815,4.514027909848393
149.76,3.7953455082584626,3.7301969893152056,3.5122416528014164,3.5999237712871826,4.363651901785008,4.5047613216011255
149.78,3.816010668866142,3.6961550456127004,3.5063476178367847,3.5696463163212644,4.410740543686803,4.445337462186018
149.8,3.787996579899843,3.7115403114235828,3.5497417289280633,3.594433609097353,4.406020561172456,4.437463287027495
149.82,3.8081931606786448,3.677234352562648,3.5429810746162453,3.5647095209890507,4.452646299182996,4.379321126804853
149.84,3.7796581426892977,3.690499810257759,3.585600747660131,3.5900986822161065,4.447411243482728,4.372734254895964
149.86,3.7993847754986385,3.6560740678449988,3.5780509849155164,3.5609269467199387,4.4935783638968365,4.31576999645358
149.88,3.7703193569360183,3.6692587858197907,3.619973923759501,3.5869163935833583,4.487831788769939,4.310368850669203
149.9,3.7895677580633373,3.6347448210448,3.6117195799179025,3.5582927556573134,4.5358650333184665,4.254482277732072
149.92000000000002,3.7599749608777104,3.6478815587607616,3.65302784586823,3.5848776670501774,4.5294442936447545,4.250180672817153
149.94,3.7787504557837606,3.61331282279316,3.644148767784545,3.556805042495521,4.57683182993974,4.195284752586138
149.96,3.7486364229148954,3.6264363147403897,3.684919775506431,3.5839849074357635,4.569740898544404,4.191987430831606
149.98,3.7669475465427795,3.591848096048979,3.675491135607434,3.5564513312942285,4.616486305284995,4.137988451801864
150.0,3.7363216501504453,3.604994887636892,3.7157976810853177,3.584213627471547,4.6087249128432095,4.135604376444263
150.02,3.754180145811263,3.5704241285363607,3.705889929071299,3.557204237316938,4.654827646245387,4.082412864808377
150.04,3.7230550496405503,3.5836323808045463,3.745800058041455,3.5855334491978232,4.646391748554733,4.080855432819206
150.06,3.740475965802078,3.549117462870246,3.7354788473074154,3.559030542037157,4.691847720681398,4.028386377036881
150.08,3.7088677197358675,3.562426724928603,3.775055834367007,3.587908230908403,4.6827300513267875,4.027573650559527
150.1,3.7258694912102586,3.528007223074563,3.764382017775869,3.5618913472871685,4.727532168110104,3.9757467458492557
150.12,3.693797609077943,3.5414581732404145,3.8036843611187683,3.591296249226995,4.717722752590229,3.9735228469432675
150.14000000000001,3.7104021188763565,3.5071745802380914,3.7927140019714334,3.565742282671137,4.656873439136186,3.9223714129318488
150.16,3.677880273919484,3.5208087373079593,3.831795434555318,3.595650431522145,4.648703739592544,3.9208074886584425
150.18,3.694102448857093,3.486702107899751,3.8205798334495253,3.5705344977688,4.589409618203883,3.8702660021886626
150.20000000000002,3.6611578613407985,3.5005614300216887,3.859489350877321,3.6009203642391117,4.582762356801989,3.8692977189271542
150.22,3.6770271790959312,3.4666730598532896,3.848075091884353,3.5762156135259406,4.524907732489844,3.8193049411031184
150.24,3.6436905646086033,3.4807996943235957,3.8868570052160893,3.6070510622358936,4.519668231791899,3.818872388673597
150.26,3.6573932712430186,3.447170821511099,3.8752860234744695,3.5827282453255056,4.463140196482984,3.7693716624521416
150.28,3.6238007015093965,3.461598368090003,3.9139800218676277,3.6139827498252286,4.459196577642656,3.7694107800896908
150.3,3.6372836496607155,3.4282603243057923,3.9022896279534063,3.590010416145563,4.403885224816804,3.7203401701797234
150.32,3.603465163505293,3.4430310509295117,3.9431270282243913,3.6216512635470166,4.40112857741837,3.7208012346113146
150.34,3.616759391413454,3.4100246911801184,3.9312008713077606,3.5980067016905792,4.346927114745106,3.6721146112227636
150.36,3.5827474594772664,3.425189241188921,3.9718506299704743,3.6300068959486214,4.345251815170189,3.672953041796089
150.38,3.595886567146811,3.390654067413385,3.9597318749659935,3.606653247715759,4.2896616132578345,3.6246095687471795
150.4,3.561716180023431,3.4063183814916385,4.000221743466343,3.6389749102508655,4.28904965259635,3.6257763691565326
150.42000000000002,3.5747272335387295,3.3722477484587974,3.987937376710369,3.6158634975348876,4.234413010242294,3.5777294454321686
150.44,3.5404252909731864,3.388437311930006,4.028303045662514,3.648459731168453,4.234772162612271,3.57919149838266
150.46,3.55334732655592,3.3548569946909526,4.015885073359432,3.625551906199571,4.180997788160151,3.529271546779104
150.48,3.5189539136535113,3.3715959814457954,4.056155905639156,3.6608490011213206,4.182239341973418,3.531065390737019
150.5,3.5318186271534415,3.3385304464518146,4.04363021663677,3.637933931942497,4.129241177721642,3.4813976720445647
150.52,3.497364900910372,3.355841531019531,4.083844159144136,3.6732383388035035,4.131281853908977,3.48350134325247
150.54,3.5102159556235235,3.3233136139708805,4.0712419092364796,3.650278417552314,4.078975376970836,3.434065165497081
150.56,3.475746205096149,3.3412177983242377,4.111414559996692,3.6855527916722606,4.081733510361487,3.436461393407776
150.58,3.4886289301841824,3.4067134408531707,4.098748414029348,3.662508470474777,4.030038273171863,3.387240886564052
150.6,3.454188890973036,3.423094340685675,4.1388895919541415,3.6977137452118836,4.033436471909502,3.3899172904574955
150.62,3.4671493909957865,3.489046287766541,4.126166012748761,3.674543919650503,3.9822763214952412,3.3409015635276544
150.64000000000001,3.4327844508376235,3.5038715372587887,4.166292118765192,3.709639741430283,3.9862416927822037,3.343850786531638
150.66,3.4458787332075977,3.568345733151763,4.153522326171517,3.6863022362517754,3.935545007642686,3.295034059795469
150.68,3.4116458072376847,3.5817442781577955,4.19363177145354,3.721247506388211,3.9400094001020016,3.2982539272773264
150.70000000000002,3.424920303307642,3.6448663900704523,4.180812237124956,3.697699486847544,3.889709344874351,3.2496357363587984
150.72,3.3889910292807093,3.656955977309961,4.22089992763144,3.732452636928424,3.894609607022737,3.253129338615014
150.74,3.4025558544096834,3.7188299400464415,4.208023651872616,3.7086509647431263,3.8446444032280302,3.204705301830918
150.76,3.3668824376526745,3.7297096663286657,4.248081168335415,3.743170352759955,3.8499226553012926,3.206343184133421
150.78,3.3807737736506724,3.790441060416571,4.235137837013073,3.7190719762099076,3.8002358104647245,3.158230378048472
150.8,3.345383822116313,3.8002096787421284,4.275153692946297,3.7533162622146046,3.8034338264933267,3.1601945778486757
150.82,3.359627063645184,3.859894209385226,4.264359179659466,3.728878585958899,3.754090605031631,3.1123914681026266
150.84,3.324558249912629,3.8686410900511565,4.304206124866113,3.7628050845700396,3.757626166822705,3.11468427111
150.86,3.3391899856386416,3.9273752843046825,4.293179777743455,3.7379847311802377,3.7085842165825813,3.067204191508124
150.88,3.30447944233046,3.9370793075908357,4.33284398915641,3.7715536032614363,3.712416151455157,3.069840458186504
150.9,3.319535606813365,3.99483349801946,4.321582983216115,3.7463098536588206,3.663637692764707,3.022700620518679
150.92000000000002,3.2852269475000098,4.003536761940634,4.361056446021391,3.7794826771164285,3.6677295353038994,3.0256991578292065
150.94,3.300750735701095,4.060392382378877,4.34954044671416,3.753776397901444,3.6191816413147744,3.0798934750707345
150.96,3.266878352150123,4.068173043149635,4.3888006967198665,3.78651646567333,3.623501856792035,3.0809969658514844
150.98,3.282901488249563,4.124202140769749,4.377006562803998,3.760310316259388,3.5751554257741063,3.1333913715325856
151.0,3.2494969194959946,4.131129091596006,4.416028475498038,3.7925828767721277,3.5796758181750996,3.1327220660878914
151.02,3.2660488428974173,4.186394886719322,4.403930657667168,3.765841599886643,3.5315060138419363,3.183438956683669
151.04,3.329674888023174,4.192528419636882,4.44268684757548,3.7976141274680226,3.536203841478443,3.181116430402453
151.06,3.344649509897575,4.247085208976975,4.430257776374103,3.770304821707008,3.488191464176013,3.2302745558386934
151.08,3.4068208256143753,4.25247589460002,4.468718981078083,3.80154729201512,3.493049711392154,3.2264144895434796
151.1,3.420343071176783,4.306369905660585,4.455929428409772,3.7736396916673,3.445181374091479,3.274129079233544
151.12,3.481178896794027,4.311061464400357,4.494064872700123,3.8043248558116267,3.450188929976258,3.26884467184581
151.14000000000001,3.4933649781039686,4.366240539673513,4.480884314511267,3.7757916035867445,3.4024572043898895,3.3152282111656697
151.16,3.5547932566289866,4.370131506104575,4.518671012480691,3.805895254975752,3.407609025818782,3.308630010476426
151.18,3.5656199364964443,4.424563363513612,4.505077789471653,3.776712209027489,3.35752446634739,3.353801544351038
151.20000000000002,3.6257656322812912,4.4277065818918295,4.542481523498011,3.806213538106842,3.3628900237530646,3.3459937430667663
151.22,3.6353528911653537,4.4814292423838085,4.5284420732403685,3.7763469294595313,3.312942598419155,3.3900462063782713
151.24,3.6943323465761733,4.483857866117034,4.565428305399173,3.8052134120995063,3.3185240482515708,3.381133469748972
151.26,3.7027899525495163,4.536902248825862,4.550908785001864,3.7746472281262062,3.268717450626691,3.4241701352170457
151.28,3.760709381825406,4.53864269900475,4.587442764550269,3.8028663381444714,3.274521264726472,3.4142540312291945
151.3,3.7681374784162585,4.591033270859922,4.572409363246895,3.7715884622769535,3.22486371141092,3.4563748991382055
151.32,3.8250936099585053,4.592105863892827,4.608456577465059,3.7991516568584873,3.230900839271125,3.4455537156761475
151.34,3.8315832399842846,4.6438612544041895,4.592875889832001,3.7671540947258095,3.1814051032384323,3.4868553434411043
151.36,3.887663851776366,4.644280797148409,4.628402347328754,3.791624436622983,3.187690964958334,3.4752239052939293
151.38,3.893297459529636,4.695414379948844,4.612241648152921,3.75905293935912,3.138364460960247,3.5157992366067243
151.4,3.9485818903266807,4.695190731223457,4.543254848610088,3.782975561748709,3.144906936184783,3.503448673508122
151.42000000000002,3.9552852288063267,4.646569696743387,4.528770776665346,3.749829651194792,3.095772136029407,3.543386751602056
151.44,4.009742959233548,4.647911511336867,4.4613318641704325,3.773204988454271,3.1025960147375886,3.5304116463412667
151.46,4.01559759912578,4.600773568344001,4.448400311476421,3.7394878248834624,3.0536796744546897,3.5698059351714595
151.48,4.06930592165154,4.603582631895412,4.382386533953055,3.762319511119023,3.0608138382835497,3.556288505347368
151.5,4.07438568628,4.557829532458215,4.370888072380985,3.7280375625717035,3.0121468808120433,3.5952189413246014
151.52,4.127412489240865,4.56200830918762,4.306181307966144,3.7503326394484873,3.0172111425076267,3.581237436538558
151.54,4.131781946481852,4.517542626199718,4.296001351895171,3.715495844948067,3.0770014074210787,3.6197654746698937
151.56,4.184186262832884,4.522994357342243,4.232488349452673,3.73725244725533,3.0801132967772724,3.605382150481956
151.58,4.187901294059193,4.479719593735827,4.223517414333067,3.7018581219634945,3.1380508498851643,3.643579146811306
151.6,4.239733788848774,4.486348414827861,4.161089983330563,3.7230897481665743,3.1393340369055514,3.62886384755893
151.62,4.242842222483638,4.444169129874735,4.150965148286445,3.687154023970178,3.195542027834916,3.6667969210479376
151.64000000000001,4.294145952508543,4.4518802050319835,4.089633435113416,3.7078692233821764,3.1974695429331264,3.6539201633802754
151.66,4.296688253117058,4.410689476983499,4.080573441822926,3.6714014929875676,3.251954034020486,3.6915702303851208
151.68,4.347509627497014,4.419378942804008,4.020246277047598,3.6916345586303643,3.2521803471549386,3.6783944682544822
151.70000000000002,4.34953073865009,4.3790851652456135,4.012161217631976,3.654674204493058,3.3050868192793716,3.7158326731520197
151.72,4.401724440094534,4.388662008825189,3.9527523886229385,3.6744501829700447,3.303746626358211,3.7024255285966383
151.74,4.403118810550434,4.349184988339775,3.9455575154974523,3.6370248596627754,3.3552066755514556,3.7397247951884824
151.76,4.4547232964182335,4.359567540793307,3.8869861623283515,3.6563730650785886,3.352430143641031,3.726156326843537
151.78,4.455520734438673,4.320817544354348,3.8806020829784305,3.618514593525596,3.4025710268448335,3.763374462753824
151.8,4.506563536322713,4.331916730458567,3.822792880204917,3.63746857546348,3.398483745303595,3.7496988433541665
151.82,4.506786779252422,4.293805989130074,3.8171457629413097,3.5992129289860366,3.4474281974920187,3.786887664943532
151.84,4.5572885607988605,4.305534706445228,3.7600291703712063,3.6178104516641985,3.442150934930884,3.773153130903888
151.86,4.556953866165076,4.267977617177579,3.755051060037287,3.5791976993071146,3.4900169499052818,3.8103584423166184
151.88,4.606929099434444,4.2802509449386505,3.6985636463418237,3.5974806745202006,3.4836654989032554,3.7966073011966706
151.9,4.6060468959230425,4.243164281807546,3.6941928058853066,3.5560435789912077,3.530566146578916,3.8338689224627602
151.92000000000002,4.655504496726021,4.255899700085591,3.6382775940892236,3.5741371036591207,3.5232368345427023,3.820137607719827
151.94,4.654079995151318,4.21920283545881,3.6344460775855256,3.532456105004367,3.569269291328784,3.857489388463259
151.96,4.703023918286152,4.232320454375536,3.576671994761607,3.5503992784927907,3.5610688296275783,3.843808416413622
151.98,4.702934465582954,4.195935509616709,3.573396366058418,3.5085051052075924,3.6063369870522357,3.8812783702425726
152.0,4.652830426101097,4.209353542157822,3.516080970643427,3.5263276654249838,3.597366429549867,3.867681038505259
152.02,4.654282734010661,4.173201121955759,3.5133221194489304,3.484263259550477,3.641968491137328,3.905298551943464
152.04,4.605619727917257,4.186846816407042,3.456427503339708,3.502009139479522,3.6323231737468236,3.89180439262951
152.06,4.606615117916366,4.1508566988985285,3.4541518717675093,3.4598196766487526,3.6763517143483266,3.9295862973321243
152.08,4.559392092882582,4.164652436063493,3.397645848208049,3.4775348551950134,3.666121227469736,3.916200981372324
152.1,4.561808358234863,4.128748903236711,3.3958257199105346,3.435267569018123,3.7096630303365052,3.9541523226542497
152.12,4.515920706479878,4.142629466676709,3.3396820148913533,3.45299986755863,3.6989310659113896,3.9408860076920376
152.14000000000001,4.5196539280706824,4.1067502423015885,3.3382957563815614,3.4107038335967155,3.742066988422899,3.9790142681379335
152.16,4.474998215528441,4.120654192577586,3.282494325533756,3.4285026714468323,3.7309113055296845,3.965872145588168
152.18,4.479945733903925,4.084740966473023,3.281526655215275,3.3862285495916344,3.7737163103447107,4.004179934492593
152.20000000000002,4.436419949065292,4.098610939127235,3.2260539220268143,3.4041446593950506,3.7622087587160578,3.9911625291629553
152.22,4.442480520133655,4.062609666853298,3.223185692203031,3.3619443952499326,3.8047518974539174,4.03172562216023
152.24,4.399984237604961,4.076392679272773,3.168145728350908,3.380015987433516,3.7929584244347136,4.018684828215802
152.26,4.407068361905072,4.038244777176406,3.1657106864624085,3.3379322996845247,3.8353110155274472,4.0592500666260225
152.28,4.365513922238064,4.0519559972726125,3.1110909217301304,3.3562124870684844,3.823301070188087,4.046187387779135
152.3,4.37351262901061,4.0136599875752035,3.1090797796581593,3.3142995432832874,3.865518909208632,4.08675420780074
152.32,4.3327911357327284,4.027260640799706,3.054881067755477,3.332841575076105,3.853345197115751,4.073665314131488
152.34,4.341607938385944,3.9887785197720738,3.0532961636759137,3.291153590164451,3.8954784800517253,4.114227471315279
152.36,4.301624223771573,4.002233823151119,2.99952454448093,3.3100104215874486,3.8831881703725606,4.101102654322306
152.38,4.31116486659809,3.96353175739464,2.998373525288789,3.268601219419525,3.925281562702905,4.1416488910890905
152.4,4.271826186053049,3.9768112294153704,3.051077401676518,3.2878250721381708,3.9129163747607816,4.128473657596618
152.42000000000002,4.2819988595817655,3.937859767763051,3.04797534319528,3.246746607804718,3.955009106838202,4.1689882345474985
152.44,4.243215110295613,3.9509360784112055,3.0988272919093567,3.2663862324068083,3.9426054154735697,4.155743835049232
152.46,4.253930677432014,3.9117082399635503,3.0938889824990605,3.2256883992437633,3.9870920908328475,4.196207045575964
152.48,4.215614619101925,3.9245576281754824,3.143004838806485,3.245791030651184,3.974517147788231,4.182882302851851
152.5,4.226786833134636,3.885031325455321,3.136344256005996,3.2055316151366675,4.018879764932409,4.223283251832153
152.52,4.188854376395231,3.897635124006396,3.1838387367353342,3.2261537721588556,4.00617647795757,4.209850289497485
152.54,4.200400236922343,3.857793453139954,3.1755690156576097,3.186377655785951,4.0504545955839895,4.25016061151169
152.56,4.162770674407958,3.87013828609173,3.2215557592917956,3.207560899894355,4.0376583064643645,4.23658891396936
152.58,4.174610551293896,3.829969731344986,3.2117890672144225,3.1683105673194047,4.081884024677857,4.276777844271407
152.6,4.137206744152615,3.842047704863588,3.2563804055302734,3.1900937967707996,4.0690227625373545,4.263034666172888
152.62,4.14926464651589,3.8015463340312157,3.245227748830944,3.1514088755687024,4.11322111791138,4.3030694356198715
152.64000000000001,4.1120132943297705,3.811369286973354,3.2885345633458454,3.173827901553791,4.100316006061386,4.289120190311421
152.66,4.124217149388451,3.7706424513778036,3.27609770440457,3.1357447314503717,4.144505387025773,4.32896640024153
152.68,4.087036912522016,3.7802588751775357,3.3182199054393573,3.1588318406202274,4.131571068047279,4.316876621501986
152.70000000000002,4.099308921119673,3.7393094952481185,3.304607720610545,3.2390378872677816,4.1757636443918615,4.356391643161471
152.72,4.062147514624184,3.748723956823522,3.345653467073579,3.2601708624944674,4.162816719022125,4.343898968814393
152.74,4.074434691745457,3.7075594533752536,3.3309720790784527,3.3386013897302087,4.207026415017677,4.383044685952944
152.76,4.037231931981057,3.716781249481839,3.371045109949583,3.357941740497941,4.1940665082019075,4.370111633572911
152.78,4.0494756553647475,3.675413767322169,3.3553977617927617,3.434745733295595,4.238290910626319,4.408848663890416
152.8,4.010234854933829,3.684456955949102,3.3945998837702875,3.4524392613091215,4.225313228278942,4.3954366385290005
152.82,4.022455992051215,3.6428935477040816,3.3780877819314354,3.5277513746384495,4.269545776705797,4.433714790339615
152.84,3.983111852797418,3.651769051209573,3.4165184866611074,3.5439296724068003,4.256541422236206,4.419773676500686
152.86,3.9952660603001475,3.610031803422517,3.399240384042117,3.617871549310242,4.300771670634531,4.457553592519043
152.88,3.9557754566021535,3.6187637952959486,3.4369965159616127,3.632653330647419,4.290149586513012,4.443045310554743
152.9,3.967822827320705,3.5768796087769323,3.4190484468315177,3.7053347519108644,4.334239779223739,4.480299424431767
152.92000000000002,3.928147245026442,3.585497152880736,3.4562239178196976,3.7188375520384565,4.3234062572717775,4.465198972332242
152.94,3.940052691848521,3.5434977146662336,3.4376988589972095,3.7903648604204565,4.367343231400618,4.501886696056729
152.96,3.900158560334469,3.552034724606032,3.474384376956388,3.8026832731488307,4.356283708353799,4.486155129138412
152.98,3.9118920407072078,3.5079040526430476,3.455372002720104,3.875534514265114,4.400049678408597,4.522236842320472
153.0,3.871750864899549,3.516460261845662,3.4916440778235063,3.886560413813964,4.388761413370587,4.505836373957473
153.02,3.8832754447984836,3.472299032544245,3.4722324682291146,3.958179141391467,4.432346747147795,4.541273863500797
153.04,3.842854044710253,3.4809089811698013,3.508187047213049,3.9680139830771273,4.420803879726113,4.524168308027198
153.06,3.854150877942659,3.436753281601688,3.4884572197155443,4.038498565307674,4.464180311934083,4.453446176405372
153.08,3.8134321877000388,3.445454738311309,3.524172430644813,4.047231308189239,4.452353997086277,4.437961967493258
153.1,3.8244888589055805,3.4013439454935557,3.504201284975616,4.116667790417091,4.495491160893498,4.368723228365722
153.12,3.783462981641917,3.4101777259299406,3.5397510230698654,4.124375962631404,4.483351797248018,4.354729706756774
153.14000000000001,3.792342735925041,3.3661542904706656,3.5196110813967847,4.19283925775543,4.5262175965723594,4.286845501514537
153.16,3.751109791683511,3.3751545796398617,3.555064772679572,4.19959005205964,4.513733254084822,4.272066788515391
153.18,3.7597993720555873,3.3312562488968713,3.5348239121964737,4.2671450230652415,4.556293489085979,4.20550841288912
153.20000000000002,3.718349639393901,3.340469786587796,3.570246218359797,4.272996283712529,4.54341819744881,4.192016490763143
153.22,3.7268425880014826,3.2967448307752263,3.549967486500315,4.339698711208439,4.58562755352275,4.126675174640398
153.24,3.6851812544402383,3.3062204322695607,3.58541823981737,4.347161993652494,4.572327389392501,4.114362907186643
153.26,3.693484325400484,3.262719214971869,3.565159736499808,4.412919697438421,4.6141616032775525,4.050135565216924
153.28,3.651621514774166,3.272507480292489,3.600704520443971,4.419382978720966,4.600414532634925,4.038901694703932
153.3,3.6597465095642634,3.229282088477627,3.580527194421269,4.484247009905886,4.641834920414709,3.9756914435889668
153.32,3.6176974227227157,3.23742782206489,3.6162141987828327,4.489759005371679,4.62760328964825,3.965440886786829
153.34,3.625661331463767,3.194636591019203,3.5961552049611223,4.553770979531683,4.668570847724884,3.9031572287908483
153.36,3.5834333764274,3.2032588667573187,3.6320168462130753,4.558371133161711,4.653816887671771,3.8938013623151595
153.38,3.591247920175853,3.160941319381044,3.612119038066046,4.621564023792286,4.694292635693598,3.8323604720303255
153.4,3.5488673142747675,3.1700807008505825,3.6481950213288825,4.625283554009588,4.6789787905977684,3.8238173958022688
153.42000000000002,3.556560674557724,3.2314884753481725,3.6284960896525766,4.568296192775751,4.718924094119637,3.7609605922319282
153.44,3.5120829393108854,3.238893399062519,3.664820082631638,4.57380251701433,4.703014207218984,3.753214703612339
153.46,3.519736062248747,3.29865794425916,3.647675997852379,4.5184944124050155,4.742381197642644,3.6910364094375128
153.48,3.475167426610896,3.3044615875804375,3.6841718434928055,4.525696812070004,4.72582770183169,3.6840140793417
153.5,3.4828103693236225,3.3627317882477965,3.6671574235584363,4.471974512301977,4.652194036738026,3.62245290520827
153.52,3.438182517647671,3.3690645870111102,3.7038626963475454,4.480765370401636,4.637445282193383,3.616098152409779
153.54,3.4458491815298213,3.4258687479210406,3.6870245599444904,4.428522763898373,4.565475033990506,3.555100161846746
153.56,3.4012073165204346,3.43074865910407,3.7239794398791837,4.438796571808058,4.552395525362523,3.5493642004530104
153.58,3.4089463652719676,3.4862306531685388,3.707342104011192,4.387928560340008,4.4819543929897225,3.4888820775285465
153.6,3.3643291952935725,3.489798296350176,3.7445681117855676,4.399580234436702,4.470413698785642,3.483723103274398
153.62,3.3721812057185936,3.5440935970372864,3.7281495272924676,4.3499821114745885,4.40137243647367,3.4237165480791445
153.64000000000001,3.3276311738457953,3.5464809712890277,3.765661622528345,4.362907199689958,4.391245439350895,3.4169706539687734
153.66,3.33564024664999,3.5997166140512498,3.749473436407889,4.3144748652548515,4.323480119372239,3.357507308928517
153.68,3.291192930696156,3.601047204935521,3.787280303700604,4.328569771772338,4.314632216856858,3.3512965168342097
153.70000000000002,3.2993945369732884,3.6533418191705542,3.7713281617470753,4.281199960841901,4.248012403272014,3.2923513159957483
153.72,3.2550995496009496,3.6537305922967636,3.8094325347705316,4.296362111382731,4.24033079741179,3.2866516987191536
153.74,3.2615999349640847,3.7051945115553937,3.7937164164978587,4.249952518781578,4.174744966155811,3.2282055259385443
153.76,3.2176088870461856,3.7047363408997063,3.832115431807857,4.266080614327103,4.168123135094602,3.2229908418
153.78,3.2244536263010692,3.755462687066357,3.8166299492902658,4.220530272386028,4.103466090154872,3.1650206369729417
153.8,3.1808083013589377,3.754257632273605,3.8553154299386705,4.23752461687326,4.095314653335573,3.160279849091504
153.82,3.1880404637958892,3.804341930424287,3.8400502261850447,4.192734150656258,4.0316130113385515,3.1027685111847725
153.84,3.1447841505951084,3.8024819402902517,3.879009187985806,4.210483403711146,4.024385906168464,3.098488550115849
153.86,3.15244831547897,3.8520117378422873,3.8639493924155515,4.166344907862104,3.9615549113336614,3.04143710978742
153.88,3.1096254667240903,3.8495808573459382,3.9031643976130614,4.184754661116038,3.955168441925921,3.0376208327288965
153.9,3.1177673684296052,3.8986359315800656,3.8882909088702897,4.141174016859532,3.8931292147357808,2.978821772217414
153.92000000000002,3.1777253674083554,3.895710528300312,3.927740481343291,4.160152236777395,3.887505737943561,2.9755204826204995
153.94,3.184088718603839,3.9463409995940757,3.913030493965387,4.117037718853904,3.826169883870011,3.024546653323769
153.96,3.242369775429704,3.94284729946068,3.952697582871669,4.1364950211272635,3.8212255801970505,3.0193981870440125
153.98,3.2471088364645757,3.992970551976387,3.93813410193532,4.093757555326055,3.760526306542693,3.0666660328705655
154.0,3.3038647963091146,3.988986976651047,3.9802922100822715,4.1136074290461595,3.7561951225304577,3.059773647909656
154.02,3.307117719529647,4.038677375378632,3.9656802299762526,4.071172093532306,3.6960716525913706,3.1053858472182196
154.04,3.3624840404909753,4.034284356328753,4.00780211185667,4.091343965481204,3.6922948978996843,3.0968529209812057
154.06,3.364382376527587,4.083619194469642,3.9931144286456433,4.049126221675164,3.6326940657955977,3.1409123478640733
154.08,3.418487838693464,4.07887496789794,4.035172159645594,4.069538530003027,3.6294207161911767,3.130842281091574
154.1,3.4191566350475537,4.127908786567756,4.020377529623179,4.027457414064573,3.5677322897394332,3.173451925150119
154.12,3.472123373153892,4.122863441858864,4.062339393169369,4.048032432579809,3.5649833076200146,3.1619362359180263
154.14000000000001,3.473613849983769,4.171642880740646,4.047403050946483,4.005997558841137,3.503714294212458,3.203190143388719
154.16,3.525461408293297,4.166349088925702,4.08923415704184,4.02664626013301,3.5014557904531807,3.1903420545092764
154.18,3.525838623703376,4.214924480188688,4.074118411884184,3.9845856785287648,3.4405735857595965,3.2303507002844376
154.20000000000002,3.576694735717891,4.2094153998604025,4.115781249893001,4.005239833486366,3.4387779187803793,3.21627240337567
154.22,3.576082614024352,4.2578169385971645,4.1004460559698,3.9630860972100996,3.378256427887116,3.2551378168814016
154.24,3.6260666960073897,4.254132200775165,4.141901066267364,3.9836822168384143,3.3769026144926135,3.2399309690801292
154.26,3.624580688696453,4.302277613028291,4.126313439007701,3.9413726957447923,3.316722456334621,3.277754642679536
154.28,3.6738117451192918,4.298288186140099,4.16752940717774,3.959357822148515,3.3157963865888593,3.2615201467758013
154.3,3.6715677041608052,4.346203855151825,4.151644643459326,3.916985639242151,3.2559345909408535,3.298402827597687
154.32,3.720147082336089,4.341932981218533,4.1925637774601325,3.9349111565161157,3.2554165250465146,3.281240603484052
154.34,3.7172424035208707,4.3896376858472275,4.176325686770984,3.8924291485600886,3.1958684335522145,3.317281925685034
154.36,3.7652633966841393,4.385101166415067,4.2169055807791995,3.9102485924259542,3.193245493864026,3.2992905500036724
154.38,3.761787465622659,4.432606478247304,4.200270102985416,3.8676136189189108,3.134133203172356,3.334577645695657
154.4,3.809335426276027,4.427813322343988,4.240468125458277,3.8852725760140387,3.1319502813384523,3.315840869502584
154.42000000000002,3.805369682556298,4.475124379865909,4.223391168026511,3.8424310936678605,3.073278024482111,3.3504711798376317
154.44,3.852522048817371,4.4700774987859475,4.263164763180501,3.859892402554871,3.0715406439223862,3.331084853601937
154.46,3.8481401769515893,4.517193615283817,4.245602438421802,3.8168109281660416,3.0133179751887016,3.3651536801243225
154.48,3.894966796776653,4.511890417680719,4.284909492181055,3.8340421118624186,3.0120372390594903,3.3452112827266043
154.5,3.8902350103810233,4.558805671285439,4.266818610541799,3.79069200611667,2.954279268011725,3.3788114417646993
154.52,3.9367983541282197,4.553238639105195,4.3056178662969895,3.807665507383999,2.9534719719720126,3.3584037420051693
154.54,3.931775627938734,4.599942442251652,4.286956251527466,3.7640232088560768,2.8961994135254328,3.391625216086664
154.56,3.980035760705947,4.594099684612288,4.325207612846416,3.7807166366580334,2.895888096594695,3.370839933161444
154.58,3.974639417116024,4.640586744302705,4.305934394455513,3.7367639030302064,2.953954227572023,3.403776777781275
154.6,4.022579517274698,4.634462651162751,4.343599259051572,3.7531602863125215,2.951541987647328,3.382705207291869
154.62,4.016870967044185,4.68267411080566,4.323675228976239,3.708882761191807,3.007616472563873,3.415437560035097
154.64000000000001,4.064548558240038,4.676109292292503,4.360726144469552,3.7249683555913706,3.003243524246079,3.3941566335619107
154.66,4.058588502700079,4.723898265119185,4.340121115813323,3.6803560579887304,3.0574671671425806,3.4267610618062343
154.68,4.106061103082577,4.716873953893269,4.376521868594995,3.696123124011304,3.05127155672779,3.4053441344096527
154.70000000000002,4.099891812939427,4.764221089039279,4.357594646896442,3.6511722857515143,3.103782559334222,3.437893470534141
154.72,4.147198249499719,4.75671481046466,4.393198746460442,3.6666289510778673,3.0959000008129616,3.4164099835828763
154.74,4.140854147223907,4.803610769664213,4.371015659922947,3.62135364134229,3.146833875626355,3.448972927895139
154.76,4.1880256780821075,4.795607752670447,4.405898570622799,3.636494652224703,3.1373976244568755,3.4274880714450764
154.78,4.181533888471146,4.842011475301003,4.385335399594382,3.588268497499784,3.1868869630130847,3.4601289036120293
154.8,4.228594815236805,4.833470919989222,4.30786770623445,3.603192775398144,3.1760167044199696,3.438703357421075
154.82,4.22197560834866,4.879367810587205,4.286435809205046,3.5546716149720003,3.2241780099585786,3.471481630115571
154.84,4.268943545957202,4.870271243045435,4.322116258296697,3.5693843159561,3.212002146151032,3.450171211700964
154.86,4.264134604275736,4.809343391195104,4.29971241797345,3.5205762739066553,3.2589623878464864,3.483141549809674
154.88,4.310919651157552,4.802023049105025,4.334466010796306,3.535095824602623,3.2456057699231713,3.462005701924912
154.9,4.305873992233476,4.742771429251392,4.311075587489025,3.4860210448021616,3.2914880768733057,3.4952240444277853
154.92000000000002,4.35249014513699,4.73708749869046,4.344891096363894,3.5003704935318223,3.2770718299333965,3.474307478246552
154.94,4.347219154319223,4.679373941840633,4.320502755026728,3.4510538541315143,3.321995361384648,3.5078172452391883
154.96,4.393673140927529,4.675189955052466,4.241509366871422,3.465260935228057,3.3066365867953067,3.487159690893788
154.98,4.38818118235926,4.6188798537909275,4.218619579838985,3.4157328041540524,3.3507161727253623,3.520999194094718
155.0,4.434473073992174,4.616063848972626,4.14107034797028,3.4298315568497357,3.3345276331673483,3.500635336451701
155.02,4.4287582103082315,4.561028391536108,4.11957774234283,3.380127668692715,3.3778735286312798,3.534837729900465
155.04,4.474882131282149,4.559452935291155,4.043377617086105,3.3941567991573702,3.360963383478641,3.5147971885875946
155.06,4.468936824886408,4.505567228028402,4.023188853818402,3.344317617260247,3.403681024217945,3.551581458303065
155.08,4.514881633884485,4.505108794941026,3.9482511906998385,3.3583203845725134,3.386152569559052,3.5317396039817064
155.1,4.5087075215066355,4.452252109232413,3.9292814603190394,3.3083909983085107,3.4283536490088804,3.5687684587912036
155.12,4.554468480112175,4.4527914327806455,3.853031576596724,3.3224150540391317,3.410313287770833,3.5491620624201015
155.14000000000001,4.548046366019898,4.400847649867871,3.8352591669431417,3.272434716159513,3.4520913953010153,3.586468098373583
155.16,4.593601502494206,4.4022567637151235,3.7600797008469597,3.2839279764542137,3.4336306718523533,3.5671263754756013
155.18,4.5869086057136705,4.349053773903325,3.7434406040934634,3.2340884451793173,3.4750594908694112,3.604734784854922
155.20000000000002,4.634150457652014,4.351297956809956,3.669246673209691,3.2457600311786683,3.456253963239521,3.585679477018828
155.22,4.627014750703313,4.298828329144278,3.653658560207522,3.196103577551728,3.4974178608219098,3.6236166152653335
155.24,4.673830641939485,4.301819396313096,3.5803957874752665,3.207997000021089,3.478349594744564,3.604868636218711
155.26,4.666228949005032,4.249986255834188,3.5658112154737918,3.158568183254682,3.5193272155699744,3.643144090493419
155.28,4.712595391994645,4.253630722074536,3.4934335308050137,3.170729458412346,3.5000725065086384,3.6247099785914525
155.3,4.704501034019738,4.202342020184755,3.477405602515787,3.121575079740905,3.540936664221726,3.6633271655671273
155.32,4.750391264390483,4.20655145161325,3.5186744196540296,3.134043583394203,3.521565873934859,3.6452073426089537
155.34,4.7417746496512985,4.155706989294219,3.5010809985661027,3.0852000096184975,3.5623833859580754,3.6841638962553063
155.36,4.787159294444367,4.160382275858256,3.5408763075869283,3.098024990222034,3.5429607908214673,3.666353076969093
155.38,4.77798848103625,4.109899351655135,3.5217822038145057,3.0495410827305753,3.5837924484251786,3.7056412603971784
155.4,4.822835998633784,4.114961579681973,3.5601711090742167,3.06277331212938,3.5643763220838465,3.688128883558772
155.42000000000002,4.8130772820951435,4.064763177769266,3.539643292038185,3.0146990541740046,3.6052769656503765,3.727736017884664
155.44,4.857354693015695,4.070139336200259,3.576694970597249,3.028390403959968,3.5859196015462245,3.7105066916955334
155.46,4.846973216268536,4.020154406948031,3.55480262720277,2.9807764434485535,3.6269381685287536,3.7504155954086142
155.48,4.785024064841817,4.025777666988519,3.5905883745552916,2.9949794068833744,3.607685938814465,3.7334495497843756
155.5,4.776336807985436,3.9759421378551436,3.567402943957037,2.9478765536341007,3.6488655457626296,3.7736396410235367
155.52,4.71598329323678,3.979727433148432,3.601996196050428,2.9626437209348957,3.629758995045627,3.759083402841402
155.54,4.708850920120981,3.930093145704996,3.5775831888598133,3.0407367516059076,3.671137055022258,3.799422867161149
155.56,4.649957672710908,3.934075269851645,3.61104977829402,3.0532863987430305,3.6546606104125066,3.7849385825427007
155.58,4.644246107066284,3.884595430979811,3.58548435941664,3.129265580037591,3.6961643816322964,3.82541509619805
155.6,4.586679759242165,3.8887291219364775,3.617899566434148,3.1397923491009965,3.6797660746218366,3.8109903795646853
155.62,4.5822574013843775,3.8393623525938194,3.5912580398461533,3.2138518350928855,3.7214328202559637,3.851572144343801
155.64000000000001,4.525889167568017,3.843607897785877,3.6226993567725527,3.22252670887436,3.7051457131945984,3.837174114163622
155.66,4.522628925178495,3.794318533712524,3.5950604494767306,3.2948347541156418,3.74700553195885,3.8778251585519206
155.68,4.467334693700732,3.7986420573325304,3.6256075614967256,3.3018172654016547,3.7308556689472168,3.863417133620171
155.70000000000002,4.465114192479072,3.7494004424451592,3.5970521055975824,3.372530503383733,3.772931587720752,3.904097950255989
155.72,4.410774828397462,3.75377421198517,3.62678659338267,3.3779693337319823,3.7569382464622554,3.889640062438278
155.74,4.409476728638731,3.7045569984988886,3.5973972886507544,3.4472334326502154,3.7992465082753073,3.9303082106068716
155.76,4.353983369795078,3.7089597361749282,3.626402363483668,3.45126694292062,3.783422505341464,3.915757983265333
155.78,4.353566214920018,3.6597402963095784,3.596263497267826,3.5192171840795936,3.8259729069392856,3.9563608290896886
155.8,4.298840255007153,3.664149397404799,3.6246236471734368,3.5219738962447336,3.810324946369178,3.941664894944916
155.82,4.2992046250724085,3.612824649017275,3.593820694223087,3.5887356954816987,3.8531211790525206,3.982156870334583
155.84,4.245148149275568,3.6172925600419674,3.6216096425566175,3.5903347384474666,3.837650146839678,3.967270215836751
155.86,4.246187191469228,3.565949759253706,3.590219819189077,3.656024076020942,3.880690212651654,4.007604372223833
155.88,4.192697168055771,3.570474605461686,3.617524135317452,3.659092848998136,3.865391685544296,3.9924807989532636
155.9,4.194322701814532,3.5191133647867554,3.5856348445516786,3.7236866781877116,3.908679637907995,4.0326091856538895
155.92000000000002,4.141312670452855,3.5236986306168627,3.6125559344400724,3.725639190730695,3.893557381463726,4.017201844636717
155.94,4.143442281039932,3.472324147361666,3.5802659375796506,3.789259866713409,3.9370789638788954,4.057076164227879
155.96,4.09083160330787,3.476979024608907,3.6068884555605965,3.79021429171274,3.922116838129214,4.041338009433465
155.98,4.093388922913808,3.4256023691045856,3.5742831995179523,3.852972776048053,3.965853650228756,4.08090987708038
156.0,4.0411030786563105,3.430341894462183,3.6006911075359898,3.8530358965389695,3.9510316818575735,4.064793967941559
156.02,4.044018089341577,3.3789800301195,3.567855193926057,3.915032159556021,3.9949615782250167,4.104015280359126
156.04,3.991988993741945,3.3838251100591927,3.5941312517388315,3.914299939932071,3.9802563468482934,4.0874751345042455
156.06,3.9932217264832306,3.3325009869581947,3.5611479087822198,3.975623509445314,4.024353833066512,4.128493560604087
156.08,3.941492220627477,3.335377849901567,3.5873731472010606,3.9741816656304625,4.009738853575103,4.111319826313718
156.1,3.943025759115112,3.284215662801797,3.554312596177396,4.03491217873223,4.056383709503117,4.1517187939729805
156.12,3.891542605158685,3.2872792306976746,3.5782025648027416,4.032836679082334,4.041664409296989,4.133880167946214
156.14000000000001,3.8933167748669226,3.236306293239493,3.545284152360059,4.093043552071584,4.088218297190771,4.173632075331865
156.16,3.8420347823275653,3.2395760379332126,3.5693826871821526,4.090400290343679,4.07336803532451,4.155083348850039
156.18,3.8440063791340715,3.1888126048932497,3.5366622838762187,4.15014499571311,4.119803686962423,4.194145734870681
156.20000000000002,3.7928865542676062,3.1923223164065933,3.561025303877368,4.146992283935469,4.10479185185515,4.174843474248809
156.22,3.795018565489493,3.141804678704861,3.5285564361816713,4.206328099436595,4.15107834757306,4.213175859691972
156.24,3.744028349172973,3.1455924371668433,3.5532374552364945,4.202716294529648,4.135870948662942,4.1930788605349445
156.26,3.746290390388972,3.095360960448775,3.5210710793505,4.264199888235688,4.181974340421158,4.230643184462337
156.28,3.6954040345033623,3.0994689777501336,3.5461209109696115,4.259983306393908,4.166546099552063,4.2097128912020265
156.3,3.69777266875085,3.0495678828918007,3.5143161802605407,4.320909209121083,4.212442776351473,4.246473990413573
156.32,3.644947207874943,3.054042263431557,3.539790649693724,4.3161436446595784,4.196752452475873,4.224675008493891
156.34,3.6474635398410755,3.002422731743601,3.5083910910106466,4.376564523237239,4.242401725712868,4.260587953451926
156.36,3.5947043158574723,3.007350141703885,3.534324094275926,4.371295773866927,4.2264066006924,4.237877718911643
156.38,3.5973458158428935,2.9561305387993517,3.503358374994861,4.431254473592524,4.271766514527148,4.2729150842826265
156.4,3.5446342611912716,2.961549967306878,3.529790756266331,4.425518966189573,4.255422757357861,4.249266195838688
156.42000000000002,3.5473972238977765,3.020492814170445,3.49929653124852,4.485049403572801,4.300450530942218,4.2812505164194405
156.44,3.494731456247319,3.0240268452227137,3.52626482024719,4.478875197483919,4.283713730868215,4.256778331148126
156.46,3.4976072756636762,3.081206862500416,3.496274242367824,4.538003276568203,4.328355038354938,4.287965557793539
156.48,3.444981770849698,3.0829970333007175,3.5262049149752337,4.531410859049038,4.311172187334279,4.262652081733472
156.5,3.4479775592077826,3.1385525382590194,3.4965939093949827,4.590170636519325,4.355385508766198,4.293024675023997
156.52,3.3954017729556805,3.1387465527727585,3.5269634850943588,4.583185032407282,4.337713723516978,4.266855258961682
156.54,3.398530949923683,3.192819242393591,3.4977770456815978,4.641585946806109,4.381457951696297,4.29639923343091
156.56,3.3460207928347954,3.191547701229366,3.5286258919864166,4.634212338261982,4.363254839100556,4.269362873456136
156.58,3.3472747073861067,3.2442654968842337,3.4999026934035724,4.692258276133835,4.406489447033516,4.298067987303847
156.6,3.294951536738449,3.241644404151384,3.5312648341761244,4.687038336033032,4.387713363025727,4.270144227205576
156.62,3.2964160077648805,3.295170458204941,3.503036963529084,4.7445927717763725,4.43041080887935,4.184666840428481
156.64000000000001,3.244301551541882,3.2911745281478697,3.534963732050618,4.738804933909656,4.413537631486092,4.158365641455053
156.66,3.246009781684636,3.3434290434938463,3.5072743783632925,4.795867391362006,4.455536231279598,4.074385234875939
156.68,3.1941424892153063,3.3382004967077363,3.5397829393935156,4.7895252910678074,4.437889044132649,4.049627710795153
156.70000000000002,3.1961234675753474,3.3893227670665023,3.512647653461762,4.846101226557623,4.479146847916799,3.9670539750196205
156.72,3.1445352474407153,3.3829967574218873,3.5457494195183163,4.839195315849978,4.460686874721115,3.943756828921033
156.74,3.146822921786541,3.433118653065897,3.519177885535136,4.8952711951161145,4.501163973167158,3.8625082146235714
156.76,3.0955504381190586,3.4258229605519097,3.5528786103893846,4.8877872917819865,4.481854562740793,3.838355612709564
156.78,3.0981835615236353,3.4750688209583327,3.526874674085669,4.943345332155691,4.52151341269722,3.8721361063162645
156.8,3.0452472276601568,3.4669237309288716,3.5611745567767477,4.935265320863339,4.501305235487199,3.846769265366198
156.82,3.0483023710679102,3.5153977003060417,3.535736422704614,4.990284164507557,4.419778809613517,3.8794039261314746
156.84,2.995730193714381,3.506506087338675,3.5706302670304444,4.981586568811252,4.3988171201178545,3.8528472880626934
156.86,2.9992414751295278,3.554318270466443,3.545750650968013,5.036042691666213,4.439456570232733,3.8843637021672324
156.88,2.9470691422826527,3.5447861631071684,3.5812281423283707,5.026690535517025,4.417522151143419,3.85664685188727
156.9,2.951073355569447,3.5920388256802123,3.5568946798116756,4.952339947802369,4.457232949438372,3.8870863424512763
156.92000000000002,3.008127585586432,3.5819644457113817,3.5929407138285123,4.945142658614526,4.434306340061977,3.858251360238209
156.94,3.010251999455244,3.6287510889729604,3.5691367487770598,4.872800316634887,4.473072878231862,3.8876577391526403
156.96,3.0655466407664327,3.6182232224922313,3.605733096096065,4.867605940137747,4.449138095411693,3.8577484987456545
156.98,3.065931235451293,3.6646287921092733,3.5824379241943776,4.797121575131889,4.3662255049915375,3.8861681491244213
157.0,3.119603799710128,3.653728908931056,3.6195619691319454,4.793781701036584,4.343951539764992,3.855233235437929
157.02,3.118384345752994,3.699831032508484,3.5967506294823757,4.725009515273774,4.262634415219253,3.882718016948529
157.04,3.170568242389158,3.6886332969442814,3.634375825160451,4.723381504754714,4.241905825867278,3.850810461960326
157.06,3.167876189657355,3.7345023921026237,3.612019516614488,4.6561800651616085,4.162074580966442,3.8774159549285687
157.08,3.218700576897764,3.723073785101656,3.6501158001398517,4.656125078828411,4.142783345828101,3.844592559136566
157.1,3.2146629198809094,3.768773207669734,3.628182301125621,4.590356712634292,4.064336159666523,3.8703780088295785
157.12,3.264252539584884,3.759236515348913,3.666716495624846,4.591739936847608,4.046382088707434,3.836699286104903
157.14000000000001,3.258991670790558,3.80472328937235,3.647548171890281,4.527270977569842,3.969225343351974,3.861727520191414
157.16,3.3074741096571323,3.794940911112382,3.6863798429436714,4.529978541044613,3.952516544494491,3.827257601829327
157.18,3.3011163838956916,3.840291300178522,3.667423985184481,4.4666927701842045,3.8739637556041435,3.851594963992454
157.20000000000002,3.3486061049479865,3.830336434224098,3.7065142088307996,4.470597107568734,3.858472579297219,3.816389033852931
157.22,3.3412633652762853,3.8756039431931697,3.687730987244512,4.408353995857219,3.781002886928163,3.8400908043975623
157.24,3.387870113549972,3.865525957251709,3.7270370003790103,4.413316170305787,3.766659229071528,3.8042202157557035
157.26,3.379649240628764,3.9107558058453473,3.708382956737092,4.351995074831512,3.6902034192444804,3.8251527119090363
157.28,3.4274722569141263,3.9005960364687633,3.747858542765562,4.357898436516733,3.6769444923231647,3.7888163257468457
157.3,3.418326502135101,3.9458357045296157,3.7292872052123545,4.297383970455741,3.601430934357957,3.809351033832312
157.32,3.4653169462603115,3.935638928112225,3.768883463540441,4.301485971470807,3.5891898771757336,3.7726231519329163
157.34,3.455367187929115,3.980916122082523,3.7503461026895777,4.241815675440251,3.5145545937422438,3.7928236352747446
157.36,3.5016421865660528,3.970706660288809,3.7900017972277946,4.246739341072311,3.5032724684358785,3.755768354577838
157.38,3.491001835053819,4.016042251891111,3.7714361070751377,4.1878174765250495,3.4294707988267743,3.7756997677949857
157.4,3.53667084353008,4.005837809696686,3.811100120001966,4.1934681836672265,3.4165468367261544,3.738382627672799
157.42000000000002,3.525445598775463,4.0512461518955565,3.7924557820108054,4.1352040021763585,3.3436555645506396,3.758099450359424
157.44,3.570610309127441,4.041058254207106,3.8320757713212568,4.141479195551914,3.3316254850381264,3.7205729275266717
157.46,3.55889801633145,4.086547729704805,3.8133015226205518,4.083771689220007,3.259617168343248,3.7401434646446003
157.48,3.603652174333323,4.076382217484609,3.8528243502277086,4.090587882481055,3.2484542686421864,3.7024756970727064
157.5,3.5915428093601696,4.1240058741498,3.833868300590379,4.0333579328117235,3.2992919733328656,3.72196902034871
157.52,3.6359723809072104,4.113715769607295,3.873248721920752,4.040637307566671,3.2862401887627177,3.6842272580583852
157.54,3.6235565522104602,4.161242877618824,3.854068397164123,3.983810255085046,3.3352927230584446,3.703710824487462
157.56,3.6677490214790325,4.150834837942743,3.8932516009900446,3.991478861796263,3.3204424308996923,3.665961379032807
157.58,3.655099658810767,4.198269653106946,3.8737938457300483,3.9349850741319496,3.367802408085287,3.68550274536129
157.6,3.6991240713950493,4.187743575012112,3.9127256069569873,3.942975214839915,3.3512454485996175,3.647811720396448
157.62,3.6863067054457774,4.235083885017746,3.892938043371508,3.886751606009634,3.397006727595185,3.6674780471054707
157.64000000000001,3.730224815811602,4.224433513802431,3.9315650535678746,3.895002208517681,3.3788363804358554,3.6299108222230947
157.66,3.7172977153153903,4.271671340778686,3.911396400944839,3.838992553654468,3.4230940369805434,3.6497683961253
157.68,3.76116414888097,4.260884967326882,3.949666580035786,3.8474495064963303,3.4034049643572777,3.6123891465735447
157.70000000000002,3.7481784980397617,4.3080072433871255,3.9290669532683093,3.78894366191628,3.4462552245873526,3.63250288513922
157.72,3.792040950850927,4.297068371088794,3.9669297406894493,3.7976360591101446,3.4251323630343147,3.5953740897339657
157.74,3.7810537664946358,4.3440575821043215,3.9458363949376603,3.7392588129689592,3.4666591047194832,3.615806974170049
157.76,3.8248558034175146,4.33295559797552,3.9832320126709053,3.7481510161233293,3.444200153519547,3.5790000630575607
157.78,3.813768990409015,4.379801221736601,3.9615999161079984,3.6898679673686057,3.484502036501453,3.599821399170267
157.8,3.857557364784431,4.3685099573878095,3.9984829257745873,3.698929706217879,3.4608056029785264,3.5633926319707396
157.82,3.8464136457756224,4.415185360826608,3.976269270943233,3.6407120233975108,3.4999819706083906,3.5846590391488307
157.84,3.890226663553814,4.405743980888678,4.012596525127526,3.6499187566608056,3.475147336832838,3.5486616411650687
157.86,3.879060481553692,4.452111810986309,3.9897709051607846,3.591743413798071,3.5132978638384182,3.570426500581784
157.88,3.9229368219529803,4.442285900462508,4.025509319685141,3.601076598648721,3.4874246831868283,3.534910203566033
157.9,3.91178407920734,4.488315315674156,4.00203283890395,3.5429266853913624,3.52464910144838,3.557223233129471
157.92000000000002,3.955744739893906,4.478073913286599,4.037143501470708,3.5523739883862455,3.4978371027010744,3.5222339399888623
157.94,3.944623159754362,4.5237312450309,4.012980168757125,3.4942388566171814,3.534234891912134,3.5451407544150038
