Time,Agent[1],Agent[2],Agent[3],Agent[4],Agent[5],Agent[6]
0,8,8,8,8,8,8
0.02,7.987760016,7.99388603,8.006125618,8.012239994,8.006101077,7.993860688
0.04,7.975211711,7.987612514,8.012334056,8.024660337,8.012237804,7.987510633
0.06,7.962288596,7.981116723,8.018565077,8.037202211,8.018350709,7.980885116
0.08,7.948926046,7.974338196,8.024760243,8.049807678,8.024380806,7.973920447
0.1,7.935061326,7.967218759,8.030862939,8.062419708,8.030269644,7.966554001
0.12,7.920633619,7.959702543,8.036818383,8.074982213,8.035959351,7.958724257
0.14,7.905584053,7.951735994,8.042573637,8.087440081,8.041392682,7.950370837
0.16,7.889855725,7.943267892,8.048077623,8.099739204,8.046513058,7.941434537
0.18,7.873393723,7.934249363,8.053281127,8.111826509,8.051264611,7.931857365
0.2,7.856145155,7.924633891,8.058136812,8.123649985,8.055592225,7.921582573
0.22,7.838059171,7.914377334,8.062599224,8.135158708,8.059441571,7.910554685
0.24,7.819086984,7.903437931,8.066624794,8.146302866,8.062759151,7.898719536
0.26,7.799181895,7.891776317,8.070171849,8.157033783,8.065492328,7.886024292
0.28,7.778299316,7.879355533,8.073200609,8.167303935,8.067589364,7.872417483
0.3,7.75639679,7.866141035,8.075673191,8.177066974,8.068999447,7.857849031
0.32,7.733434019,7.852100703,8.077553607,8.186277742,8.069672727,7.84227027
0.34,7.709372878,7.837204856,8.078807764,8.194892285,8.069560338,7.825633975
0.36,7.684177446,7.821426251,8.079403458,8.202867864,8.068614428,7.807894381
0.38,7.657814024,7.804740103,8.079310369,8.210162969,8.06678818,7.789007208
0.4,7.630251159,7.787124084,8.078500056,8.216737321,8.064035833,7.768929676
0.42,7.601459666,7.768558334,8.076945944,8.222551881,8.060312703,7.747620529
0.44,7.571412658,7.749025468,8.074623315,8.227568851,8.055575198,7.725040048
0.46,7.540085562,7.728510585,8.071509293,8.231751674,8.04978083,7.70115007
0.48,7.507456151,7.707001268,8.067582832,8.235065032,8.04288823,7.675914002
0.5,7.473504569,7.684487594,8.062824691,8.237474838,8.034857157,7.649296833
0.52,7.438213356,7.660962139,8.057217422,8.238948234,8.0256485,7.621265152
0.54,7.401567482,7.636419978,8.050745343,8.239453574,8.015224287,7.591787151
0.56,7.363554372,7.610858694,8.043394511,8.238960413,8.003547686,7.560832645
0.58,7.324163941,7.584278372,8.035152697,8.237439493,7.990583002,7.528373076
0.6,7.283388627,7.556681608,8.026009354,8.234862718,7.976295672,7.494381523
0.62,7.241223431,7.528073502,8.015955582,8.231203139,7.960652263,7.458832713
0.64,7.197665948,7.498461661,8.004984091,8.226434921,7.94362046,7.421703027
0.66,7.152716417,7.467856193,7.993089162,8.22053332,7.925169057,7.382970509
0.68,7.106377758,7.436269699,7.980266598,8.213474652,7.90526794,7.342614875
0.7,7.058655625,7.403717271,7.966513681,8.205236251,7.883888072,7.300617518
0.72,7.009558453,7.370216475,7.95182912,8.195796442,7.861001475,7.256961521
0.74,6.959097518,7.335787343,7.936212989,8.185134488,7.836581205,7.211631663
0.76,6.90728699,7.300452351,7.919666672,8.173230556,7.810601332,7.164614431
0.78,6.854144004,7.264236404,7.902192796,8.160065662,7.78303691,7.115898033
0.8,6.799688723,7.227166804,7.883795163,8.145621619,7.753863951,7.065472411
0.82,6.743944418,7.189273228,7.864478669,8.129880988,7.723059389,7.013329256
0.84,6.686937541,7.150587685,7.844249231,8.112827012,7.690601052,6.959462033
0.86,6.62869782,7.11114448,7.823113697,8.094443559,7.656467622,6.903865997
0.88,6.569258343,7.070980162,7.801079754,8.074715052,7.620638597,6.846538227
0.9,6.508655663,7.030133466,7.778155833,8.053626402,7.583094255,6.787477655
0.92,6.4469299,6.988645252,7.754351,8.031162933,7.543815607,6.726685106
0.94,6.384124857,6.946558425,7.729674851,8.007310302,7.502784358,6.664163344
0.96,6.320288139,6.903917849,7.70413739,7.982054423,7.459982859,6.599917127
0.98,6.255471277,6.860770252,7.677748904,7.955381378,7.415394064,6.533953271
1,6.189729867,6.817164107,7.650519836,7.927277326,7.369001478,6.466280727
1.02,6.123123702,6.773149513,7.622460639,7.897728414,7.320789115,6.401091265
1.04,6.060058724,6.728778045,7.593581632,7.866720681,7.270741448,6.334132843
1.06,5.996173236,6.684102566,7.563892845,7.83423995,7.218843343,6.269602933
1.08,5.935883545,6.639177087,7.533403853,7.800271731,7.165080048,6.207435236
1.1,5.874832226,6.594056513,7.502123606,7.764801109,7.109437111,6.143378821
1.12,5.817446397,6.548796464,7.470060248,7.727812634,7.051900354,6.08164224
1.14,5.759373428,6.503452972,7.437220932,7.689290204,6.996867818,6.017975891
1.16,5.705051611,6.458082256,7.403611616,7.649216946,6.939825485,5.95659623
1.18,5.650133438,6.412740353,7.369236865,7.607575075,6.885173406,5.897450612
1.2,5.594713144,6.367482849,7.334099635,7.564345807,6.828393153,5.836293704
1.22,5.54324589,6.322364494,7.29820105,7.519509189,6.77388689,5.777358412
1.24,5.491390976,6.282155685,7.261540179,7.473044018,6.717132093,5.720603986
1.26,5.443614626,6.242096304,7.22411374,7.424927655,6.662533312,5.661793634
1.28,5.395580888,6.202233083,7.185915938,7.375135955,6.609988643,5.605179339
1.3,5.347402614,6.162610206,7.146938186,7.32364307,6.554970892,5.546531794
1.32,5.303134818,6.127995673,7.107168855,7.275347393,6.501890796,5.490117147
1.34,5.258811116,6.093603243,7.066592945,7.225193532,6.446218405,5.435921867
1.36,5.218480225,6.0594628,7.025191863,7.178078768,6.392368176,5.379732282
1.38,5.177746346,6.02559705,6.988033061,7.128939615,6.340241629,5.325409155
1.4,5.141032977,5.991549066,6.949900469,7.082671989,6.28530706,5.273427376
1.42,5.104348686,5.962019569,6.910758836,7.034204225,6.231986337,5.219140709
1.44,5.067367815,5.932595224,6.870568271,6.98843094,6.180187043,5.16689801
1.46,5.03450409,5.902815224,6.834385105,6.940272481,6.125377634,5.117181772
1.48,5.001751228,5.877381816,6.79696123,6.894622049,6.071526135,5.065340841
1.5,4.97315553,5.851867164,6.757730217,6.846392399,6.019124206,5.015728114
1.52,4.944274892,5.825808552,6.72227518,6.8004706,5.96316704,4.968391266
1.54,4.915554068,5.804362498,6.684820256,6.751245594,5.908687125,4.923808229
1.56,4.891033641,5.782215415,6.650458584,6.703714306,5.855120165,4.877329043
1.58,4.866688411,5.759318385,6.614455735,6.658337591,5.802508452,4.833308032
1.6,4.842160145,5.740828861,6.581360148,6.60950388,5.751365745,4.792229083
1.62,4.821842341,5.721426167,6.546447464,6.562230077,5.696674073,4.749436167
1.64,4.801688769,5.706270819,6.514265632,6.516986673,5.6430255,4.709284476
1.66,4.781333177,5.6900337,6.479597425,6.468160973,5.590469162,4.66801916
1.68,4.765164069,5.673113866,6.448051516,6.421287826,5.539518155,4.629539369
1.7,4.749111997,5.655025571,6.413852451,6.375718486,5.489636961,4.58963436
1.72,4.732806033,5.640499545,6.382622253,6.331443651,5.441354386,4.553113124
1.74,4.721056941,5.625066585,6.348575038,6.283978416,5.389647784,4.515307603
1.76,4.708992983,5.613027785,6.316858855,6.237749773,5.339142071,4.480569465
1.78,4.696586921,5.5999134,6.287877612,6.192756253,5.290375062,4.449377989
1.8,4.688639955,5.58524168,6.255853816,6.149491235,5.242810065,4.417056471
1.82,4.680271791,5.57419697,6.226432829,6.102348912,5.192021941,4.387952556
1.84,4.671869091,5.561421661,6.193833056,6.056909506,5.14312937,4.358279288
1.86,4.663036065,5.552108174,6.163233615,6.012539803,5.095604614,4.331951601
1.88,4.658576214,5.540892905,6.135052351,5.964272244,5.049512935,4.304705698
1.9,4.653579568,5.527752363,6.103509162,5.917698783,5.00540636,4.281345309
1.92,4.648425125,5.517880707,6.074274392,5.872196423,4.958261217,4.257175818
1.94,4.647123045,5.505922234,6.041566866,5.827794795,4.91273087,4.232260751
1.96,4.645116529,5.497079987,6.010597893,5.785009688,4.869373479,4.211393894
1.98,4.642769976,5.485991128,5.981794785,5.738231724,4.823163172,4.189869012
2,4.644105638,5.477868217,5.949380274,5.693089125,4.778760525,4.172485853
2.02,4.644969984,5.467346557,5.919051846,5.648965926,4.736731012,4.154520369
2.04,4.6449504,5.459648075,5.885024962,5.600897718,4.696565278,4.140289158
2.06,4.648842167,5.449404455,5.853011332,5.554521128,4.653802602,4.125937876
2.08,4.651704154,5.441847142,5.822390646,5.509232041,4.613616804,4.111094217
2.1,4.653895042,5.431604354,5.787976175,5.465074523,4.575504082,4.100544554
2.12,4.654992871,5.419101403,5.755487853,5.422592712,4.534993368,4.089538648
2.14,4.659801619,5.408684405,5.724321396,5.376174017,4.497268106,4.078084363
2.16,4.663364354,5.395877399,5.694936835,5.330980173,4.461826655,4.070953344
2.18,4.666036316,5.385030652,5.661542631,5.287562158,4.424185839,4.063382094
2.2,4.671844712,5.376082977,5.629425239,5.245332022,4.389533607,4.055843858
2.22,4.67660715,5.364548281,5.599046444,5.199821659,4.352834172,4.052233964
2.24,4.679896943,5.35480281,5.564620111,5.155568462,4.319292984,4.048640348
2.26,4.686528212,5.342365371,5.531911033,5.112630287,4.288406481,4.044651291
2.28,4.691530706,5.331616523,5.500325332,5.07157723,4.255671931,4.04454374
2.3,4.695262595,5.318077582,5.464677331,5.02678856,4.226292354,4.044371987
2.32,4.701757696,5.306133207,5.430742121,4.983457171,4.19521762,4.043726374
2.34,4.706829124,5.291305157,5.397935867,4.942156615,4.167112616,4.047346873
2.36,4.714515756,5.277984788,5.366742634,4.902313508,4.14253879,4.050420468
2.38,4.72062947,5.266534081,5.331367771,4.85946528,4.116443833,4.053372905
2.4,4.724745214,5.251582058,5.297153445,4.818181471,4.094038233,4.055774854
2.42,4.731700194,5.238429101,5.264584548,4.778526199,4.070256676,4.062364049
2.44,4.736902298,5.221697943,5.227867429,4.74109037,4.045188613,4.068301775
2.46,4.739918967,5.206704455,5.192815328,4.700250258,4.024036926,4.074000281
2.48,4.745600694,5.192913923,5.158857219,4.661222778,4.001725876,4.079017263
2.5,4.748953228,5.175862785,5.126499042,4.624596654,3.982899136,4.088085423
2.52,4.754834581,5.159959539,5.08993172,4.58475128,3.963516152,4.096343909
2.54,4.758249733,5.14519971,5.054533796,4.547448221,3.947727307,4.104196381
2.56,4.764064432,5.127108721,5.020812123,4.512126918,3.931489478,4.115519247
2.58,4.767281171,5.110117452,4.988204685,4.473780062,3.918944324,4.126296322
2.6,4.772775739,5.094615948,4.951986025,4.438176623,3.906041045,4.13606955
2.62,4.775550214,5.075229042,4.916930998,4.404763174,3.89233651,4.1495717
2.64,4.780488412,5.05730684,4.883095017,4.369081565,3.882442975,4.161921549
2.66,4.782591962,5.035468485,4.850998875,4.335743056,3.872279873,4.173506845
2.68,4.786752816,5.015073005,4.81483396,4.299724025,3.865982279,4.1838705
2.7,4.787972075,4.995607802,4.780486624,4.266813594,3.859458134,4.197746669
2.72,4.791149952,4.977483181,4.74739482,4.236460382,3.85224851,4.21024618
2.74,4.791286641,4.955312435,4.710360617,4.203624504,3.849515917,4.221753544
2.76,4.793290677,4.934083058,4.675274416,4.174092547,3.846107746,4.236166666
2.78,4.792161309,4.914205961,4.641584496,4.142229547,3.842017457,4.249431424
2.8,4.792813509,4.890297033,4.609842198,4.1138391,3.842380437,4.261091354
2.82,4.790247563,4.867749783,4.574221977,4.088368962,3.84204394,4.275891542
2.84,4.789386994,4.846062079,4.540160448,4.060751644,3.841537527,4.28936627
2.86,4.785230489,4.825660896,4.508201932,4.036784777,3.844984943,4.301048697
2.88,4.782712225,4.801149999,4.472523479,4.010819869,3.84821943,4.315696187
2.9,4.776826216,4.777553735,4.438566768,3.988667584,3.850749516,4.328395385
2.92,4.772515453,4.755295132,4.406874489,3.964663425,3.857701549,4.339537985
2.94,4.76929822,4.728983105,4.371625757,3.944023,3.863876018,4.353037483
2.96,4.762985635,4.704044458,4.338766791,3.922224153,3.869776884,4.36483073
2.98,4.757714447,4.679986935,4.307761034,3.903925606,3.874898835,4.378839262
3,4.753830517,4.657254348,4.278669368,3.884606123,3.884357884,4.390998787
3.02,4.746323162,4.630443388,4.24674494,3.868914659,3.892932666,4.400860027
3.04,4.740164793,4.604603019,4.216862521,3.851714559,3.901111884,4.413200581
3.06,4.73034171,4.58017729,4.189588047,3.83879075,3.912999821,4.423110186
3.08,4.721833194,4.556681451,4.159084891,3.824461263,3.924365939,4.435373167
3.1,4.714169014,4.529648772,4.130815704,3.814515143,3.934685303,4.44548859
3.12,4.703162963,4.503605527,4.105341501,3.80325143,3.949067022,4.452996734
3.14,4.692979831,4.479012681,4.07682855,3.791330928,3.962264521,4.462706355
3.16,4.683982099,4.450459468,4.051265216,3.783401233,3.974746546,4.469686542
3.18,4.671153627,4.42302045,4.022807859,3.774263488,3.985987004,4.478753623
3.2,4.659500179,4.397155271,3.996918213,3.769684107,4.001090105,4.484977569
3.22,4.648555662,4.372388147,3.974159798,3.763939917,4.01479976,4.493182308
3.24,4.634139253,4.344248285,3.948689759,3.757654707,4.027574184,4.498438334
3.26,4.620429041,4.317291646,3.926509904,3.755477022,4.043538091,4.505577459
3.28,4.607808471,4.291574783,3.901766763,3.752779671,4.05840916,4.509670433
3.3,4.591249204,4.267566597,3.880474239,3.749054492,4.071666152,4.515556871
3.32,4.575788662,4.239851263,3.856769836,3.750061778,4.088415856,4.518307591
3.34,4.560966118,4.213949134,3.836113678,3.750030645,4.103395559,4.522770116
3.36,4.546812992,4.189388228,3.819074938,3.754713797,4.117056446,4.524014755
3.38,4.529144652,4.161702402,3.799785732,3.758327078,4.134050826,4.526895299
3.4,4.512166963,4.135469223,3.784267306,3.761455965,4.149086088,4.530906253
3.42,4.496276012,4.110746818,3.766639334,3.763565756,4.16263062,4.531981916
3.44,4.476437972,4.08306371,3.752930059,3.769785695,4.178811909,4.534516233
3.46,4.457719807,4.057007295,3.737248304,3.775402766,4.193339964,4.533564422
3.48,4.43967275,4.033077676,3.719683463,3.785061924,4.205686616,4.534014125
3.5,4.422702799,4.005841547,3.706249987,3.794034938,4.220987093,4.530919304
3.52,4.401769943,3.980415515,3.691049815,3.80179146,4.233956461,4.529176067
3.54,4.381596313,3.957293227,3.680101085,3.814044374,4.249735761,4.528271145
3.56,4.362587802,3.931040848,3.667493078,3.82558216,4.263041493,4.524154758
3.58,4.344303683,3.907233889,3.659247716,3.835837334,4.279023575,4.520838498
3.6,4.322555438,3.88541115,3.649441919,3.845352982,4.292397116,4.51871347
3.62,4.301589529,3.860642816,3.643501188,3.85874821,4.303632362,4.51283411
3.64,4.281828154,3.838500331,3.63656679,3.871266257,4.317386085,4.508121907
3.66,4.262827121,3.818532025,3.628191781,3.882337209,4.328352622,4.504077052
3.68,4.240409954,3.79625518,3.62437379,3.897685724,4.341710889,4.496650547
3.7,4.21882795,3.776299016,3.619168864,3.911441956,4.352156897,4.489875688
3.72,4.198140773,3.754186511,3.6185736,3.924128334,4.364876883,4.484155885
3.74,4.17877399,3.73454378,3.616628011,3.940375106,4.374568551,4.47454185
3.76,4.155679407,3.717410032,3.619325997,3.955396931,4.386425461,4.465596892
3.78,4.133997033,3.698288183,3.620689225,3.968622168,4.395146676,4.457721665
3.8,4.113290767,3.681821832,3.621311898,3.985774983,4.405931376,4.445974745
3.82,4.089385591,3.663517208,3.620702513,4.000975254,4.413481977,4.43530588
3.84,4.066555137,3.648016085,3.624850997,4.014734048,4.423005281,4.425234015
3.86,4.044862682,3.630330756,3.627747511,4.031701609,4.429204544,4.416171068
3.88,4.02474977,3.616055681,3.634781181,4.04706993,4.437294165,4.403167448
3.9,4.001157203,3.599729158,3.640985975,4.06027379,4.441977642,4.39119662
3.92,3.979260158,3.586951598,3.645874939,4.077045917,4.448477332,4.379776963
3.94,3.95863158,3.572252697,3.655402002,4.091501541,4.451952694,4.364861532
3.96,3.934690394,3.561239942,3.663552108,4.109377607,4.456617158,4.350528737
3.98,3.912613816,3.548429075,3.670855323,4.124792159,4.458186229,4.337207822
4,3.891983332,3.538923214,3.682232978,4.138251689,4.460880727,4.319942013
4.02,3.873257816,3.528175831,3.692677246,4.154978937,4.4604169,4.303731576
4.04,3.851366628,3.520843044,3.701684953,4.169065713,4.461024829,4.288100007
4.06,3.831518451,3.512373699,3.715198598,4.186274882,4.463150792,4.273491202
4.08,3.808635706,3.507419107,3.727751079,4.200700029,4.461477901,4.254937783
4.1,3.787516865,3.501421605,3.7388029,4.212867718,4.461281023,4.237068118
4.12,3.768623252,3.499027748,3.754312196,4.22746082,4.457241239,4.220324028
4.14,3.746878863,3.49567111,3.768195733,4.239660599,4.454640311,4.20423857
4.16,3.727505639,3.490957969,3.780967817,4.254159814,4.452903984,4.184759304
4.18,3.71008716,3.490481696,3.797529558,4.266138054,4.447744625,4.166003957
4.2,3.69000123,3.488703867,3.812840727,4.280297898,4.443425768,4.148430718
4.22,3.672469128,3.4906888,3.826358951,4.29181739,4.440410975,4.131569092
4.24,3.652407005,3.491822291,3.844035441,4.300151184,4.433380278,4.111378613
4.26,3.635045517,3.491703369,3.859775041,4.311092497,4.42764389,4.091981906
4.28,3.619973372,3.495899974,3.874073725,4.319250696,4.422634934,4.073445174
4.3,3.602986242,3.498854608,3.891852608,4.329330709,4.414072785,4.056227066
4.32,3.588435446,3.506131424,3.90804376,4.336518983,4.40623365,4.035355132
4.34,3.571667574,3.512159608,3.922111717,4.345529998,4.399158309,4.015899852
4.36,3.557919485,3.517437231,3.940012578,4.351549803,4.38854806,3.997400146
4.38,3.542090576,3.52660188,3.955644025,4.359299548,4.37870935,3.975814498
4.4,3.529426242,3.534983311,3.97496539,4.363967664,4.370112747,3.955288789
4.42,3.514816237,3.542149738,3.991873822,4.370284109,4.357443881,3.93589054
4.44,3.503052669,3.553651271,4.006857737,4.378713679,4.3460387,3.918091343
4.46,3.494584851,3.563879775,4.02539526,4.383342359,4.335349794,3.89690948
4.48,3.484300783,3.573308129,4.041356122,4.390020376,4.32586332,3.877446493
4.5,3.477439182,3.586570504,4.060725861,4.392829793,4.312255244,3.859251391
4.52,3.468877439,3.598954522,4.077375564,4.39762934,4.299887118,3.838278074
4.54,3.463857511,3.610012657,4.091807812,4.398499806,4.288211749,3.818697781
4.56,3.457245511,3.625284216,4.108976952,4.401308782,4.272945685,3.800571786
4.58,3.449575144,3.639135298,4.123791065,4.400134953,4.258414799,3.779840782
4.6,3.445210833,3.652013107,4.135720674,4.400855004,4.245124763,3.7606908
4.62,3.439407726,3.669060476,4.150765998,4.402845784,4.227741149,3.74361637
4.64,3.437392782,3.684607969,4.162802596,4.40129165,4.211656903,3.723619746
4.66,3.434015515,3.699108775,4.177834699,4.400974978,4.196326385,3.705842847
4.68,3.434500371,3.712083395,4.190241247,4.397080629,4.181811338,3.689835568
4.7,3.433684179,3.729082041,4.204984449,4.394398445,4.163821572,3.671093484
4.72,3.432064935,3.744426356,4.216980294,4.393418594,4.146709985,3.654751969
4.74,3.434006855,3.763664003,4.231201717,4.388219912,4.130991669,3.635810768
4.76,3.435185467,3.781113103,4.242562667,4.384710138,4.111327567,3.619416846
4.78,3.439959609,3.797209361,4.250532562,4.376963687,4.093136694,3.605127543
4.8,3.443993058,3.816593544,4.261157445,4.370898337,4.075883548,3.588882086
4.82,3.446906487,3.834485163,4.268289426,4.365907762,4.060100761,3.574887731
4.84,3.453912356,3.850412705,4.27798257,4.357171354,4.040437521,3.558608657
4.86,3.459795242,3.869928781,4.284089021,4.349509499,4.022341412,3.545193894
4.88,3.465019636,3.887819531,4.292670997,4.343434291,4.005271703,3.534203249
4.9,3.47393537,3.903595847,4.30311283,4.333008279,3.984479321,3.521556379
4.92,3.482165872,3.922828198,4.310316333,4.324183126,3.965405197,3.511469461
4.94,3.489309563,3.939802829,4.319308584,4.316352953,3.947527471,3.499864285
4.96,3.500563876,3.954958378,4.324990356,4.304703622,3.93138461,3.490954567
4.98,3.510679734,3.97295242,4.332396948,4.294070691,3.911623887,3.48016894
5,3.520096883,3.988987074,4.336428284,4.284988133,3.89371511,3.472652567
5.02,3.533154079,4.0077293,4.342604538,4.271503076,3.872295015,3.463376082
5.04,3.545437727,4.02437734,4.344761295,4.259607242,3.852354559,3.457489057
5.06,3.556527422,4.038465074,4.349009185,4.248692161,3.834434325,3.449948597
5.08,3.571609417,4.055575618,4.349182352,4.233949731,3.818018462,3.445909316
5.1,3.585406358,4.070453007,4.351400244,4.220229934,3.798810682,3.440316769
5.12,3.598335791,4.087764679,4.349497036,4.207593192,3.781229684,3.438326797
5.14,3.614741243,4.102714822,4.349598679,4.196573858,3.765831548,3.434873116
5.16,3.630172339,4.114825066,4.351094199,4.181221788,3.747248561,3.430509281
5.18,3.644203581,4.129708848,4.348896616,4.167545434,3.730988325,3.429450638
5.2,3.662012608,4.141635615,4.348065128,4.14958665,3.711674887,3.427046958
5.22,3.678306605,4.156225509,4.349079147,4.133366688,3.694306107,3.428430818
5.24,3.693481465,4.167749005,4.345767401,4.118296041,3.679435143,3.428518864
5.26,3.711894183,4.181833096,4.344287596,4.104931432,3.661687001,3.432443506
5.28,3.729063538,4.192749173,4.33846452,4.087304451,3.646577936,3.435109165
5.3,3.745010919,4.206131213,4.334465459,4.0714637,3.62872402,3.437027747
5.32,3.764076833,4.21625353,4.331690338,4.056820071,3.613653643,3.442419422
5.34,3.78178508,4.228754748,4.325052506,4.038559463,3.600846828,3.447078641
5.36,3.797692678,4.238339284,4.319639473,4.021580415,3.586003212,3.450597937
5.38,3.816991646,4.244542109,4.315952229,4.005948078,3.573565431,3.458098398
5.4,3.834359041,4.25302467,4.307806616,3.986833374,3.558682618,3.464449443
5.42,3.850189858,4.263229764,4.300930142,3.969151952,3.546881151,3.47013486
5.44,3.868849416,4.270351565,4.295808066,3.953474497,3.532761507,3.479366935
5.46,3.885839686,4.279124525,4.286273535,3.933823788,3.521859065,3.487899534
5.48,3.901159027,4.284744603,4.278517034,3.916283004,3.508763684,3.495307103
5.5,3.919164068,4.29195678,4.266365266,3.900273786,3.499018695,3.506695973
5.52,3.9353617,4.295953623,4.256019486,3.880976357,3.487202805,3.516905436
5.54,3.954117289,4.301487691,4.246904493,3.863320207,3.478303991,3.526396197
5.56,3.970934099,4.303751006,4.233917026,3.847366169,3.472853797,3.539370498
5.58,3.98537549,4.307503093,4.222193333,3.828274787,3.46543499,3.551550412
5.6,4.002657742,4.313139749,4.212241298,3.810995584,3.461574348,3.562491785
5.62,4.017442758,4.314921142,4.197874915,3.796113965,3.455843139,3.577290741
5.64,4.034952198,4.318551842,4.185328597,3.777638654,3.45377084,3.590761096
5.66,4.049849103,4.318289942,4.174029118,3.76168838,3.449916891,3.603343497
5.68,4.067360726,4.319848197,4.158876605,3.742262445,3.444900227,3.619243368
5.7,4.08255798,4.317481922,4.145024035,3.725493842,3.443187855,3.63415084
5.72,4.095004621,4.316914402,4.133000777,3.710805447,3.440387347,3.647618273
5.74,4.109948615,4.317616706,4.116604231,3.692811164,3.440960819,3.664733343
5.76,4.122035845,4.314778884,4.102105686,3.677633797,3.440504119,3.680775708
5.78,4.136520507,4.313196233,4.088926444,3.664710185,3.438556837,3.695276473
5.8,4.148052062,4.308059029,4.07148911,3.649191166,3.440645291,3.713335687
5.82,4.161888716,4.304166885,4.05606176,3.636052382,3.441280553,3.729728666
5.84,4.172680707,4.301938874,4.042083292,3.620450867,3.445408726,3.744884247
5.86,4.185692937,4.295622769,4.024443745,3.607360643,3.44857428,3.763007401
5.88,4.195973197,4.290974101,4.008329901,3.591939116,3.45031844,3.779763172
5.9,4.2030907,4.282238034,3.994284374,3.579161397,3.456136248,3.794688565
5.92,4.212336047,4.275176978,3.976092262,3.569051233,3.460531361,3.81288638
5.94,4.218337827,4.26927533,3.960062092,3.556734959,3.468992884,3.829127041
5.96,4.226394012,4.25971738,3.945624023,3.547208581,3.47601561,3.848515919
5.98,4.231132986,4.251332967,3.927683507,3.535598898,3.482141719,3.865823292
6,4.237860293,4.244558881,3.911433089,3.526899677,3.491839889,3.881468893
6.02,4.246068388,4.233627305,3.896932484,3.516237435,3.500603851,3.900142406
6.04,4.251248678,4.224333288,3.879060568,3.508600551,3.507952199,3.916593707
6.06,4.257859047,4.216160495,3.863037083,3.499116328,3.519365024,3.931252925
6.08,4.261387662,4.204298717,3.849413076,3.492770301,3.529306701,3.948352726
6.1,4.266299245,4.193591977,3.831966682,3.484686597,3.543254298,3.963536053
6.12,4.268081631,4.184497532,3.81703484,3.479847508,3.555663841,3.981044512
6.14,4.2712059,4.171232117,3.798386443,3.47337267,3.567048235,3.996517902
6.16,4.276035688,4.159626371,3.782372284,3.4702408,3.582439201,4.009502689
6.18,4.277204243,4.149164458,3.768432902,3.464947503,3.596254032,4.025138679
6.2,4.280049791,4.135041035,3.75092912,3.463625564,3.60901216,4.038176857
6.22,4.279203243,4.122113908,3.736205378,3.460211851,3.620191981,4.053762766
6.24,4.280010733,4.110426813,3.718025864,3.460843625,3.635281502,4.067079293
6.26,4.277100429,4.095160468,3.702746079,3.45944528,3.648687784,4.077667657
6.28,4.275826419,4.081191804,3.689816986,3.456666867,3.665899564,4.090689006
6.3,4.275706495,4.068990304,3.674109562,3.457503512,3.681318044,4.100881039
6.32,4.272225178,4.052763097,3.660874923,3.457005622,3.695447033,4.113411261
6.34,4.269888914,4.038374894,3.644987035,3.46016429,3.712750379,4.123018248
6.36,4.269079982,4.025320083,3.631695985,3.462020196,3.728645674,4.134876018
6.38,4.264422357,4.008786091,3.621025341,3.462063617,3.742612424,4.143723648
6.4,4.261294864,3.993661481,3.60782646,3.466425165,3.760139696,4.154741964
6.42,4.254317562,3.980434665,3.597364917,3.468983475,3.775619804,4.162670321
6.44,4.248877786,3.963299046,3.584493355,3.475866879,3.794543421,4.172696344
6.46,4.244500261,3.947706298,3.5744758,3.480942097,3.811301736,4.179559407
6.48,4.236670255,3.934135273,3.562163397,3.490334408,3.826383853,4.188453987
6.5,4.229914426,3.916782052,3.552820475,3.497899535,3.844285212,4.194535888
6.52,4.224635856,3.901544421,3.541297957,3.504242787,3.860391372,4.202099347
6.54,4.215446164,3.88792759,3.532858007,3.514351395,3.874715981,4.206786095
6.56,4.207759973,3.871106825,3.522350343,3.523197917,3.89173592,4.212900599
6.58,4.196183631,3.856004096,3.515034582,3.530248215,3.906849881,4.21608108
6.6,4.186141219,3.843120541,3.505758093,3.541617419,3.919528203,4.220638837
6.62,4.177160417,3.826634547,3.499777628,3.551133316,3.93529354,4.226964928
6.64,4.169657545,3.812016071,3.491345533,3.564908629,3.948506181,4.229781753
6.66,4.158231265,3.799752782,3.486837268,3.576759844,3.964693473,4.234329106
6.68,4.148325232,3.78402592,3.479958371,3.587261761,3.978216146,4.235327918
6.7,4.134535331,3.770765932,3.47708878,3.601408693,3.994606669,4.23802563
6.72,4.12231505,3.754145767,3.47192173,3.614122077,4.008226405,4.237141143
6.74,4.11119562,3.740107539,3.470840326,3.624854233,4.024613082,4.237929792
6.76,4.10160858,3.722815535,3.467525297,3.639715987,4.038128954,4.239877257
6.78,4.08814175,3.708223677,3.468361799,3.652503366,4.049279157,4.238617948
6.8,4.075871329,3.695834541,3.467018018,3.669326669,4.063093519,4.238501284
6.82,4.06522593,3.680331252,3.469879773,3.683977394,4.073914641,4.235162227
6.84,4.050793358,3.667658757,3.470600451,3.69700869,4.087305961,4.232954204
6.86,4.038051333,3.651978031,3.469809705,3.713433984,4.097611068,4.232290206
6.88,4.021584054,3.639244782,3.472777342,3.728133735,4.110399643,4.227883495
6.9,4.006879733,3.628970655,3.47425697,3.740560606,4.120015892,4.225021386
6.92,3.993478108,3.616298619,3.479515457,3.756830188,4.1320361,4.218413324
6.94,3.981824783,3.606199834,3.483295525,3.771299439,4.140804848,4.213355125
6.96,3.966493498,3.59381785,3.485093947,3.783397843,4.151907956,4.209341915
6.98,3.952587118,3.584122684,3.490699235,3.799259936,4.159686727,4.202008204
7,3.940543315,3.572255864,3.494808438,3.812630618,4.169733838,4.195729659
7.02,3.924938877,3.563184986,3.502713525,3.829649935,4.176390086,4.190939928
7.04,3.911285539,3.551542285,3.509101379,3.844061806,4.185255285,4.182337233
7.06,3.894152789,3.543293701,3.519260363,3.862009268,4.190669259,4.175248305
7.08,3.879061046,3.5325684,3.527868701,3.877235996,4.198239192,4.169169446
7.1,3.865559017,3.525339038,3.535023792,3.890294608,4.20278256,4.159740165
7.12,3.84911674,3.515723932,3.545985358,3.906227508,4.208867691,4.151354035
7.14,3.834360042,3.50970466,3.555439931,3.919882924,4.211874818,4.144456746
7.16,3.821751528,3.501385531,3.562858549,3.936309555,4.216379357,4.133739537
7.18,3.805845039,3.496753102,3.574610025,3.950351277,4.217761022,4.12413842
7.2,3.791762972,3.489900254,3.584257616,3.961461122,4.2206018,4.116089931
7.22,3.77996037,3.486293681,3.598168796,3.975796932,4.220279106,4.10429014
7.24,3.76499045,3.486400106,3.609897036,3.987100201,4.221383552,4.094091325
7.26,3.752405546,3.484316519,3.620007006,4.001534666,4.224383179,4.085004804
7.28,3.736753948,3.480607899,3.633767446,4.013384745,4.223597643,4.072658899
7.3,3.723598049,3.480271233,3.645820038,4.027702026,4.224690763,4.061477717
7.32,3.712487415,3.478360293,3.65563044,4.039335886,4.221975968,4.051917691
7.34,3.698437939,3.479869154,3.669563123,4.047726049,4.221125638,4.038662314
7.36,3.687011325,3.479841714,3.681158037,4.059070151,4.216449671,4.027091004
7.38,3.672745204,3.483271436,3.696780828,4.067080029,4.213629361,4.01188339
7.4,3.661210656,3.485193346,3.709967007,4.077960316,4.212079651,3.998429304
7.42,3.65195698,3.485182725,3.727083664,4.085422111,4.207176381,3.986239643
7.44,3.640427274,3.489204221,3.741663084,4.095677152,4.20354295,3.975787572
7.46,3.631284623,3.491303183,3.754244309,4.102435684,4.201670416,3.961742625
7.48,3.619972007,3.497443584,3.770130243,4.111916891,4.19586149,3.949081796
7.5,3.611151667,3.501659992,3.783913223,4.117829754,4.191825386,3.938267673
7.52,3.599804668,3.50991508,3.795066661,4.126401026,4.183857814,3.923975346
7.54,3.591503747,3.516230868,3.809964246,4.131338348,4.17720838,3.911611679
7.56,3.580767263,3.521135849,3.822129215,4.138876118,4.17235626,3.895844932
7.58,3.573174783,3.529618228,3.837939351,4.142717871,4.163614645,3.882095136
7.6,3.5632351,3.536659233,3.850915748,4.149108471,4.156694855,3.869881465
7.62,3.556533894,3.541806159,3.867440452,4.151749557,4.151040256,3.854826233
7.64,3.547569905,3.551018942,3.881572832,4.156893943,4.142002467,3.841397675
7.66,3.541934317,3.558291911,3.892768796,4.158243419,4.134259243,3.829635531
7.68,3.534115532,3.569586776,3.907437303,4.162056125,4.128304552,3.815144395
7.7,3.529706809,3.578887303,3.919066716,4.167702655,4.118437899,3.802409591
7.72,3.523188289,3.592154357,3.934071165,4.169997666,4.110401774,3.79190682
7.74,3.519681376,3.60336438,3.945938204,4.17409653,4.098489349,3.778292424
7.76,3.514561391,3.613015754,3.961087422,4.174812848,4.088453108,3.76700853
7.78,3.512514768,3.626106526,3.973005948,4.17782542,4.079733154,3.752706265
7.8,3.508911512,3.637563574,3.988118966,4.176805667,4.06769039,3.740837389
7.82,3.508435574,3.646921837,3.999915719,4.17806175,4.057012782,3.726045019
7.84,3.506450682,3.660140081,4.008942219,4.175261765,4.048222734,3.71379066
7.86,3.507638464,3.671177483,4.020564458,4.174207561,4.035594875,3.703594176
7.88,3.507355492,3.685993944,4.029332642,4.175400285,4.024914078,3.690591232
7.9,3.510281019,3.698543897,4.0406185,4.173042718,4.010450609,3.68024084
7.92,3.5117613,3.709308952,4.048972002,4.172297656,3.998000674,3.66717545
7.94,3.511404069,3.723305855,4.059775948,4.167996368,3.9869992,3.656862978
7.96,3.514790432,3.735426271,4.067574773,4.165306438,3.972315921,3.648823599
7.98,3.516350007,3.750692286,4.07827358,4.164247581,3.95974052,3.638643472
8,3.521663466,3.763988914,4.085328077,4.159626587,3.948721803,3.630832838
8.02,3.525150378,3.775350246,4.095215028,4.156644546,3.934604125,3.620977035
8.04,3.532390559,3.789781291,4.101394662,4.150108377,3.922114113,3.613585136
8.06,3.537796568,3.802176446,4.110348285,4.145222541,3.911785626,3.60424123
8.08,3.54185609,3.817547419,4.115534595,4.142508536,3.89787484,3.597452809
8.1,3.549249819,3.830782991,4.123442545,4.135638764,3.88620914,3.588310957
8.12,3.555271727,3.841402071,4.12752887,4.130964506,3.871036505,3.582285465
8.14,3.564599405,3.855395476,4.134290516,4.122151767,3.858193112,3.573982194
8.16,3.572519687,3.866676012,4.137181904,4.115562028,3.847121634,3.568876529
8.18,3.578611815,3.881239058,4.142708037,4.110582612,3.833170141,3.561564208
8.2,3.588451251,3.892995843,4.144320666,4.102020672,3.821078421,3.557525627
8.22,3.596414088,3.907946519,4.148532998,4.09510114,3.810883895,3.551346237
8.24,3.608075354,3.920000993,4.148793745,4.084632447,3.797910635,3.548507755
8.26,3.617804059,3.929645327,4.151624642,4.075838766,3.786920245,3.543587869
8.28,3.626063228,3.941932665,4.150470962,4.069271158,3.773239,3.542071329
8.3,3.637538927,3.95172291,4.151863148,4.05857272,3.761627748,3.538525609
8.32,3.647478042,3.9640767,4.15518802,4.050149098,3.752629806,3.537937856
8.34,3.655451517,3.973850703,4.154980765,4.037635708,3.740477232,3.535815945
8.36,3.66703185,3.986580959,4.156691057,4.027449301,3.731032157,3.536692797
8.38,3.676572038,3.996158321,4.15485536,4.018970302,3.718520325,3.536070223
8.4,3.689648105,4.008615367,4.154925839,4.007012382,3.708813253,3.538479128
8.42,3.700606035,4.017842203,4.151438355,3.996817331,3.696127465,3.539414644
8.44,3.715023402,4.029877646,4.149849857,3.988959834,3.685804909,3.538462151
8.46,3.72724209,4.038610957,4.150655471,3.97705744,3.678379795,3.541091684
8.48,3.737706373,4.044542721,4.147285652,3.967558242,3.668069102,3.541843623
8.5,3.751125025,4.052755897,4.146315019,3.954074877,3.660746057,3.546188816
8.52,3.762704401,4.058100729,4.141168649,3.942522423,3.650617953,3.548658024
8.54,3.772016954,4.065667546,4.138430706,3.933459124,3.643563413,3.55472232
8.56,3.784647049,4.070304743,4.131517778,3.920507861,3.633782585,3.558903416
8.58,3.794924828,4.077109784,4.127027059,3.910118545,3.627161583,3.566672212
8.6,3.80843823,4.080929265,4.124349078,3.895905102,3.617890557,3.572541851
8.62,3.819514534,4.086867608,4.118017891,3.884329013,3.611862562,3.577017351
8.64,3.833745501,4.089769702,4.113519336,3.874783699,3.603257521,3.584631823
8.66,3.845898435,4.094746724,4.10538762,3.862054986,3.597974848,3.590823127
8.68,3.855532565,4.102208226,4.099111655,3.851433236,3.590184033,3.595155575
8.7,3.86825959,4.106036105,4.095216111,3.843500676,3.585230638,3.603097527
8.72,3.878380963,4.112315109,4.087100982,3.831850125,3.583630845,3.60913701
8.74,3.891512979,4.114924387,4.081401658,3.822973262,3.57956057,3.61874528
8.76,3.901955473,4.119956385,4.071511339,3.81045686,3.578905703,3.626403283
8.78,3.915329559,4.121287242,4.064075847,3.800238495,3.575832033,3.637582704
8.8,3.925933733,4.125017243,4.058485593,3.792885067,3.57622652,3.646758173
8.82,3.934217503,4.125019153,4.049271721,3.781989123,3.574247544,3.654413738
8.84,3.944930754,4.127401302,4.041947049,3.774043397,3.570503114,3.665092028
8.86,3.953246346,4.126032697,4.03052969,3.762630815,3.569808138,3.674187928
8.88,3.963921049,4.127029943,4.021661889,3.75425181,3.567384171,3.681253193
8.9,3.972124932,4.12425542,4.014756635,3.742482222,3.568044318,3.691761301
8.92,3.982621857,4.123837159,4.004319851,3.733832312,3.567004263,3.70017034
8.94,3.990579196,4.125232087,3.995895296,3.721867933,3.56907551,3.711955812
8.96,4.00076783,4.123272362,3.983989817,3.713109164,3.569467159,3.72157114
8.98,4.008352554,4.123123697,3.97414854,3.701111527,3.572989457,3.734494036
9,4.018535298,4.11961737,3.966906391,3.692404742,3.574844345,3.745173959
9.02,4.025593562,4.117925651,3.955643023,3.686372188,3.574543323,3.754082844
9.04,4.0351931,4.11287679,3.947042553,3.677763389,3.57798051,3.765782641
9.06,4.041610289,4.109647071,3.934476006,3.671908837,3.579259742,3.775635416
9.08,4.050517237,4.108676972,3.924638582,3.662963059,3.584276515,3.788683255
9.1,4.0561889,4.10381617,3.916933981,3.657442972,3.587122319,3.799350082
9.12,4.064306259,4.101230589,3.905867594,3.648895885,3.593698695,3.808114477
9.14,4.06913989,4.094764396,3.897002142,3.64384675,3.598086243,3.819535219
9.16,4.076377694,4.090592571,3.884843775,3.635832009,3.606187314,3.828972027
9.18,4.080288135,4.082553461,3.874956071,3.631384165,3.612074342,3.84098944
9.2,4.086566101,4.076831396,3.867360416,3.624028644,3.616328974,3.850942915
9.22,4.089477735,4.072890487,3.856541242,3.620302101,3.623761996,3.85837414
9.24,4.094725061,4.065551101,3.84808241,3.613721807,3.629526275,3.86879039
9.26,4.096571619,4.060020974,3.836469118,3.610830527,3.638433902,3.876606941
9.28,4.100726725,4.051120476,3.827285469,3.605134593,3.645629991,3.887336035
9.3,4.101451024,4.044060172,3.815017599,3.60318234,3.650597772,3.895390757
9.32,4.104461304,4.039302847,3.805249529,3.598469151,3.659241061,3.906288585
9.34,4.104015011,4.030671635,3.798533831,3.597548426,3.665604578,3.914440587
9.36,4.105836497,4.024385174,3.788208576,3.593904505,3.675593943,3.925369563
9.38,4.104179763,4.014259937,3.78101443,3.594095204,3.683247705,3.93348475
9.4,4.104776994,4.006524127,3.770279739,3.591594072,3.694473343,3.944314437
9.42,4.101878382,4.000643552,3.762754947,3.592352932,3.703303982,3.952266111
9.44,4.101224137,3.991436533,3.751758291,3.591009764,3.710296688,3.962873706
9.46,4.102310714,3.984132845,3.744046845,3.592949933,3.720284986,3.970543053
9.48,4.100285656,3.973551108,3.732931968,3.592805924,3.728369884,3.980813763
9.5,4.099998784,3.964923025,3.724616996,3.595962361,3.739389201,3.988543296
9.52,4.096596992,3.958265698,3.719640016,3.597042806,3.748437733,3.993269122
9.54,4.094936514,3.94837925,3.711317326,3.601434232,3.755001833,4.000560524
9.56,4.090158926,3.940516271,3.706403557,3.603753414,3.764990297,4.004792652
9.58,4.087127082,3.929477205,3.698204986,3.603479214,3.772425119,4.01154129
9.6,4.086245641,3.920516036,3.693484171,3.607154496,3.783218991,4.015179536
9.62,4.081755406,3.914109778,3.685537272,3.608227952,3.791389978,4.021289807
9.64,4.079430287,3.90405449,3.681134358,3.613245542,3.802854726,4.024243053
9.66,4.073506125,3.896617907,3.673561247,3.615646668,3.811627899,4.029628552
9.68,4.069765188,3.885588242,3.669595319,3.621980082,3.82363027,4.031814877
9.7,4.062438099,3.877242597,3.662511859,3.62567644,3.832873508,4.036398312
9.72,4.057315693,3.865361016,3.659095182,3.633287048,3.839900734,4.037744841
9.74,4.053904687,3.856230173,3.652609932,3.638234389,3.849588401,4.041457998
9.76,4.047341188,3.849317321,3.649846935,3.647072249,3.85699273,4.041900803
9.78,4.042515259,3.839418759,3.644060036,3.653215484,3.866995928,4.044684158
9.8,4.034562895,3.831804688,3.642046165,3.657280162,3.874650521,4.044167991
9.82,4.02837694,3.820784508,3.637048438,3.664669284,3.884844834,4.045970696
9.84,4.024384569,3.812645296,3.635284875,3.669940548,3.89262779,4.049554744
9.86,4.016797461,3.806864207,3.631129812,3.678496563,3.902893907,4.050236881
9.88,4.011443014,3.798210692,3.630242602,3.684890801,3.910688616,4.052686331
9.9,4.002526946,3.791979943,3.626993139,3.694529274,3.915514353,4.052218776
9.92,3.995459502,3.78294046,3.627040302,3.701958438,3.923314847,4.053508431
9.94,3.990662413,3.7763858,3.624749074,3.706633649,3.928088902,4.051867887
9.96,3.982347778,3.767085532,3.625778026,3.715120635,3.935786717,4.051978454
9.98,3.976348307,3.760333588,3.624486888,3.720801091,3.940403868,4.04915195
10,3.96686953,3.750898292,3.626534119,3.730244495,3.947897049,4.048074092
10.02,3.959752786,3.744073672,3.626273699,3.7368269,3.952774792,4.049177585
10.04,3.949196735,3.740350595,3.62936429,3.7471216,3.959930503,4.046815265
10.06,3.941051504,3.733466384,3.630153651,3.754502037,3.96442015,4.046641141
10.08,3.934831091,3.729749114,3.634301028,3.765543108,3.971143595,4.043003705
10.1,3.925648322,3.722927053,3.636147719,3.773613374,3.975154504,4.041564709
10.12,3.918440744,3.718830833,3.641353885,3.779311227,3.981359016,4.036668009
10.14,3.908321221,3.712194735,3.64425148,3.788077584,3.984808749,4.033983423
10.16,3.900226067,3.708336914,3.644331632,3.794412884,3.990415906,4.027849776
10.18,3.89460316,3.701989099,3.648385982,3.804349925,3.993230122,4.023945179
10.2,3.885625244,3.698469244,3.649606993,3.811217354,3.998172376,4.021747636
10.22,3.879179324,3.692506268,3.65479293,3.821628496,4.000287432,4.016556831
10.24,3.869430752,3.689417808,3.657124713,3.828908305,4.004501626,4.013094582
10.26,3.861831701,3.683929697,3.663404336,3.83967496,4.005858374,4.006215089
10.28,3.856814038,3.681357012,3.666804347,3.847250009,4.009289231,4.001601288
10.3,3.84855057,3.676424139,3.674130323,3.852252787,4.009834082,3.998745173
10.32,3.842927853,3.674445929,3.67854695,3.860124119,4.012432257,3.992928534
10.34,3.834111023,3.670142811,3.686863423,3.86536337,4.012122253,3.988898159
10.36,3.827994302,3.668829393,3.692237023,3.873417414,4.013848385,3.981935571
10.38,3.81873498,3.665221803,3.701480443,3.878781803,4.018093996,3.976789773
10.4,3.812234927,3.664634461,3.70774411,3.886909667,4.018813341,3.973906457
10.42,3.802643348,3.661778854,3.711632258,3.892292787,4.022044483,3.967610535
10.44,3.795869672,3.66196931,3.718832716,3.900390855,4.021737686,3.963616094
10.46,3.791423057,3.659912452,3.72361537,3.905692039,4.023938622,3.956241765
10.48,3.784381088,3.660922512,3.731671442,3.913662522,4.022593313,3.951209659
10.5,3.779722195,3.659184144,3.737265002,3.918787056,4.023755208,3.942831876
10.52,3.772522049,3.661025003,3.746088659,3.926538341,4.021365754,3.936838845
10.54,3.767756901,3.660124659,3.75240304,3.93139785,4.021486389,3.93271765
10.56,3.760045048,3.662815141,3.75567791,3.938844781,4.018053654,3.925744632
10.58,3.755295806,3.662764853,3.762744416,3.94335759,4.017137114,3.920685064
10.6,3.747643399,3.666312145,3.76672112,3.950421848,4.012668128,3.912817365
10.62,3.743003701,3.667116823,3.774444413,3.954513045,4.010724674,3.906908289
10.64,3.735502295,3.671521079,3.779027133,3.961123069,4.010713377,3.89823589
10.66,3.731061465,3.673176434,3.787310987,3.96472461,4.007654653,3.891568016
10.68,3.729190615,3.678428784,3.792403483,3.970815646,4.006542132,3.887376255
10.7,3.724928898,3.68092157,3.801151729,3.973866276,4.002395453,3.879943877
10.72,3.723279849,3.687004327,3.80665825,3.979380496,4.000211439,3.874576016
10.74,3.719279204,3.690312827,3.815775656,3.981825927,3.995009245,3.866521546
10.76,3.717928483,3.691392476,3.82160179,3.986712391,3.991786321,3.860577356
10.78,3.714261988,3.695599062,3.830994972,3.988505201,3.991057051,3.857196262
10.8,3.713281721,3.697556025,3.837048551,3.99271978,3.986732234,3.850667957
10.82,3.710017799,3.702620957,3.84662659,3.993819218,3.984418305,3.846754111
10.84,3.709472629,3.705411911,3.852818181,3.997324386,3.979109605,3.839734322
10.86,3.70620715,3.711288697,3.862493261,3.99769376,3.97583684,3.835380137
10.88,3.70614942,3.714861545,3.868736806,4.000456451,3.969593815,3.827961213
10.9,3.703391441,3.721495311,3.87214618,4.000068861,3.965413327,3.823258525
10.92,3.703866,3.725794562,3.878479676,4.002065388,3.963796619,3.815533973
10.94,3.701656666,3.733127502,3.881934966,4.000900476,3.958658488,3.810575326
10.96,3.702700796,3.738093012,3.888275894,4.002113342,3.956118797,3.80263657
10.98,3.701073608,3.740232807,3.891696806,4.000156771,3.950085497,3.797512315
11,3.70271686,3.745914032,3.897967281,4.000574604,3.946686674,3.789448393
11.02,3.701697618,3.74873189,3.901278386,3.997818098,3.939823124,3.784246191
11.04,3.703961844,3.755058307,3.907405383,3.997435435,3.935631334,3.78138045
11.06,3.70356849,3.758482453,3.910536212,3.999956815,3.928004651,3.776084089
11.08,3.706467556,3.76538109,3.916451832,3.998658922,3.923087948,3.773167666
11.1,3.706710084,3.769337703,3.919337067,4.000273475,3.914766954,3.767380055
11.12,3.710250076,3.776733961,3.924978614,3.998071727,3.909195241,3.76451113
11.14,3.711128444,3.781147981,3.927558373,3.998793506,3.905785876,3.758803526
11.16,3.715305343,3.788966413,3.932868686,3.995704301,3.899522326,3.756053094
11.18,3.716814289,3.793762294,3.935088636,3.995552157,3.895460563,3.750494123
11.2,3.721619133,3.801927369,3.940565851,3.991596533,3.888582989,3.747928423
11.22,3.72374623,3.807029848,3.942336482,3.990596777,3.88394676,3.742581819
11.24,3.723705362,3.815469438,3.947343434,3.985802685,3.876533337,3.740261938
11.26,3.72653643,3.820806919,3.948618602,3.98398257,3.871400785,3.735186183
11.28,3.727184587,3.823575529,3.953112434,3.978379281,3.869079966,3.733167807
11.3,3.730691385,3.829187897,3.953852464,3.975770276,3.863424054,3.728415578
11.32,3.7319974,3.832191857,3.957796773,3.969391064,3.860624743,3.726748319
11.34,3.736146087,3.83800446,3.957968243,3.966028472,3.854527268,3.722366249
11.36,3.738073334,3.841170263,3.960787498,3.965035404,3.851330678,3.721093565
11.38,3.742824847,3.847110924,3.960412297,3.960838344,3.844871927,3.717121961
11.4,3.74533183,3.850365049,3.963221198,3.95903591,3.840820245,3.716280856
11.42,3.750642541,3.856362031,3.962228461,3.95405588,3.834113042,3.712750801
11.44,3.753683514,3.859639875,3.963869314,3.951493727,3.829848296,3.712368878
11.46,3.759505843,3.865630113,3.962295327,3.945776192,3.828534668,3.709307409
11.48,3.763031462,3.868864965,3.96335097,3.942504459,3.824019133,3.708919175
11.5,3.763832158,3.874783913,3.96118601,3.936103721,3.822493925,3.7116369
11.52,3.767894073,3.877916086,3.961649096,3.932177607,3.817795195,3.711640805
11.54,3.769199636,3.883706156,3.95888834,3.93072579,3.816124395,3.714760155
11.56,3.773739994,3.886680166,3.958756364,3.926141633,3.811306453,3.715167682
11.58,3.775491814,3.892288047,3.96175733,3.924061746,3.809552293,3.718697
11.6,3.780451262,3.895052851,3.960909135,3.918877635,3.804678519,3.71951349
11.62,3.78258951,3.900429645,3.963203143,3.916227989,3.802902397,3.723455092
11.64,3.787907815,3.902938638,3.961651466,3.910502688,3.79803209,3.724679981
11.66,3.790372099,3.90804012,3.963253384,3.907342198,3.796291157,3.729030403
11.68,3.795988794,3.910251487,3.961014968,3.901134861,3.79147923,3.730657495
11.7,3.798718793,3.915038206,3.961943548,3.897522676,3.789826092,3.730089015
11.72,3.804573791,3.916914942,3.959038894,3.890892522,3.785122781,3.732208991
11.74,3.807509941,3.921843942,3.959316514,3.886887705,3.783605322,3.732122949
11.76,3.813544251,3.923321398,3.955771972,3.886059295,3.779056054,3.734716308
11.78,3.816630606,3.927838797,3.955426578,3.881603455,3.777716991,3.735090855
11.8,3.822789089,3.928888087,3.951268796,3.880359582,3.773361853,3.738133646
11.82,3.825968885,3.932477641,3.950328623,3.875515489,3.772238657,3.73894271
11.84,3.832195789,3.933110466,3.945584936,3.873918268,3.768112454,3.742406962
11.86,3.835412014,3.936766059,3.944078953,3.868747152,3.767237189,3.743620674
11.88,3.841651569,3.936928585,3.938784639,3.86685697,3.763369267,3.747474843
11.9,3.844854755,3.939619747,3.936749308,3.861418196,3.762218015,3.749060003
11.92,3.851058931,3.939335872,3.930936865,3.859293426,3.764275566,3.753266799
11.94,3.854197593,3.941577623,3.92840601,3.853641449,3.763316316,3.75518457
11.96,3.860316515,3.940839089,3.928531723,3.851335313,3.765578273,3.759706773
11.98,3.863345004,3.942625279,3.925420568,3.845524868,3.764827816,3.761918879
12,3.863786932,3.941428045,3.924989997,3.843090721,3.767308414,3.766717338
12.02,3.866769113,3.942756742,3.921344013,3.837173694,3.766778503,3.7691839
12.04,3.867141328,3.941101091,3.920403056,3.834661878,3.769486999,3.774218165
12.06,3.87003473,3.941974491,3.916268658,3.82868694,3.769184483,3.776898149
12.08,3.870296723,3.939864649,3.914863995,3.826144429,3.772125314,3.782126828
12.1,3.87306283,3.940288843,3.9102882,3.820156747,3.772052319,3.784978568
12.12,3.873178133,3.937732823,3.908466949,3.817626864,3.775225309,3.785003286
12.14,3.875782534,3.937717581,3.903497036,3.817890726,3.775379469,3.788088704
12.16,3.87571893,3.934726963,3.901306406,3.81470478,3.778780062,3.788321612
12.18,3.878131538,3.934285506,3.89598946,3.81494667,3.779151906,3.791595678
12.2,3.877861044,3.930875202,3.893473345,3.811752045,3.782768545,3.791992107
12.22,3.880055989,3.930023961,3.887853207,3.812005443,3.783347645,3.795410588
12.24,3.879554902,3.932185658,3.885058312,3.80883354,3.787168054,3.795926907
12.26,3.881510596,3.930830466,3.88563174,3.809127779,3.787940418,3.799446838
12.28,3.8807594,3.932504699,3.882481403,3.806005734,3.791948948,3.800040885
12.3,3.882458402,3.930672356,3.882727953,3.806365794,3.7928974,3.80362098
12.32,3.881441861,3.931887036,3.879271381,3.803316527,3.797075418,3.804252452
12.34,3.882871019,3.92960648,3.879239318,3.803763195,3.798180005,3.807853471
12.36,3.881131891,3.930391552,3.875523644,3.800805373,3.802506314,3.808484284
12.38,3.88231124,3.927691308,3.875258998,3.80135518,3.803744727,3.812067074
12.4,3.880316049,3.928076235,3.871328959,3.798503225,3.802495132,3.812659569
12.42,3.88124038,3.924988901,3.870875194,3.799168475,3.803952134,3.816190252
12.44,3.878985693,3.925006936,3.866772833,3.796432703,3.802905268,3.816712025
12.46,3.879653392,3.921566227,3.865604117,3.797221681,3.804551335,3.820159665
12.48,3.88273777,3.921251569,3.861398642,3.794605563,3.803677098,3.820581319
12.5,3.883042593,3.917489102,3.860144526,3.795519697,3.805481714,3.823918054
12.52,3.885770101,3.916873739,3.855868336,3.793025651,3.804749225,3.824213321
12.54,3.885721635,3.912824777,3.854559667,3.794065423,3.806681314,3.827414634
12.56,3.888103296,3.911944077,3.850242068,3.791692059,3.806059364,3.827560704
12.58,3.88771404,3.907643914,3.848906542,3.792854251,3.808087736,3.830605555
12.6,3.889763693,3.906533095,3.851070883,3.790596596,3.807545217,3.830583142
12.62,3.889048842,3.902016701,3.849609022,3.79187443,3.809638984,3.833454064
12.64,3.890782909,3.900710366,3.851664061,3.789724047,3.809145299,3.833247487
12.66,3.889760119,3.896011887,3.850101495,3.791107585,3.81127428,3.83593064
12.68,3.891197356,3.894543804,3.852070987,3.789053077,3.81079974,3.835527861
12.7,3.889886482,3.889696424,3.850429526,3.790529526,3.812934849,3.838013059
12.72,3.891047706,3.888099163,3.852333381,3.788556805,3.812451049,3.837405685
12.74,3.889470525,3.883134701,3.850630982,3.790110856,3.814564659,3.839686375
12.76,3.890378338,3.881439295,3.852485247,3.788203493,3.814044828,3.838869631
12.78,3.888558258,3.882438702,3.850736008,3.789817685,3.816111112,3.840942848
12.8,3.889236745,3.880558023,3.852552787,3.787957286,3.815530444,3.839915504
12.82,3.887198407,3.881389881,3.850766853,3.789612383,3.817525682,3.841781786
12.84,3.887672689,3.879355458,3.852554472,3.787778973,3.816861628,3.840546065
12.86,3.885441758,3.880049937,3.850738296,3.789454362,3.818764497,3.841734374
12.88,3.885737868,3.877388464,3.852501395,3.787626786,3.817997032,3.840320134
12.9,3.883338255,3.877998948,3.850655349,3.789300881,3.819786474,3.841334616
12.92,3.88347812,3.875261435,3.852392566,3.7874572,3.818895973,3.839749427
12.94,3.880934434,3.875810161,3.850516233,3.789107813,3.820556406,3.840599011
12.96,3.880945334,3.873017342,3.85222549,3.787225695,3.819528802,3.838853172
12.98,3.878284797,3.873523559,3.850315149,3.788239622,3.821047678,3.839549467
13,3.878193771,3.87069313,3.851991173,3.792673648,3.81986892,3.84312124
13.02,3.87544319,3.87117297,3.850037065,3.794111791,3.821233981,3.843573809
13.04,3.875276608,3.868319442,3.851668593,3.791989827,3.819899527,3.84691474
13.06,3.872461906,3.868785782,3.849664222,3.792750033,3.821107679,3.847624483
13.08,3.872245222,3.865920349,3.851243608,3.796919321,3.819063805,3.845257388
13.1,3.869393737,3.866382729,3.849173913,3.797475792,3.820137977,3.84536625
13.12,3.869153462,3.86351326,3.850684841,3.801434741,3.817955978,3.8483908
13.14,3.866286024,3.863977859,3.848535629,3.801770311,3.818893252,3.848316959
13.16,3.866042238,3.861108787,3.849962989,3.805505214,3.81657185,3.851174255
13.18,3.868845725,3.86157833,3.847718225,3.80560688,3.817374889,3.850943041
13.2,3.868511051,3.858710583,3.849045205,3.809105584,3.814918339,3.853658826
13.22,3.871238146,3.859184275,3.84668734,3.808962049,3.815592956,3.853296329
13.24,3.870835132,3.85631543,3.847895798,3.812214256,3.813008586,3.855897079
13.26,3.873507098,3.856789202,3.845406139,3.811816203,3.813563625,3.855430003
13.28,3.873055622,3.853913554,3.846476985,3.814813717,3.81086175,3.857942596
13.3,3.875690931,3.854380111,3.843836079,3.814154047,3.811308989,3.857397876
13.32,3.875207972,3.851488793,3.844749654,3.816891,3.808502796,3.859849247
13.34,3.877822092,3.851937746,3.841937673,3.81596505,3.808856814,3.859253709
13.36,3.877321534,3.849018872,3.842104515,3.818438109,3.805962214,3.861670509
13.38,3.87992675,3.849436911,3.845753135,3.817241109,3.806240227,3.86105052
13.4,3.879419214,3.852609252,3.845626602,3.819446851,3.803275662,3.86345876
13.42,3.882024478,3.852859399,3.848978251,3.817979724,3.803497296,3.862839877
13.44,3.881517085,3.855859217,3.848543904,3.819920606,3.800483526,3.865264581
13.46,3.884127734,3.855927944,3.851584553,3.818187241,3.800670621,3.864671201
13.48,3.883624118,3.858740497,3.850828717,3.819868688,3.797630499,3.867136059
13.5,3.886242037,3.85861199,3.85354522,3.817875991,3.797806849,3.866591074
13.52,3.885742309,3.861220398,3.852455262,3.819306481,3.79476504,3.869118098
13.54,3.888365846,3.860876864,3.854835676,3.817064444,3.794956104,3.868642562
13.56,3.887866573,3.86326243,3.853400326,3.81825557,3.791938788,3.871251764
13.58,3.890490542,3.862684428,3.855434227,3.815777314,3.792171371,3.870864571
13.6,3.889984777,3.864826977,3.853643881,3.816743798,3.789205907,3.873573648
13.62,3.892600506,3.863993766,3.855322663,3.814045581,3.789507817,3.873291234
13.64,3.892077852,3.865871996,3.853169681,3.814805273,3.786622389,3.876115277
13.66,3.89467327,3.864761891,3.854486842,3.811906464,3.787022067,3.875951336
13.68,3.894119986,3.866353737,3.851965828,3.812480295,3.784245305,3.878902567
13.7,3.896679748,3.864944481,3.852917245,3.809403312,3.784771437,3.878867798
13.72,3.896078896,3.866227493,3.850025308,3.809815215,3.782132017,3.881955327
13.74,3.898584545,3.864496629,3.850609491,3.806585428,3.782813128,3.882057215
13.76,3.897916169,3.865448345,3.847346493,3.806862222,3.780339361,3.885286839
13.78,3.90034634,3.863373605,3.847564821,3.803507818,3.781203395,3.885529465
13.8,3.899587683,3.863971936,3.843933607,3.80367905,3.778922797,3.888903495
13.82,3.901460067,3.861029694,3.843790545,3.800230857,3.77999669,3.889287382
13.84,3.900611343,3.861289313,3.839794695,3.800328611,3.77793556,3.89280216
13.86,3.902379643,3.857994472,3.839295596,3.796819874,3.779244807,3.893321989
13.88,3.901411974,3.857895338,3.83494483,3.796878508,3.777427782,3.896972663
13.9,3.903048982,3.860420725,3.834101194,3.793344632,3.778995988,3.897621701
13.92,3.901934276,3.859824888,3.829408634,3.793400531,3.777445618,3.901399658
13.94,3.903410949,3.861848961,3.828235385,3.789878799,3.778739086,3.902167422
13.96,3.902119384,3.86074448,3.823217785,3.789970056,3.783371566,3.906057409
13.98,3.903405252,3.862256081,3.821733575,3.78649652,3.785411497,3.906926924
14,3.901905769,3.86063281,3.816411413,3.786659669,3.784346046,3.910915889
14.02,3.902969209,3.861622737,3.814638628,3.783277128,3.786147171,3.911872204
14.04,3.907003559,3.859472641,3.80903613,3.783555549,3.791309315,3.915937654
14.06,3.907702166,3.859933863,3.807000949,3.780301974,3.793888516,3.916956521
14.08,3.911360717,3.857251191,3.801146169,3.780733626,3.793369174,3.921078224
14.1,3.911666376,3.857179259,3.798878559,3.777652818,3.795732832,3.922137692
14.12,3.914920945,3.853961027,3.799540412,3.777675441,3.801472611,3.926286316
14.14,3.914805382,3.853354348,3.796944587,3.774813886,3.804628391,3.927355579
14.16,3.917627777,3.849600463,3.797297492,3.775075371,3.804685174,3.931504571
14.18,3.917062847,3.848460434,3.794412783,3.772472231,3.807631351,3.932555485
14.2,3.919425205,3.844174078,3.794500878,3.773011351,3.808037857,3.936669555
14.22,3.918383295,3.84250554,3.7907921,3.770699415,3.811333334,3.937665706
14.24,3.920258432,3.843921452,3.790688517,3.771545783,3.812084267,3.941710141
14.26,3.918712748,3.841612069,3.786805813,3.769556478,3.815721743,3.942615623
14.28,3.920074391,3.842399295,3.786555022,3.770743698,3.816807717,3.946553444
14.3,3.917999191,3.839467116,3.782544127,3.76910959,3.820775801,3.947330232
14.32,3.918822444,3.839645637,3.782193075,3.770669192,3.822183326,3.951122508
14.34,3.916193594,3.836112446,3.778102059,3.769420534,3.826466513,3.951730783
14.36,3.916455304,3.835706059,3.777699884,3.771381509,3.828177987,3.95533696
14.38,3.913250586,3.831597541,3.773578871,3.770545786,3.832756664,3.955735448
14.4,3.912929688,3.830634007,3.773176599,3.772934136,3.834750406,3.959113696
14.42,3.909129136,3.82597988,3.76907744,3.772535624,3.839600911,3.959260019
14.44,3.908206991,3.824491051,3.768727637,3.775373931,3.841851242,3.962367587
14.46,3.903793233,3.819325177,3.764703535,3.775433273,3.846945968,3.962218624
14.48,3.902253965,3.817347091,3.764459903,3.778740295,3.849423336,3.965012206
14.5,3.903049783,3.811707561,3.760564989,3.779274122,3.855287061,3.964524459
14.52,3.900768928,3.808772721,3.760481926,3.783064421,3.85794411,3.96696332
14.54,3.900821908,3.809008649,3.756768283,3.784087831,3.863970605,3.966095644
14.56,3.897792711,3.805578732,3.756897701,3.788374127,3.866767297,3.968135887
14.58,3.897098031,3.805347121,3.753419798,3.789894699,3.872914768,3.966844542
14.6,3.893320294,3.801470319,3.753815928,3.794682223,3.875807602,3.968442788
14.62,3.891879581,3.800821208,3.750627636,3.796702622,3.882030936,3.966684751
14.64,3.887356965,3.796549287,3.751343752,3.801991581,3.884973255,3.967798546
14.66,3.88517579,3.795536248,3.748497701,3.804509353,3.891224375,3.965531905
14.68,3.879916034,3.790924467,3.749585533,3.810294754,3.89416674,3.966120101
14.7,3.877004181,3.789604502,3.747132514,3.813302189,3.900394984,3.96330443
14.72,3.876878518,3.78471149,3.748641636,3.812981428,3.903285564,3.963327556
14.74,3.873139646,3.783144783,3.746629984,3.816593809,3.909438192,3.959924198
14.76,3.871744022,3.77803223,3.748607306,3.816863977,3.912223314,3.959344708
14.78,3.867247966,3.776279711,3.747082434,3.82105892,3.918245794,3.961017983
14.8,3.865108137,3.771010172,3.749571462,3.821895055,3.920870142,3.9596897
14.82,3.859879957,3.769138104,3.748575016,3.826644862,3.92670647,3.960601963
14.84,3.857023041,3.763779077,3.751615248,3.82801671,3.929113414,3.958498457
14.86,3.851092249,3.761856122,3.75118459,3.833288447,3.934706643,3.958624654
14.88,3.847549982,3.756477323,3.754810947,3.835160577,3.936838876,3.955722543
14.9,3.846829988,3.754574146,3.754978588,3.840916222,3.942131551,3.95504083
14.92,3.842527432,3.749246992,3.759220869,3.843248207,3.943931461,3.951320009
14.94,3.841073515,3.747435665,3.760013945,3.849444865,3.948866041,3.949811953
14.96,3.836057016,3.74223288,3.764896329,3.852191526,3.950276129,3.945256058
14.98,3.833917914,3.740586542,3.766336132,3.858781704,3.9547954,3.942907166
15,3.828238459,3.735581586,3.771876741,3.861893412,3.955758689,3.942751192
15.02,3.825467595,3.734173794,3.773978313,3.868825344,3.959806166,3.939500205
15.04,3.819178481,3.729440231,3.773307989,3.872248369,3.960264148,3.938441569
15.06,3.815831685,3.727815757,3.776211884,3.879466507,3.963782127,3.934286397
15.08,3.808993712,3.723426036,3.776338919,3.88314356,3.963680508,3.932324887
15.1,3.805131521,3.722179755,3.780040655,3.890588813,3.966615623,3.927267522
15.12,3.797807818,3.718199966,3.78036334,3.894459209,3.965901868,3.924407164
15.14,3.793498516,3.717397323,3.784839321,3.902066366,3.968202703,3.924192174
15.16,3.785759571,3.713888976,3.78592658,3.906063808,3.966826389,3.920333067
15.18,3.780605199,3.71359062,3.791162737,3.913768359,3.968443716,3.919131855
15.2,3.778474964,3.710613426,3.792997463,3.917827238,3.966356772,3.914290426
15.22,3.772931814,3.710877662,3.798973454,3.925562621,3.967244062,3.912122029
15.24,3.770455404,3.708490382,3.801532276,3.929615501,3.964401309,3.906322266
15.26,3.764601867,3.709374237,3.808221536,3.937313572,3.963981331,3.903213336
15.28,3.761859378,3.707631736,3.812069437,3.9418953,3.966472935,3.896481692
15.3,3.755777128,3.70918793,3.81945065,3.942769161,3.965724662,3.892461553
15.32,3.75285177,3.708143397,3.823970047,3.946696949,3.9672738,3.884835576
15.34,3.746625428,3.710422563,3.825079338,3.954205535,3.965029222,3.879944449
15.36,3.74360321,3.710120971,3.829764216,3.958513257,3.965673866,3.877229695
15.38,3.737320041,3.71316539,3.83852293,3.959025873,3.962510892,3.871397818
15.4,3.734289248,3.713642846,3.844361871,3.962525488,3.962228763,3.867769616
15.42,3.728038485,3.717485349,3.846730112,3.969536022,3.958120723,3.861051359
15.44,3.725089226,3.718776898,3.853214961,3.973261808,3.956887355,3.856566695
15.46,3.718961687,3.723449239,3.856192969,3.973112666,3.957909702,3.849021949
15.48,3.716185316,3.725580112,3.86325929,3.976478133,3.955593834,3.843743361
15.5,3.710272767,3.724706124,3.866780188,3.975925772,3.955530278,3.834948749
15.52,3.707761199,3.727818733,3.874355841,3.978260827,3.952124281,3.828992083
15.54,3.702153229,3.727927505,3.878345284,3.984009124,3.950964084,3.825335548
15.56,3.699509003,3.732028415,3.886350646,3.986350233,3.94646002,3.818656619
15.58,3.694293232,3.733120088,3.890727208,3.9914246,3.944206105,3.814313981
15.6,3.692084052,3.738204921,3.899085056,3.993055996,3.938609134,3.806987676
15.62,3.687343618,3.740273423,3.903769781,3.997390198,3.935265658,3.802038889
15.64,3.685651797,3.74633172,3.912396681,3.998247369,3.934692704,3.794147719
15.66,3.681467837,3.749362438,3.917304852,4.001778401,3.930153723,3.788677587
15.68,3.680373277,3.756375167,3.926114941,4.001800117,3.92839913,3.780308828
15.7,3.676824051,3.760344898,3.931159728,4.004468386,3.922685292,3.77440704
15.72,3.676403323,3.768284488,3.940065361,4.003013125,3.919772529,3.771457803
15.74,3.673563272,3.773161561,3.945158459,4.004839418,3.912907081,3.765108627
15.76,3.673888566,3.781992084,3.954067817,4.002513328,3.908862552,3.761766951
15.78,3.671827208,3.787736598,3.959117359,4.003448867,3.900877881,3.755073372
15.8,3.672965461,3.790970755,3.96794151,4.00020485,3.895737115,3.751444099
15.82,3.671746622,3.797659158,3.972858648,4.000204587,3.892808725,3.744512644
15.84,3.673758672,3.801806329,3.981508989,4.002765127,3.886496308,3.740200311
15.86,3.673439669,3.809380137,3.986205291,4.001658472,3.88242285,3.733156696
15.88,3.676376726,3.8143781,3.994593766,4.003098595,3.874989835,3.728783941
15.9,3.677004532,3.822771707,3.99898162,4.000855583,3.869825787,3.72173114
15.92,3.680912097,3.828551405,4.00702141,4.001147325,3.861332708,3.717402069
15.94,3.682527794,3.837692679,4.01101472,3.997742409,3.855141582,3.710445161
15.96,3.681429743,3.844178884,4.018620713,3.996862361,3.851806228,3.706265703
15.98,3.684182893,3.847525942,4.022135301,3.99227469,3.844542397,3.69951123
16,3.684230583,3.854764006,4.02922463,3.990204166,3.839628112,3.695588423
16.02,3.688141404,3.858816036,4.032178795,3.991203647,3.831435101,3.689140748
16.04,3.689350311,3.866716609,4.038671103,3.987798741,3.825630561,3.685579148
16.06,3.694429022,3.871382095,4.040985677,3.987467258,3.816587256,3.679545229
16.08,3.696804345,3.87985155,4.04680333,3.982727661,3.809974206,3.676451323
16.1,3.703050783,3.885035072,4.048402196,3.981067755,3.806332997,3.670936771
16.12,3.70658723,3.893976286,4.053470847,3.974998513,3.798882495,3.668415093
16.14,3.713990667,3.89957931,4.054281277,3.972018112,3.79445719,3.663522943
16.16,3.718672336,3.908892456,4.058530128,3.964629768,3.786268154,3.661675042
16.18,3.727211445,3.914814121,4.058483079,3.960342603,3.781160528,3.657504788
16.2,3.733011885,3.924397448,4.061845163,3.95846733,3.772337371,3.656428033
16.22,3.73660495,3.930535338,4.06087555,3.952763501,3.766654555,3.652550248
16.24,3.743604455,3.940286032,4.063287893,3.949488202,3.757306992,3.652312817
16.26,3.748368008,3.946537064,4.061334715,3.942400861,3.751158852,3.649311306
16.28,3.756514675,3.95635184,4.062738733,3.937761571,3.741399587,3.64999263
16.3,3.762394297,3.963126757,4.059745539,3.929330164,3.734904091,3.647943716
16.32,3.771629134,3.966359803,4.060089815,3.92336937,3.724853436,3.649616486
16.34,3.778563784,3.972624501,4.056006989,3.920470766,3.718133247,3.648589236
16.36,3.782756038,3.982351599,4.055239149,3.913109863,3.707915914,3.651318356
16.38,3.790789806,3.988921274,4.05711589,3.908846873,3.700519523,3.651373641
16.4,3.796038195,3.991833632,4.055058766,3.900149016,3.696494269,3.655212352
16.42,3.805090577,3.998185401,4.055631054,3.894585432,3.689018441,3.656398559
16.44,3.811311094,4.000821322,4.052252588,3.884618293,3.684980483,3.661392715
16.46,3.821292063,4.006844687,4.051490761,3.877828825,3.677550036,3.663750712
16.48,3.828391406,4.009095068,4.046764201,3.866670626,3.673625099,3.664040369
16.5,3.839204496,4.014682569,4.044644088,3.858139084,3.666366508,3.667714501
16.52,3.847083542,4.016441589,4.038548317,3.852814909,3.662678561,3.6693281
16.54,3.858627025,4.021489306,4.035048566,3.843167327,3.655716177,3.674335089
16.56,3.867181712,4.022654901,4.03468657,3.836777641,3.652392276,3.67728329
16.58,3.873252144,4.027062883,4.029662223,3.826105938,3.645852929,3.683628041
16.6,3.882491944,4.0340965,4.027780756,3.818746169,3.643019193,3.687909645
16.62,3.889187771,4.037643741,4.021234338,3.807149132,3.63702815,3.689675249
16.64,3.898997689,4.043776248,4.017839235,3.798921723,3.634808499,3.695393113
16.66,3.906202598,4.046378412,4.009779619,3.793390239,3.629488303,3.698580187
16.68,3.916465392,4.051527855,4.004883257,3.784273037,3.628003188,3.70570694
16.7,3.924061213,4.053105709,3.995325842,3.777912358,3.62347204,3.710282259
16.72,3.934658133,4.057195334,3.98894725,3.76802783,3.62283694,3.718778534
16.74,3.942525707,4.057674951,3.985067106,3.760963521,3.619207461,3.724697024
16.76,3.953809658,4.060633402,3.977097013,3.750440468,3.618930477,3.734511826
16.78,3.961813437,4.059948617,3.971645826,3.742804379,3.61626959,3.741716345
16.8,3.967049863,4.061711842,3.962125719,3.731774875,3.617008229,3.746851776
16.82,3.975179337,4.05979912,3.955148425,3.723702465,3.615405448,3.755390358
16.84,3.980473536,4.060306342,3.950727425,3.718589128,3.617245455,3.761818726
16.86,3.988598383,4.063696699,3.942239129,3.710121733,3.616778705,3.771611963
16.88,3.993820991,4.062766287,3.936333365,3.704682927,3.61979333,3.779248933
16.9,4.001812908,4.0647015,3.926390932,3.69595961,3.620533474,3.790208105
16.92,4.006836957,4.062292759,3.919064248,3.690336211,3.618503976,3.798960559
16.94,4.014570523,4.062735404,3.907735288,3.681499607,3.620634779,3.805038672
16.96,4.019272329,4.058813842,3.899058721,3.675835916,3.620017319,3.814922581
16.98,4.026625747,4.057732786,3.893601118,3.66703177,3.623585312,3.822075553
17,4.03088559,4.052270275,3.883518522,3.661474569,3.624420544,3.832980565
17.02,4.037741113,4.04964073,3.876706267,3.652850541,3.62945975,3.841095088
17.04,4.041443523,4.049233066,3.865311352,3.647548308,3.631775368,3.85290503
17.06,4.047687914,4.044911573,3.857242087,3.639253252,3.63830654,3.862374048
17.08,4.050722047,4.042810467,3.844636183,3.634355056,3.642116684,3.869010202
17.1,4.056249291,4.03679325,3.835415516,3.62653777,3.650149365,3.87932097
17.12,4.058511715,4.032998112,3.828915595,3.622191989,3.655457008,3.886727413
17.14,4.063218044,4.031428285,3.818520275,3.614999741,3.65866706,3.897740427
17.16,4.070768425,4.025918769,3.810906829,3.61135246,3.665581897,3.905776557
17.18,4.074436397,4.022643347,3.799463419,3.604929651,3.670383969,3.91735018
17.2,4.080907666,4.015436747,3.790869663,3.602123364,3.678877112,3.92587365
17.22,4.083451621,4.010475995,3.77792203,3.59595204,3.685235085,3.937865201
17.24,4.088761253,4.001596044,3.768548424,3.594082722,3.688931473,3.946733312
17.26,4.090101554,3.994973966,3.762104155,3.588903632,3.696916745,3.959000403
17.28,4.094173109,3.991093703,3.751942792,3.588089036,3.702206858,3.968071299
17.3,4.094236231,3.982720496,3.744783775,3.584016502,3.71175406,3.980472769
17.32,4.096999323,3.977117581,3.733981603,3.58436675,3.718566408,3.989606247
17.34,4.095717833,3.967042603,3.726257839,3.581506689,3.729597727,3.995996121
17.36,4.097108407,3.959770195,3.714968003,3.583122653,3.737848831,4.005169392
17.38,4.094421368,3.948050065,3.706835538,3.581570944,3.7502751,4.011526389
17.4,4.094381887,3.939168803,3.695217043,3.58454265,3.759870721,4.020600156
17.42,4.09643392,3.932535963,3.686837603,3.584383571,3.767236171,4.02678676
17.44,4.09479546,3.921988012,3.675054755,3.588788701,3.778195885,4.03562541
17.46,4.095230317,3.913729762,3.666595055,3.590093603,3.786865839,4.041508132
17.48,4.091955125,3.901599163,3.662068866,3.589004827,3.799668985,4.04998033
17.5,4.090738196,3.891803454,3.653562376,3.591966647,3.809560628,4.055433164
17.52,4.085795168,3.884862613,3.64846284,3.59255782,3.817150401,4.063414823
17.54,4.082898491,3.873501077,3.640087798,3.597217218,3.82824884,4.068313234
17.56,4.082477659,3.864543435,3.635201614,3.599517846,3.836969404,4.07568236
17.58,4.077763454,3.851805653,3.627118288,3.605899512,3.849127937,4.079906949
17.6,4.075521928,3.841525837,3.622606164,3.609925653,3.858829881,4.087025362
17.62,4.068981084,3.834216701,3.614977535,3.618037575,3.871897054,4.090398901
17.64,4.064918852,3.822603054,3.611001974,3.623788456,3.88242957,4.096610462
17.66,4.056553908,3.814028941,3.603989521,3.626608135,3.889869045,4.0990176
17.68,4.050674447,3.801210768,3.600710924,3.63420485,3.901200967,4.10421069
17.7,4.04672879,3.791505288,3.594473322,3.63885187,3.909357376,4.105543228
17.72,4.038925208,3.777620168,3.592048439,3.648258833,3.921327943,4.109613187
17.74,4.033068105,3.766925337,3.586739601,3.654689547,3.930040305,4.109769873
17.76,4.029609294,3.758837077,3.585319435,3.665854663,3.942488541,4.112619272
17.78,4.021753608,3.747175611,3.58108645,3.674009268,3.951596297,4.117566439
17.8,4.016321709,3.738202409,3.580814144,3.679827533,3.964362302,4.118989903
17.82,4.006511691,3.725209892,3.577795337,3.689768073,3.973706575,4.12247409
17.84,3.99915517,3.715565466,3.571503105,3.697325188,3.986632731,4.122395652
17.86,3.987440519,3.701975864,3.569321504,3.708960856,3.996057363,4.124344439
17.88,3.977759782,3.691821621,3.571806249,3.718155648,4.008989258,4.122695605
17.9,3.970562108,3.684532058,3.571006269,3.731378782,4.018341729,4.123041746
17.92,3.959047191,3.673901897,3.567612183,3.742100127,4.031129001,4.125834418
17.94,3.950056008,3.666226316,3.568429377,3.749739268,4.040820508,4.124407567
17.96,3.94305541,3.655300738,3.566691333,3.762004777,4.046843353,4.125411534
17.98,3.932230102,3.647422132,3.569203726,3.771122998,4.056243654,4.122171893
18,3.923441427,3.636386434,3.569192081,3.784802255,4.061894656,4.121348049
18.02,3.910875717,3.628492317,3.57346254,3.795262477,4.070849033,4.116260046
18.04,3.900396749,3.61753595,3.575231742,3.810214343,4.07597672,4.11357682
18.06,3.892478326,3.609817449,3.581306639,3.821872173,4.084337239,4.112708058
18.08,3.880298423,3.598576958,3.584894074,3.830870185,4.088797136,4.108026294
18.1,3.870744291,3.591221311,3.585464168,3.843712955,4.096423112,4.105154514
18.12,3.856983643,3.580427592,3.591031782,3.853814133,4.100078159,4.098465213
18.14,3.845451118,3.573613114,3.593580997,3.868317677,4.106836436,4.093584989
18.16,3.836617738,3.56344243,3.601128456,3.879384547,4.109560252,4.090990255
18.18,3.823657506,3.557344648,3.605650515,3.894766928,4.115328106,4.083988439
18.2,3.8134709,3.547974096,3.615162463,3.906621992,4.116997894,4.078816707
18.22,3.799224083,3.542768694,3.621630247,3.915605838,4.121656527,4.069822631
18.24,3.787827828,3.534372251,3.633070057,3.928207501,4.128629743,4.062669467
18.26,3.778758635,3.53023062,3.641438273,3.937843327,4.131943148,4.057824894
18.28,3.766188548,3.522976748,3.647384825,3.951010036,4.137525069,4.048601687
18.3,3.756029924,3.520063508,3.657734849,3.96111709,4.139398491,4.041711085
18.32,3.74245704,3.514112995,3.665621509,3.97466939,4.143498183,4.030458619
18.34,3.731384432,3.512008501,3.677872782,3.985069605,4.143845011,4.021566848
18.36,3.716502118,3.507453158,3.687607666,3.998831221,4.146379674,4.014468796
18.38,3.704739999,3.506808242,3.694279975,4.009350373,4.14512135,4.003510395
18.4,3.695583432,3.50377308,3.705904917,4.023149494,4.146016106,3.994379609
18.42,3.683188298,3.504708989,3.715049297,4.033618425,4.149576569,3.987565524
18.44,3.673493259,3.503308188,3.7285129,4.047291576,4.148642899,3.976360738
18.46,3.660655762,3.505935051,3.739420407,4.057549615,4.150351874,3.967520985
18.48,3.650616327,3.506271152,3.747182215,4.063803645,4.147538394,3.954331454
18.5,3.637534051,3.510680768,3.759846867,4.073830767,4.147348838,3.943559994
18.52,3.627351015,3.512836685,3.769282882,4.07977124,4.142612175,3.934640345
18.54,3.620575128,3.512280933,3.783540415,4.089409714,4.140484796,3.921441939
18.56,3.61033433,3.51645634,3.794482011,4.095479371,4.140306517,3.910733419
18.58,3.603101709,3.517941368,3.81015964,4.104508152,4.136086877,3.895795954
18.6,3.59301289,3.524177696,3.822433657,4.109885519,4.133808396,3.883408684
18.62,3.586032529,3.527734708,3.839355482,4.118147787,4.12748037,3.873018209
18.64,3.576295754,3.536054505,3.852780826,4.122680623,4.123089088,3.858958512
18.66,3.569768282,3.541695711,3.863336748,4.130028435,4.121172361,3.846963885
18.68,3.560584244,3.552100135,3.877872606,4.133573556,4.114541795,3.837548638
18.7,3.554710234,3.559816343,3.889440261,4.13986803,4.11039493,3.82397871
18.72,3.546278515,3.565433695,3.904896941,4.149455726,4.101536133,3.813072696
18.74,3.541256326,3.575328973,3.917286334,4.154432398,4.095174317,3.79808858
18.76,3.533773411,3.583098895,3.933474024,4.162647761,4.090650565,3.785858227
18.78,3.529797253,3.595121793,3.946495732,4.166193863,4.081974056,3.76963132
18.8,3.523453977,3.604982339,3.95577965,4.172928885,4.075154893,3.755745698
18.82,3.520711076,3.612195919,3.969391808,4.174940862,4.064203694,3.74471738
18.84,3.515155945,3.624202342,3.979168989,4.180096892,4.055130477,3.729801165
18.86,3.513767569,3.633509129,3.99318294,4.18048029,4.047971981,3.717837325
18.88,3.509641344,3.647558166,4.003861565,4.183967569,4.036709209,3.702072334
18.9,3.509760811,3.658848948,4.018068182,4.182636837,4.027391222,3.689362707
18.92,3.507210664,3.667944203,4.028836669,4.1843744,4.020564013,3.679161051
18.94,3.508977931,3.681232284,4.043040432,4.181252536,4.009030052,3.665789008
18.96,3.508136498,3.692253189,4.053706932,4.181167884,4.000032209,3.655031654
18.98,3.505273418,3.70739925,4.067719639,4.183396833,3.986364308,3.641213092
19,3.506381681,3.720199971,4.078099991,4.181289639,3.975282411,3.630119946
19.02,3.505517234,3.730721837,4.091741443,4.181473389,3.966150126,3.61554538
19.04,3.508671905,3.745339577,4.101662771,4.177297116,3.952955701,3.604358951
19.06,3.509892508,3.75758408,4.11476403,4.175392905,3.941763114,3.596023648
19.08,3.515169794,3.773835848,4.12405883,4.176331724,3.926567099,3.584837996
19.1,3.518540078,3.787615525,4.136456752,4.17217062,3.913432765,3.576614515
19.12,3.519574877,3.79840402,4.144966448,4.170847488,3.90294895,3.565652504
19.14,3.525264013,3.813660737,4.156507,4.164412336,3.887879357,3.557765307
19.16,3.528626976,3.825824345,4.164082458,4.16081438,3.875538594,3.547252454
19.18,3.536652896,3.84235697,4.174620936,4.152096014,3.858681192,3.539927783
19.2,3.542349986,3.855693149,4.181122269,4.146218584,3.844073121,3.530090338
19.22,3.552706013,3.87329808,4.190523268,4.142463486,3.832293208,3.523551229
19.24,3.56071855,3.887602936,4.195819891,4.134170851,3.816105253,3.514053765
19.26,3.566933079,3.906076358,4.203957163,4.128011567,3.802832856,3.508484808
19.28,3.577341983,3.921146909,4.20792756,4.117326407,3.791845653,3.500053995
19.3,3.585918849,3.933350554,4.21524493,4.108789473,3.777123568,3.495655532
19.32,3.592208794,3.949120357,4.217667758,4.103005659,3.764779197,3.488488521
19.34,3.603197714,3.961921354,4.223383859,4.091993564,3.748796708,3.485453669
19.36,3.611850099,3.978721201,4.22414737,4.083190923,3.735289712,3.479739137
19.38,3.625150598,3.991911474,4.228158586,4.07717967,3.724872621,3.478250799
19.4,3.636057505,4.008996651,4.227160418,4.06599607,3.710282143,3.47416551
19.42,3.651552062,4.02236648,4.229366926,4.057641004,3.698310179,3.474393055
19.44,3.664584628,4.032573524,4.226515762,4.04414098,3.682910862,3.472095864
19.46,3.675665435,4.046053489,4.22683167,4.033508165,3.670233459,3.474188687
19.48,3.690805198,4.05626622,4.229593637,4.025051134,3.660877747,3.473822675
19.5,3.703910764,4.06965645,4.227800259,4.012082011,3.647584881,3.471625256
19.52,3.714518626,4.079678991,4.228425043,4.001335557,3.637733241,3.473435424
19.54,3.729609994,4.092787935,4.224464971,3.986126908,3.624054496,3.472891525
19.56,3.742113073,4.102433378,4.222899594,3.973192139,3.613940523,3.476884043
19.58,3.759007185,4.115078599,4.224284636,3.9631509,3.600110343,3.478557602
19.6,3.773731945,4.124169274,4.220344839,3.948003216,3.589971768,3.484802878
19.62,3.785796043,4.136180111,4.219346191,3.935819389,3.576233842,3.488755402
19.64,3.802202342,4.144550137,4.213006811,3.918589049,3.566317064,3.490995437
19.66,3.815838982,4.156268018,4.209057862,3.904398691,3.55292011,3.497387289
19.68,3.833710674,4.163686223,4.208033778,3.892543664,3.542848536,3.50207306
19.7,3.848704481,4.174370144,4.202223862,3.876354252,3.536698343,3.510912629
19.72,3.861316299,4.180673254,4.198641953,3.862581947,3.527184791,3.518038611
19.74,3.877573887,4.190172031,4.189726988,3.851276013,3.521714074,3.522991387
19.76,3.891334221,4.195213839,4.183752821,3.835732743,3.512987639,3.532655899
19.78,3.908632932,4.203380761,4.172442912,3.822741183,3.508423666,3.540121757
19.8,3.923319726,4.207020567,4.164088038,3.805601931,3.500712727,3.552272066
19.82,3.941438671,4.213723906,4.158002848,3.791104948,3.497280739,3.562186353
19.84,3.956832625,4.215835234,4.147147228,3.779894189,3.490807101,3.570411453
19.86,3.969518573,4.220953994,4.138581168,3.763946409,3.482023785,3.582811189
19.88,3.985528817,4.221423366,4.132873626,3.751395641,3.477129346,3.593468745
19.9,3.998711775,4.224849154,4.121729761,3.734208162,3.470025671,3.608811756
19.92,4.015109149,4.230597865,4.113480463,3.720534615,3.466909516,3.62187604
19.94,4.028566522,4.232096064,4.099821249,3.702330449,3.461027599,3.633206672
19.96,4.045132057,4.23587681,4.089097172,3.687123498,3.459785549,3.648647545
19.98,4.058646278,4.235364528,4.072993626,3.675554741,3.455848793,3.662267372
20,4.068624767,4.237098992,4.059867405,3.659589347,3.456629511,3.673558817
20.02,4.082113802,4.234503019,4.049031268,3.647384046,3.454780392,3.689414783
20.04,4.091961597,4.234122396,4.03344654,3.630892884,3.457716086,3.702845563
20.06,4.105221162,4.236423872,4.020203679,3.618288697,3.458076498,3.72074347
20.08,4.114738757,4.233736747,4.009909334,3.601514224,3.463277191,3.736113536
20.1,4.127574324,4.233713642,3.994229863,3.588758235,3.465945505,3.749477429
20.12,4.136572234,4.228677902,3.981000163,3.571951921,3.466757977,3.766701655
20.14,4.14879979,4.226292689,3.97080637,3.559296876,3.471939825,3.781807394
20.16,4.157561764,4.21887208,3.955328306,3.550111088,3.475290125,3.800667792
20.18,4.168943121,4.214095994,3.942961743,3.537003551,3.483032218,3.817297017
20.2,4.176767031,4.211338561,3.925375642,3.528159684,3.488948871,3.831190724
20.22,4.187127784,4.204018539,3.910978733,3.515510387,3.492513992,3.84924596
20.24,4.193845456,4.198716009,3.891433189,3.507253936,3.501134673,3.86498064
20.26,4.203023327,4.195927138,3.875164612,3.495309376,3.507392484,3.877872501
20.28,4.208481272,4.187949526,3.861502159,3.487886963,3.518694569,3.894833529
20.3,4.216327898,4.18249887,3.843387702,3.476893305,3.527609038,3.908826793
20.32,4.220380662,4.171865163,3.827972874,3.47054966,3.534772079,3.92676789
20.34,4.226756135,4.163776143,3.815890752,3.460749955,3.546410976,3.941618286
20.36,4.235859411,4.157608043,3.798779008,3.455725062,3.556252211,3.96029756
20.38,4.240511117,4.146779412,3.784512625,3.447355874,3.570523939,3.975765965
20.4,4.247837066,4.137896062,3.766011899,3.443878128,3.582938571,3.994947572
20.42,4.250654874,4.12437469,3.750458069,3.437162347,3.592945482,4.010801969
20.44,4.256098998,4.112828099,3.738478496,3.435450248,3.607940743,4.023839191
20.46,4.256983447,4.103781727,3.72170773,3.430598962,3.620454375,4.039979654
20.48,4.260451731,4.08950557,3.708634106,3.430141735,3.637880614,4.053188646
20.5,4.259313561,4.077280991,3.690881184,3.427235919,3.65273839,4.069897173
20.52,4.260721815,4.067619678,3.676948545,3.428806763,3.665624532,4.083032018
20.54,4.264099514,4.052799748,3.65845526,3.428002758,3.683421956,4.099556534
20.56,4.263247912,4.04059605,3.643917869,3.424286335,3.698608027,4.112400355
20.58,4.264337995,4.023277444,3.624944279,3.425871238,3.71179136,4.12852981
20.6,4.261169673,4.008633143,3.609429329,3.424598891,3.729193349,4.14087419
20.62,4.25991954,3.996058937,3.598005511,3.428681824,3.744474476,4.15640644
20.64,4.261015772,3.9789487,3.58228391,3.429949619,3.75704749,4.16805524
20.66,4.257257778,3.963973213,3.570790825,3.436614838,3.774327029,4.182800485
20.68,4.255835648,3.951675257,3.555125802,3.440493392,3.788776468,4.193570019
20.7,4.249543053,3.934304553,3.543830242,3.449796355,3.80781153,4.207350899
20.72,4.245580163,3.919186771,3.528491869,3.456326495,3.823892325,4.21706984
20.74,4.236734418,3.90685529,3.517664009,3.460798313,3.844436147,4.229721296
20.76,4.230214092,3.889562133,3.502924768,3.470138465,3.861901145,4.23870983
20.78,4.225455094,3.875144025,3.492841104,3.477411018,3.876868312,4.243523165
20.8,4.216250386,3.855843113,3.478978584,3.482039293,3.89560638,4.251184563
20.82,4.208812558,3.839512227,3.469241943,3.492228825,3.911718828,4.254590099
20.84,4.203594717,3.82555674,3.464253959,3.499740272,3.931483865,4.260771644
20.86,4.193369625,3.807360914,3.45559143,3.512778974,3.948497274,4.26910443
20.88,4.185384276,3.791642491,3.451806973,3.523094206,3.962785447,4.273542805
20.9,4.172404033,3.778970794,3.444464708,3.538887938,3.98059932,4.280076281
20.92,4.161687811,3.761571153,3.44212519,3.551902424,3.995553492,4.282653543
20.94,4.152669819,3.746804948,3.436339543,3.562805619,4.013909889,4.287271665
20.96,4.139143006,3.728036647,3.427875431,3.578536554,4.029276717,4.287877643
20.98,4.127342425,3.71201272,3.424018309,3.592077472,4.047927228,4.290475591
21,4.117751398,3.699297361,3.417586466,3.602833586,4.063463459,4.295508786
21.02,4.103113935,3.682114437,3.415863371,3.618998681,4.075302315,4.295871114
21.04,4.090733759,3.668371747,3.41165906,3.632287587,4.090909131,4.298633287
21.06,4.080042184,3.65028344,3.412254953,3.650893178,4.102702244,4.296684933
21.08,4.064385725,3.635773511,3.410450605,3.667214611,4.118153631,4.297106184
21.1,4.051060987,3.617043924,3.413525448,3.68061356,4.12968412,4.292779637
21.12,4.039521198,3.601474537,3.414270076,3.699311596,4.144769203,4.290798301
21.14,4.023542993,3.589627243,3.412135139,3.714966276,4.156388759,4.290559154
21.16,4.009407457,3.573715758,3.414994443,3.7357987,4.170837848,4.286005995
21.18,3.99760774,3.561669088,3.415576608,3.753461486,4.181712167,4.283178593
21.2,3.980882271,3.545687257,3.42119174,3.768602497,4.195317939,4.276020415
21.22,3.96657179,3.533717154,3.424555341,3.788167167,4.205247165,4.270575701
21.24,3.947406127,3.517948405,3.432975996,3.805075316,4.21781675,4.26732007
21.26,3.930740667,3.506341711,3.439154619,3.826282258,4.226615139,4.259116637
21.28,3.916022465,3.491075895,3.442556828,3.844696908,4.237969496,4.253104428
21.3,3.896570899,3.48012464,3.451710416,3.859697134,4.245465056,4.248681631
21.32,3.879740978,3.465653251,3.458074602,3.879508365,4.25543898,4.2397896
21.34,3.864994803,3.455048799,3.470174989,3.895773347,4.261473365,4.232497143
21.36,3.84610485,3.44887515,3.479454621,3.916721193,4.269914759,4.220746151
21.38,3.829393101,3.439308204,3.494438121,3.934639869,4.274342589,4.210608738
21.4,3.815382881,3.434311167,3.506557036,3.948879992,4.281115219,4.202581839
21.42,3.79678749,3.4260481,3.516467002,3.967702673,4.28380619,4.189511664
21.44,3.781012409,3.422489799,3.531480318,3.982707991,4.288781491,4.178581665
21.46,3.760762351,3.415788233,3.54421892,4.002161992,4.296539056,4.169194578
21.48,3.742963827,3.406645398,3.55480821,4.017664706,4.299470115,4.154826062
21.5,3.728133369,3.401889194,3.570528844,4.037491143,4.305136668,4.142654051
21.52,3.708982746,3.394809995,3.584006996,4.053237778,4.305923719,4.132103504
21.54,3.692930251,3.392230442,3.602527144,4.073185629,4.309405794,4.117094634
21.56,3.672678715,3.387432982,3.618699115,4.088931264,4.308495772,4.103750378
21.58,3.655662684,3.387237534,3.631920742,4.108762037,4.309561343,4.092576776
21.6,3.641350967,3.384288835,3.650728546,4.124277405,4.306194011,4.076411593
21.62,3.623515518,3.386540476,3.666467186,4.136121158,4.304768063,4.062476389
21.64,3.608525256,3.386109344,3.68767454,4.151333159,4.305299132,4.050190081
21.66,3.589636637,3.39094952,3.705690155,4.162761492,4.301349969,4.033482291
21.68,3.574291657,3.393160831,3.721138883,4.178057986,4.299337384,4.018486865
21.7,3.56197239,3.393391058,3.741336296,4.188786469,4.299787546,4.0057362
21.72,3.546428423,3.398485114,3.758835986,4.203277754,4.295593457,3.988052045
21.74,3.534059027,3.401631754,3.780960125,4.213095209,4.293157864,3.972213532
21.76,3.518616611,3.40967321,3.800250419,4.226580767,4.285539281,3.958737072
21.78,3.506499195,3.415783116,3.816111279,4.235293581,4.280371482,3.940452608
21.8,3.490923441,3.419480663,3.837086864,4.247581684,4.276987152,3.924620702
21.82,3.479349171,3.428710255,3.85513839,4.255005997,4.268948628,3.904059423
21.84,3.464455757,3.435518164,3.869643182,4.265926457,4.262698445,3.886048197
21.86,3.45371488,3.447847857,3.889168555,4.271898338,4.251799414,3.870015667
21.88,3.439795178,3.457729931,3.905000562,4.281290835,4.242697134,3.849893263
21.9,3.430179077,3.465764928,3.925710718,4.285656473,4.235943738,3.831853816
21.92,3.417523955,3.478794093,3.942584095,4.293374101,4.22388147,3.816461524
21.94,3.409321795,3.489924232,3.964196844,4.295992786,4.214192225,3.796513627
21.96,3.398217856,3.505996823,3.981833677,4.301901437,4.206208413,3.778822163
21.98,3.391147649,3.520102235,4.004075902,4.302645136,4.193495826,3.763932038
22,3.381792724,3.531727943,4.022208404,4.306623047,4.182515868,3.744650408
22.02,3.376595964,3.54880438,4.036845259,4.313094586,4.173845148,3.728300176
22.04,3.369233774,3.563315472,4.055370917,4.314885482,4.159806568,3.707679362
22.06,3.366146898,3.575824913,4.070269734,4.319126656,4.148124622,3.690127557
22.08,3.361004465,3.593182069,4.089539031,4.318641481,4.131112844,3.675084991
22.1,3.360244799,3.608432653,4.104420969,4.320571135,4.116510077,3.656479125
22.12,3.357527543,3.629033874,4.123547031,4.325465617,4.103642403,3.640526971
22.14,3.359288165,3.64692378,4.13816305,4.325436614,4.086087535,3.620615364
22.16,3.359177933,3.662663163,4.15690452,4.327599736,4.070328317,3.604092049
22.18,3.356772345,3.683087276,4.171020562,4.324808771,4.056971052,3.590409722
22.2,3.359552331,3.701225691,4.189151224,4.324186249,4.038312648,3.573476617
22.22,3.360096281,3.716533265,4.202545274,4.318584854,4.021580753,3.55953528
22.24,3.365882549,3.736949697,4.219851071,4.315133107,4.007370225,3.54249576
22.26,3.369474427,3.754396638,4.232316622,4.314431436,3.98798192,3.528604253
22.28,3.37834593,3.776814957,4.248598717,4.307972394,3.971198147,3.511209292
22.3,3.385045556,3.79612314,4.259944131,4.303692866,3.956361165,3.497678255
22.32,3.390164029,3.812858607,4.275018409,4.294407803,3.937028178,3.480787319
22.34,3.400124374,3.833893453,4.285635474,4.287300583,3.919732458,3.467917892
22.36,3.408495571,3.852210272,4.291185877,4.282956998,3.905095283,3.451835164
22.38,3.414814565,3.875258492,4.300375865,4.27288031,3.885403031,3.439933345
22.4,3.426538373,3.894919169,4.30441176,4.265580613,3.868482117,3.431659832
22.42,3.436178169,3.911742737,4.312006623,4.252551736,3.846608621,3.42090236
22.44,3.451182708,3.932594195,4.322414459,4.242317669,3.827045214,3.413926907
22.46,3.464050591,3.950456482,4.328104919,4.234149819,3.810412641,3.404615771
22.48,3.475324061,3.972206414,4.33654375,4.220861956,3.788989061,3.392534024
22.5,3.491428851,3.990819881,4.340197142,4.209664598,3.77061977,3.384492641
22.52,3.505859422,4.005751871,4.346540837,4.201170157,3.754658929,3.381043168
22.54,3.518130116,4.02498509,4.348038192,4.186853624,3.734660057,3.374923302
22.56,3.535678988,4.04094334,4.352173886,4.175282041,3.71720008,3.366808782
22.58,3.550969484,4.060508319,4.351411549,4.157919849,3.695839805,3.362985143
22.6,3.571438668,4.076652687,4.353240528,4.143349591,3.67715679,3.357279976
22.62,3.589539771,4.096271519,4.358198368,4.130841117,3.661206937,3.355975111
22.64,3.605780066,4.112331953,4.357479726,4.113213866,3.641521462,3.352885378
22.66,3.626597323,4.131742533,4.359858411,4.097697419,3.624707703,3.35429151
22.68,3.645427154,4.147465161,4.356523333,4.084945265,3.60430408,3.353996237
22.7,3.661777005,4.158961923,4.356259762,4.066392255,3.586917906,3.351545646
22.72,3.68308101,4.174253139,4.350249941,4.050677807,3.57320597,3.353711355
22.74,3.702313938,4.185200175,4.347291218,4.037063054,3.555419742,3.354251838
22.76,3.718959374,4.199834435,4.346661503,4.017784007,3.541472353,3.35946128
22.78,3.740465815,4.210013553,4.340811997,4.001461323,3.523604609,3.363082644
22.8,3.759235597,4.223777493,4.33727752,3.987388446,3.509103964,3.371406075
22.82,3.782718241,4.233495933,4.328512407,3.968361756,3.491481632,3.378156055
22.84,3.803314205,4.246102326,4.322058898,3.951665538,3.477379943,3.382873259
22.86,3.821514567,4.254558345,4.318485449,3.930105813,3.467446158,3.392900032
22.88,3.843778571,4.265809229,4.308953157,3.910966952,3.453921611,3.400884674
22.9,3.863494115,4.27281335,4.302310729,3.894922195,3.44473124,3.41416419
22.92,3.887131183,4.282527108,4.289710203,3.873389782,3.432104558,3.425373631
22.94,3.908069684,4.295402241,4.280013933,3.855067005,3.423978045,3.435078305
22.96,3.926323007,4.303272472,4.272502098,3.831359963,3.412568933,3.449568253
22.98,3.94835618,4.314236842,4.259623516,3.810356299,3.405823725,3.462500279
23,3.967547672,4.320123858,4.248950635,3.792719463,3.395943403,3.473993503
23.02,3.983389967,4.329042103,4.241077052,3.769865001,3.390202436,3.49030473
23.04,4.003364568,4.332817493,4.227138971,3.750503671,3.382058592,3.50508716
23.06,4.019843534,4.339568185,4.216040619,3.733930633,3.378188542,3.517819225
23.08,4.040314651,4.341116745,4.198907972,3.712941258,3.372044643,3.535837697
23.1,4.057150355,4.345591415,4.184104142,3.694873493,3.363131841,3.551700046
23.12,4.077845011,4.344810605,4.172217002,3.680430389,3.359376779,3.572738395
23.14,4.095259825,4.346910092,4.154377618,3.661000879,3.352963283,3.591502804
23.16,4.108881431,4.351245074,4.139507061,3.645355238,3.351821515,3.608524124
23.18,4.126227664,4.350745741,4.12690497,3.624870927,3.348119359,3.630079256
23.2,4.139646865,4.35245099,4.10899514,3.607662232,3.34978808,3.649756406
23.22,4.156664686,4.349288983,4.093410957,3.586494935,3.348975906,3.667029294
23.24,4.169630004,4.348305443,4.080765134,3.56875084,3.353615199,3.68922851
23.26,4.186076608,4.349975611,4.062168371,3.555129159,3.355838451,3.708883603
23.28,4.198353684,4.346603197,4.046588943,3.53701007,3.356374165,3.7265049
23.3,4.214003113,4.34521719,4.02512812,3.523183889,3.361881885,3.748959882
23.32,4.225376773,4.338283618,4.006769068,3.505018668,3.365738331,3.768741992
23.34,4.240024835,4.33398607,3.990806651,3.491322625,3.36739368,3.793201518
23.36,4.250292882,4.331691625,3.969676093,3.47345096,3.374766127,3.814830905
23.38,4.263742621,4.324324701,3.951033462,3.459518009,3.379943824,3.834145689
23.4,4.273179229,4.318962678,3.934946264,3.450209042,3.390835121,3.857444269
23.42,4.285158306,4.308531712,3.913817336,3.436889255,3.399515512,3.878270532
23.44,4.293030823,4.300107155,3.895339761,3.42836099,3.406661952,3.896086627
23.46,4.303363296,4.294197089,3.880148132,3.415976389,3.418927987,3.91825421
23.48,4.309504215,4.282585066,3.859331894,3.408550456,3.429611036,3.937259367
23.5,4.318030184,4.273508854,3.841921885,3.397421737,3.445363225,3.960468375
23.52,4.322287403,4.258743366,3.818995588,3.39141621,3.459462348,3.98089951
23.54,4.328862083,4.246539576,3.799603757,3.381858232,3.471323654,3.998006087
23.56,4.338167616,4.236260163,3.783056281,3.377582755,3.488829822,4.019173375
23.58,4.342529919,4.220833741,3.761780069,3.369899345,3.504007256,4.036864138
23.6,4.349569645,4.20736369,3.743483912,3.359661489,3.517484277,4.05846973
23.62,4.351609848,4.196387576,3.719971532,3.354295614,3.535919411,4.076454475
23.64,4.356280738,4.179657049,3.700307884,3.345749492,3.552538327,4.098216048
23.66,4.355901621,4.165467423,3.683814963,3.342823738,3.566743513,4.116220397
23.68,4.358112657,4.153183705,3.662896595,3.336824591,3.586405651,4.130986697
23.7,4.362319106,4.135736195,3.645294792,3.336556835,3.603525174,4.149395616
23.72,4.361856914,4.12025207,3.623420757,3.333309843,3.625970014,4.163880483
23.74,4.363363596,4.106788571,3.605017182,3.335889904,3.64573797,4.181878034
23.76,4.360170351,4.088253794,3.590774418,3.335569504,3.663419858,4.195823215
23.78,4.358918307,4.071802596,3.571734956,3.341153844,3.685700059,4.213160671
23.8,4.360043277,4.057981805,3.556368666,3.343898884,3.705745519,4.2263266
23.82,4.356300667,4.038535703,3.537057518,3.344574534,3.722968368,4.242773508
23.84,4.354324252,4.021801908,3.521577752,3.350640315,3.745231862,4.254940993
23.86,4.347466472,3.999515469,3.502317166,3.354668797,3.765160792,4.270287055
23.88,4.342366911,3.980030901,3.487052097,3.364116117,3.789424519,4.281254624
23.9,4.339047685,3.962726551,3.468175605,3.371539173,3.811185986,4.295306543
23.92,4.330841835,3.94052097,3.453463657,3.376345011,3.829831084,4.305372116
23.94,4.324419325,3.920592764,3.44361508,3.38732245,3.853248869,4.317845814
23.96,4.32023804,3.903002433,3.429643852,3.395664271,3.873392755,4.32623891
23.98,4.310591013,3.880650548,3.420014123,3.410153067,3.89815293,4.336957131
24,4.303199176,3.860738084,3.407069019,3.421963447,3.919483544,4.343509304
24.02,4.290351606,3.843842128,3.398623514,3.431809336,3.937964541,4.352311769
24.04,4.279781122,3.821679467,3.387019619,3.447142483,3.960322104,4.356871184
24.06,4.270907847,3.80266012,3.38007155,3.460439932,3.979676571,4.363613691
24.08,4.257064941,3.778490135,3.370118386,3.471080827,4.003366443,4.36604382
24.1,4.244947599,3.757598719,3.364972834,3.487834156,4.023306713,4.370599769
24.12,4.235037546,3.739374075,3.356969046,3.501841641,4.040102312,4.377728934
24.14,4.219606041,3.716177855,3.345585111,3.521865091,4.060469426,4.379851326
24.16,4.206426411,3.696438658,3.339975514,3.539036709,4.077540624,4.38450111
24.18,4.194915767,3.679560125,3.331113634,3.554020629,4.09804615,4.384094881
24.2,4.178416596,3.658435808,3.328158953,3.574288853,4.115113212,4.386176592
24.22,4.163638353,3.640318716,3.322067512,3.592242071,4.135486075,4.383158737
24.24,4.151090059,3.618109637,3.321260075,3.607256265,4.152286701,4.382595566
24.26,4.133023299,3.599062709,3.317992439,3.628080573,4.172273487,4.383866711
24.28,4.116796104,3.583799988,3.320098958,3.646548452,4.188563288,4.380461642
24.3,4.102900439,3.563999472,3.3198222,3.670099666,4.201147798,4.378866164
24.32,4.083600048,3.547570313,3.324996375,3.691131696,4.216769314,4.372574716
24.34,4.0667074,3.527389312,3.327843143,3.708979916,4.228559708,4.368074877
24.36,4.044473565,3.510742371,3.327826015,3.732423899,4.243274415,4.365846093
24.38,4.024730409,3.498244573,3.334058608,3.752523109,4.254041699,4.358280409
24.4,4.006910314,3.481570627,3.33745659,3.778057766,4.267629423,4.352982716
24.42,3.991538847,3.469227392,3.347129784,3.800086398,4.277162586,4.349334306
24.44,3.97085289,3.452878468,3.353976798,3.81925145,4.289421077,4.340828144
24.46,3.952720592,3.440432015,3.367102006,3.843049581,4.297526809,4.333976203
24.48,3.929369261,3.424733559,3.377385244,3.863819354,4.308271079,4.322271692
24.5,3.908194609,3.41310269,3.385528588,3.889071159,4.322150738,4.312230131
24.52,3.889726652,3.398383994,3.399361869,3.911133625,4.331073296,4.304351947
24.54,3.866192283,3.387899167,3.411009631,3.930042243,4.343059801,4.291011933
24.56,3.845483342,3.37449254,3.419893066,3.953284157,4.350567005,4.279860728
24.58,3.827040589,3.365484993,3.435108152,3.973201688,4.360384089,4.270287965
24.6,3.804190996,3.353718807,3.447489564,3.997300437,4.365648987,4.255781536
24.62,3.783734628,3.34651335,3.466128123,4.017911554,4.373161241,4.242884404
24.64,3.765733575,3.336706615,3.481846438,4.034385457,4.376056554,4.232114908
24.66,3.743489506,3.331612968,3.495301814,4.055546987,4.381144083,4.215829241
24.68,3.723832157,3.323413216,3.514332444,4.072421845,4.381557464,4.201720271
24.7,3.707309788,3.320605316,3.530985575,4.093841869,4.384114452,4.189174076
24.72,3.686136324,3.31481278,3.545384659,4.11083392,4.389355804,4.171208378
24.74,3.668254464,3.31453685,3.565330995,4.132240887,4.389152025,4.155513002
24.76,3.645866405,3.311388795,3.5828806,4.149718006,4.391597384,4.141492409
24.78,3.626935628,3.313868169,3.605841902,4.16260051,4.388564331,4.122622138
24.8,3.603654748,3.313569824,3.626256674,4.17976782,4.388153834,4.105487384
24.82,3.583466476,3.311190991,3.64348739,4.192203999,4.38223276,4.090624006
24.84,3.566930561,3.31406471,3.666634675,4.20879762,4.378913552,4.070372529
24.86,3.546246853,3.314926949,3.686442038,4.220533085,4.37749072,4.052473681
24.88,3.529390269,3.321106066,3.712009918,4.236308178,4.371080957,4.036324892
24.9,3.508550705,3.325320886,3.734079026,4.247107275,4.366556715,4.01541734
24.92,3.491720099,3.327079331,3.753276594,4.261837639,4.364476423,3.996347377
24.94,3.478359336,3.334872254,3.777456637,4.271483414,4.356695588,3.979185218
24.96,3.461210817,3.340224491,3.798599952,4.284961288,4.351363715,3.957395218
24.98,3.448260452,3.351617671,3.816089345,4.293254542,4.340326048,3.937602317
25,3.431688194,3.360562224,3.839030899,4.305289814,4.331748128,3.920362788
25.02,3.41949371,3.367697626,3.85881595,4.312048723,4.324927206,3.898006019
25.04,3.403845589,3.38034542,3.883292409,4.322471176,4.312981839,3.878318388
25.06,3.392756253,3.391145043,3.904436562,4.328130003,4.302811635,3.860711898
25.08,3.378382239,3.399570024,3.921611575,4.336631761,4.295007458,3.838672655
25.1,3.368163386,3.414085841,3.943954814,4.348542898,4.281393555,3.81883795
25.12,3.355338274,3.426154845,3.962164964,4.354811515,4.2696451,3.801271188
25.14,3.346826198,3.444238179,3.985385546,4.36442491,4.260326941,3.779438855
25.16,3.335860163,3.459785792,4.004315919,4.368326079,4.245282161,3.760002684
25.18,3.329359772,3.473391084,4.028106308,4.375516205,4.2327101,3.736436102
25.2,3.320552706,3.492373846,4.048088499,4.376935305,4.21444341,3.715401846
25.22,3.316355954,3.509298562,4.063610185,4.381598475,4.198696254,3.697492631
25.24,3.30998932,3.523621517,4.083856736,4.380437514,4.184788221,3.675016672
25.26,3.308366206,3.543787351,4.099489386,4.382478938,4.165812811,3.655827682
25.28,3.304696143,3.561222113,4.119701602,4.378649072,4.148727765,3.63222407
25.3,3.298556597,3.584367935,4.135156038,4.377986553,4.134138543,3.611516773
25.32,3.297345766,3.604644127,4.155054592,4.3797138,4.11384927,3.594296184
25.34,3.294227037,3.622599633,4.170061237,4.376121037,4.096124683,3.572861154
25.36,3.29612338,3.646202166,4.189386549,4.374894981,4.080281611,3.555084787
25.38,3.296184614,3.666825667,4.203698462,4.376635495,4.05942079,3.533255619
25.4,3.301331844,3.685035736,4.222213149,4.372259611,4.040519207,3.515264898
25.42,3.304696902,3.708155421,4.235598809,4.370843596,4.023651223,3.500538201
25.44,3.305845494,3.728690322,4.253080892,4.363297151,4.001895376,3.481962513
25.46,3.312742595,3.753974834,4.265919791,4.358706067,3.982254333,3.467416033
25.48,3.317442235,3.776502764,4.282057688,4.34797882,3.965348873,3.449185168
25.5,3.327905731,3.795710983,4.293442819,4.340210584,3.942968271,3.435163271
25.52,3.336170594,3.82006343,4.308032057,4.334639859,3.92342894,3.41762555
25.54,3.342824049,3.840931832,4.31776907,4.323541367,3.906058563,3.404479681
25.56,3.354770401,3.866784336,4.330624311,4.314651958,3.883950474,3.387989009
25.58,3.365070694,3.889570845,4.338537311,4.308595499,3.864123068,3.376074171
25.6,3.380626445,3.908710178,4.349494151,4.296261329,3.84723446,3.360985851
25.62,3.394481963,3.932697806,4.355427081,4.286789511,3.825048974,3.35003386
25.64,3.406154056,3.952871113,4.364333791,4.271058984,3.80534321,3.343801698
25.66,3.423577599,3.977731507,4.368143219,4.258225031,3.788752045,3.334538933
25.68,3.438735842,3.998618013,4.374863796,4.247522018,3.76705472,3.330155869
25.7,3.452165022,4.016086782,4.376421513,4.231230152,3.748612156,3.322888507
25.72,3.470770839,4.037535426,4.380834643,4.217110785,3.725192097,3.313455737
25.74,3.487539036,4.055412667,4.38864522,4.205237148,3.705175743,3.30861278
25.76,3.502566866,4.077130551,4.390482477,4.187854391,3.68790056,3.301739398
25.78,3.522731584,4.095134911,4.395674802,4.172764681,3.666459572,3.299589406
25.8,3.541017292,4.117390934,4.394850745,4.160605189,3.647916327,3.295529991
25.82,3.556898332,4.135216563,4.397352513,4.142245793,3.62537198,3.296309953
25.84,3.578309533,4.157157323,4.393799216,4.126883919,3.605890481,3.294639722
25.86,3.597166989,4.174533119,4.393545062,4.105376872,3.589529218,3.298399012
25.88,3.621400244,4.187917185,4.387202396,4.086939905,3.569354048,3.299780722
25.9,3.642923362,4.204744085,4.384138009,4.070824372,3.552462751,3.299442679
25.92,3.662240171,4.217452818,4.383613061,4.049290473,3.531927989,3.30414869
25.94,3.686258558,4.233491656,4.377531151,4.03015631,3.514847871,3.307182744
25.96,3.707904697,4.245295352,4.373977917,4.014108404,3.494301887,3.315303579
25.98,3.726663268,4.260850819,4.373521441,3.991968931,3.477387726,3.321777647
26,3.750464635,4.271446195,4.367328654,3.97240368,3.464133298,3.326124358
26.02,3.771764678,4.285688027,4.363462424,3.956070351,3.447582176,3.336205011
26.04,3.797464255,4.294870295,4.353290479,3.933803998,3.434859784,3.344154349
26.06,3.820484529,4.307602779,4.346231367,3.914872756,3.419012806,3.357824606
26.08,3.840290715,4.315175575,4.332867296,3.890101737,3.407165998,3.369335357
26.1,3.864839801,4.326212286,4.32263088,3.86877957,3.39236794,3.379278142
26.12,3.886006951,4.332001529,4.314787323,3.850173184,3.381742146,3.394410846
26.14,3.911754149,4.341177195,4.301234567,3.826522763,3.368337438,3.407914764
26.16,3.933957796,4.345025663,4.290096162,3.805707831,3.35927544,3.419284202
26.18,3.953118069,4.352191404,4.281974754,3.78844228,3.347603136,3.436354343
26.2,3.976710257,4.36199473,4.2674287,3.765518178,3.340439551,3.451205231
26.22,3.996589199,4.366867559,4.255939193,3.745636354,3.330110506,3.471668672
26.24,4.02074108,4.374324386,4.238053543,3.729482928,3.325042654,3.490433997
26.26,4.041023254,4.376794243,4.223265427,3.70786161,3.316942396,3.506950833
26.28,4.057948055,4.381801056,4.210840753,3.690117428,3.314244829,3.529066568
26.3,4.078483539,4.381771438,4.192675291,3.667040919,3.308637992,3.54880277
26.32,4.095512722,4.384237677,4.176924707,3.647998774,3.308560052,3.566707231
26.34,4.116017504,4.389680754,4.164223644,3.623768166,3.305682524,3.589529573
26.36,4.132876502,4.389877707,4.145096615,3.603738099,3.300777446,3.610369121
26.38,4.153579586,4.392357468,4.129093949,3.587177888,3.300985007,3.628678017
26.4,4.16996546,4.389562126,4.115473391,3.566326107,3.299252897,3.652300071
26.42,4.190066231,4.389025201,4.095556376,3.549116223,3.302715929,3.673236339
26.44,4.205722305,4.383187212,4.078884067,3.527080289,3.304306261,3.692013896
26.46,4.224974474,4.379585622,4.055978817,3.509605369,3.303470067,3.715407866
26.48,4.239664619,4.378741368,4.036397159,3.495984307,3.30863949,3.736479036
26.5,4.257842245,4.371894429,4.019421543,3.478414752,3.311416012,3.75527153
26.52,4.271349975,4.367803613,3.996925757,3.464872228,3.320225811,3.778538145
26.54,4.288249284,4.357701714,3.977124752,3.447559328,3.326655782,3.799346973
26.56,4.300857819,4.349863066,3.960677792,3.434451247,3.339122357,3.824462698
26.58,4.308661283,4.344793555,3.938077157,3.417754514,3.349195939,3.846946326
26.6,4.319747427,4.333742099,3.918945381,3.405443523,3.357579261,3.866236262
26.62,4.325931386,4.325474584,3.893761696,3.389727571,3.371392374,3.890204123
26.64,4.335311163,4.319340938,3.871552575,3.378579738,3.383466207,3.910811881
26.66,4.347247503,4.307748093,3.852973267,3.363441084,3.393204288,3.935936105
26.68,4.35461161,4.29830773,3.828508916,3.353732855,3.408998854,3.957540015
26.7,4.364463727,4.283431197,3.807796631,3.340188343,3.42238033,3.976150552
26.72,4.369672192,4.270733518,3.790129626,3.332240975,3.441733307,3.999129977
26.74,4.377308013,4.260752062,3.76736641,3.320607561,3.458577181,4.018417687
26.76,4.380239531,4.244704307,3.747781878,3.314731496,3.473557934,4.041916084
26.78,4.385543824,4.231416604,3.732067606,3.305312603,3.49380665,4.061567156
26.8,4.386087166,4.220233815,3.710684603,3.301801517,3.512069837,4.085280096
26.82,4.388955413,4.203569555,3.693332735,3.294880498,3.527739045,4.104999499
26.84,4.394584257,4.189060019,3.670460419,3.294004525,3.549188159,4.121262885
26.86,4.394783555,4.177266865,3.651124612,3.289837957,3.567908519,4.140916525
26.88,4.397711231,4.159386476,3.636010514,3.29183348,3.592270967,4.156975972
26.9,4.395172476,4.144288044,3.615572138,3.290640029,3.613761544,4.176822637
26.92,4.395335838,4.123161507,3.599523742,3.286311204,3.632984795,4.192370363
26.94,4.390003659,4.104892258,3.578306216,3.288252865,3.657104476,4.211577334
26.96,4.387352224,4.088824772,3.56165111,3.287125367,3.67880079,4.226359537
26.98,4.386774932,4.066853499,3.539989992,3.292333692,3.698143076,4.244683573
27,4.381122111,4.04786321,3.523072369,3.29451986,3.722268151,4.258470469
27.02,4.377529556,4.031216418,3.501319176,3.303089199,3.743863834,4.27569167
27.04,4.376455631,4.009306072,3.483795179,3.308663432,3.762296475,4.28826904
27.06,4.370148751,3.989825765,3.471192742,3.320639504,3.785962317,4.304182958
27.08,4.365736507,3.973360178,3.453935932,3.3296252,3.806295794,4.315863938
27.1,4.355632492,3.951078711,3.44178084,3.336374062,3.831695797,4.32276169
27.12,4.348064532,3.931920082,3.425137651,3.348925732,3.85360005,4.332888513
27.14,4.342427024,3.915244608,3.413778909,3.359212402,3.872607406,4.345565118
27.16,4.331574174,3.89291344,3.398100078,3.366625001,3.895911462,4.353815042
27.18,4.322667621,3.873866129,3.387885735,3.380546814,3.916154011,4.364538808
27.2,4.316188291,3.849265969,3.373519119,3.391539603,3.941172235,4.3707571
27.22,4.303905937,3.828071774,3.364797434,3.408980875,3.962362013,4.379384585
27.24,4.294083587,3.809652742,3.352088237,3.423422198,3.98034714,4.383435647
27.26,4.278482359,3.78639741,3.344447716,3.435565341,4.002310262,4.389835125
27.28,4.26537818,3.766046749,3.333617195,3.45345603,4.020905126,4.391595251
27.3,4.254170193,3.749219829,3.328002108,3.468947003,4.043329598,4.395650072
27.32,4.237711073,3.727056589,3.319337787,3.490859263,4.062230944,4.402462272
27.34,4.223191563,3.707998666,3.316027014,3.509669267,4.084826277,4.403930625
27.36,4.211122102,3.684410241,3.309797453,3.526084943,4.103752842,4.408118522
27.38,4.193240173,3.664067401,3.30904812,3.548119533,4.118406389,4.40692074
27.4,4.177870863,3.647585997,3.30549565,3.567612289,4.137243848,4.408411261
27.42,4.164408906,3.626100365,3.29858805,3.58388839,4.152272532,4.404480058
27.44,4.145717468,3.608642231,3.298103082,3.606337868,4.170705256,4.403214776
27.46,4.129002504,3.586334527,3.29435186,3.625420198,4.185191928,4.403973006
27.48,4.114324752,3.568228736,3.297112293,3.650521686,4.202960289,4.399758887
27.5,4.094520825,3.545433321,3.296675923,3.672098043,4.216655667,4.397550345
27.52,4.076828513,3.526407283,3.302818152,3.69081726,4.233520388,4.39035387
27.54,4.061770451,3.511766783,3.305808147,3.714740876,4.246195618,4.385153035
27.56,4.041076051,3.492630069,3.315418659,3.735640512,4.261937597,4.382444217
27.58,4.023111391,3.478056587,3.321900764,3.761590429,4.273383369,4.37409601
27.6,3.99959544,3.459152224,3.326035797,3.784349745,4.287802477,4.368245302
27.62,3.978911196,3.444993593,3.336206045,3.803983022,4.297828092,4.356753278
27.64,3.960467948,3.426673884,3.344017226,3.828529098,4.310745954,4.347768995
27.66,3.936622658,3.413285794,3.357852983,3.849768329,4.319181475,4.34065498
27.68,3.915759119,3.395906497,3.369293746,3.867010511,4.331000095,4.328410835
27.7,3.897302323,3.382992662,3.377719917,3.889687068,4.337554118,4.318058334
27.72,3.87408401,3.375160484,3.392873472,3.908200252,4.34741414,4.31011228
27.74,3.853383448,3.363489684,3.404947353,3.931984326,4.351931019,4.296421867
27.76,3.835763899,3.357069324,3.423676506,3.95144226,4.359685629,4.285171771
27.78,3.812919685,3.346964744,3.439240858,3.976014531,4.362026569,4.275731416
27.8,3.793295927,3.342273917,3.452343496,3.996105517,4.36754541,4.261099863
27.82,3.768576368,3.334047189,3.471383597,4.021162488,4.367587448,4.248318378
27.84,3.746697555,3.331389329,3.487847882,4.04226322,4.370755375,4.237923945
27.86,3.728217118,3.325332184,3.501104408,4.058715441,4.37630738,4.221746408
27.88,3.704826107,3.316649322,3.520878481,4.080006326,4.376876684,4.208014629
27.9,3.684985016,3.313194896,3.537316787,4.096497637,4.379791419,4.188548869
27.92,3.668127677,3.307238694,3.560141835,4.117684771,4.377683095,4.171094223
27.94,3.647080343,3.306630373,3.57949262,4.133931372,4.377887469,4.156186111
27.96,3.629173586,3.302937295,3.596032852,4.154741269,4.380959954,4.135650092
27.98,3.606691962,3.305231145,3.618185988,4.170479953,4.378243907,4.11773055
28,3.588109311,3.304516123,3.637374243,4.190659683,4.378380294,4.101807001
28.02,3.572870839,3.309864879,3.662031467,4.205647336,4.372706504,4.080867181
28.04,3.553782621,3.312264088,3.683565035,4.224964038,4.369875069,4.061999533
28.06,3.538205257,3.312414337,3.70134673,4.23897751,4.361216555,4.045772886
28.08,3.518949293,3.318189936,3.725100557,4.257218089,4.35539586,4.023983779
28.1,3.503376604,3.321747054,3.745641161,4.270685004,4.351690989,4.004933456
28.12,3.484301877,3.330956005,3.77139371,4.278708291,4.342723162,3.987995651
28.14,3.469087715,3.3379575,3.79375967,4.290857874,4.335874389,3.965649391
28.16,3.44996408,3.342231741,3.81208336,4.297459861,4.331730238,3.946186412
28.18,3.435443067,3.352835588,3.836121292,4.308095284,4.321598354,3.929001261
28.2,3.424967654,3.360689807,3.855950413,4.313088245,4.314191899,3.907067907
28.22,3.411323614,3.374845221,3.881332184,4.322031028,4.300809431,3.887521224
28.24,3.401894663,3.386207127,3.902343796,4.334108776,4.290177888,3.87094681
28.26,3.389465147,3.395416533,3.928752236,4.341029856,4.281570088,3.849128434
28.28,3.381418031,3.410340091,3.950635795,4.351021343,4.267610013,3.830415011
28.3,3.369930069,3.423036426,3.968642561,4.355787475,4.255705751,3.806579519
28.32,3.36351314,3.441369952,3.991278716,4.363567224,4.246475867,3.785438235
28.34,3.353796107,3.457382066,4.009887144,4.366061108,4.231198065,3.767577407
28.36,3.349295402,3.470520661,4.033631528,4.371518678,4.218642286,3.744771744
28.38,3.341627522,3.489818235,4.052549062,4.37164058,4.20007942,3.725390442
28.4,3.339314046,3.506134369,4.076456855,4.374681671,4.183730239,3.701197053
28.42,3.333956166,3.528495759,4.095394222,4.381231274,4.170197971,3.680577305
28.44,3.334078176,3.547753536,4.110033432,4.381602104,4.150764384,3.662929684
28.46,3.331265431,3.564491013,4.128895861,4.385454586,4.134210039,3.641228623
28.48,3.326203131,3.58724924,4.143323312,4.383095735,4.119832481,3.622658868
28.5,3.32629432,3.606831221,4.161855753,4.384197825,4.100223085,3.607268564
28.52,3.324227439,3.623832758,4.175825562,4.379061092,4.08285724,3.588004875
28.54,3.327394973,3.646123737,4.193787817,4.377370359,4.068365156,3.572078473
28.56,3.328472684,3.665673475,4.207069115,4.369418214,4.048003482,3.552441804
28.58,3.326994524,3.690362019,4.224853941,4.364902487,4.030604589,3.53630621
28.6,3.330855264,3.712145284,4.237143378,4.36304001,4.015462761,3.516629629
28.62,3.33267124,3.730445757,4.253828656,4.355510864,3.995178409,3.500620392
28.64,3.339857108,3.754314386,4.264910958,4.350633721,3.977245543,3.488912753
28.66,3.34501281,3.774540289,4.28029158,4.340088102,3.961735278,3.473232132
28.68,3.355549173,3.800177677,4.289971101,4.33219734,3.941224399,3.461414577
28.7,3.36404831,3.82262528,4.303861097,4.327584474,3.92323263,3.446383862
28.72,3.370040159,3.841283905,4.311963726,4.316522559,3.900339648,3.43537916
28.74,3.38200377,3.865237012,4.324197627,4.308760225,3.880068903,3.421324653
28.76,3.391425351,3.885234144,4.330562499,4.294560306,3.863078281,3.411458756
28.78,3.406778819,3.910363883,4.340988014,4.283686264,3.840598568,3.398704365
28.8,3.419536273,3.931376817,4.345470655,4.275359422,3.821527063,3.390298593
28.82,3.430272213,3.948855445,4.3539514,4.261251677,3.797081799,3.379161352
28.84,3.446392671,3.970740277,4.35642275,4.24972401,3.776180652,3.372527859
28.86,3.460410455,3.988934196,4.362837286,4.241428901,3.758121164,3.362667328
28.88,3.472441884,4.011392691,4.363182709,4.226605692,3.73487224,3.358004523
28.9,3.489864309,4.03001473,4.367423428,4.215066744,3.715339994,3.350239014
28.92,3.505187226,4.052767694,4.366132466,4.197036513,3.698847191,3.347801043
28.94,3.525791254,4.071543949,4.367929077,4.182351103,3.67795734,3.342374426
28.96,3.544168292,4.086358103,4.373400322,4.170219465,3.660249319,3.342392545
28.98,3.559786361,4.105165156,4.372494532,4.152325189,3.638293627,3.339523136
29,3.581119437,4.119867934,4.375233636,4.13704694,3.619669127,3.334476621
29.02,3.599556576,4.138436022,4.371560054,4.125081847,3.605071828,3.334504876
29.04,3.615640626,4.152767115,4.371508514,4.106624372,3.585692312,3.332436381
29.06,3.636771656,4.170845392,4.365014286,4.09093374,3.569845707,3.335518278
29.08,3.655399164,4.184563521,4.362125642,4.069651025,3.550072381,3.336560759
29.1,3.678931607,4.201919851,4.362054045,4.051202574,3.533984239,3.342809275
29.12,3.699806014,4.214802272,4.356117191,4.036267915,3.522261632,3.347056903
29.14,3.717495747,4.231222791,4.352993908,4.015048066,3.506092844,3.348801616
29.16,3.740475109,4.243064883,4.343999954,3.997437006,3.494460054,3.356461604
29.18,3.760684073,4.25889559,4.337820781,3.982664974,3.478538741,3.361626774
29.2,3.777576523,4.269417747,4.334496177,3.962390328,3.46732648,3.372712406
29.22,3.799645935,4.283835762,4.325301957,3.945051949,3.451985348,3.381290176
29.24,3.818235052,4.292848386,4.31897415,3.922317501,3.441527539,3.388006677
29.26,3.841841739,4.305673925,4.306787781,3.902626124,3.427101088,3.400097716
29.28,3.861808038,4.313009826,4.297483076,3.886709909,3.417016836,3.410282087
29.3,3.886636794,4.324084723,4.291656355,3.864725629,3.403771613,3.418019436
29.32,3.907670203,4.329594028,4.279235918,3.845974267,3.395016602,3.431710764
29.34,3.925434836,4.338776787,4.270326548,3.831155129,3.38324428,3.442882782
29.36,3.947392351,4.342325859,4.254841887,3.810444891,3.37610637,3.459931005
29.38,3.965929953,4.34949098,4.242906574,3.79380048,3.366091976,3.474370276
29.4,3.989055452,4.350961446,4.233766434,3.771384739,3.360850131,3.486802493
29.42,4.008081928,4.356000679,4.218699144,3.753175324,3.352864296,3.504467064
29.44,4.023552978,4.355290021,4.206471499,3.729320906,3.349780528,3.520011062
29.46,4.042933092,4.358104663,4.188362423,3.70982097,3.344074219,3.54067779
29.48,4.05861218,4.363748948,4.173140994,3.6939096,3.343387971,3.559097995
29.5,4.078068725,4.364089897,4.161449407,3.673236003,3.340186504,3.574717308
29.52,4.093687333,4.36723053,4.143163753,3.656303713,3.333911488,3.595915209
29.54,4.112960769,4.36503494,4.128476709,3.634050022,3.333573601,3.614178051
29.56,4.128268571,4.365614403,4.107251294,3.616474509,3.330239733,3.637884491
29.58,4.147631118,4.360830709,4.089694854,3.602833006,3.332169585,3.658516151
29.6,4.162341976,4.359328081,4.075046952,3.584735166,3.331751361,3.676626729
29.62,4.180990963,4.351747347,4.054590582,3.570722075,3.336651389,3.69949793
29.64,4.194875625,4.34691096,4.037122613,3.55241204,3.339243178,3.719699412
29.66,4.212591699,4.34533192,4.022704967,3.538345986,3.34718998,3.737287857
29.68,4.225434583,4.338189604,4.002588714,3.520143104,3.352848698,3.759522601
29.7,4.242015213,4.33360095,3.985609415,3.506347251,3.355656444,3.778981255
29.72,4.253628115,4.322922135,3.972425933,3.487828783,3.364570768,3.802935236
29.74,4.268890558,4.315505934,3.952884557,3.474611297,3.370624156,3.823951983
29.76,4.279093578,4.310677498,3.937242441,3.456811938,3.382773133,3.841467
29.78,4.292867125,4.300279765,3.915336916,3.44447125,3.392035268,3.86389124
29.8,4.301995921,4.292484863,3.897444634,3.427690229,3.399116449,3.882661404
29.82,4.305961237,4.287827378,3.873388998,3.416525166,3.411677144,3.906196154
29.84,4.313418467,4.276939708,3.853467253,3.401060558,3.422003118,3.925929975
29.86,4.32370395,4.269220174,3.836926126,3.391366828,3.437755281,3.942419074
29.88,4.329189362,4.255291269,3.81438101,3.377511133,3.451201249,3.962987038
29.9,4.337444117,4.244565438,3.796119502,3.369572746,3.461743186,3.980166934
29.92,4.340836656,4.236361723,3.781412104,3.357604358,3.478320272,4.001850485
29.94,4.346947,4.222528405,3.761486754,3.350903403,3.49190393,4.019447437
29.96,4.348143412,4.211260034,3.745242081,3.350153445,3.511429082,4.041409976
29.98,4.352012061,4.194405702,3.723907709,3.34541496,3.528583982,4.05914921
30,4.350918881,4.180162967,3.7063873,3.346739479,3.542720226,4.073237138
30.02,4.352458828,4.169108146,3.683916415,3.34417442,3.562803883,4.09101576
30.04,4.357092794,4.15182924,3.665399035,3.338565587,3.579740916,4.105012881
30.06,4.356078915,4.137803989,3.651549635,3.338538823,3.602494853,4.122583358
30.08,4.358135893,4.11760907,3.632150481,3.335548428,3.621966496,4.136250468
30.1,4.354516666,4.100738661,3.616887481,3.338216959,3.638814953,4.153921323
30.12,4.353951132,4.086505457,3.596962169,3.337982072,3.660706434,4.166977013
30.14,4.347688819,4.066210926,3.581314595,3.343466688,3.67982923,4.183924568
30.16,4.344467834,4.049344394,3.561148652,3.346092771,3.695544332,4.196145585
30.18,4.343651826,4.035242927,3.545407162,3.345251381,3.716819417,4.212156279
30.2,4.337594642,4.015726542,3.534796915,3.350993674,3.734540066,4.223338098
30.22,4.33394127,3.999058123,3.519083319,3.353286369,3.757676305,4.238216522
30.24,4.325044334,3.985831031,3.508664663,3.362178893,3.77711157,4.248172567
30.26,4.318554532,3.966607318,3.493291616,3.367620927,3.801818925,4.261741072
30.28,4.314961854,3.950929006,3.483378357,3.379658646,3.822680947,4.270302068
30.3,4.305494825,3.929345965,3.468660441,3.388226094,3.840332209,4.282399803
30.32,4.298944197,3.911418466,3.458827057,3.394105875,3.863162991,4.289412948
30.34,4.286530334,3.896474071,3.445026227,3.40591705,3.882017152,4.299898624
30.36,4.277056887,3.87634313,3.436249364,3.414995086,3.905900492,4.305229109
30.38,4.269893129,3.859312724,3.423643259,3.429957699,3.925657921,4.313971636
30.4,4.257387908,3.836632122,3.416198054,3.44212109,3.941938325,4.318010243
30.42,4.247224072,3.81787393,3.405054704,3.450829885,3.962473476,4.324766392
30.44,4.239916316,3.8023802,3.399204544,3.466120893,3.979388193,4.326757593
30.46,4.226668995,3.781960646,3.389783446,3.477872628,4.000425808,4.331415052
30.48,4.216326264,3.764930617,3.385781025,3.496119497,4.017704018,4.331254115
30.5,4.200083201,3.743104892,3.37832598,3.51072962,4.038980627,4.33371507
30.52,4.186307845,3.724799834,3.376405946,3.531735148,4.056366502,4.339289127
30.54,4.175508328,3.710656302,3.371140243,3.548995967,4.069880702,4.339318163
30.56,4.158886306,3.69118387,3.371514211,3.563235347,4.087257991,4.342435908
30.58,4.145300216,3.675413379,3.368635542,3.583108127,4.100629404,4.339975517
30.6,4.125941193,3.65512501,3.361913618,3.599836027,4.117744226,4.340581857
30.62,4.109679922,3.638674894,3.360997437,3.622082658,4.130727937,4.335582513
30.64,4.095905954,3.626688892,3.366509827,3.641050796,4.147344276,4.333633943
30.66,4.076941259,3.609671372,3.368120534,3.656848929,4.15971336,4.334061573
30.68,4.060535256,3.597273303,3.366624773,3.678100272,4.17561691,4.329374845
30.7,4.047227745,3.579986492,3.37104695,3.696030696,4.187165714,4.327059246
30.72,4.028188125,3.567478084,3.372395081,3.71927592,4.202154816,4.319622807
30.74,4.012338192,3.550226782,3.37969156,3.739047596,4.212690426,4.314557007
30.76,3.990836438,3.537272708,3.383928728,3.754652064,4.226580406,4.31238689
30.78,3.972106043,3.520357947,3.394124806,3.776159615,4.235926747,4.304425085
30.8,3.95668569,3.507878906,3.40125741,3.793353019,4.248549391,4.299371729
30.82,3.935734491,3.491581102,3.404731544,3.816306594,4.256546243,4.288535158
30.84,3.918195249,3.479860775,3.414928001,3.83480206,4.267748939,4.280628047
30.86,3.903464433,3.473343625,3.421438238,3.858918212,4.27425147,4.274986737
30.88,3.883849256,3.462494385,3.434641354,3.878436482,4.284490556,4.26411368
30.9,3.867149914,3.456995267,3.444114247,3.89406508,4.289240623,4.25553836
30.92,3.845677844,3.447296689,3.460233841,3.914521421,4.297664912,4.241759597
30.94,3.827234782,3.443090188,3.472564278,3.930949379,4.300535058,4.230310479
30.96,3.811863598,3.43481134,3.48183476,3.952080678,4.307025071,4.221227425
30.98,3.791850417,3.422577671,3.497080235,3.969050743,4.307903042,4.206986386
31,3.775021939,3.416058889,3.509181308,3.991294944,4.312351251,4.195151628
31.02,3.761940841,3.405688682,3.527180512,4.008551257,4.311140474,4.186259617
31.04,3.743739032,3.401144907,3.541944525,4.021551384,4.313460098,4.171608319
31.06,3.729420608,3.392844773,3.553612748,4.039016694,4.318546291,4.159956673
31.08,3.710106377,3.390472595,3.5711846,4.052098275,4.318499202,4.142592233
31.1,3.694816807,3.384432569,3.585541524,4.069527838,4.321192535,4.128288738
31.12,3.674661194,3.384410707,3.60569076,4.082449915,4.318723921,4.116401376
31.14,3.658113824,3.380793994,3.622496862,4.09961065,4.318975087,4.09941087
31.16,3.645736957,3.383268546,3.635295363,4.112148167,4.314041606,4.084900412
31.18,3.628643421,3.382206635,3.654490711,4.128823092,4.311812425,4.073442755
31.2,3.615863557,3.387295536,3.669545935,4.140767266,4.312872431,4.056301136
31.22,3.598498131,3.388890848,3.690867366,4.156755344,4.307977621,4.042298354
31.24,3.58559288,3.396679188,3.707912979,4.167913082,4.306372679,4.022686912
31.26,3.568236242,3.401000055,3.731091546,4.183691835,4.298806243,4.005767226
31.28,3.555488968,3.40257165,3.749857589,4.193790487,4.294538949,3.992097207
31.3,3.538424008,3.40982813,3.764912377,4.208420896,4.284303979,3.972943102
31.32,3.526119195,3.414335996,3.78532243,4.217280895,4.277378974,3.957133486
31.34,3.509634323,3.424528395,3.801880269,4.230592428,4.273007686,3.935922974
31.36,3.497457643,3.431954422,3.823665139,4.238051397,4.263282647,3.918157065
31.38,3.490151927,3.436060603,3.841458695,4.24989012,4.256130425,3.903200222
31.4,3.478785071,3.446527967,3.854621142,4.255801952,4.243643614,3.883516442
31.42,3.472426381,3.45363364,3.873581192,4.266030162,4.233752537,3.866747375
31.44,3.462130184,3.467056404,3.888469397,4.270264638,4.227085649,3.853493978
31.46,3.456975193,3.477059938,3.908356257,4.278763278,4.214349086,3.834982156
31.48,3.448001561,3.49332394,3.924025893,4.281207184,4.204877576,3.819544469
31.5,3.44429607,3.506097364,3.944563974,4.287866157,4.189366932,3.799619075
31.52,3.436881457,3.51604454,3.960745481,4.288415999,4.176573276,3.782879244
31.54,3.434853382,3.531608236,3.981671905,4.293138722,4.167104863,3.769913385
31.56,3.429219942,3.544253438,3.998109343,4.291701121,4.151676382,3.751948589
31.58,3.42845743,3.562427663,4.009408982,4.294401301,4.139626054,3.73788906
31.6,3.424713092,3.577576825,4.026050477,4.290899801,4.130227405,3.718947187
31.62,3.417540799,3.589127052,4.037432169,4.291507442,4.115532271,3.70404668
31.64,3.416015745,3.606751341,4.054043206,4.295401137,4.103546573,3.684388233
31.66,3.411131133,3.620664342,4.065279741,4.293677085,4.08632398,3.66891188
31.68,3.411965765,3.640540144,4.081640337,4.295222743,4.0718721,3.648806005
31.7,3.409496747,3.65658675,4.092519079,4.291131267,4.060832137,3.632421178
31.72,3.412804967,3.678479861,4.10842427,4.290297948,4.04388449,3.620354051
31.74,3.412848545,3.696422379,4.119400174,4.283813427,4.030426525,3.60379687
31.76,3.418711188,3.71103053,4.134583313,4.280583083,4.011130195,3.591696312
31.78,3.421335708,3.730807443,4.144733186,4.281238853,3.995409859,3.575231871
31.8,3.429805065,3.747121976,4.159001272,4.275420501,3.982530296,3.563364747
31.82,3.435047264,3.768487704,4.168140669,4.273497098,3.96455085,3.547261134
31.84,3.437715499,3.786262645,4.181317454,4.265098889,3.949503058,3.535896234
31.86,3.445746123,3.800516623,4.189278723,4.260609236,3.928823127,3.520422776
31.88,3.451190134,3.819734152,4.201207653,4.249648156,3.911934288,3.509194787
31.9,3.461986642,3.835291051,4.2078421,4.242610743,3.898116735,3.502801707
31.92,3.470164975,3.855684186,4.218378073,4.238689102,3.879398682,3.492398208
31.94,3.475223008,3.872279802,4.223548337,4.228955664,3.863849049,3.486955584
31.96,3.486231756,3.884491691,4.232560948,4.222364858,3.852132412,3.477615019
31.98,3.494070574,3.902047913,4.236144144,4.209988443,3.834892806,3.473356602
32,3.507809192,3.915090422,4.243517388,4.200784972,3.821603428,3.465307557
32.02,3.518314856,3.933354706,4.24540451,4.195420906,3.802895572,3.462455667
32.04,3.534655806,3.946980248,4.251035734,4.183492,3.788259877,3.455913781
32.06,3.547688778,3.965710259,4.251130729,4.175451108,3.768314543,3.454675959
32.08,3.558008352,3.979682185,4.254929868,4.160882397,3.751911959,3.449840382
32.1,3.573574128,3.998647375,4.253149203,4.1502548,3.73970745,3.450402508
32.12,3.586333889,4.01333547,4.255038432,4.133136785,3.722331357,3.447448663
32.14,3.604252395,4.023157182,4.261186097,4.120018317,3.70927725,3.441713466
32.16,3.619266518,4.037892168,4.260916527,4.11008131,3.691161866,3.440957356
32.18,3.630855542,4.047643941,4.264886711,4.094400149,3.677496331,3.436826859
32.2,3.64809175,4.06220171,4.262413455,4.081964641,3.658883388,3.438291944
32.22,3.661791738,4.071666926,4.264166733,4.063190024,3.64484856,3.436428306
32.24,3.681032721,4.0858383,4.259455198,4.0485645,3.625980574,3.440208509
32.26,3.69662513,4.094815213,4.25895886,4.03730024,3.611825379,3.440693096
32.28,3.709138998,4.108406083,4.251981987,4.020427997,3.601654724,3.446855992
32.3,3.726566067,4.116708148,4.249218063,4.006988491,3.587468735,3.449743046
32.32,3.74079513,4.129539628,4.249877117,3.988015009,3.577399503,3.458328441
32.34,3.760406907,4.136995189,4.244649417,3.972549294,3.562742446,3.463643974
32.36,3.776175113,4.148905875,4.242852376,3.961292233,3.553031896,3.466356913
32.38,3.79720214,4.155360005,4.23517364,3.943775509,3.538844551,3.47426145
32.4,3.814258993,4.166199083,4.230936902,3.930564334,3.529728756,3.47954848
32.42,3.827917237,4.171507809,4.220828031,3.911176519,3.516246375,3.490012289
32.44,3.846181535,4.181138471,4.214176323,3.896195876,3.507958745,3.497829406
32.46,3.86091893,4.185171603,4.211605214,3.875125747,3.495412615,3.502473683
32.48,3.880145692,4.193470341,4.202386754,3.858569348,3.488181291,3.512916689
32.5,3.89572065,4.196110512,4.197281143,3.845712248,3.476796218,3.520139211
32.52,3.907120424,4.202966422,4.185549633,3.826898701,3.47084126,3.53311264
32.54,3.923466807,4.204667019,4.177967319,3.812706792,3.460828619,3.542806345
32.56,3.935519508,4.209862308,4.163783228,3.792649256,3.45635456,3.558191329
32.58,3.952410596,4.209850061,4.153789327,3.777323611,3.447915529,3.570226811
32.6,3.965445902,4.213290379,4.147194003,3.765947047,3.444377757,3.579534642
32.62,3.982649479,4.220711634,4.134674913,3.749511577,3.437605983,3.593926608
32.64,3.995877723,4.222144849,4.125601491,3.737133398,3.435813687,3.605505424
32.66,4.013167392,4.227532069,4.11065169,3.719811187,3.430858174,3.622087929
32.68,4.026368591,4.226898765,4.099198346,3.706661768,3.430951429,3.635764003
32.7,4.043531113,4.230198693,4.091908654,3.688686674,3.427941918,3.646626831
32.72,4.056498928,4.227451041,4.077996998,3.675002744,3.430040346,3.662466701
32.74,4.064748764,4.22862156,4.068319007,3.666356459,3.429088169,3.675381854
32.76,4.077459708,4.223722692,4.052076353,3.652197521,3.43329209,3.693170254
32.78,4.085354327,4.222732714,4.040141718,3.642466577,3.434482312,3.707917836
32.8,4.097621378,4.215656341,4.021703509,3.628111008,3.44086112,3.719051404
32.82,4.104980311,4.212484961,4.006995197,3.618296629,3.444248916,3.735570869
32.84,4.116629848,4.212494418,3.996674708,3.603968423,3.444052236,3.748358569
32.86,4.123286073,4.206952153,3.979943121,3.594295434,3.449845406,3.766418263
32.88,4.134157559,4.20459779,3.967682347,3.580222915,3.452056445,3.780627912
32.9,4.140484992,4.196696415,3.949079531,3.570919681,3.460260865,3.799995398
32.92,4.150353341,4.191996814,3.935034776,3.557330463,3.464872465,3.815397972
32.94,4.155599245,4.191054841,3.924766351,3.548623596,3.475467077,3.82743813
32.96,4.16431887,4.183860814,3.908911785,3.53574238,3.482445366,3.843968438
32.98,4.168345019,4.180450831,3.896924383,3.527854462,3.495382988,3.85701735
33,4.175784578,4.170806252,3.879443672,3.515900872,3.504668594,3.874447928
33.02,4.178466732,4.164976755,3.865924545,3.509048248,3.511043402,3.888280863
33.04,4.184508592,4.152933926,3.847009341,3.498234181,3.522726492,3.906390541
33.06,4.185735972,4.144184659,3.832153976,3.492624266,3.531444496,3.92079009
33.08,4.190275687,4.139280471,3.822070012,3.482358913,3.545419924,3.931523951
33.1,4.198599177,4.128200199,3.805892462,3.478115663,3.55636093,3.946439611
33.12,4.201383244,4.121008041,3.79390638,3.469292186,3.563650746,3.957571744
33.14,4.207918572,4.107672039,3.776707918,3.466572884,3.576858734,3.97277986
33.16,4.208877339,4.09826773,3.763802159,3.459341811,3.586338508,3.984092242
33.18,4.21356093,4.082756145,3.745787131,3.458291922,3.601661069,3.999380445
33.2,4.212636253,4.071227948,3.732168792,3.452790577,3.61317123,4.010666672
33.22,4.215415729,4.062989758,3.723643686,3.453537996,3.630441721,4.025834665
33.24,4.212560404,4.049256568,3.70933543,3.449884865,3.643809935,4.03690076
33.26,4.213393958,4.038870278,3.700240363,3.452537371,3.653970948,4.051760897
33.28,4.20857107,4.023046297,3.685467527,3.450830014,3.669188861,4.062425902
33.3,4.207427202,4.010629531,3.676029432,3.455473703,3.681099956,4.076803704
33.32,4.209306217,4.002210757,3.661020133,3.455787151,3.697976354,4.08689967
33.34,4.205998729,3.987714314,3.651468065,3.46248465,3.71144315,4.100633478
33.36,4.20571447,3.977293848,3.636451982,3.46486979,3.729781699,4.110005303
33.38,4.200241561,3.960861746,3.627016095,3.473659163,3.744606132,4.122946426
33.4,4.197796535,3.948587696,3.612223389,3.478141987,3.756001627,4.131451959
33.42,4.190165439,3.930371604,3.602388875,3.479157386,3.7722108,4.144024309
33.44,4.185570953,3.915810102,3.588040469,3.48593193,3.7848741,4.151460292
33.46,4.184517643,3.905484345,3.578748784,3.489226664,3.802247744,4.162900011
33.48,4.177630071,3.889305743,3.575196774,3.498269772,3.815959633,4.169137404
33.5,4.174307236,3.877451686,3.566453229,3.503807756,3.834277447,4.179322361
33.52,4.165165504,3.859820645,3.56355591,3.515071747,3.84881958,4.184245576
33.54,4.159616454,3.846606539,3.555558317,3.522793157,3.858941028,4.193066904
33.56,4.148267548,3.837123836,3.55350899,3.526303233,3.874275232,4.196573424
33.58,4.140543543,3.822545775,3.546445776,3.536323496,3.885079749,4.203935129
33.6,4.135787855,3.811794428,3.545427294,3.542079756,3.900995112,4.205934782
33.62,4.125783138,3.796043673,3.539475643,3.554295985,3.912275469,4.211752755
33.64,4.118786041,3.784217663,3.539658255,3.562186191,3.928568766,4.212167039
33.66,4.106578388,3.767491488,3.534981463,3.57647653,3.940126121,4.216368811
33.68,4.097421124,3.754790873,3.536520416,3.586370631,3.956603123,4.215130664
33.7,4.091334673,3.746743392,3.533265674,3.602596737,3.968248097,4.217654894
33.72,4.080067077,3.73319406,3.52608917,3.614349491,3.984724498,4.214705402
33.74,4.07191894,3.723783817,3.524582466,3.622414412,3.996277969,4.215499125
33.76,4.058637956,3.709650985,3.519204951,3.636062479,4.012580208,4.210793699
33.78,4.048525114,3.699757391,3.519550866,3.645934114,4.024526719,4.209817667
33.8,4.033331949,3.685241313,3.515290866,3.661308157,4.031465432,4.211880207
33.82,4.021362558,3.675065793,3.517478579,3.672811832,4.043110681,4.208945459
33.84,4.013151329,3.660365189,3.515085775,3.689733894,4.049658883,4.209044815
33.86,3.999276364,3.650107508,3.519172269,3.702688985,4.060833961,4.204139979
33.88,3.989231045,3.635426435,3.518693993,3.711005735,4.066829024,4.202268974
33.9,3.973582522,3.625290848,3.524715979,3.725424588,4.077377886,4.195391696
33.92,3.961838741,3.620322787,3.526179083,3.735106712,4.082670027,4.191552084
33.94,3.944555446,3.610332515,3.534152466,3.750798598,4.092449213,4.191284386
33.96,3.931255602,3.605619395,3.537562531,3.761654999,4.096901083,4.1853264
33.98,3.921295156,3.595979975,3.547482044,3.77842863,4.105779466,4.182958962
34,3.906422165,3.591064479,3.552823714,3.790268689,4.1092659,4.174911494
34.02,3.894971252,3.58195584,3.554382798,3.807934322,4.117124644,4.170477424
34.04,3.878134926,3.577660292,3.561817561,3.821312665,4.119532664,4.160377343
34.06,3.865446814,3.569253758,3.565439521,3.829694267,4.126268667,4.153914846
34.08,3.856276291,3.565745987,3.574913985,3.843886776,4.127500148,4.14180483
34.1,3.842343035,3.558207312,3.580536347,3.852976255,4.133017013,4.133364086
34.12,3.83201447,3.555648451,3.591976006,3.867777998,4.132980833,4.127909993
34.14,3.817010458,3.549133427,3.599514953,3.877373808,4.137193125,4.117386551
34.16,3.805700374,3.547673762,3.612827934,3.892586858,4.135808932,4.109888068
34.18,3.789804694,3.542326253,3.622183249,3.902495121,4.138641775,4.097357998
34.2,3.777694488,3.542103211,3.626950638,3.917929887,4.144905531,4.087894555
34.22,3.769942461,3.538053245,3.63821237,3.92796574,4.146121724,4.081513177
34.24,3.757051649,3.539189534,3.644818929,3.943442123,4.150748498,4.070132916
34.26,3.748620575,3.53655152,3.657857492,3.953430245,4.150300901,4.061881806
34.28,3.735143444,3.539153354,3.66616809,3.968778164,4.153248859,4.048678732
34.3,3.725650979,3.538024349,3.680842748,3.978553647,4.151104014,4.038654692
34.32,3.711821057,3.532615821,3.690712184,3.993613604,4.152344098,4.032368776
34.34,3.702067373,3.533259181,3.706873466,4.003022297,4.148477806,4.020511107
34.36,3.688067128,3.529648716,3.718899003,4.017645724,4.147989892,4.012456992
34.38,3.678235089,3.53143969,3.726101491,4.026547964,4.142386667,3.998885911
34.4,3.673130974,3.529595347,3.739627371,4.040600848,4.140159454,3.989186963
34.42,3.663231404,3.533169789,3.748235249,4.048863912,4.141913016,3.974028353
34.44,3.658159464,3.533116465,3.763076892,4.062218944,4.137773385,3.962813512
34.46,3.648379292,3.538490572,3.772904272,4.069720624,4.137626655,3.946199183
34.48,3.643524577,3.540235015,3.788874712,4.082261029,4.131590548,3.933603729
34.5,3.634046665,3.547406764,3.799734476,4.088889786,4.129563622,3.924351121
34.52,3.629589427,3.550937498,3.816646704,4.100509444,4.121654629,3.910352157
34.54,3.620590996,3.559886727,3.828352735,4.106856133,4.117775021,3.899774082
34.56,3.616100637,3.56517434,3.846021808,4.107234891,4.10802733,3.883944112
34.58,3.607731895,3.575860299,3.858394394,4.112609246,4.10233287,3.872280796
34.6,3.603944494,3.582854674,3.866234367,4.111959637,4.099920345,3.864129968
34.62,3.596349694,3.585605498,3.8792951,4.116262218,4.092276382,3.851364311
34.64,3.593408048,3.59443395,3.887728025,4.114490213,4.087944855,3.842192028
34.66,3.586725211,3.598976492,3.901297847,4.117632628,4.078411159,3.828485564
34.68,3.584762538,3.609558745,3.910147362,4.124813198,4.072223533,3.818454978
34.7,3.579119128,3.61580587,3.924053104,4.126524606,4.060866584,3.803972768
34.72,3.578257179,3.628047762,3.933149267,4.132248865,4.052892371,3.793250462
34.74,3.573768471,3.635899217,3.947224607,4.132473817,4.048946804,3.77816083
34.76,3.574116076,3.649694339,3.956405043,4.136691238,4.039091802,3.766916364
34.78,3.570883672,3.659709107,3.970491672,4.135384447,4.033317764,3.760113938
34.8,3.572535313,3.665350803,3.979605709,4.138054428,4.021675607,3.748355013
34.82,3.570649061,3.676318909,3.993557037,4.135180601,4.014170027,3.74113453
34.84,3.573687084,3.683443989,4.002455891,4.136272407,4.000840451,3.729041537
34.86,3.573214653,3.696494387,4.016127919,4.131805817,3.991706664,3.720966756
34.88,3.568731793,3.705022564,4.024678999,4.13129806,3.97679594,3.708744925
34.9,3.569903067,3.719402317,4.027476662,4.125222209,3.965489453,3.700623097
34.92,3.567078289,3.729178627,4.035755405,4.123102744,3.958426248,3.688431526
34.94,3.569307933,3.744730357,4.038211236,4.125610562,3.945645979,3.680421138
34.96,3.568100243,3.755592753,4.046090489,4.121682752,3.937174303,3.668417371
34.98,3.571954844,3.762457838,4.048766812,4.122395594,3.923038407,3.660674982
35,3.572370788,3.774432017,4.05605471,4.116680608,3.913279213,3.657778409
35.02,3.577849427,3.782324607,4.058074481,4.115623392,3.897910901,3.650292791
35.04,3.579879871,3.795247903,4.064651428,4.108145494,3.886990016,3.647736818
35.06,3.586965741,3.804002069,4.065900642,4.104668265,3.879751069,3.640663003
35.08,3.590585943,3.81770919,4.071657911,4.095599117,3.867619959,3.638598826
35.1,3.599246966,3.827160451,4.07202972,4.090548013,3.859243658,3.632084034
35.12,3.604417137,3.841488314,4.076866409,4.090165461,3.846047699,3.630654521
35.14,3.614606536,3.851475154,4.086783575,4.0840705,3.836680863,3.624837068
35.16,3.621272641,3.866264284,4.090415666,4.081851421,3.822572385,3.623537235
35.18,3.623911459,3.876629324,4.09910227,4.073259841,3.812368367,3.618513932
35.2,3.632181234,3.88199073,4.101467614,4.069407064,3.806747645,3.618064434
35.22,3.636380148,3.892771706,4.108859395,4.059205543,3.795680119,3.613941177
35.24,3.646171319,3.89846818,4.109899379,4.053781644,3.789284502,3.614442539
35.26,3.651842699,3.909512546,4.115946835,4.042035216,3.777518187,3.611314106
35.28,3.663062066,3.915394691,4.11561657,4.035108444,3.769823541,3.612855389
35.3,3.670107978,3.926556357,4.120279816,4.021887954,3.757575361,3.610800928
35.32,3.682652877,3.932481599,4.118543829,4.0135288,3.749473363,3.604635574
35.34,3.691574745,3.943621656,4.121792204,4.009203349,3.736891408,3.603897442
35.36,3.696327351,3.949457756,4.118624046,3.999296599,3.72853015,3.599074267
35.38,3.706622142,3.960447993,4.120435593,3.993472897,3.725052066,3.599708596
35.4,3.712678239,3.966067501,4.115817346,3.982115793,3.716403234,3.596274109
35.42,3.724212314,3.976784437,4.116178741,3.974893011,3.712720624,3.598319927
35.44,3.731435637,3.982067906,4.110101013,3.962187341,3.70393711,3.596306229
35.46,3.744070249,3.992396294,4.109007227,3.953669486,3.700201459,3.599788034
35.48,3.752320316,3.997844501,4.101468781,3.950040954,3.691433058,3.599212431
35.5,3.765913434,4.007621689,4.098925968,3.940143626,3.687792116,3.604139791
35.52,3.775050379,4.012459587,4.089935698,3.935203964,3.679184383,3.605004599
35.54,3.789461692,4.021578231,4.085953263,3.924050757,3.675781369,3.611372127
35.56,3.799342001,4.02570356,4.086142275,3.917925619,3.667474903,3.613664802
35.58,3.805326422,4.034066195,4.080535716,3.90564357,3.664447428,3.621452398
35.6,3.815982345,4.037386518,4.079120371,3.898461917,3.656576678,3.625146035
35.62,3.822665025,4.04490544,4.071926037,3.885181587,3.654055597,3.634319636
35.64,3.833950272,4.047338037,4.068945822,3.877075882,3.646747698,3.639373492
35.66,3.841185932,4.053935172,4.060206895,3.862931156,3.644855928,3.640997377
35.68,3.852956728,4.05540687,4.055708055,3.854037055,3.638229498,3.647529898
35.7,3.860603389,4.061013583,4.044801221,3.839164897,3.636351755,3.650596523
35.72,3.87271985,4.061460556,4.038960881,3.828875192,3.630488126,3.65853586
35.74,3.880639729,4.066014085,4.037385233,3.823860553,3.629416242,3.662966985
35.76,3.89296652,4.065378607,4.030047741,3.812913522,3.624399167,3.672233274
35.78,3.901026876,4.068829431,4.027010975,3.807315951,3.624215671,3.677943782
35.8,3.913434084,4.067066522,4.018245531,3.795846147,3.620122436,3.688447458
35.82,3.921508008,4.069373945,4.013819006,3.789800376,3.620899465,3.695343275
35.84,3.93387187,4.066447419,4.003699533,3.777942361,3.617796465,3.706986519
35.86,3.941838909,4.067579329,3.997959206,3.771582861,3.619594908,3.714966084
35.88,3.944890188,4.063461453,3.986564189,3.759470684,3.617536933,3.718720286
35.9,3.952813997,4.063394178,3.979590555,3.752931095,3.620405776,3.727851169
35.92,3.95576033,4.067939305,3.967002986,3.740697685,3.619435592,3.732695584
35.94,3.963527314,4.066471677,3.958880887,3.73411016,3.623411658,3.742861729
35.96,3.966258417,4.069621592,3.955883502,3.721886616,3.623559484,3.74867845
35.98,3.973761891,4.066755993,3.946501461,3.715380896,3.628666856,3.759760166
36,3.976174837,4.068516751,3.942302654,3.703295463,3.629950156,3.766428342
36.02,3.983315677,4.064262515,3.931764649,3.696998228,3.636200131,3.778303722
36.04,3.985879954,4.06464727,3.926470251,3.695630968,3.63862361,3.785700944
36.06,3.992514691,4.059023514,3.914883491,3.689462787,3.636596322,3.798250085
36.08,3.994523024,4.058054621,3.908602312,3.688289256,3.640336748,3.806256615
36.1,4.000561299,4.051083443,3.896076869,3.681600918,3.639611196,3.819357399
36.12,4.00192788,4.048786499,3.888920746,3.680741045,3.644641025,3.827851643
36.14,4.007288215,4.040496522,3.875565886,3.674410376,3.64518396,3.832405132
36.16,4.007936088,4.036903557,3.867645858,3.673963854,3.651467483,3.841439919
36.18,4.01254596,4.02732973,3.853578137,3.668087234,3.65323796,3.846468687
36.2,4.012407148,4.022479003,3.845012019,3.668146819,3.660728668,3.855921239
36.22,4.016202694,4.021605154,3.841110879,3.662813363,3.663675109,3.861303918
36.24,4.015217752,4.01535207,3.831096798,3.663463977,3.672316238,3.871054617
36.26,4.018143498,4.013107468,3.826594734,3.658751081,3.676377337,3.876673435
36.28,4.016261237,4.004902911,3.816030031,3.660065478,3.686102894,3.886606626
36.3,4.018270135,4.001444098,3.811039078,3.656045086,3.691208619,3.892348149
36.32,4.024675687,3.992049483,3.800036031,3.658090381,3.701944481,3.902352822
36.34,4.025552494,3.987438096,3.794671483,3.654824921,3.708017246,3.908108424
36.36,4.030818721,3.976916918,3.783344959,3.657658444,3.719682351,3.918078574
36.38,4.030542664,3.971218812,3.777721305,3.655200338,3.726638223,3.923745133
36.4,4.03465282,3.959638815,3.766185132,3.658869183,3.729652382,3.93358055
36.42,4.033210752,3.952923945,3.760415534,3.657260441,3.737585165,3.939061045
36.44,4.036155565,3.950347491,3.748781949,3.661801293,3.741524154,3.949269139
36.46,4.033541666,3.9424988,3.742977514,3.661073471,3.750336328,3.95443701
36.48,4.035321962,3.938833597,3.731356351,3.666512244,3.755103796,3.964289205
36.5,4.031539718,3.929938265,3.725625655,3.666686008,3.764697599,3.969052704
36.52,4.032159275,3.925272739,3.724958365,3.673037804,3.770191604,3.978461154
36.54,4.027215678,3.915420752,3.719197421,3.674122877,3.780464298,3.982736179
36.56,4.026133982,3.909845862,3.718556992,3.681391793,3.786581317,3.991620721
36.58,4.020124627,3.899126695,3.712873822,3.683387246,3.797429112,3.995328097
36.6,4.017987248,3.892733589,3.71236545,3.680979589,3.804065129,4.003613669
36.62,4.02022232,3.881242694,3.706862218,3.684077743,3.815384399,4.0066853
36.64,4.017428215,3.874127568,3.706585125,3.682758317,3.82243617,4.014307671
36.66,4.009090396,3.871994105,3.701357778,3.686933818,3.824585979,4.01668583
36.68,4.004660699,3.86406881,3.70140421,3.686672274,3.832137453,4.023591449
36.7,4.004647225,3.86118232,3.696541198,3.69189054,3.834729295,4.025220393
36.72,3.999073427,3.852551925,3.696995927,3.69264767,3.842674481,4.03135727
36.74,3.997942677,3.849020709,3.691825401,3.69886533,3.845603626,4.032191786
36.76,3.991268704,3.839793495,3.692757481,3.700589449,3.853839113,4.037518625
36.78,3.989066917,3.835086025,3.688088751,3.707751192,3.857003754,4.037520948
36.8,3.981340971,3.825416201,3.689554945,3.710386616,3.865429417,4.042003733
36.82,3.978115339,3.820316262,3.685441214,3.718433444,3.868731355,4.041143282
36.84,3.969387085,3.810300606,3.687493696,3.721917719,3.877251015,4.04475507
36.86,3.965192873,3.804904391,3.683983244,3.730784327,3.880596264,4.043008215
36.88,3.95551931,3.79463858,3.686666106,3.73504921,3.889118228,4.045728933
36.9,3.950415495,3.789041009,3.683798989,3.744664977,3.892417505,4.043078826
36.92,3.949215491,3.788701638,3.687147963,3.749637423,3.900855012,4.044895075
36.94,3.943085625,3.782804254,3.684955625,3.74927586,3.904024145,4.041331295
36.96,3.94089845,3.782220308,3.688997652,3.755087054,3.912295909,4.042235937
36.98,3.933816719,3.776120993,3.687503103,3.755516763,3.915256403,4.037754457
37,3.930717723,3.775388612,3.692256843,3.762081154,3.923286689,4.037746712
37.02,3.922760784,3.769181561,3.691474474,3.763215494,3.925965616,4.032349665
37.04,3.918827573,3.768392939,3.696949897,3.770445301,3.933684457,4.031434798
37.06,3.910074191,3.762168171,3.69688555,3.772195855,3.936014725,4.025130246
37.08,3.905386347,3.761411057,3.703084159,3.780002009,3.943358068,4.023319341
37.1,3.895917117,3.755253905,3.703735315,3.78227951,3.945278546,4.016121052
37.12,3.890555912,3.754611102,3.710650387,3.790572562,3.952188347,4.013430786
37.14,3.889846796,3.748601715,3.712006458,3.79328778,3.953643934,4.014531751
37.16,3.883717736,3.748150418,3.719623391,3.801978764,3.960068202,4.010808764
37.18,3.88229186,3.742363051,3.721666116,3.80504334,3.961697314,4.010896817
37.2,3.875486306,3.742174536,3.72996287,3.814044568,3.967529385,4.00618045
37.22,3.873435193,3.736677367,3.732666796,3.817375088,3.968540092,4.005296376
37.24,3.866044456,3.736816517,3.730613136,3.826604308,3.97373637,3.999625964
37.26,3.862876904,3.731671126,3.734157402,3.830116379,3.974088731,3.9978111
37.28,3.855037271,3.732193146,3.732919852,3.839490616,3.978612619,3.990633918
37.3,3.85146331,3.727451494,3.737260875,3.843102665,3.978273605,3.988005119
37.32,3.843253263,3.72774394,3.736792857,3.852541966,3.982092333,3.980030311
37.34,3.839351145,3.723449594,3.741878347,3.856175788,3.980350502,3.976632393
37.36,3.830848051,3.72421014,3.742124671,3.865603789,3.983512539,3.967902964
37.38,3.826694726,3.720398096,3.74790068,3.869181668,3.981100754,3.963780795
37.4,3.817978063,3.72165846,3.74880515,3.878522713,3.983591065,3.954346705
37.42,3.813651908,3.718356986,3.755213686,3.881974781,3.980496876,3.94955171
37.44,3.80479896,3.720142134,3.756716428,3.891161335,3.982305817,3.948696221
37.46,3.80037598,3.717372696,3.763696203,3.894422374,3.978522114,3.943105116
37.48,3.800918005,3.719700774,3.765734458,3.903391692,3.979645161,3.941487577
37.5,3.796291517,3.717477849,3.77322166,3.906401376,3.975169822,3.935164492
37.52,3.796673977,3.720359965,3.775730542,3.915095719,3.975607564,3.93284955
37.54,3.791920402,3.718691243,3.783659596,3.917798804,3.970443543,3.925859971
37.56,3.792217614,3.722131842,3.78657284,3.92616559,3.970201474,3.922913556
37.58,3.787409012,3.72101835,3.794877146,3.928512039,3.964356527,3.915324006
37.6,3.78769074,3.725015306,3.798127839,3.936503951,3.96344484,3.911812938
37.62,3.782894451,3.724451609,3.806740483,3.938449018,3.956931312,3.903690662
37.64,3.783225552,3.728996464,3.810261758,3.946024055,3.955364679,3.899682325
37.66,3.778503853,3.728970949,3.819116192,3.947528317,3.957953331,3.891094954
37.68,3.778943954,3.734049228,3.822841882,3.95464981,3.955563279,3.886656815
37.7,3.774353743,3.73454445,3.831872548,3.955679025,3.95734665,3.886943918
37.72,3.774956935,3.740136047,3.835737786,3.962315409,3.954164867,3.881967921
37.74,3.770549299,3.741129152,3.8448807,3.96284065,3.955176035,3.881759771
37.76,3.771363652,3.747208772,3.848822471,3.968965718,3.951237294,3.876320164
37.78,3.767183786,3.748671962,3.846907342,3.96896329,3.951512538,3.875690351
37.8,3.767648814,3.755209618,3.851080641,3.974556197,3.94685474,3.869859811
37.82,3.763742423,3.757107753,3.849358139,3.974007766,3.946433248,3.868877023
37.84,3.764498461,3.764066621,3.853697112,3.979052701,3.941097052,3.862723514
37.86,3.760894626,3.766363782,3.852102884,3.977944814,3.940020616,3.861457833
37.88,3.761968036,3.773706303,3.856544722,3.982430868,3.934049116,3.855050112
37.9,3.758690302,3.776363319,3.855017661,3.980754902,3.932361834,3.852950969
37.92,3.760101918,3.773763503,3.859502995,3.984675916,3.92580029,3.846388906
37.94,3.757165158,3.776938536,3.857985748,3.982427912,3.923545273,3.844165839
37.96,3.758927507,3.77482649,3.862459216,3.985782309,3.916437921,3.837505857
37.98,3.756344501,3.778469257,3.860898301,3.982962784,3.913663572,3.835213772
38,3.758467576,3.776793939,3.865308466,3.98575335,3.906059605,3.828509256
38.02,3.756245549,3.780852637,3.863654522,3.982367104,3.902815607,3.826199906
38.04,3.758733945,3.779561766,3.867954179,3.984600824,3.904583236,3.819500933
38.06,3.756874802,3.783983649,3.866162163,3.98065675,3.900734801,3.817222476
38.08,3.759727894,3.783024277,3.870308516,3.982344429,3.901932991,3.810575304
38.1,3.75822843,3.787756221,3.86833785,3.977855084,3.897539371,3.808372196
38.12,3.761440604,3.787075291,3.872292635,3.979011324,3.898227334,3.801819313
38.14,3.760292766,3.792064348,3.870107316,3.973993014,3.893347388,3.79973204
38.16,3.763853712,3.791609234,3.873836883,3.974635956,3.893583766,3.802669646
38.18,3.763044909,3.796803155,3.871405544,3.969108395,3.888275616,3.800556181
38.2,3.766939799,3.796522174,3.874880904,3.969259458,3.888117965,3.803492301
38.22,3.766453033,3.801869904,3.872176839,3.963245507,3.882438432,3.801390797
38.24,3.770663061,3.801712795,3.875373667,3.962929111,3.881943067,3.804361101
38.26,3.770477635,3.807164936,3.872374818,3.956454493,3.875947635,3.802304716
38.28,3.774980427,3.807083301,3.875273424,3.955697774,3.875169269,3.805339847
38.3,3.775072298,3.812592531,3.871962335,3.948790778,3.868911646,3.803356695
38.32,3.779842354,3.812540235,3.874547596,3.947623285,3.867903033,3.806482243
38.34,3.780184589,3.818061691,3.870911334,3.940314465,3.861434807,3.804595398
38.36,3.785193751,3.817995226,3.873172601,3.938767844,3.860246398,3.807831925
38.38,3.785757001,3.823486838,3.869202644,3.931089691,3.853616693,3.806059464
38.4,3.790974933,3.823365635,3.871133618,3.92919736,3.851588733,3.809422575
38.42,3.791727924,3.828788422,3.866825719,3.921183973,3.844882355,3.807774183
38.44,3.797122603,3.828575123,3.868424295,3.918977078,3.84279874,3.81127108
38.46,3.798032607,3.833893439,3.863778314,3.910660632,3.845965179,3.809755337
38.48,3.803570784,3.833554125,3.865046387,3.908175676,3.843673609,3.813392108
38.5,3.804604112,3.838735865,3.860066069,3.91063678,3.846658411,3.812012778
38.52,3.810251827,3.838240237,3.861009334,3.90769827,3.844199422,3.815791049
38.54,3.811374329,3.843256997,3.855701966,3.909732185,3.847041252,3.81454763
38.56,3.817097394,3.842578517,3.856329456,3.906386248,3.844451707,3.81846482
38.58,3.818274922,3.847405713,3.85070583,3.908038711,3.847185567,3.817352752
38.6,3.824039374,3.846521704,3.851030043,3.904330799,3.844498516,3.821402376
38.62,3.825238238,3.851138651,3.856429569,3.905646704,3.847155525,3.820413358
38.64,3.831010781,3.850030356,3.856248132,3.901621051,3.844400085,3.824585365
38.66,3.832198169,3.854420126,3.861159316,3.902643842,3.847007383,3.823707709
38.68,3.837946582,3.853072482,3.860499722,3.898343335,3.844208658,3.827988854
38.7,3.839090959,3.857222122,3.864950992,3.899115031,3.846789337,3.827207872
38.72,3.84478448,3.855624114,3.863842721,3.894580857,3.843968373,3.831582107
38.74,3.845855953,3.859524602,3.867864335,3.895141616,3.846541457,3.83088051
38.76,3.85146563,3.857669119,3.866338521,3.889652171,3.843715231,3.835329404
38.78,3.852436285,3.861315303,3.869962216,3.890085405,3.846291784,3.834687729
38.8,3.848236745,3.859199048,3.868047326,3.884477686,3.843469719,3.838563152
38.82,3.849268185,3.862589693,3.871302521,3.884814457,3.846061001,3.83797687
38.84,3.845105513,3.860213265,3.869032442,3.879118309,3.843249299,3.841899564
38.86,3.846164475,3.863350682,3.871953249,3.87938727,3.845859539,3.841346777
38.88,3.842010256,3.860718078,3.869362388,3.87363004,3.843063848,3.845294394
38.9,3.843069821,3.86360801,3.871983256,3.873857214,3.845696822,3.844752414
38.92,3.838898694,3.860726586,3.869106166,3.868063533,3.842919059,3.848702031
38.94,3.8399351,3.863378032,3.871461514,3.868272137,3.845574908,3.84814779
38.96,3.835724948,3.860258293,3.868332526,3.862463735,3.842813458,3.852076285
38.98,3.836717768,3.862683287,3.87045637,3.862673994,3.845488906,3.851486698
39,3.832449877,3.859338651,3.866377312,3.856869531,3.842738863,3.855371112
39.02,3.832786206,3.861552012,3.868345668,3.857094755,3.845427477,3.854723445
39.04,3.838224831,3.857991917,3.864119286,3.851306343,3.842680898,3.858538468
39.06,3.838921913,3.860004266,3.865960784,3.851560716,3.845373332,3.85780763
39.08,3.834338974,3.856250715,3.861615044,3.845800834,3.842619518,3.86153461
39.1,3.834361033,3.857436149,3.863357044,3.846095138,3.845303838,3.860702779
39.12,3.839489857,3.853540933,3.858915495,3.840372837,3.842529696,3.864318545
39.14,3.839263625,3.854597653,3.860580763,3.840714391,3.845191774,3.863363029
39.16,3.844150265,3.85058101,3.856068683,3.83503524,3.842382161,3.866848765
39.18,3.843679312,3.851529957,3.857681568,3.835427894,3.84500597,3.865751695
39.2,3.848328879,3.847413434,3.853122257,3.829794021,3.842144042,3.86909046
39.22,3.847619758,3.848276656,3.854704997,3.830238208,3.844712058,3.867835919
39.24,3.852040302,3.844082745,3.85011952,3.824648355,3.841779659,3.871012847
39.26,3.851102457,3.844883077,3.851691997,3.82514116,3.844273242,3.869587117
39.28,3.855304862,3.84063489,3.847098952,3.819590769,3.841251294,3.872589655
39.3,3.854150508,3.841395623,3.848678467,3.820126042,3.84365108,3.870981442
39.32,3.858148353,3.837116556,3.844093769,3.814607389,3.840519975,3.873799561
39.34,3.856792329,3.837861097,3.845694842,3.815175892,3.842806271,3.872000189
39.36,3.860601734,3.833574486,3.84113154,3.820927443,3.839546263,3.874626566
39.38,3.859061326,3.834326013,3.842765736,3.821299795,3.841699254,3.872630147
39.4,3.862700759,3.83005479,3.83823368,3.826856122,3.838290607,3.875060317
39.42,3.860995504,3.830835904,3.839909211,3.827025995,3.840290967,3.872863888
39.44,3.86448557,3.826602244,3.835415125,3.83237934,3.836714705,3.875096368
39.46,3.862637026,3.82743462,3.837137112,3.832337761,3.83854397,3.872699998
39.48,3.866000228,3.833898623,3.832684491,3.837477878,3.834782171,3.874736379
39.5,3.864031728,3.834599627,3.834454621,3.837213539,3.835712499,3.872143244
39.52,3.867292032,3.840950516,3.830043444,3.842128008,3.831787106,3.873984758
39.54,3.865228176,3.841546437,3.831860133,3.841623871,3.832548024,3.871197695
39.56,3.868410908,3.847809437,3.827487179,3.846295182,3.828443414,3.872852599
39.58,3.86627757,3.848324294,3.82934555,3.845536719,3.829020135,3.869881454
39.6,3.869409105,3.854522223,3.825004297,3.849949572,3.824722503,3.871361119
39.62,3.867233063,3.854977507,3.826896211,3.848920962,3.825102236,3.868218829
39.64,3.870340509,3.861130532,3.822576932,3.85305895,3.820599914,3.869537693
39.66,3.86814911,3.861544972,3.824491095,3.851743454,3.820772131,3.866240225
39.68,3.871259969,3.867670385,3.820180953,3.855589437,3.826242167,3.86741571
39.7,3.869080778,3.868059735,3.822103028,3.85396977,3.826005084,3.863981789
39.72,3.872222582,3.87417176,3.817786214,3.857506089,3.831072104,3.865033963
39.74,3.870083016,3.874548623,3.819698976,3.855564568,3.830428258,3.861485136
39.76,3.873282961,3.88065825,3.81535688,3.858773628,3.835096146,3.862436882
39.78,3.871209914,3.881031923,3.817240407,3.8564929,3.834050669,3.858797332
39.8,3.874494485,3.887146775,3.812851825,3.859357531,3.83832599,3.859674069
39.82,3.872513956,3.887523137,3.814683725,3.856720863,3.836886776,3.855970402
39.84,3.875908549,3.89364737,3.821848724,3.859224698,3.840778929,3.85679986
39.86,3.874045262,3.894028798,3.823380071,3.856216158,3.838956774,3.853060856
39.88,3.877573809,3.900162854,3.83024024,3.858343751,3.842478117,3.853872803
39.9,3.875850842,3.900547921,3.831453651,3.854948801,3.840286834,3.850129133
39.92,3.879535443,3.906688712,3.837990589,3.856686367,3.843452783,3.850955079
39.94,3.877973864,3.90707255,3.838866903,3.852892215,3.840909286,3.847238986
39.96,3.881834431,3.913213461,3.845060599,3.854227883,3.84373839,3.848111844
39.98,3.880452947,3.913587697,3.845579211,3.849262315,3.840862751,3.844456789
40,3.884506863,3.919718642,3.85140838,3.850244333,3.843372782,3.84541051
40.02,3.883321497,3.92007146,3.851543609,3.844913529,3.840184756,3.84185077
40.04,3.887583301,3.92617896,3.856982609,3.845532893,3.842401028,3.842919907
40.06,3.886607082,3.926495192,3.856712595,3.839828953,3.838927422,3.838851578
40.08,3.89108818,3.93256246,3.861739241,3.840079097,3.840878332,3.840086062
40.1,3.890327712,3.932823724,3.861041765,3.833996731,3.837145935,3.836193332
40.12,3.895032898,3.93883085,3.865633687,3.833873828,3.838859808,3.837624279
40.14,3.894494597,3.939015709,3.864486534,3.827410593,3.834901766,3.833938127
40.16,3.899428436,3.944939848,3.868621542,3.826913773,3.836413205,3.835596234
40.18,3.899115008,3.945024052,3.867002859,3.820070318,3.832265447,3.832147051
40.2,3.904278277,3.95083966,3.870659303,3.819201936,3.833611751,3.83406221
40.22,3.904188571,3.950796376,3.868547957,3.811982244,3.829312824,3.830879372
40.24,3.909578127,3.956475455,3.871705086,3.810748095,3.830533804,3.833080247
40.26,3.909707025,3.956275521,3.869081026,3.81460608,3.826124663,3.830191688
40.28,3.91531573,3.961787891,3.871719342,3.812794541,3.82726223,3.83270528
40.3,3.915654087,3.9614001,3.868563771,3.816089024,3.822785744,3.830137064
40.32,3.921470759,3.966713683,3.870665147,3.813722541,3.823883846,3.832988285
40.34,3.922005389,3.96610508,3.866961096,3.816477533,3.819384855,3.830764174
40.36,3.928014821,3.971186213,3.868509488,3.813581928,3.820489146,3.833975428
40.38,3.928728525,3.970322407,3.864242151,3.815824881,3.816014032,3.832116479
40.4,3.934911534,3.975136161,3.865223841,3.812429453,3.817171512,3.83570726
40.42,3.935783183,3.97398166,3.860380907,3.814191336,3.812767815,3.834231427
40.44,3.942116712,3.978492176,3.860784836,3.81032893,3.814026429,3.838217943
40.46,3.943121362,3.977010724,3.855356817,3.811644292,3.809742425,3.837139716
40.48,3.949578623,3.981181559,3.855174909,3.80735134,3.811150616,3.841534535
40.5,3.950687681,3.979336484,3.848425659,3.808258332,3.807034854,3.840864606
40.52,3.957238334,3.983130962,3.847724092,3.803571015,3.80864109,3.845676348
40.54,3.958419759,3.980881842,3.84044558,3.804108028,3.804741883,3.845421317
40.56,3.96503014,3.984259875,3.83922031,3.799070354,3.806594104,3.850654381
40.58,3.96624866,3.981570952,3.843193005,3.799283031,3.802958998,3.85081651
40.6,3.972881986,3.984497172,3.841215685,3.793942212,3.805104119,3.856470853
40.62,3.974099371,3.981333212,3.844445596,3.793879296,3.801779367,3.857047865
40.64,3.980716074,3.983772876,3.841729238,3.788285836,3.804262718,3.863118827
40.66,3.981891447,3.980099741,3.844230859,3.787999369,3.80129271,3.864103763
40.68,3.988449474,3.982019474,3.840791776,3.782206871,3.804157461,3.870581955
40.7,3.989539636,3.97780446,3.842583009,3.781751901,3.801584148,3.871963086
40.72,3.995994782,3.979172505,3.838441022,3.775816839,3.80413298,3.878834328
40.74,3.996954543,3.974384695,3.839543383,3.775251162,3.801989972,3.880591519
40.76,4.003260795,3.97517126,3.834722019,3.769228796,3.804988503,3.887833115
40.78,4.004043313,3.969781872,3.835160826,3.768609242,3.803307942,3.889945172
40.8,4.010153177,3.969959477,3.82968748,3.762561137,3.806786801,3.897533562
40.82,4.010710324,3.963942208,3.829491997,3.761950195,3.805597514,3.899974655
40.84,4.016575228,3.963486028,3.823398104,3.755939646,3.80958382,3.907881715
40.86,4.016857985,3.956817394,3.822601737,3.755401327,3.808910892,3.910621526
40.88,4.02242866,3.9557056,3.815922941,3.7494929,3.813427807,3.908918885
40.9,4.022387486,3.948365278,3.814563372,3.749092251,3.813292152,3.912112328
40.92,4.027614499,3.946579372,3.807339643,3.742557094,3.818358615,3.910837987
40.94,4.027199924,3.938550536,3.805458942,3.742371344,3.818772692,3.914439757
40.96,4.03203385,3.936075694,3.797730623,3.7360729,3.824398983,3.913546357
40.98,4.031196517,3.93835551,3.795371861,3.736159295,3.825374277,3.917507232
41,4.03558832,3.934970326,3.78718825,3.73015481,3.831569405,3.916943665
41.02,4.034279275,3.936344132,3.784402762,3.730570372,3.833112195,3.921210842
41.04,4.038180435,3.932052218,3.775817565,3.72491664,3.829385168,3.920922591
41.06,4.036351705,3.932525519,3.772661172,3.725717643,3.831701545,3.925440173
41.08,4.03971496,3.927334684,3.763732454,3.720470574,3.828737945,3.925369908
41.1,4.037319909,3.926917322,3.760265308,3.721712181,3.831817228,3.930079098
41.12,4.040099522,3.92083985,3.76295011,3.716926036,3.82960371,3.930166702
41.14,4.03709321,3.91954628,3.759011513,3.718661151,3.833429597,3.935006197
41.16,4.039245323,3.912598989,3.761269348,3.714387626,3.831947128,3.935189262
41.18,4.035584863,3.910448282,3.75693617,3.71666654,3.836497598,3.940095662
41.2,4.03706785,3.901999585,3.758845407,3.712954487,3.835721399,3.940309911
41.22,4.03271275,3.899090122,3.754194095,3.715824211,3.840968688,3.94521815
41.24,4.03348414,3.889887144,3.755832463,3.712718872,3.840868253,3.945397861
41.26,4.028393809,3.886243032,3.750945359,3.716222458,3.846778915,3.950241624
41.28,4.028418294,3.87631221,3.752396278,3.713764816,3.847318105,3.950320041
41.3,4.022558897,3.871962549,3.74735768,3.717940752,3.853853151,3.955032205
41.32,4.021804449,3.872419466,3.748706291,3.716166931,3.854990369,3.954942013
41.34,4.01514559,3.867185801,3.743601839,3.721048543,3.862105474,3.9594551
41.36,4.013583615,3.866785307,3.744934269,3.719989219,3.86379391,3.959128855
41.38,4.006098443,3.86071709,3.739850608,3.725604113,3.87143969,3.963375465
41.4,4.003704352,3.85951091,3.740483508,3.72528399,3.873627624,3.962746023
41.42,3.995370259,3.852662462,3.735513734,3.731649552,3.881749976,3.966659256
41.44,3.992123779,3.85070354,3.736301869,3.732083031,3.884381127,3.96566019
41.46,3.99322898,3.843130593,3.73152281,3.739213782,3.892921575,3.969174054
41.48,3.988917871,3.840481193,3.732542945,3.740412072,3.895935509,3.967739906
41.5,3.988960207,3.832248551,3.728031049,3.748315561,3.90483168,3.970789519
41.52,3.983583805,3.828975956,3.729359302,3.75028277,3.908164283,3.968856392
41.54,3.982564848,3.820153528,3.725190027,3.758959351,3.917350368,3.971378689
41.56,3.976127394,3.816330055,3.726901202,3.761692316,3.921669834,3.978901299
41.58,3.974053766,3.806992765,3.723148316,3.771135023,3.931056986,3.980649258
41.6,3.965973152,3.802695739,3.725315178,3.774626703,3.935533265,3.987377086
41.62,3.962936794,3.792920388,3.722050027,3.784825025,3.934409709,3.988297823
41.64,3.953893043,3.788229358,3.724742552,3.78905778,3.938438458,3.994179835
41.66,3.949907295,3.778101025,3.722033294,3.788213337,3.948218229,3.994223567
41.68,3.939916164,3.773103283,3.725317893,3.793385728,3.952993115,3.999211646
41.7,3.934999579,3.76271154,3.72322891,3.793458463,3.952074031,3.998339111
41.72,3.934443174,3.757498759,3.727167898,3.799535731,3.956237681,4.002395764
41.74,3.928421612,3.757421141,3.725758783,3.800487729,3.966081075,4.000563417
41.76,3.926781612,3.751904102,3.730405762,3.807421683,3.970823126,4.00364702
41.78,3.919691136,3.751572198,3.729726667,3.809200583,3.969775388,4.00082247
41.8,3.917006704,3.745846039,3.735132381,3.81694267,3.974457165,4.002902639
41.82,3.908893232,3.745356045,3.735230616,3.819497076,3.973297928,3.999053278
41.84,3.905212938,3.739517978,3.729372383,3.827989375,3.977827451,4.000099524
41.86,3.896128058,3.73896798,3.730525,3.831258302,3.976465111,3.995196808
41.88,3.891506242,3.733117026,3.725729374,3.840437139,3.980038556,3.995182946
41.9,3.881507417,3.732606744,3.727963921,3.844353914,3.989145386,3.989199358
41.92,3.876004409,3.726842957,3.72425486,3.854146653,3.992954646,3.988100585
41.94,3.865155178,3.726472751,3.727591101,3.85863564,3.9907791,3.981021034
41.96,3.858837475,3.720896565,3.724984454,3.868971401,3.994180158,3.978824812
41.98,3.857615504,3.720766833,3.729433747,3.873959949,3.991548015,3.970635065
42,3.850360021,3.71547814,3.72793675,3.884760536,3.993749511,3.967329713
42.02,3.848249853,3.715688284,3.733501665,3.890168417,4.001385533,3.968141085
42.04,3.840144817,3.710785779,3.733112567,3.901348531,4.003588566,3.963524498
42.06,3.836629664,3.711433652,3.739786534,3.907088511,4.010413932,3.96303529
42.08,3.827820966,3.707010707,3.74049432,3.918566604,4.011768194,3.957118384
42.1,3.823647445,3.708188494,3.748261408,3.924556164,4.017715586,3.955338638
42.12,3.814223473,3.704338402,3.750045682,3.936244981,4.018155942,3.948138035
42.14,3.809482451,3.706137527,3.758880652,3.94239594,4.023162065,3.945087118
42.16,3.799536756,3.702949323,3.761711745,3.943115786,4.022627532,3.936625454
42.18,3.794324279,3.705456453,3.771580165,3.949537403,4.026637379,3.9323289
42.2,3.783955526,3.703013875,3.775423304,3.950468231,4.025075158,3.922635155
42.22,3.778372702,3.706309869,3.786286306,3.957049807,4.02803324,3.917125023
42.24,3.767684509,3.704690334,3.791094489,3.958080688,4.025390383,3.916397798
42.26,3.761837301,3.697579209,3.802900666,3.964711249,4.02724592,3.909522914
42.28,3.75093782,3.697073193,3.808618701,3.965731344,4.023474162,3.907464311
42.3,3.744936697,3.69109918,3.821308858,3.97230036,4.024181153,3.899280716
42.32,3.733938719,3.691055472,3.827873752,3.973199664,4.019237442,3.895319609
42.34,3.727898348,3.697518336,3.829172405,3.979597759,4.0187553,3.885976398
42.36,3.716911452,3.699137661,3.836745245,3.980267976,4.01190134,3.880886429
42.38,3.7109435,3.695325957,3.839009928,3.986387832,4.010307616,3.87044054
42.4,3.710580748,3.697495472,3.84751097,3.985948072,4.013130658,3.864282298
42.42,3.704610311,3.694907926,3.850651607,3.991754848,4.010186423,3.852801222
42.44,3.704311517,3.698317267,3.859984229,3.991718194,4.011655866,3.845645219
42.46,3.698463589,3.696976069,3.863904314,3.997040321,4.007354387,3.843411127
42.48,3.697716218,3.701642849,3.873977311,3.995700331,4.00746478,3.835142845
42.5,3.692112761,3.70155714,3.878583487,4.000526146,4.001795219,3.831845839
42.52,3.691669969,3.707485716,3.889293762,3.998640665,4.000538932,3.822556365
42.54,3.686425611,3.708657344,3.894480648,4.00288473,3.993500863,3.818294186
42.56,3.686401277,3.715844586,3.905725228,4.0131047,3.990879915,3.808084187
42.58,3.68162875,3.718264915,3.911388357,4.016361153,3.982482036,3.802960774
42.6,3.682134388,3.726697148,3.92306515,4.025560796,3.978506763,3.791937195
42.62,3.677943496,3.730346995,3.929101455,4.027755747,3.979609791,3.786062804
42.64,3.679087152,3.740000028,3.941102678,4.035864052,3.974088881,3.774338755
42.66,3.675583634,3.744849791,3.947403671,4.036928718,3.973667238,3.767829701
42.68,3.677468721,3.755689089,3.959620411,4.043879774,3.966630718,3.75552462
42.7,3.674753063,3.761698973,3.966076889,4.043750847,3.964717714,3.747850003
42.72,3.666921832,3.762306788,3.979163229,4.049484384,3.956201723,3.74540206
42.74,3.665291303,3.769651506,3.985635714,4.048107807,3.952833594,3.737179646
42.76,3.658581391,3.772273246,3.998681523,4.052572489,3.942877988,3.734253284
42.78,3.658118224,3.780934969,4.005052265,4.049895028,3.938101836,3.725609841
42.8,3.652611538,3.78482972,4.017940765,4.053040796,3.926756971,3.722333926
42.82,3.653393528,3.794727564,4.024089952,4.049015111,3.920626918,3.713400213
42.84,3.649160092,3.799809278,4.036702584,4.050797898,3.907950257,3.709907396
42.86,3.651252128,3.810852681,4.042512891,4.045382703,3.900527727,3.700817722
42.88,3.64835184,3.817026129,4.054733919,4.045022364,3.89750107,3.697243892
42.9,3.651808072,3.829115857,4.060091123,4.038316195,3.888643532,3.688135363
42.92,3.650289531,3.836277725,4.071804165,4.036651992,3.884227237,3.684618727
42.94,3.655152272,3.84930701,4.076594278,4.040703596,3.874023621,3.675630642
42.96,3.655051761,3.857347057,4.087691741,4.038227477,3.86830974,3.672311237
42.98,3.661350577,3.859774524,4.091809039,4.028496319,3.856859906,3.663584202
43,3.662691255,3.868799752,4.102191797,4.023801044,3.849951314,3.660602849
43.02,3.670442455,3.872144584,4.105539013,4.024826505,3.83735423,3.652277735
43.04,3.673234063,3.882027715,4.115104052,4.018555432,3.82935411,3.649774853
43.06,3.682440101,3.886160579,4.117580875,4.018013912,3.8149904,3.641991477
43.08,3.686678295,3.896770238,4.126234833,4.010171135,3.806101757,3.640101831
43.1,3.697327568,3.901558246,4.127750469,4.008066253,3.801855501,3.632993751
43.12,3.702993923,3.91276015,4.135405452,3.998659026,3.791974943,3.631852293
43.14,3.70440488,3.918068098,4.135874535,3.995005318,3.786799156,3.625552227
43.16,3.711673642,3.929726456,4.14244817,3.984050932,3.776050539,3.624593176
43.18,3.714660069,3.935418243,4.141790963,3.978869287,3.770072127,3.619188235
43.2,3.723478956,3.94739665,4.147206621,3.966391616,3.758582285,3.619182041
43.22,3.727981123,3.953335952,4.145349195,3.95970959,3.751931683,3.614781061
43.24,3.738287526,3.965498379,4.14953614,3.957903349,3.739837879,3.615833256
43.26,3.744236249,3.971549728,4.146410525,3.949523775,3.732655125,3.612537682
43.28,3.755955115,3.983761502,4.149303875,3.946048583,3.720100468,3.61474571
43.3,3.763269254,3.989791195,4.144847968,3.936026448,3.712531651,3.612648135
43.32,3.776314072,4.00191984,4.146389102,3.930940393,3.699665203,3.616099877
43.34,3.784901614,4.007796736,4.140547203,3.919337705,3.691862101,3.615282603
43.36,3.788475242,4.019712716,4.140683876,3.912706122,3.678838348,3.620054969
43.38,3.798444671,4.025309095,4.133406724,3.899592358,3.670957913,3.620588833
43.4,3.803339636,4.036886709,4.132093218,3.89148829,3.668953249,3.616329621
43.42,3.814576036,4.042078661,4.123338149,3.889142557,3.660948313,3.618477914
43.44,3.820673687,4.053196197,4.120535441,3.87941946,3.658142279,3.615850253
43.46,3.833054599,4.057864118,4.122766813,3.875512935,3.650185747,3.619650576
43.48,3.840229136,4.068404403,4.118204986,3.864269048,3.647505911,3.618685074
43.5,3.853625556,4.072433242,4.118674099,3.85890451,3.639750059,3.624163806
43.52,3.86174538,4.082283771,4.112342132,3.846250959,3.63734903,3.624879577
43.54,3.876023254,4.085563598,4.111041046,3.839543882,3.629946396,3.632047809
43.56,3.884952408,4.094617243,4.102934851,3.825599993,3.62797653,3.634448415
43.58,3.899974042,4.097043519,4.099862675,3.817674231,3.621078729,3.643301514
43.6,3.90957358,4.105198674,4.089985329,3.802567912,3.619690809,3.647374679
43.62,3.925198981,4.107322749,4.085148457,3.792763337,3.613447123,3.657892172
43.64,3.93532828,4.114385955,4.073513819,3.788988705,3.612784952,3.663609841
43.66,3.940645672,4.115363742,4.066924688,3.778083171,3.607336167,3.675755614
43.68,3.951373981,4.121237056,4.066094139,3.773284938,3.607541946,3.683074457
43.7,3.957211688,4.120974549,4.057541616,3.761417784,3.603026978,3.686309256
43.72,3.968390611,4.12556703,4.054776812,3.755738883,3.604236279,3.695375308
43.74,3.974600549,4.123977113,4.044305741,3.743056482,3.600786588,3.700317163
43.76,3.986082577,4.127205235,4.038928619,3.736646972,3.603126742,3.711055883
43.78,3.992517807,4.124208357,4.026738869,3.723299271,3.600864372,3.717623121
43.8,4.004770828,4.125992386,4.019668889,3.716312755,3.593354011,3.729946553
43.82,4.011255804,4.121516532,4.005811058,3.70246054,3.592608358,3.738048033
43.84,4.023484406,4.121791784,3.997102153,3.695061346,3.586657852,3.75185953
43.86,4.029863749,4.126783055,3.994228568,3.680872065,3.587524712,3.761389951
43.88,4.041914781,4.125398164,3.983703698,3.673230475,3.583223563,3.766055452
43.9,4.048034237,4.129348524,3.979063714,3.658877154,3.585784943,3.777106727
43.92,4.059756296,4.126135296,3.966810473,3.651169056,3.583208134,3.783225702
43.94,4.065474176,4.127611481,3.960495379,3.636830113,3.587530787,3.795669062
43.96,4.076728285,4.122671963,3.946601857,3.629236252,3.586737047,3.80310873
43.98,4.081901618,4.122411698,3.938704557,3.615094477,3.592870671,3.816807382
44,4.092548211,4.115721354,3.92327131,3.606955638,3.593901144,3.825427675
44.02,4.097044238,4.113702985,3.913896986,3.605560278,3.601872736,3.840238345
44.04,4.106954015,4.105243705,3.897029221,3.597643867,3.604744959,3.850573901
44.06,4.110646702,4.101452113,3.886288204,3.596564017,3.614565826,3.866373107
44.08,4.119700622,4.102908153,3.868105574,3.589040448,3.619285302,3.877607912
44.1,4.122473613,4.097115964,3.85612253,3.588445821,3.630951543,3.883654403
44.12,4.13055506,4.096583381,3.84942359,3.581483987,3.637501994,3.895825616
44.14,4.132295219,4.088802657,3.836092048,3.581541766,3.63980224,3.902716658
44.16,4.139294945,4.08629694,3.828123209,3.575307123,3.648366297,3.915648043
44.18,4.139896324,4.076546174,3.812832822,3.576180585,3.652650175,3.923207206
44.2,4.145712141,4.072089728,3.803847722,3.570830195,3.663173144,3.936722167
44.22,4.145075978,4.060390864,3.787604428,3.572672323,3.669376413,3.944773303
44.24,4.149612928,4.054010296,3.777750439,3.568359315,3.681785581,3.958696399
44.26,4.147647684,4.040398103,3.76070561,3.571318615,3.689826566,3.967065187
44.28,4.150818043,4.032132307,3.750138561,3.568186889,3.704032398,3.981223488
44.3,4.147439447,4.028404052,3.732452174,3.572401589,3.713813351,3.989738703
44.32,4.149162811,4.018077298,3.721336358,3.570583778,3.718487371,4.003962971
44.34,4.14429375,4.012323328,3.715905935,3.563719072,3.730118132,4.012457757
44.36,4.144496841,4.000004179,3.704169231,3.563575788,3.736575667,4.026583727
44.38,4.149014153,3.992296438,3.69821394,3.558435904,3.749928293,4.034896294
44.4,4.147423192,3.978061107,3.686046631,3.560070243,3.758035427,4.048764912
44.42,4.15012607,3.968479833,3.679759485,3.556749996,3.772970035,4.056739062
44.44,4.146695504,3.952413494,3.66735745,3.560248955,3.782581956,4.070197446
44.46,4.14754176,3.941048142,3.660936881,3.558826053,3.798948823,4.077683478
44.48,4.14223334,3.935037398,3.648500961,3.564258618,3.809911863,4.090585421
44.5,4.141188076,3.921768166,3.642149749,3.564791917,3.82755348,4.097440499
44.52,4.133970677,3.913921653,3.629884425,3.572207495,3.839707175,4.109646851
44.54,4.131006111,3.898871014,3.623808694,3.574735633,3.847179264,4.116367904
44.56,4.132837833,3.888649054,3.611093247,3.584162891,3.860576514,4.127663654
44.58,4.127731777,3.87206497,3.605480835,3.5886991,3.869203236,4.133399887
44.6,4.127423552,3.860367379,3.593311685,3.587621383,3.883672988,4.143648659
44.62,4.120172718,3.854198603,3.588345776,3.594409552,3.893278877,4.14826854
44.64,4.117729288,3.840934501,3.576905985,3.595567689,3.908644863,4.157343108
44.66,4.108341613,3.833282295,3.572768761,3.604580605,3.91905277,4.160724178
44.68,4.103774961,3.818603819,3.562239449,3.607937074,3.935137724,4.168506392
44.7,4.092266115,3.809625082,3.55911002,3.619126052,3.946170443,4.170535261
44.72,4.085596178,3.793693501,3.549668186,3.624622131,3.962797768,4.176916001
44.74,4.071989812,3.783554497,3.547720333,3.637917741,3.974279527,4.177488283
44.76,4.063244697,3.766540701,3.539536474,3.645474482,3.991274701,4.182367369
44.78,4.058610549,3.755417511,3.538936173,3.660787782,4.003032471,4.181387583
44.8,4.047618992,3.737502267,3.532171727,3.670307458,4.009628628,4.184673516
44.82,4.040768492,3.725580909,3.533074538,3.687531648,4.021682259,4.182058694
44.84,4.027589459,3.706955327,3.527879237,3.698903368,4.028471667,4.183671718
44.86,4.018585566,3.693725869,3.530427644,3.705325594,4.040627882,4.179342203
44.88,4.003286932,3.686539665,3.526933281,3.718665931,4.047420389,4.17920663
44.9,3.992198291,3.672719423,3.531249883,3.726979962,4.059492212,4.183842139
44.92,3.985324743,3.665049863,3.529574016,3.74214438,4.066104096,4.18169029
44.94,3.972162783,3.650835567,3.535766522,3.752198974,4.077911109,4.184287984
44.96,3.963262997,3.642882895,3.536007334,3.769030835,4.084165668,4.180071677
44.98,3.948121491,3.628481315,3.544163035,3.780663871,4.095535045,4.180591706
45,3.93729324,3.620455409,3.546397404,3.798996781,4.101263556,4.174274935
45.02,3.931361818,3.60607925,3.54367112,3.812037626,4.112030606,4.172685786
45.04,3.918505531,3.598195193,3.548204778,3.819059836,4.117072749,4.164240694
45.06,3.910617139,3.58406198,3.547791641,3.833581468,4.127081528,4.160518967
45.08,3.895862087,3.576539327,3.554655991,3.841987192,4.131285986,4.149926149
45.1,3.886151055,3.562870014,3.556574815,3.85780273,4.14038928,4.144057025
45.12,3.869636192,3.555930606,3.565776864,3.867403313,4.143613459,4.142112426
45.14,3.858246934,3.542947621,3.570021689,3.884322456,4.151672932,4.133886201
45.16,3.840121587,3.536061753,3.581543624,3.894926815,4.153783013,4.129593557
45.18,3.827209252,3.523944565,3.588079654,3.912757876,4.16066906,4.118418286
45.2,3.80763052,3.518024316,3.601874706,3.925002539,4.16154024,4.111958545
45.22,3.792729744,3.506968868,3.610645953,3.943563157,4.167133154,4.098619187
45.24,3.783102879,3.5022055,3.61368734,3.956422606,4.166650299,4.090011823
45.26,3.766883818,3.492399612,3.624027759,3.962801073,4.170838007,4.085372094
45.28,3.756036274,3.488981115,3.629306933,3.976306371,4.180326174,4.07444372
45.3,3.738680374,3.480604329,3.642692304,3.983218334,4.182790997,4.067509894
45.32,3.72679887,3.478705522,3.650239868,3.997158611,4.19051977,4.054313277
45.34,3.708497954,3.471934576,3.665835633,4.004395357,4.191180362,4.04514175
45.36,3.695779806,3.471726343,3.675522877,4.018560473,4.197073032,4.040596658
45.38,3.67673643,3.46672097,3.693190957,4.025915074,4.195856591,4.029050082
45.4,3.66338965,3.468355615,3.704871798,4.040101604,4.199844699,4.022179441
45.42,3.655007187,3.465259041,3.724458075,4.047374371,4.196686542,4.00834426
45.44,3.641036545,3.468870706,3.737971697,4.061386671,4.198709948,3.999238942
45.46,3.632148653,3.467806384,3.746281368,4.068386101,4.193553677,3.98321002
45.48,3.617127373,3.473508352,3.761708563,4.082037359,4.193560363,3.971970032
45.5,3.607998618,3.474574318,3.771833322,4.088581143,4.186357631,3.953848638
45.52,3.592838924,3.482453013,3.78898816,4.101693675,4.184303592,3.940581294
45.54,3.583692006,3.485725505,3.800737237,4.107608703,4.186516136,3.931387867
45.56,3.568619791,3.483785331,3.81942545,4.120014345,4.182147389,3.916009583
45.58,3.559683347,3.489554938,3.832601412,4.125136988,4.182039831,3.904777376
45.6,3.544930008,3.490122469,3.852623459,4.136677118,4.175342203,3.886794645
45.62,3.536437741,3.49763605,3.867024655,4.140853614,4.172903884,3.873803272
45.64,3.522235427,3.500586188,3.875101206,4.151379613,4.163867667,3.854122731
45.66,3.514416322,3.510484326,3.890777485,4.154466258,4.159093446,3.839514929
45.68,3.500997911,3.515805203,3.900019504,4.163839621,4.147721806,3.829221639
45.7,3.493396833,3.528840306,3.916760086,4.165702425,4.140618314,3.812943754
45.72,3.492212442,3.536630471,3.926960885,4.173794252,4.13846058,3.801064492
45.74,3.485476215,3.552106718,3.944559925,4.174308896,4.128828212,3.783290353
45.76,3.485268606,3.562296877,3.955510971,4.180999742,4.124166691,3.770008168
45.78,3.479606353,3.568016622,3.97376132,4.1800512,4.112042807,3.750927111
45.8,3.469298568,3.580750182,3.986041718,4.185231101,4.104919297,3.736437002
45.82,3.465129834,3.588951714,4.004727094,4.182717346,4.090349321,3.727214469
45.84,3.456409178,3.604116319,4.017323197,4.186288489,4.08081393,3.711519125
45.86,3.453922413,3.614676432,4.036221769,4.194987764,4.07542849,3.700539078
45.88,3.446970787,3.632135283,4.048915769,4.19661101,4.063321846,3.683931634
45.9,3.446338037,3.6449069,4.067813753,4.203330721,4.05540317,3.672145142
45.92,3.441318543,3.652356018,4.080396365,4.202936289,4.040805173,3.654839172
45.94,3.442697674,3.667416299,4.085934934,4.207610621,4.030441588,3.642464817
45.96,3.439758274,3.677061411,4.098461391,4.205137443,4.013445757,3.624684213
45.98,3.443287388,3.694229192,4.103837035,4.207709095,4.000735126,3.611950907
46,3.442554434,3.705882668,4.116106043,4.203104193,3.993049156,3.604931301
46.02,3.448348465,3.72496382,4.121122162,4.203523748,3.977885708,3.591869486
46.04,3.449923643,3.738426512,4.132942104,4.196741881,3.967106346,3.584655224
46.06,3.45807153,3.759217134,4.137412006,4.194967563,3.949791721,3.571514937
46.08,3.462029682,3.77428165,4.148601418,4.198894377,3.936922021,3.564358714
46.1,3.461249291,3.796571209,4.152348695,4.195395844,3.929208307,3.551398778
46.12,3.467863388,3.813025189,4.162736341,4.196643618,3.914163904,3.543845025
46.14,3.469747414,3.824390202,4.165598454,4.190460215,3.904358795,3.531304914
46.16,3.479032503,3.842256226,4.175027146,4.189026829,3.887287471,3.524290232
46.18,3.483581241,3.854916506,4.176847534,4.179413963,3.87554502,3.51240646
46.2,3.49552521,3.873973875,4.185165932,4.175524461,3.8566067,3.506167722
46.22,3.502711981,3.887708597,4.185794597,4.163452132,3.843093413,3.495176552
46.24,3.517272912,3.908445646,4.192858562,4.157118251,3.822464561,3.489949158
46.26,3.527041738,3.923056112,4.205416145,4.142601476,3.807363356,3.48008393
46.28,3.532763033,3.944551239,4.210845608,4.133842414,3.796908752,3.476098924
46.3,3.54525853,3.95979773,4.221720095,4.129891855,3.78019403,3.467587001
46.32,3.553650365,3.981814374,4.225409522,4.118489555,3.768234467,3.465067839
46.34,3.568765347,3.997463884,4.234499834,4.111922544,3.75012646,3.458127117
46.36,3.579707377,4.007506617,4.236353282,4.097929056,3.736888162,3.457285969
46.38,3.597309951,4.02356931,4.24428887,4.08880113,3.716848137,3.452121127
46.4,3.610658771,4.033905317,4.244046479,4.07228032,3.702656536,3.45315113
46.42,3.619174819,4.050159633,4.249848339,4.060654151,3.681761953,3.449945023
46.44,3.634994832,4.060571918,4.247424908,4.054690618,3.666837721,3.453023241
46.46,3.645889902,4.076801495,4.25101373,4.040399244,3.65703278,3.451941581
46.48,3.66399941,4.087078343,4.246334667,4.031828574,3.641383823,3.446119804
46.5,3.677084127,4.103076315,4.247641485,4.014971536,3.630979673,3.446760682
46.52,3.697286524,4.113015995,4.240642746,4.003898496,3.614859569,3.443346245
46.54,3.712354725,4.128585747,4.238898593,3.984585159,3.604111057,3.446448061
46.56,3.734437579,4.137997025,4.243063099,3.971121247,3.587779204,3.445535211
46.58,3.751276135,4.153614542,4.239589333,3.962532599,3.576953973,3.451180085
46.6,3.763554551,4.162229623,4.241105377,3.946564033,3.5606818,3.452837147
46.62,3.782171546,4.176964171,4.234968493,3.935546709,3.550054853,3.461080457
46.64,3.796109475,4.184600146,4.233816178,3.917227702,3.533298605,3.465348319
46.66,3.816278745,4.198271337,4.225001669,3.903941293,3.523133238,3.476213051
46.68,3.831648326,4.204754129,4.221170621,3.882639812,3.506954661,3.483098588
46.7,3.853798806,4.217194564,4.208959427,3.867428201,3.49749829,3.485432119
46.72,3.870413799,4.222366127,4.202664686,3.85736464,3.48214638,3.495144219
46.74,3.882186755,4.233420011,4.20136567,3.840136899,3.473652058,3.500281454
46.76,3.900018507,4.237127599,4.192359958,3.828149928,3.459379937,3.5127759
46.78,3.912874869,4.246652748,4.188366969,3.809094081,3.452099597,3.520658913
46.8,3.931670364,4.248759801,4.176681025,3.795377259,3.439157686,3.53586322
46.82,3.945359299,4.256625982,4.170027921,3.77469348,3.433338705,3.546406387
46.84,3.964870641,4.257007854,4.155699841,3.75945298,3.421971052,3.56422138
46.86,3.979147548,4.263096434,4.146428003,3.750483386,3.417852366,3.577313415
46.88,3.999133988,4.261639844,4.142918045,3.733694888,3.408292327,3.586420305
46.9,4.013762317,4.265843345,4.130828007,3.723308718,3.405241005,3.602148106
46.92,4.033992063,4.26244575,4.124545256,3.70521801,3.39757897,3.613805626
46.94,4.048745017,4.26466719,4.109712004,3.69366328,3.396519608,3.63275138
46.96,4.068996211,4.271661435,4.100736029,3.674525192,3.390934477,3.646920491
46.98,4.083660936,4.271578877,4.083242682,3.661220229,3.39204096,3.657062371
47,4.092786539,4.27624186,4.071661515,3.641372673,3.38869262,3.6737586
47.02,4.10732931,4.273797735,4.051596339,3.627479676,3.392111405,3.686316004
47.04,4.116213072,4.276075194,4.03750468,3.607169425,3.39113751,3.705322721
47.06,4.130408472,4.271216347,4.028442177,3.592940807,3.396994343,3.720068899
47.08,4.138831275,4.27105921,4.011697377,3.585613519,3.398506817,3.741153707
47.1,4.152466403,4.263741226,4.000050455,3.571063463,3.406900149,3.757850989
47.12,4.160221842,4.26110902,3.980790742,3.563563803,3.410982169,3.769524969
47.14,4.173096619,4.263760672,3.96670243,3.548972982,3.410106607,3.788151602
47.16,4.179991398,4.258390124,3.945077183,3.541584736,3.417050624,3.801626545
47.18,4.191918744,4.25830597,3.928702381,3.527239891,3.419048343,3.821930668
47.2,4.197772212,4.250190358,3.917616802,3.52025205,3.428879033,3.836953483
47.22,4.208577826,4.247368147,3.899046876,3.506439732,3.433759281,3.858681308
47.24,4.213222219,4.236504887,3.885850242,3.500139084,3.446469038,3.874998641
47.26,4.222744441,4.230947512,3.865256009,3.487150358,3.454208635,3.897897699
47.28,4.226024493,4.217348449,3.850124579,3.480915437,3.469757634,3.91525887
47.3,4.234113967,4.209072322,3.827689075,3.4689606,3.480297098,3.939080721
47.32,4.247510337,4.205273229,3.810807815,3.463886385,3.486685852,3.957919493
47.34,4.253810925,4.194067804,3.800260767,3.453214369,3.500174145,3.971128454
47.36,4.265368659,4.187365508,3.78158279,3.449547114,3.509455849,3.990741473
47.38,4.270356168,4.173280428,3.76936429,3.4403998,3.525784385,4.004589433
47.4,4.279824575,4.163730979,3.749122554,3.438376934,3.537833729,4.024717367
47.42,4.282663499,4.14682657,3.735472623,3.43098532,3.556864764,4.038949725
47.44,4.289936579,4.134490409,3.713913728,3.430831383,3.571531359,4.059340218
47.46,4.290527457,4.127378876,3.699086447,3.425411388,3.581148723,4.073710164
47.48,4.295511365,4.112094922,3.676471316,3.427333767,3.59850113,4.0941225
47.5,4.293766349,4.10209167,3.659912964,3.424082169,3.610708056,4.10839543
47.52,4.296378521,4.08395693,3.650181895,3.414958554,3.630555752,4.128601243
47.54,4.292221121,4.070512586,3.632783136,3.414309719,3.645993347,4.142555096
47.56,4.292390149,4.062397723,3.622352291,3.407858816,3.668263609,4.162343119
47.58,4.285751182,4.046215566,3.604379658,3.409964541,3.685993068,4.17641851
47.6,4.283413796,4.035432653,3.593524222,3.406324911,3.698447976,4.184137344
47.62,4.285933689,4.016636517,3.57525814,3.411304295,3.718458193,4.197623342
47.64,4.28082681,4.003314498,3.564263678,3.41057976,3.733060939,4.204639489
47.66,4.28056982,3.982037937,3.545994452,3.418518999,3.755089426,4.217321481
47.68,4.272668513,3.966316364,3.535155753,3.420778832,3.771574355,4.223427409
47.7,4.269614796,3.955319087,3.517182261,3.4317283,3.795352854,4.235105127
47.72,4.258903427,3.93711187,3.506801526,3.437005145,3.813450614,4.2401075
47.74,4.253042173,3.923717332,3.489428985,3.450978035,3.838709212,4.250594826
47.76,4.251242919,3.903203728,3.478934348,3.459267059,3.858150568,4.254314326
47.78,4.24235286,3.887596883,3.46241771,3.462851834,3.872579419,4.263438882
47.8,4.23753801,3.864964512,3.452915829,3.474370192,3.893332133,4.265709892
47.82,4.225067723,3.847340958,3.437528185,3.481144621,3.908931439,4.27331318
47.84,4.217457718,3.834750623,3.429292484,3.49581798,3.930729171,4.273980545
47.86,4.202198609,3.815220281,3.415301928,3.505689262,3.94723537,4.27991469
47.88,4.191819941,3.800829924,3.408598656,3.523408576,3.970594227,4.290290213
47.9,4.185566831,3.779609221,3.396270823,3.536250701,3.987757957,4.294210078
47.92,4.172238215,3.763641336,3.391361669,3.543459851,4.011636208,4.302520548
47.94,4.163067848,3.740960051,3.380952048,3.559392403,4.029180189,4.304318705
47.96,4.146853199,3.723651434,3.378086435,3.569601997,4.04122047,4.31046236
47.98,4.134833003,3.712430535,3.369835842,3.58844604,4.059111214,4.310043296
48,4.127588911,3.693796608,3.36924546,3.601465267,4.071359757,4.313929871
48.02,4.112576574,3.68139758,3.363373978,3.623017992,4.089336984,4.311208764
48.04,4.102397588,3.661716799,3.365267632,3.638634075,4.101540108,4.312758289
48.06,4.084493709,3.648425335,3.361969918,3.662673016,4.119356886,4.307660782
48.08,4.071485431,3.627990169,3.366528437,3.680655871,4.131274706,4.306803557
48.1,4.050799943,3.613360391,3.365968741,3.693468422,4.148698176,4.310760882
48.12,4.035077853,3.592514044,3.373336523,3.713839914,4.160105392,4.307222878
48.14,4.023549953,3.577612911,3.374705612,3.728907455,4.176917302,4.308486656
48.16,4.005016314,3.556638863,3.384788713,3.751409602,4.187602884,4.302232173
48.18,3.990753887,3.541751606,3.388905507,3.768468994,4.203599369,4.300771464
48.2,3.968959412,3.533673536,3.38799491,3.792840589,4.213366835,4.291773667
48.22,3.952289941,3.518856498,3.395183911,3.811629036,4.229080543,4.287563211
48.24,3.940000619,3.511014256,3.397355309,3.824094369,4.237627344,4.275805263
48.26,3.920853258,3.496582122,3.40763855,3.844621001,4.252028283,4.268835685
48.28,3.906174503,3.489291805,3.412896043,3.859549021,4.25916651,4.265852034
48.3,3.884728616,3.475561907,3.426261157,3.881607483,4.272079559,4.255900803
48.32,3.867845453,3.468354776,3.434578569,3.897908488,4.277640395,4.24994586
48.34,3.85615968,3.455578737,3.450979881,3.921199908,4.288899544,4.237031558
48.36,3.837047082,3.449467726,3.462289758,3.938578039,4.292724274,4.228127281
48.38,3.823253261,3.437925515,3.467824242,3.962810579,4.302178435,4.223842032
48.4,3.8021395,3.433188572,3.482310701,3.980978744,4.304122796,4.211805167
48.42,3.7864731,3.423154561,3.491880968,3.99231145,4.311634832,4.2044213
48.44,3.76360058,3.420062077,3.509623573,4.011263417,4.311568315,4.189306625
48.46,3.745664456,3.411805112,3.522358285,4.023237213,4.317014891,4.178883589
48.48,3.733293684,3.410616686,3.543183109,4.042698361,4.314820107,4.160751185
48.5,3.713853073,3.404383271,3.558892496,4.055044226,4.31809043,4.147354789
48.52,3.700116643,3.392526408,3.568736006,4.074751407,4.313662259,4.137882709
48.54,3.679434316,3.388801915,3.587483011,4.087212657,4.314657483,4.121375875
48.56,3.664602533,3.379553928,3.600245458,4.106915821,4.320144008,4.108845713
48.58,3.642955992,3.37854729,3.621793933,4.119248889,4.318545194,4.089333836
48.6,3.627314071,3.372104373,3.637229711,4.138711206,4.321409964,4.073855422
48.62,3.604995969,3.373996475,3.661324969,4.151485013,4.317156588,4.063078805
48.64,3.58816555,3.370524261,3.679172548,4.17039534,4.317347466,4.044559876
48.66,3.577466594,3.374627073,3.705550917,4.182489424,4.310391717,4.030185334
48.68,3.560220366,3.374063439,3.725538542,4.200611968,4.307860012,4.008959487
48.7,3.549256881,3.381125738,3.740001545,4.211799431,4.310427537,3.991947529
48.72,3.531889617,3.383554102,3.762123615,4.228915875,4.304905075,3.979805985
48.74,3.520968172,3.393642854,3.778571046,4.23898707,4.304482258,3.960088388
48.76,3.503790523,3.399111819,3.802544169,4.254895666,4.295958121,3.945335984
48.78,3.49322544,3.399375935,3.820691743,4.263657495,4.292538908,3.923086985
48.8,3.47655514,3.408159128,3.846232506,4.278172969,4.281011036,3.905904681
48.82,3.466666882,3.411727131,3.865798062,4.285448424,4.27459824,3.881311416
48.84,3.450826517,3.423804862,3.878668994,4.298401242,4.260073262,3.861893928
48.86,3.441216428,3.430639217,3.89965147,4.30402893,4.250678391,3.8468463
48.88,3.42646614,3.44595141,3.914616935,4.315264817,4.245496215,3.825180735
48.9,3.418092388,3.455974199,3.936768518,4.319101998,4.232908461,3.808003274
48.92,3.404721632,3.47443172,3.952740432,4.328483309,4.224556958,3.783652846
48.94,3.397872087,3.488361043,3.975756111,4.330394478,4.208822535,3.764725382
48.96,3.386161701,3.497096845,3.992439304,4.337791977,4.1973483,3.750442939
48.98,3.381116869,3.514407279,4.016030016,4.337654631,4.190866342,3.729778582
49,3.371344945,3.526431413,4.033138025,4.342951602,4.176103808,3.713888255
49.02,3.368372949,3.546935774,4.057023999,4.34065522,4.16638503,3.691750127
49.04,3.360798814,3.562046273,4.074284253,4.343746572,4.148422067,3.674522784
49.06,3.360149857,3.585528066,4.098200283,4.352922468,4.135559583,3.651190367
49.08,3.355012032,3.603496344,4.115355309,4.353458431,4.11449333,3.632913723
49.1,3.356912731,3.616738524,4.125024619,4.360051597,4.09788248,3.619715499
49.12,3.354423292,3.637571248,4.142104987,4.358718448,4.086442221,3.600530206
49.14,3.359067467,3.653539638,4.151573593,4.362428089,4.066888278,3.586568668
49.16,3.359402034,3.676972527,4.168344008,4.357430962,4.052574148,3.566769363
49.18,3.354878903,3.695395294,4.178152619,4.358449542,4.030194755,3.552345901
49.2,3.357655483,3.708148264,4.194284034,4.351484634,4.013130934,3.532241044
49.22,3.356216077,3.729003786,4.203326377,4.349524508,4.000482784,3.517667139
49.24,3.362126826,3.744042018,4.218587051,4.33881234,3.980578463,3.497574169
49.26,3.363854161,3.767040457,4.226639985,4.334098456,3.965167147,3.483176929
49.28,3.37296436,3.78407223,4.240806858,4.334406232,3.942585407,3.463428372
49.3,3.377904163,3.808920555,4.247656558,4.326655196,3.924584067,3.449545212
49.32,3.390241005,3.827653034,4.260528595,4.323929626,3.911945913,3.441508636
49.34,3.398400384,3.854059196,4.265982678,4.313145186,3.891312242,3.428214713
49.36,3.401833217,3.874943048,4.277375642,4.307393095,3.876154606,3.420925699
49.38,3.413421427,3.889615632,4.281262033,4.293586494,3.85310223,3.408535547
49.4,3.420253824,3.91191192,4.29101053,4.284822591,3.834899046,3.402308679
49.42,3.435208838,3.927835509,4.293167517,4.281841505,3.822296358,3.391131256
49.44,3.445357906,3.951229719,4.301116757,4.269829393,3.801945879,3.386273109
49.46,3.463577964,3.968094899,4.315520226,4.263634105,3.787322398,3.376614156
49.48,3.477681816,3.992283199,4.321265322,4.248425855,3.765060306,3.373425996
49.5,3.487058498,4.009795841,4.333413818,4.239072963,3.748659357,3.36558384
49.52,3.504619491,4.034491049,4.336845449,4.220728684,3.724736159,3.352528897
49.54,3.51735458,4.052367274,4.346636635,4.208283022,3.706816643,3.347018347
49.56,3.53817333,4.077292693,4.347658359,4.186871178,3.681499415,3.336420788
49.58,3.554052696,4.095263301,4.355002302,4.171406276,3.662337572,3.332699898
49.6,3.57790056,4.120157569,4.353529632,4.160891469,3.648431358,3.324651598
49.62,3.596679507,4.138662126,4.358347942,4.142230299,3.628079015,3.323586151
49.64,3.611106592,4.150091347,4.354310504,4.128574262,3.613141301,3.318288011
49.66,3.632767214,4.168381304,4.356537793,4.106828625,3.59110537,3.32006619
49.68,3.649932695,4.179460589,4.34987058,4.090147659,3.575525512,3.317686509
49.7,3.674200132,4.197277588,4.349447115,4.079347643,3.552986022,3.322460377
49.72,3.693822206,4.207757302,4.340094766,4.059511795,3.53706673,3.323136158
49.74,3.708191706,4.224860691,4.336970124,4.045646533,3.514333463,3.331025045
49.76,3.730223875,4.234509054,4.339108045,4.022816573,3.498391879,3.334855798
49.78,3.746852321,4.250676066,4.332972694,4.005268511,3.475788861,3.334053059
49.8,3.770997103,4.259278468,4.332095827,3.993792127,3.460151451,3.341339385
49.82,3.789586012,4.274303143,4.322932631,3.973471647,3.450590604,3.344004457
49.84,3.815544505,4.281661959,4.319028971,3.959322864,3.4353549,3.35476949
49.86,3.836481948,4.29535513,4.306835701,3.936410199,3.426372679,3.360904698
49.88,3.851763247,4.301292248,4.299906674,3.919775766,3.41102152,3.375132108
49.9,3.874351009,4.313483564,4.298946515,3.894463695,3.402907593,3.384696938
49.92,3.891117134,4.317831922,4.288738084,3.875539303,3.38857137,3.402320818
49.94,3.915031711,4.328361643,4.28452474,3.84803163,3.381637222,3.415232953
49.96,3.932963575,4.331621307,4.271074055,3.827034637,3.368626644,3.424215298
49.98,3.957890876,4.340178254,4.263652167,3.811558772,3.363180481,3.440592284
50,3.976683689,4.34138485,4.24700566,3.788459224,3.351800822,3.452961367
50.02,4.002325561,4.347823225,4.236421772,3.771011215,3.348142863,3.472652265
50.04,4.02168447,4.346839097,4.216629392,3.746076304,3.338688853,3.488239754
50.06,4.047753186,4.351028375,4.202938437,3.726931422,3.337105906,3.49910185
50.08,4.06804685,4.360991822,4.194375894,3.713617762,3.329856053,3.51795194
50.1,4.081928221,4.362572497,4.177373574,3.692930996,3.330610998,3.531969346
50.12,4.102440181,4.369888043,4.16554172,3.67821323,3.325816341,3.553865067
50.14,4.116392056,4.368773001,4.145317965,3.656265615,3.329149504,3.571585698
50.16,4.136837817,4.373360284,4.130316778,3.640432229,3.327036015,3.58445906
50.18,4.15058825,4.369474836,4.121319452,3.617520638,3.32048386,3.605231222
50.2,4.170704903,4.371265542,4.102996147,3.600876246,3.321498309,3.621007477
50.22,4.183995504,4.364546482,4.090756262,3.577314101,3.318156374,3.644534783
50.24,4.203533512,4.363483366,4.069251459,3.56018055,3.322461222,3.662910718
50.26,4.21612347,4.353878624,4.053915682,3.536298158,3.322470572,3.688884045
50.28,4.234850979,4.349915385,4.029381075,3.519013898,3.330186299,3.709546851
50.3,4.246517036,4.350712517,4.010346586,3.509236803,3.332713165,3.73765057
50.32,4.264219606,4.343563063,3.997567697,3.49188746,3.343677017,3.760279147
50.34,4.275369751,4.341168601,3.975706577,3.481304842,3.349466187,3.778156356
50.36,4.291737636,4.330825598,3.960198655,3.464231437,3.36370101,3.802672982
50.38,4.301444805,4.325240357,3.935681573,3.454089648,3.373682834,3.822272678
50.4,4.316278575,4.311705946,3.917623221,3.437622145,3.378683093,3.848367591
50.42,4.324352726,4.302936053,3.890640717,3.42825788,3.391463685,3.869383571
50.44,4.337471051,4.299584539,3.870230157,3.412735154,3.399904191,3.897459052
50.46,4.34373988,4.287399445,3.855424319,3.404479896,3.416092447,3.919626133
50.48,4.354981817,4.280661752,3.832603767,3.3902318,3.427888277,3.936620134
50.5,4.359292096,4.265104811,3.815508893,3.383418441,3.448292936,3.959846257
50.52,4.368507818,4.254393263,3.790525889,3.370774608,3.463557157,3.977735841
50.54,4.370717734,4.249148137,3.771394128,3.365733417,3.474574319,4.001708132
50.56,4.377769158,4.23513223,3.758971215,3.355018784,3.493380964,4.02018336
50.58,4.377748717,4.226627083,3.737810675,3.35206416,3.50783231,4.044599556
50.6,4.382516821,4.209379283,3.722692816,3.343583797,3.529973012,4.063365977
50.62,4.380154284,4.197690725,3.699937512,3.343006973,3.547633698,4.087939843
50.64,4.382533583,4.177287273,3.683362967,3.336038291,3.560070939,4.106719777
50.66,4.390191372,4.162497443,3.659294978,3.33790938,3.580942635,4.119747026
50.68,4.389856718,4.152466125,3.641549282,3.333489634,3.596454676,4.138462314
50.7,4.394776078,4.134419274,3.616463223,3.338018557,3.620268248,4.151275279
50.72,4.391664923,4.121192784,3.597854835,3.336343641,3.638577833,4.169645128
50.74,4.393784754,4.100012832,3.586577573,3.343709683,3.665045187,4.181972798
50.76,4.387841064,4.083719146,3.567161328,3.344942401,3.685858473,4.199735776
50.78,4.387110882,4.072998549,3.555261944,3.341077304,3.701839742,4.211326544
50.8,4.378288792,4.053528149,3.535390178,3.345625856,3.725107995,4.228240756
50.82,4.374667814,4.039723426,3.522344544,3.345123678,3.743382973,4.238862541
50.84,4.375443741,4.017244242,3.502389472,3.353077599,3.76879951,4.254704978
50.86,4.368665491,4.000525016,3.489423391,3.356004465,3.789060142,4.264144064
50.88,4.366283786,3.975213888,3.46971369,3.367412983,3.81631732,4.278709837
50.9,4.356343319,3.955089288,3.457160913,3.373795298,3.838256965,4.286770582
50.92,4.350802785,3.940835246,3.438031105,3.37441409,3.854992456,4.299872539
50.94,4.337700042,3.918104725,3.426230016,3.384525115,3.878633804,4.30638079
50.96,4.329005667,3.901356758,3.408024445,3.388850221,3.896892588,4.317851598
50.98,4.325299114,3.87622613,3.39732176,3.4026418,3.921898361,4.322643284
51,4.313237325,3.857197291,3.380387564,3.410600981,3.941347985,4.332326091
51.02,4.306192016,3.829886467,3.3711305,3.427978709,3.967391621,4.335252031
51.04,4.290806876,3.808805184,3.355812858,3.439457822,3.98771192,4.343630885
51.06,4.28047131,3.79309641,3.348344085,3.460287032,4.001570726,4.344385968
51.08,4.261817773,3.769953061,3.334025426,3.475133475,4.022712519,4.350530766
51.1,4.248250318,3.752318784,3.328531097,3.484931598,4.037237947,4.348981675
51.12,4.238971555,3.727387389,3.316318034,3.503238548,4.058902156,4.352766956
51.14,4.2220003,3.708111076,3.313076123,3.516385859,4.0738027,4.361020248
51.16,4.209362859,3.680947659,3.3032389,3.537940735,4.09570544,4.362104409
51.18,4.189077685,3.660442738,3.302504979,3.554210406,4.111474311,4.367618973
51.2,4.173171814,3.645763765,3.295287787,3.578774928,4.133293396,4.365924753
51.22,4.162278105,3.624058444,3.297294744,3.59792135,4.148826999,4.36862772
51.24,4.142979306,3.608334992,3.292916301,3.611853453,4.170280356,4.364083715
51.26,4.12816445,3.585746059,3.297865858,3.634086833,4.18531216,4.363909128
51.28,4.105814751,3.569300058,3.296515781,3.650939255,4.206142402,4.35645257
51.3,4.088011952,3.546157915,3.304579374,3.675942044,4.220419808,4.353344155
51.32,4.075374702,3.529331085,3.306406112,3.695390301,4.240383884,4.355194477
51.34,4.054483543,3.505203259,3.317710362,3.722833829,4.253673699,4.34888407
51.36,4.038846468,3.488369587,3.322815528,3.744545763,4.272547558,4.347530889
51.38,4.015023948,3.478016034,3.322736515,3.759713533,4.28463529,4.338004612
51.4,3.996551497,3.46123901,3.331470764,3.783642242,4.302213745,4.33343934
51.42,3.98263699,3.451114897,3.33503055,3.800856179,4.312903588,4.320692816
51.44,3.961274107,3.434739916,3.347414814,3.826666659,4.328999166,4.312916061
51.46,3.944573659,3.425193815,3.35460944,3.845593801,4.338112473,4.30926085
51.48,3.920532495,3.409571872,3.370617034,3.872955711,4.352554518,4.298052526
51.5,3.901264629,3.40095663,3.381395389,3.893269767,4.359928843,4.290985288
51.52,3.874127992,3.386440926,3.386211858,3.921861422,4.37328015,4.276382013
51.54,3.852685624,3.379106283,3.400778475,3.943246623,4.378591311,4.265943254
51.56,3.83617159,3.366044089,3.409318512,3.958319118,4.389808014,4.260319158
51.58,3.812537563,3.360337546,3.427542197,3.981623091,4.392907807,4.246331368
51.6,3.793955907,3.348224697,3.43965508,3.997601658,4.401854855,4.236585624
51.62,3.768383823,3.344355812,3.461365003,4.021647117,4.402614164,4.219357313
51.64,3.747989397,3.334217141,3.47686244,4.038200685,4.40916185,4.206407436
51.66,3.733465651,3.332471729,3.501852939,4.062665138,4.407459229,4.198365696
51.68,3.711305209,3.324584612,3.520514714,4.079480198,4.411497929,4.182059182
51.7,3.695179902,3.325229093,3.533749068,4.1040595,4.407230191,4.170719282
51.72,3.671566724,3.319848843,3.555623604,4.120841702,4.408663909,4.151157444
51.74,3.653470346,3.323124835,3.57193247,4.145251505,4.401741366,4.136625375
51.76,3.628809927,3.320475587,3.596756799,4.161726057,4.400487257,4.113914767
51.78,3.609818816,3.312853928,3.615867369,4.18570161,4.403936756,4.09630335
51.8,3.597179704,3.313399867,3.643361781,4.201613454,4.399677598,4.082960585
51.82,3.577373684,3.309054553,3.664987938,4.224909552,4.400104008,4.062165189
51.84,3.564099998,3.312956746,3.680925212,4.240022959,4.392798486,4.045714804
51.86,3.543823818,3.312027476,3.705220384,4.262418549,4.390165286,4.021890857
51.88,3.530267358,3.319409502,3.723646427,4.27732598,4.37978285,4.002493413
51.9,3.509879355,3.321997894,3.750269247,4.283927126,4.374067814,3.988225981
51.92,3.495674537,3.33293529,3.770845122,4.297753987,4.373727857,3.965827173
51.94,3.475533584,3.339088057,3.799457362,4.303155164,4.364669873,3.948005338
51.96,3.461745043,3.339822507,3.821842378,4.315677939,4.360998403,3.922995407
51.98,3.442188387,3.3498205,3.837221638,4.31966493,4.348603318,3.902656218
52,3.429157975,3.354381409,3.861376262,4.330679453,4.341612332,3.887672821
52.02,3.41053383,3.368184903,3.87835438,4.333057081,4.325900792,3.864785367
52.04,3.398611965,3.376509292,3.903946084,4.342377284,4.315615792,3.847376964
52.06,3.381271646,3.394030696,3.922195184,4.342967898,4.309797736,3.82217067
52.08,3.37081014,3.40600876,3.948901228,4.350424968,4.296007089,3.802574622
52.1,3.355103857,3.427115503,3.968104677,4.363691441,4.286715247,3.775294444
52.12,3.346450672,3.442594455,3.995614983,4.368855129,4.269481346,3.753764982
52.14,3.331937023,3.453276545,4.016303878,4.379773503,4.256781755,3.737160313
52.16,3.32531136,3.47233802,4.029374469,4.382529634,4.248673079,3.713027074
52.18,3.312963928,3.486492695,4.050688987,4.390991309,4.232661349,3.694790822
52.2,3.308652218,3.508922649,4.064219852,4.391229799,4.2212815,3.66915272
52.22,3.298748542,3.52631707,4.085841554,4.397132226,4.202044001,3.649564003
52.24,3.297019963,3.538004551,4.099523448,4.394762335,4.187487292,3.635223209
52.26,3.289817407,3.558660742,4.121152841,4.398020625,4.178349677,3.614340364
52.28,3.290914666,3.57347064,4.134696013,4.392964133,4.160474334,3.598865346
52.3,3.286640926,3.597111932,4.156053118,4.393505318,4.148091621,3.577013083
52.32,3.290773772,3.614759066,4.169187347,4.385695499,4.127027046,3.560736447
52.34,3.289620542,3.641092406,4.190011978,4.383458078,4.111533736,3.538255683
52.36,3.29695984,3.661278262,4.202486785,4.387532551,4.087418571,3.521526255
52.38,3.299077358,3.690000442,4.222538437,4.382193695,4.068958907,3.498012098
52.4,3.296835477,3.713217271,4.234122635,4.383163095,4.055211193,3.481213552
52.42,3.302581601,3.730220057,4.253183762,4.37470241,4.033688541,3.470342594
52.44,3.304004642,3.755733372,4.264449149,4.372551408,4.016970124,3.453568061
52.46,3.313447492,3.774856462,4.282174711,4.360961089,3.992572469,3.442897177
52.48,3.318574848,3.802323715,4.291988497,4.355685904,3.973076857,3.426499953
52.5,3.331729469,3.823226696,4.30816745,4.340960755,3.959295751,3.416386013
52.52,3.340549998,3.852306616,4.31632919,4.332561186,3.936986897,3.400725289
52.54,3.344432261,3.874652177,4.330770642,4.329460386,3.91975607,3.391529397
52.56,3.356352914,3.891044234,4.337099447,4.317667885,3.895066048,3.37696295
52.58,3.363865485,3.914773134,4.349631487,4.311190728,3.875560865,3.369038927
52.6,3.380165525,3.93237774,4.353964864,4.296040671,3.848709915,3.355108884
52.62,3.391414771,3.957172121,4.364433264,4.286231349,3.827157648,3.348714397
52.64,3.411372751,3.975677996,4.366625836,4.267772752,3.811704768,3.336461163
52.66,3.426188403,4.001229505,4.374892961,4.254683712,3.788099756,3.331904885
52.68,3.449616687,4.020335448,4.374815385,4.247766761,3.77074244,3.321631524
52.7,3.467793415,4.047078036,4.38075903,4.231187663,3.745362158,3.31920868
52.72,3.481469658,4.066484108,4.378300319,4.220835572,3.726386688,3.311201971
52.74,3.503033274,4.093377037,4.381814666,4.200857729,3.69952594,3.311188458
52.76,3.51996295,4.11278291,4.392001398,4.187166955,3.678420323,3.305712914
52.78,3.5446568,4.125505318,4.392708504,4.163890502,3.663866315,3.308354409
52.8,3.564571039,4.144898562,4.400061602,4.146962413,3.641585723,3.305640167
52.82,3.579089376,4.157462166,4.397897707,4.135337798,3.626020346,3.311152305
52.84,3.601964021,4.176570525,4.402359557,4.115014853,3.602872427,3.311397598
52.86,3.619291781,4.188712741,4.397271881,4.100070162,3.586611405,3.307290425
52.88,3.64482771,4.207282886,4.398795568,4.075707643,3.562919796,3.3109045
52.9,3.664661086,4.218759961,4.3907421,4.057868606,3.54629096,3.310227839
52.92,3.692550554,4.236557399,4.389287045,4.045543119,3.522391722,3.317332472
52.94,3.714579616,4.247144301,4.378233443,4.024671686,3.505742443,3.320184033
52.96,3.731442278,4.264641745,4.373775857,4.009398403,3.481989891,3.330853932
52.98,3.756330334,4.27401309,4.359705703,3.985666768,3.464802051,3.337283279
53,3.775266023,4.290195162,4.352233514,3.967622725,3.454979942,3.338841155
53.02,3.802057233,4.298142757,4.350355128,3.94121023,3.438190646,3.349105317
53.04,3.822722493,4.312807202,4.339574888,3.920581682,3.428946019,3.354478844
53.06,3.851076544,4.319137945,4.334401849,3.906597809,3.412893333,3.368535616
53.08,3.873135296,4.332101237,4.320336154,3.883316674,3.404565262,3.37765881
53.1,3.889611603,4.336640592,4.311894305,3.86681057,3.389589007,3.395417378
53.12,3.912993302,4.347737568,4.294573798,3.841116529,3.382516652,3.408177158
53.14,3.930623771,4.35032869,4.282897537,3.822336086,3.368954706,3.416759964
53.16,3.955009297,4.359410958,4.277621923,3.794484464,3.363472631,3.433254519
53.18,3.973481442,4.359913116,4.262474068,3.772834535,3.351655962,3.445475125
53.2,3.999242787,4.366847787,4.25377281,3.758228279,3.34808433,3.465516163
53.22,4.01825719,4.365138362,4.235222877,3.734705216,3.338325552,3.481170842
53.24,4.044405016,4.369809729,4.223171501,3.718372675,3.336970804,3.504539192
53.26,4.063649452,4.379950493,4.201304733,3.693248381,3.329566234,3.523390454
53.28,4.08988151,4.381983728,4.185993648,3.675470085,3.33071145,3.537058425
53.3,4.109063548,4.389452622,4.176215634,3.649033202,3.325930637,3.559101866
53.32,4.121927686,4.38877268,4.15745933,3.630106865,3.328872027,3.575821422
53.34,4.141027213,4.393500204,4.144302036,3.602663844,3.326739449,3.60077194
53.36,4.15366761,4.390043831,4.121471754,3.582901034,3.31887963,3.620249404
53.38,4.172420885,4.391971869,4.10533953,3.569792341,3.319848157,3.647810139
53.4,4.184583277,4.385682814,4.094925883,3.549238627,3.315160833,3.669744129
53.42,4.202745358,4.38476154,4.075653958,3.535519027,3.319378978,3.686790347
53.44,4.214194274,4.375600405,4.06217716,3.513599319,3.317994756,3.711126782
53.46,4.232173786,4.371794865,4.0399197,3.49966698,3.325567508,3.730412262
53.48,4.242593482,4.373967379,4.023533766,3.477685829,3.32757064,3.756843969
53.5,4.259435291,4.366990173,3.998451733,3.46387093,3.338563207,3.778061815
53.52,4.268605615,4.365998248,3.979328627,3.442163937,3.343997729,3.807025389
53.54,4.284099914,4.355850505,3.966980018,3.428807043,3.358431013,3.829953876
53.56,4.291824493,4.351699978,3.945021168,3.407719071,3.367299841,3.847604141
53.58,4.305784179,4.338390976,3.929955899,3.395168501,3.371540559,3.872157666
53.6,4.31188056,4.331095721,3.905378679,3.375051101,3.384073166,3.891258464
53.62,4.324132505,4.314643137,3.887821377,3.363660345,3.391937354,3.917106972
53.64,4.328435876,4.304225486,3.86085686,3.344868286,3.408056149,3.937333561
53.66,4.338823975,4.298947073,3.841046832,3.333995899,3.419444281,3.9641587
53.68,4.341186131,4.285169761,3.81194163,3.33187959,3.439025332,3.985199595
53.7,4.349570187,4.276562513,3.7892963,3.322422347,3.453791387,3.999804374
53.72,4.34985828,4.259484407,3.77392339,3.321875104,3.463022639,4.021616416
53.74,4.356113485,4.247606424,3.749397525,3.314122687,3.481267726,4.037549758
53.76,4.354209632,4.241608567,3.732288666,3.31542947,3.493876914,4.059827253
53.78,4.358228627,4.226269685,3.706149626,3.309658627,3.515401563,4.076063842
53.8,4.36733834,4.21687022,3.687580476,3.297925952,3.531176174,4.098503049
53.82,4.368768736,4.198172309,3.660111924,3.294688928,3.55575208,4.11474876
53.84,4.375258062,4.18547777,3.640375472,3.285607353,3.575371615,4.137065311
53.86,4.374029396,4.163531212,3.627373858,3.285138126,3.589248566,4.153050588
53.88,4.378436187,4.147657176,3.606485688,3.278930777,3.611981293,4.174984329
53.9,4.374289858,4.136946974,3.592500773,3.281438339,3.628816451,4.190457471
53.92,4.375757657,4.117752792,3.569915424,3.27829297,3.654353116,4.211765552
53.94,4.368640689,4.103799047,3.555352934,3.283943012,3.673830872,4.226490092
53.96,4.367123003,4.081434155,3.532332127,3.28400302,3.701850301,4.246945274
53.98,4.356994509,4.064392948,3.517505361,3.292922741,3.723646326,4.260703423
54,4.351856882,4.038327177,3.494368948,3.296292359,3.740079112,4.280763261
54.02,4.352273682,4.018588779,3.479600718,3.308564394,3.764135675,4.293241969
54.04,4.344655134,4.004297076,3.456677858,3.315302285,3.782659214,4.311922614
54.06,4.341778076,3.981757347,3.442306015,3.315731406,3.808651922,4.322923145
54.08,4.33086583,3.964759103,3.419939515,3.326159987,3.828940185,4.3400358
54.1,4.324704555,3.939610628,3.406311477,3.330267223,3.856545766,4.349374847
54.12,4.309910295,3.920104166,3.384852608,3.344360367,3.878278522,4.36474581
54.14,4.300711765,3.906977613,3.372321977,3.352097086,3.893399246,4.372255355
54.16,4.29629287,3.884907437,3.35212599,3.369782148,3.916538241,4.385726468
54.18,4.283828897,3.869349594,3.340077712,3.381054371,3.933742268,4.391260411
54.2,4.276171273,3.844961853,3.336999224,3.402209857,3.958011205,4.402698105
54.22,4.260492186,3.827221795,3.326312686,3.416879072,3.97616749,4.406129266
54.24,4.249649421,3.800773831,3.324757148,3.426057044,4.001233149,4.415409216
54.26,4.244247591,3.780374445,3.315732431,3.444253445,4.020016848,4.416620248
54.28,4.230032928,3.766756141,3.315988919,3.456853223,4.045563157,4.423632306
54.3,4.221307166,3.744570335,3.308906953,3.478376159,4.064667081,4.42251953
54.32,4.203806253,3.729315742,3.311248809,3.494180703,4.076565953,4.427167087
54.34,4.191851398,3.70562485,3.306372417,3.51879986,4.095970983,4.423640136
54.36,4.171162698,3.689023072,3.311049175,3.537565896,4.108024363,4.425839425
54.38,4.156081932,3.664123553,3.308614567,3.549690737,4.127449543,4.41981998
54.4,4.145789541,3.646479274,3.300168848,3.571465259,4.139385726,4.419498798
54.42,4.127443109,3.620683451,3.300689483,3.586458538,4.158568689,4.42401059
54.44,4.113955339,3.60231775,3.295287393,3.610964683,4.170134256,4.420859885
54.46,4.092483368,3.575955023,3.298939934,3.628543248,4.188830722,4.422528161
54.48,4.075944526,3.556400547,3.296738144,3.655492187,4.20056715,4.416514332
54.5,4.064997171,3.544397028,3.303656016,3.675363777,4.218444473,4.415951754
54.52,4.045310651,3.524537773,3.304764087,3.704464276,4.229234056,4.406832536
54.54,4.030684033,3.512405271,3.315038898,3.727282429,4.246061019,4.40316183
54.56,4.00823037,3.492569994,3.319524622,3.742968067,4.25568794,4.390916205
54.58,3.990922103,3.480641814,3.333206446,3.76789739,4.271253697,4.383483102
54.6,3.965874581,3.461171258,3.341097135,3.785521119,4.279511769,4.381474274
54.62,3.946060231,3.44979151,3.34244446,3.812222361,4.293615998,4.370898649
54.64,3.932139213,3.431032611,3.354037443,3.831448056,4.300314777,4.365766434
54.66,3.909761417,3.420550017,3.35905709,3.859588703,4.312779895,4.352072627
54.68,3.893397314,3.402852695,3.374291977,3.880088474,4.317751188,4.343845746
54.7,3.868679317,3.392759294,3.382901708,3.909346,4.328417374,4.327066135
54.72,3.850102657,3.376385348,3.401668627,3.930803622,4.331510148,4.315781479
54.74,3.823277639,3.367769308,3.413737398,3.945402317,4.340234201,4.309137668
54.76,3.802057563,3.353022686,3.435887606,3.967814183,4.341313788,4.294592946
54.78,3.787097477,3.346181391,3.451248809,3.983208086,4.347968198,4.284722302
54.8,3.764023965,3.333353033,3.460790777,4.006277523,4.346914641,4.266986442
54.82,3.7473493,3.328574427,3.479558435,4.022177426,4.351386307,4.253965984
54.84,3.722682348,3.317943969,3.492389478,4.04649936,4.362065492,4.246324478
54.86,3.704560751,3.315498904,3.51434061,4.062602904,4.363998256,4.229996265
54.88,3.678575104,3.307325294,3.530228157,4.086982196,4.372107463,4.219111177
54.9,3.659289503,3.307460785,3.555119579,4.102995595,4.371429745,4.199587715
54.92,3.645901873,3.30197611,3.573806109,4.127149075,4.376903937,4.185576412
54.94,3.625492616,3.30490915,3.585520736,4.142799449,4.373556026,4.162978793
54.96,3.611143225,3.302312291,3.607051957,4.166465144,4.376341512,4.145967675
54.98,3.589213746,3.308224468,3.621465689,4.181500852,4.370274655,4.133672372
55,3.574285148,3.308672608,3.645555804,4.204437516,4.370328364,4.113547299
55.02,3.551917984,3.317700453,3.662378178,4.218627253,4.361503917,4.098221669
55.04,3.536718221,3.321310331,3.688732508,4.240613869,4.358792551,4.074477574
55.06,3.514227679,3.318843368,3.707666784,4.253746194,4.347181738,4.056500268
55.08,3.499073663,3.325083295,3.73598736,4.274581252,4.341678304,4.043444863
55.1,3.476782803,3.325937531,3.757643209,4.286463788,4.341316364,4.022727557
55.12,3.462001469,3.335515725,3.771818595,4.305968909,4.332743772,4.007025523
55.14,3.440241678,3.339707728,3.795379908,4.317254989,4.329322973,3.983757323
55.16,3.426172271,3.352622621,3.811288624,4.319491611,4.317701187,3.965602983
55.18,3.418986131,3.360127069,3.836423679,4.329319039,4.31124347,3.939984893
55.2,3.404928163,3.376334025,3.853738362,4.329997772,4.296594019,3.91958496
55.22,3.398647613,3.387081855,3.880120722,4.338185445,4.287124209,3.905130232
55.24,3.385640577,3.391735338,3.898520441,4.337133848,4.283568834,3.882457297
55.26,3.38057238,3.405923095,3.925835581,4.34351841,4.270859612,3.865864736
55.28,3.36892018,3.41394923,3.945012872,4.356234854,4.264103359,3.841171689
55.3,3.365363788,3.431443776,3.972960616,4.360372753,4.248215159,3.821981587
55.32,3.355360535,3.442693412,3.992622931,4.370792118,4.238322954,3.808999302
55.34,3.353599036,3.463329276,4.020918891,4.372572767,4.219320869,3.788059871
55.36,3.345519519,3.478492075,4.040790392,4.380591696,4.206363469,3.773471534
55.38,3.345820497,3.502272975,4.05316015,4.379919669,4.198465574,3.751051589
55.4,3.339926003,3.520450842,4.073293721,4.38544963,4.182262722,3.735132817
55.42,3.342538796,3.532317418,4.085787944,4.382243701,4.171176078,3.711514527
55.44,3.339061845,3.553552136,4.106758263,4.385209341,4.151840722,3.694555001
55.46,3.330420607,3.568337808,4.119068495,4.379405498,4.137681982,3.670035015
55.48,3.329834104,3.59236074,4.139725885,4.379746785,4.115336162,3.65233926
55.5,3.324170385,3.609789806,4.15159004,4.37128622,4.098231555,3.627229383
55.52,3.326647246,3.636314637,4.171682414,4.368949601,4.08718078,3.608344135
55.54,3.323290485,3.656095847,4.182858033,4.373512109,4.067007722,3.596405994
55.56,3.328775085,3.669961242,4.202152849,4.368164206,4.052977635,3.577184735
55.58,3.328465896,3.692084066,4.212416849,4.369717363,4.029900576,3.565076587
55.6,3.337041268,3.708130862,4.230700757,4.361347897,4.01228922,3.545832866
55.62,3.33984468,3.732292136,4.239848882,4.359886952,4.000918865,3.533868182
55.64,3.351555814,3.750216404,4.256927042,4.348491586,3.980625057,3.514918987
55.66,3.357497862,3.776113197,4.264773172,4.34401849,3.966676126,3.503421189
55.68,3.372350439,3.795613514,4.280468488,4.329608765,3.943887984,3.485092224
55.7,3.381417767,3.822947318,4.286843793,4.322140507,3.927554615,3.474388216
55.72,3.385517825,3.843728602,4.300996064,4.304737461,3.902471537,3.45700706
55.74,3.397935269,3.858078576,4.305748164,4.294300341,3.88395991,3.446604342
55.76,3.405342054,3.880192085,4.318217325,4.289742245,3.871046516,3.430424624
55.78,3.421026942,3.895705292,4.322003026,4.276075403,3.850303345,3.421367456
55.8,3.431639079,3.918834115,4.332465633,4.268326061,3.835282382,3.40667392
55.82,3.450473414,3.935204013,4.334169658,4.251498685,3.812559228,3.399244096
55.84,3.4641558,3.959048362,4.342493085,4.24062571,3.795688362,3.386313528
55.86,3.472090501,3.975978579,4.341991512,4.220710739,3.77125043,3.380782489
55.88,3.488959794,4.000250013,4.348059312,4.206791032,3.752801654,3.369878967
55.9,3.500783408,4.017460275,4.345243846,4.198914869,3.740370569,3.366503058
55.92,3.520823166,4.041890373,4.348954679,4.182014713,3.720477403,3.357871779
55.94,3.535693118,4.059120848,4.343727034,4.17120435,3.706737936,3.356885479
55.96,3.558666197,4.083453962,4.344990714,4.15142089,3.685675586,3.350748051
55.98,3.576333386,4.100457602,4.353486032,4.13778235,3.670908519,3.35235974
56,3.588044066,4.110209026,4.351931408,4.115226109,3.648964119,3.348908577
56.02,3.608520678,4.126978177,4.357599812,4.098873486,3.633462408,3.3532952
56.04,3.622902516,4.13635849,4.353192755,4.089554061,3.610935276,3.352689062
56.06,3.645912904,4.152639661,4.356001622,4.070317722,3.595003871,3.359991476
56.08,3.662681492,4.161404849,4.34871436,4.058202452,3.572204988,3.362350966
56.1,3.687936423,4.176963231,4.348641906,4.03623675,3.556160642,3.359125215
56.12,3.706799701,4.184887912,4.338457663,4.02148543,3.54775109,3.363936442
56.14,3.734005274,4.199507173,4.335492934,3.996954615,3.531651614,3.363848344
56.16,3.754664916,4.206384306,4.322405344,3.979737323,3.522452991,3.37181798
56.18,3.769527353,4.219866173,4.31654761,3.952816588,3.506615458,3.374885112
56.2,3.791963743,4.225506751,4.300560358,3.933310875,3.497829554,3.386012394
56.22,3.808447814,4.237670714,4.291818839,3.920142427,3.48255414,3.392218084
56.24,3.832368229,4.241902788,4.289255476,3.898246122,3.474481453,3.406468547
56.26,3.850183868,4.252584881,4.277343207,3.882800463,3.460067999,3.415759458
56.28,3.876020675,4.255252584,4.271636854,3.857870999,3.453007604,3.419470146
56.3,3.894925984,4.264307801,4.256605055,3.840573624,3.439748078,3.43203746
56.32,3.92170265,4.265273595,4.247806399,3.813883567,3.433989362,3.43896597
56.34,3.941395725,4.272567059,4.228935213,3.794947277,3.422172543,3.454694256
56.36,3.954769778,4.286789333,4.217380266,3.782717247,3.417999132,3.464709785
56.38,3.97523356,4.291914119,4.212128819,3.762060655,3.407901238,3.483452675
56.4,3.989227672,4.303928767,4.197571995,3.74823725,3.405581856,3.497238599
56.42,4.010180315,4.307497127,4.189366798,3.726117376,3.397461965,3.505369604
56.44,4.024524319,4.317033622,4.171904342,3.710963343,3.397249979,3.52149894
56.46,4.045706505,4.318077753,4.160843223,3.687649612,3.391350301,3.532520258
56.48,4.060140641,4.325060318,4.140573178,3.671440408,3.393467998,3.552266806
56.5,4.081297006,4.323512041,4.126757599,3.647215203,3.38902124,3.566122738
56.52,4.095582281,4.327878797,4.120182671,3.630239455,3.393487422,3.588572875
56.54,4.11715938,4.323683336,4.103420016,3.621446472,3.391458371,3.604995978
56.56,4.131010703,4.325388393,4.093978752,3.603701984,3.398418727,3.629882265
56.58,4.152038191,4.318505617,4.074409585,3.593361393,3.398938794,3.648600151
56.6,4.165220768,4.317509945,4.062247431,3.57520986,3.394032242,3.661956844
56.62,4.185473498,4.307907161,4.040016891,3.564604692,3.397481466,3.68295519
56.64,4.197771626,4.30418325,4.025285574,3.546331684,3.395538436,3.698440555
56.66,4.217043442,4.307011283,4.000556106,3.535750681,3.401986311,3.721431416
56.68,4.228259694,4.300262709,3.98342381,3.517647634,3.403057983,3.738756088
56.7,4.246362077,4.300080265,3.972831576,3.507384638,3.412538765,3.763450381
56.72,4.256316399,4.290321881,3.953168659,3.489746951,3.416640515,3.782326073
56.74,4.273078226,4.286463705,3.94015128,3.480098668,3.429152263,3.808437686
56.76,4.281607646,4.27394691,3.917331718,3.463223581,3.43626323,3.828580979
56.78,4.296870764,4.267346409,3.902296422,3.454483132,3.437247993,3.842095559
56.8,4.304480419,4.252095076,3.877543321,3.438661774,3.447605817,3.863502515
56.82,4.303787105,4.242784117,3.860687318,3.431122967,3.451793137,3.878900547
56.84,4.30916839,4.240068677,3.834203002,3.416645722,3.465311868,3.901327898
56.86,4.3211627,4.227801826,3.81573486,3.410594976,3.472603356,3.917586188
56.88,4.325349944,4.2221735,3.804259158,3.396716054,3.489168823,3.940736907
56.9,4.335305567,4.207023478,3.78408607,3.39230412,3.499427358,3.957571558
56.92,4.337393067,4.198558069,3.771025118,3.3801671,3.518885722,3.981168804
56.94,4.345203548,4.180599651,3.749393528,3.377617627,3.531948797,3.998307258
56.96,4.345092698,4.169376448,3.735004804,3.367439018,3.554124536,4.022086204
56.98,4.350666262,4.148692396,3.712178165,3.366959241,3.569805785,4.039271694
57,4.34827264,4.134798827,3.696730407,3.358937107,3.57990934,4.049189884
57.02,4.351531236,4.126773324,3.672983633,3.360713622,3.598291154,4.06645047
57.04,4.346783926,4.11001809,3.656757074,3.355023598,3.610978921,4.076319504
57.06,4.347662413,4.099194271,3.64804602,3.359218677,3.631840946,4.093419639
57.08,4.340502612,4.07970262,3.631082653,3.35600508,3.646884861,4.103011657
57.1,4.338947923,4.066204826,3.621770846,3.362746234,3.670914722,4.119731361
57.12,4.343596445,4.04410724,3.604341959,3.362125764,3.688220014,4.129550117
57.14,4.339302284,4.028076176,3.594703836,3.371517317,3.6997415,4.145602858
57.16,4.341214889,4.018850297,3.577087067,3.373578808,3.719316418,4.154639758
57.18,4.334171858,4.000154737,3.56740284,3.385688439,3.732956453,4.169813856
57.2,4.333339871,3.988364382,3.549880809,3.390482944,3.754514934,4.177866183
57.22,4.323543835,3.967185548,3.540435324,3.389065739,3.769985425,4.191967493
57.24,4.319968682,3.952279907,3.523294383,3.396930025,3.793239565,4.19884996
57.26,4.307425529,3.92898732,3.514371772,3.398573658,3.810253071,4.211701475
57.28,4.301114424,3.912054887,3.497896017,3.409493794,3.834917061,4.217245658
57.3,4.285837194,3.902202063,3.489783739,3.414165557,3.85319,4.228686862
57.32,4.276813323,3.883138076,3.474258841,3.428092111,3.864299807,4.232740488
57.34,4.273168498,3.871268296,3.467240586,3.435724394,3.883845014,4.242626874
57.36,4.261195359,3.850282009,3.452946908,3.452574004,3.896083991,4.245053222
57.38,4.254633896,3.836610015,3.447299338,3.463066603,3.916625877,4.253254969
57.4,4.239134623,3.813921275,3.433514026,3.48272427,3.929723044,4.253931862
57.42,4.22992633,3.798669661,3.429394834,3.495941601,3.950995509,4.260330399
57.44,4.211802118,3.774502505,3.417237815,3.501911989,3.964690315,4.259147035
57.46,4.200011286,3.757905708,3.414864717,3.518025272,3.986438893,4.263642063
57.48,4.193711654,3.732505892,3.404547188,3.526799686,4.001329468,4.274427624
57.5,4.179139111,3.714029609,3.404122853,3.545629258,4.023287358,4.276675108
57.52,4.170108203,3.70320506,3.395834806,3.557021802,4.038246711,4.28518762
57.54,4.15284828,3.683675155,3.397537301,3.578372406,4.060155399,4.285127241
57.56,4.141185149,3.671933394,3.391449546,3.592175966,4.074933854,4.291312491
57.58,4.121346215,3.651602417,3.395436945,3.615832244,4.081787527,4.288895223
57.6,4.107162991,3.63920046,3.391695089,3.631825271,4.096438312,4.292710178
57.62,4.099279464,3.618329444,3.398098435,3.657559952,4.103043054,4.287897892
57.64,4.082430087,3.605532381,3.396819549,3.675511183,4.117337715,4.289309514
57.66,4.071962904,3.584390174,3.405739951,3.686660195,4.123473126,4.282073677
57.68,4.052595482,3.571470817,3.407009999,3.706654163,4.137199813,4.28105881
57.7,4.039697501,3.550333642,3.418516766,3.719715463,4.142662164,4.271380626
57.72,4.017968926,3.537571405,3.422389305,3.742483208,4.15562523,4.267925529
57.74,4.002802254,3.516721416,3.419715402,3.757318058,4.160231313,4.255795434
57.76,3.978879163,3.503556028,3.426545742,3.781721365,4.172255168,4.249895493
57.78,3.960938459,3.498807709,3.426819892,3.798047401,4.175831202,4.249331789
57.8,3.949626921,3.486025277,3.436596015,3.823805061,4.186749827,4.240723163
57.82,3.929633512,3.481798916,3.439791496,3.841343575,4.189136868,4.237469579
57.84,3.916372106,3.469656993,3.452470802,3.851687522,4.198798798,4.226185064
57.86,3.894513512,3.4662079,3.458527571,3.870484549,4.199852766,4.220278064
57.88,3.879494807,3.454959115,3.474034925,3.881941286,4.208121356,4.206358632
57.9,3.855968122,3.452536083,3.482861612,3.901725258,4.207712084,4.197842702
57.92,3.839394685,3.442425088,3.501091288,3.914027212,4.214464189,4.195391726
57.94,3.828930768,3.441267262,3.512567236,3.934535465,4.227362184,4.184059175
57.96,3.810740222,3.432527224,3.516512305,3.947425096,4.232203117,4.178838177
57.98,3.798778537,3.432860303,3.530830502,3.968405951,4.243154568,4.164767516
58,3.779209281,3.425709798,3.537530771,3.981637651,4.246004175,4.156859615
58.02,3.765992574,3.42774334,3.554523075,4.002851822,4.254934541,4.140137416
58.04,3.744572313,3.422382513,3.563800017,4.016192931,4.255724506,4.12963369
58.06,3.730437253,3.426301712,3.583277276,4.037414528,4.263346511,4.110351144
58.08,3.708202256,3.422904414,3.594933248,4.050646199,4.261821735,4.097352326
58.1,3.693380289,3.428873325,3.616689321,4.071667038,4.26710796,4.089729909
58.12,3.670566368,3.427590894,3.630511723,4.084588356,4.263216009,4.074079119
58.14,3.655297816,3.420077022,3.654327748,4.106098531,4.266120591,4.063872984
58.16,3.646737628,3.421338184,3.670093585,4.118441437,4.259825476,4.045705512
58.18,3.630991467,3.416414686,3.695747154,4.139274096,4.260318016,4.033054556
58.2,3.622087783,3.420315141,3.713231555,4.150835653,4.251588798,4.012514379
58.22,3.606130191,3.417159631,3.723518175,4.170796839,4.249644499,3.997567027
58.24,3.597151088,3.423597508,3.742816327,4.181391706,4.238461472,3.988238708
58.26,3.58124714,3.422990053,3.754788488,4.200304917,4.233295093,3.971061928
58.28,3.572455366,3.431994056,3.775661631,4.209764383,4.234864974,3.959582194
58.3,3.556100786,3.433949695,3.789080061,4.227465182,4.227953295,3.940336047
58.32,3.547754153,3.445516128,3.811289751,4.235633198,4.226795699,3.926873385
58.34,3.531954749,3.450017054,3.825916968,4.251982284,4.217167967,3.905731326
58.36,3.524292261,3.464116474,3.850140446,4.258726092,4.213315667,3.890463296
58.38,3.509285844,3.471119959,3.865795242,4.273598658,4.200231897,3.8817918
58.4,3.502543222,3.487700207,3.89091899,4.278799123,4.193959194,3.864638471
58.42,3.48856287,3.497142068,3.907341829,4.292073919,4.17846589,3.854197341
58.44,3.482969514,3.50035069,3.916061999,4.295617371,4.169815917,3.835372336
58.46,3.470240879,3.512449911,3.933331085,4.307192647,4.167011698,3.82337974
58.48,3.466017528,3.518255261,3.942763089,4.308983548,4.155750521,3.803104982
58.5,3.454756032,3.532898441,3.960629868,4.318770035,4.150375709,3.789787556
58.52,3.452111068,3.541175296,3.970530316,4.318724801,4.136580903,3.768294057
58.54,3.44251797,3.559106735,3.988757103,4.326645371,4.128716058,3.753122364
58.56,3.44164392,3.569862487,3.998898705,4.324692304,4.112472358,3.74497974
58.58,3.433903284,3.590186854,4.017263834,4.330681298,4.102201758,3.72875913
58.6,3.434162711,3.603236456,4.027426832,4.326759869,4.083598363,3.719693997
58.62,3.428318896,3.62575525,4.04571694,4.330762464,4.071019432,3.702654927
58.64,3.43054421,3.640892612,4.055694554,4.324822648,4.065258472,3.692901009
58.66,3.426721819,3.64955268,4.073709458,4.326794303,4.05019741,3.67528396
58.68,3.431027202,3.66687245,4.083308636,4.318795913,4.042029757,3.665084349
58.7,3.429328682,3.677594796,4.100862077,4.318701658,4.024619146,3.647134815
58.72,3.435805258,3.69687176,4.109903341,4.3086143,4.014181708,3.636737275
58.74,3.436308658,3.709426921,4.126822463,4.306428871,3.994561887,3.618704866
58.76,3.445022175,3.730429061,4.135139871,4.294231515,3.981999646,3.608360657
58.78,3.44777957,3.744582718,4.15126525,4.28993888,3.960319371,3.59049786
58.8,3.45876926,3.767074883,4.158706207,4.275619576,3.945786087,3.579651381
58.82,3.463805842,3.782591377,4.174730939,4.26921268,3.937366616,3.562203952
58.84,3.462291863,3.790438188,4.181034891,4.269624555,3.920735152,3.551885147
58.86,3.469897155,3.807402139,4.195854604,4.260788281,3.91031359,3.549407958
58.88,3.470934702,3.81657196,4.200876942,4.258787945,3.890943415,3.539565231
58.9,3.481080135,3.834746063,4.214354728,4.247551103,3.878876152,3.537681533
58.92,3.484627632,3.845003444,4.217965812,4.243166823,3.857935406,3.52853488
58.94,3.497258108,3.864154319,4.229979616,4.229563093,3.844397521,3.527464445
58.96,3.503248148,3.87526881,4.232064137,4.222837567,3.822064908,3.519229253
58.98,3.518283409,3.895169169,4.242505886,4.206914181,3.807239646,3.519182057
59,3.526624289,3.906917305,4.242962191,4.197898096,3.798923947,3.512062686
59.02,3.543960861,3.927347746,4.251737163,4.196616097,3.782712705,3.513236078
59.04,3.554538797,3.940308823,4.250476596,4.185054884,3.773118446,3.507422841
59.06,3.574052462,3.961046924,4.257506567,4.181281001,3.755735527,3.509999032
59.08,3.586738054,3.974192656,4.254455406,4.16726254,3.745080197,3.5056659
59.1,3.593416395,3.995013774,4.259668376,4.161088874,3.726746742,3.495401132
59.12,3.608353335,4.008126455,4.254760076,4.144708444,3.715254556,3.492982451
59.14,3.617196124,4.012817935,4.258095529,4.136234626,3.69619861,3.484698511
59.16,3.634220891,4.026003477,4.251274986,4.117595216,3.684100693,3.484328428
59.18,3.645057648,4.030658107,4.252683697,4.106928795,3.664556562,3.478148081
59.2,3.664781178,4.043712276,4.243906398,4.086141538,3.652089989,3.479938403
59.22,3.677532594,4.048135926,4.243349406,4.073398453,3.646676575,3.475964876
59.24,3.69906961,4.060870954,4.232581066,4.05058314,3.633831648,3.480002124
59.26,3.713523506,4.064877859,4.230029486,4.035883171,3.628152348,3.477441711
59.28,3.721728445,4.077114541,4.234596737,4.028171251,3.615151127,3.483651539
59.3,3.737952225,4.080532175,4.22970236,4.01132971,3.609424215,3.483274525
59.32,3.747806569,4.092104483,4.231936358,4.001559794,3.596484736,3.491686131
59.34,3.76557403,4.094772939,4.224710382,3.981845032,3.590932416,3.493510185
59.36,3.776850213,4.105527729,4.224626329,3.970370625,3.578271418,3.504128838
59.38,3.795933703,4.107300179,4.21508406,3.949013167,3.573109586,3.508147735
59.4,3.808404252,4.11709719,4.212702584,3.935984797,3.560945235,3.520954869
59.42,3.828577549,4.117839525,4.200874887,3.913138562,3.55638983,3.527138773
59.44,3.842017789,4.126551076,4.196230456,3.898714551,3.544935009,3.542092626
59.46,3.86305862,4.12614163,4.182156458,3.89161337,3.541195675,3.550388988
59.48,3.877248992,4.13365236,4.175291767,3.875634826,3.530655501,3.552902354
59.5,3.883947205,4.131981579,4.159018564,3.86707578,3.527932874,3.563522633
59.52,3.89896902,4.138188288,4.149984256,3.849734362,3.518502774,3.568309605
59.54,3.906385385,4.135158613,4.148999118,3.83991194,3.516986804,3.581160269
59.56,3.922024628,4.139969508,4.137531982,3.82140554,3.508849672,3.588117115
59.58,3.929949069,4.151655663,4.134167877,3.810520529,3.508716391,3.603085784
59.6,3.9459998,4.154680763,4.120356951,3.791053764,3.50203993,3.612091104
59.62,3.954230698,4.164560365,4.114707085,3.779313811,3.503448911,3.629889414
59.64,3.970495916,4.165747816,4.098649018,3.759097921,3.497420058,3.6409258
59.66,3.978845265,4.173773737,4.089979813,3.746717244,3.50040502,3.646097842
59.68,3.995142114,4.173081742,4.071979755,3.725960147,3.495998674,3.659274278
59.7,4.004141796,4.179212682,4.061417068,3.713150961,3.500665658,3.666488437
59.72,4.020247061,4.17660921,4.059069018,3.708253325,3.497979362,3.681624359
59.74,4.028953986,4.180821468,4.046383695,3.694969728,3.504410708,3.690694683
59.76,4.044683525,4.176283302,4.041980428,3.689703746,3.503517005,3.70759622
59.78,4.052920241,4.178557629,4.027293244,3.676152672,3.5117787,3.718324377
59.8,4.068103084,4.172070338,4.020964474,3.670725311,3.512733564,3.736790259
59.82,4.07570536,4.172396168,4.004407571,3.657113663,3.522870454,3.748972196
59.84,4.090183752,4.163953732,3.996288809,3.651731429,3.525708365,3.768796905
59.86,4.097000576,4.162328795,3.978000319,3.638264991,3.522273936,3.782225868
59.88,4.110629894,4.151933376,3.968233242,3.633132664,3.52730983,3.788567843
59.9,4.116523314,4.148363465,3.94835766,3.620015005,3.526066424,3.803325475
59.92,4.129172078,4.152287217,3.937090489,3.615334536,3.53329123,3.810884989
59.94,4.134017257,4.14722619,3.91577884,3.602765092,3.534218472,3.826759626
59.96,4.145566275,4.148758838,3.903170243,3.598733339,3.543601538,3.835326242
59.98,4.149254138,4.140580567,3.880583719,3.5869056,3.54665757,3.852108866
60,4.159599417,4.139957534,3.866791021,3.583712559,3.558147175,3.861475797
60.02,4.162023998,4.129639436,3.860708222,3.572812002,3.563269562,3.878962064
60.04,4.171066047,4.126912311,3.845565675,3.570638334,3.576793963,3.888927991
60.06,4.172138046,4.114508641,3.838231816,3.56083975,3.58390099,3.906919839
60.08,4.179792944,4.109735372,3.821933227,3.559854764,3.599369924,3.917290429
60.1,4.179434188,4.095307327,3.813544288,3.551320502,3.608362299,3.935597485
60.12,4.185628903,4.088552977,3.796288448,3.551679801,3.610124069,3.946186636
60.14,4.183771897,4.072168745,3.787045368,3.544557279,3.621196659,3.96462756
60.16,4.188443841,4.063505448,3.768115128,3.546400693,3.624968102,3.975258702
60.18,4.185031325,4.061594998,3.758307886,3.539775259,3.637989248,3.993661693
60.2,4.188127929,4.050787438,3.738889861,3.54311171,3.643627552,4.004167932
60.22,4.183112239,4.046789471,3.728692633,3.538015759,3.658447046,4.022371229
60.24,4.184590261,4.033945009,3.708963601,3.542932175,3.66580176,4.033344743
60.26,4.177933269,4.027969383,3.698560043,3.539444575,3.682264103,4.036383133
60.28,4.177762449,4.013201353,3.678704937,3.546010694,3.691179523,4.047149159
60.3,4.169438344,4.005364085,3.66828124,3.544192621,3.709126038,4.049890327
60.32,4.167592512,3.988792147,3.648487139,3.552460008,3.72037396,4.060283962
60.34,4.172820542,3.979215699,3.638231112,3.552354094,3.739715144,4.062573338
60.36,4.168996612,3.960965854,3.636426525,3.562360129,3.752251627,4.072445528
60.38,4.172257511,3.949779157,3.626182387,3.563994549,3.757160976,4.074134424
60.4,4.166464048,3.946401713,3.624492319,3.57575335,3.77109779,4.083342843
60.42,4.167770568,3.933435541,3.614456112,3.579133392,3.777300866,4.084294792
60.44,4.160023541,3.928368029,3.613073994,3.592640373,3.792435391,4.092708798
60.46,4.159395659,3.913782637,3.603436194,3.597752262,3.799729769,4.092798817
60.48,4.149718655,3.907188406,3.60254924,3.595576264,3.8158599,4.100299357
60.5,4.147184017,3.891149572,3.593493061,3.602726927,3.824045063,4.099413961
60.52,4.135608068,3.882404114,3.593280693,3.602560121,3.840971915,4.105893405
60.54,4.131201724,3.865195973,3.584000437,3.611697512,3.849851011,4.10393041
60.56,4.117761405,3.855359475,3.584579211,3.613473295,3.867380166,4.109292327
60.58,4.111522656,3.837131134,3.576149206,3.624522646,3.876761733,4.10616058
60.6,4.096265554,3.826355965,3.577655016,3.628161599,3.89470494,4.110319428
60.62,4.088245936,3.807267687,3.570206205,3.641036186,3.904404354,4.105938533
60.64,4.086571454,3.795716212,3.572764254,3.64644365,3.922580893,4.10881942
60.66,4.076539046,3.792436669,3.566416222,3.661042285,3.93242157,4.118015683
60.68,4.072896402,3.779965458,3.570139307,3.66811007,3.950659275,4.119269489
60.7,4.060934313,3.775868002,3.564998423,3.684318913,3.960473366,4.126824084
60.72,4.055409296,3.762661182,3.569985757,3.692927196,3.978609091,4.126412775
60.74,4.041607259,3.757930837,3.566144284,3.71062173,3.988238382,4.132292157
60.76,4.034292538,3.744173875,3.572480218,3.720641097,4.00611901,4.130187213
60.78,4.018746922,3.738996687,3.570015004,3.722181018,4.015415369,4.134367134
60.8,4.009741874,3.724875783,3.57776794,3.733821813,4.032898319,4.130549137
60.82,3.99255583,3.719438125,3.576739706,3.73690199,4.041724331,4.133014257
60.84,3.981966698,3.705139425,3.585961725,3.750014695,4.058677393,4.127472521
60.86,3.978655664,3.699627121,3.586414182,3.754483098,4.06690587,4.128216063
60.88,3.966309416,3.685335512,3.597139963,3.768912977,4.067394759,4.12094807
60.9,3.961318145,3.679086062,3.599099398,3.775617011,4.075209343,4.119971464
60.92,3.947351451,3.664994044,3.593393695,3.791263267,4.075221554,4.110983276
60.94,3.940096589,3.659025422,3.597217525,3.799083766,4.082504836,4.108296104
60.96,3.924764615,3.64528636,3.593367441,3.815764703,4.081922586,4.097597883
60.98,3.916212017,3.6397508,3.5990445,3.824519579,4.088561374,4.093214895
61,3.899646081,3.6265181,3.597029745,3.842053722,4.087276264,4.095818388
61.02,3.889929136,3.621566738,3.604531763,3.851562289,4.093166713,4.089486473
61.04,3.872265104,3.608988683,3.604315124,3.869770465,4.091079498,4.090173598
61.06,3.861521787,3.604766856,3.613597135,3.87985529,4.096126849,4.081943905
61.08,3.858373937,3.592985148,3.615125056,3.898562354,4.109018357,4.080769453
61.1,3.846456982,3.589630648,3.626126152,3.909050841,4.113676972,4.070699188
61.12,3.842225198,3.578778472,3.629329669,3.910461348,4.109302332,4.067728064
61.14,3.829296042,3.57642019,3.641974082,3.921534791,4.11284325,4.055884485
61.16,3.82414329,3.566621095,3.646770338,3.9234361,4.107304738,4.051182815
61.18,3.81036595,3.565377384,3.660969236,3.934922338,4.108818726,4.037634882
61.2,3.804457599,3.556743543,3.667262789,3.937145335,4.118103963,4.031271006
61.22,3.789998335,3.556720629,3.682915369,3.948874095,4.119037088,4.016090938
61.24,3.783501751,3.54935129,3.690599791,3.951252459,4.12675219,4.008149816
61.26,3.768528603,3.550641768,3.707595074,3.963069863,4.126092308,4.006501773
61.28,3.76161269,3.544621819,3.716554679,3.965453399,4.1322059,3.996783358
61.3,3.746294787,3.547303294,3.716696768,3.97720912,4.12992672,3.99341495
61.32,3.738363537,3.54270201,3.727165816,3.979452074,4.134416843,3.98128427
61.34,3.722908142,3.546832416,3.728742015,3.99100497,4.130501644,3.976437754
61.36,3.714912534,3.542810189,3.740584158,3.992970471,4.133352048,3.962870613
61.38,3.69946534,3.54835219,3.743451189,4.004188328,4.127789945,3.956649291
61.4,3.691550504,3.545746655,3.756519817,4.005748674,4.128998594,3.941750957
61.42,3.691840352,3.552723115,3.760533733,4.01650855,4.121792321,3.934262662
61.44,3.683858297,3.551549882,3.774683157,4.017545427,4.121365855,3.918142754
61.46,3.684167116,3.559968652,3.779697417,4.027733902,4.112526669,3.909499616
61.48,3.676272011,3.560228699,3.794780225,4.028138533,4.110480104,3.892272566
61.5,3.676751153,3.570083173,3.800647327,4.037651759,4.099193954,3.88259165
61.52,3.669091297,3.571763002,3.816515964,4.037324908,4.095717037,3.879533976
61.54,3.669885689,3.583032288,3.823088965,4.046064248,4.083002747,3.868643584
61.56,3.662602207,3.586104346,3.839597182,4.044912722,4.078120633,3.864449802
61.58,3.663848862,3.598753818,3.84673105,4.052794462,4.080040006,3.852491101
61.6,3.6570748,3.603177171,3.863735152,4.050739075,4.073477527,3.847303168
61.62,3.658902187,3.617159264,3.871287986,4.057688699,4.073747517,3.834419462
61.64,3.652761368,3.622880495,3.888648007,4.054659293,4.065559726,3.828381766
61.66,3.655288126,3.638135712,3.897419823,4.060611586,4.064237686,3.814718737
61.68,3.649893999,3.645090018,3.896759028,4.056551616,4.054484945,3.80797778
61.7,3.653227817,3.644693232,3.905077538,4.06145462,4.051633533,3.793683022
61.72,3.648682366,3.653137936,3.923075344,4.056306611,4.040381495,3.78638704
61.74,3.652919257,3.654177827,3.932317224,4.060107358,4.036068589,3.771609626
61.76,3.649312476,3.66401939,3.93196746,4.053831995,4.023388065,3.763908112
61.78,3.654535533,3.666406073,3.941400894,4.056495651,4.017686751,3.748000143
61.8,3.651943906,3.677551221,3.941162157,4.04905666,4.003653794,3.740096556
61.82,3.657420916,3.681183492,3.950643297,4.050551112,3.996638551,3.724041655
61.84,3.655844311,3.693523966,3.950375623,4.041920115,3.98133096,3.716062968
61.86,3.662364495,3.698289609,3.959768541,4.042221194,3.973086591,3.715248601
61.88,3.661845204,3.71257972,3.959340102,4.032377635,3.972710996,3.707030237
61.9,3.653695406,3.718418219,3.968521827,4.031468936,3.963025641,3.706049785
61.92,3.654577838,3.733721715,3.96781324,4.038348681,3.961273267,3.69773105
61.94,3.647828684,3.740501416,3.976664213,4.035877701,3.950257162,3.696722163
61.96,3.650125065,3.756684894,3.975560001,4.041209016,3.947240172,3.68843852
61.98,3.644782967,3.764271417,3.983969173,4.037193402,3.935007071,3.687534351
62,3.648493248,3.781199704,3.982362896,4.040996854,3.930841192,3.679416421
62.02,3.644552263,3.789457665,3.990228499,4.035460802,3.917508199,3.678744882
62.04,3.649664022,3.806995389,3.988022878,4.037763397,3.912312412,3.670917568
62.06,3.647105867,3.815789913,3.995252364,4.030737431,3.897999812,3.670600426
62.08,3.653594441,3.833802939,3.99235933,4.031572406,3.891896164,3.66318199
62.1,3.652388741,3.843001007,3.998869378,4.023093185,3.876727217,3.66333393
62.12,3.660217593,3.844350692,3.995210053,4.022499833,3.869840585,3.656435047
62.14,3.660322347,3.854147324,4.000926812,4.01260999,3.853941263,3.657162715
62.16,3.669443928,3.856019835,3.996431791,4.010633511,3.846399064,3.650885519
62.18,3.670806603,3.866278002,4.001290366,3.999381525,3.829897726,3.652286585
62.2,3.68116287,3.868537991,3.995898983,3.996072908,3.820932003,3.646723753
62.22,3.683720734,3.879124464,3.99984331,3.983512988,3.820280773,3.648881543
62.24,3.695244071,3.881640883,3.993503634,3.978924595,3.810672013,3.644110208
62.26,3.698925291,3.89242713,3.996486311,3.96511239,3.809450454,3.647101007
62.28,3.711539516,3.895074056,3.98915495,3.959307633,3.799324157,3.643191646
62.3,3.716264266,3.905937008,3.99113701,3.962380867,3.797657533,3.647080263
62.32,3.729885835,3.908594341,3.982778931,3.955091861,3.787138094,3.643255483
62.34,3.735567507,3.919417017,3.98372941,3.956736228,3.78515017,3.648051109
62.36,3.750102425,3.92197104,3.99283048,3.948055284,3.774356742,3.645144318
62.38,3.756644623,3.932643038,3.99237277,3.948365002,3.772165784,3.650881732
62.4,3.77199798,3.934986541,4.000073834,3.938387674,3.761219946,3.648922624
62.42,3.77930401,3.945404055,3.998212322,3.937460541,3.758946262,3.655626044
62.44,3.779438344,3.94743706,4.004521008,3.926286045,3.74796681,3.654633731
62.46,3.787715886,3.957504019,4.001267194,3.924223266,3.745727561,3.662317025
62.48,3.788761086,3.959134395,4.006198087,3.911954139,3.734829811,3.662300388
62.5,3.797900452,3.968762195,4.001570274,3.90886011,3.732738284,3.670966887
62.52,3.79974576,3.969905224,4.005144614,3.895601981,3.722033333,3.671924236
62.54,3.809635766,3.979012852,3.99916761,3.891584052,3.720198177,3.681566943
62.56,3.812169499,3.979591453,4.001413017,3.877445388,3.709792105,3.683486413
62.58,3.822698547,3.988105525,3.994117874,3.871657431,3.708316525,3.694088352
62.6,3.825809163,3.988050261,3.995068088,3.856853196,3.698304844,3.696948322
62.62,3.836866266,3.995905013,3.986486787,3.850449575,3.697280713,3.70848301
62.64,3.840443342,3.995154051,3.986177568,3.853281486,3.68775695,3.712252611
62.66,3.851919071,4.002291253,3.976354452,3.846014723,3.687273643,3.709180306
62.68,3.855854202,4.000790238,3.974832272,3.848050245,3.67832324,3.714119778
62.7,3.867641784,4.007159103,3.962928232,3.840033103,3.67846235,3.712186517
62.72,3.871829775,4.0048611,3.960384967,3.841380362,3.670162841,3.718242055
62.74,3.88458913,4.010413838,3.947472336,3.832721196,3.670997122,3.717389998
62.76,3.888914596,4.00727894,3.943955845,3.833492867,3.663416748,3.724504009
62.78,3.901762464,4.011983521,3.930084281,3.824303584,3.664064273,3.724672328
62.8,3.906116811,4.007979372,3.925646485,3.824611025,3.65723125,3.73277281
62.82,3.91894733,4.011806758,3.929549526,3.814997554,3.658651678,3.73388573
62.84,3.923227433,4.006907959,3.923886497,3.814945591,3.652606749,3.742899016
62.86,3.935940428,4.00983573,3.926608053,3.805016579,3.654836809,3.744880154
62.88,3.940049095,4.004023297,3.919797076,3.804712841,3.649612228,3.754727786
62.9,3.952550573,4.006035817,3.921415299,3.794574449,3.65268007,3.757496459
62.92,3.95639696,3.999297599,3.913535912,3.794123654,3.648299382,3.768096141
62.94,3.968599447,4.000385794,3.914131132,3.783878896,3.652224367,3.771568337
62.96,3.972099345,3.992716113,3.905264942,3.783382321,3.648702262,3.782834898
62.98,3.983922124,3.992877282,3.904919481,3.773130513,3.653494866,3.786924228
63,3.986998161,3.984276737,3.895149973,3.77268543,3.650837146,3.798770574
63.02,3.998367433,3.983514355,3.893947939,3.762521621,3.656498986,3.803389213
63.04,4.000949188,3.991289462,3.88336026,3.762220714,3.654702655,3.815727241
63.06,4.011798148,3.989287666,3.881387081,3.752235089,3.661226644,3.820786823
63.08,4.013821944,3.995846758,3.870067449,3.752165861,3.660280125,3.833528297
63.1,4.024090425,3.992637518,3.86740996,3.742443151,3.667650737,3.838940754
63.12,4.025499661,3.99801521,3.855445965,3.742687326,3.667534203,3.852812648
63.14,4.035134693,3.993635219,3.852192085,3.733306211,3.675727864,3.858492898
63.16,4.035883712,3.997870706,3.839672228,3.733939159,3.676417767,3.856941073
63.18,4.044843037,3.992361129,3.835910638,3.724971706,3.685407246,3.863091425
63.2,4.044888543,3.995497957,3.822923993,3.726061908,3.686869208,3.861952292
63.22,4.053132484,3.988904163,3.818743783,3.717573072,3.696617008,3.86847004
63.24,4.052437833,3.990989925,3.805379622,3.719181614,3.698809965,3.867642194
63.26,4.05993317,3.983361206,3.800869898,3.711228718,3.709272096,3.874427604
63.28,4.05846825,3.984447289,3.787217279,3.713408819,3.712148965,3.873813
63.3,4.065188231,3.975836619,3.782466733,3.706041135,3.723275765,3.880770018
63.32,4.062929316,3.975977956,3.787461248,3.707825249,3.726784172,3.880274634
63.34,4.068853492,3.966441736,3.782202727,3.701064291,3.738516232,3.887311507
63.36,4.065783074,3.965696226,3.786744119,3.703473543,3.742593961,3.886048047
63.38,4.07089713,3.955293624,3.781073149,3.697345165,3.754872341,3.893115811
63.4,4.066999808,3.953722292,3.785260447,3.700402128,3.75945455,3.89263437
63.42,4.071291704,3.942515574,3.779273956,3.694925229,3.755568855,3.899616378
63.44,4.066566752,3.940182235,3.783202123,3.698645505,3.76092195,3.899004509
63.46,4.0700385,3.928236397,3.776992786,3.693832209,3.75776136,3.905824682
63.48,4.064485918,3.925207477,3.780752298,3.69822476,3.763810042,3.90421825
63.5,4.067140418,3.912589952,3.774408118,3.694080245,3.761298495,3.910858004
63.52,4.060761719,3.908934126,3.778084547,3.699146971,3.767961752,3.909823569
63.54,4.062603552,3.895714426,3.771688437,3.695669508,3.766018126,3.916168934
63.56,4.055414321,3.891502254,3.775362038,3.701405464,3.773222194,3.914804277
63.58,4.056461473,3.877751654,3.76899141,3.698586556,3.771772386,3.920796797
63.6,4.048477349,3.87305531,3.772736723,3.704980183,3.77943928,3.91826076
63.62,4.048748033,3.858846497,3.7664631,3.702804901,3.778405575,3.923911604
63.64,4.039985504,3.852906256,3.769386533,3.709838341,3.786453779,3.921790247
63.66,4.039498939,3.855926846,3.763282277,3.708280686,3.785755598,3.926991214
63.68,4.029983722,3.849372954,3.766405831,3.715925516,3.794112967,3.923609159
63.7,4.028767663,3.851828391,3.760520461,3.714958477,3.793678681,3.928389876
63.72,4.018525655,3.844739271,3.763891084,3.7231852,3.802266648,3.924563579
63.74,4.016608588,3.846707431,3.758268698,3.722776613,3.802019226,3.928893161
63.76,4.005674765,3.839160087,3.761927732,3.731550795,3.810765812,3.925379684
63.78,4.003093686,3.840717277,3.756606719,3.731663808,3.810634695,3.929158035
63.8,3.991510663,3.832787015,3.760589727,3.740946631,3.819474849,3.924290916
63.82,3.988309813,3.834007682,3.755602618,3.741540334,3.819396169,3.927572633
63.84,3.976114751,3.825767809,3.75993926,3.751289229,3.828259809,3.922192462
63.86,3.971588349,3.826724178,3.755312637,3.75231931,3.828165704,3.924962329
63.88,3.97534583,3.818242053,3.760026604,3.762488563,3.836990739,3.919052767
63.9,3.970790732,3.818999965,3.755781043,3.76390785,3.836821064,3.921296893
63.92,3.95727662,3.810347357,3.76089001,3.774449216,3.845549399,3.914853782
63.94,3.951493819,3.8109775,3.757040115,3.776208357,3.845248109,3.91657071
63.96,3.954064932,3.802215983,3.762555861,3.787071704,3.853825908,3.909587378
63.98,3.947610298,3.80277787,3.759110357,3.789119787,3.853341349,3.91077261
64,3.949547476,3.793969027,3.765038807,3.80025372,3.861719238,3.903250695
64.02,3.942479961,3.794522507,3.762000657,3.802538887,3.861004248,3.903908312
64.04,3.943842503,3.785724194,3.768342092,3.813891342,3.86913744,3.895853955
64.06,3.93622143,3.786325085,3.765708724,3.816361371,3.868149511,3.895992306
64.08,3.937068846,3.77759098,3.772458013,3.827880191,3.875997924,3.903364947
64.1,3.928953604,3.778290761,3.770221582,3.830483054,3.874699277,3.90268877
64.12,3.929345074,3.769670072,3.777368471,3.842116525,3.88222736,3.909267342
64.14,3.920794499,3.770515599,3.775516182,3.844800904,3.880584681,3.907806761
64.16,3.920788852,3.762052789,3.783045637,3.856498253,3.887761719,3.913622675
64.18,3.911861382,3.763086046,3.781560105,3.859214021,3.885746628,3.911410668
64.2,3.911516744,3.754820602,3.789452698,3.870925876,3.892546711,3.916498059
64.22,3.902269955,3.756078487,3.788312361,3.873624528,3.890135605,3.913570177
64.24,3.901643411,3.748044732,3.796544698,3.866501084,3.896537578,3.917965616
64.26,3.892133673,3.74955889,3.79572426,3.869503025,3.893711825,3.914359694
64.28,3.891280923,3.741785836,3.804269696,3.862643772,3.8996996,3.918101905
64.3,3.881563056,3.743582544,3.803741022,3.86589134,3.896445119,3.913857778
64.32,3.880538066,3.7360938,3.812569874,3.859239982,3.902006962,3.916987341
64.34,3.870664992,3.738193903,3.812301891,3.862678189,3.89831412,3.912146547
64.36,3.869519651,3.731007642,3.821381926,3.856181253,3.903442678,3.914705607
64.38,3.859542053,3.73256908,3.821341276,3.859758109,3.899306147,3.909311086
64.4,3.858325829,3.72570924,3.830634063,3.853365262,3.903998294,3.911343043
64.42,3.848287526,3.727604693,3.830781151,3.857032044,3.89941689,3.905438831
64.44,3.847042869,3.721075831,3.840251007,3.850696317,3.90367356,3.906988013
64.46,3.836989545,3.723307747,3.840549582,3.854407823,3.898650065,3.900618886
64.48,3.835760542,3.717110102,3.850159837,3.848085889,3.902476058,3.901730238
64.5,3.825734562,3.719676718,3.850572917,3.851800673,3.89701702,3.894941444
64.52,3.824561833,3.713806395,3.860286407,3.845453041,3.900420796,3.895660227
64.54,3.814601969,3.716701895,3.860776757,3.849133579,3.894536318,3.888497157
64.56,3.812750662,3.711151042,3.870556288,3.842724738,3.897529777,3.888868621
64.58,3.819622524,3.714362168,3.87108688,3.846337562,3.891233281,3.881372465
64.6,3.818376082,3.709115136,3.880895658,3.839836097,3.893831521,3.881437841
64.62,3.808361873,3.712632003,3.881430059,3.843351881,3.887139489,3.873657502
64.64,3.806501263,3.707677729,3.891232124,3.836730543,3.889360515,3.873465029
64.66,3.813411274,3.711480274,3.891734986,3.840124156,3.882292247,3.865440404
64.68,3.811440342,3.70679649,3.901495602,3.833359894,3.884156782,3.865029526
64.7,3.818262298,3.710864951,3.901932945,3.836610416,3.876734117,3.85680336
64.72,3.816208471,3.706430592,3.911618938,3.829684379,3.878265237,3.856216171
64.74,3.82296765,3.710742727,3.911958537,3.832775079,3.870512248,3.847829774
64.76,3.820853988,3.706534317,3.902157813,3.825672576,3.871735124,3.847106626
64.78,3.827571321,3.711065662,3.902746592,3.828591149,3.863677828,3.838599395
64.8,3.825416575,3.707057997,3.893162913,3.821301962,3.864619421,3.837778571
64.82,3.832108726,3.711782657,3.893958838,3.824040091,3.856285468,3.829187674
64.84,3.829927437,3.707948899,3.88455159,3.816557795,3.856974197,3.828305085
64.86,3.836606914,3.712839414,3.885515438,3.819111046,3.848392535,3.819665157
64.88,3.83440954,3.709151514,3.876246936,3.811433031,3.848857946,3.818754045
64.9,3.841084844,3.714179418,3.877342541,3.813800707,3.840058478,3.82628382
64.92,3.838877919,3.710608539,3.868178268,3.805928015,3.840330888,3.825068367
64.94,3.845553444,3.71574478,3.869372748,3.808112986,3.831343857,3.83232106
64.96,3.843339407,3.712261713,3.860281554,3.800050128,3.831453611,3.830840148
64.98,3.850015962,3.717477067,3.86154549,3.802058625,3.82230956,3.837852701
65,3.847793903,3.71405264,3.852499766,3.793813364,3.822287242,3.836141129
65.02,3.854468941,3.719318118,3.853807357,3.795654754,3.813016622,3.842946345
65.04,3.852234724,3.715923603,3.844783163,3.787237868,3.812892532,3.841034741
65.06,3.858902609,3.721210845,3.846112337,3.788924403,3.803525323,3.847661218
65.08,3.856649151,3.717818337,3.837089499,3.78034942,3.803329099,3.845575995
65.1,3.863301452,3.723099989,3.838421989,3.781895958,3.811180636,3.852048097
65.12,3.861019033,3.719682774,3.82938416,3.773178871,3.810607278,3.849811165
65.14,3.867644845,3.724932844,3.830705542,3.774602296,3.818108442,3.85614861
65.16,3.865321428,3.721465746,3.821640217,3.765760876,3.817198275,3.853777712
65.18,3.871907699,3.726659931,3.822939912,3.767080108,3.824388058,3.859996222
65.2,3.869529275,3.723119627,3.81383841,3.777345107,3.823178896,3.85750499
65.22,3.876061161,3.728235628,3.815109639,3.778209442,3.830093364,3.863616215
65.24,3.873612108,3.72460094,3.80596675,3.788045386,3.828619783,3.861014267
65.26,3.880073337,3.729618731,3.807205999,3.788491338,3.83529216,3.867025908
65.28,3.877536783,3.72587089,3.798020238,3.797934698,3.833585933,3.864318987
65.3,3.883910023,3.730772968,3.799227822,3.797998897,3.840046361,3.870234954
65.32,3.881268222,3.726895841,3.790001282,3.807086094,3.83813607,3.867425107
65.34,3.887535454,3.731667441,3.791181015,3.806804925,3.844411409,3.873245718
65.36,3.88477016,3.727647734,3.781919196,3.815571969,3.842322254,3.870331513
65.38,3.890913057,3.732277016,3.782116413,3.814981212,3.848435904,3.876053725
65.4,3.888005893,3.72810444,3.792533537,3.823458597,3.846189553,3.873030498
65.42,3.894006188,3.732578001,3.793346911,3.822587837,3.8521613,3.877835151
65.44,3.890939021,3.728240342,3.783716427,3.830814474,3.849775716,3.874729997
65.46,3.896774637,3.732557319,3.78357828,3.829702665,3.855617658,3.87945255
65.48,3.893526145,3.728055938,3.793697916,3.837706589,3.853103025,3.87625482
65.5,3.899180429,3.732209514,3.794218273,3.836380296,3.858827932,3.880883511
65.52,3.895734456,3.727538693,3.804008229,3.844197096,3.856195145,3.877580469
65.54,3.901191877,3.731534583,3.804206727,3.84269129,3.861811997,3.882101628
65.56,3.897533502,3.726701994,3.813698794,3.85034936,3.859068222,3.878678775
65.58,3.902779971,3.730544248,3.813607861,3.848691322,3.864582261,3.883077116
65.6,3.898895913,3.725555618,3.822834766,3.856216679,3.861730931,3.87951849
65.62,3.903919108,3.729251618,3.822487516,3.854431166,3.867143711,3.883777414
65.64,3.899797972,3.724115976,3.831482497,3.861847177,3.864184621,3.880065905
65.66,3.904587595,3.727676363,3.830912359,3.85995616,3.869494117,3.884167822
65.68,3.900220141,3.72240595,3.839708784,3.867283284,3.866423556,3.880285495
65.7,3.904768182,3.72584452,3.838949113,3.86530571,3.871624319,3.884212153
65.72,3.900147577,3.720454658,3.847580094,3.872561278,3.86843524,3.880140583
65.74,3.904448545,3.723788213,3.846663786,3.870512862,3.873518583,3.883873403
65.76,3.899570586,3.71829714,3.855161788,3.87771089,3.870200813,3.879594014
65.78,3.903621726,3.721545304,3.854120886,3.875603947,3.875155033,3.883114435
65.8,3.898485041,3.715117706,3.862517338,3.882754976,3.871695513,3.878608842
65.82,3.902286514,3.718339694,3.861377838,3.880598287,3.876506149,3.881898662
65.84,3.896888325,3.711886174,3.869698503,3.887709253,3.872889201,3.877149019
65.86,3.900438971,3.715102347,3.868489925,3.885507922,3.877539322,3.880190717
65.88,3.894784557,3.708644256,3.876763313,3.89258208,3.873746953,3.875180008
65.9,3.898091304,3.711876905,3.875513154,3.890337535,3.878217465,3.877957094
65.92,3.892189141,3.705437449,3.883765583,3.897374451,3.873306801,3.872669527
65.94,3.895262151,3.708710583,3.882498971,3.895084429,3.877635107,3.875162464
65.96,3.889123986,3.702314546,3.890754238,3.902075396,3.872562199,3.869579367
65.98,3.891976684,3.7056536,3.889493613,3.899729218,3.876726608,3.871775397
66,3.885617518,3.699327045,3.897772657,3.906666955,3.871469107,3.865885046
66.02,3.888266611,3.702758567,3.896537431,3.9042556,3.87544683,3.867773418
66.04,3.881704755,3.696528503,3.904858056,3.911129305,3.869981487,3.861566245
66.06,3.884170237,3.700079811,3.903664397,3.908640302,3.873748993,3.863138509
66.08,3.877427265,3.693973842,3.912041049,3.915435796,3.868051964,3.856607394
66.1,3.879732358,3.69767266,3.91090165,3.912853387,3.871585294,3.857857688
66.12,3.872833036,3.691718611,3.919345202,3.919553291,3.865632465,3.850998232
66.14,3.875004092,3.695592682,3.918269088,3.916858629,3.868907556,3.85192354
66.16,3.867976254,3.689818205,3.926786662,3.923442582,3.862674867,3.844734319
66.18,3.870042616,3.693894894,3.925779035,3.920613958,3.865667885,3.845334722
66.2,3.862917006,3.688327061,3.93437387,3.927058863,3.859131668,3.837817524
66.22,3.864910824,3.692632943,3.933436,3.924071977,3.861819343,3.838096424
66.24,3.857720897,3.687297829,3.94210736,3.930352276,3.854956656,3.830256462
66.26,3.858888867,3.691858265,3.941236513,3.927180519,3.857316623,3.830220786
66.28,3.851697007,3.686776899,3.949979642,3.933268496,3.850105597,3.822062822
66.3,3.85288394,3.691611816,3.949169037,3.92988327,3.852116735,3.821719718
66.32,3.845722808,3.686807152,3.957975117,3.935749372,3.844536892,3.813256913
66.34,3.846962327,3.69193836,3.957213953,3.932120421,3.846179632,3.812621372
66.36,3.83986643,3.687431076,3.966070194,3.937733608,3.838212233,3.80387073
66.38,3.841193906,3.692877909,3.965343738,3.93382937,3.83946894,3.802961643
66.4,3.834199342,3.688686018,3.97423346,3.939157468,3.831097343,3.793944101
66.42,3.835651578,3.694464961,3.973523159,3.934945446,3.83195265,3.79278433
66.44,3.828795692,3.690603451,3.982425928,3.939955523,3.823162647,3.783524821
66.46,3.830410565,3.696727792,3.98170956,3.935402657,3.823603791,3.78214124
66.48,3.823731576,3.693208294,3.990601359,3.940061405,3.814383935,3.789366498
66.5,3.825547644,3.699687808,3.989853223,3.935134464,3.81440108,3.787475087
66.52,3.819083941,3.696518295,3.998706659,3.939408589,3.804742738,3.794223323
66.54,3.821139618,3.703358965,3.997897807,3.934074563,3.804328895,3.791871082
66.56,3.814929634,3.70054349,4.006682356,3.937931179,3.794226908,3.798190849
66.58,3.817263283,3.707747263,4.005780848,3.932157671,3.793378856,3.795427614
66.6,3.811345011,3.705285746,4.014463129,3.935564699,3.800647331,3.800540318
66.62,3.813994313,3.71285035,4.013434326,3.929320326,3.799022956,3.797451933
66.64,3.808400445,3.710738406,4.021978404,3.932246617,3.805526345,3.802268067
66.66,3.811397889,3.718657185,4.020785281,3.92451229,3.803141557,3.798901935
66.68,3.806164121,3.716885975,4.02915299,3.927023287,3.808897249,3.803469952
66.7,3.809544544,3.725147803,4.02775102,3.918848757,3.805771417,3.799875615
66.72,3.804704529,3.723704013,4.035897655,3.920917288,3.810805899,3.804246038
66.74,3.808500478,3.732293256,4.034246775,3.912276127,3.806967518,3.800475005
66.76,3.804085323,3.73115904,4.042131494,3.913876832,3.811310916,3.804700231
66.78,3.808326553,3.740055582,4.040190384,3.904744632,3.806792167,3.800805741
66.8,3.804364323,3.739208662,4.047771268,3.905854339,3.810478366,3.804939766
66.82,3.80907731,3.748388002,4.045497725,3.896209035,3.805315231,3.800976482
66.84,3.80559255,3.747801766,4.052732155,3.896807084,3.808381969,3.805074567
66.86,3.810800028,3.757235151,4.050083477,3.886629275,3.802614313,3.801098232
66.88,3.80781332,3.756878805,4.056928514,3.886697841,3.805103256,3.80521654
66.9,3.813533853,3.766533401,4.053861882,3.875971112,3.798774884,3.801283585
66.92,3.811061406,3.766372169,4.060274655,3.875495524,3.800731666,3.805478768
66.94,3.817308996,3.776211282,4.056747515,3.864206768,3.793890346,3.801645881
66.96,3.81536228,3.776206645,4.062685601,3.86317583,3.795364576,3.805974635
66.98,3.82214603,3.786189987,4.057719375,3.851315566,3.788062027,3.802298293
67,3.820731472,3.786299965,4.063230069,3.849717178,3.78910726,3.806816865
67.02,3.828055305,3.796379226,4.05780719,3.857165803,3.781399074,3.803352833
67.04,3.827174034,3.796554484,4.062853103,3.854614166,3.782072406,3.808116505
67.06,3.835036449,3.80668352,4.056936228,3.861125544,3.774017509,3.804919299
67.08,3.834684066,3.806876573,4.061480559,3.85764036,3.774379839,3.809981838
67.1,3.843077992,3.817006716,4.055033628,3.863235721,3.76604101,3.807104164
67.12,3.843244504,3.817167731,4.059041172,3.85884033,3.766156826,3.812517256
67.14,3.852157237,3.827248161,4.052029691,3.863544654,3.757600298,3.810009442
67.16,3.852827014,3.827325335,4.055466969,3.858266236,3.757537426,3.815822114
67.18,3.862240212,3.837303469,4.047858312,3.86210845,3.747878273,3.81373153
67.2,3.863392016,3.837243419,4.050693873,3.85597822,3.747747365,3.819984823
67.22,3.873281762,3.847065298,4.042457586,3.858986855,3.738040211,3.818350145
67.24,3.874888823,3.846813455,4.04466231,3.852035767,3.73790273,3.825085881
67.26,3.885225709,3.856424141,4.035770386,3.854249117,3.728210197,3.823946664
67.28,3.887255889,3.85592514,4.037317737,3.846517855,3.728129844,3.814247016
67.3,3.898005265,3.865269105,4.027744928,3.847978562,3.718516672,3.813969267
67.32,3.900421593,3.864467174,4.028611315,3.839512216,3.718559309,3.805132903
67.34,3.91154421,3.873488688,4.01833546,3.840267401,3.709092289,3.805737359
67.36,3.914304879,3.872328039,4.018500535,3.831115583,3.709325202,3.797782717
67.38,3.925756663,3.880971549,4.007502863,3.831216958,3.700072193,3.799284988
67.4,3.928815353,3.879396745,4.006949828,3.821433899,3.700563587,3.792225095
67.42,3.922836482,3.887607247,3.995215259,3.820937844,3.691593106,3.794635109
67.44,3.926487389,3.885563814,3.993931169,3.81058246,3.692411527,3.788477319
67.46,3.921059244,3.893287577,3.981448625,3.80955007,3.683792143,3.791799259
67.48,3.925235851,3.890722039,3.979424701,3.798685984,3.685005848,3.786544551
67.5,3.920290107,3.897906369,3.966187418,3.797183078,3.676805521,3.790775887
67.52,3.924922219,3.894766594,3.963419356,3.785878602,3.67848179,3.786418502
67.54,3.920387069,3.901360313,3.949425197,3.78397568,3.670767152,3.791549825
67.56,3.925401246,3.89759584,3.945913486,3.772303746,3.672971545,3.788077
67.58,3.921201856,3.903549612,3.931165257,3.770075888,3.665807143,3.794091809
67.6,3.926521886,3.899111971,3.926915498,3.758113917,3.668602724,3.79148362
67.62,3.922580883,3.904378615,3.931959684,3.755640622,3.662050224,3.798358222
67.64,3.928128281,3.899221641,3.926588087,3.743469999,3.665496754,3.796587532
67.66,3.924366257,3.903756146,3.930533697,3.740834523,3.659614127,3.804291044
67.68,3.930060781,3.897835906,3.9240761,3.727507797,3.663767247,3.803323562
67.7,3.926396817,3.901596138,3.926961043,3.724844301,3.658602842,3.811818023
67.72,3.932156989,3.894871861,3.91945259,3.711513939,3.663507624,3.811612434
67.74,3.928509178,3.897818844,3.921315316,3.70889692,3.659109225,3.820852964
67.76,3.934252812,3.890253036,3.912802845,3.695638944,3.66481027,3.821361195
67.78,3.930538786,3.892351207,3.913692417,3.693145851,3.66121949,3.831296362
67.8,3.936183512,3.883909966,3.904227834,3.680039095,3.667754878,3.832463965
67.82,3.932320958,3.88512754,3.904198491,3.677749929,3.665006489,3.843036185
67.84,3.937784729,3.875780886,3.893838959,3.664875537,3.672407138,3.844802767
67.86,3.933691893,3.876090166,3.8929503,3.662872307,3.670528466,3.855948778
67.88,3.938893486,3.884978748,3.88175841,3.65031315,3.678817581,3.858248517
67.9,3.934489664,3.883989314,3.880075279,3.648679235,3.677828,3.869899913
67.92,3.939348864,3.891585414,3.868118787,3.636519222,3.687020616,3.872662115
67.94,3.934554491,3.889297589,3.86571177,3.635338639,3.686931143,3.884745936
67.96,3.938992936,3.895603321,3.853064353,3.623661943,3.697033786,3.887895633
67.98,3.933730646,3.892021716,3.850009836,3.623018527,3.697846797,3.900334979
68,3.93767225,3.897043605,3.836750978,3.61190872,3.708857262,3.90379357
68.02,3.931867149,3.892177357,3.833131181,3.611885214,3.710566332,3.916508243
68.04,3.93523852,3.895926576,3.818364412,3.601424324,3.722473592,3.920194134
68.06,3.946783629,3.889789599,3.814346603,3.602096266,3.72506347,3.93310129
68.08,3.949169846,3.89227732,3.799206572,3.592358913,3.737847688,3.936930287
68.1,3.959711863,3.884883882,3.794867474,3.593803563,3.741294341,3.949944678
68.12,3.961063515,3.88613263,3.779433315,3.584865189,3.754927036,3.953830931
68.14,3.9705546,3.877508249,3.774854661,3.587155452,3.759197925,3.966866135
68.16,3.970825994,3.877545999,3.759210531,3.579086633,3.773642279,3.970722767
68.18,3.979222168,3.867721769,3.754478983,3.582289989,3.778696702,3.983691664
68.2,3.978371585,3.866582211,3.738713886,3.575155373,3.793907965,3.987431386
68.22,3.985632941,3.855595083,3.733920808,3.579332832,3.799697505,4.000246752
68.24,3.983622846,3.853317911,3.718128322,3.573190095,3.815623492,4.003782436
68.26,3.989713767,3.841210983,3.713369458,3.578395186,3.822092562,4.016357502
68.28,3.986511024,3.837842195,3.697647369,3.573294056,3.820222153,4.019602727
68.3,3.991400394,3.82466502,3.693022408,3.579571884,3.827662617,4.031852019
68.32,3.986976486,3.820257224,3.677472207,3.575553536,3.826718622,4.034721976
68.34,3.99063791,3.806066116,3.673084227,3.582940427,3.835052311,4.046561392
68.36,3.98496916,3.800678849,3.657810499,3.580036431,3.834953221,4.04897271
68.38,3.987381199,3.804878337,3.653765279,3.588558609,3.844095921,4.060319965
68.4,3.980449008,3.798217403,3.638874631,3.586790286,3.844754548,4.063021744
68.42,3.981595099,3.801198435,3.635279329,3.59646346,3.854616696,4.056323604
68.44,3.973389871,3.793355519,3.620879815,3.595841387,3.855945108,4.057824602
68.46,3.973262446,3.795212991,3.617842643,3.606670352,3.866436613,4.068190707
68.48,3.963771262,3.78628567,3.604042678,3.607194077,3.868334569,4.069803884
68.5,3.962360621,3.787120379,3.601671592,3.61917254,3.879353456,4.079333218
68.52,3.951585586,3.77721217,3.58857875,3.620830434,3.881725179,4.080062757
68.54,3.948895855,3.777130917,3.585937495,3.633940908,3.893174079,4.088676587
68.56,3.936840079,3.766351438,3.594557342,3.636705024,3.895916914,4.088446333
68.58,3.932877409,3.765461479,3.593387393,3.650912759,3.907692155,4.096070604
68.6,3.937694964,3.753921279,3.581577191,3.654753535,3.910701431,4.094809186
68.62,3.932134082,3.751455198,3.580327367,3.670024749,3.922697741,4.101374458
68.64,3.935381735,3.739344577,3.590446403,3.674893166,3.925867662,4.099015147
68.66,3.928257499,3.736360462,3.590855336,3.691172371,3.937978935,4.104457286
68.68,3.92920864,3.723782506,3.580691109,3.697018652,3.941203207,4.100127816
68.7,3.920688062,3.720392757,3.581186273,3.714252515,3.953323225,4.104508008
68.72,3.920265255,3.707462997,3.593147559,3.721008717,3.956491751,4.099083292
68.74,3.910389569,3.70377913,3.594391916,3.739123692,3.968511347,4.102353611
68.76,3.908641108,3.690610778,3.607145008,3.7467176,3.971519571,4.095787827
68.78,3.897461782,3.686753663,3.609204331,3.765637777,3.983334917,4.097905097
68.8,3.894441818,3.673469782,3.601763397,3.773990133,3.986079995,4.090157309
68.82,3.882016364,3.669564335,3.605100941,3.793633314,3.997589226,4.091083348
68.84,3.877785298,3.656291911,3.598953171,3.802659186,3.999970564,4.082117712
68.86,3.864177645,3.652466799,3.603609074,3.802270668,4.011074295,4.081819547
68.88,3.85880248,3.639335642,3.59878935,3.812276792,4.012994381,4.07160553
68.9,3.844083337,3.635721845,3.604794202,3.812807739,4.023596583,4.070055625
68.92,3.837638039,3.62286379,3.60132766,3.823688008,4.024960947,4.058568239
68.94,3.821885246,3.619593888,3.608701455,3.825029666,4.034968644,4.055744738
68.96,3.814451101,3.607141818,3.606602139,3.836673355,4.03568623,4.042964792
68.98,3.816028629,3.604348927,3.615353657,3.838712877,4.045010006,4.038851782
69,3.807351611,3.592435313,3.614624173,3.851005623,4.044993486,4.042373682
69.02,3.807752114,3.590251423,3.62475057,3.853627053,4.05447481,4.036625183
69.04,3.797945101,3.579007319,3.625381778,3.866451834,4.053524113,4.038527997
69.06,3.797284646,3.577562451,3.636868373,3.869541776,4.062034015,4.03116339
69.08,3.786466774,3.566176099,3.638839292,3.882784006,4.060059932,4.031463687
69.1,3.784867866,3.565560001,3.651655117,3.886222824,4.067512545,4.022503012
69.12,3.77315999,3.555044513,3.654927818,3.899762517,4.064432002,4.021223691
69.14,3.770746969,3.555362224,3.669034072,3.903429957,4.070747666,4.010693454
69.16,3.758281612,3.545820557,3.673563856,3.917146928,4.066483881,4.00786403
69.18,3.755190155,3.547172138,3.688910697,3.920923002,4.070677892,3.995797564
69.2,3.742105782,3.538701617,3.694642156,3.934697689,4.065307543,3.99145023
69.22,3.7384774,3.541180741,3.711169347,3.938458805,4.068370773,3.977884229
69.24,3.72491821,3.533871596,3.718037086,3.952169103,4.061835732,3.972064572
69.26,3.720079806,3.537564089,3.735674767,3.955798712,4.063712294,3.95704878
69.28,3.706234055,3.531494075,3.743604219,3.969329218,4.055959564,3.949806069
69.3,3.701179153,3.536471955,3.763326161,3.97271335,4.056598823,3.933394553
69.32,3.687181055,3.531712092,3.772305251,3.985956184,4.047580743,3.924791616
69.34,3.682046081,3.538045722,3.77177031,3.988988647,4.046937489,3.924767418
69.36,3.668034232,3.534660976,3.78209797,4.001833816,4.055449044,3.91454597
69.38,3.662959535,3.542404857,3.782841193,4.004406605,4.054043833,3.912961026
69.4,3.64907596,3.54044396,3.794392962,4.016747248,4.041854366,3.901223187
69.42,3.644205375,3.549639817,3.796285599,4.01876,4.038030472,3.898183785
69.44,3.630595235,3.549138104,3.808929457,4.030496993,4.043362522,3.885029511
69.46,3.62607515,3.559814024,3.811836017,4.031843549,4.037826403,3.879807072
69.48,3.612885534,3.560792862,3.825433934,4.04287314,4.041455045,3.865462579
69.5,3.608859612,3.572962703,3.829213682,4.043456684,4.034201958,3.859103618
69.52,3.596233838,3.575429004,3.843623037,4.05368428,4.036126293,3.843672185
69.54,3.592849562,3.58909202,3.848131467,4.053412718,4.027162906,3.836283435
69.56,3.580934224,3.593038036,3.863206578,4.062748362,4.027392989,3.8198759
69.58,3.578337281,3.608178866,3.86829689,4.061534382,4.016731995,3.811571883
69.6,3.567276301,3.613582296,3.883890434,4.070874113,4.01528402,3.794307007
69.62,3.565608878,3.630171196,3.88941491,4.06848585,4.002948919,3.785210318
69.64,3.555541729,3.63699555,3.905384079,4.07661615,3.99984939,3.76721506
69.66,3.554940659,3.654988888,3.911200438,4.072966119,3.985863732,3.75745664
69.68,3.545129588,3.663184128,3.927398052,4.079803492,3.981140084,3.756701953
69.7,3.545664792,3.662639548,3.933359809,4.07481146,3.96553449,3.746081765
69.72,3.537033927,3.672523951,3.949640662,4.080279672,3.959221141,3.744555613
69.74,3.538811598,3.673621379,3.955604005,4.073872707,3.942033373,3.73323531
69.76,3.531463556,3.685113709,3.971825435,4.076934898,3.934172621,3.731102158
69.78,3.534581331,3.687765464,3.977649392,4.069230628,3.934462563,3.719248629
69.8,3.528609107,3.700772644,3.99366737,4.070973675,3.924739313,3.716677657
69.82,3.533154294,3.704879787,3.999209979,4.061918467,3.923210951,3.704462195
69.84,3.528639773,3.71929801,4.014890183,4.062291115,3.911706822,3.701627131
69.86,3.534687785,3.724751518,4.020019699,4.072906066,3.908445009,3.689225443
69.88,3.531700229,3.740467537,4.035232739,4.072436683,3.89524886,3.685421353
69.9,3.53931315,3.747149704,4.039822294,4.059953686,3.890350574,3.673023433
69.92,3.537903611,3.764042263,4.054448471,4.056887393,3.875559429,3.669305139
69.94,3.547123965,3.771828123,4.058381754,4.064062776,3.869116165,3.657068816
69.96,3.547331676,3.789769397,4.072297109,4.060112899,3.852831222,3.653595279
69.98,3.55819048,3.798528244,4.075452952,4.065230569,3.844958755,3.641680268
70,3.560038784,3.818305285,4.088549412,4.059216996,3.827300565,3.638611909
70.02,3.572550914,3.827940139,4.090827629,4.06228014,3.818117833,3.627178772
70.04,3.576051143,3.848519582,4.103000988,4.053236474,3.79921068,3.624676197
70.06,3.590220178,3.858871069,4.104295743,4.05447302,3.788841831,3.613884906
70.08,3.595363921,3.880092635,4.115438311,4.043596092,3.786977088,3.612107395
70.1,3.611172936,3.891000034,4.115645595,4.043018526,3.77532487,3.602110223
70.12,3.617935476,3.912702888,4.125662153,4.030318701,3.772250354,3.601208514
70.14,3.635351442,3.924005637,4.12469026,4.027941605,3.759456328,3.592158146
70.16,3.643692191,3.925965417,4.133492046,4.013442393,3.755316711,3.592282299
70.18,3.643925741,3.937887418,4.131256073,4.00929306,3.74152936,3.584325042
70.2,3.654154803,3.940372531,4.138761215,3.993024741,3.736476428,3.585618079
70.22,3.656234179,3.952743635,4.135182678,3.987137425,3.721851396,3.578892341
70.24,3.668278004,3.955584585,4.14131558,3.96913743,3.716044191,3.581487912
70.26,3.672122004,3.968236544,4.136322468,3.961553765,3.700744367,3.576121484
70.28,3.685892819,3.971266513,4.141014006,3.963130687,3.694349202,3.580141778
70.3,3.691406603,3.984034263,4.134540814,3.953494708,3.678544351,3.576249939
70.32,3.706803573,3.987090165,4.137728089,3.953064035,3.671734272,3.581803667
70.34,3.713879948,3.9998128,4.12971546,3.941456957,3.655601151,3.579487226
70.36,3.730790564,4.002736176,4.131342292,3.939102851,3.648556161,3.586667732
70.38,3.739311467,4.015257776,4.121737785,3.925613036,3.632278005,3.58601125
70.4,3.758472632,4.017895541,4.121754723,3.921427083,3.625184312,3.594894847
70.42,3.768382784,4.03006983,4.110512687,3.906150588,3.608950107,3.595969623
70.44,3.788862452,4.032278705,4.10887712,3.900232377,3.601999256,3.588518754
70.46,3.800007198,4.043960572,4.117669128,3.883273559,3.586002746,3.591732596
70.48,3.821647372,4.045598718,4.113940335,3.875731014,3.579390805,3.586427946
70.5,3.833866003,4.056649146,4.120647398,3.857202777,3.563829673,3.590872496
70.52,3.837634509,4.057580926,4.114822158,3.848153288,3.557755418,3.587605344
70.54,3.851119946,4.067868093,4.119444749,3.828178456,3.541780088,3.594095446
70.56,3.856057852,4.067965481,4.111526254,3.817749481,3.536407415,3.592860456
70.58,3.870632012,4.077364509,4.114071314,3.817831139,3.521205678,3.601382232
70.6,3.87655949,4.076506413,4.104069286,3.805760038,3.516702953,3.602160581
70.62,3.89204165,4.084899616,4.104549974,3.8042963,3.502442546,3.612687018
70.64,3.898777228,4.082972223,4.092480401,3.79075375,3.498976202,3.61544254
70.66,3.914985888,4.090249227,4.090916934,3.787919769,3.485822138,3.627929377
70.68,3.922348216,4.087146094,4.076803164,3.773084658,3.483554573,3.632608899
70.7,3.93910276,4.093203897,4.073223066,3.768022821,3.471666732,3.647927287
70.72,3.946912181,4.088825997,4.057095925,3.752189599,3.470748481,3.654584925
70.74,3.964038778,4.093569008,4.05152897,3.74621295,3.460277919,3.671839473
70.76,3.972123246,4.087824776,4.033423444,3.729544257,3.46086009,3.680375527
70.78,3.989446767,4.091164834,4.025915427,3.722819098,3.451948648,3.699457689
70.8,3.997633226,4.104278828,4.005880945,3.705485474,3.454166526,3.709755927
70.82,4.014982915,4.105754677,3.996485803,3.698186112,3.446943276,3.712302992
70.84,4.023102897,4.116987395,3.996475973,3.680366029,3.450918064,3.724586309
70.86,4.040313219,4.116549069,3.984841697,3.672674404,3.445497097,3.729037942
70.88,4.048204536,4.12585423,3.982645677,3.654553637,3.451334015,3.743158629
70.9,4.065116146,4.123458529,3.968869983,3.646659387,3.44781189,3.749360336
70.92,4.072622801,4.130797083,3.964589,3.628431263,3.455597371,3.765158548
70.94,4.089082952,4.127242816,3.948777994,3.620531134,3.45405104,3.772944917
70.96,4.096055807,4.132383799,3.942525992,3.602395635,3.463851014,3.790251008
70.98,4.112706933,4.125777534,3.924798373,3.594692648,3.464336162,3.799448079
71,4.118920847,4.128902772,3.916689111,3.576855426,3.476194635,3.818088819
71.02,4.134738191,4.120259234,3.897164795,3.569557654,3.478744485,3.82852079
71.04,4.14003692,4.121349192,3.887328092,3.552228558,3.492682639,3.848314341
71.06,4.154874069,4.110651878,3.866142864,3.545547533,3.497307339,3.859797298
71.08,4.159115779,4.109693979,3.854719533,3.528938866,3.513323177,3.880558634
71.1,4.172835955,4.096933457,3.831021759,3.523087617,3.520009683,3.8929066
71.12,4.175888435,4.093922293,3.818334668,3.507406414,3.538078222,3.914449577
71.14,4.188364483,4.07909165,3.8154438,3.502591739,3.546790753,3.927476471
71.16,4.190105097,4.074025439,3.801205695,3.48689238,3.547316548,3.931257367
71.18,4.201219378,4.05713227,3.79684967,3.483240828,3.558373027,3.945138666
71.2,4.201535168,4.050022802,3.78122145,3.468776675,3.561196714,3.949669436
71.22,4.211179799,4.051580621,3.775566471,3.466457812,3.574517456,3.964211007
71.24,4.209966987,4.042059842,3.758724862,3.453395595,3.579548298,3.969298727
71.26,4.218042741,4.041237181,3.751951624,3.452571996,3.595033267,3.984309004
71.28,4.215206217,4.029358209,3.734082363,3.441070373,3.602161197,3.989763965
71.3,4.221622977,4.026211372,3.726380893,3.441895099,3.619691919,4.00505528
71.32,4.217076772,4.012034935,3.707678973,3.432101861,3.628789546,4.010692231
71.34,4.221753306,4.006628081,3.699248685,3.434715629,3.648231278,4.026081965
71.36,4.215420238,3.990223029,3.679918475,3.426764861,3.6591562,4.032569237
71.38,4.218284036,3.98262872,3.670968198,3.431293245,3.680360352,4.047816572
71.4,4.21009958,3.964072635,3.651223351,3.425302568,3.692962024,4.054055331
71.42,4.211089952,3.954372528,3.641971115,3.431853335,3.715773133,4.068967913
71.44,4.200991969,3.954331218,3.622034202,3.427921375,3.729887479,4.074770496
71.46,4.200051339,3.942236758,3.612706406,3.436582142,3.734476262,4.089165205
71.48,4.187985784,3.939874999,3.591736883,3.434786316,3.750321977,4.094353773
71.5,4.185064604,3.925512055,3.582586466,3.445617091,3.756542928,4.108057593
71.52,4.190251581,3.920955142,3.561879051,3.446006142,3.773934301,4.112464092
71.54,4.184944769,3.904454491,3.553107859,3.459047296,3.781598909,4.125313459
71.56,4.18774688,3.897844823,3.532867336,3.461650022,3.800344592,4.128779458
71.58,4.180046313,3.879353555,3.524682551,3.476917413,3.809259835,4.140620957
71.6,4.180458987,3.870843963,3.505118379,3.481737908,3.829165169,4.142998377
71.62,4.170364652,3.850519882,3.497730906,3.499222708,3.839135759,4.153688755
71.64,4.168391461,3.83939102,3.479055338,3.506240489,3.860004937,4.154839691
71.66,4.155911566,3.817555703,3.472673061,3.525909637,3.870835382,4.16424581
71.68,4.151560016,3.804992513,3.455094268,3.535080368,3.892473406,4.164042437
71.7,4.136707748,3.781798798,3.449928053,3.535004856,3.904957982,4.172041128
71.72,4.13000069,3.767959409,3.43365554,3.546689661,3.92717571,4.170370553
71.74,4.112803804,3.764280125,3.429912371,3.549082714,3.940118296,4.176852041
71.76,4.103772927,3.748948364,3.4151501,3.563199433,3.962696793,4.17360386
71.78,4.103624787,3.743889366,3.413028945,3.567963283,3.975881814,4.178462123
71.8,4.091953625,3.727266684,3.399971513,3.584404357,3.998609021,4.173535025
71.82,4.088455533,3.721034586,3.399660401,3.591420679,4.011828443,4.176672999
71.84,4.074416638,3.703328868,3.388489497,3.610058937,4.014681042,4.188575556
71.86,4.068588787,3.696137065,3.389019023,3.619190997,4.028120315,4.189556305
71.88,4.052252077,3.677570834,3.379732113,3.6398767,4.031080017,4.19928176
71.9,4.044167725,3.669641065,3.38221649,3.650965506,4.044531133,4.198051552
71.92,4.025611248,3.65044165,3.374939377,3.673538507,4.047394126,4.20555098
71.94,4.015352244,3.64201217,3.379496727,3.686417473,4.060657587,4.202064708
71.96,3.994662844,3.622422165,3.374337756,3.710706234,4.063228819,4.207297655
71.98,3.982320278,3.613740075,3.381067517,3.725198883,4.076114298,4.201518535
72,3.979034546,3.594010645,3.37811509,3.729023833,4.078208145,4.204452759
72.02,3.964348876,3.58436714,3.387095638,3.745384951,4.090535379,4.19635184
72.04,3.958798095,3.564763504,3.386411472,3.750972488,4.091976543,4.196962793
72.06,3.94189936,3.555361524,3.397693399,3.769004559,4.103575217,4.186519326
72.08,3.934219585,3.536111191,3.399318779,3.776154593,4.104198235,4.184790741
72.1,3.915254206,3.52718108,3.412931835,3.795654876,4.114908155,4.171992026
72.12,3.905597421,3.508516603,3.416883367,3.805266415,4.114557697,4.167915746
72.14,3.88472228,3.500292966,3.432832366,3.826088429,4.124234325,4.15275725
72.16,3.87325143,3.482450054,3.439107186,3.836887706,4.122769208,4.146333393
72.18,3.850634905,3.475169574,3.457378018,3.858789134,4.131270446,4.147566183
72.2,3.837524949,3.458384673,3.465945067,3.870534584,4.128553186,4.138449567
72.22,3.813347741,3.452283479,3.486495239,3.89327556,4.135746408,4.137013772
72.24,3.79796885,3.43679084,3.497299637,3.905729348,4.151648356,4.125245405
72.26,3.792102325,3.432097179,3.49871265,3.92907479,4.157027779,4.121181118
72.28,3.77520535,3.418120225,3.512330713,3.942011213,4.171078179,4.10680621
72.3,3.767933222,3.415063491,3.5164908,3.965738369,4.174553848,4.100167789
72.32,3.749720652,3.401808981,3.53280395,3.978932765,4.186667027,4.083245822
72.34,3.741251095,3.400478271,3.539572552,4.002820957,4.188158362,4.074096593
72.36,3.721931508,3.389025824,3.558430009,4.016057044,4.198257789,4.05469611
72.38,3.712479156,3.389594053,3.567648111,4.03989447,4.197693156,4.043108742
72.4,3.692278135,3.380110204,3.588880692,4.052965413,4.205711041,4.040129016
72.42,3.682074288,3.382735585,3.600368524,4.076550112,4.203027369,4.025839806
72.44,3.661228163,3.375370509,3.623788083,4.089259306,4.208904041,4.019421126
72.46,3.650514717,3.380193127,3.637348993,4.112399788,4.20404616,4.002756138
72.48,3.629266795,3.375077239,3.662752381,4.124561352,4.207726452,3.994016591
72.5,3.618292444,3.382215764,3.678176825,4.124861003,4.200644512,3.975082255
72.52,3.596900868,3.379456567,3.705349872,4.136730935,4.202087606,3.964132084
72.54,3.585052042,3.389005359,3.722419646,4.136635346,4.192745336,3.943043849
72.56,3.563792968,3.388680552,3.728505443,4.148027721,4.191918026,3.929998825
72.58,3.552197518,3.400701928,3.747446576,4.147356127,4.180286553,3.906878869
72.6,3.551002575,3.402864539,3.755279513,4.158095437,4.17716314,3.891871332
72.62,3.539527466,3.417396474,3.77585687,4.156676932,4.183360026,3.885759911
72.64,3.53859154,3.422070294,3.78520028,4.166597445,4.178449818,3.868582196
72.66,3.527491891,3.439121479,3.80717579,4.164270869,4.18170738,3.860404451
72.68,3.527069636,3.446301217,3.817791506,4.173221169,4.172960347,3.841236686
72.7,3.516599651,3.465851291,3.84092712,4.193148009,4.173573616,3.831169051
72.72,3.516943663,3.475502901,3.852578298,4.200362197,4.162187275,3.810194321
72.74,3.507354019,3.476357973,3.876643449,4.21849347,4.16018529,3.798431532
72.76,3.508711821,3.488836759,3.889101685,4.223841432,4.146185569,3.775850416
72.78,3.500247052,3.492470825,3.913866111,4.240054488,4.141598553,3.761744731
72.8,3.502858626,3.507692655,3.926903892,4.243419717,4.125018924,3.737898926
72.82,3.495749091,3.514007602,3.952143358,4.25760508,4.117880401,3.722624232
72.84,3.499837399,3.531862379,3.965540117,4.258883862,4.098759522,3.716698335
72.86,3.494303361,3.540735266,3.991038092,4.270944471,4.089118225,3.700097273
72.88,3.480268002,3.561089258,4.005597826,4.270045131,4.067508149,3.692970608
72.9,3.476896696,3.5723754,4.031103036,4.279900956,4.055421054,3.67527226
72.92,3.46511391,3.595079532,4.04553883,4.276746769,4.05165607,3.667179582
72.94,3.464090212,3.608621353,4.047993777,4.284320831,4.036807416,3.648623288
72.96,3.453789622,3.634510917,4.062522332,4.278839611,4.030334137,3.639809379
72.98,3.455120012,3.650287025,4.064948128,4.284065496,4.012826013,3.620640879
73,3.447231935,3.657054112,4.079340753,4.276195314,4.003750333,3.611356855
73.02,3.451044571,3.675254249,4.081508882,4.279016655,3.983694109,3.5918371
73.04,3.445682558,3.684316924,4.095543008,4.268705428,3.972131674,3.582348829
73.06,3.452078449,3.704703621,4.097236402,4.269075545,3.949649035,3.562748185
73.08,3.449331161,3.715818171,4.110701026,4.256280731,3.935726388,3.553330394
73.1,3.458384881,3.738143487,4.111714576,4.2541624,3.931287884,3.533927557
73.12,3.458313548,3.751057916,4.124410868,4.238850817,3.914770331,3.523924811
73.14,3.470071261,3.77506756,4.124551712,4.234215811,3.907837032,3.504979229
73.16,3.472703223,3.789525575,4.1362932,4.216363221,3.888896061,3.495560451
73.18,3.487175357,3.814962702,4.135380818,4.209192911,3.879646642,3.477322701
73.2,3.492510508,3.830707288,4.145993395,4.21135078,3.858472277,3.468740596
73.22,3.509681285,3.857315918,4.143859552,4.201211422,3.846139234,3.451464454
73.24,3.517689469,3.874092565,4.153181044,4.200420046,3.823125858,3.443969048
73.26,3.537513484,3.901620552,4.149669252,4.18733729,3.809042742,3.427903223
73.28,3.54813544,3.919179953,4.157549694,4.183627957,3.784369982,3.421747059
73.3,3.550545767,3.926004277,4.17552673,4.167644651,3.768722355,3.407141476
73.32,3.564090473,3.944524698,4.181389011,4.161063552,3.763012877,3.402572133
73.34,3.569363511,3.952177481,4.197307386,4.141265405,3.745620436,3.389669564
73.36,3.585722329,3.971410511,4.201052884,4.132177161,3.738290506,3.386924809
73.38,3.593735857,3.979647228,4.214814361,4.109880717,3.719382978,3.375956156
73.4,3.612775023,3.999352281,4.216351706,4.098335234,3.71067388,3.375259969
73.42,3.623383218,4.007936764,4.227876007,4.096260691,3.690498078,3.366439801
73.44,3.645871984,4.027882334,4.227130723,4.081886055,3.680662798,3.367997579
73.46,3.6590746,4.037487251,4.236347529,4.077033143,3.659477508,3.361524163
73.48,3.684059177,4.057394009,4.233259142,4.059924753,3.648781647,3.365523161
73.5,3.699649255,4.066826409,4.240110722,4.052392024,3.626858606,3.36156605
73.52,3.706832733,4.086452473,4.234621437,4.032653309,3.615580553,3.368162435
73.54,3.724976628,4.095477932,4.239053931,4.022547752,3.593204281,3.365847257
73.56,3.734585081,4.114595893,4.231114897,4.000291053,3.581634958,3.374962427
73.58,3.755036739,4.122994084,4.233083189,3.987729084,3.559097323,3.3752027
73.6,3.766816336,4.141390516,4.222654159,3.963076745,3.546462725,3.386919765
73.62,3.78932227,4.14895536,4.222121579,3.948185357,3.524076965,3.389779664
73.64,3.803015262,4.166431094,4.209170652,3.944020134,3.511728466,3.404145755
73.66,3.827315242,4.172970791,4.206108762,3.926515401,3.489762733,3.409662133
73.68,3.842659235,4.189340822,4.213784976,3.919840791,3.477972496,3.426698131
73.7,3.868490278,4.194677641,4.207744172,3.89990357,3.477295006,3.435891346
73.72,3.885222088,4.20977053,4.212461544,3.890906425,3.465949183,3.436479022
73.74,3.912326953,4.213740042,4.203460216,3.8687285,3.465876596,3.44790086
73.76,3.930191789,4.227398049,4.205241435,3.857607236,3.455267254,3.451470483
73.78,3.938121404,4.229849487,4.193305231,3.833393163,3.456080257,3.465853063
73.8,3.957256686,4.241928263,4.192180276,3.820359827,3.446485631,3.472337524
73.82,3.966318834,4.242724072,4.177342198,3.794328204,3.44846281,3.489599964
73.84,3.98646373,4.253091661,4.173348511,3.778553595,3.440157203,3.498903355
73.86,3.997246078,4.252106278,4.155649146,3.751114445,3.443560903,3.519930836
73.88,4.018142618,4.260646376,4.148826438,3.734032302,3.436800097,3.532146932
73.9,4.029530506,4.257768887,4.128311086,3.7282714,3.421204832,3.556009779
73.92,4.050905483,4.264370506,4.118716239,3.709665347,3.416637809,3.570968321
73.94,4.062626178,4.259495701,4.095444893,3.702518603,3.403348656,3.578064078
73.96,4.084212805,4.264058469,4.083142925,3.682636127,3.401203465,3.595952112
73.98,4.096006198,4.257091544,4.080514225,3.674357193,3.390437474,3.605863131
74,4.11755102,4.259525251,4.065140887,3.653457409,3.390920528,3.626467143
74.02,4.129170328,4.272061034,4.059501862,3.644311811,3.381709593,3.638969098
74.04,4.15043338,4.271880886,4.041172011,3.622666475,3.384779159,3.662050678
74.06,4.161645533,4.281789829,4.032641115,3.612926675,3.37821145,3.676895567
74.08,4.182400664,4.279783254,4.01147904,3.590815076,3.38399592,3.702206087
74.1,4.192987078,4.286770463,4.00018865,3.580772135,3.380186952,3.71913978
74.12,4.213026916,4.281816735,3.976332163,3.558490852,3.38878651,3.74642155
74.14,4.222787409,4.285849399,3.962419587,3.548446868,3.387822121,3.765183257
74.16,4.24191376,4.277921839,3.9360131,3.526303038,3.399305928,3.774669481
74.18,4.250657393,4.278977811,3.919628521,3.516569842,3.401239822,3.795383929
74.2,4.268686385,4.26806015,3.914250364,3.494879555,3.415644355,3.806681869
74.22,4.276236563,4.266127512,3.89513074,3.484596276,3.420497106,3.82907851
74.24,4.292997903,4.251383824,3.886134647,3.46362328,3.437818845,3.841917835
74.26,4.29919125,4.246740886,3.864711059,3.454190564,3.445569851,3.865726822
74.28,4.315297029,4.229270025,3.85350584,3.434202675,3.465774998,3.879839418
74.3,4.31982363,4.221920477,3.829965566,3.425894851,3.476374719,3.904798572
74.32,4.334191598,4.223548413,3.816743653,3.407166402,3.478527536,3.92082443
74.34,4.336898041,4.213092496,3.791285822,3.400257825,3.492309086,3.946698696
74.36,4.349387164,4.211643137,3.776252253,3.383061555,3.497589946,3.963482635
74.38,4.350137936,4.19812984,3.749089774,3.377823236,3.514453917,3.98998466
74.4,4.36061484,4.19365507,3.732464237,3.362425774,3.522744356,4.007245258
74.42,4.359283122,4.17714066,3.727344589,3.359120259,3.542558852,4.0340999
74.44,4.367628098,4.169699815,3.708926962,3.345776891,3.553712634,4.051568803
74.46,4.364100366,4.150247876,3.702165982,3.344652718,3.577452927,4.05888746
74.48,4.370206662,4.13990789,3.682230291,3.33360242,3.591532458,4.076698432
74.5,4.364382255,4.117590698,3.674108918,3.334894603,3.618091938,4.08422177
74.52,4.368155777,4.104427701,3.652942319,3.326361321,3.63487034,4.102117337
74.54,4.359945808,4.101226954,3.643754919,3.330277223,3.643049945,4.109594163
74.56,4.361303752,4.08492435,3.621658027,3.324453098,3.662690679,4.12733004
74.58,4.35063016,4.078659176,3.61171233,3.331171016,3.673592299,4.134522816
74.6,4.349500253,4.059342539,3.588999747,3.328216852,3.695833898,4.151868099
74.62,4.336295918,4.050143978,3.577505439,3.337880953,3.709187823,4.158552645
74.64,4.332616766,4.027948728,3.554539392,3.337914875,3.733754968,4.175290171
74.66,4.337382015,4.015952523,3.542934247,3.350624244,3.749280372,4.181256101
74.68,4.330715574,3.99102122,3.520000442,3.353728171,3.77588904,4.197182297
74.7,4.332492159,3.976383457,3.508575927,3.369545082,3.793299026,4.203067512
74.72,4.322825061,3.948878009,3.485971267,3.375759011,3.821661393,4.217847014
74.74,4.321607522,3.930891942,3.475029451,3.371441532,3.840672058,4.222474438
74.76,4.308938371,3.923222947,3.453055645,3.379982514,3.849452554,4.235907351
74.78,4.304719082,3.902736474,3.44290269,3.402198848,3.870189973,4.239086061
74.8,4.289046292,3.892675268,3.421866237,3.414766104,3.880544372,4.250989275
74.82,4.281833784,3.869878144,3.412810723,3.41674433,3.902723167,4.252544165
74.84,4.263171381,3.857621039,3.393032381,3.432789535,3.914368857,4.262749958
74.86,4.25298367,3.832715388,3.385395772,3.438187746,3.937703327,4.262521285
74.88,4.251995527,3.818471926,3.36719,3.457600075,3.950357821,4.270876874
74.9,4.238481247,3.791673726,3.361284781,3.466289461,3.974569168,4.268719146
74.92,4.233460966,3.775667994,3.344959577,3.488921118,3.988980379,4.275085585
74.94,4.216943425,3.74720547,3.341089276,3.500737777,4.013789967,4.290688218
74.96,4.208953869,3.729675077,3.325714264,3.526413573,4.028634985,4.294572734
74.98,4.189494777,3.699798643,3.323975039,3.541163027,4.053742538,4.307656188
75,4.178600722,3.680997255,3.31083335,3.569668816,4.06872865,4.308971586
75.02,4.156269666,3.672104052,3.311453471,3.587130994,4.093849566,4.319455376
75.04,4.1425442,3.651891686,3.300764334,3.594815587,4.108700588,4.318126626
75.06,4.138133391,3.641747212,3.303951093,3.615211586,4.133567509,4.325941998
75.08,4.121275699,3.619471176,3.295911069,3.625692773,4.148025144,4.321905108
75.1,4.11380409,3.608481849,3.301841766,3.648769304,4.172388011,4.326993926
75.12,4.093928952,3.585488253,3.296613597,3.661785186,4.18621118,4.320195759
75.14,4.083517698,3.573942528,3.305437725,3.687274516,4.209837364,4.322510533
75.16,4.060756804,3.550526257,3.303154873,3.702551504,4.222802406,4.312908082
75.18,4.047543194,3.538725729,3.314986998,3.73017663,4.245476538,4.312411248
75.2,4.022038525,3.515194699,3.315746315,3.747434474,4.257376905,4.299971225
75.22,4.006170841,3.503453538,3.330662974,3.776913949,4.278900465,4.296634764
75.24,3.978076106,3.480127779,3.334522161,3.795870318,4.28954621,4.281333248
75.26,3.959715165,3.468771448,3.352559986,3.826922586,4.309736943,4.275138396
75.28,3.950012537,3.445981452,3.359536353,3.847297104,4.318954067,4.276933013
75.3,3.928942831,3.435344316,3.380691547,3.856102371,4.337645277,4.267494363
75.32,3.916639712,3.413428068,3.390762165,3.878088524,4.34527505,4.266062792
75.34,3.892262157,3.402807916,3.391023968,3.888357041,4.363243253,4.253406993
75.36,3.877774536,3.382017296,3.404598605,3.911674735,4.368939397,4.248779549
75.38,3.851292401,3.372673105,3.408312873,3.924237921,4.3849035,4.232941708
75.4,3.834819152,3.353303034,3.425302011,3.948647348,4.3885199,4.225156516
75.42,3.806444247,3.345529444,3.432365325,3.962130799,4.402341606,4.206179802
75.44,3.788205255,3.327872432,3.452649554,3.987319182,4.403739969,4.19528372
75.46,3.758164975,3.321959707,3.46292049,4.001416278,4.41528911,4.193257373
75.48,3.738396587,3.306301245,3.486343182,4.027083804,4.414346117,4.178939064
75.5,3.727846879,3.302530009,3.499649131,4.041501928,4.423506728,4.173548338
75.52,3.706406426,3.289142578,3.52602457,4.067363532,4.420112778,4.155901143
75.54,3.694331107,3.287777376,3.542166363,4.081825581,4.426782756,4.147244409
75.56,3.671511211,3.276914552,3.571284637,4.10761218,4.42084179,4.126370915
75.58,3.658210501,3.278198115,3.590041638,4.121857522,4.424932002,4.113747906
75.6,3.633441091,3.27008825,3.597581706,4.14731674,4.416360533,4.09003106
75.62,3.619310412,3.274230583,3.6192044,4.1611021,4.417789578,4.074611795
75.64,3.593838311,3.269065174,3.630655228,4.185999063,4.406513286,4.068264542
75.66,3.579165906,3.276244985,3.655091398,4.199103958,4.405218705,4.049786069
75.68,3.553286509,3.274188381,3.669187306,4.223224837,4.391179888,4.040464241
75.7,3.538375458,3.284551626,3.696126761,4.235437697,4.387110077,4.019071647
75.72,3.512399476,3.28572307,3.712551913,4.258578502,4.370262208,4.00692574
75.74,3.497567975,3.299368051,3.741675857,4.26970344,4.36337663,3.982773959
75.76,3.471820672,3.303841978,3.760108949,4.292693653,4.3651815,3.967965077
75.78,3.457400729,3.320821042,3.791095816,4.302375437,4.355051558,3.941220197
75.8,3.432220431,3.328625273,3.811220997,4.323829742,4.353619652,3.9239214
75.82,3.41761594,3.326464381,3.81956191,4.33187259,4.340251868,3.894762894
75.84,3.414359168,3.336935688,3.841543366,4.351605616,4.335593582,3.875156806
75.86,3.400371795,3.338222491,3.851566732,4.357832836,4.319003859,3.863988764
75.88,3.397897291,3.3521252,3.875078039,4.37567683,4.311138929,3.841900488
75.9,3.38483695,3.356798403,3.886466082,4.379928559,4.291352237,3.828372795
75.92,3.383457491,3.375142816,3.911192996,4.395732347,4.280309561,3.804048142
75.94,3.371635008,3.38338665,3.923641449,4.397864789,4.278030532,3.788413787
75.96,3.37166303,3.405233871,3.949285222,4.411492781,4.263775482,3.761216579
75.98,3.361386959,3.416891115,3.962495486,4.411372387,4.258319401,3.743909445
76,3.363115596,3.442064203,3.988763471,4.422699609,4.240912179,3.715144816
76.02,3.354672201,3.456941126,4.002449457,4.420214357,4.232343982,3.696410767
76.04,3.358382424,3.485229615,4.029062435,4.429136181,4.21185958,3.686619043
76.06,3.352043327,3.503101951,4.044006458,4.424187486,4.200257185,3.666334388
76.08,3.357994474,3.51166588,4.070643299,4.430617687,4.17677793,3.655141535
76.1,3.354006746,3.53273715,4.085448782,4.423122833,4.162226994,3.633605067
76.12,3.341246402,3.544359749,4.111818467,4.426978607,4.157484061,3.621316902
76.14,3.340244645,3.568368965,4.126204555,4.416859969,4.1396811,3.598842442
76.16,3.330565968,3.582779,4.152036098,4.418069568,4.131766094,3.58578019
76.18,3.332744989,3.609447199,4.16574224,4.405260265,4.110844928,3.562696852
76.2,3.326324105,3.626358381,4.19078486,4.403763034,4.099896955,3.549197035
76.22,3.331842054,3.655394527,4.203570618,4.388207102,4.076000751,3.524884712
76.24,3.328815635,3.674511503,4.227593386,4.383952896,4.062168955,3.511321894
76.26,3.337783748,3.705618113,4.23923793,4.389623343,4.035447015,3.487086469
76.28,3.338237786,3.726641801,4.262029153,4.382119082,4.018888221,3.473773941
76.3,3.350724003,3.759519971,4.272330223,4.384546752,3.989509231,3.449934827
76.32,3.354701492,3.782152283,4.293696273,4.373794981,3.970399821,3.437197639
76.34,3.37072575,3.794776679,4.302469788,4.372985926,3.960292118,3.414085134
76.36,3.378221397,3.81926321,4.322239757,4.358997862,3.938414647,3.402257543
76.38,3.397760654,3.833556991,4.329323183,4.354966428,3.925655406,3.380209609
76.4,3.408728789,3.859555864,4.347335675,4.337761503,3.901243417,3.369632107
76.42,3.410403963,3.875180577,4.352575757,4.330530865,3.886072728,3.348991171
76.44,3.425182996,3.902358642,4.368684483,4.310137534,3.85837642,3.340006517
76.46,3.430603463,3.918986732,4.371942627,4.299739703,3.841267491,3.32110992
76.48,3.449066294,3.94702259,4.386015486,4.276190054,3.811727126,3.31300653
76.5,3.458084675,3.964339473,4.387166845,4.262663252,3.792907405,3.316506284
76.52,3.480057268,3.992925974,4.400048358,4.26013935,3.761753419,3.310071284
76.54,3.492480207,4.01063236,4.398714952,4.243101578,3.741462599,3.294895153
76.56,3.517754954,4.039482907,4.409062038,4.237128145,3.730791838,3.29079751
76.58,3.533360335,4.057300957,4.405127973,4.216674628,3.708878868,3.278083211
76.6,3.561700701,4.08614101,4.412833309,4.207352003,3.696737144,3.276575273
76.62,3.580239965,4.103804919,4.406198056,4.183586932,3.673505934,3.26656329
76.64,3.589974136,4.132377245,4.411168895,4.171025606,3.660204642,3.267873836
76.66,3.611602116,4.14963913,4.401745986,4.144063991,3.635975206,3.260778065
76.68,3.624274513,4.155740147,4.403903205,4.12738022,3.621842285,3.265106479
76.7,3.64870986,4.172711497,4.391624047,4.121913929,3.596945803,3.261107938
76.72,3.664036131,4.178373848,4.390899289,4.102102482,3.582320987,3.268617752
76.74,3.690989657,4.194784566,4.375696209,4.093596657,3.556011358,3.267859097
76.76,3.708671792,4.199747629,4.371097003,4.070803013,3.541290405,3.278667765
76.78,3.737842572,4.215346208,4.377935072,4.059398507,3.515023948,3.281241675
76.8,3.757577239,4.219362867,4.371163802,4.033771507,3.500522682,3.295424864
76.82,3.788661432,4.233912234,4.374562409,4.019640145,3.474621702,3.301382876
76.84,3.810144881,4.23676545,4.364346378,3.991354811,3.460668545,3.318969844
76.86,3.822239525,4.250056376,4.364312633,3.97467289,3.435467208,3.328316844
76.88,3.84568344,4.251545509,4.350664919,3.943911364,3.422401134,3.328673479
76.9,3.859553427,4.263384454,4.34721588,3.924868995,3.39824283,3.341796004
76.92,3.884613349,4.263319213,4.329215731,3.891828217,3.386410645,3.345890593
76.94,3.899917513,4.273523691,4.322735115,3.870626424,3.363645001,3.362717221
76.96,3.926256599,4.294712404,4.301700656,3.859886418,3.353396834,3.370456968
76.98,3.942663073,4.302683317,4.292215061,3.836291358,3.33237382,3.39087233
77,3.969955189,4.321584614,4.268175419,3.823293433,3.32287239,3.402121992
77.02,3.987144165,4.3272019,4.255718682,3.797576894,3.325809901,3.425964023
77.04,4.015076969,4.34370375,4.253525036,3.782594508,3.317941002,3.440542392
77.06,4.032743759,4.346862049,4.237671656,3.753932491,3.322661879,3.467616258
77.08,4.061020671,4.360866185,4.232127407,3.737452339,3.31669442,3.485313866
77.1,4.078877196,4.361473285,4.212956107,3.707401351,3.301372503,3.494673336
77.12,4.107218806,4.372894624,4.204145476,3.689683036,3.297990788,3.515666463
77.14,4.124995056,4.370871061,4.18175236,3.658511098,3.285370442,3.528186738
77.16,4.153140402,4.379636538,4.16977454,3.639832189,3.284809271,3.552223846
77.18,4.170584453,4.374914442,4.144263976,3.607825313,3.27511107,3.567642375
77.2,4.177463439,4.380962187,4.129226888,3.588481707,3.277577557,3.594452767
77.22,4.194673487,4.374331977,4.100712544,3.580445311,3.270991341,3.612495456
77.24,4.201171246,4.377322359,4.082737871,3.560280614,3.276658592,3.641800268
77.26,4.217882942,4.366759639,4.076258712,3.551598706,3.273337014,3.662180111
77.28,4.223744483,4.366942778,4.05501301,3.530961939,3.282338969,3.694673312
77.3,4.239702733,4.353541447,4.045365422,3.52198941,3.282393432,3.717256311
77.32,4.244687875,4.350881822,4.021023965,3.501241616,3.294825304,3.730973577
77.34,4.259665569,4.334610463,4.008389715,3.492344978,3.298328633,3.755826036
77.36,4.263551322,4.329081584,3.981139442,3.471857616,3.314237721,3.771629825
77.38,4.277334312,4.333119071,3.965712859,3.463412823,3.321212726,3.798410984
77.4,4.279915325,4.324265249,3.935753953,3.442324794,3.34059937,3.815961612
77.42,4.292306306,4.324994341,3.916724585,3.434643272,3.351015155,3.844334724
77.44,4.293393883,4.312837414,3.90954659,3.414457215,3.351601436,3.86329885
77.46,4.304212379,4.310277947,3.887917269,3.407854585,3.365840021,3.892935786
77.48,4.303634453,4.294843227,3.87826772,3.388892212,3.370194864,3.912990911
77.5,4.312715976,4.289030543,3.854264758,3.383689657,3.388151876,3.943575263
77.52,4.332093978,4.27035811,3.842376763,3.366270835,3.396150474,3.964411788
77.54,4.338881522,4.261335041,3.81623916,3.362784765,3.417679467,3.995641026
77.56,4.355918141,4.239472309,3.802359354,3.347222306,3.429156888,4.016964118
77.58,4.360304279,4.22728975,3.774340526,3.345759167,3.454073815,4.028537876
77.6,4.374899502,4.225587814,3.758730806,3.332353107,3.468830063,4.050457107
77.62,4.376794795,4.209877069,3.729100028,3.333203353,3.496923796,4.06245442
77.64,4.388864692,4.204709847,3.712038852,3.322234662,3.514735553,4.084652415
77.66,4.388952079,4.185571527,3.681083386,3.325666331,3.545766557,4.096765204
77.68,4.398172798,4.177048073,3.66286805,3.317390411,3.566384126,4.118947237
77.7,4.395363075,4.154592875,3.63089457,3.323642607,3.57773844,4.130890516
77.72,4.401658881,4.142824115,3.611842397,3.318282805,3.601337863,4.152777168
77.74,4.395883539,4.117166889,3.57917821,3.327559876,3.615524721,4.164281551
77.76,4.399191628,4.102273469,3.558487155,3.325302211,3.641828881,4.185612764
77.78,4.390394599,4.073539409,3.55074725,3.337761622,3.65856422,4.196428067
77.8,4.390664174,4.055647062,3.529457811,3.338741288,3.688414685,4.216963075
77.82,4.378801038,4.047378685,3.521299748,3.35449813,3.707593313,4.226863932
77.84,4.375992564,4.026197528,3.499740241,3.358813207,3.739716198,4.246385064
77.86,4.36102954,4.01473823,3.491498104,3.353118115,3.760989219,4.255156925
77.88,4.355113899,3.990460649,3.470008373,3.361307151,3.795036412,4.273458199
77.9,4.358215452,3.976008128,3.462027595,3.359489686,3.81805811,4.280904008
77.92,4.349051438,3.947930275,3.440957954,3.371567369,3.831227455,4.29779265
77.94,4.349677234,3.930953199,3.433587519,3.373615332,3.856094737,4.303729063
77.96,4.336995617,3.900431156,3.413290382,3.389546071,3.870926882,4.319874894
77.98,4.333372313,3.881123578,3.406888652,3.395397565,3.897302113,4.323951169
78,4.317499604,3.871844196,3.387723637,3.415096227,3.913467752,4.338153364
78.02,4.310705835,3.849963972,3.382649201,3.42464096,3.941026707,4.340196508
78.04,4.291675004,3.838237465,3.364973669,3.447975731,3.958203208,4.352296551
78.06,4.281746611,3.814033967,3.361580496,3.461059014,3.986629647,4.35215643
78.08,4.259598186,3.80011615,3.345744557,3.48785598,4.004507503,4.362013151
78.1,4.246578901,3.773853536,3.344375875,3.504283993,4.033499338,4.359556354
78.12,4.243400929,3.75801599,3.330715661,3.509381337,4.051784219,4.367044729
78.14,4.226936261,3.729974792,3.330420541,3.529435753,4.082084641,4.362153101
78.16,4.220370619,3.712506398,3.319012086,3.538025418,4.100468045,4.367167919
78.18,4.200551623,3.682979239,3.321101571,3.561455622,4.130716723,4.359741183
78.2,4.190693879,3.66418341,3.312191994,3.573280276,4.14889406,4.362183061
78.22,4.167619454,3.63249777,3.316902133,3.599812084,4.156203036,4.352128003
78.24,4.154573436,3.612823507,3.310707582,3.614587876,4.174319384,4.351911008
78.26,4.128346503,3.603996094,3.318240016,3.64392826,4.181412789,4.3603607
78.28,4.112222108,3.583285859,3.314947803,3.661355849,4.199185896,4.357011432
78.3,4.105091102,3.573589266,3.325473032,3.693199337,4.205790847,4.362318223
78.32,4.085600462,3.552173952,3.32523366,3.712969809,4.222957249,4.355803052
78.34,4.075189497,3.541945383,3.338883454,3.747004668,4.228820248,4.357937779
78.36,4.052500639,3.520169001,3.341806712,3.768805566,4.245135919,4.34823358
78.38,4.038982287,3.509758658,3.333158107,3.779620723,4.2500227,4.347177404
78.4,4.013274367,3.487977416,3.339832179,3.803632745,4.265263005,4.334270912
78.42,3.996833166,3.477747527,3.334946702,3.81648871,4.268958668,4.330014621
78.44,3.968298218,3.456328914,3.345408158,3.842398545,4.282917217,4.313902047
78.46,3.949132541,3.446651241,3.344300556,3.856982892,4.28522458,4.306445749
78.48,3.939340557,3.425970495,3.358539661,3.88448079,4.29771253,4.308431725
78.5,3.917475898,3.417218648,3.361178131,3.90048662,4.29845159,4.29738953
78.52,3.905096157,3.396554578,3.379138739,3.930413895,4.309296539,4.295826127
78.54,3.880753614,3.389011222,3.385440142,3.947607628,4.308308913,4.281250224
78.56,3.866008461,3.36970212,3.407019885,3.978555409,4.317358088,4.276194474
78.58,3.839419062,3.363689851,3.416867002,3.996595854,4.33724209,4.258145242
78.6,3.822553054,3.346056697,3.441923404,4.028231335,4.343925854,4.249662107
78.62,3.793969885,3.34189261,3.455155558,4.046794225,4.361400401,4.228208033
78.64,3.775243836,3.326248256,3.483509253,4.078802379,4.366557322,4.216371462
78.66,3.744937197,3.324238223,3.499931463,4.097582438,4.358460603,4.191594819
78.68,3.724630137,3.310881302,3.505691439,4.129673043,4.36120489,4.175671374
78.7,3.715175652,3.311313619,3.525590321,4.148390044,4.373433724,4.169367752
78.72,3.693170758,3.30052202,3.534697076,4.155008942,4.373212899,4.150154154
78.74,3.6813021,3.303660787,3.557832687,4.173879263,4.382449585,4.140627729
78.76,3.65803947,3.295680171,3.570033544,4.180502935,4.379194184,4.118228549
78.78,3.645066655,3.301752389,3.596143662,4.199257212,4.385375382,4.10559004
78.8,3.620852906,3.296796503,3.611166359,4.205624631,4.379029532,4.080125671
78.82,3.6070898,3.305995311,3.639971862,4.224010205,4.382104957,4.064500802
78.84,3.582246734,3.304237318,3.657530518,4.22987727,4.372625378,4.036101204
78.86,3.568022607,3.316712705,3.689937603,4.247658415,4.372556904,4.017625972
78.88,3.542887304,3.318280425,3.709944117,4.25280389,4.359912084,4.007925941
78.9,3.528546584,3.334141426,3.744626471,4.269765968,4.356672996,3.986344719
78.92,3.503470489,3.339121358,3.766727769,4.273977203,4.340842236,3.973633552
78.94,3.489371396,3.334491031,3.777518426,4.29095829,4.334416285,3.949135002
78.96,3.464719279,3.343390659,3.801866089,4.293841438,4.337403684,3.933606597
78.98,3.45123298,3.342676588,3.814718524,4.309395453,4.327709705,3.906386973
79,3.426391968,3.355495472,3.840967737,4.310733013,4.327447404,3.888245456
79.02,3.413846124,3.35866456,3.855534024,4.324653254,4.314512378,3.858517905
79.04,3.390096418,3.375344554,3.883340213,4.324254196,4.311029807,3.837985153
79.06,3.37882555,3.382315954,3.899279432,4.336359544,4.29488725,3.826654494
79.08,3.356503864,3.402753035,3.928306916,4.334051489,4.288220471,3.803784252
79.1,3.34683989,3.413398091,3.945288975,4.34417897,4.268905735,3.790237904
79.12,3.326277601,3.43744232,3.975214332,4.339807116,4.25909504,3.765273716
79.14,3.318553247,3.451589018,3.99292286,4.347810791,4.236658971,3.749761475
79.16,3.300079729,3.455012955,4.023437437,4.341236784,4.223758113,3.722961193
79.18,3.29461816,3.47294115,4.041572341,4.346986702,4.221275809,3.705748145
79.2,3.278550327,3.480026196,4.072384634,4.338087663,4.204922799,3.677385453
79.22,3.274621694,3.501502333,4.090663018,4.341468542,4.199052523,3.658753378
79.24,3.261053509,3.511994507,4.122574454,4.355693977,4.179349064,3.629114685
79.26,3.259751347,3.536747825,4.140679851,4.356126404,4.170196664,3.60936011
79.28,3.248920162,3.550374177,4.172275046,4.367383565,4.14725163,3.600407692
79.3,3.250470076,3.578121791,4.189915269,4.364810764,4.134931231,3.579449869
79.32,3.242585965,3.594586472,4.194903223,4.373048143,4.10886203,3.568519353
79.34,3.247183104,3.625024514,4.212300269,4.367425629,4.093496568,3.546777822
79.36,3.242417842,3.644018761,4.216894341,4.372603531,4.06442615,3.535221603
79.38,3.250215628,3.676834156,4.233776201,4.363897474,4.046146216,3.513012062
79.4,3.248705155,3.698042474,4.237714271,4.365986297,4.03734803,3.501152061
79.42,3.259819622,3.732918329,4.25382847,4.35417288,4.015869057,3.478802503
79.44,3.261657032,3.756024247,4.256867978,4.353152481,4.00396897,3.466972564
79.46,3.276159843,3.768446281,4.27198142,4.33821708,3.979483222,3.444822657
79.48,3.28139276,3.793611082,4.273899476,4.334076978,3.964678404,3.433367729
79.5,3.299309747,3.807921515,4.287798487,4.316014659,3.937390376,3.411766938
79.52,3.307940088,3.834831224,4.288390665,4.308753664,3.919891167,3.401040628
79.54,3.306594864,3.850718094,4.300879439,4.313267387,3.89001953,3.380345447
79.56,3.319042389,3.879064738,4.299959067,4.302422517,3.870051153,3.370707166
79.58,3.321473812,3.89622422,4.310858766,4.303392336,3.860011035,3.351278032
79.6,3.337663376,3.926685071,4.308255656,4.289017459,3.837629022,3.343082803
79.62,3.343775092,3.944871562,4.317408647,4.286496195,3.825294671,3.324199036
79.64,3.363592937,3.976199375,4.339143728,4.268649631,3.800738588,3.317667629
79.66,3.373247072,3.99508577,4.345912674,4.262707367,3.786350877,3.30058319
79.68,3.39652967,4.026961839,4.365220766,4.241462387,3.759870221,3.296011801
79.7,3.40954936,4.046238341,4.369504085,4.232177821,3.743691985,3.281017908
79.72,3.436102237,4.078362629,4.386291283,4.207616632,3.715558195,3.278690099
79.74,3.452278243,4.097738825,4.388996287,4.195077501,3.697868533,3.266062461
79.76,3.481877697,4.105478728,4.402880884,4.167296335,3.668370083,3.266243053
79.78,3.500974571,4.12515484,4.402629849,4.150594611,3.649465974,3.25623554
79.8,3.510588666,4.133044656,4.413531012,4.145908878,3.642200117,3.259164212
79.82,3.532804519,4.152748083,4.410245428,4.127039492,3.621961438,3.252002401
79.84,3.545394184,4.160523627,4.418092979,4.118877383,3.613557216,3.257887315
79.86,3.571451297,4.179998251,4.411723372,4.095567768,3.592341914,3.253762387
79.88,3.586937585,4.187416757,4.41647158,4.084441667,3.582038997,3.262779543
79.9,3.615732617,4.207346926,4.406966508,4.058216207,3.560258164,3.261843141
79.92,3.633785559,4.214055503,4.408576304,4.044256045,3.549548517,3.274116177
79.94,3.664989045,4.23315768,4.395909678,4.015251156,3.527519134,3.276474981
79.96,3.685277568,4.238907915,4.394353368,3.998606189,3.516725138,3.292086353
79.98,3.718553391,4.256944144,4.37850409,3.966975797,3.494774888,3.297800086
80,3.740742067,4.261507896,4.373765313,3.947806753,3.484229126,3.316784593
80.02,3.7528632,4.278260197,4.353750138,3.939691587,3.462694912,3.325864969
80.04,3.77706751,4.281429293,4.346191114,3.917677059,3.452737895,3.326220128
80.06,3.791025735,4.296694205,4.349731825,3.906828992,3.431962856,3.339070512
80.08,3.816915042,4.298275335,4.338852915,3.882190939,3.422940889,3.343157939
80.1,3.832382724,4.311874607,4.3391017,3.868836971,3.403272527,3.359712095
80.12,3.859633467,4.311698011,4.324946505,3.841810063,3.39553357,3.36744156
80.14,3.876291712,4.323471185,4.321949477,3.826190952,3.377318392,3.387588241
80.16,3.904590785,4.321384492,4.304568348,3.797024325,3.371207275,3.398826244
80.18,3.92213265,4.331187786,4.298378448,3.779396268,3.354785746,3.422412829
80.2,3.952075158,4.327054752,4.277828719,3.748355451,3.35063844,3.436986978
80.22,3.970218956,4.334764486,4.268506021,3.728992045,3.336338809,3.463828734
80.24,4.000607572,4.328466777,4.244852425,3.721292702,3.334475856,3.48153896
80.26,4.019035745,4.333966667,4.23246464,3.700183006,3.32134416,3.48933096
80.28,4.049563273,4.325394445,4.205773403,3.690876181,3.321830339,3.510388223
80.3,4.067979312,4.328581754,4.190392812,3.668290773,3.311151804,3.521397501
80.32,4.098360169,4.342286282,4.187267747,3.657654501,3.314214434,3.545549345
80.34,4.116488657,4.342603673,4.168496662,3.633884327,3.306203963,3.559513254
80.36,4.146457933,4.353423546,4.162063514,3.622215659,3.312042561,3.586487085
80.38,4.164044178,4.350825042,4.140036764,3.59756517,3.306884873,3.603125832
80.4,4.170281625,4.35871946,4.130435393,3.585175066,3.315666196,3.632635133
80.42,4.187530806,4.353170564,4.105296431,3.559962428,3.313510958,3.651658214
80.44,4.193299886,4.358109515,4.092675908,3.547175634,3.325364574,3.683409024
80.46,4.209975324,4.349585528,4.064578007,3.521732533,3.326322439,3.70553699
80.48,4.215048288,4.351548325,4.049097907,3.508887106,3.341337353,3.717186865
80.5,4.231771701,4.340033802,4.018205561,3.483557917,3.345481964,3.741665117
80.52,4.235805312,4.339012523,4.00003749,3.47100404,3.36371141,3.755490642
80.54,4.251384666,4.324503471,3.966528069,3.446144239,3.371071609,3.781978096
80.56,4.25415723,4.320492053,3.945857459,3.434242226,3.368868081,3.797635761
80.58,4.268381031,4.302987344,3.936595888,3.408937765,3.379900173,3.825791441
80.6,4.269690461,4.295988119,3.913123806,3.397984563,3.38133579,3.842944252
80.62,4.282366393,4.300280028,3.90118063,3.37376251,3.395988665,3.872435258
80.64,4.282029316,4.289846451,3.874072021,3.364064443,3.400994238,3.890755813
80.66,4.292982991,4.290743103,3.859963911,3.341227555,3.419179026,3.921260827
80.68,4.290833423,4.276923501,3.830782259,3.333085951,3.427644242,3.940434711
80.7,4.299908019,4.27447922,3.814734608,3.311939803,3.44923229,3.971646734
80.72,4.295797137,4.257338389,3.783711548,3.305657016,3.461009009,3.991374828
80.74,4.30285229,4.251622403,3.765964069,3.286500638,3.485835848,4.023003096
80.76,4.296647263,4.231232609,3.733346482,3.28236953,3.500742629,4.043003155
80.78,4.301558177,4.222321818,3.714154965,3.265489624,3.504856172,4.052426502
80.8,4.316417866,4.19876323,3.707003482,3.263787468,3.52316714,4.073787954
80.82,4.318633866,4.18674245,3.686130684,3.249452018,3.530565887,4.083460753
80.84,4.330778178,4.160103065,3.677457161,3.25043391,3.552057246,4.104928615
80.86,4.330236535,4.145065856,3.655218466,3.23888553,3.562506772,4.114555838
80.88,4.339602283,4.140372438,3.645344472,3.242777762,3.586929272,4.135845023
80.9,4.336246373,4.121956213,3.622068434,3.234227101,3.6001717,4.145151432
80.92,4.342781726,4.113961549,3.611328918,3.241220758,3.627258868,4.165996845
80.94,4.336565771,4.092315067,3.587357977,3.235840351,3.644211044,4.174727221
80.96,4.340230039,4.081171816,3.576101942,3.246085631,3.673884928,4.194889809
80.98,4.331119206,4.056453778,3.550592503,3.244010393,3.693240198,4.202813487
81,4.33188208,4.042325199,3.539219434,3.257613087,3.725164688,4.222065899
81.02,4.31985166,4.014699248,3.513727236,3.258920441,3.746584927,4.228964725
81.04,4.317692628,3.997756672,3.502547457,3.275936723,3.756535353,4.247098302
81.06,4.302727438,3.966476104,3.477388043,3.280659322,3.780159061,4.25277285
81.08,4.29763529,3.947183575,3.466716892,3.301096216,3.792135946,4.269597518
81.1,4.303131801,3.938654231,3.442210185,3.309217877,3.817623101,4.273865822
81.12,4.294669942,3.91670918,3.432374659,3.333033817,3.831288669,4.289207999
81.14,4.29682835,3.905636085,3.408850163,3.34449052,3.858304073,4.29190432
81.16,4.285039018,3.88125239,3.400181065,3.345028093,3.873327423,4.305606844
81.18,4.283906345,3.867854518,3.37797042,3.360237701,3.901545417,4.306581559
81.2,4.268839794,3.841258148,3.370798754,3.364453548,3.917607059,4.318502778
81.22,4.26447083,3.825767401,3.350231779,3.38328207,3.946714245,4.317621315
81.24,4.246185105,3.797198078,3.344883233,3.391020104,3.963507863,4.327634202
81.26,4.238642514,3.779860978,3.326281462,3.413293217,3.993205438,4.325632237
81.28,4.217203647,3.749573878,3.321773934,3.424359649,4.01044016,4.333383811
81.3,4.206562589,3.730653279,3.305235548,3.449861544,4.04045004,4.329052605
81.32,4.182047508,3.724046057,3.302919456,3.464022186,4.058928488,4.33442828
81.34,4.168384561,3.703354228,3.288686334,3.492511763,4.064894793,4.327667104
81.36,4.164415827,3.694148286,3.288795342,3.509518606,4.083679927,4.330571314
81.38,4.147376231,3.672127506,3.277084536,3.540739449,4.089791149,4.321285389
81.4,4.140093727,3.661735906,3.279824519,3.56032328,4.10858056,4.321629307
81.42,4.11980255,3.638669833,3.270831174,3.567291495,4.114543795,4.332390515
81.44,4.109342047,3.627381923,3.276383749,3.589710425,4.133054806,4.329681701
81.46,4.08594029,3.603566385,3.270272764,3.599360975,4.138596965,4.337383402
81.48,4.072446937,3.591683897,3.278787251,3.624323279,4.15656608,4.331590524
81.5,4.045252441,3.567427,3.275688518,3.636360435,4.161433598,4.336207831
81.52,4.029147957,3.55525981,3.287277081,3.663566463,4.178617298,4.327306718
81.54,4.023020786,3.530877113,3.287281773,3.677689085,4.182576247,4.328822773
81.56,4.004000703,3.518750294,3.302016457,3.706836445,4.198750527,4.316806904
81.58,3.99505151,3.494571626,3.305174606,3.722742899,4.201586216,4.315220987
81.6,3.973297576,3.482819664,3.323085606,3.753531062,4.216546098,4.300094415
81.62,3.961712263,3.459183266,3.329405123,3.770923502,4.218062528,4.295416353
81.64,3.937416333,3.448147738,3.350480488,3.803057714,4.231621417,4.277193268
81.66,3.923391654,3.425397329,3.359927633,3.821645649,4.231640547,4.268603424
81.68,3.896757215,3.415423715,3.356853137,3.854840123,4.243629425,4.27039638
81.7,3.88049832,3.392772718,3.36991117,3.875523917,4.241986213,4.259472851
81.72,3.851738372,3.384114237,3.37038592,3.882669353,4.252255083,4.257826439
81.74,3.833468738,3.362907436,3.386953247,3.904541896,4.248815172,4.242645897
81.76,3.826531578,3.355854431,3.390863464,3.912704745,4.25723039,4.237938742
81.78,3.806050935,3.336379617,3.410802897,3.935443505,4.251857159,4.219717464
81.8,3.797057716,3.331215273,3.417994788,3.944308438,4.258290534,4.212018786
81.82,3.774649285,3.313751144,3.441135165,3.967605494,4.27517814,4.190829183
81.84,3.762983323,3.310746875,3.451423212,3.976872648,4.279058361,4.180215479
81.86,3.739076518,3.295552944,3.477564191,4.000436164,4.293369439,4.156133068
81.88,3.726045357,3.29495676,3.490736121,4.009822292,4.294631811,4.142686086
81.9,3.700904491,3.282274618,3.519653404,4.033378176,4.306307024,4.138697834
81.92,3.686778416,3.284314417,3.535475629,4.042618265,4.304898719,4.12208266
81.94,3.660680488,3.274358521,3.566926556,4.065910853,4.313889883,4.114997406
81.96,3.645742812,3.279232081,3.585149778,4.074758437,4.309768723,4.095349356
81.98,3.618978486,3.272184052,3.618878867,4.097550756,4.316038492,4.085305542
82,3.603526494,3.280053631,3.640488901,4.105777987,4.309172905,4.062768021
82.02,3.576400173,3.276057202,3.648970981,4.127857761,4.312693962,4.049912691
82.04,3.560744848,3.285879746,3.67317174,4.135260226,4.303062123,4.024638275
82.06,3.53357429,3.284761914,3.684069387,4.156425802,4.303816623,4.009128243
82.08,3.518033972,3.297506152,3.71052906,4.162809779,4.291405902,3.981279949
82.1,3.514029809,3.29932443,3.723514867,4.182876051,4.289384911,3.963283129
82.12,3.498475904,3.31502611,3.751905248,4.188064332,4.274191416,3.956015458
82.14,3.494614848,3.319795336,3.766652353,4.206862436,4.269394562,3.935286857
82.16,3.479350834,3.33845613,3.796648417,4.210693668,4.275884583,3.925412954
82.18,3.475936808,3.346159037,3.812835351,4.228070245,4.2678675,3.902176684
82.2,3.461266406,3.368909765,3.844119725,4.231467106,4.271173505,3.889010198
82.22,3.458602468,3.379789308,3.861440032,4.24704211,4.25999019,3.863707937
82.24,3.444827693,3.380077704,3.893718525,4.248548494,4.260164315,3.848580429
82.26,3.443213581,3.394533154,3.911878748,4.262173383,4.245864614,3.82142144
82.28,3.430629839,3.39832389,3.944859761,4.261650239,4.242966982,3.804547664
82.3,3.430357126,3.416222843,3.96357496,4.273193947,4.225613916,3.775753728
82.32,3.419249722,3.423362945,3.996981008,4.270519123,4.219711988,3.757361656
82.34,3.42059752,3.44453526,4.01598127,4.279866927,4.199376047,3.750254748
82.36,3.411237097,3.454836499,4.021869801,4.274934096,4.190544947,3.730157907
82.38,3.414467186,3.479079235,4.041431739,4.281986934,4.167304129,3.721499526
82.4,3.407104243,3.492323977,4.047738001,4.274705049,4.155626696,3.69997686
82.42,3.412456398,3.519407805,4.067602028,4.279377775,4.129567763,3.690051935
82.44,3.407317066,3.535354714,4.074073051,4.269669057,4.115136124,3.667393718
82.46,3.390973254,3.565029328,4.095098014,4.271889611,4.110981585,3.656498673
82.48,3.388735422,3.583419969,4.101411429,4.259694622,4.093434772,3.633006973
82.5,3.375369648,3.58969604,4.122153733,4.259406223,4.086240261,3.62145008
82.52,3.375134046,3.61078426,4.128046173,4.272005159,4.065722802,3.597438632
82.54,3.36468041,3.619605814,4.148252584,4.268652945,4.055636046,3.584514915
82.56,3.36742058,3.643106266,4.153479559,4.278197839,4.032301279,3.560337267
82.58,3.35998,3.654188794,4.172915236,4.271778874,4.019475211,3.547390223
82.6,3.365781164,3.679813395,4.17725153,4.278272605,3.993483369,3.523330892
82.62,3.36142487,3.692867354,4.195701027,4.268793796,3.97808979,3.510649196
82.64,3.370341833,3.720325472,4.198940323,4.272248805,3.949619503,3.487000722
82.66,3.369105752,3.735060907,4.21620688,4.259726451,3.931842369,3.474880378
82.68,3.38115719,3.764063677,4.2181612,4.260164446,3.925807044,3.451941509
82.7,3.383040627,3.780194215,4.234066094,4.244623977,3.905393121,3.44068324
82.72,3.398208363,3.810458206,4.234565091,4.242075297,3.895799035,3.418755684
82.74,3.403173914,3.827704406,4.248946868,4.22355072,3.873221898,3.408657057
82.76,3.42140342,3.858954625,4.247837017,4.218049439,3.861570007,3.388036679
82.78,3.429378089,3.878071006,4.260550644,4.196581017,3.837039194,3.379397566
82.8,3.450580146,3.884178182,4.257699142,4.188179787,3.823543888,3.35928857
82.82,3.461462885,3.904394415,4.268619434,4.163824009,3.797280419,3.352283769
82.84,3.485517378,3.911439278,4.263901553,4.15154336,3.782163184,3.333915487
82.86,3.499167578,3.932451431,4.27291101,4.152267996,3.754390507,3.328785005
82.88,3.50169542,3.940136735,4.266210399,4.137039694,3.737888374,3.312392282
82.9,3.518441341,3.961654937,4.273200445,4.134879634,3.708856445,3.309363944
82.92,3.523967758,3.969698513,4.264421665,4.116798768,3.691225714,3.295167462
82.94,3.543627061,3.991448142,4.269304069,4.111852815,3.686042806,3.294451971
82.96,3.553000289,3.99958342,4.258364668,4.091020525,3.667093372,3.282652315
82.98,3.575561907,4.02131147,4.261063601,4.083393429,3.660758425,3.284442739
83,3.587698033,4.029292948,4.24789319,4.059917146,3.640794142,3.275221634
83.02,3.61290616,4.050757097,4.248344606,4.049721106,3.633615559,3.279681044
83.04,3.627540245,4.058350704,4.26098002,4.023716253,3.612948634,3.273187433
83.06,3.655123429,4.079325412,4.258597784,4.011071307,3.604092497,3.280447845
83.08,3.671977931,4.086313529,4.268406016,3.982661588,3.58308508,3.276792006
83.1,3.70165485,4.106589578,4.263183998,3.967691449,3.574026262,3.286943319
83.12,3.720445218,4.112771429,4.270162726,3.964715328,3.552950599,3.28620239
83.14,3.727573304,4.132156539,4.262103851,3.947037478,3.543964039,3.299301786
83.16,3.748497234,4.137348207,4.266259179,3.941450916,3.523097669,3.301514836
83.18,3.757604444,4.155666941,4.255374506,3.921251698,3.514463582,3.31758127
83.2,3.780368809,4.159700348,4.256721292,3.913244302,3.494088479,3.322748442
83.22,3.791162421,4.176792597,4.243030658,3.890718569,3.486090333,3.341761905
83.24,3.815475211,4.179514875,4.241592117,3.880489031,3.466490383,3.349844948
83.26,3.827665474,4.195235423,4.225123629,3.855841275,3.459412293,3.371747887
83.28,3.853239537,4.197439584,4.220931166,3.843598524,3.440870365,3.382672018
83.3,3.866543117,4.211455858,4.201725872,3.817044046,3.434993853,3.407371781
83.32,3.893104165,4.211873901,4.194821782,3.803008462,3.41778824,3.421028631
83.34,3.907251606,4.224049346,4.172921179,3.774774609,3.413388373,3.424824929
83.36,3.934531005,4.222553482,4.163350411,3.759179206,3.397788645,3.441542139
83.38,3.94925989,4.232767772,4.167076676,3.729506495,3.395130074,3.448311569
83.4,3.977001588,4.229245911,4.154373539,3.712597675,3.381393224,3.467930819
83.42,3.992985529,4.237393517,4.155032426,3.708407544,3.380725047,3.477500932
83.44,4.020927239,4.231752534,4.139297329,3.690082123,3.369082327,3.499842639
83.46,4.036963264,4.23774555,4.13698692,3.684600933,3.370625125,3.512023194
83.48,4.040304293,4.229899338,4.118323323,3.66510463,3.360014008,3.536883801
83.5,4.056614193,4.233658105,4.113159694,3.658581826,3.363757615,3.551455354
83.52,4.060089043,4.223534113,4.091686858,3.638162373,3.355409335,3.578607902
83.54,4.076415017,4.224991488,4.08379423,3.630850767,3.361497403,3.595341417
83.56,4.079773608,4.238843639,4.059639872,3.609771329,3.355543717,3.624552141
83.58,4.095873525,4.237458389,4.049150896,3.601937532,3.364093776,3.643209511
83.6,4.098881361,4.248473588,4.022451622,3.580468538,3.36063896,3.650537948
83.62,4.114528788,4.244236819,4.009509035,3.5723862,3.371739758,3.671351018
83.64,4.116968207,4.252411965,3.980412143,3.550804606,3.370858563,3.680701944
83.66,4.131954023,4.245324885,3.965169655,3.542753471,3.384568724,3.70341918
83.68,4.133623716,4.250666685,3.962294209,3.521341569,3.38630462,3.715575754
83.7,4.147754902,4.240740051,3.944382139,3.513605636,3.402650837,3.740045322
83.72,4.14847462,4.243264108,3.938947453,3.492648638,3.407020086,3.753793688
83.74,4.161578502,4.230517389,3.917473595,3.485514506,3.426003403,3.779723279
83.76,4.161176898,4.230248716,3.909949167,3.465292978,3.432987768,3.794773159
83.78,4.173089896,4.214705388,3.886458491,3.459041417,3.454573605,3.821875857
83.8,4.171410616,4.211674,3.877029934,3.439839388,3.464123963,3.837944119
83.82,4.181983908,4.193375525,3.851712057,3.434752322,3.46295539,3.865941572
83.84,4.178885046,4.187627999,3.840574496,3.415519973,3.475492551,3.882755587
83.86,4.187984053,4.166624735,3.813629117,3.411756116,3.477247214,3.911381213
83.88,4.183337681,4.158216608,3.800981422,3.393938868,3.49266353,3.928680484
83.9,4.190841535,4.134567952,3.772614182,3.391714567,3.497224045,3.933838667
83.92,4.184533112,4.122648964,3.758675407,3.375524282,3.515390068,3.951843575
83.94,4.190334396,4.123247018,3.729106019,3.375045011,3.522614169,3.957571986
83.96,4.207058307,4.108577759,3.714102091,3.360681003,3.543377212,3.976031792
83.98,4.210585279,4.106488444,3.683567236,3.362137726,3.553100776,3.98208553
84,4.225018793,4.089166777,3.667741389,3.349783031,3.576287777,4.000761473
84.02,4.226220508,4.084491887,3.665155482,3.353348499,3.588328391,4.00690865
84.04,4.238317735,4.064622239,3.648213786,3.343165725,3.614979444,4.025575675
84.06,4.237154243,4.057469734,3.64466129,3.348990009,3.629348249,4.031603739
84.08,4.24687988,4.035162939,3.626891502,3.341123575,3.658209729,4.050056282
84.1,4.243321458,4.025648337,3.622662392,3.34933868,3.674658587,4.055760053
84.12,4.251491926,4.001023321,3.604357133,3.343902613,3.680035332,4.073799972
84.14,4.245283537,3.989274471,3.599745936,3.35460721,3.698800968,4.079929489
84.16,4.250807719,3.962461441,3.579974275,3.351686575,3.706349366,4.097260514
84.18,4.241941733,3.948608925,3.57530518,3.36494307,3.727170956,4.102569213
84.2,4.244817127,3.946428236,3.555581159,3.36458456,3.736627509,4.118993863
84.22,4.233289515,3.930102592,3.551101459,3.380427376,3.759235377,4.123292947
84.24,4.232677227,3.925545852,3.531673068,3.382650077,3.770328796,4.138630442
84.26,4.218743026,3.906927563,3.527631227,3.401081206,3.794452003,4.141743053
84.28,4.215735622,3.900179769,3.508746951,3.405871847,3.806911768,4.155825472
84.3,4.19940682,3.879463285,3.505390565,3.426861347,3.832281788,4.157596926
84.32,4.194019729,3.870722299,3.48729696,3.434175266,3.84584153,4.170277137
84.34,4.200302018,3.848110436,3.484870338,3.457662698,3.872195416,4.170568387
84.36,4.192947192,3.837582606,3.467809371,3.467425691,3.886595852,4.181714191
84.38,4.171191639,3.813291412,3.466550652,3.464916907,3.913678878,4.180405199
84.4,4.160443882,3.801196556,3.450756646,3.477585093,3.928670708,4.189902632
84.42,4.161449003,3.775442492,3.45089516,3.477912483,3.956239219,4.186877358
84.44,4.147993569,3.762002516,3.436592194,3.493364722,3.971584356,4.19461758
84.46,4.146343332,3.733991733,3.438344411,3.496393342,3.973793109,4.189779247
84.48,4.130259028,3.719591597,3.425736537,3.514483707,3.989767879,4.19567221
84.5,4.126031017,3.690704157,3.42929604,3.520055774,3.992478368,4.188937724
84.52,4.107400354,3.675551027,3.418572658,3.540617188,4.008849711,4.192905731
84.54,4.100687639,3.672865651,3.424117441,3.548555192,4.011834416,4.184203817
84.56,4.079606784,3.656659957,3.415445223,3.571402391,4.028380435,4.186180943
84.58,4.070509492,3.653050767,3.423128464,3.581512769,4.031423406,4.199617999
84.6,4.047081865,3.636040605,3.416648306,3.606446213,4.047934227,4.199100421
84.62,4.035708088,3.631757915,3.426596088,3.618523167,4.050831487,4.210044997
84.64,4.010045537,3.61419615,3.422420253,3.645332871,4.067109367,4.207019142
84.66,3.996512477,3.609494805,3.4347288,3.659162151,4.070750655,4.21546309
84.68,3.993911654,3.591638363,3.432938692,3.687631386,4.086489367,4.209929913
84.7,3.977871428,3.586776519,3.447672545,3.7029994,4.089476799,4.215877851
84.72,3.9728515,3.568884751,3.448317271,3.732913637,4.104475548,4.207838916
84.74,3.954470856,3.564122948,3.465508334,3.749600648,4.106617,4.21129763
84.76,3.947201894,3.546456853,3.468604219,3.753404101,4.120691755,4.200763567
84.78,3.926655699,3.542056226,3.488251721,3.771858261,4.121818947,4.201748541
84.8,3.91731628,3.524876252,3.493789367,3.7772783,4.134807652,4.188738595
84.82,3.894788273,3.521096312,3.515869479,3.797226222,4.134759225,4.187273878
84.84,3.883566248,3.504659942,3.523804518,3.803989578,4.146507799,4.17181574
84.86,3.859249817,3.501755975,3.519079212,3.825159932,4.145137542,4.167933771
84.88,3.846343097,3.485174487,3.52990738,3.832997744,4.155506773,4.150063515
84.9,3.819507717,3.483321028,3.528013443,3.855125244,4.152683121,4.143805158
84.92,3.805284482,3.467871659,3.54163214,3.86377534,4.161548148,4.123562827
84.94,3.80250928,3.467265513,3.54245663,3.886602199,4.157153641,4.114973993
84.96,3.786673848,3.453144641,3.55874064,3.895811402,4.164403368,4.116786194
84.98,3.782401413,3.453976044,3.562144726,3.919089752,4.158334031,4.105467225
85,3.765173904,3.441368241,3.580944325,3.928615766,4.163870247,4.104604853
85.02,3.759626857,3.443814235,3.586766375,3.952109289,4.156034642,4.090655766
85.04,3.741233524,3.432889231,3.607910655,3.961722093,4.159772037,4.087221811
85.06,3.734640857,3.437110442,3.615969787,3.985207207,4.176007619,4.070750069
85.08,3.715314087,3.428020111,3.639270372,3.994690026,4.177392982,4.064854793
85.1,3.707910932,3.434157802,3.649370302,4.017956318,4.191271133,4.04597523
85.12,3.687889087,3.427033301,3.674625247,4.02710569,4.190275298,4.037737241
85.14,3.679916428,3.435206656,3.686558204,4.049956864,4.201772967,4.016573455
85.16,3.659443418,3.430155868,3.713555897,4.058583827,4.198377556,4.006120131
85.18,3.651147529,3.440459649,3.727106457,4.080837887,4.20748213,3.981871089
85.2,3.630472079,3.437565066,3.755629353,4.088767839,4.201678894,3.96956862
85.22,3.622098855,3.450067788,3.770578042,4.110257065,4.208382576,3.968006827
85.24,3.600466511,3.449384945,3.771008405,4.117329638,4.200169556,3.953509842
85.26,3.592289114,3.464122229,3.787719242,4.13790078,4.20448112,3.949831543
85.28,3.570944999,3.465673414,3.789784432,4.143970158,4.193870949,3.933292908
85.3,3.563180444,3.482657333,3.808025303,4.163483503,4.195808346,3.927659503
85.32,3.542341926,3.486441119,3.811493348,4.168416956,4.18282279,3.909244328
85.34,3.535207325,3.505655963,3.83103224,4.186745878,4.182412773,3.901823669
85.36,3.515091021,3.511643735,3.835672521,4.190423531,4.167082313,3.881703773
85.38,3.508801619,3.533047241,3.856280129,4.207453973,4.164360268,3.87267071
85.4,3.4896212,3.541184541,3.861865835,4.209768265,4.146723946,3.851025158
85.42,3.484387999,3.537357425,3.883317837,4.226539929,4.141733796,3.840562074
85.44,3.46635165,3.548100253,3.889628547,4.227192579,4.121844451,3.81757769
85.46,3.462379237,3.546821247,3.911714037,4.242261487,4.114642898,3.805875011
85.48,3.44568757,3.560070559,3.918542108,4.241151727,4.092553682,3.781746877
85.5,3.443170701,3.561228522,3.941052262,4.254425015,4.083199004,3.769003471
85.52,3.428012785,3.576863231,3.948193303,4.251466503,4.085156203,3.743935209
85.54,3.427133236,3.580326153,3.97092836,4.262865274,4.073221173,3.730358295
85.56,3.413683612,3.598205448,3.97818748,4.257984865,4.072658017,3.729203024
85.58,3.413547081,3.603823025,4.000957653,4.267442902,4.05825163,3.714550352
85.6,3.401831001,3.623783966,4.00815024,4.260580506,4.055279636,3.712449438
85.62,3.403495443,3.631384174,4.030776336,4.268044524,4.038517874,3.696959622
85.64,3.393630183,3.653253831,4.037728539,4.259152383,4.033256558,3.693130365
85.66,3.397204632,3.662657718,4.060042368,4.264581134,4.014263771,3.677106865
85.68,3.389283909,3.686252836,4.067725362,4.253623226,4.006835942,3.672854005
85.7,3.394852561,3.697272778,4.089466987,4.256993064,3.98467126,3.656508234
85.72,3.38895348,3.722408252,4.096474288,4.243948701,3.97546296,3.652038895
85.74,3.396583208,3.734857469,4.117470224,4.245231883,3.951559605,3.635578384
85.76,3.392760688,3.761339585,4.123636103,4.230080087,3.940691002,3.631105986
85.78,3.402495556,3.775022855,4.143727596,4.229268396,3.915172276,3.614744045
85.8,3.400781212,3.775098604,4.148900867,4.212005582,3.902771057,3.610481449
85.82,3.412641627,3.790366672,4.167943955,4.207988997,3.90211024,3.594430067
85.84,3.413043636,3.791912059,4.171988308,4.188905811,3.887803282,3.590587759
85.86,3.427026723,3.808556925,4.189847376,4.1830785,3.885328603,3.575055377
85.88,3.429529604,3.811364158,4.192634701,4.191449041,3.869289092,3.571840017
85.9,3.445608824,3.829178086,4.209194835,4.184401005,3.865175316,3.557030392
85.92,3.450174013,3.833040635,4.21061686,4.16089274,3.847586833,3.554642778
85.94,3.46830023,3.851818271,4.225781179,4.150700681,3.842018956,3.540752643
85.96,3.474867259,3.856532922,4.225748056,4.154785454,3.823058259,3.539385478
85.98,3.494970165,3.876073223,4.239419897,4.142343294,3.816216365,3.526602132
86,3.503458339,3.882502581,4.237841152,4.144227684,3.796072862,3.526437449
86.02,3.525448324,3.902606967,4.249947458,4.129604686,3.788149125,3.514936189
86.04,3.535764132,3.909475973,4.246756009,4.129361588,3.767018363,3.516142817
86.06,3.533677288,3.929926004,4.257228171,4.112633123,3.758210881,3.506084401
86.08,3.546224528,3.937021747,4.252361308,4.110341578,3.736294244,3.508815851
86.1,3.546293846,3.957610061,4.261141472,4.091589227,3.726806923,3.500344702
86.12,3.560940579,3.964730592,4.254547019,4.087334596,3.704311426,3.504736306
86.14,3.563027254,3.98526095,4.261587625,4.066646381,3.694353683,3.496858087
86.16,3.579627341,3.992216098,4.253223504,4.060520609,3.67149155,3.502895943
86.18,3.583574256,4.012504294,4.258486868,4.037991296,3.661272355,3.496693579
86.2,3.601963541,4.019116176,4.248320693,4.03009324,3.63707017,3.504457179
86.22,3.607607102,4.038990405,4.251778633,4.005824661,3.62687034,3.499995772
86.24,3.627617495,4.045093729,4.23978737,3.996254227,3.629309361,3.509539062
86.26,3.634786448,4.06439484,4.241420881,3.970351368,3.618792764,3.506868215
86.28,3.656243514,4.069837026,4.227590516,3.95922434,3.621021635,3.5182301
86.3,3.665780303,4.088418529,4.227389453,3.93180614,3.610386906,3.517379309
86.32,3.688587008,4.093064935,4.211714779,3.919246272,3.612602593,3.530583773
86.34,3.699355373,4.110797006,4.209677751,3.92000609,3.60204477,3.531567629
86.36,3.723304222,4.114518663,4.192162273,3.90558209,3.604439724,3.546614519
86.38,3.735096631,4.131278032,4.188296065,3.90456971,3.594148357,3.54942328
86.4,3.759981042,4.133957842,4.168951238,3.888452426,3.596909537,3.566292416
86.42,3.772592187,4.14963294,4.163271395,3.885840605,3.587068056,3.570896605
86.44,3.798208913,4.151165362,4.172227754,3.86820598,3.590375333,3.589548532
86.46,3.811437977,4.165655987,4.164200896,3.864172277,3.581159191,3.595899888
86.48,3.81150095,4.165946226,4.170858294,3.845200893,3.585183671,3.616277021
86.5,3.825664303,4.179163028,4.160552979,3.839928391,3.576758615,3.6243102
86.52,3.826548683,4.178127895,4.164983945,3.819806513,3.581660866,3.621213795
86.54,3.841442411,4.18999235,4.152475406,3.813483722,3.574181158,3.6313379
86.56,3.842947826,4.187558816,4.15475911,3.792402946,3.580109844,3.63027536
86.58,3.858374966,4.198002594,4.140129234,3.785223666,3.573717194,3.642391007
86.6,3.860307956,4.194107645,4.140351503,3.762135795,3.580806965,3.64325499
86.62,3.876078915,4.203072231,4.123688872,3.754422869,3.575621159,3.657248502
86.64,3.878254137,4.197662489,4.121935529,3.730863156,3.583984248,3.659918249
86.66,3.894187994,4.205098805,4.103330768,3.722780615,3.580114053,3.675663369
86.68,3.896429181,4.198130134,4.099703886,3.69891485,3.589850794,3.680006585
86.7,3.912354514,4.203998145,4.07926181,3.690630517,3.587386895,3.697366501
86.72,3.914495181,4.19543534,4.07387017,3.666628125,3.598579023,3.703241433
86.74,3.930250663,4.199703814,4.051702402,3.658313097,3.59759302,3.723154826
86.76,3.932134608,4.189520345,4.043547315,3.634346459,3.583500194,3.730514875
86.78,3.947574685,4.192166579,4.019988658,3.626168494,3.584582012,3.751832557
86.8,3.949060664,4.180338504,4.010496938,3.602407372,3.572559038,3.76049874
86.82,3.964044025,4.181344121,3.985647648,3.594542426,3.5757378,3.783039164
86.84,3.964995824,4.167864066,3.974921984,3.571162585,3.565804662,3.792828606
86.86,3.979391609,4.167225238,3.948888326,3.563786141,3.571089604,3.81640785
86.88,3.979683502,4.152093773,3.937037625,3.570852089,3.563246046,3.827136463
86.9,3.993371387,4.149814509,3.940335007,3.563554879,3.570625371,3.851570614
86.92,3.992888127,4.133039975,3.926905525,3.570802502,3.564849706,3.863055357
86.94,4.00575824,4.129131538,3.928716082,3.56376747,3.573048334,3.862820697
86.96,4.004394942,4.110729342,3.913859106,3.571375431,3.569138831,3.875360248
86.98,4.016348118,4.105210885,3.914336176,3.564769457,3.579188809,3.876073921
87,4.014010536,4.113410303,3.898206294,3.572899898,3.577094227,3.889478082
87.02,4.02495744,4.105783795,3.897506037,3.566884705,3.588937434,3.890951392
87.04,4.021560487,4.111921084,3.880260587,3.575693262,3.588591914,3.905033815
87.06,4.031420937,4.102253079,3.878542534,3.570417559,3.603398113,3.907082753
87.08,4.026889252,4.106398215,3.860342371,3.580046214,3.604871655,3.921668458
87.1,4.035592846,4.094761094,3.85776921,3.575650992,3.621454021,3.924121442
87.12,4.029860475,4.096989836,3.838778261,3.586233146,3.624637091,3.939035497
87.14,4.037346121,4.083461743,3.835515597,3.582837986,3.642878485,3.941721008
87.16,4.030356221,4.083855588,3.815900582,3.56444226,3.647647832,3.956795713
87.18,4.036571771,4.068520419,3.81211653,3.562743244,3.667419122,3.959549971
87.2,4.029188118,4.067166615,3.792046944,3.546067336,3.6736409,3.974625726
87.22,4.033913915,4.050118476,3.787912381,3.54479942,3.694802904,3.977298358
87.24,4.024099899,4.047113959,3.767559362,3.559879944,3.702327316,3.992228462
87.26,4.027478647,4.028442177,3.763238955,3.561066941,3.724724758,3.994667606
87.28,4.016290148,4.023880332,3.742767794,3.547306583,3.733407128,4.009305505
87.3,4.018295525,4.003686571,3.738440735,3.549022861,3.756894668,4.011374251
87.32,4.005709838,3.997672496,3.71803013,3.567152633,3.766574789,4.025587824
87.34,4.006323372,3.976064508,3.713860787,3.571398254,3.790988991,4.027159022
87.36,4.018920517,3.968709519,3.693674361,3.560693431,3.80151609,4.040825886
87.38,4.017622479,3.945800923,3.689839049,3.565504448,3.799546909,4.041781894
87.4,4.028330263,3.937222026,3.670051688,3.556559162,3.811279325,4.054789575
87.42,4.02514663,3.91313295,3.665444312,3.56313172,3.810419885,4.055023425
87.44,4.034904838,3.903453951,3.646203293,3.555922837,3.823188645,4.067269377
87.46,4.029689014,3.878309374,3.642213101,3.564227127,3.823269759,4.066688368
87.48,4.03744825,3.866615804,3.623647777,3.558722102,3.836906521,4.078083444
87.5,4.030244394,3.869211067,3.620397228,3.568719197,3.837760554,4.076598425
87.52,4.035135515,3.857319993,3.602626167,3.564871568,3.852099281,4.087057936
87.54,4.02616997,3.858609216,3.600241109,3.576508856,3.853561672,4.084584291
87.56,4.029337932,3.84442545,3.583387431,3.574258889,3.868439999,4.094029111
87.58,4.018666671,3.84470561,3.581977421,3.587470922,3.870350521,4.090497587
87.6,4.020158637,3.829570056,3.566145555,3.586746513,3.885610924,4.098862776
87.62,4.007832644,3.828987202,3.56581631,3.60145591,3.887814809,4.094213154
87.64,4.007708297,3.813046334,3.551106754,3.602173661,3.903305685,4.101442614
87.66,3.993790386,3.811747867,3.551954047,3.618292354,3.90565458,4.095623435
87.68,3.992114833,3.795149466,3.538456622,3.62035889,3.921231091,4.101669719
87.7,3.976673221,3.793283898,3.540564927,3.637789477,3.923583813,4.094638059
87.72,3.973516969,3.776176695,3.528357464,3.64110286,3.939108561,4.099462114
87.74,3.956625269,3.773893239,3.531798695,3.659740066,3.941331677,4.09118333
87.76,3.952064227,3.756426458,3.520945854,3.664191292,3.956675206,4.094754251
87.78,3.933801459,3.753874512,3.525778255,3.68392348,3.958643464,4.085201738
87.8,3.927916966,3.736197301,3.516330521,3.689398004,3.973684625,4.08749653
87.82,3.908367595,3.733525816,3.522597765,3.710108695,3.975281245,4.076651499
87.84,3.901246458,3.71578655,3.514590668,3.716487932,3.989907424,4.077654865
87.86,3.907349476,3.713143274,3.52232119,3.739369921,3.991024267,4.065506131
87.88,3.898583178,3.695488326,3.515774788,3.746610526,4.005137449,4.065209877
87.9,3.903116248,3.69301828,3.524987553,3.770288744,4.005680995,4.051753165
87.92,3.892829247,3.675591529,3.519913569,3.778242213,4.019184452,4.050156709
87.94,3.895918603,3.673436893,3.530606692,3.802568101,4.019062355,4.061222548
87.96,3.884238126,3.656378642,3.526994811,3.811086316,4.03186778,4.057849533
87.98,3.886012324,3.654677353,3.53915086,3.835912546,4.030995731,4.067170446
88,3.873067823,3.638123051,3.536975426,3.844849367,4.043022739,4.062062322
88.02,3.873658199,3.637007507,3.550561868,3.870031376,4.041324947,4.069683024
88.04,3.859582011,3.621086451,3.549782492,3.879244059,4.052501754,4.062886885
88.06,3.859122457,3.619550357,3.56475244,3.874043737,4.049910785,4.068857609
88.08,3.844049402,3.604354644,3.565308784,3.883974796,4.060174342,4.060425967
88.1,3.842670225,3.603598155,3.581596587,3.879404605,4.056631659,4.064802262
88.12,3.826732495,3.589221696,3.583421685,3.88990118,4.065926818,4.054792848
88.14,3.824573146,3.58933541,3.600954753,3.885809968,4.061381457,4.057635366
88.16,3.807910682,3.575864675,3.603970224,3.896723373,4.069660824,4.046110989
88.18,3.805111966,3.576931296,3.622665487,3.89296475,4.064069489,4.047485419
88.2,3.78786589,3.564444288,3.626783276,3.9041515,4.071293234,4.034513876
88.22,3.784569545,3.566537561,3.646548719,3.900584793,4.064620108,4.034490831
88.24,3.766881697,3.555102787,3.651672672,3.911907485,4.070755773,4.020144803
88.26,3.762242454,3.558286505,3.672408926,3.908398535,4.062972327,4.01879973
88.28,3.744317056,3.547956885,3.678436384,3.919726576,4.067994639,4.003151922
88.3,3.739505733,3.552279083,3.700038302,3.916148399,4.059079446,4.000560689
88.32,3.721462173,3.543100831,3.706861639,3.927358595,4.062970112,3.983694864
88.34,3.716597878,3.548602209,3.729219853,3.923591891,4.052908627,3.979943798
88.36,3.698555011,3.54060954,3.736728054,3.934568901,4.055656179,3.961948123
88.38,3.69375609,3.547318576,3.759730497,3.930502447,4.044440634,3.957127895
88.4,3.675831634,3.540533286,3.767810604,3.941139114,4.046040295,3.938094846
88.42,3.671214965,3.548465911,3.760009844,3.936670037,4.033669551,3.932300373
88.44,3.653524747,3.542897163,3.769165291,3.946868069,4.034123095,3.912326627
88.46,3.649204946,3.552057093,3.762359394,3.94190274,4.020602505,3.90565695
88.48,3.631862067,3.547702209,3.772458688,3.951572244,4.019918127,3.884843253
88.5,3.627950611,3.558080677,3.766516156,3.946025204,4.005259417,3.877401398
88.52,3.638278805,3.554924358,3.777427502,3.95508472,4.003451618,3.855852407
88.54,3.634367214,3.566499927,3.772217083,3.948878961,3.987672774,3.847744676
88.56,3.644766763,3.564514134,3.783809553,3.95725544,3.98476226,3.851748778
88.58,3.640971271,3.577253617,3.779201369,3.950322361,3.995668611,3.842584315
88.6,3.651553675,3.576399159,3.791345987,3.957951095,3.991163021,3.845607127
88.62,3.647981143,3.590258335,3.787212582,3.950229954,4.000517351,3.835521024
88.64,3.65884878,3.590485433,3.79978332,3.957053954,3.9944776,3.837697696
88.66,3.655596863,3.60540993,3.7960006,3.948492383,4.002343413,3.825790147
88.68,3.666842388,3.60665918,3.808875261,3.954463115,3.994834691,3.827346555
88.7,3.663993672,3.622585497,3.805323325,3.945016915,4.001274285,3.814861294
88.72,3.675693848,3.624788926,3.81838432,3.950093916,3.99236178,3.815910964
88.74,3.673325146,3.641645512,3.814948183,3.939726868,3.997448354,3.802961022
88.76,3.685551214,3.644727744,3.828083189,3.943877538,3.987206696,3.803616669
88.78,3.683728324,3.662436244,3.824653385,3.932561244,3.991017066,3.790314124
88.8,3.696540358,3.666315755,3.837755896,3.935760729,3.979524432,3.790687246
88.82,3.69531782,3.684792248,3.834228979,3.923474461,3.982138849,3.777142728
88.84,3.68136004,3.689382608,3.84719875,3.925705471,3.969476777,3.777343088
88.86,3.681304588,3.708539311,3.843477686,3.912435989,3.970978754,3.763665702
88.88,3.66851824,3.71375118,3.856221078,3.913688617,3.957231965,3.763801472
88.9,3.669650887,3.73349722,3.852215555,3.930514422,3.957708086,3.750097687
88.92,3.658051402,3.739238534,3.864645791,3.930207102,3.94296382,3.750273844
88.94,3.660382699,3.759481084,3.860271962,3.945502526,3.942502857,3.736646906
88.96,3.649974902,3.765658401,3.872308608,3.94367092,3.926851329,3.736964853
88.98,3.653504713,3.786303743,3.867489843,3.957474876,3.925545129,3.723514134
89,3.644282695,3.792823261,3.879059993,3.954159996,3.909079214,3.724071033
89.02,3.649000155,3.813777771,3.873726927,3.966516541,3.907022127,3.710891346
89.04,3.640947333,3.820546271,3.884764981,3.961764388,3.889837068,3.711779425
89.06,3.646830995,3.81230159,3.878855534,3.972722378,3.887125637,3.698960319
89.08,3.639920356,3.819803615,3.889303631,3.966583612,3.869318726,3.700266152
89.1,3.646938963,3.812223396,3.882763538,3.976196391,3.866051347,3.687891197
89.12,3.640091049,3.82034971,3.89257092,3.968726041,3.847721558,3.689695002
89.14,3.648158627,3.81332069,3.885352742,3.97705116,3.843998092,3.677835957
89.16,3.642324704,3.821958521,3.894475644,3.96830834,3.825245677,3.680205345
89.18,3.651395921,3.815374751,3.886538846,3.975407286,3.821166988,3.668931639
89.2,3.64652749,3.824419454,3.894940386,3.965454937,3.802092962,3.671931902
89.22,3.656550422,3.818177978,3.886251268,3.971392881,3.797760433,3.661304812
89.24,3.652592741,3.827528259,3.893901335,3.960297524,3.778466122,3.664992796
89.26,3.66350957,3.821529754,3.88443288,3.965143078,3.772784332,3.655064921
89.28,3.66040233,3.83108827,3.891307976,3.952974569,3.781657931,3.659482098
89.3,3.672150049,3.82523761,3.88103969,3.956793157,3.776647208,3.650290392
89.32,3.669828086,3.834911491,3.887122763,3.943618997,3.756748841,3.655480829
89.34,3.682339205,3.829118228,3.876040475,3.946492615,3.750576835,3.647065085
89.36,3.680733304,3.838819521,3.881320681,3.932395173,3.759086377,3.651958509
89.38,3.693936761,3.832998294,3.8694164,3.93439503,3.752569007,3.644298538
89.4,3.692969402,3.842644328,3.873889055,3.919447017,3.760789464,3.649962114
89.42,3.706785718,3.836715165,3.861160782,3.919440091,3.754016027,3.643067913
89.44,3.706381843,3.84622879,3.864827043,3.903855127,3.762033445,3.649508058
89.46,3.720735034,3.840117377,3.851272823,3.903251572,3.755088277,3.643381984
89.48,3.721846094,3.849427258,3.85413411,3.887095888,3.762990484,3.650597545
89.5,3.736667869,3.843069893,3.839765,3.885962382,3.755958639,3.645239635
89.52,3.738190887,3.852115359,3.841835371,3.869303477,3.763827984,3.653226912
89.54,3.753393143,3.845448701,3.826667805,3.867707933,3.756788921,3.648625076
89.56,3.75524014,3.85416948,3.827966555,3.8506144,3.764702001,3.657368724
89.58,3.770735308,3.847136211,3.812022063,3.848625705,3.757729258,3.653503898
89.6,3.772819268,3.85547811,3.81257347,3.831166965,3.76575655,3.662981766
89.62,3.788521145,3.848027,3.795878455,3.828854701,3.758917423,3.65982828
89.64,3.790756852,3.855941951,3.795711558,3.811100701,3.767123001,3.670011808
89.66,3.806581396,3.848027887,3.810496196,3.808534838,3.760478272,3.667537833
89.68,3.808886178,3.855473945,3.809024491,3.790555241,3.76891956,3.678392546
89.7,3.824752203,3.847057468,3.822551358,3.787805176,3.76252327,3.67656062
89.72,3.827046583,3.853998093,3.81984264,3.76966959,3.771250827,3.688046676
89.74,3.842876362,3.845045933,3.832180046,3.766804706,3.765150083,3.686814289
89.76,3.845084603,3.851451016,3.82830408,3.748582253,3.774207454,3.698887094
89.78,3.860804373,3.841935999,3.839522187,3.745671247,3.768442303,3.698207323
89.8,3.862854942,3.847781487,3.834550406,3.759097212,3.777865917,3.710818178
89.82,3.87839533,3.837682426,3.844720926,3.755610077,3.772468766,3.710640352
89.84,3.880221277,3.842950202,3.838725577,3.768518735,3.782287093,3.723737132
89.86,3.895517637,3.832251768,3.847920822,3.764544063,3.777283236,3.724007513
89.88,3.897056897,3.836929504,3.840975397,3.777021959,3.787517897,3.737535353
89.9,3.912049571,3.825622064,3.849269003,3.772643841,3.782925546,3.73819783
89.92,3.913245183,3.829703054,3.841447862,3.784772859,3.793591137,3.752099815
89.94,3.927879698,3.817782503,3.848914198,3.780070619,3.789421552,3.753096593
89.96,3.92867997,3.821265481,3.840292244,3.791927725,3.80052581,3.767314438
89.98,3.942907168,3.808733052,3.847006088,3.786975672,3.796783508,3.768586701
90,3.943265772,3.811621993,3.837658443,3.798632673,3.808327556,3.783061408
90.02,3.957041884,3.798484049,3.843694647,3.793499865,3.805010585,3.784549964
90.04,3.956917912,3.800787955,3.833696317,3.805023187,3.816989245,3.799222445
90.06,3.970204584,3.78705577,3.839129469,3.799773218,3.814089528,3.800868331
90.08,3.969562543,3.788788435,3.828554998,3.811223708,3.826491697,3.815679995
90.1,3.982326823,3.774477955,3.833459071,3.805914523,3.823995436,3.817425041
90.12,3.981136606,3.775657729,3.822382187,3.817347281,3.836804519,3.833394954
90.14,3.993350886,3.790907284,3.826830179,3.812031027,3.83469265,3.83517222
90.16,3.991593281,3.790977568,3.815322938,3.823495278,3.84789263,3.851152398
90.18,4.003239398,3.805156658,3.819385878,3.818218186,3.846146445,3.852898352
90.2,4.000893164,3.804170849,3.807518879,3.829757206,3.85971122,3.868826689
90.22,4.011952643,3.817333575,3.811266385,3.824559568,3.858302652,3.870480607
90.24,4.009001984,3.815347126,3.799108349,3.836210641,3.872202122,3.886298011
90.26,4.019461448,3.8275495,3.802607975,3.831126729,3.87109937,3.887802409
90.28,4.015895603,3.824619573,3.790225335,3.842921118,3.885299993,3.903453256
90.3,4.025746636,3.835919166,3.793542167,3.837979216,3.884468087,3.904754291
90.32,4.02155973,3.832104293,3.779774116,3.849942214,3.898933457,3.920186788
90.34,4.030798711,3.842559901,3.78304402,3.845158584,3.898334834,3.921234601
90.36,4.025989581,3.837913062,3.769235018,3.857302955,3.913026217,3.936401085
90.38,4.034617505,3.847579019,3.772504501,3.852694228,3.912621237,3.93715006
90.4,4.029189471,3.842161589,3.75869972,3.865033738,3.927498152,3.952007231
90.42,4.037211688,3.851099147,3.762012587,3.860610893,3.927245731,3.952416196
90.44,4.031172351,3.844972708,3.748254429,3.87315377,3.942266544,3.966925284
90.46,4.038598417,3.853243177,3.751651567,3.868922382,3.942124711,3.966957658
90.48,4.03195947,3.846469176,3.737979391,3.881671596,3.957247188,3.981084538
90.5,4.03880291,3.854133585,3.741498507,3.87763214,3.957173616,3.980708415
90.52,4.031579888,3.846773001,3.727948379,3.89058572,3.972355439,3.994423672
90.54,4.037857944,3.853891759,3.731623758,3.886733904,3.97230796,3.993611867
90.56,4.03006997,3.846004767,3.718228216,3.899885301,3.98750722,4.006890811
90.58,4.035803334,3.852637335,3.722090503,3.896212444,3.987444293,4.005620853
90.6,4.027472835,3.844282971,3.708878356,3.909550918,3.973575282,4.018443498
90.62,4.032685368,3.850487523,3.71295437,3.90604435,3.974008473,4.016698047
90.64,4.023837793,3.841723357,3.699950524,3.919555875,3.960598503,4.029049724
90.66,4.028556231,3.847556451,3.704263103,3.916199998,3.961468779,4.026815923
90.68,4.019219749,3.838438256,3.691488432,3.92986716,3.948459517,4.03868617
90.7,4.023473394,3.843954511,3.696056323,3.926643014,3.949709744,4.035955573
90.72,4.013678577,3.834535942,3.683527569,3.940445491,3.937044971,4.047338271
90.74,4.017498974,3.839787719,3.688365354,3.937331429,3.938620299,4.04410671
90.76,4.007278465,3.830120001,3.67609508,3.951246449,3.926246288,4.054999942
90.78,4.010699066,3.83515709,3.681213147,3.948218602,3.928094519,4.051267369
90.8,4.000087236,3.825288717,3.669209724,3.962221401,3.915960385,4.061673244
90.82,4.003143051,3.830158047,3.674614284,3.959254137,3.918032309,4.057443552
90.84,3.992175647,3.820134491,3.662881938,3.973318422,3.906090327,4.06736802
90.86,3.994902884,3.824879849,3.668575091,3.970384802,3.908340021,4.062648843
90.88,3.983616661,3.814743295,3.657113986,3.984483204,3.896545908,4.072101487
90.9,3.986052359,3.819405067,3.663093835,3.981555431,3.898931001,4.066903982
90.92,3.974484709,3.809194166,3.65190021,3.995659947,3.887244158,4.075897786
90.94,3.97666636,3.813809102,3.658161024,3.992709799,3.889726052,4.0702364
90.96,3.96485493,3.803558753,3.64722738,4.006792218,3.878109768,4.078787508
90.98,3.966820095,3.808159766,3.653759795,4.003791466,3.880653826,4.072679722
91,3.954802399,3.797900928,3.64307512,4.017823778,3.869075438,4.080807175
91.02,3.956588322,3.802516918,3.649866395,4.014744588,3.871651122,4.074273237
91.04,3.944401354,3.792276458,3.639416432,4.028699369,3.860082137,4.081998695
91.06,3.946044568,3.796932181,3.646450735,4.025514674,3.862663109,4.075061336
91.08,3.932718357,3.786732759,3.63621829,4.039365454,3.851079278,4.082408787
91.1,3.934323114,3.791443864,3.643477026,4.036049304,3.853643458,4.075087856
91.12,3.920957314,3.781298735,3.633442286,4.049770902,3.842024812,4.082078231
91.14,3.922551429,3.786081876,3.640904398,4.046298793,3.844554365,4.074401203
91.16,3.909173113,3.774886837,3.631045301,4.059867625,3.832885159,4.08106288
91.18,3.910782926,3.779804664,3.638681946,4.056216792,3.835366479,4.073058699
91.2,3.897412233,3.7687312,3.628969566,4.069611126,3.823635195,4.07942135
91.22,3.899056931,3.773787993,3.636756424,4.065760757,3.826058861,4.071120056
91.24,3.885718163,3.762838658,3.627165814,4.078960966,3.814258125,4.077214232
91.26,3.887420991,3.768035312,3.635077373,4.074892501,3.816618789,4.068646616
91.28,3.874136232,3.757209376,3.625582602,4.087881321,3.804745237,4.074503465
91.3,3.875918084,3.762543554,3.633592588,4.083578659,3.80704148,4.065700739
91.32,3.862706951,3.751837118,3.624167166,4.09634138,3.795095589,4.07135164
91.34,3.86458614,3.757303383,3.632248971,4.091791057,3.797329729,4.062345071
91.36,3.851465565,3.746709524,3.622866279,4.104315687,3.78410876,4.067821266
91.38,3.853457611,3.752299504,3.630993379,4.099507024,3.786363348,4.058635443
91.4,3.840441641,3.741808459,3.621627083,4.11177766,3.77314921,4.063961216
91.42,3.842559058,3.747511045,3.629773458,4.106697054,3.775429468,4.054627155
91.44,3.829658634,3.737110424,3.620397891,4.118708097,3.762228664,4.059833083
91.46,3.831910789,3.742912,3.628538356,4.113351336,3.764542346,4.050380662
91.48,3.819133675,3.732587027,3.61912891,4.125100192,3.751363857,4.055496
91.5,3.821526702,3.738471732,3.627239568,4.119466083,3.753721075,4.045953611
91.52,3.808877389,3.728205523,3.617773096,4.130953187,3.740576112,4.051005947
91.54,3.811414115,3.734155533,3.625831693,4.125043569,3.742989072,4.041400153
91.56,3.798893764,3.72392939,3.616286856,4.136272373,3.729890799,4.045361738
91.58,3.801573674,3.72992523,3.623043515,4.130092096,3.732373513,4.035765402
91.6,3.789175206,3.719718961,3.613451063,4.141061669,3.719332195,4.039754257
91.62,3.791989464,3.725733098,3.620161151,4.134612212,3.721895402,4.030185642
91.64,3.779707927,3.715519521,3.610503693,4.145332625,3.708927666,4.034218907
91.66,3.782649911,3.721530846,3.617150843,4.138625315,3.711588492,4.024694044
91.68,3.77047702,3.711288465,3.607413115,4.149109379,3.698711904,4.028786573
91.7,3.773536869,3.717275263,3.613983244,4.142158257,3.701488234,4.019319097
91.72,3.761461207,3.706982155,3.604152363,4.152421423,3.718418777,4.023483252
91.74,3.764626006,3.712922472,3.610633849,4.145243096,3.720749799,4.014083731
91.76,3.752633186,3.702556654,3.600699482,4.155302789,3.737268478,4.018328561
91.78,3.755887154,3.708428671,3.607083326,4.147915589,3.73919396,4.009004865
91.8,3.743960022,3.697968474,3.597037833,4.1577916,3.755339645,4.013336877
91.82,3.746277485,3.703750872,3.603317789,4.150216366,3.756897906,4.004094024
91.84,3.763546839,3.693170481,3.593156349,4.159930619,3.772707893,4.008511781
91.86,3.766408091,3.698837409,3.599329018,4.152190204,3.773935523,3.99934609
91.88,3.754051166,3.688121718,3.589049677,4.161766508,3.789445241,4.003855073
91.9,3.755952988,3.693659598,3.595114619,4.153885525,3.790376779,3.994771377
91.92,3.772821796,3.682785519,3.584718471,4.163349308,3.805619545,3.9993643
91.94,3.775243662,3.688171364,3.590678271,4.155353849,3.80628734,3.990352783
91.96,3.762405783,3.677126989,3.580169403,4.164731861,3.821294124,3.995028963
91.98,3.763836922,3.682350756,3.586029705,4.156649197,3.82172799,3.986088286
92,3.780247323,3.67111684,3.575415319,4.165969204,3.836527182,3.990834241
92.02,3.78216921,3.676159721,3.581184833,4.157827462,3.836754291,3.981948426
92.04,3.768786634,3.664728849,3.570475138,4.167117917,3.851371502,3.986757361
92.06,3.769680724,3.669585588,3.576165614,4.158945749,3.851416087,3.977919022
92.08,3.785564846,3.657943575,3.565373881,4.168235448,3.865873958,3.982771451
92.1,3.786917585,3.66260072,3.571000058,4.160061679,3.865757247,3.973958724
92.12,3.772919412,3.650745777,3.560142449,4.169379405,3.880075299,3.978842093
92.14,3.77320425,3.655203958,3.565721957,4.161232673,3.879815265,3.970041972
92.16,3.788489761,3.643128014,3.554817516,4.170606835,3.894009758,3.974931283
92.18,3.789201215,3.647380122,3.560370761,4.162515223,3.893621108,3.966116587
92.2,3.803843691,3.635087967,3.549441168,4.171973485,3.908932947,3.970994173
92.22,3.803897164,3.638041061,3.554991162,4.163964152,3.908395812,3.962152859
92.24,3.817891337,3.65702991,3.544054932,4.173539804,3.923574691,3.966998732
92.26,3.817276015,3.660340656,3.549621884,4.165644517,3.922896136,3.958103564
92.28,3.830611834,3.647094608,3.538711011,4.175362121,3.937947206,3.962889543
92.3,3.829330655,3.649136784,3.544327826,4.167604673,3.937130137,3.953911382
92.32,3.842011292,3.667261743,3.53346541,4.177487076,3.952054345,3.958607576
92.34,3.840056259,3.669702592,3.539156326,4.169889302,3.951097496,3.949515802
92.36,3.852074511,3.655579764,3.528378071,4.179957137,3.965891654,3.954090919
92.38,3.849451732,3.656793289,3.53417942,4.172538552,3.964789677,3.944853619
92.4,3.860814254,3.674142716,3.523511498,4.182810028,3.979446577,3.949275287
92.42,3.857519493,3.675808783,3.52945024,4.17558749,3.978190179,3.939859721
92.44,3.868223171,3.66091014,3.518930717,4.186077926,3.992698747,3.944094845
92.46,3.864266925,3.66140129,3.525045229,4.179065316,3.991274855,3.934467677
92.48,3.87432309,3.678087512,3.514701894,4.189786975,4.005620339,3.938482798
92.5,3.869706033,3.679097768,3.52102034,4.182994915,4.00401231,3.928610597
92.52,3.879116763,3.663548089,3.510892044,4.193956601,4.018176504,3.932372275
92.54,3.873854862,3.663446878,3.517453218,4.187392193,4.016364361,3.922221771
92.56,3.882637219,3.679605658,3.507567678,4.198599146,4.030325858,3.925696976
92.58,3.876737064,3.680102104,3.514399208,4.192265761,4.028286557,3.915235586
92.6,3.88489928,3.664048876,3.50479428,4.203719329,4.042021031,3.918392099
92.62,3.878383238,3.663507695,3.511933553,4.197616424,4.039728754,3.907588198
92.64,3.885949005,3.679296589,3.502635021,4.209314044,4.053209265,3.910395009
92.66,3.877824463,3.679442285,3.510107236,4.203437038,4.050635738,3.89921847
92.68,3.884887389,3.663048497,3.501150053,4.215371989,4.063833057,3.901641188
92.7,3.87625983,3.662235351,3.50898924,4.209712169,4.060947878,3.890058647
92.72,3.882844561,3.677821431,3.500395266,4.221873654,4.073830802,3.89207089
92.74,3.873728658,3.677787094,3.508622207,4.216418139,4.070601744,3.880057291
92.76,3.879850854,3.693021296,3.500421509,4.228791128,4.083137457,3.881635103
92.78,3.870275305,3.692653004,3.509064487,4.223522882,4.079530889,3.869167955
92.8,3.875965747,3.707599601,3.501278278,4.236088282,4.091685362,3.870290201
92.82,3.865956728,3.706961752,3.510357028,4.230986191,4.087666618,3.857350098
92.84,3.871243471,3.721684804,3.503003001,4.24372086,4.099404984,3.857998869
92.86,3.860830781,3.72084129,3.512533529,4.238759812,4.094938743,3.843498818
92.88,3.865745529,3.735404162,3.505625449,4.251636684,4.106225677,3.843769432
92.9,3.854957588,3.734417933,3.515619639,4.246787715,4.101270784,3.828868105
92.92,3.859530596,3.748882826,3.50916697,4.259775974,4.112065321,3.82874667
92.94,3.848405173,3.747815383,3.519632238,4.255006432,4.106587251,3.813431701
92.96,3.852676048,3.762242866,3.513639825,4.268071661,4.116855306,3.812907732
92.98,3.841254441,3.761153849,3.524578827,4.26334544,4.11082009,3.797170366
93,3.845266275,3.775602419,3.51904664,4.27644994,4.120528329,3.796237146
93.02,3.833593231,3.774549131,3.530457042,4.271727777,4.113902929,3.808752511
93.04,3.837392509,3.757118152,3.525379977,4.284830849,4.123019141,3.806852788
93.06,3.825515716,3.755635335,3.537254747,4.280070621,4.115771386,3.81842508
93.08,3.829152069,3.770898295,3.532617435,4.293128882,4.124264186,3.8155853
93.1,3.817117683,3.770675933,3.544938701,4.288285906,4.116363706,3.826242239
93.12,3.820637851,3.754085489,3.540731241,4.301253556,4.124203943,3.822491986
93.14,3.808505476,3.753504282,3.553486648,4.296280962,4.115622496,3.832264508
93.16,3.811971356,3.76973291,3.549683175,4.309110278,4.122783336,3.827636707
93.18,3.799792647,3.770486414,3.562844383,4.303959381,4.113495168,3.836559236
93.2,3.803256112,3.754875812,3.559424654,4.316600956,4.119952448,3.831090305
93.22,3.791095559,3.755330162,3.572969026,4.31122163,4.109934641,3.83920079
93.24,3.794623076,3.772651184,3.569897031,4.323624899,4.115667215,3.832930782
93.26,3.78253653,3.773341198,3.583786236,4.317965971,4.104900035,3.840270941
93.28,3.786183678,3.790925927,3.581026165,4.330079462,4.108718731,3.833243668
93.3,3.774233383,3.793036403,3.595222498,4.324089081,4.097310054,3.839853672
93.32,3.778063107,3.778779698,3.592740176,4.335854247,4.100487662,3.832111374
93.34,3.76631798,3.780663715,3.607207081,4.32947482,4.088422485,3.838041503
93.36,3.770400196,3.799485142,3.604953044,4.340840874,4.090945302,3.82963659
93.38,3.758918843,3.802817734,3.619639163,4.334021602,4.078211698,3.834940978
93.4,3.763310928,3.789764242,3.61757092,4.344938151,4.080069296,3.825929657
93.42,3.752162122,3.792885978,3.632431938,4.337628872,4.066658761,3.8306662
93.44,3.756933536,3.780741596,3.630492701,4.348046432,4.067844273,3.821108467
93.46,3.746174814,3.784776666,3.645470823,4.340198006,4.053752015,3.825338912
93.48,3.751381651,3.773529633,3.643606646,4.350068249,4.054262419,3.815298518
93.5,3.741074397,3.778463978,3.658646534,4.341632906,4.039487646,3.819088297
93.52,3.746776829,3.768097289,3.656800916,4.350909103,4.039324059,3.808632639
93.54,3.736980036,3.773911538,3.671844875,4.341840842,4.023870265,3.81205082
93.56,3.743235466,3.764402777,3.6699592,4.350478226,4.023038225,3.801250833
93.58,3.734005009,3.771072051,3.684947619,4.340733172,4.006913477,3.804369958
93.6,3.740867337,3.762393241,3.682961594,4.348689292,4.005423236,3.793299924
93.62,3.732255235,3.769887048,3.697833386,4.33822605,3.988640463,3.796195785
93.64,3.739774122,3.762004588,3.695685478,4.345461119,3.986507271,3.784933077
93.66,3.731827805,3.770286803,3.710378516,4.334241117,3.969084543,3.787684425
93.68,3.740047959,3.763161493,3.708006384,4.340718351,3.96632893,3.776309176
93.7,3.732809567,3.772190418,3.722457928,4.32870618,3.948289739,3.778997362
93.72,3.740710277,3.765777567,3.719798849,4.33439214,3.944937794,3.767592067
93.74,3.734177059,3.775501185,3.73394596,4.321555891,3.926311323,3.770295445
93.76,3.742807373,3.7697454,3.730937204,4.326420817,3.922394954,3.758938956
93.78,3.737005879,3.780111478,3.744717106,4.312732412,3.903216304,3.761742905
93.8,3.74638992,3.774957905,3.741296345,4.316750553,3.898773446,3.750521055
93.82,3.741341338,3.785909446,3.754646861,4.302186084,3.879083883,3.753511772
93.84,3.7514977,3.78129867,3.750752571,4.305336035,3.874158781,3.742510854
93.86,3.747217475,3.792774283,3.763612498,4.289876096,3.85400598,3.745774679
93.88,3.759229426,3.788642728,3.759184326,4.292141134,3.848649388,3.735080737
93.9,3.755774031,3.800581906,3.77149379,4.275771163,3.828087608,3.738708625
93.92,3.767555663,3.796867536,3.766472923,4.277139591,3.822356951,3.728412399
93.94,3.76487859,3.809196269,3.778173759,4.259850214,3.832510322,3.732483465
93.96,3.778518545,3.805822926,3.77250322,4.260315707,3.825889559,3.722661835
93.98,3.776663381,3.818474045,3.783539195,4.242102532,3.835214744,3.727262691
94,3.791130898,3.815373515,3.777164168,4.241663684,3.827799039,3.718001358
94.02,3.790082454,3.828272091,3.787481389,4.222528436,3.836393369,3.723210517
94.04,3.805357996,3.825368231,3.78034953,4.221190423,3.828281657,3.714585802
94.06,3.805092693,3.838437175,3.789896681,4.201141237,3.836246086,3.720477686
94.08,3.821148386,3.835651969,3.781958385,4.198915834,3.827540826,3.711414739
94.1,3.821634413,3.848812552,3.790687021,4.177967615,3.834979682,3.718026607
94.12,3.838428115,3.846066636,3.781895713,4.174873553,3.825780934,3.709696564
94.14,3.839619867,3.859238988,3.789760541,4.153048336,3.83279569,3.717082261
94.16,3.857107712,3.856452109,3.780072953,4.14780673,3.823212553,3.709536755
94.18,3.858957809,3.869555735,3.787032114,4.125294632,3.829906816,3.717745063
94.2,3.877088862,3.866647318,3.776402459,4.119383075,3.820044616,3.711030316
94.22,3.879543114,3.879601624,3.782413341,4.096207225,3.826531036,3.720104185
94.24,3.898259947,3.876491232,3.770807572,4.089651799,3.816502918,3.714260259
94.26,3.901257961,3.889215947,3.77583779,4.065841871,3.821637817,3.724236152
94.28,3.920497286,3.885823751,3.763226044,4.058675436,3.811571538,3.71929043
94.3,3.923973124,3.898239449,3.767247513,4.034261367,3.816724458,3.730191009
94.32,3.943666438,3.894486705,3.753604374,4.026518784,3.806713898,3.726168695
94.34,3.94754925,3.90651523,3.756593553,4.001545989,3.811978925,3.738014988
94.36,3.967623543,3.902324695,3.777209858,3.993276011,3.802118224,3.734933342
94.38,3.971838339,3.913889566,3.77848971,3.967796564,3.807589503,3.747738248
94.4,3.992216843,3.9091853,3.797421212,3.959054637,3.797972507,3.745606238
94.42,3.996685219,3.920211402,3.797013973,3.96814453,3.803743583,3.759374241
94.44,4.017288123,3.914919932,3.814285502,3.95834003,3.794462559,3.758192313
94.46,4.021928959,3.925334997,3.812216848,3.966433804,3.800624881,3.772919313
94.48,4.011913141,3.919385601,3.827856481,3.955667128,3.791770352,3.77267928
94.5,4.01723077,3.929120669,3.824156375,3.962867703,3.798413462,3.788353039
94.52,4.007828301,3.92244631,3.83819677,3.951243718,3.790073324,3.78903878
94.54,4.013716146,3.931435437,3.832899535,3.957658405,3.797283729,3.805638552
94.56,4.004819192,3.923972033,3.845377762,3.945286338,3.789542365,3.808383022
94.58,4.011168679,3.932152606,3.838522238,3.951026693,3.797402627,3.825936645
94.6,4.002673737,3.923839559,3.849479965,3.938019949,3.790345883,3.82959853
94.62,4.009380047,3.93115259,3.841109707,3.943201555,3.79893918,3.818466613
94.64,4.001175961,3.921933099,3.850593397,3.929677494,3.792642127,3.822423244
94.66,4.008128205,3.928323465,3.840756884,3.93441972,3.802041383,3.84225569
94.68,4.000098214,3.918144709,3.848818029,3.9204993,3.796567816,3.848108004
94.7,4.007179909,3.923561349,3.837568908,3.924924846,3.806833385,3.839075837
94.72,3.999219105,3.912374681,3.844264274,3.910732137,3.802250295,3.845095524
94.74,4.006325536,3.916770876,3.831661609,3.914966474,3.813445995,3.866945654
94.76,3.998318344,3.904532189,3.837053497,3.90062813,3.80980214,3.874709197
94.78,4.005334882,3.907865802,3.82316204,3.904799014,3.821972429,3.867482407
94.8,3.99717891,3.894535659,3.827318564,3.890443602,3.819318079,3.875257931
94.82,4.004003791,3.896769395,3.812209035,3.894680216,3.83250938,3.869081301
94.84,3.99558709,3.882313406,3.815204398,3.880437416,3.830875209,3.877871317
94.86,4.002110355,3.883415075,3.798953765,3.884869626,3.845113682,3.87265137
94.88,3.993330266,3.900934625,3.800868542,3.870869311,3.844525434,3.882360061
94.9,3.99945064,3.900259071,3.78355982,3.875626558,3.828165633,3.877998295
94.92,3.990207115,3.916021785,3.78448053,3.861997706,3.829265415,3.88852564
94.94,3.995826037,3.914707786,3.766203709,3.865822652,3.814574025,3.884920053
94.96,3.986022846,3.895349452,3.766229979,3.852659584,3.817347105,3.896162112
94.98,3.991051323,3.89159745,3.747081059,3.857011182,3.804304854,3.893206882
95,3.980602004,3.904323375,3.746301423,3.844415785,3.808732202,3.905056491
95.02,3.984943593,3.898822224,3.726380162,3.849395041,3.797315037,3.902643046
95.04,4.00484488,3.909828945,3.724903809,3.8374668,3.803366521,3.914990614
95.06,4.007830125,3.902608286,3.70432292,3.843171944,3.79353917,3.913007817
95.08,4.026361921,3.911928352,3.702266273,3.832007019,3.801173394,3.926848007
95.1,4.027942064,3.903023288,3.681145402,3.83853245,3.792889305,3.925151465
95.12,4.045064198,3.910695037,3.678631742,3.828222571,3.802059531,3.9392238
95.14,4.045199978,3.900146337,3.657097361,3.835657727,3.795266681,3.937681377
95.16,4.060870189,3.906213916,3.652952755,3.826289085,3.805909911,3.951854127
95.18,4.05952153,3.894068263,3.631211309,3.834710762,3.800540368,3.950334653
95.2,4.073702727,3.898574966,3.626919906,3.826355011,3.812582947,3.964477488
95.22,4.070834754,3.884880105,3.605079495,3.835838344,3.80855835,3.962851588
95.24,4.083495043,3.887884632,3.600752091,3.828566078,3.821916601,3.976836418
95.26,4.079078095,3.872702002,3.578926264,3.83917765,3.819148956,3.974977314
95.28,4.090190876,3.874269487,3.574679035,3.833050391,3.833730029,3.988679042
95.3,4.084200675,3.857667135,3.589013321,3.844847264,3.83212259,3.986463262
95.32,4.093744792,3.857869479,3.584283917,3.839915851,3.84782542,3.999760448
95.34,4.086162556,3.839921825,3.598224861,3.85294375,3.847273693,3.997068446
95.36,4.094122419,3.838837241,3.593158986,3.849248145,3.863990048,4.009843884
95.38,4.084935009,3.8196263,3.606851935,3.863541839,3.86438289,4.006560576
95.4,4.091300747,3.817341035,3.601594212,3.861110455,3.881998502,4.018701788
95.42,4.080500828,3.796956668,3.615183033,3.876692897,3.883219269,4.014717011
95.44,4.085268485,3.793564977,3.609876273,3.875542122,3.901615004,4.026116663
95.46,4.072854746,3.772105233,3.62350257,3.856653397,3.903542722,4.021325561
95.48,4.076026511,3.767709707,3.618286938,3.857498414,3.922596304,4.031881822
95.5,4.062003909,3.745281147,3.632089699,3.840577438,3.925107608,4.026185177
95.52,4.063588388,3.739993026,3.627102535,3.843397669,3.944694183,4.035802019
95.54,4.047968446,3.716711018,3.641216698,3.828418233,3.947663336,4.02910652
95.56,4.047980979,3.710650458,3.636590585,3.833180328,3.967656497,4.037693969
95.58,4.03078212,3.68663942,3.651146009,3.82010324,3.97095667,4.029912445
95.6,4.029245143,3.679935697,3.647007965,3.826760736,3.991229435,4.037386783
95.62,4.010493086,3.655329259,3.662128363,3.815533615,3.994733651,4.028438398
95.64,4.00743655,3.646946541,3.658598748,3.8240269,4.015159369,4.034722353
95.66,3.987164746,3.6556787,3.67439427,3.814584279,4.018741369,4.024532777
95.68,3.982620208,3.64755068,3.671578981,3.824840807,4.039194536,4.029555686
95.7,3.960865072,3.655362773,3.651822478,3.817104461,4.042729556,4.01805723
95.72,3.953896457,3.645200551,3.650528622,3.829040014,4.063086547,4.021755139
95.74,3.962464704,3.652337805,3.632321687,3.822920687,4.06770574,4.008882029
95.76,3.954674684,3.641560884,3.63262622,3.836439533,4.087761031,4.011199399
95.78,3.929709104,3.648182465,3.616046093,3.831842425,4.091991542,3.996908674
95.8,3.919612437,3.636951127,3.618022241,3.846845096,4.111603518,3.99677622
95.82,3.925161516,3.643209078,3.603136326,3.843660066,4.115306698,4.011583257
95.84,3.913392893,3.631676317,3.606846638,3.860031277,4.134333618,4.010624543
95.86,3.917333466,3.637729177,3.593710708,3.858139062,4.137370374,4.023383579
95.88,3.903994356,3.626054403,3.599205337,3.875755071,4.15568792,4.020365033
95.9,3.906431098,3.632062136,3.587862016,3.875028536,4.157937759,4.031077595
95.92,3.891622946,3.620405613,3.595177297,3.893758513,4.175421651,4.026004881
95.94,3.892660964,3.626528507,3.585654738,3.894064128,4.176763947,4.034679452
95.96,3.876491969,3.615050344,3.59481199,3.913771585,4.193296602,4.027565146
95.98,3.87624329,3.621447941,3.587122836,3.914970779,4.193617595,4.034217174
96,3.858828767,3.610306967,3.598127461,3.935514948,4.209088392,4.025080874
96.02,3.857412684,3.617136852,3.592268131,3.937465506,4.208281409,4.029732914
96.04,3.838875395,3.606489321,3.605109066,3.958702707,4.222586878,4.018601416
96.06,3.836418786,3.613905745,3.601059393,3.961260113,4.220552496,4.021283338
96.08,3.816889243,3.603903889,3.615708921,3.983045065,4.233596452,4.008190883
96.1,3.813526841,3.612056261,3.61343217,3.986063776,4.230242607,4.008940152
96.12,3.793143547,3.60284671,3.629846114,4.00825082,4.241936249,3.992892628
96.14,3.789018144,3.611877965,3.629289368,4.011585437,4.237178317,3.991979141
96.16,3.767922629,3.603600076,3.647407645,4.034029655,4.247434897,3.974270616
96.18,3.763180077,3.613644943,3.648502539,4.037535992,4.24119079,3.971734378
96.2,3.741527933,3.606429012,3.668250043,4.06009418,4.249938546,3.952407734
96.22,3.736327841,3.617612274,3.670913811,4.063630156,4.242140855,3.948295538
96.24,3.714282303,3.61157785,3.692201592,4.086161711,4.249315689,3.927400746
96.26,3.708791764,3.62401266,3.696338369,4.090948045,4.23990469,3.921766741
96.28,3.686523425,3.619266861,3.719065041,4.113228155,4.24545653,3.899361399
96.3,3.679841126,3.63305312,3.724574252,4.117663221,4.234385895,3.892267688
96.32,3.657562656,3.629683613,3.748634174,4.139529942,4.238263197,3.868412709
96.34,3.650951612,3.644899981,3.755399258,4.143455448,4.225485786,3.85992557
96.36,3.628814848,3.642983275,3.78067168,4.164753637,4.227644717,3.865394867
96.38,3.622429717,3.659697666,3.78856742,4.168018375,4.213121171,3.855008461
96.4,3.600591477,3.659293668,3.81492374,4.188600206,4.21352534,3.85864758
96.42,3.594591435,3.67755697,3.823817996,4.191060554,4.197223701,3.846484192
96.44,3.573213127,3.678708213,3.851123469,4.210785942,4.195845105,3.848418186
96.46,3.567761619,3.698553685,3.860878873,4.21230622,4.177742191,3.834606913
96.48,3.547007997,3.701284882,3.888994273,4.231043124,4.174561377,3.834967943
96.5,3.542271166,3.688417435,3.899469846,4.231495839,4.154642734,3.819645219
96.52,3.522308834,3.693400254,3.891337532,4.249120461,4.149649106,3.818573069
96.54,3.518454448,3.682767922,3.903120514,4.248387047,4.126733162,3.801883169
96.56,3.499451011,3.689987847,3.896195704,4.264784655,4.120205678,3.799520224
96.58,3.496646028,3.681566493,3.909119339,4.262747975,4.095734189,3.781610329
96.6,3.478766842,3.690990663,3.903234082,4.277806771,4.087672022,3.778114307
96.62,3.477175204,3.684737388,3.917128894,4.274366739,4.094454203,3.759146748
96.64,3.460581377,3.69631443,3.912113141,4.287990239,4.084235662,3.754683416
96.66,3.460361645,3.69216796,3.926808336,4.283054676,4.088895669,3.734828451
96.68,3.445207538,3.705828317,3.923844752,4.295154166,4.076572661,3.7295724
96.7,3.446510269,3.703709567,3.9391266,4.288646724,4.079164905,3.709009328
96.72,3.432940808,3.719372726,3.936631792,4.299147268,4.064795801,3.703143976
96.74,3.435905807,3.71919363,3.952296922,4.290989866,4.065381401,3.682060833
96.76,3.422887542,3.736757682,3.950069133,4.299816882,4.049031476,3.675778308
96.78,3.427512105,3.738401381,3.965917909,4.289939595,4.047678668,3.653211751
96.8,3.416185708,3.757742798,3.963759816,4.297026633,4.02942059,3.646767994
96.82,3.42255833,3.761083698,3.979597599,4.285367701,4.026199854,3.624105886
96.84,3.413005955,3.782071077,3.977317599,4.290656469,4.006109346,3.617671578
96.86,3.421205704,3.786971476,3.99295599,4.277162302,4.001107167,3.59508769
96.88,3.413499376,3.809462254,3.990369296,4.280602663,3.979275644,3.588839642
96.9,3.423589743,3.815774406,4.005627099,4.265227936,3.9725872,3.566513607
96.92,3.417785143,3.839616937,4.0025566,4.266778085,3.949115117,3.560633984
96.94,3.429812569,3.847185124,4.017260588,4.2494859,3.940844996,3.538750316
96.96,3.425947722,3.872220748,4.013537514,4.24911251,3.915842602,3.533425487
96.98,3.439940476,3.880883338,4.027523011,4.229874575,3.906105587,3.512172273
97,3.438034811,3.906948408,4.02298743,4.227553004,3.879693725,3.507591334
97.02,3.454002265,3.916539827,4.036098738,4.206349878,3.868615616,3.487158591
97.04,3.454056095,3.943467635,4.030599909,4.202064449,3.840926565,3.483511538
97.06,3.471988435,3.953820227,4.042690595,4.178885869,3.828645044,3.464089206
97.08,3.473982885,3.981442782,4.036087194,4.172630238,3.832904154,3.461564749
97.1,3.493851275,3.992388493,4.047020266,4.146206111,3.81895898,3.443339793
97.12,3.497748651,3.987018086,4.039180512,4.138308768,3.821661791,3.442121931
97.14,3.519505818,3.999067017,4.04882829,4.147240926,3.806241513,3.425276076
97.16,3.526432851,3.994675354,4.039630044,4.136994438,3.807587574,3.424323819
97.18,3.550188184,4.007612505,4.047874555,4.143613346,3.790895107,3.40890861
97.2,3.559042781,4.003984963,4.037204927,4.131070645,3.791085276,3.409463985
97.22,3.584691607,4.017589636,4.043937862,4.135431603,3.773326408,3.395617252
97.24,3.595364677,4.014506217,4.031693863,4.120651938,3.771289535,3.397814377
97.26,3.622789488,4.028560124,4.036816382,4.122816787,3.752775865,3.385658126
97.28,3.63515507,4.025804246,4.022904517,4.105859605,3.750082221,3.389613994
97.3,3.631624677,4.040093266,4.026327222,4.105893046,3.730997401,3.379262994
97.32,3.646190471,4.037453979,4.046948148,4.086834759,3.727833727,3.385086553
97.34,3.64476867,4.05177044,4.048176359,4.084809967,3.708367976,3.376641733
97.36,3.661373926,4.049035279,4.0678068,4.063728873,3.704927524,3.384426265
97.38,3.661893447,4.063171445,4.066538112,4.059741597,3.68527725,3.377971457
97.4,3.680363946,4.060151137,4.083677815,4.036737748,3.681759313,3.38779239
97.42,3.682645232,4.073920437,4.079896054,4.030883876,3.662126595,3.383392615
97.44,3.702795917,4.070425736,4.094534039,4.006058604,3.658735748,3.395305733
97.46,3.706649906,4.083643225,4.088231553,3.9984437,3.639327329,3.393005625
97.48,3.728287612,4.079493905,4.100365143,3.971908413,3.636272307,3.40704571
97.5,3.733518358,4.091983885,4.091542497,3.962648526,3.617298324,3.406868416
97.52,3.756444415,4.087009265,4.101177155,3.934525556,3.614790583,3.423048378
97.54,3.762851678,4.098605726,4.089843029,3.923748106,3.596462944,3.424994973
97.56,3.786864432,4.092645034,4.096992318,3.894171616,3.594714855,3.443305538
97.58,3.7942461,4.103191956,4.083163517,3.882016332,3.577245238,3.447355001
97.6,3.819143226,4.096094554,4.087849179,3.851133271,3.576467903,3.467764937
97.62,3.827297523,4.105446079,4.07155077,3.837753163,3.560065387,3.473874675
97.64,3.852878098,4.097071591,4.073802928,3.843082023,3.560466097,3.496331575
97.66,3.861605524,4.105092101,4.055068504,3.827956607,3.545333739,3.504438453
97.68,3.887671827,4.095310445,4.054925307,3.831667348,3.547112121,3.528869985
97.7,3.896776824,4.101874566,4.03379665,3.815012734,3.533444521,3.538891806
97.72,3.923135854,4.090565928,4.030087212,3.817326445,3.536790489,3.565207386
97.74,3.932428192,4.095558476,4.006933136,3.799361375,3.524770486,3.577044736
97.76,3.958892906,4.117754056,4.001224954,3.800501779,3.529860559,3.60637164
97.78,3.968188786,4.12041597,3.976086922,3.781461445,3.519655783,3.620098455
97.8,3.994584593,4.140268225,3.96842466,3.781668358,3.526655739,3.61967608
97.82,4.004766236,4.140550873,3.9413526,3.761796346,3.518422873,3.635744654
97.84,4.030848298,4.158022311,3.931789967,3.759894264,3.527474607,3.637569295
97.86,4.040600358,4.155890513,3.940762046,3.739508334,3.519905436,3.655809304
97.88,4.066173427,4.170945002,3.928654199,3.737201603,3.530909249,3.659689457
97.9,4.075306354,4.166365871,3.935160013,3.716500718,3.525318685,3.679902871
97.92,4.100186002,4.178975437,3.920627473,3.713993118,3.538353368,3.685639832
97.94,4.108521177,4.171925174,3.924791588,3.693190748,3.534811138,3.707623171
97.96,4.132534038,4.182071063,3.907961693,3.690698509,3.549935658,3.715008388
97.98,4.139904048,4.172534615,3.909915866,3.670013335,3.548491055,3.738549852
98,4.162887974,4.180206714,3.890923584,3.667757431,3.565743386,3.747368179
98.02,4.169136641,4.168177585,3.890807568,3.647412127,3.566424258,3.772250835
98.04,4.190940661,4.17337429,3.869796279,3.645616878,3.585820634,3.782283613
98.06,4.19592295,4.158854456,3.867758629,3.625836523,3.59007068,3.808288361
98.08,4.216407126,4.161582641,3.844880969,3.624727816,3.578106178,3.819323612
98.1,4.219988943,4.144582576,3.841079911,3.605745358,3.583937329,3.846239238
98.12,4.239024171,4.144857677,3.816498649,3.605556007,3.608484072,3.85805316
98.14,4.241082169,4.125396484,3.811103001,3.587589418,3.617813239,3.885657063
98.16,4.258549839,4.123242695,3.784992004,3.58853577,3.610848334,3.898042456
98.18,4.258970945,4.101348363,3.778182031,3.571811577,3.621651841,3.926130146
98.2,4.274762623,4.095738163,3.75072702,3.574117928,3.617289094,3.938871991
98.22,4.27344386,4.071746581,3.742689517,3.558842379,3.630662634,3.967231976
98.24,4.287455619,4.064060882,3.714084547,3.562710705,3.628807283,3.980129023
98.26,4.284299051,4.038003448,3.705026444,3.549085113,3.644646945,4.00856378
98.28,4.29644435,4.028276732,3.675484444,3.554710651,3.645184422,4.02142282
98.3,4.291368671,4.0357503,3.665625813,3.542921639,3.663367279,4.049743266
98.32,4.301570328,4.023364354,3.635372719,3.550483251,3.666164996,4.062379944
98.34,4.294502889,4.028243688,3.624946546,3.540699202,3.686551031,4.090406095
98.36,4.302692173,4.013292807,3.594222278,3.550355848,3.691460502,4.102645414
98.38,4.293569563,4.015676087,3.582079588,3.542723483,3.715285446,4.099367858
98.4,4.299686996,3.998261141,3.589571753,3.55460359,3.722332256,4.111565502
98.42,4.288460599,3.998246456,3.576666889,3.549242309,3.748205309,4.108123245
98.44,4.292459377,3.978470435,3.583535099,3.563459758,3.757182408,4.120060815
98.46,4.279080294,3.976173132,3.570105608,3.560462702,3.78488527,4.116240509
98.48,4.280914973,3.954155232,3.576589352,3.577097208,3.795569955,4.127709713
98.5,4.26534238,3.949699405,3.562876222,3.576527877,3.82487567,4.123308461
98.52,4.264975588,3.925567592,3.56921781,3.595628754,3.837038304,4.134111689
98.54,4.247176751,3.919086553,3.555464345,3.597519769,3.867714858,4.128937571
98.56,4.244579195,3.892978492,3.561907633,3.619105112,3.881122328,4.138888319
98.58,4.224529515,3.884615742,3.548357997,3.623457858,3.912935935,4.132760721
98.6,4.219680061,3.856679811,3.555146747,3.609453641,3.927354766,4.14168384
98.62,4.197363209,3.846590094,3.542044141,3.615470119,3.960073492,4.166505854
98.64,4.190249059,3.816986479,3.549420682,3.642432725,3.975266214,4.173640105
98.66,4.199162862,3.805336904,3.536999194,3.652085075,3.974493404,4.196625442
98.68,4.189161072,3.774238298,3.545192566,3.643294158,3.990893307,4.20185601
98.7,4.195226849,3.761208849,3.533691985,3.656019755,3.991192591,4.22289667
98.72,4.182385478,3.728802242,3.542939795,3.650234586,4.008558179,4.226120941
98.74,4.18565574,3.714588015,3.532586719,3.664407329,4.009688816,4.245120655
98.76,4.170030462,3.681075843,3.543109566,3.661236289,4.027774503,4.246247358
98.78,4.17056551,3.664703268,3.53411192,3.67798163,4.029492515,4.263120824
98.8,4.152219992,3.666393825,3.546101928,3.677306926,4.048065792,4.262069312
98.82,4.150081882,3.648700777,3.538650632,3.698001761,4.050142116,4.276741591
98.84,4.12908354,3.649201249,3.55229406,3.69993531,4.06898482,4.273441304
98.86,4.124352279,3.630410196,3.546573633,3.723157483,4.071205711,4.285847288
98.88,4.100785514,3.629947698,3.562045742,3.727507498,4.090100092,4.280237311
98.9,4.093551,3.610289924,3.55821433,3.753055373,4.092252152,4.290321293
98.92,4.067510071,3.609100383,3.575660918,3.759612816,4.110989393,4.282349851
98.94,4.057872486,3.588815953,3.573852794,3.787269583,4.112868635,4.29006508
98.96,4.02946238,3.58714386,3.554570835,3.79581214,4.131249612,4.279689173
98.98,4.017533143,3.566481275,3.555649274,3.82535068,4.132662086,4.284997537
99,3.986870611,3.564579935,3.539291245,3.835647924,4.15049789,4.272182668
99.02,3.971752644,3.543796439,3.543344889,3.86683405,4.151260111,4.275054464
99.04,3.9730005,3.541920969,3.529984302,3.878649822,4.16837238,4.259769497
99.06,3.955441273,3.521274783,3.537073603,3.911245773,4.16831155,4.260178982
99.08,3.95434377,3.519690539,3.526754252,3.924341883,4.184532591,4.24240857
99.1,3.934499752,3.499449412,3.536908755,3.958109519,4.183486618,4.24034559
99.12,3.931218393,3.498425496,3.529642542,3.972248738,4.199879536,4.220083188
99.14,3.909255226,3.478859638,3.542859155,4.006952307,4.197482377,4.215552214
99.16,3.903961203,3.478666254,3.538624884,4.021906765,4.21245195,4.192803551
99.18,3.880054811,3.460045682,3.554867165,4.01877789,4.208535692,4.185807918
99.2,3.872930159,3.460951192,3.553610452,4.035059811,4.221922461,4.160580169
99.22,3.847267849,3.443542509,3.572809657,4.033119874,4.216334348,4.151132347
99.24,3.838506507,3.445809934,3.574444973,4.050482599,4.227992618,4.155956195
99.26,3.811288092,3.429872566,3.596501093,4.04948572,4.220593084,4.14346509
99.28,3.801096599,3.433755595,3.600912501,4.067685529,4.230389993,4.145290791
99.3,3.772534975,3.419537585,3.625696557,4.067389857,4.221051947,4.129830914
99.32,3.761134181,3.42393503,3.632740751,4.086187885,4.228867723,4.128736157
99.34,3.731457268,3.41146519,3.660091209,4.08635737,4.217477096,4.110390402
99.36,3.719076183,3.417713537,3.669592322,4.105521203,4.223204481,4.106461593
99.38,3.688521788,3.40717181,3.699330038,4.105927009,4.209659441,4.085321921
99.4,3.675413592,3.415443715,3.711098983,4.125232042,4.213203217,4.078654921
99.42,3.644242303,3.406992934,3.743027238,4.125653824,4.197413724,4.054823274
99.44,3.629542188,3.417442317,3.756859595,4.14488436,4.197530145,4.04552447
99.46,3.632185228,3.411218859,3.751564075,4.145111196,4.214482911,4.018039265
99.48,3.616692682,3.423970614,3.768030653,4.164056305,4.213103559,4.00651875
99.5,3.618688993,3.420090513,3.765238214,4.16388229,4.227056659,3.976848565
99.52,3.602666364,3.435249209,3.784104681,4.182353145,4.222657649,3.963217443
99.54,3.604286341,3.433802315,3.78357584,4.181595221,4.233601989,3.931470778
99.56,3.588006372,3.451444754,3.804597003,4.199406887,4.226180246,3.91584399
99.58,3.589524908,3.452492527,3.806083222,4.197885637,4.234116364,3.914876936
99.6,3.573264251,3.472666425,3.829006775,4.216180622,4.223678136,3.896759806
99.62,3.574958838,3.476240793,3.832254064,4.213514049,4.228621411,3.893396977
99.64,3.558995753,3.498964021,3.856830948,4.230581568,4.215186223,3.872967582
99.66,3.561145036,3.50506705,3.861589809,4.226578426,4.217151181,3.867391616
99.68,3.545758067,3.493726399,3.887564315,4.242235363,4.20073924,3.844838877
99.7,3.54863937,3.503074061,3.89358058,4.236719553,4.199749752,3.837243853
99.72,3.534104997,3.494939917,3.920699934,4.250797717,4.180390708,3.812768735
99.74,3.53799241,3.507482034,3.927722631,4.243607804,4.176480186,3.80336144
99.76,3.524581452,3.502490137,3.955738166,4.255953474,4.153044962,3.777178231
99.78,3.529741241,3.518146428,3.963521722,4.2469422,4.146643559,3.766173747
99.8,3.51771526,3.51620281,3.992191235,4.257408948,4.120713159,3.738505859
99.82,3.524402399,3.53486403,4.00049734,4.246438312,4.11185773,3.726141709
99.84,3.514009722,3.535846605,4.029586715,4.254903048,4.0834721,3.69723492
99.86,3.522463843,3.557376603,4.039530827,4.241855934,4.072207476,3.683764208
99.88,3.513935471,3.561137612,4.068759611,4.248215733,4.076432441,3.652707488
99.9,3.524376704,3.585382924,4.078688222,4.232992246,4.062147081,3.638529857
99.92,3.517915854,3.593115088,4.107793643,4.237145265,4.063406686,3.606857449
99.94,3.530532868,3.620128471,4.117459085,4.219648808,4.0462034,3.592204623
99.96,3.526327759,3.630491308,4.146199337,4.221505467,4.044610684,3.560155561
99.98,3.541295452,3.66003452,4.155360541,4.201651667,4.024607258,3.545274528
100,3.539500577,3.672779801,4.183501723,4.199897766,4.020282946,3.546106779
100.02,3.522464458,3.704597458,4.191932708,4.217225782,3.997598878,3.530619553
100.04,3.523875643,3.719463473,4.219249664,4.213915314,3.990667545,3.53100079
100.06,3.510089602,3.753289594,4.226732846,4.228069161,3.965446715,3.515202834
100.08,3.514806509,3.770005889,4.253029591,4.221568651,3.956054683,3.515431084
100.1,3.503089069,3.76864989,4.25937736,4.232549119,3.92844252,3.499623058
100.12,3.510918828,3.787668968,4.284465882,4.222865391,3.916740345,3.499995492
100.14,3.502314207,3.788457605,4.289498354,4.230682788,3.886894753,3.484475216
100.16,3.513281756,3.809489203,4.313205012,4.217831947,3.87304616,3.485296728
100.18,3.507800099,3.812130727,4.316756119,4.222505751,3.841138969,3.470368896
100.2,3.521898912,3.834881575,4.338921195,4.206513003,3.825322454,3.471943737
100.22,3.519518735,3.839083122,4.340838537,4.208071764,3.826771659,3.457910716
100.24,3.536710497,3.863260855,4.361315665,4.188971434,3.808537307,3.460538654
100.26,3.537378564,3.86873214,4.361459916,4.187452304,3.807713079,3.447695937
100.28,3.557593588,3.894048738,4.380115475,4.165287298,3.787311278,3.451668852
100.3,3.561225813,3.900505239,4.378359762,4.160737401,3.78447099,3.440302026
100.32,3.584364449,3.926679928,4.395072248,4.134302628,3.762164947,3.445899436
100.34,3.592098682,3.933845524,4.391301531,4.127211771,3.757572213,3.43627924
100.36,3.618285538,3.960613328,4.405954746,4.098233971,3.733633515,3.443769383
100.38,3.628960555,3.968227811,4.40006004,4.088649145,3.726252376,3.43615423
100.4,3.658012565,3.995328247,4.412558593,4.057178436,3.701122244,3.445772346
100.42,3.67143075,4.003136994,4.404450598,4.04514835,3.692674966,3.440381795
100.44,3.668339215,4.030321646,4.414709716,4.050793261,3.666598299,3.452340692
100.46,3.684977959,4.038083161,4.404309443,4.03563367,3.657335483,3.448036419
100.48,3.684975774,4.065117582,4.41225388,4.038222419,3.630569739,3.462260342
100.5,3.70458659,4.072603613,4.399491519,4.020060597,3.620749877,3.460274703
100.52,3.707414731,4.099266475,4.405056051,4.019722696,3.593560152,3.476891521
100.54,3.72973405,4.107426694,4.389871879,3.998692826,3.583461642,3.478683288
100.56,3.735121625,4.133371907,4.393005971,3.995565206,3.556132696,3.464722931
100.58,3.759884599,4.140676936,4.37535366,3.971809508,3.546052173,3.468634268
100.6,3.767562985,4.165672238,4.376006918,3.966037785,3.51888784,3.457874709
100.62,3.794478219,4.171899386,4.355841298,3.939707782,3.509122263,3.465023889
100.64,3.804152548,4.195730489,4.353972202,3.931447521,3.482423766,3.457510191
100.66,3.832928462,4.200674714,4.331256955,3.902705331,3.473285925,3.467927124
100.68,3.84430658,4.223144712,4.326832746,3.892123379,3.447369803,3.463671096
100.7,3.87465087,4.226618112,4.301540351,3.861143233,3.439179739,3.477351715
100.72,3.88744181,4.247546865,4.294537018,3.848419413,3.414368068,3.476330739
100.74,3.919065328,4.249377962,4.306866861,3.815389389,3.407449773,3.493236327
100.76,3.932982886,4.268601334,4.296530438,3.800717767,3.382589724,3.495393298
100.78,3.965602899,4.268633681,4.305570094,3.765840924,3.377126905,3.515443754
100.8,3.980368593,4.286002109,4.291948732,3.749425627,3.353829057,3.520678456
100.82,4.013711365,4.284094471,4.297750837,3.75273949,3.350079359,3.543765002
100.84,4.029056686,4.299473373,4.280899723,3.734083822,3.328599199,3.551952605
100.86,4.062859503,4.295498764,4.283523313,3.735323013,3.32681372,3.577937059
100.88,4.078527745,4.308767381,4.263504285,3.714717159,3.307398931,3.588925161
100.9,4.112540435,4.302612261,4.263016616,3.712782671,3.307818641,3.617643515
100.92,4.129368164,4.313662858,4.239900215,3.690699683,3.290697202,3.631256024
100.94,4.128124689,4.305231769,4.236369453,3.68741661,3.293538511,3.662527412
100.96,4.14540948,4.31397259,4.210230659,3.664102305,3.278923999,3.678575699
100.98,4.144464942,4.303173961,4.203746574,3.659721636,3.284387862,3.679855738
101,4.161921119,4.309517858,4.174678851,3.635433359,3.272469537,3.699030421
101.02,4.161003689,4.296270619,4.165340782,3.630218026,3.280736864,3.703288843
101.04,4.178366748,4.300141084,4.133447612,3.605225148,3.271682541,3.725321242
101.06,4.177211301,4.284374627,4.121365466,3.599450326,3.282899013,3.732279118
101.08,4.19422347,4.285705303,4.086761457,3.574034397,3.276838389,3.756883282
101.1,4.192579563,4.267358972,4.072056946,3.567987406,3.291114301,3.766247332
101.12,4.20899807,4.266093244,4.034869183,3.542441747,3.288139971,3.793125577
101.14,4.206630388,4.245116023,4.0176773,3.536421443,3.305547066,3.804593672
101.16,4.222227756,4.241206751,3.978046946,3.511050264,3.305711934,3.833441937
101.18,4.218916276,4.255291784,3.958517708,3.505365865,3.326281508,3.846708247
101.2,4.233480357,4.248008541,3.957224114,3.480482736,3.329597539,3.877221005
101.22,4.229019761,4.258748357,3.934761251,3.475451366,3.353319938,3.891980609
101.24,4.242352886,4.248114568,3.930657925,3.451375889,3.359758345,3.923855165
101.26,4.236553178,4.255537138,3.904165154,3.447320325,3.386583893,3.939808007
101.28,4.24847312,4.24158429,3.897808312,3.424368731,3.396076722,3.972748135
101.3,4.241159159,4.245718945,3.869134569,3.421606535,3.425917944,3.989602291
101.32,4.251498363,4.228482462,3.860724132,3.400100422,3.438360849,4.023321163
101.34,4.242509367,4.229378131,3.830075104,3.398951575,3.471095857,4.040795423
101.36,4.251114386,4.208910026,3.819824511,3.379206159,3.486352004,4.075017874
101.38,4.240303426,4.206623683,3.787420297,3.379981684,3.485741608,4.092843668
101.4,4.24703446,4.182984179,3.775558174,3.362300069,3.504359402,4.093400589
101.42,4.234267924,4.177581248,3.741634897,3.365296636,3.507007805,4.111990088
101.44,4.238998687,4.150839269,3.728406656,3.34831771,3.528807559,4.113162255
101.46,4.259745942,4.142394225,3.693218053,3.353527632,3.534511752,4.132247878
101.48,4.261686501,4.112627682,3.678878895,3.338844332,3.559278289,4.13491986
101.5,4.279629462,4.101224342,3.642691094,3.346469116,3.567816949,4.154155883
101.52,4.278729332,4.068521849,3.627526081,3.334273346,3.595325284,4.156816334
101.54,4.293819655,4.053160171,3.590633286,3.344492132,3.606465718,4.175915354
101.56,4.290029592,4.056036263,3.574940913,3.334951343,3.63647173,4.178285409
101.58,4.302216733,4.038653734,3.537651725,3.3479166,3.649962796,4.196977118
101.6,4.295492441,4.03813089,3.520305913,3.341169541,3.682210886,4.198795319
101.62,4.304748925,4.01742696,3.524002486,3.356995315,3.697792509,4.216826924
101.64,4.295067278,4.013673774,3.507510214,3.353139043,3.732020246,4.217849586
101.66,4.301365797,3.98868558,3.510723186,3.371916409,3.749427822,4.234986094
101.68,4.288704559,3.98223706,3.492410315,3.371026549,3.786767515,4.234987327
101.7,4.292020953,3.95460803,3.495505255,3.392798441,3.805914053,4.251017926
101.72,4.276362476,3.945615571,3.477207187,3.39490579,3.844835721,4.249795148
101.74,4.276690535,3.915504758,3.480494679,3.419690835,3.865395775,4.264516472
101.76,4.258033532,3.904142797,3.462523308,3.424791132,3.869216729,4.261874828
101.78,4.255375169,3.871730064,3.46631563,3.452565581,3.891572783,4.275100323
101.8,4.233726494,3.85818586,3.448983392,3.460618638,3.897009216,4.270861773
101.82,4.228091799,3.823664742,3.453591742,3.491324294,3.920837775,4.282420152
101.84,4.203466572,3.808140121,3.437208497,3.503924507,3.927568684,4.276421314
101.86,4.194873957,3.771719652,3.442939591,3.497205994,3.952560722,4.286155953
101.88,4.203168959,3.754432902,3.427816336,3.512110275,3.960283055,4.278247848
101.9,4.190987856,3.716339109,3.434978487,3.508872871,3.986124921,4.286015686
101.92,4.195754545,3.697526391,3.421404177,3.52720769,3.994529131,4.276062366
101.94,4.180070973,3.69635849,3.430276818,3.527309117,4.02092629,4.281733942
101.96,4.181399719,3.675548143,3.418530153,3.548918558,4.029724636,4.303889453
101.98,4.162306167,3.672546181,3.429381275,3.552187271,4.056396531,4.306713439
102,4.160293484,3.650052109,3.419720586,3.576887836,4.065315499,4.326003802
102.02,4.137890227,3.645536442,3.432795495,3.583126811,4.09199614,4.325921394
102.04,4.132642035,3.620433373,3.425453696,3.612320043,4.100778031,4.342294278
102.06,4.107038904,3.614867028,3.440962574,3.621641649,4.127224725,4.339257871
102.08,4.098664161,3.588829621,3.436142,3.653780971,4.135635218,4.352671702
102.1,4.06997722,3.582496138,3.454276719,3.665887945,4.161612536,4.346644012
102.12,4.058606491,3.55581443,3.452145659,3.700667027,4.169424202,4.357067054
102.14,4.026971092,3.549010866,3.473054743,3.715247203,4.194712328,4.348020284
102.16,4.012746625,3.521988452,3.473743387,3.752348461,4.20171339,4.355430014
102.18,3.978310526,3.515025106,3.456067217,3.769081571,4.226108024,4.343345298
102.2,3.960353158,3.487978579,3.46048042,3.808183627,4.23210214,4.34772789
102.22,3.959722572,3.481173421,3.446556889,3.826748801,4.25664593,4.332589835
102.24,3.938837369,3.454426665,3.45476508,3.867531477,4.261238155,4.333941831
102.26,3.935392955,3.448112797,3.444641191,3.887616953,4.284288547,4.315754909
102.28,3.91176914,3.422003558,3.456671167,3.888744725,4.287275877,4.314078303
102.3,3.905705901,3.416522045,3.450349059,3.910832585,4.308640967,4.292847986
102.32,3.87954315,3.391394356,3.46618259,3.913784279,4.309840548,4.288153225
102.34,3.871067308,3.387090628,3.463619619,3.937555127,4.329346747,4.263893434
102.36,3.842577371,3.363291011,3.483192739,3.94201224,4.328593122,4.256199507
102.38,3.831908085,3.360510538,3.484300741,3.967150633,4.346084085,4.228932766
102.4,3.801316573,3.338383168,3.507505062,3.972800484,4.34322846,4.218267438
102.42,3.788687764,3.336062749,3.512152934,3.998998228,4.358563972,4.222649647
102.44,3.756236007,3.315732876,3.538831572,4.005536961,4.353473116,4.208398808
102.46,3.741890595,3.31535375,3.546839435,4.032495791,4.366527538,4.209250961
102.48,3.707831609,3.297088987,3.576802534,4.039630696,4.359082235,4.191508642
102.5,3.692040545,3.298913767,3.58796328,4.067064405,4.369744346,4.188927449
102.52,3.656654176,3.282968375,3.620990228,4.074515839,4.359839502,4.167795468
102.54,3.638581839,3.287243662,3.63506928,4.102151895,4.36801147,4.161885858
102.56,3.638705067,3.273846682,3.670914922,4.109654596,4.355554925,4.137468559
102.58,3.620340464,3.280789898,3.687656526,4.137235233,4.361151467,4.128340582
102.6,3.582649591,3.270154038,3.684241828,4.144539175,4.346063166,4.100767543
102.62,3.562583055,3.279965811,3.704221939,4.173210972,4.349010748,4.088553355
102.64,3.561061995,3.272264785,3.703889526,4.179946008,4.331228366,4.057949974
102.66,3.540167858,3.285101822,3.726830312,4.207924199,4.331469272,4.042781457
102.68,3.538001659,3.280476097,3.72929592,4.213820704,4.310930279,4.008207841
102.7,3.516605498,3.296461043,3.754899994,4.240847034,4.308407994,3.990590448
102.72,3.514119191,3.295011543,3.759861747,4.245656957,4.285054899,3.988433628
102.74,3.492551267,3.314225673,3.787822339,4.27149442,4.279719413,3.967836972
102.76,3.490084134,3.316010755,3.794971437,4.274990518,4.290644024,3.962799103
102.78,3.468687183,3.338491966,3.824977542,4.299422515,4.281763509,3.939408172
102.8,3.466585102,3.343526297,3.834003199,4.301397033,4.289169576,3.931678392
102.82,3.445707518,3.3692687,3.865744248,4.324225835,4.276774191,3.905689132
102.84,3.444320202,3.377523646,3.876338087,4.324490316,4.280694896,3.895468545
102.86,3.424312662,3.406478696,3.909508015,4.34553728,4.264823156,3.867089411
102.88,3.423990084,3.417884228,3.921367816,4.343921451,4.265299994,3.854592521
102.9,3.405201535,3.410869539,3.955668471,4.363025609,4.245998751,3.824046271
102.92,3.406289468,3.426118747,3.969929558,4.359376305,4.243081601,3.809502836
102.94,3.3890629,3.422871986,4.005106576,4.376400595,4.220406229,3.77702844
102.96,3.391898833,3.441842835,4.020047353,4.370585274,4.21415366,3.760685438
102.98,3.376565208,3.442225172,4.055762759,4.385396749,4.18816851,3.726540071
103,3.38017803,3.464754243,4.071054731,4.377289024,4.178648241,3.708663715
103.02,3.366820234,3.468579842,4.106989446,4.389768944,4.149427149,3.673118041
103.04,3.372545995,3.494461783,4.122323741,4.379256167,4.136716737,3.65399072
103.06,3.361410902,3.501516664,4.158178722,4.389299138,4.104343872,3.651178461
103.08,3.369487123,3.530523121,4.173267001,4.376281564,4.088531662,3.630595648
103.1,3.36079257,3.540567839,4.208763918,4.383794739,4.089257277,3.626480534
103.12,3.371424239,3.572448032,4.223338718,4.368184762,4.070173548,3.604730979
103.14,3.36536448,3.58522348,4.258220028,4.373079828,4.06770156,3.599608639
103.16,3.37873132,3.619710115,4.272034604,4.354796959,4.045479476,3.577000637
103.18,3.375468224,3.636316904,4.306063185,4.357008408,4.039945455,3.571185008
103.2,3.391715585,3.673369364,4.318898088,4.335991987,4.014725554,3.548038539
103.22,3.391381849,3.692344354,4.351861876,4.335465471,4.006273145,3.541855154
103.24,3.410625336,3.731618548,4.363507604,4.311665703,3.978204718,3.518501374
103.26,3.413310954,3.752616384,4.395205644,4.308357494,3.966987015,3.512286597
103.28,3.398679132,3.754357915,4.405470632,4.281734903,3.936229594,3.489066666
103.3,3.405188892,3.777823286,4.435720026,4.275611462,3.922410723,3.483166723
103.32,3.394381983,3.781844348,4.44443065,4.288082352,3.889135761,3.460430941
103.34,3.404742334,3.807428021,4.474355784,4.278328713,3.872892216,3.455199118
103.36,3.397766408,3.813380428,4.481102702,4.287210846,3.837284356,3.433302869
103.38,3.411960355,3.840741982,4.508987408,4.273875564,3.818807848,3.429096349
103.4,3.408777702,3.848288294,4.513593879,4.279211419,3.81864388,3.4083968
103.42,3.426744422,3.877087836,4.539272286,4.262342116,3.797456011,3.405571923
103.44,3.4272738,3.885892881,4.54158136,4.264181323,3.794737022,3.386422323
103.46,3.448909733,3.915800229,4.564906583,4.243832724,3.771108149,3.385329882
103.48,3.453028194,3.92554003,4.564779566,4.242233414,3.766112102,3.368075038
103.5,3.478189705,3.956237729,4.585622284,4.218469188,3.740326513,3.36905404
103.52,3.485735993,3.966602149,4.582937368,4.213498157,3.733346103,3.35262846
103.54,3.514243444,3.997787718,4.601184508,4.186390941,3.705703713,3.355763923
103.56,3.525015876,4.008482371,4.595835501,4.178124228,3.697040712,3.341602509
103.58,3.556649822,4.039869841,4.611389024,4.147756323,3.66785297,3.347141858
103.6,3.570422174,4.050617297,4.603284193,4.136279975,3.656467804,3.335482069
103.62,3.60494429,4.081938179,4.616059999,4.102744226,3.626219492,3.34364217
103.64,3.621468851,4.092478755,4.60512103,4.088148783,3.613914447,3.334687306
103.66,3.658622513,4.123482554,4.615047982,4.093751825,3.582884846,3.345660406
103.68,3.678890866,4.134761861,4.601209032,4.075389174,3.569946436,3.339587286
103.7,3.681366157,4.165087171,4.608233799,4.077339884,3.538430657,3.353537781
103.72,3.704801621,4.175534074,4.591443823,4.055396606,3.525162639,3.350494795
103.74,3.710265691,4.204920338,4.595514461,4.053887576,3.493473279,3.367546835
103.76,3.736533438,4.214285493,4.575726431,4.028559999,3.48019659,3.36763896
103.78,3.744646109,4.242493655,4.57680231,4.022457137,3.44866303,3.387875863
103.8,3.773400821,4.250549119,4.553980275,3.994349575,3.435708671,3.391166375
103.82,3.783814592,4.27736102,4.552023998,3.985555051,3.404668535,3.41462904
103.84,3.814706967,4.283899275,4.526138501,3.954834613,3.392388224,3.421138346
103.86,3.827073203,4.309116585,4.521136369,3.94351978,3.362199006,3.412226162
103.88,3.859755756,4.313949376,4.492178045,3.910364951,3.350955755,3.422640547
103.9,3.873730775,4.337392492,4.484126883,3.896713524,3.321985074,3.417604
103.92,3.907863923,4.340349777,4.452096824,3.861316139,3.312150525,3.431879751
103.94,3.923112859,4.361856705,4.441003996,3.845526187,3.284771195,3.430651803
103.96,3.958367393,4.362785487,4.405913857,3.808093521,3.276719508,3.448701931
103.98,3.974567557,4.382210674,4.39179748,3.790379642,3.249725195,3.45117307
104,4.010627925,4.380973841,4.396736946,3.751136667,3.243619696,3.472861271
104.02,4.02747137,4.398187034,4.378819255,3.731724597,3.21869288,3.478871377
104.04,4.064037775,4.394661663,4.380019378,3.733431164,3.21482295,3.504027086
104.06,4.081232995,4.409546208,4.35840236,3.71179938,3.192248732,3.513387387
104.08,4.118022811,4.403623529,4.355967418,3.711469442,3.190891941,3.541807224
104.1,4.136407776,4.416076668,4.329503959,3.687937934,3.170941469,3.554299042
104.12,4.135481556,4.407666507,4.324004463,3.685892222,3.172358122,3.585757529
104.14,4.154336599,4.417595838,4.294497456,3.660789337,3.155281539,3.601145569
104.16,4.153706186,4.406607244,4.286028866,3.657370339,3.159707175,3.635393975
104.18,4.172715696,4.413934921,4.253576917,3.631044769,3.145726456,3.653420187
104.2,4.172074572,4.400296268,4.242243193,3.626608623,3.153364815,3.655702089
104.22,4.190941345,4.404955189,4.206953997,3.59942298,3.142666828,3.677059178
104.24,4.190008755,4.388605291,4.192868818,3.59433961,3.153690474,3.682486917
104.26,4.208461575,4.390538496,4.154860398,3.566670272,3.146429363,3.706836143
104.28,4.206967279,4.371426097,4.138148513,3.559757265,3.160963884,3.715062357
104.3,4.2247453,4.37058621,4.097550687,3.532000368,3.157235937,3.74205152
104.32,4.222437526,4.34866941,4.078341393,3.525161742,3.175348811,3.752719027
104.34,4.239298401,4.345018183,4.035292622,3.497632584,3.175204254,3.781989276
104.36,4.23594373,4.320264055,4.01374234,3.49118897,3.196918875,3.794737723
104.38,4.251663355,4.313772017,4.011816089,3.464212918,3.200357226,3.825929944
104.4,4.247046349,4.32646873,3.987276696,3.458493663,3.225646532,3.840401748
104.42,4.261418392,4.316374322,3.982488902,3.432402898,3.232617392,3.873162041
104.44,4.255340527,4.325509194,3.955201424,3.427743723,3.261405688,3.889007385
104.46,4.268175137,4.311856896,3.947798741,3.4028751,3.271811476,3.922991585
104.48,4.26045505,4.317478862,3.918017892,3.399614225,3.303978092,3.939872425
104.5,4.271579459,4.300320207,3.908261245,3.376304581,3.317678474,3.974749656
104.52,4.262052081,4.302485284,3.87625693,3.374777876,3.3530629,3.99234279
104.54,4.271309462,4.281878958,3.864423441,3.353358692,3.369880483,4.027798101
104.56,4.259825229,4.280650447,3.829089391,3.353893871,3.408288534,4.045797362
104.58,4.267073891,4.256662579,3.815735709,3.334677085,3.428015363,4.081533536
104.6,4.291523883,4.252104137,3.778971302,3.337578844,3.430704575,4.099651203
104.62,4.29591342,4.224804347,3.764341127,3.320862891,3.453872781,4.135390087
104.64,4.317487889,4.216999727,3.726398005,3.326419543,3.459867346,4.153358018
104.66,4.31895414,4.186475547,3.710752663,3.312477517,3.486236619,4.153858721
104.68,4.33759432,4.175517816,3.671900974,3.320947604,3.495283221,4.172036565
104.7,4.336091431,4.141866106,3.65552095,3.310018756,3.524596759,4.172572298
104.72,4.351753762,4.127858205,3.616050701,3.321624026,3.53643098,4.190648765
104.74,4.347236892,4.091186218,3.599236832,3.313907501,3.568412933,4.190918176
104.76,4.35988061,4.074242092,3.559458928,3.328826731,3.582751984,4.208601924
104.78,4.352314553,4.075315767,3.542533205,3.324475947,3.617115612,4.208323916
104.8,4.361908168,4.054800769,3.502779478,3.342839851,3.633668749,4.225343923
104.82,4.351266096,4.052409243,3.486084383,3.341958239,3.671596798,4.224257854
104.84,4.357786208,4.028517579,3.446708022,3.363846034,3.690301684,4.240370477
104.86,4.344050235,4.022858898,3.429066424,3.366492844,3.730205423,4.238242325
104.88,4.347482422,3.995795514,3.434259353,3.391931779,3.750696691,4.253213622
104.9,4.330643119,3.987071729,3.418225971,3.39809647,3.792214198,4.249819232
104.92,4.330981179,3.95704694,3.423711858,3.42706614,3.814134784,4.263434138
104.94,4.311037166,3.945492292,3.408161861,3.436704529,3.856914976,4.258568021
