Time,Agent[1],Agent[2],Agent[3],Agent[4],Agent[5],Agent[6]
0,1.047197551,1.047197551,1.047197551,1.047197551,1.047197551,1.047197551
0.02,1.047165702,1.045869095,1.045908419,1.047235788,1.048524954,1.048519535
0.04,1.048413409,1.045788775,1.044575831,1.045963026,1.04856815,1.049866683
0.06,1.049638009,1.045656652,1.043205129,1.044684147,1.048625396,1.051239405
0.08,1.05084045,1.045473299,1.041796571,1.043398381,1.048696079,1.052638133
0.1,1.052021655,1.045239244,1.040350395,1.042104992,1.048779649,1.054063359
0.12,1.053182519,1.044954925,1.038866788,1.040803279,1.048875622,1.055515637
0.14,1.054323904,1.044620688,1.03734588,1.039492574,1.048983581,1.056995584
0.16,1.055446635,1.04423678,1.035787742,1.038172244,1.049103185,1.058503889
0.18,1.056551493,1.043803343,1.034192386,1.036841687,1.049234166,1.060041308
0.2,1.057639215,1.043320413,1.03255976,1.035500335,1.049376335,1.061608673
0.22,1.058710481,1.042787909,1.03088975,1.034147657,1.049529584,1.063206896
0.24,1.059765917,1.042205633,1.029182177,1.03278315,1.049693892,1.064836965
0.26,1.060806084,1.041573262,1.027436794,1.031406349,1.049869327,1.066499954
0.28,1.061831473,1.040890346,1.02565329,1.030016822,1.050056047,1.068197025
0.3,1.062842499,1.040156298,1.023831286,1.028614173,1.050254309,1.069929427
0.32,1.063839495,1.039370398,1.021970336,1.027198043,1.050464471,1.071698502
0.34,1.064822701,1.03853178,1.020069928,1.025768109,1.050686994,1.07350569
0.36,1.065792259,1.03763943,1.018129485,1.02432409,1.05092245,1.075352525
0.38,1.066748203,1.036692185,1.016148363,1.022865744,1.051171525,1.077240647
0.4,1.06769045,1.035688723,1.014125858,1.021392875,1.051435025,1.079171798
0.42,1.068618788,1.034627562,1.012061202,1.019905329,1.051713882,1.081147826
0.44,1.069532868,1.033507052,1.009953566,1.018403006,1.052009159,1.083170691
0.46,1.070432189,1.032325375,1.007802067,1.016885854,1.052322057,1.085242463
0.48,1.071316083,1.031080537,1.005605763,1.015353878,1.052653923,1.087365327
0.5,1.072183708,1.029770364,1.003363664,1.013807142,1.053006255,1.089541587
0.52,1.073034025,1.028392501,1.001074728,1.012245775,1.053380714,1.091773664
0.54,1.073865784,1.026944401,0.99873787,1.010669973,1.053779127,1.094064101
0.56,1.074677507,1.025423329,0.996351964,1.009080006,1.054203505,1.096415561
0.58,1.075467466,1.023826352,0.993915848,1.007476226,1.054656044,1.098830835
0.6,1.076233664,1.022150339,0.991428327,1.005859068,1.055139143,1.101312833
0.62,1.076973809,1.020391956,0.988888183,1.00422906,1.055655413,1.103864592
0.64,1.077685293,1.018547664,0.986294175,1.002586831,1.056207689,1.106489273
0.66,1.078365161,1.016613718,0.983645052,1.000933118,1.056799047,1.109190157
0.68,1.079010086,1.014586162,0.980939553,0.999268773,1.057432817,1.111970645
0.7,1.079616334,1.012460832,0.97817642,0.997594776,1.058112601,1.114834254
0.72,1.080179735,1.010233353,0.975354404,0.995912241,1.058842288,1.117784612
0.74,1.080695641,1.00789914,0.972472274,0.994222431,1.059626078,1.120825449
0.76,1.081158897,1.005453403,0.969528825,0.992526765,1.060468498,1.12396059
0.78,1.081563789,1.002891146,0.96652289,0.990826837,1.061374428,1.127193942
0.8,1.08190401,1.000207176,0.963453352,0.989124423,1.062349122,1.130529483
0.82,1.082172608,0.997396104,0.960319151,0.987421503,1.063398239,1.133971238
0.84,1.082361941,0.994452358,0.957119303,0.985720268,1.064527868,1.137523264
0.86,1.082463624,0.99137019,0.953852908,0.984023149,1.065744563,1.14118962
0.88,1.082468473,0.988143692,0.950519166,0.982332825,1.067055369,1.144974336
0.9,1.082366452,0.984766804,0.947117396,0.980652249,1.06846787,1.148881374
0.92,1.082146617,0.98123334,0.943647046,0.978984672,1.069990217,1.152914585
0.94,1.081797049,0.977537001,0.940107715,0.977333661,1.071631178,1.157077651
0.96,1.081304798,0.973671406,0.936499173,0.97570313,1.073400183,1.161374027
0.98,1.080655822,0.969630114,0.932821375,0.974097366,1.075307371,1.165806859
1,1.079834924,0.965406656,0.929074489,0.972521063,1.077363649,1.170378899
1.02,1.078825691,0.960994573,0.925258914,0.970979349,1.079580745,1.175104471
1.04,1.077627837,0.956387453,0.921375306,0.969477831,1.081959205,1.179960519
1.06,1.076219073,0.951579146,0.917424602,0.968022629,1.08452002,1.184966509
1.08,1.074600434,0.94656354,0.913408051,0.966620292,1.087262503,1.190110193
1.1,1.072750028,0.941334917,0.909327238,0.965278072,1.090193148,1.195387729
1.12,1.070670835,0.93588771,0.905184118,0.964003723,1.093331789,1.200791918
1.14,1.068341595,0.930216902,0.900981048,0.96280566,1.096687646,1.206315536
1.16,1.065767553,0.924317765,0.896720819,0.961680467,1.100273103,1.211947516
1.18,1.062928632,0.918186294,0.892406694,0.960645238,1.104098083,1.21769539
1.2,1.059806463,0.91181893,0.888042309,0.959695586,1.108156895,1.223544884
1.22,1.056409716,0.905212777,0.88363195,0.958848637,1.112485079,1.229479317
1.24,1.052719956,0.898391575,0.879180336,0.958098818,1.11706953,1.235503576
1.26,1.048724004,0.891354939,0.87469317,0.957463478,1.121924974,1.24156773
1.28,1.044405957,0.884104427,0.870176539,0.956936021,1.12708242,1.247676655
1.3,1.039747886,0.876642584,0.865637373,0.95651573,1.13252647,1.253804933
1.32,1.036705946,0.869002782,0.8610832,0.956238495,1.138296414,1.257981276
1.34,1.033304951,0.861202337,0.856503473,0.956091091,1.144375712,1.262142865
1.36,1.031524101,0.853248799,0.851912086,0.956112383,1.150765432,1.26424972
1.38,1.031372215,0.845161093,0.847322571,0.956289865,1.157500325,1.266311975
1.4,1.032878727,0.838814588,0.842747924,0.95664284,1.162521175,1.266267342
1.42,1.032153015,0.834268846,0.838185814,0.957187336,1.167847158,1.268142175
1.44,1.031175273,0.829629015,0.833661062,0.957928516,1.171432494,1.269926078
1.46,1.031902186,0.826816982,0.829189951,0.958858259,1.173222795,1.269473024
1.48,1.030371528,0.825860825,0.824797474,0.96001372,1.177314565,1.270915751
1.5,1.028648637,0.824837356,0.822370708,0.959353049,1.17958389,1.272174154
1.52,1.028687916,0.823807177,0.820060521,0.958927422,1.182015298,1.273250611
1.54,1.026459823,0.82275671,0.819754959,0.958650421,1.182521,1.274070493
1.56,1.026019733,0.821734455,0.819545828,0.960609978,1.185347868,1.274641243
1.58,1.023302015,0.820737389,0.817476632,0.960742763,1.188341046,1.277118486
1.6,1.020438797,0.819761794,0.817498111,0.961013427,1.189336465,1.277128497
1.62,1.019423581,0.818816085,0.815662958,0.963572026,1.192677991,1.276852708
1.64,1.016127807,0.817934602,0.813938127,0.964271458,1.196139269,1.27848161
1.66,1.014666981,0.817106682,0.814346107,0.965124643,1.199689176,1.27751422
1.68,1.013107229,0.814356482,0.812894973,0.964079235,1.203456353,1.276256347
1.7,1.011269838,0.813662394,0.813605521,0.965406462,1.207293543,1.276871768
1.72,1.009335308,0.813061816,0.812414851,0.96690965,1.20896587,1.274823374
1.74,1.005152968,0.812535435,0.811323599,0.968694735,1.213054313,1.274613994
1.76,1.002940182,0.812114866,0.812480865,0.970647492,1.217193937,1.27407389
1.78,1.000659549,0.809762093,0.811739856,0.972784147,1.219043299,1.270813808
1.8,0.998178162,0.809539353,0.811109575,0.97525615,1.223324215,1.269419055
1.82,0.995673652,0.807397726,0.81070679,0.977862412,1.227573095,1.267717554
1.84,0.992963039,0.807417201,0.810434312,0.978454795,1.229382149,1.265435933
1.86,0.99023283,0.805528386,0.812497156,0.981607336,1.233622086,1.262860046
1.88,0.987330072,0.803759752,0.812595261,0.984902626,1.237789474,1.262191336
1.9,0.984444624,0.804186621,0.812841092,0.986093149,1.23943394,1.258695168
1.92,0.979372504,0.802682988,0.813377452,0.989874486,1.243474727,1.257133351
1.94,0.976431938,0.803392912,0.814030324,0.993816442,1.247390101,1.255228784
1.96,0.973565201,0.80218161,0.814825991,0.995618559,1.248674709,1.250464186
1.98,0.970591055,0.801097774,0.815907155,1.000064668,1.252348292,1.247658305
2,0.967709331,0.800220919,0.817121686,1.002319726,1.255843528,1.241982897
2.02,0.964749492,0.799489323,0.818647751,1.004712267,1.259134182,1.23829928
2.04,0.961875677,0.798993456,0.820286107,1.00980157,1.262199586,1.234412731
2.06,0.958961192,0.798655613,0.819876992,1.012591278,1.264998312,1.229900282
2.08,0.956177472,0.798582313,0.822024608,1.015485233,1.267499319,1.225168308
2.1,0.953354272,0.798634384,0.824292701,1.021154233,1.269737235,1.219857983
2.12,0.950651825,0.796729414,0.824447493,1.024462382,1.274316828,1.214406049
2.14,0.947980588,0.797212853,0.82718516,1.027836291,1.275831406,1.21103578
2.16,0.945445322,0.795695817,0.827825966,1.0340334,1.277041332,1.204868773
2.18,0.942955501,0.796575425,0.828579388,1.037755358,1.280588116,1.200849627
2.2,0.940625305,0.797608042,0.831990916,1.041536592,1.280964271,1.194036584
2.22,0.936231183,0.796635376,0.833229993,1.045595321,1.283660818,1.189411964
2.24,0.934133983,0.798095956,0.837151033,1.049682992,1.283085282,1.182063155
2.26,0.929987184,0.797555197,0.838877744,1.056665682,1.284827729,1.176904998
2.28,0.928169054,0.79948433,0.840721877,1.061008915,1.286169218,1.171762436
2.3,0.924289141,0.799376803,0.845299969,1.065328756,1.284175837,1.16618751
2.32,0.92278145,0.799410509,0.847629403,1.072545674,1.284460516,1.160620356
2.34,0.919235004,0.799789703,0.850070639,1.077032232,1.284361095,1.154664132
2.36,0.918077157,0.800283047,0.852928505,1.081464465,1.283577735,1.148784561
2.38,0.914901261,0.801137093,0.855857179,1.086015953,1.282368489,1.142520817
2.4,0.91407256,0.802113948,0.861642138,1.090459979,1.28045856,1.136372438
2.42,0.911249596,0.80104142,0.865082578,1.097810129,1.278154841,1.129887743
2.44,0.908603968,0.802523901,0.86856928,1.102228332,1.27812726,1.125768645
2.46,0.906160243,0.801943088,0.872457875,1.106500299,1.274615975,1.119134934
2.48,0.903935837,0.803973604,0.876428678,1.113696499,1.273414279,1.114862934
2.5,0.901893723,0.803890642,0.877957251,1.117847549,1.271875528,1.108129826
2.52,0.900104684,0.806425383,0.882404271,1.121761058,1.269518079,1.103820188
2.54,0.89850923,0.809078691,0.886922515,1.125661369,1.266819224,1.097061043
2.56,0.894944935,0.809592577,0.891862371,1.129315066,1.263326414,1.092764193
2.58,0.893836455,0.81276261,0.896836363,1.135857118,1.259519988,1.086063071
2.6,0.8907571,0.813782336,0.899235894,1.139079951,1.254927987,1.081819567
2.62,0.890122964,0.817498722,0.904671162,1.145177023,1.250047519,1.075222562
2.64,0.887532123,0.819037037,0.910116629,1.147886561,1.247584255,1.07111911
2.66,0.887409278,0.820625709,0.916003575,1.150239564,1.241653964,1.064685727
2.68,0.885337789,0.82266024,0.921860961,1.155440974,1.238201627,1.060733561
2.7,0.88574424,0.824787017,0.925014081,1.157090199,1.231379018,1.054498058
2.72,0.884173919,0.8274105,0.931295857,1.161571595,1.227020709,1.050775937
2.74,0.885076587,0.830064657,0.937496697,1.165633417,1.21933208,1.044773282
2.76,0.88401463,0.832810306,0.940893647,1.16929194,1.214212307,1.041310359
2.78,0.88313373,0.83606001,0.94743577,1.17245271,1.208999621,1.035609682
2.8,0.882590379,0.839325301,0.95113629,1.171931107,1.203129735,1.032438062
2.82,0.882237906,0.843075569,0.957986527,1.174203125,1.197254897,1.027065704
2.84,0.882246275,0.84688052,0.964694598,1.176007963,1.190716791,1.021689189
2.86,0.882414318,0.848364647,0.968425769,1.177313077,1.186807519,1.016700144
2.88,0.882924523,0.852728359,0.975288291,1.178099018,1.179722362,1.011755052
2.9,0.883591604,0.857126244,0.982004538,1.178318441,1.175264413,1.007214231
2.92,0.882229147,0.859144179,0.98897025,1.178056872,1.167696387,1.002711039
2.94,0.88344941,0.864073323,0.995719492,1.180572338,1.162848298,0.99858179
2.96,0.8826249,0.866593716,0.999249752,1.179159893,1.154926277,0.994527919
2.98,0.884410788,0.872098732,1.005997649,1.180538337,1.149715476,0.990860392
3,0.884145075,0.875125116,1.012503056,1.178001759,1.141500551,0.987265757
3.02,0.886482673,0.878084296,1.019152813,1.178262242,1.136048292,0.984035369
3.04,0.886770482,0.884078554,1.025482633,1.178069136,1.127651132,0.980908166
3.06,0.887186276,0.887524522,1.028449945,1.177205109,1.122074995,0.978155472
3.08,0.888024954,0.894004122,1.034561954,1.175885442,1.113626657,0.975522229
3.1,0.888993999,0.897870032,1.040348855,1.173869996,1.107990437,0.970764402
3.12,0.890406862,0.901650084,1.046136098,1.171489243,1.102021406,0.968628895
3.14,0.891938139,0.905925831,1.051514506,1.168343073,1.096421077,0.964399382
3.16,0.893911927,0.91008977,1.056869702,1.164873248,1.090491917,0.962776494
3.18,0.896005139,0.917331136,1.061753331,1.164261625,1.084922734,0.959079368
3.2,0.895965757,0.921867173,1.066218461,1.159824136,1.079094361,0.958005783
3.22,0.898659822,0.926265164,1.070553415,1.158269965,1.073668898,0.954824254
3.24,0.899166585,0.93109918,1.074392903,1.152861514,1.067987674,0.954289786
3.26,0.9024265,0.935763797,1.078077294,1.150411384,1.0627432,0.951657918
3.28,0.903516782,0.943557127,1.081213183,1.144156668,1.057293426,0.951657423
3.3,0.904665313,0.948492585,1.084120051,1.140834893,1.052265759,0.949575153
3.32,0.906291132,0.956540049,1.0864881,1.133805864,1.047076745,0.950130417
3.34,0.908010422,0.961654171,1.09194328,1.129755884,1.042338675,0.948577107
3.36,0.912558473,0.966525391,1.093461751,1.122081091,1.037436948,0.947343315
3.38,0.914816235,0.971755631,1.098008117,1.117476516,1.029981938,0.946353253
3.4,0.919909002,0.976693123,1.098544808,1.112282211,1.025465808,0.945703901
3.42,0.922722521,0.984782441,1.10213464,1.107046597,1.01837319,0.945281178
3.44,0.925548871,0.989710616,1.101752877,1.104899127,1.014240664,0.942772583
3.46,0.928898428,0.997753914,1.100813869,1.0991534,1.01002334,0.942959926
3.48,0.932273952,1.002590204,1.102937507,1.096520921,1.006264487,0.941037899
3.5,0.936161537,1.007050877,1.100962418,1.090439118,1.002458141,0.941802222
3.52,0.940059865,1.014647846,1.102014425,1.08745036,0.999127716,0.940462335
3.54,0.9439616,1.018950768,1.099016239,1.0810801,0.995784826,0.939465656
3.56,0.948350946,1.026349367,1.099041681,1.074305681,0.992895668,0.938734136
3.58,0.95275038,1.030352146,1.098542116,1.067750049,0.990002866,0.938313565
3.6,0.957628693,1.037459449,1.097522801,1.060799864,0.987573637,0.93821666
3.62,0.962446816,1.044070127,1.099612042,1.054123517,0.985095324,0.938424441
3.64,0.964789284,1.047153281,1.097608423,1.047172883,0.980191335,0.938933923
3.66,0.970095004,1.053343579,1.098631747,1.043394495,0.978217412,0.939719351
3.68,0.972798897,1.055973479,1.095631348,1.036430798,0.9738206,0.940824545
3.7,0.978475344,1.061667103,1.095691556,1.032674575,0.972372212,0.942204078
3.72,0.984045176,1.063701681,1.091756869,1.025745151,0.968521466,0.941404666
3.74,0.990102442,1.06876151,1.090960923,1.022049905,0.967596734,0.943374379
3.76,0.996001689,1.073233223,1.086216145,1.015250198,0.964280466,0.945637196
3.78,0.99919623,1.077556398,1.084649346,1.011655872,0.961424614,0.948226804
3.8,1.005385672,1.081222173,1.079172789,1.00501734,0.958670664,0.951033083
3.82,1.008797274,1.084726211,1.076831265,1.001596775,0.956383956,0.954186427
3.84,1.015192289,1.087600693,1.070632141,0.995135743,0.95422175,0.957589362
3.86,1.021387195,1.093426791,1.067660903,0.991912102,0.952491978,0.958730405
3.88,1.024782097,1.095391572,1.064520175,0.985704067,0.950880112,0.962706892
3.9,1.031126885,1.096644723,1.06099662,0.98271813,0.949695297,0.964390913
3.92,1.034591443,1.097640083,1.057328909,0.976796128,0.948650192,0.968969234
3.94,1.041006819,1.097965981,1.053317344,0.974113793,0.945171282,0.971182478
3.96,1.047137787,1.097985236,1.049219268,0.971368002,0.944720892,0.973617542
3.98,1.053491155,1.097334074,1.044759728,0.969000517,0.941854096,0.976408041
4,1.05953332,1.099667154,1.040280698,0.966558088,0.941983116,0.979358206
4.02,1.06250162,1.098037758,1.035558591,0.961240358,0.939703465,0.982620383
4.04,1.068403095,1.099357802,1.034080165,0.959205673,0.940422947,0.986054164
4.06,1.071138361,1.096766051,1.029067267,0.954348133,0.938735591,0.989827913
4.08,1.076761506,1.09713562,1.023810413,0.952746205,0.940031401,0.993751659
4.1,1.081916882,1.097112968,1.018600902,0.948292061,0.938925816,0.997836139
4.12,1.087154105,1.096538853,1.013264216,0.947106709,0.938203556,1.002221232
4.14,1.091874386,1.095566529,1.008026516,0.943100443,0.937675903,1.006768814
4.16,1.096590991,1.094002406,1.002651184,0.942363364,0.93753658,1.01159786
4.18,1.100843097,1.092096357,0.997416099,0.938793902,0.937609386,1.016514967
4.2,1.107879735,1.089640402,0.992096537,0.938510964,0.938068618,1.01886503
4.22,1.111504354,1.090190227,0.986899108,0.935420636,0.938755167,1.024207024
4.24,1.114516845,1.086936392,0.981678891,0.935545317,0.939772777,1.026921499
4.26,1.117402193,1.086626932,0.976666011,0.932893618,0.941038184,1.032608298
4.28,1.11974026,1.082553359,0.971613035,0.930317471,0.942671182,1.038326062
4.3,1.12187627,1.081507897,0.969951272,0.92814339,0.941772002,1.04429771
4.32,1.123428635,1.076757561,0.965082306,0.926093333,0.943961774,1.050243162
4.34,1.127670664,1.075074635,0.963565311,0.924436094,0.94652148,1.053432649
4.36,1.128303484,1.069755982,0.958894327,0.920016152,0.949288651,1.059609203
4.38,1.131628464,1.067526287,0.957593146,0.918911212,0.952352228,1.062951573
4.4,1.131292461,1.061727227,0.953175252,0.915052534,0.955679355,1.069259166
4.42,1.133606485,1.058981703,0.952140418,0.914484321,0.959293598,1.075528842
4.44,1.135305488,1.052732088,0.947980903,0.911221206,0.960306328,1.078899182
4.46,1.136649637,1.049636779,0.943897511,0.911257277,0.964460621,1.08516544
4.48,1.137348422,1.046321359,0.940063201,0.908533589,0.96601327,1.088447619
4.5,1.137708158,1.042843831,0.936358422,0.909090719,0.970721604,1.094633832
4.52,1.137436455,1.039195983,0.932917138,0.906899792,0.972756555,1.097746234
4.54,1.136787646,1.035381085,0.929585084,0.908006801,0.978010881,1.103719057
4.56,1.13557014,1.031494064,0.926528442,0.906328481,0.980555451,1.109512547
4.58,1.133892294,1.027493212,0.923614378,0.907974281,0.983353522,1.115226468
4.6,1.131668489,1.023408445,0.92093475,0.906835587,0.986416832,1.120689051
4.62,1.132121251,1.016128689,0.918429569,0.909029056,0.989711517,1.122945893
4.64,1.132113716,1.012050351,0.916111605,0.908438239,0.993214062,1.128018589
4.66,1.1315297,1.004801456,0.914004514,0.91120161,0.996958419,1.129809753
4.68,1.130542047,1.000712486,0.908942315,0.911135746,1.00396648,1.134412418
4.7,1.129072092,0.996667788,0.907314663,0.911364305,1.008085715,1.138703087
4.72,1.127146556,0.992597507,0.902770376,0.911876488,1.012419512,1.142752475
4.74,1.124799294,0.98861958,0.901609269,0.912673587,1.016932155,1.146421834
4.76,1.122011546,0.984654665,0.897559025,0.913713579,1.021628451,1.149763369
4.78,1.118847897,0.980769914,0.89685225,0.915042578,1.026478616,1.152722813
4.8,1.115325938,0.976976748,0.893276147,0.916630576,1.031473293,1.155269479
4.82,1.111420217,0.973304818,0.893057145,0.918504976,1.036629561,1.157447152
4.84,1.107181134,0.969695856,0.889941276,0.920608256,1.041889802,1.162282976
4.86,1.102669041,0.966246028,0.890202678,0.923001406,1.044128368,1.163544442
4.88,1.097817437,0.959878508,0.887580054,0.925681396,1.049653656,1.167515763
4.9,1.095747655,0.956704547,0.888336528,0.928580016,1.055215815,1.167859013
4.92,1.090371541,0.950627153,0.88622359,0.928594823,1.060840311,1.170896726
4.94,1.087750188,0.947759185,0.887501876,0.932088174,1.066489027,1.170315806
4.96,1.081887209,0.941981133,0.885860737,0.932622516,1.072188659,1.172396614
4.98,1.078866121,0.939421531,0.887632704,0.936616468,1.077859987,1.174038257
5,1.072616839,0.933995078,0.886493064,0.937676853,1.080300514,1.175129235
5.02,1.069251052,0.931794936,0.885686581,0.942212237,1.085918838,1.175757946
5.04,1.062732597,0.929817934,0.885069911,0.943754039,1.091524363,1.175792739
5.06,1.059069887,0.927921121,0.884823435,0.945536582,1.097002542,1.175438277
5.08,1.052387692,0.926279757,0.884719554,0.947572142,1.102443471,1.174464269
5.1,1.048590779,0.921856853,0.88499742,0.949789171,1.107679902,1.173108627
5.12,1.044663362,0.920637865,0.885402981,0.955573294,1.112823031,1.171172075
5.14,1.040711121,0.916681684,0.882896792,0.958271595,1.117750775,1.168890038
5.16,1.036679421,0.915889065,0.883831972,0.964478625,1.122525585,1.165956102
5.18,1.032661925,0.912324263,0.881852706,0.967564818,1.12706368,1.162754548
5.2,1.028607039,0.911939315,0.883332375,0.974174626,1.131394136,1.162185393
5.22,1.024606824,0.908807961,0.881936867,0.977619794,1.135573915,1.158076396
5.24,1.020576812,0.908820109,0.884014655,0.981199921,1.13939896,1.156666065
5.26,1.01663463,0.906115874,0.883159913,0.985021742,1.143001507,1.151758268
5.28,1.012707344,0.906565371,0.885741135,0.988948635,1.146166161,1.149563958
5.3,1.005988949,0.904319334,0.885386276,0.993094934,1.149059375,1.146771381
5.32,1.002226483,0.90522258,0.888536307,0.997366296,1.151491883,1.143793822
5.34,0.995745029,0.903402592,0.88868285,1.001824724,1.153684816,1.140246247
5.36,0.992181883,0.901980073,0.89236371,1.006318206,1.155336956,1.136557269
5.38,0.988719527,0.900611564,0.893059969,1.014457117,1.156767318,1.132329694
5.4,0.985413737,0.899633838,0.893814864,1.019128673,1.161192908,1.12802895
5.42,0.982192752,0.898766594,0.898145805,1.023833872,1.161752314,1.123238952
5.44,0.979103755,0.895197938,0.899451446,1.028694963,1.165305887,1.118426218
5.46,0.976140389,0.894830243,0.904265567,1.033544751,1.164943155,1.113168474
5.48,0.970516428,0.891776284,0.906041035,1.03850336,1.167536258,1.110683728
5.5,0.967842908,0.891919061,0.911350701,1.043459372,1.166225661,1.1049907
5.52,0.962565427,0.889380551,0.913546169,1.048465615,1.167859738,1.102102904
5.54,0.960248117,0.890052327,0.919352939,1.053420797,1.169230171,1.096020378
5.56,0.955364312,0.887999187,0.92201289,1.058334821,1.16993991,1.092787798
5.58,0.953400686,0.889179656,0.924663728,1.063191355,1.170387184,1.086482777
5.6,0.948903262,0.887679678,0.927798907,1.067939349,1.170135579,1.083001185
5.62,0.947291801,0.889357915,0.930903987,1.072619211,1.169680445,1.076512614
5.64,0.943183516,0.888363248,0.934437158,1.077137618,1.168505069,1.072876854
5.66,0.941967687,0.890563893,0.937977312,1.081516166,1.167135747,1.066248428
5.68,0.938283444,0.890041991,0.941934896,1.085683642,1.165021309,1.062495246
5.7,0.934861854,0.892742124,0.945881278,1.089698676,1.16273254,1.058454312
5.72,0.931623164,0.892703853,0.950288628,1.093514796,1.15969124,1.054618385
5.74,0.928685123,0.895901005,0.954597856,1.100843964,1.15657247,1.050537894
5.76,0.925892295,0.896357403,0.955613322,1.104157177,1.152727314,1.043632755
5.78,0.923428427,0.900070248,0.960340605,1.110977656,1.151844272,1.039590398
5.8,0.921098173,0.900967143,0.964937818,1.113763637,1.147164974,1.032797424
5.82,0.919118764,0.901870957,0.969953681,1.120046099,1.145468286,1.028888002
5.84,0.917273989,0.903310014,0.974847911,1.122212601,1.143743325,1.02223396
5.86,0.915742199,0.904693988,0.98013236,1.124104922,1.141311885,1.018496427
5.88,0.91178474,0.906634187,0.985265358,1.125586202,1.138817362,1.014638343
5.9,0.910720068,0.908500809,0.990795276,1.126819379,1.135636962,1.011087972
5.92,0.907256896,0.910883994,0.996133521,1.131524377,1.132507132,1.00745212
5.94,0.906697354,0.913237923,0.997885908,1.132040432,1.128747057,1.004147845
5.96,0.903705171,0.91611416,1.003390338,1.135967541,1.125085663,1.000796226
5.98,0.90363527,0.918880705,1.005237265,1.13565371,1.12076858,0.997793619
6,0.901140692,0.922229782,1.01082229,1.138777856,1.116596829,0.99472987
6.02,0.901577904,0.925454987,1.016170557,1.137621909,1.111861378,0.989083771
6.04,0.899599755,0.925780071,1.021779743,1.139889166,1.110166948,0.98636254
6.06,0.900549966,0.929493443,1.027092469,1.137903701,1.104984868,0.981064278
6.08,0.89902809,0.930274055,1.032671523,1.139334801,1.102921161,0.978698776
6.1,0.900454888,0.934403325,1.037904309,1.1364879,1.09744044,0.973792111
6.12,0.899413489,0.935621839,1.043346357,1.137036975,1.095101923,0.971825482
6.14,0.901290635,0.940197983,1.048394512,1.133297319,1.089355604,0.967349283
6.16,0.900750004,0.941831121,1.053587991,1.133000439,1.08317792,0.965732109
6.18,0.903139084,0.946883299,1.05839818,1.136021717,1.077350547,0.961623017
6.2,0.9030649,0.94889094,1.062848362,1.134774658,1.071117312,0.960381843
6.22,0.905943707,0.950758254,1.067352729,1.136894464,1.06521109,0.956676
6.24,0.906358356,0.956062225,1.071433679,1.134821767,1.058943215,0.953052451
6.26,0.906797578,0.958295094,1.075513621,1.136114511,1.055838516,0.949774764
6.28,0.907679736,0.963960928,1.079188347,1.133160611,1.04961978,0.946603399
6.3,0.908623492,0.966497426,1.082860484,1.133582926,1.046581799,0.943743887
6.32,0.90997248,0.972470281,1.08608698,1.129789696,1.040432205,0.941019246
6.34,0.911385387,0.975267093,1.089238911,1.129439586,1.037476045,0.938610463
6.36,0.913258294,0.98155218,1.091902489,1.124917305,1.031467777,0.936317346
6.38,0.915136818,0.984604284,1.098196693,1.123779025,1.028612188,0.934350261
6.4,0.917494724,0.987367494,1.1003013,1.118583944,1.022756104,0.932518613
6.42,0.91985372,0.990644716,1.105981322,1.116794322,1.020067198,0.931015616
6.44,0.922635154,0.993595606,1.107408492,1.111000733,1.014430182,0.929668129
6.46,0.925459702,1.000035161,1.11237058,1.10863174,1.01196974,0.928609848
6.48,0.925705101,1.003138772,1.113039088,1.10232031,1.006555966,0.927732621
6.5,0.928976593,1.009700705,1.117204828,1.099506399,1.004325548,0.924416401
6.52,0.929698853,1.012863827,1.117031187,1.092743807,1.001902276,0.924005403
6.54,0.933443831,1.019522477,1.120393004,1.089492457,0.996523932,0.921182843
6.56,0.934568531,1.022711339,1.119384049,1.085758643,0.994369238,0.921258216
6.58,0.938737091,1.029376396,1.121881095,1.082090503,0.989319601,0.918926962
6.6,0.940263155,1.032555974,1.120065055,1.077973719,0.987450986,0.919505834
6.62,0.944836798,1.039182851,1.121737759,1.074023124,0.9827249,0.917680388
6.64,0.946785584,1.045372347,1.122933756,1.069667527,0.981148975,0.91873497
6.66,0.948668923,1.048040424,1.12372987,1.065539044,0.97675644,0.917393942
6.68,0.95099839,1.054109408,1.124036551,1.06097974,0.975521926,0.918929265
6.7,0.953231951,1.056586433,1.123983718,1.056683512,0.971503804,0.91806981
6.72,0.955904483,1.062431873,1.123459484,1.052001343,0.970649591,0.920101244
6.74,0.958508302,1.06461368,1.122555416,1.047557702,0.96704114,0.919692798
6.76,0.961582029,1.070129023,1.121264614,1.04276692,0.966600805,0.922191626
6.78,0.964560309,1.07190872,1.119587654,1.038256569,0.963343915,0.922250673
6.8,0.970665865,1.077043423,1.11754647,1.033490608,0.960079735,0.922562926
6.82,0.973951857,1.081622163,1.115117021,1.032223681,0.957256309,0.923071265
6.84,0.977114813,1.086260429,1.112371073,1.027430572,0.954452692,0.923835535
6.86,0.980687909,1.090286367,1.109247055,1.026146499,0.952091532,0.924831272
6.88,0.984112439,1.094381258,1.105839958,1.021396385,0.949731898,0.926073907
6.9,0.98792639,1.097890871,1.102066149,1.020106993,0.947821915,0.927558815
6.92,0.99155053,1.101405046,1.098111267,1.015405694,0.945934682,0.92923969
6.94,0.995582059,1.104297007,1.093810511,1.010465498,0.944497627,0.931129404
6.96,0.999387815,1.107132116,1.093008674,1.005873023,0.943085607,0.933257289
6.98,1.006327209,1.109388144,1.092024478,1.001096407,0.942081873,0.932839771
7,1.010280888,1.107696601,1.090645006,0.996713772,0.941129381,0.935394708
7.02,1.017338164,1.109332636,1.089103435,0.992183533,0.940571478,0.935434444
7.04,1.02133409,1.11034082,1.087193315,0.988067122,0.940043517,0.938453711
7.06,1.025056997,1.111263642,1.085180049,0.983837293,0.939916369,0.938938184
7.08,1.029058825,1.111528072,1.082829063,0.980035176,0.939839469,0.942439647
7.1,1.03279896,1.111662009,1.076521067,0.976092713,0.937031058,0.943330165
7.12,1.036771247,1.115029758,1.073836162,0.975662248,0.937424817,0.947237839
7.14,1.04044079,1.114340605,1.067279694,0.971980195,0.935107335,0.948553395
7.16,1.044366157,1.116862933,1.064308576,0.971817398,0.935960042,0.952839881
7.18,1.047942736,1.11538556,1.057523662,0.968440305,0.934110204,0.957291072
7.2,1.054602633,1.117109072,1.054344885,0.96853373,0.932663084,0.959084164
7.22,1.058039616,1.11827013,1.047472086,0.965447126,0.931286236,0.963868233
7.24,1.061080277,1.119228407,1.04423792,0.965827136,0.930300902,0.96596847
7.26,1.064240954,1.119620588,1.037299309,0.963057822,0.929442242,0.971091378
7.28,1.066962599,1.119797072,1.034009448,0.960216119,0.928924022,0.973493125
7.3,1.069815451,1.119424574,1.030577372,0.957807207,0.928531324,0.978922301
7.32,1.072247622,1.118826844,1.027174938,0.955370428,0.928474882,0.981584588
7.34,1.077709181,1.117787872,1.023664792,0.953316842,0.928510707,0.984316283
7.36,1.079736211,1.116540546,1.02027608,0.951262061,0.928884379,0.987231153
7.38,1.084742331,1.114874897,1.016817247,0.949596453,0.929344711,0.990192602
7.4,1.086256669,1.113005583,1.013507952,0.947954632,0.930183831,0.993314963
7.42,1.090769727,1.110680309,1.010166066,0.946661684,0.931114535,0.996449115
7.44,1.09180537,1.108157026,1.006996207,0.945421531,0.932372717,0.999761385
7.46,1.095808473,1.105217829,1.003763872,0.94453423,0.933733062,1.003053578
7.48,1.096283105,1.102162896,1.000722779,0.943676583,0.935415221,1.009405982
7.5,1.099690661,1.098733557,0.997654922,0.943180124,0.934293673,1.012824313
7.52,1.102582607,1.095209435,0.994736742,0.942735157,0.936385971,1.016229308
7.54,1.105312855,1.091426368,0.99182357,0.94263881,0.938785921,1.019726834
7.56,1.107491966,1.087505477,0.989081661,0.939490891,0.94128988,1.02319466
7.58,1.1095328,1.083357623,0.986376987,0.939814999,0.944073878,1.026717358
7.6,1.111011698,1.079100158,0.983844155,0.937100345,0.946965173,1.030225111
7.62,1.112310557,1.074589842,0.981379591,0.937868099,0.950124312,1.033742991
7.64,1.113104053,1.069994563,0.975592606,0.935558247,0.953390562,1.037209846
7.66,1.113686723,1.06869745,0.973397795,0.93673063,0.956915003,1.04370082
7.68,1.113756871,1.063836333,0.967930571,0.934828833,0.957532713,1.047072839
7.7,1.113619156,1.062291296,0.966062388,0.936425367,0.961437388,1.053429624
7.72,1.112970388,1.057237837,0.96090404,0.934936457,0.962408358,1.056658378
7.74,1.115208882,1.055514947,0.959353963,0.936956482,0.966624306,1.059722483
7.76,1.113800968,1.050289325,0.95454425,0.93589171,0.967880071,1.06275944
7.78,1.115321322,1.048404397,0.95334526,0.934967854,0.972418175,1.065594123
7.8,1.113204267,1.043074381,0.952294329,0.934328557,0.973941794,1.068351444
7.82,1.114009756,1.041036474,0.951421872,0.933864888,0.978753299,1.070870385
7.84,1.111253016,1.035622968,0.950665697,0.933680355,0.980562448,1.07325873
7.86,1.111420584,1.033574631,0.950096675,0.937020261,0.985658365,1.075429236
7.88,1.108042651,1.028200367,0.946284273,0.937269675,0.987675721,1.080543386
7.9,1.107591401,1.026202457,0.946052197,0.937647117,0.989854452,1.08225969
7.92,1.103636654,1.020848102,0.94599139,0.938348272,0.992058189,1.086872412
7.94,1.102613049,1.018878784,0.946077797,0.939188667,0.994450135,1.088100185
7.96,1.098113616,1.013617707,0.946359786,0.940296176,1.000137218,1.092253741
7.98,1.096555185,1.011751303,0.943445186,0.941707263,1.002612083,1.092991283
8,1.091557312,1.009986333,0.940689365,0.943260796,1.008428,1.09662356
8.02,1.089512177,1.00496387,0.938207046,0.945043002,1.010980877,1.096798308
8.04,1.087338472,1.003292338,0.935866121,0.946979764,1.016866679,1.099839319
8.06,1.084877733,0.998425088,0.933815957,0.949137824,1.019490804,1.099403978
8.08,1.082245023,0.99691875,0.931904454,0.951455133,1.025432113,1.101873827
8.1,1.079356238,0.992257706,0.930250706,0.953983624,1.028059995,1.104064494
8.12,1.076320745,0.990907615,0.928740067,0.956674771,1.030767279,1.105890017
8.14,1.073140546,0.986439195,0.927502697,0.959567593,1.033369819,1.107409093
8.16,1.069841596,0.985292139,0.926406131,0.962609221,1.036074047,1.108529818
8.18,1.066369402,0.981062235,0.925598777,0.965839632,1.03862892,1.109401908
8.2,1.06280206,0.980161019,0.924879319,0.969216565,1.041253114,1.109852062
8.22,1.059098611,0.976208786,0.924469962,0.972770061,1.047187757,1.110052132
8.24,1.055330315,0.975590649,0.924146769,0.972963593,1.049684251,1.109825723
8.26,1.051461177,0.971894193,0.924148486,0.976813977,1.055451486,1.109354923
8.28,1.047552472,0.971540257,0.924215241,0.97732654,1.057724753,1.108503113
8.3,1.043570701,0.968134113,0.924568389,0.981498278,1.063245818,1.107420169
8.32,1.039580866,0.968078788,0.925042277,0.982298179,1.065274247,1.109222685
8.34,1.035490153,0.964942463,0.92581134,0.986708194,1.067245446,1.107559241
8.36,1.031435152,0.962132505,0.926695341,0.987713033,1.068994788,1.108765253
8.38,1.030347459,0.959340844,0.927872241,0.992369516,1.070658117,1.106516381
8.4,1.026235164,0.95691181,0.92910523,0.993578091,1.072052748,1.107152229
8.42,1.025104605,0.954504368,0.930648822,0.998440267,1.073335135,1.104351942
8.44,1.02099621,0.952478989,0.932244535,0.999869227,1.077874195,1.104379995
8.46,1.019881206,0.950475873,0.934159512,1.001373775,1.078798713,1.101011902
8.48,1.015775414,0.948767206,0.936121187,1.002958145,1.082939215,1.100538806
8.5,1.014726065,0.947092001,0.938393384,1.004596354,1.083421652,1.096700571
8.52,1.010724088,0.945729869,0.940705532,1.009897064,1.087095963,1.09576684
8.54,1.009734516,0.944405681,0.939727906,1.011649785,1.087091679,1.091555842
8.56,1.005828068,0.943411962,0.942379256,1.017037113,1.090256658,1.090260527
8.58,1.004947075,0.942440394,0.941728698,1.018830026,1.089710352,1.085721745
8.6,1.001185028,0.941816682,0.944772898,1.024250529,1.092312591,1.08410843
8.62,1.000458718,0.941163572,0.944490426,1.026027612,1.091176744,1.079229054
8.64,0.99688465,0.940880954,0.947914609,1.031480589,1.093231989,1.077284015
8.66,0.993471933,0.940571323,0.94793254,1.033235625,1.091529972,1.074996636
8.68,0.990107917,0.940685693,0.951673871,1.038654268,1.093003642,1.072718572
8.7,0.986892392,0.940766678,0.952040923,1.040383287,1.094458075,1.070120656
8.72,0.98374501,0.941232321,0.95607622,1.042074638,1.095429436,1.06758242
8.74,0.980769755,0.941668349,0.956716795,1.043693807,1.096359844,1.064751803
8.76,0.9778753,0.942503555,0.961015536,1.045247018,1.096785753,1.062011867
8.78,0.975175131,0.943306958,0.961892519,1.050441287,1.097170871,1.059007787
8.8,0.972565512,0.944524416,0.962737281,1.051824986,1.097053958,1.056123776
8.82,0.970119038,0.945652176,0.963863886,1.056808418,1.09690232,1.052998279
8.84,0.967773512,0.94719388,0.964944808,1.057936522,1.096231586,1.050016356
8.86,0.965611431,0.948644218,0.96971265,1.062707483,1.09553704,1.046821502
8.88,0.963558301,0.947104272,0.970974766,1.063595989,1.094315669,1.043740009
8.9,0.961708304,0.948930849,0.975967156,1.068107149,1.093141292,1.040471503
8.92,0.959955188,0.947705193,0.977415163,1.068689506,1.091439405,1.037344192
8.94,0.958424404,0.949912772,0.982596795,1.072874684,1.089799291,1.034058543
8.96,0.956945034,0.949055471,0.9841978,1.073086737,1.087633287,1.030938546
8.98,0.955711311,0.951641803,0.989536057,1.076881562,1.085547719,1.027687705
9,0.951766162,0.951152384,0.991312057,1.076661878,1.082942537,1.027391005
9.02,0.95088601,0.954046935,0.996821105,1.080070738,1.080376905,1.024119842
9.04,0.947320216,0.95385997,0.998661481,1.079492506,1.077366907,1.023812863
9.06,0.94682363,0.957069478,1.004232135,1.082525129,1.074423548,1.020570376
9.08,0.943649812,0.957234599,1.006093264,1.085442101,1.071048542,1.017218965
9.1,0.943499882,0.960802469,1.00783293,1.088015242,1.070870176,1.01409355
9.12,0.940671329,0.961251625,1.009771773,1.090440039,1.06713573,1.010846177
9.14,0.940872611,0.965098589,1.011564305,1.09250261,1.066662117,1.007841992
9.16,0.938401558,0.965811126,1.013527776,1.094408162,1.062667605,1.00474237
9.18,0.938966737,0.96993295,1.015320307,1.095920531,1.061941764,1.001902736
9.2,0.936863928,0.970901189,1.020890144,1.097272502,1.057666401,0.998992567
9.22,0.937804983,0.971703843,1.022658577,1.098286659,1.056666395,0.996303935
9.24,0.936029888,0.972950655,1.028175194,1.099142119,1.05220766,0.993567743
9.26,0.937293321,0.974019152,1.029846227,1.099635575,1.051035596,0.991067778
9.28,0.935842943,0.97552769,1.035253769,1.09997252,1.046441251,0.988542759
9.3,0.937440383,0.976844465,1.036770152,1.09992761,1.045081991,0.98626558
9.32,0.936323825,0.978649064,1.042010279,1.09979419,1.04033448,0.983984159
9.34,0.938212274,0.980240726,1.043378534,1.099266848,1.038835629,0.981959176
9.36,0.937391452,0.982249022,1.048452729,1.098658023,1.033987669,0.979949554
9.38,0.939586261,0.984031602,1.049612115,1.097644433,1.03239966,0.978202322
9.4,0.939069099,0.986219977,1.054459862,1.096560731,1.02750201,0.976489535
9.42,0.941579184,0.988220057,1.055351053,1.099062011,1.025873448,0.975042977
9.44,0.941319344,0.990609777,1.055917101,1.097473524,1.02093282,0.97364926
9.46,0.944149775,0.992791807,1.056541907,1.099509548,1.019268588,0.972476235
9.48,0.944201753,0.995329673,1.056823718,1.097471854,1.014331225,0.971377446
9.5,0.947353757,0.997640599,1.060851316,1.099058027,1.01267924,0.967560148
9.52,0.947719585,0.999719412,1.060837965,1.096607116,1.010733613,0.966762393
9.54,0.948031737,1.002129322,1.064549513,1.097780865,1.009079918,0.963273686
9.56,0.94866823,1.004273885,1.064190923,1.095012997,1.007154745,0.962795745
9.58,0.949245324,1.006730249,1.067540048,1.095805611,1.005541077,0.959635742
9.6,0.950198636,1.008902703,1.066861453,1.09267547,1.003680815,0.959445191
9.62,0.951079992,1.01142252,1.069877728,1.093112855,1.002148145,0.95658575
9.64,0.952283503,1.013634465,1.068840442,1.089653803,1.000392973,0.956702971
9.66,0.953411287,1.016171754,1.071484217,1.089769109,0.998978543,0.954157928
9.68,0.954861468,1.018379482,1.070052874,1.086018261,0.997365282,0.954597012
9.7,0.956227998,1.020888455,1.072289955,1.085848368,0.996103302,0.952378364
9.72,0.957916089,1.023046217,1.070435403,1.081845849,0.994608738,0.953152014
9.74,0.959559878,1.025478807,1.072238072,1.081487005,0.993476634,0.951221412
9.76,0.961519934,1.027597026,1.069937983,1.077327926,0.992135049,0.952295597
9.78,0.963365361,1.02996062,1.071286688,1.076817101,0.991166145,0.950667775
9.8,0.96552588,1.031986302,1.068527677,1.07246981,0.990009625,0.95205325
9.82,0.967561254,1.037442726,1.069479345,1.071775806,0.989233224,0.950736242
9.84,0.966742775,1.039301436,1.070164177,1.067280167,0.988290092,0.952438069
9.86,0.969035665,1.040795176,1.07069239,1.066465104,0.987685821,0.951422035
9.88,0.968392272,1.042533443,1.070941628,1.061883696,0.986937708,0.953431194
9.9,0.970844598,1.043885421,1.071022764,1.060988599,0.98648362,0.95271991
9.92,0.973145319,1.04545427,1.070835781,1.056414339,0.98590597,0.952231762
9.94,0.97576094,1.046631416,1.07047247,1.055465038,0.985632205,0.951813755
9.96,0.978192948,1.047997314,1.069920102,1.050864982,0.985239039,0.951618598
9.98,0.980929452,1.048954131,1.069188527,1.049899089,0.985156734,0.951497088
10,0.983467048,1.050071469,1.068279159,1.045313097,0.984972991,0.951593768
10.02,0.986297119,1.050765023,1.067189175,1.044368319,0.981719775,0.951815669
10.04,0.988912308,1.051654724,1.065935379,1.043219463,0.98175846,0.952228117
10.06,0.99174227,1.052105693,1.064503125,1.042275646,0.978761737,0.952768606
10.08,0.994395531,1.052726284,1.062940507,1.041149766,0.979063105,0.953439272
10.1,0.997243363,1.052896021,1.061203518,1.040242675,0.976340567,0.95424306
10.12,0.999898429,1.056522591,1.059354005,1.03911117,0.97692194,0.955169967
10.14,0.999416933,1.05634897,1.057417921,1.038213517,0.97448757,0.956230431
10.16,1.002083323,1.059602444,1.05531464,1.037114182,0.975363313,0.957389779
10.18,1.001636423,1.059109617,1.053129422,1.032459687,0.973229467,0.958627556
10.2,1.004327147,1.062035914,1.054600445,1.031475642,0.974393518,0.960009054
10.22,1.003873475,1.061198418,1.052129853,1.026982835,0.972503729,0.961463498
10.24,1.006549332,1.063789499,1.053321035,1.026165673,0.973922587,0.963052566
10.26,1.008965049,1.062602927,1.05059831,1.021864209,0.972292151,0.964746323
10.28,1.011617464,1.064850573,1.051542761,1.021242133,0.971026816,0.9664871
10.3,1.013988647,1.063311361,1.048603422,1.017093834,0.969691507,0.968360342
10.32,1.016574854,1.06519879,1.049400914,1.01661639,0.968670591,0.970271392
10.34,1.018861474,1.063294332,1.046342414,1.012634479,0.967591179,0.972304867
10.36,1.021340694,1.064810907,1.047024584,1.01233079,0.966824699,0.974369386
10.38,1.023502615,1.062535377,1.04387819,1.008541764,0.966059144,0.976546055
10.4,1.025833731,1.063676263,1.044475448,1.008384934,0.965598662,0.978795999
10.42,1.027830981,1.061029279,1.041201813,1.004765843,0.965095447,0.981141901
10.44,1.029973826,1.061866171,1.04167534,1.004783918,0.964896444,0.983552497
10.46,1.031824113,1.058921058,1.038307233,1.001357687,0.964659542,0.9859888
10.48,1.03379635,1.059458166,1.03869306,1.00157324,0.964722301,0.988480579
10.5,1.035460131,1.059599852,1.03526649,0.998360375,0.964750783,0.990986346
10.52,1.033843274,1.059810807,1.035616263,0.998793678,0.965073516,0.993535098
10.54,1.035333122,1.059620443,1.03218242,0.995812224,0.965365213,0.996118618
10.56,1.036523423,1.059498416,1.03246283,0.996481384,0.965895397,0.995725248
10.58,1.037782121,1.059069727,1.028986045,0.99374653,0.966399545,0.998394828
10.6,1.038716687,1.058711568,1.029232828,0.994666085,0.967123155,0.998061666
10.62,1.03970012,1.058055751,1.025749967,0.992190273,0.96782169,1.000787325
10.64,1.040352756,1.057473536,1.02599835,0.993373258,0.968786319,1.000482941
10.66,1.041035273,1.056604301,1.022543701,0.991116196,0.969723671,1.003233809
10.68,1.041440615,1.055813568,1.02282675,0.992525573,0.970918231,1.002922472
10.7,1.041858811,1.054748304,1.019431688,0.990502672,0.97203135,1.00565814
10.72,1.041995176,1.053768367,1.019779422,0.99215097,0.973396809,1.008372719
10.74,1.042129104,1.052526993,1.016472917,0.990371858,0.971611885,1.011034868
10.76,1.041994449,1.051313111,1.016913347,0.99226913,0.973179605,1.013648278
10.78,1.041909479,1.049853398,1.013721284,0.990726555,0.971633997,1.016244057
10.8,1.041553648,1.048430945,1.014279189,0.99281233,0.973386191,1.018776211
10.82,1.041235883,1.04678154,1.011225039,0.991464999,0.97539739,1.021272894
10.84,1.040645352,1.045180003,1.011922643,0.990365574,0.977288708,1.023709548
10.86,1.043139589,1.04337019,1.009026753,0.98926909,0.979414526,1.023035274
10.88,1.042277121,1.041635039,1.009867356,0.988416972,0.981414076,1.025388219
10.9,1.044479126,1.039709448,1.007067095,0.987573938,0.983625306,1.024607568
10.92,1.043324222,1.037935086,1.008009955,0.986970124,0.985756317,1.026846029
10.94,1.045230134,1.035981712,1.005327864,0.986327312,0.98808537,1.025929268
10.96,1.043782707,1.034191951,1.006395911,0.985924754,0.990326774,1.028024182
10.98,1.045393644,1.03217157,1.003852207,0.985486469,0.992754833,1.026942887
11,1.043719634,1.030326122,1.005064489,0.985285772,0.995086875,1.028866334
11.02,1.045103203,1.028265299,1.002676375,0.985051962,0.997594099,1.0275944
11.04,1.043205683,1.026392459,1.004050283,0.985052344,0.999995682,1.029376572
11.06,1.044364833,1.024318053,1.001833331,0.985080905,1.00250551,1.027945815
11.08,1.042250088,1.022444835,1.003325082,0.985333289,1.004899483,1.029560512
11.1,1.043191962,1.020382621,1.001240599,0.985615338,1.007393416,1.031112038
11.12,1.040869397,1.018534231,1.002869831,0.986111921,1.006593534,1.03250939
11.14,1.041619687,1.016507821,1.000933081,0.986639656,1.009147077,1.033822747
11.16,1.03911698,1.014708222,1.002715161,0.98730267,1.008382622,1.034968003
11.18,1.039687592,1.012740289,1.000939424,0.987999986,1.010967859,1.036026729
11.2,1.037018598,1.011012018,0.999307046,0.98882618,1.010212626,1.036904134
11.22,1.037423634,1.012703879,0.997742665,0.98966797,1.012803977,1.037694323
11.24,1.034542799,1.011010192,0.996348448,0.990632096,1.012031719,1.038352538
11.26,1.034756418,1.012739674,0.995019808,0.991610546,1.014603147,1.038922371
11.28,1.031700533,1.011039924,0.993869297,0.992704432,1.013846374,1.039349657
11.3,1.031805836,1.012770087,0.992780285,0.993752132,1.016426684,1.03968802
11.32,1.028654667,1.011088755,0.991876666,0.994912813,1.015656749,1.039875449
11.34,1.02866902,1.01284478,0.99102929,0.996022485,1.018218181,1.039975282
11.36,1.025440447,1.011205473,0.993940915,0.997299779,1.017407739,1.039916834
11.38,1.025381465,1.009443398,0.993239352,0.998536443,1.019923969,1.039773922
11.4,1.022094068,1.007923617,0.992721013,0.999931661,1.022580249,1.039466818
11.42,1.021962191,1.009852823,0.99219363,0.997729562,1.024994768,1.039097766
11.44,1.018617574,1.008412957,0.995439407,0.999258968,1.02752301,1.038559673
11.46,1.018450123,1.00686053,0.99505071,0.997190165,1.029853243,1.037965682
11.48,1.015085625,1.005572861,0.998424367,0.998796158,1.032285531,1.040426827
11.5,1.014825014,1.004175022,0.998159589,0.996788558,1.031279672,1.039698311
11.52,1.011398623,1.003051457,1.001664582,0.998456179,1.033582245,1.042008232
11.54,1.011083985,1.00181852,1.001524955,1.000271907,1.032434245,1.04113029
11.56,1.007619869,1.000869457,1.001367702,1.001991431,1.034608406,1.043289224
11.58,1.007274027,0.999810706,1.001411351,1.003831436,1.033320852,1.042264458
11.6,1.00379477,0.998963616,1.001428738,1.005567116,1.035350495,1.044275579
11.62,1.003439633,0.998012985,1.001648176,1.007415632,1.033908404,1.043108974
11.64,0.999965998,0.997281929,1.001833973,1.009150634,1.03577923,1.044977677
11.66,0.999621296,0.996449735,1.002222825,1.010991128,1.034169656,1.043676259
11.68,0.996172797,0.995844602,1.002570299,1.012708233,1.03586942,1.045409898
11.7,0.995857425,0.99513957,1.003121333,1.014523859,1.034081584,1.043923826
11.72,0.992452267,0.994668668,1.00362294,1.016205605,1.035658857,1.045475471
11.74,0.992183271,0.990904497,1.004328086,1.017979348,1.033739639,1.043817635
11.76,0.992030983,0.990609507,1.004959534,1.019672019,1.035183746,1.045201832
11.78,0.99177334,0.9870391,1.005731008,1.021445382,1.033123814,1.043403545
11.8,0.99164212,0.986939266,1.006426723,1.023127919,1.034426318,1.044651164
11.82,0.991412765,0.986750349,1.007259811,1.024881561,1.032218721,1.042727878
11.84,0.988132343,0.986812162,1.008029036,1.026534628,1.033373327,1.043854294
11.86,0.987997065,0.983580527,1.008932038,1.028250126,1.031013512,1.041806195
11.88,0.988006192,0.983824013,1.00975057,1.029855146,1.032016226,1.042811874
11.9,0.987926975,0.983970988,1.010698905,1.031514726,1.033126492,1.040672133
11.92,0.984817015,0.984377748,1.011574107,1.029429075,1.034001169,1.041607667
11.94,0.984856078,0.984667651,1.012574306,1.031008157,1.034966303,1.039395234
11.96,0.981872431,0.985221763,1.01354013,1.028830344,1.03569293,1.040261525
11.98,0.982039002,0.985592451,1.014623708,1.030316094,1.03651184,1.037993282
12,0.979131707,0.986233514,1.01566325,1.028034097,1.037090465,1.038864809
12.02,0.979378408,0.986689556,1.01681594,1.029414733,1.0377642,1.036611221
12.04,0.976556908,0.987417949,1.017915508,1.027017479,1.038197336,1.037500187
12.06,0.976894146,0.987959299,1.01912316,1.028282502,1.038729548,1.035273096
12.08,0.974167393,0.988774534,1.02026889,1.025760325,1.039021375,1.036191038
12.1,0.974603882,0.989400057,1.021517217,1.026900644,1.039416972,1.034001834
12.12,0.971979434,0.990300559,1.022695163,1.024245378,1.039573177,1.03490419
12.14,0.972522542,0.991008105,1.023969842,1.025318295,1.039894088,1.032707773
12.16,0.970006068,0.991991281,1.025101183,1.026459018,1.03997768,1.033609305
12.18,0.970661059,0.992777746,1.022452945,1.027419444,1.040247169,1.031420172
12.2,0.968256999,0.993839405,1.023583129,1.028428224,1.040281768,1.032334723
12.22,0.969028245,0.994680526,1.020920987,1.029250993,1.040504214,1.030166326
12.24,0.966739874,0.995856942,1.022038123,1.030123462,1.040494666,1.031106895
12.26,0.96757033,0.996803033,1.019418463,1.030804771,1.040675312,1.028971648
12.28,0.965345354,0.998016565,1.020574931,1.031538715,1.040627357,1.029949611
12.3,0.966241993,0.998996446,1.017983142,1.032077257,1.040772227,1.027857958
12.32,0.964083777,1.000242255,1.019165,1.032671858,1.040692315,1.028883688
12.34,0.965049609,1.001250196,1.016587693,1.033067419,1.040808033,1.026845291
12.36,0.965924262,1.002522208,1.01778222,1.033523236,1.040703136,1.024964156
12.38,0.966932088,1.003566787,1.015206979,1.033776992,1.040796747,1.023031714
12.4,0.967834727,1.004872988,1.016402479,1.034095906,1.040598097,1.021257531
12.42,0.968872489,1.005946963,1.013818081,1.034271656,1.040604806,1.019435872
12.44,0.969805584,1.007279781,1.015003954,1.034513769,1.040323837,1.017772366
12.46,0.97087533,1.008375569,1.016096486,1.034611585,1.040255895,1.016065171
12.48,0.971894392,1.006031609,1.017228651,1.034795651,1.039904686,1.014461304
12.5,0.973049794,1.007195922,1.018247172,1.034834483,1.039773886,1.01281914
12.52,0.974131414,1.004910243,1.019300763,1.034961263,1.039363834,1.011282643
12.54,0.975350915,1.006134076,1.020240038,1.034942317,1.039180874,1.009710412
12.56,0.976492352,1.003897255,1.021210127,1.035013575,1.038722968,1.008245327
12.58,0.977772857,1.005171609,1.02206592,1.034939123,1.038498355,1.006746646
12.6,0.978970743,1.002974524,1.023016548,1.034957596,1.038003026,1.005355882
12.62,0.980308548,1.004222771,1.023848419,1.034831514,1.037746664,1.003933232
12.64,0.981558955,1.001994617,1.024772717,1.034801753,1.037223681,1.002618615
12.66,0.98294914,1.003212821,1.02557472,1.034628631,1.036944783,1.001273399
12.68,0.984246678,1.000948803,1.026467501,1.034555477,1.036403159,1.000035732
12.7,0.985683936,1.002132609,1.027235258,1.03434049,1.036110158,0.99876833
12.72,0.987023195,0.999828367,1.028092572,1.034229283,1.035558074,0.997607443
12.74,0.988501882,1.000973864,1.028822896,1.033978046,1.035258553,0.996417277
12.76,0.989877168,0.998625579,1.029641999,1.033834475,1.034703289,0.995332101
12.78,0.991391385,0.999790911,1.030332858,1.03355289,1.034403926,0.994217703
12.8,0.992735286,0.997456865,1.031112782,1.033382854,1.033851811,0.993206335
12.82,0.994218109,0.998634888,1.031764158,1.033076967,1.033558337,0.992164805
12.84,0.995529317,0.996308942,1.032504988,1.032886436,1.033014717,0.991223669
12.86,0.996977925,0.997494464,1.033117534,1.032562302,1.032731879,0.993410655
12.88,0.998253553,0.998438756,1.033820335,1.032357183,1.029041836,0.992503664
12.9,0.996413746,0.999596319,1.034411956,1.032020725,1.028821328,0.994709675
12.92,0.997713808,1.0004958,1.035094709,1.031791054,1.025193114,0.99380183
12.94,0.99589286,1.00160722,1.035667151,1.031432717,1.025035846,0.996008416
12.96,0.997212186,1.002460917,1.036331822,1.031184782,1.021469415,0.995097368
12.98,0.995404753,1.003525622,1.036887354,1.034738952,1.021375089,0.997302127
13,0.996738333,1.004333406,1.03360833,1.034505335,1.017889053,0.99644111
13.02,0.994939484,1.005351691,1.034142736,1.03412942,1.017820267,0.998693029
13.04,0.99628329,1.00609466,1.034771743,1.033865808,1.014342056,0.997874916
13.06,0.994489405,1.007047896,1.035298792,1.037408486,1.014280844,0.997006026
13.08,0.99583976,1.007747186,1.031994672,1.037166579,1.017605251,0.996199259
13.1,0.994031487,1.008657501,1.032509555,1.03709675,1.017545679,0.998538136
13.12,0.995369226,1.009296201,1.029197958,1.036926391,1.017690717,0.997796799
13.14,0.993559546,1.010146546,1.029689551,1.036925295,1.017603943,1.000182154
13.16,0.994898636,1.010727771,1.026358558,1.036809856,1.017724878,0.999481922
13.18,0.993145222,1.011522071,1.026833714,1.036860026,1.017612157,1.00184667
13.2,0.994539724,1.012050562,1.023489687,1.036797542,1.017708894,1.001124902
13.22,0.992837878,1.012794293,1.0239549,1.036897137,1.017569088,1.003465443
13.24,0.994283217,1.013275466,1.02060384,1.036885349,1.017639799,1.002718238
13.26,0.992629094,1.013974465,1.021065294,1.037031919,1.017470986,1.005030906
13.28,0.994121957,1.014414353,1.017712816,1.037067922,1.017513403,1.004254573
13.3,0.992512694,1.015075054,1.018176286,1.037258368,1.017312949,1.006535933
13.32,0.99405075,1.015480229,1.014827515,1.037338569,1.017324148,1.005727104
13.34,0.99248448,1.016109574,1.015298268,1.037569104,1.017088801,1.007974062
13.36,0.994066394,1.01648706,1.015709293,1.037689193,1.017065305,1.007129798
13.38,0.992542251,1.013340862,1.016222678,1.037974061,1.016791304,1.009339712
13.4,0.994167686,1.013748479,1.016656574,1.038148046,1.016729279,1.008457611
13.42,0.992604675,1.010637484,1.017195236,1.038482245,1.016412652,1.010628393
13.44,0.994193977,1.011080858,1.017654522,1.0387041,1.016308023,1.009705966
13.46,0.992598584,1.008009818,1.018220691,1.039081439,1.015944519,1.011835077
13.48,0.994157543,1.008494519,1.018707301,1.039344384,1.015792991,1.010870521
13.5,0.992535766,1.005468562,1.019302538,1.039757937,1.015378196,1.012956542
13.52,0.994070894,1.006000186,1.019817719,1.040054447,1.01517537,1.011948912
13.54,0.99242942,1.003024389,1.020442842,1.04049656,1.014704844,1.013991295
13.56,0.993947907,1.003608461,1.020987078,1.040818382,1.014446356,1.01294056
13.58,0.992294058,1.000687757,1.021642086,1.041280706,1.013915766,1.014939692
13.6,0.993803718,1.001329633,1.022215033,1.041618891,1.013597423,1.013846797
13.62,0.992145385,0.998468711,1.022899044,1.042092411,1.013002688,1.015804046
13.64,0.993654588,0.999173486,1.023499463,1.04243736,1.012620604,1.014670944
13.66,0.992000155,0.9963767,1.024210649,1.04291245,1.011958031,1.016588702
13.68,0.993517755,0.997149113,1.024836352,1.043253978,1.011508763,1.015418381
13.7,0.991876026,0.994420391,1.02557188,1.043720469,1.010775188,1.017300081
13.72,0.993411284,0.995264737,1.026219673,1.044047877,1.01025587,1.016096573
13.74,0.991791393,0.992607489,1.026975655,1.044495138,1.00944879,1.017946695
13.76,0.993353893,0.993527526,1.027641292,1.044797311,1.00885726,1.016715071
13.78,0.991765219,0.990944563,1.028412742,1.045214347,1.007974958,1.018539137
13.8,0.99336478,0.991943424,1.029090887,1.045479865,1.007309877,1.017285485
13.82,0.99480914,0.992748837,1.029871685,1.045855435,1.006351539,1.016097754
13.84,0.993112503,0.993812243,1.030572452,1.046072697,1.005612496,1.01487532
13.86,0.994610042,0.994666246,1.031371659,1.04639553,1.004563393,1.013704103
13.88,0.992969186,0.995780616,1.032086984,1.046553064,1.003736444,1.012503011
13.9,0.994529287,0.996746592,1.032895613,1.046811923,1.002598497,1.011355414
13.92,0.99289248,0.997973187,1.033616851,1.046898229,1.001685902,1.010183375
13.94,0.994466117,0.999046756,1.034425682,1.047082,1.004145773,1.009066671
13.96,0.992848647,1.000383129,1.03514303,1.043402197,1.003175156,1.007949616
13.98,0.994448448,1.001561907,1.035941355,1.043494328,1.001877002,1.006890454
14,0.992862195,1.00300517,1.036625477,1.043398029,1.000807775,1.005818738
14.02,0.994500464,1.00428598,1.037382888,1.043396748,1.003109904,1.004806893
14.04,0.993014908,1.005832283,1.038040116,1.039520422,1.001990225,1.0037495
14.06,0.994756476,1.007211451,1.038762549,1.039410691,1.000547713,1.002760132
14.08,0.99337746,1.008856813,1.039361833,1.039097323,0.999339214,1.001713683
14.1,0.995229479,1.010329785,1.040016882,1.038878654,1.001501807,1.000741259
14.12,0.993963396,1.012068798,1.04063298,1.038760537,1.000254056,0.999737412
14.14,0.995932704,1.013559352,1.037311876,1.038381699,0.998710797,0.998813979
14.16,0.994785444,1.015315187,1.037966601,1.041754277,0.99740786,0.997848484
14.18,0.996877845,1.016801522,1.034669924,1.04119824,0.999496051,0.996968915
14.2,0.995853685,1.018550182,1.035362024,1.040728301,0.998126129,0.996073667
14.22,0.998074166,1.020027849,1.035923389,1.040049554,1.000131832,0.995269544
14.24,0.997176952,1.017994358,1.03658036,1.039477126,0.99868775,0.994457665
14.26,0.99946493,1.019571015,1.03708013,1.038691533,1.000622923,0.993741655
14.28,0.9986197,1.017626191,1.037666415,1.038013472,0.999117494,0.993025399
14.3,1.000964961,1.019288769,1.038088791,1.037118587,1.000995145,0.992408983
14.32,1.0001781,1.017418445,1.038588072,1.036333195,0.99944204,0.991800302
14.34,1.002587345,1.019152893,1.038917259,1.035328207,1.001276023,0.99129505
14.36,1.001863971,1.017341813,1.039313333,1.034435409,0.999689665,0.9908057
14.38,1.004342609,1.019132914,1.03953374,1.033321211,1.001494585,0.990422963
14.4,1.003686508,1.017364706,1.039810735,1.032322613,0.999890043,0.990064439
14.42,1.006238572,1.019196044,1.039907197,1.031101848,1.001681154,0.989815296
14.44,1.005652117,1.017453205,1.040049803,1.030000766,1.000074037,0.989598776
14.46,1.008280186,1.019307159,1.040007808,1.028677838,1.001867135,0.98949397
14.48,1.007764256,1.017571065,1.040001525,1.027479299,1.000273479,0.989430256
14.5,1.01052649,1.019428825,1.039807463,1.026060359,0.998452513,0.989423018
14.52,1.010135611,1.02106142,1.039638852,1.028403353,0.996929444,0.989449732
14.54,1.00964451,1.022938516,1.039297174,1.026837355,0.995207548,0.989538319
14.56,1.009355109,1.024560842,1.038989501,1.029033493,0.99378755,0.989652312
14.58,1.008964416,1.026417381,1.038507159,1.027331808,0.992179298,0.989832659
14.6,1.008771991,1.028008102,1.038048857,1.029392836,0.990876487,0.99004657
14.62,1.008474764,1.029822096,1.037415421,1.027568652,0.989396322,0.990330901
14.64,1.008371397,1.031359427,1.036796736,1.029507928,0.988224733,0.990656686
14.66,1.008159126,1.033108043,1.036003642,1.027575936,0.986887057,0.991056209
14.68,1.008135244,1.03456944,1.035216844,1.029408302,0.985860658,0.991504754
14.7,1.007997759,1.036229155,1.03425759,1.027384552,0.984679755,0.992029612
14.72,1.008102964,1.037591479,1.033297169,1.029058536,0.983812381,0.992549754
14.74,1.008084491,1.039138892,1.032235146,1.026891408,0.982801696,0.993153444
14.76,1.011345989,1.04037952,1.031166167,1.02842937,0.98210539,0.990713666
14.78,1.011401552,1.041806777,1.029994157,1.026142598,0.981277312,0.991505146
14.8,1.014720937,1.042918545,1.028810964,1.02756786,0.980694124,0.989249001
14.82,1.014820172,1.044201989,1.027524751,1.025185615,0.979993688,0.990228754
14.84,1.018182779,1.045161912,1.026224372,1.026521628,0.979542517,0.988156987
14.86,1.018309043,1.046278103,1.024822307,1.024067693,0.978985949,0.989326698
14.88,1.021697946,1.047063637,1.023404421,1.025338464,0.978682296,0.987439182
14.9,1.021893221,1.047989771,1.021887435,1.022837348,0.978285153,0.988738775
14.92,1.025344699,1.048579782,1.020354373,1.024067301,0.978143871,0.9869795
14.94,1.025584114,1.049294956,1.018725963,1.021543739,0.97792042,0.988412738
14.96,1.029074487,1.04966942,1.017082667,1.022757528,0.977954832,0.986781267
14.98,1.029333307,1.050153787,1.015348831,1.020236292,0.977918728,0.988348072
15,1.032837458,1.050294205,1.01360276,1.021458618,0.978141858,0.99004532
15.02,1.033089291,1.050529696,1.011771879,1.018964344,0.97510294,0.991766389
15.04,1.036596681,1.050419497,1.009855299,1.020219804,0.975520821,0.993598051
15.06,1.036829834,1.053940466,1.007862418,1.017759799,0.972681463,0.995453308
15.08,1.036839303,1.053607915,1.005806325,1.019055506,0.973305591,0.997415068
15.1,1.037074669,1.056883277,1.003686665,1.016653333,0.970675426,0.999381654
15.12,1.03707276,1.05629448,1.005388896,1.018013019,0.971516224,1.001450321
15.14,1.037279705,1.055429011,1.003120507,1.015711179,0.969103847,1.003578322
15.16,1.03723587,1.054630765,1.004657503,1.017177075,0.970113793,1.005797157
15.18,1.040494657,1.053554899,1.002241404,1.014997235,0.967876641,1.004941368
15.2,1.040395449,1.052552318,1.003634048,1.016590571,0.969069799,1.00727717
15.22,1.043572584,1.051273123,1.001092739,1.014552882,0.967001424,1.00652623
15.24,1.043369717,1.050058988,1.00236346,1.016294466,0.968371826,1.00896647
15.26,1.046433297,1.048570646,0.999720671,1.014418728,0.9700385,1.008304095
15.28,1.046095293,1.047140648,0.997039241,1.008906065,0.971616913,1.010850274
15.3,1.049013419,1.049294404,0.998226297,1.007164161,0.96989173,1.010276117
15.32,1.04850886,1.047585586,0.995529555,1.009241189,0.971679735,1.012891945
15.34,1.051269126,1.049476008,0.992770671,1.007649582,0.97375793,1.012367397
15.36,1.050585775,1.04758385,0.993856525,1.002450949,0.975761327,1.015107209
15.38,1.053155968,1.045431631,0.994940967,1.001057616,0.977958456,1.014682783
15.4,1.052264162,1.043329066,0.992163531,0.999936009,0.980089412,1.017517787
15.42,1.054595942,1.044820114,0.989349121,0.998784809,0.982434332,1.017165299
15.44,1.05344771,1.042544058,0.986554219,0.994045023,0.984718102,1.020067305
15.46,1.055531635,1.043841141,0.987580884,0.993105839,0.98725242,1.019756707
15.48,1.054120022,1.041380556,0.98480667,0.988549074,0.989725562,1.022695775
15.5,1.055929958,1.042440898,0.985861183,0.987807431,0.992444104,1.02564542
15.52,1.054300216,1.039753712,0.983133205,0.987293804,0.991855211,1.028563538
15.54,1.055900294,1.040591617,0.980404787,0.986791433,0.99481716,1.031520664
15.56,1.05725512,1.037697162,0.977745745,0.982649341,0.994401735,1.031214475
15.58,1.058590507,1.038328773,0.978932881,0.982404635,0.997526958,1.034187258
15.6,1.059658225,1.03524543,0.976313293,0.978543744,0.997246553,1.033869266
15.62,1.060690139,1.035711273,0.977547139,0.978586505,1.000513665,1.036821617
15.64,1.061450544,1.032481802,0.974997501,0.975014917,1.000420511,1.036454544
15.66,1.06216025,1.032804993,0.976308652,0.975294518,1.003874906,1.039349121
15.68,1.062597073,1.029454672,0.97385839,0.971967205,1.003952964,1.038895122
15.7,1.06296999,1.029660381,0.975275674,0.972498271,1.00758194,1.041693047
15.72,1.063071125,1.026216204,0.972952037,0.973245823,1.007816138,1.041175867
15.74,1.063097123,1.02633121,0.970681227,0.973999807,1.011560962,1.043896383
15.76,1.062855592,1.022821427,0.968568017,0.974952956,1.011893955,1.043273606
15.78,1.062530198,1.022854627,0.966511809,0.975922292,1.015739158,1.045874032
15.8,1.0619437,1.019218596,0.96463005,0.977091911,1.016151759,1.045103595
15.82,1.061338065,1.019130604,0.962807286,0.978287355,1.020137391,1.047541518
15.84,1.060477294,1.015401516,0.961175684,0.979685277,1.020664368,1.049926496
15.86,1.059593189,1.015228661,0.959542955,0.981117307,1.021418676,1.052133761
15.88,1.05847599,1.011443069,0.958122133,0.982749676,1.022077909,1.054257877
15.9,1.057333388,1.011220677,0.956704879,0.984407524,1.0229501,1.056178934
15.92,1.055965034,1.00741393,0.955515231,0.986263561,1.023710635,1.058005215
15.94,1.05457159,1.007176999,0.954332381,0.988152672,1.024669234,1.059602978
15.96,1.052894544,1.003384023,0.953392912,0.990237078,1.025561663,1.061163407
15.98,1.05119193,1.003100019,0.952462209,0.99229673,1.026631207,1.062473425
16,1.049288322,0.999286479,0.951790201,0.994554375,1.031317141,1.063733758
16.02,1.047364556,0.998993156,0.951126798,0.993154275,1.032428743,1.06473902
16.04,1.045251595,0.995197571,0.950672453,0.995693544,1.037133097,1.065684583
16.06,1.043125756,0.994932334,0.950216916,0.994562374,1.038231042,1.066352289
16.08,1.040824045,0.991190656,0.949984929,0.997377293,1.042915727,1.066952783
16.1,1.03851895,0.99098838,0.94975518,0.99650625,1.044024171,1.067254139
16.12,1.036052383,0.987334769,0.949763496,0.999524986,1.048706224,1.067484261
16.14,1.033593936,0.987229035,0.949776274,0.998845866,1.049778216,1.067396226
16.16,1.030989136,0.983695903,0.950041023,1.002063083,1.054411611,1.067235627
16.18,1.028405747,0.983718667,0.950311078,1.001564667,1.055400056,1.066740234
16.2,1.025691483,0.980336636,0.950847407,1.005033468,1.059936707,1.066174111
16.22,1.022944565,0.980518214,0.951325299,1.004761843,1.060793111,1.068765211
16.24,1.020083097,0.977315463,0.952088031,1.008460536,1.061746849,1.067821076
16.26,1.01722314,0.977682942,0.952795592,1.008395868,1.062469925,1.070009383
16.28,1.014268723,0.974685139,0.95380051,1.012288435,1.063271874,1.068660643
16.3,1.01133331,0.971956068,0.954752281,1.012391602,1.063811907,1.070438443
16.32,1.011631353,0.969162944,0.955997154,1.016456734,1.064413236,1.068682285
16.34,1.008666534,0.969976056,0.957189332,1.016771906,1.064720082,1.070064586
16.36,1.005574888,0.96745625,0.958634128,1.021045847,1.065072735,1.067985812
16.38,1.002538724,0.965242212,0.960098461,1.021538934,1.068952849,1.069027237
16.4,1.002690306,0.962910052,0.961803946,1.022136269,1.069048847,1.066633643
16.42,0.999635448,0.960924367,0.963526683,1.022754834,1.072635463,1.067374399
16.44,0.99977705,0.95882987,0.965480898,1.023462114,1.072409388,1.064692232
16.46,0.996740174,0.957098966,0.967449635,1.024170177,1.075656764,1.065142515
16.48,0.996909637,0.955266229,0.969658725,1.024950127,1.075065509,1.062117462
16.5,0.993928512,0.953814134,0.971879024,1.029704289,1.077999485,1.062224382
16.52,0.994162042,0.952265455,0.970350763,1.030554976,1.077090445,1.058876495
16.54,0.991272171,0.951114558,0.972807425,1.035350855,1.079691048,1.058665291
16.56,0.991604791,0.949850813,0.971573697,1.036206822,1.078423978,1.055023699
16.58,0.988776739,0.948934027,0.974329217,1.041002059,1.080651082,1.054587725
16.6,0.989181331,0.947976878,0.973378332,1.041818899,1.078989908,1.050745677
16.62,0.986390195,0.94737954,0.97642714,1.046567517,1.080808993,1.050048024
16.64,0.98684624,0.946741897,0.975750732,1.047296742,1.078789717,1.045966119
16.66,0.984136101,0.946479577,0.979085542,1.052018581,1.080240536,1.04503833
16.68,0.984683383,0.946176256,0.978603036,1.052677334,1.077837655,1.040754935
16.7,0.982092725,0.946263952,0.982146263,1.05731444,1.078893548,1.039634722
16.72,0.982769115,0.946308288,0.981849928,1.057846413,1.076085503,1.035190116
16.74,0.980334058,0.946759226,0.985657108,1.062341606,1.076726329,1.033917162
16.76,0.978133163,0.947097056,0.985594729,1.062689063,1.077455357,1.032395107
16.78,0.975926056,0.947846452,0.989642682,1.063027169,1.077630843,1.030976269
16.8,0.973927024,0.948483611,0.989792304,1.063187746,1.077894337,1.029325739
16.82,0.971933588,0.949546254,0.994040118,1.063318844,1.077659489,1.02779584
16.84,0.970169671,0.950496176,0.998205857,1.067473296,1.07751957,1.026057265
16.86,0.968421964,0.948099222,0.998421668,1.067402009,1.076894984,1.024459441
16.88,0.966862818,0.949416034,1.00273867,1.071313487,1.076371822,1.022676826
16.9,0.965317316,0.947359262,1.003075684,1.070962211,1.07536003,1.021053238
16.92,0.963981001,0.949026258,1.0075168,1.074574085,1.074388566,1.01926914
16.94,0.962669418,0.947311564,1.00794373,1.073958588,1.072924108,1.017598471
16.96,0.96158728,0.94933286,1.012477262,1.077289921,1.071580457,1.015790088
16.98,0.960538298,0.947961241,1.013031219,1.076355249,1.069747664,1.014116193
17,0.959738571,0.950267926,1.017685166,1.079349857,1.068050756,1.012329934
17.02,0.958978923,0.949176679,1.018320659,1.078043479,1.065870969,1.010696862
17.04,0.958487591,0.951836968,1.02305256,1.080648187,1.06384449,1.008976984
17.06,0.957981278,0.951081942,1.023724569,1.078920742,1.061345085,1.004148291
17.08,0.957767599,0.954088989,1.02848846,1.081086666,1.062296758,1.002515598
17.1,0.957530164,0.953664762,1.029147218,1.078893916,1.059514662,0.997820396
17.12,0.957603878,0.9570153,1.033964271,1.080594075,1.060187894,0.996334374
17.14,0.957659969,0.960186211,1.034626038,1.077915401,1.057082013,0.991815927
17.16,0.954760261,0.963830011,1.039451169,1.079188427,1.057434888,0.99045948
17.18,0.955175687,0.967269599,1.040072461,1.07606662,1.054041706,0.986089094
17.2,0.95264206,0.971185537,1.044844573,1.076882963,1.054115492,0.984890794
17.22,0.953432012,0.974888257,1.049326621,1.077609829,1.050479255,0.980709238
17.24,0.951277187,0.975104499,1.049634218,1.077926859,1.050269405,0.979708659
17.26,0.952456332,0.979107806,1.054056378,1.078204354,1.046384065,0.975752655
17.28,0.950672599,0.979565197,1.054252958,1.078054601,1.045938481,0.974985392
17.3,0.952172996,0.983815269,1.058546871,1.077865874,1.041858088,0.971288493
17.32,0.950718699,0.984493745,1.058567673,1.077233014,1.041229172,0.970786792
17.34,0.952560972,0.98897106,1.062666755,1.076566465,1.037007845,0.967319415
17.36,0.951448758,0.989847264,1.062444945,1.075443311,1.036307388,0.967058605
17.38,0.95364691,0.994528597,1.066280986,1.074296338,1.032052552,0.963854165
17.4,0.952887612,0.995574983,1.065748885,1.072685577,1.031326185,0.963867976
17.42,0.955509184,1.000495184,1.069253101,1.071065425,1.027013974,0.96090321
17.44,0.955099938,1.001738804,1.068343993,1.069049026,1.026238221,0.96117313
17.46,0.958090285,1.006858209,1.071449256,1.06703865,1.021916061,0.95848437
17.48,0.958044542,1.008260294,1.07018383,1.064548033,1.017344008,0.959041416
17.5,0.961413409,1.013454424,1.07299324,1.065875799,1.013110384,0.956638532
17.52,0.961737693,1.01495803,1.075512759,1.062863218,1.00860424,0.957493647
17.54,0.965424642,1.016125791,1.077951543,1.063764606,1.004454519,0.95540388
17.56,0.966119664,1.021168084,1.080057624,1.060354359,1.000062335,0.95652727
17.58,0.966727811,1.022388333,1.082059202,1.060861524,0.996046415,0.954727392
17.6,0.967811714,1.027460044,1.083710631,1.057088092,0.99181674,0.95302036
17.62,0.968799594,1.02873191,1.085217074,1.057235802,0.991095301,0.951556813
17.64,0.970185087,1.033840194,1.086361369,1.053139871,0.98702043,0.950220458
17.66,0.971473031,1.035101637,1.087322535,1.052903455,0.986397574,0.949130387
17.68,0.973160408,1.0401861,1.087995189,1.048523186,0.982455169,0.94818487
17.7,0.97479925,1.041373869,1.088455343,1.048013699,0.981978558,0.94743138
17.72,0.976832932,1.046370417,1.088618562,1.043398884,0.978216431,0.946845721
17.74,0.978806436,1.047418216,1.088538739,1.042663606,0.977931369,0.946455967
17.76,0.981233209,1.052327144,1.08815912,1.037865454,0.974392378,0.946192033
17.78,0.983509534,1.053232539,1.087510824,1.03695416,0.974340795,0.946189582
17.8,0.986239319,1.057976304,1.086566287,1.031942611,0.971009955,0.946323952
17.82,0.988804934,1.062237413,1.085414773,1.030823843,0.971179276,0.946720247
17.84,0.988244014,1.066715232,1.083906395,1.025652574,0.968099895,0.947268593
17.86,0.991118419,1.070750085,1.086390719,1.024384312,0.968528805,0.948061087
17.88,0.993891374,1.070736399,1.084357672,1.019133556,0.965736846,0.945963161
17.9,0.997083639,1.074527825,1.086289142,1.017794383,0.966461101,0.947146446
17.92,1.000042082,1.074216293,1.083627169,1.012522343,0.963974404,0.945498044
17.94,1.00340928,1.07776975,1.084920155,1.011090981,0.961369363,0.947137109
17.96,1.006583773,1.0771728,1.0817146,1.009358577,0.959154456,0.945862387
17.98,1.010146751,1.080414584,1.082465998,1.007888577,0.956864587,0.94789289
18,1.013495159,1.079456322,1.078756087,1.006148317,0.954974472,0.947003696
18.02,1.017213158,1.082309767,1.079003246,1.004691937,0.953032593,0.949433746
18.04,1.020693215,1.08091652,1.074816529,1.002998125,0.951497762,0.948934835
18.06,1.024582491,1.083307823,1.074587746,1.001606561,0.94993406,0.951762146
18.08,1.028201084,1.085120688,1.069960183,0.999934822,0.948729034,0.951651056
18.1,1.028493422,1.08695655,1.069301126,0.998584078,0.947521807,0.954878417
18.12,1.032238409,1.08826396,1.064273493,0.996985821,0.946679779,0.955136414
18.14,1.035777869,1.089555777,1.063222952,0.991673531,0.945856955,0.955576411
18.16,1.039629909,1.090317021,1.061896883,0.990255715,0.945383892,0.956232738
18.18,1.043223739,1.091021172,1.06042647,0.985184717,0.944879319,0.957062194
18.2,1.047097058,1.091203057,1.058700661,0.98401443,0.944736959,0.961249088
18.22,1.050678472,1.091288518,1.056863986,0.979152702,0.941443013,0.962431131
18.24,1.054516838,1.090845692,1.054871049,0.978199561,0.941757594,0.966969179
18.26,1.058092321,1.090271408,1.052796372,0.973518235,0.938921465,0.968472649
18.28,1.061878908,1.089171275,1.050504132,0.972760379,0.939648513,0.973341778
18.3,1.065364166,1.08799781,1.048155229,0.968311853,0.937235813,0.975154222
18.32,1.069013963,1.086306523,1.045617645,0.967794422,0.938397635,0.980343489
18.34,1.072324374,1.088328848,1.043055833,0.96362079,0.936421933,0.982449574
18.36,1.07522615,1.085996415,1.040354901,0.963385148,0.938034903,0.984710443
18.38,1.078305928,1.087362932,1.037578783,0.95952467,0.936454547,0.987157077
18.4,1.080992387,1.084461775,1.034689986,0.959607868,0.938469192,0.989674554
18.42,1.083803382,1.085255718,1.027681107,0.956093473,0.937348062,0.992427278
18.44,1.086185162,1.085871065,1.024725975,0.956449701,0.93977233,0.995226736
18.46,1.088638939,1.086021378,1.017729339,0.95324301,0.939065475,0.998246872
18.48,1.090650116,1.08598559,1.014713184,0.953848236,0.94191846,1.001292537
18.5,1.092677593,1.085586953,1.007770428,0.950918604,0.94163571,1.004540569
18.52,1.094230867,1.08500645,1.004820174,0.951814246,0.944929969,1.007849549
18.54,1.095818989,1.08399821,0.997992119,0.949197731,0.945022247,1.014537005
18.56,1.096985834,1.082806846,0.995166882,0.946574192,0.945494185,1.017961119
18.58,1.101556052,1.081217003,0.992356906,0.944294016,0.946045434,1.021343527
18.6,1.102248424,1.079471912,0.989645306,0.942040714,0.946968957,1.024857377
18.62,1.106292379,1.077380498,0.986983733,0.940136858,0.947963124,1.028363403
18.64,1.106413391,1.075149502,0.984438895,0.938283458,0.949263929,1.031963087
18.66,1.109853261,1.072607621,0.981898609,0.936783372,0.950706875,1.035525076
18.68,1.109332003,1.070026697,0.979492354,0.935296646,0.952441989,1.039206966
18.7,1.112098527,1.067168431,0.977126292,0.934175024,0.954261952,1.042812932
18.72,1.110874993,1.064209521,0.974911809,0.933154717,0.956372145,1.046498081
18.74,1.112996432,1.061001783,0.972704415,0.932494437,0.958569869,1.050071095
18.76,1.11110802,1.057720854,0.970671326,0.931956633,0.961108629,1.05367779
18.78,1.112539898,1.054228144,0.968678251,0.931718094,0.963729932,1.057135586
18.8,1.109943735,1.050691844,0.96680331,0.931630076,0.966680679,1.06400646
18.82,1.110646918,1.046972561,0.964999924,0.931840326,0.966282402,1.067304379
18.84,1.110904648,1.043234183,0.963333403,0.932222019,0.969604259,1.070472314
18.86,1.110929222,1.03936541,0.961769756,0.932883464,0.973224531,1.073543097
18.88,1.110492295,1.035510251,0.956552506,0.930061896,0.976908444,1.076465153
18.9,1.109801096,1.03536218,0.955324189,0.931168946,0.980859174,1.079232374
18.92,1.108658317,1.031306724,0.950474535,0.928791121,0.98492683,1.081880609
18.94,1.107346507,1.030967239,0.949619937,0.930299565,0.98916965,1.084312954
18.96,1.105600107,1.026779721,0.945171238,0.928328384,0.993521258,1.086588706
18.98,1.103595152,1.026321802,0.944723445,0.930322745,0.998030356,1.088668194
19,1.101170523,1.022073976,0.940643937,0.928825768,1.002633411,1.090556933
19.02,1.098485255,1.017878981,0.940578528,0.931311001,1.007435266,1.095758909
19.04,1.099096042,1.013608352,0.936887705,0.930236094,1.008734165,1.097140294
19.06,1.095792848,1.009447999,0.937217864,0.933169933,1.01381778,1.10186896
19.08,1.095787868,1.005245242,0.933943526,0.93258019,1.01527804,1.102718979
19.1,1.091903665,1.0011901,0.934634029,0.936011039,1.020522592,1.10687681
19.12,1.091244135,0.997046882,0.931749311,0.935904838,1.022155921,1.107182403
19.14,1.086815049,0.993082428,0.932837089,0.939774221,1.027560513,1.110765355
19.16,1.085627074,0.989060625,0.930368409,0.940098677,1.029297382,1.110444787
19.18,1.080713043,0.985252719,0.931881744,0.944420149,1.034794805,1.113366268
19.2,1.079053522,0.981412524,0.929853466,0.945178904,1.040379828,1.112340177
19.22,1.073718725,0.977819897,0.93181975,0.946203526,1.045937481,1.114542728
19.24,1.071652078,0.974214946,0.930193668,0.947429622,1.051524052,1.116446651
19.26,1.065886081,0.970889792,0.932565483,0.948916488,1.053353018,1.117921888
19.28,1.063416924,0.967566096,0.931356928,0.950607965,1.058967479,1.119072691
19.3,1.057310445,0.964482203,0.93053263,0.95246512,1.060753229,1.119753192
19.32,1.054512339,0.965045249,0.929809234,0.954580703,1.066300166,1.120179287
19.34,1.0481295,0.962187206,0.929444376,0.956842715,1.067948308,1.120107051
19.36,1.045094585,0.959585907,0.929187574,0.963250702,1.073331076,1.119776034
19.38,1.041934912,0.957049056,0.92540505,0.965936945,1.074834128,1.118919228
19.4,1.038676155,0.954817464,0.925603785,0.97268681,1.080036154,1.117826327
19.42,1.035331289,0.952639846,0.92228534,0.975687601,1.085262805,1.116188552
19.44,1.031927512,0.950729003,0.922964115,0.978790215,1.090150088,1.114348393
19.46,1.028469253,0.948883141,0.920120832,0.982128783,1.095000434,1.11202875
19.48,1.02498165,0.947334961,0.921338711,0.985616072,1.099515866,1.109529563
19.5,1.021479398,0.945796212,0.918956842,0.98924687,1.103950301,1.106465324
19.52,1.017909678,0.94459208,0.920661715,0.993009992,1.108063385,1.103312694
19.54,1.014358577,0.943406433,0.91875845,0.996897971,1.11205726,1.103341174
19.56,1.010776065,0.942584182,0.92096238,1.000898925,1.111922102,1.099534746
19.58,1.00726948,0.941787076,0.919612916,1.005071359,1.115418745,1.098895562
19.6,1.00048206,0.941315305,0.922313921,1.009305901,1.11472182,1.097737696
19.62,0.997062801,0.940868237,0.921457562,1.013685839,1.117617548,1.096483554
19.64,0.990428694,0.940773301,0.924671565,1.018099461,1.116276007,1.094651228
19.66,0.987177522,0.937445188,0.927962067,1.022625824,1.11856962,1.092750881
19.68,0.984027083,0.934155061,0.931712506,1.02724383,1.120736588,1.090295646
19.7,0.980946295,0.931300681,0.931777509,1.02776961,1.122395101,1.087850243
19.72,0.977914971,0.9321513,0.936015547,1.03246109,1.123880459,1.08494883
19.74,0.97497687,0.929749497,0.940215344,1.037206525,1.124800104,1.082020881
19.76,0.972144303,0.927397359,0.94069801,1.041949347,1.125625104,1.078660821
19.78,0.969427253,0.925522431,0.94531129,1.046689312,1.125839682,1.075318529
19.8,0.966832373,0.923673334,0.946184218,1.051375907,1.125942135,1.071579928
19.82,0.964371208,0.922322669,0.951276606,1.056022612,1.125388705,1.067902847
19.84,0.962065849,0.920931354,0.952591853,1.06063534,1.124715018,1.06379054
19.86,0.956718783,0.920069256,0.958073289,1.065161438,1.12333909,1.062969172
19.88,0.9547288,0.919149587,0.959821199,1.069678413,1.121844349,1.058567389
19.9,0.949749452,0.918712598,0.965744888,1.074067215,1.11963061,1.053864743
19.92,0.948136183,0.918288041,0.967903811,1.07838176,1.120919103,1.049306849
19.94,0.943488232,0.918359403,0.974258885,1.082519218,1.122057347,1.04443384
19.96,0.942220937,0.9184397,0.976811922,1.086588168,1.122459425,1.039762274
19.98,0.937951585,0.919036456,0.979250538,1.090485269,1.122732068,1.034821907
20,0.9370093,0.919638548,0.982117449,1.094243601,1.122252997,1.030110239
20.02,0.933095986,0.920756661,0.984923757,1.097758001,1.121739556,1.025166489
20.04,0.932521971,0.921807765,0.988136683,1.101089733,1.120474376,1.020488132
20.06,0.929002859,0.923464903,0.991265602,1.10410225,1.119197999,1.015621735
20.08,0.928773987,0.925042732,0.994857066,1.106891051,1.117173007,1.011051613
20.1,0.925633677,0.927174851,0.998328497,1.109282585,1.1151677,1.006262861
20.12,0.925795018,0.929233037,1.006118218,1.111413968,1.112410474,1.001795719
20.14,0.923066537,0.927988617,1.009927263,1.113175712,1.10970586,0.997151781
20.16,0.92065653,0.930515815,1.018032384,1.114737352,1.106267704,0.995850302
20.18,0.918389007,0.929721792,1.022009258,1.120381773,1.102925088,0.99136417
20.2,0.916478956,0.932780827,1.025755339,1.121239906,1.098912915,0.990164397
20.22,0.914653924,0.932494084,1.02988363,1.126115129,1.095023297,0.985830636
20.24,0.913218124,0.936060277,1.03374696,1.126232473,1.090488272,0.981412066
20.26,0.911870045,0.936322367,1.037950302,1.130335946,1.08950684,0.977275393
20.28,0.910856374,0.940452974,1.041927118,1.12962906,1.084533182,0.973107288
20.3,0.909943399,0.941182102,1.046189989,1.132889608,1.083133231,0.969243886
20.32,0.909387658,0.945811017,1.050183717,1.13129984,1.077718665,0.965385985
20.34,0.908935958,0.947013769,1.054489476,1.133731597,1.07589046,0.961849227
20.36,0.908921944,0.952121468,1.058473011,1.13128928,1.070117659,0.958295168
20.38,0.908945483,0.95377562,1.066797747,1.132841293,1.06795222,0.955083707
20.4,0.90943735,0.955267802,1.070640316,1.129520142,1.061914983,0.951887221
20.42,0.9099669,0.957406712,1.0787759,1.130171395,1.059422919,0.949045044
20.44,0.910967802,0.959366627,1.082424505,1.126025003,1.053126638,0.946185737
20.46,0.912006331,0.961955426,1.090324786,1.12584274,1.050460087,0.943693013
20.48,0.913475643,0.964344707,1.093652979,1.125545976,1.04406005,0.941214334
20.5,0.9149925,0.970712442,1.09651145,1.12448134,1.041328282,0.935889355
20.52,0.913607155,0.973544718,1.099472304,1.123299819,1.038074298,0.933875454
20.54,0.915641323,0.980322401,1.101916556,1.121418598,1.031175493,0.928987318
20.56,0.914774089,0.983521736,1.104382133,1.123413,1.027901775,0.927402131
20.58,0.917344983,0.990682237,1.106380025,1.120576115,1.02099424,0.922969461
20.6,0.917010247,0.994214315,1.1126386,1.121698029,1.017723346,0.921844398
20.62,0.920136913,0.997492347,1.114153439,1.118050091,1.010890152,0.917894497
20.64,0.920341886,1.001327335,1.119860521,1.118365851,1.007633744,0.917202618
20.66,0.924010697,1.004881427,1.120744233,1.114032824,1.000877607,0.913715201
20.68,0.924749445,1.009035664,1.12577189,1.113675616,0.997716214,0.913491423
20.7,0.928908284,1.01286728,1.125904161,1.108719778,0.991119969,0.910491238
20.72,0.930136729,1.020768086,1.1301329,1.107748073,0.988130564,0.910761328
20.74,0.9313122,1.024857075,1.129419133,1.102140511,0.981766859,0.908270654
20.76,0.933013794,1.032984967,1.132855571,1.100522097,0.979015886,0.905940496
20.78,0.934721652,1.037231437,1.131298628,1.0943392,0.975975539,0.903893194
20.8,0.936943493,1.045508293,1.133850022,1.092142201,0.973452056,0.902056758
20.82,0.939164329,1.04982707,1.13592842,1.085460235,0.970675849,0.90050624
20.84,0.941967921,1.053753388,1.137679358,1.082810361,0.968431653,0.899131976
20.86,0.944682183,1.058065793,1.138917675,1.07575286,0.965974484,0.898111107
20.88,0.947974143,1.061935938,1.139770675,1.072747699,0.960172518,0.897282093
20.9,0.951167294,1.066206507,1.140100517,1.069248641,0.958022204,0.896785844
20.92,0.954870363,1.069979227,1.139996757,1.065976859,0.952592638,0.896503238
20.94,0.958528715,1.077753542,1.139391655,1.062165224,0.950821472,0.896495522
20.96,0.959023423,1.081290307,1.1383227,1.058619323,0.945811039,0.896732165
20.98,0.96316674,1.088875809,1.136765311,1.054584076,0.94446251,0.897226865
21,0.964169833,1.092217599,1.134710951,1.050773258,0.939910411,0.897983657
21.02,0.968753305,1.099562838,1.132279385,1.046516083,0.938904388,0.89900144
21.04,0.970164502,1.102572363,1.129337054,1.042596948,0.934737204,0.900301652
21.06,0.975228081,1.109538402,1.126042843,1.038280449,0.934124847,0.901803512
21.08,0.980161725,1.112076313,1.122228685,1.029933779,0.930383262,0.900525744
21.1,0.985646598,1.118534352,1.12250394,1.025621031,0.930181929,0.902578568
21.12,0.991022731,1.124293988,1.117858163,1.017367648,0.926863349,0.901788247
21.14,0.993108029,1.130182135,1.117226001,1.013164447,0.923492033,0.904412476
21.16,0.998835074,1.135399858,1.116269523,1.008694171,0.92062507,0.904142915
21.18,1.001284665,1.136104329,1.114727414,1.004637259,0.917759317,0.90724752
21.2,1.007369127,1.140716604,1.112906222,1.000275648,0.915399172,0.907460032
21.22,1.010096714,1.140735218,1.110603777,0.996352555,0.913065747,0.911071273
21.24,1.016456561,1.144609215,1.108077126,0.992174166,0.911236448,0.911835228
21.26,1.019395633,1.143817366,1.105094399,0.988460663,0.909405427,0.916015663
21.28,1.026025045,1.146830022,1.101840873,0.984538262,0.908087023,0.91727158
21.3,1.032388665,1.145212974,1.098152203,0.981021337,0.906792606,0.918799487
21.32,1.039181345,1.147380432,1.094333863,0.977335905,0.905956114,0.920644346
21.34,1.045713566,1.148851175,1.090121541,0.97407803,0.905161011,0.922689276
21.36,1.048628738,1.150140046,1.085853854,0.970693166,0.904825674,0.925068408
21.38,1.055178984,1.150694371,1.081235742,0.96363248,0.904556699,0.927621409
21.4,1.058099311,1.151005298,1.080733972,0.960587795,0.90472769,0.930503273
21.42,1.064618029,1.15057305,1.075704816,0.95393403,0.904934133,0.933549815
21.44,1.067425024,1.149965836,1.074801883,0.951301696,0.905591703,0.936928844
21.46,1.073793186,1.148622434,1.069453997,0.945102694,0.906368001,0.940519112
21.48,1.079732889,1.146963369,1.063756397,0.942869485,0.9075324,0.944254129
21.5,1.085974896,1.149082,1.058147306,0.937096343,0.905662133,0.948309422
21.52,1.09172886,1.146378237,1.052268003,0.935288662,0.907389017,0.952543577
21.54,1.097731011,1.147433468,1.046532456,0.929963639,0.9060272,0.957087754
21.56,1.103181531,1.143673781,1.040582845,0.928603369,0.904801774,0.961796395
21.58,1.108794341,1.143662881,1.034732162,0.927249099,0.904013579,0.96685127
21.6,1.113865423,1.143043832,1.028712444,0.926313982,0.903339626,0.971968773
21.62,1.114918787,1.142057044,1.022881275,0.925349572,0.903110525,0.977426211
21.64,1.119509732,1.140473201,1.017003589,0.924812096,0.906565471,0.982962808
21.66,1.123511024,1.138521929,1.011346805,0.920726823,0.90686485,0.985314551
21.68,1.127456184,1.136035341,1.00560036,0.916741887,0.910863703,0.991272971
21.7,1.130816913,1.13318617,1.003973193,0.913177931,0.911721369,0.993975298
21.72,1.134128865,1.129848905,0.998341063,0.909704246,0.912727658,1.000278811
21.74,1.136811452,1.126188291,0.996836925,0.910167077,0.914133751,1.006592081
21.76,1.13935644,1.122096317,0.991397788,0.907188343,0.915895098,1.01320301
21.78,1.141239018,1.117709576,0.990025263,0.904640572,0.917822318,1.019781803
21.8,1.146522067,1.112940772,0.984779205,0.902217823,0.920149011,1.022997264
21.82,1.147552937,1.107922905,0.979517816,0.900167412,0.922646673,1.029803169
21.84,1.151922901,1.106657898,0.974495345,0.898256293,0.925521278,1.033173104
21.86,1.151973691,1.101114434,0.969517982,0.896715703,0.928581838,1.040182404
21.88,1.155333919,1.099349456,0.964804726,0.895339699,0.931952281,1.043669046
21.9,1.154322632,1.093287802,0.96017879,0.89433165,0.935586856,1.050772532
21.92,1.156673649,1.091018616,0.955833322,0.893455402,0.93951632,1.054335024
21.94,1.154620244,1.08453905,0.951614279,0.892956897,0.943653244,1.061479043
21.96,1.155892326,1.081876669,0.947685251,0.892615251,0.948143026,1.068511008
21.98,1.156470136,1.075093751,0.943919289,0.892593962,0.949317837,1.071880415
22,1.156597063,1.072077645,0.940447504,0.892764438,0.954322794,1.078837816
22.02,1.156107329,1.065022281,0.93709524,0.893300563,0.956028563,1.08203878
22.04,1.155136285,1.061835597,0.93398223,0.893984289,0.961576267,1.088785128
22.06,1.153560567,1.054603513,0.931032622,0.895041916,0.963789162,1.091676366
22.08,1.151567963,1.051252852,0.924480487,0.896271668,0.96986577,1.098134858
22.1,1.148999386,1.047790448,0.922030067,0.897855836,0.972493524,1.10063591
22.12,1.145999479,1.040470663,0.916028239,0.89970145,0.979069197,1.106647057
22.14,1.146306696,1.036984244,0.91404556,0.898051545,0.982141012,1.112281791
22.16,1.142270657,1.02965625,0.912328279,0.90051367,0.985476475,1.117688117
22.18,1.141559191,1.026171514,0.910795004,0.89949253,0.989034795,1.122804476
22.2,1.13654411,1.018947548,0.909559233,0.902525444,0.992747292,1.127604104
22.22,1.134866965,1.015497879,0.908509837,0.902075944,1.000425031,1.132048321
22.24,1.129025965,1.008380884,0.907788803,0.90194497,1.004507956,1.13609512
22.26,1.126546991,1.005055158,0.907252907,0.902124378,1.012534199,1.139728337
22.28,1.119966682,0.998136836,0.90699289,0.902614785,1.016901662,1.146666206
22.3,1.116769198,0.995019381,0.906927948,0.90723208,1.021477002,1.14932006
22.32,1.109468913,0.988296892,0.903369893,0.908252687,1.026171123,1.155293418
22.34,1.105647219,0.985379464,0.900178148,0.913404409,1.031033274,1.156914087
22.36,1.097806846,0.982586216,0.897168451,0.914987643,1.036039393,1.161796378
22.38,1.093380882,0.976325065,0.894510338,0.920655016,1.041160487,1.162348637
22.4,1.088626531,0.973881653,0.892027001,0.922744713,1.046373727,1.166206622
22.42,1.083647556,0.967962854,0.889918499,0.928952245,1.051566877,1.16569785
22.44,1.078474189,0.965866497,0.888048463,0.931560286,1.060746793,1.168446101
22.46,1.073143027,0.960279771,0.886571594,0.934422375,1.065944298,1.166807172
22.48,1.067580762,0.958528886,0.885261955,0.93757661,1.075071213,1.168390632
22.5,1.061913094,0.953338126,0.884362319,0.940983044,1.080206691,1.169513522
22.52,1.056072555,0.951914947,0.883624182,0.94475569,1.085361574,1.169941819
22.54,1.050192685,0.947097344,0.883254864,0.948685903,1.090324427,1.169986189
22.56,1.044186855,0.942597805,0.883056301,0.952974426,1.09524016,1.169217868
22.58,1.041656739,0.938251948,0.883232882,0.957407399,1.099965128,1.168070667
22.6,1.035531249,0.934275406,0.883578708,0.962199972,1.104585579,1.166103012
22.62,1.032903629,0.930456886,0.88439233,0.967189143,1.11315014,1.163786041
22.64,1.026681172,0.926973215,0.885294399,0.968294881,1.117368943,1.160744937
22.66,1.023969146,0.923660686,0.886702287,0.973774033,1.125453722,1.157400683
22.68,1.017747236,0.920711916,0.888173245,0.975386267,1.129083038,1.153335099
22.7,1.01497429,0.917869962,0.890107015,0.981381438,1.136517584,1.149001043
22.72,1.008831543,0.915423155,0.892113231,0.983449234,1.139563338,1.147952968
22.74,1.002701164,0.913087658,0.894608389,0.989903201,1.14236103,1.146106417
22.76,0.99671683,0.911159238,0.897168595,0.996449222,1.144722086,1.144102295
22.78,0.990806193,0.909280661,0.89615304,1.003257909,1.146813622,1.141331159
22.8,0.985077023,0.907848214,0.899331439,1.010178467,1.152705603,1.138456995
22.82,0.979468311,0.903139445,0.898848483,1.012984827,1.153916925,1.134873249
22.84,0.977376516,0.902258781,0.902585174,1.020248472,1.15884754,1.131158933
22.86,0.972003177,0.898132426,0.902687218,1.023319187,1.159192656,1.126860777
22.88,0.970152259,0.89777866,0.907031445,1.030758921,1.163210785,1.122502583
22.9,0.965080443,0.894203897,0.90771936,1.033997903,1.162571229,1.117609481
22.92,0.963538067,0.894414492,0.912608217,1.041584676,1.165551086,1.11272102
22.94,0.958829066,0.891478966,0.913826204,1.044881063,1.163816413,1.107262401
22.96,0.954258588,0.8923341,0.919348029,1.052505088,1.165743773,1.105196352
22.98,0.949891536,0.88996679,0.921161137,1.060061537,1.162921487,1.09929152
23,0.945719391,0.891415462,0.922994545,1.067660036,1.163759888,1.092852738
23.02,0.941699415,0.889648602,0.925436956,1.075107363,1.168275415,1.086649275
23.04,0.937889663,0.891624408,0.927882019,1.078016198,1.167954669,1.080021106
23.06,0.934251086,0.8904024,0.930946043,1.08537092,1.17125308,1.073601077
23.08,0.930857366,0.892943362,0.933893212,1.08807512,1.169787302,1.066809601
23.1,0.927646467,0.892290653,0.941272267,1.095182161,1.171832583,1.060287524
23.12,0.924713004,0.891625473,0.944762334,1.097729841,1.169101019,1.053456796
23.14,0.918836297,0.891542116,0.952599548,1.104634481,1.169871751,1.050080616
23.16,0.916364108,0.891497741,0.956511732,1.10686549,1.165884141,1.043241628
23.18,0.910936786,0.892048943,0.96486833,1.113397136,1.165499357,1.03986909
23.2,0.908930932,0.892563628,0.969241217,1.119713189,1.16039933,1.03311558
23.22,0.903999787,0.893710404,0.973510559,1.125674685,1.158932038,1.029767736
23.24,0.90249624,0.894816498,0.978431196,1.131332827,1.152878968,1.023110067
23.26,0.898091364,0.896544427,0.983207678,1.136616504,1.150478851,1.019877014
23.28,0.897060339,0.894991084,0.988530326,1.141532367,1.143452299,1.013331376
23.3,0.896400079,0.897353137,0.993664671,1.146064267,1.140167177,1.00662166
23.32,0.895833713,0.89968213,0.999319517,1.150177378,1.135930482,1.000343001
23.34,0.892403992,0.902680506,1.004844095,1.153795165,1.131691052,0.993969588
23.36,0.892365005,0.905608963,1.010847325,1.157054876,1.126528544,0.988035506
23.38,0.889421656,0.909232385,1.016679682,1.164501058,1.121441985,0.981977585
23.4,0.886879277,0.912780455,1.022305975,1.166832792,1.115584624,0.979386968
23.42,0.88449794,0.912900316,1.02835722,1.17328346,1.109882627,0.973653268
23.44,0.882556259,0.917022671,1.034138189,1.174541839,1.103382119,0.97132432
23.46,0.88075176,0.917755267,1.040370168,1.179958361,1.097169809,0.965906292
23.48,0.879348796,0.922432423,1.046273856,1.180129327,1.090225017,0.963902888
23.5,0.878093555,0.923706588,1.052568137,1.184403588,1.083637993,0.958861923
23.52,0.877262425,0.928957211,1.058479914,1.183382439,1.076384762,0.953843978
23.54,0.876577987,0.930777115,1.064708899,1.18641784,1.072857651,0.949216821
23.56,0.876383547,0.93667062,1.070579798,1.184222747,1.065319905,0.944607441
23.58,0.876262392,0.939007191,1.076678714,1.186077574,1.061542231,0.940411381
23.6,0.876667883,0.945458012,1.082355248,1.182574012,1.053757107,0.936267931
23.62,0.877142774,0.948380805,1.09257455,1.183182799,1.049750033,0.932546474
23.64,0.878105839,0.951143148,1.097998026,1.183416172,1.041835342,0.92890998
23.66,0.879149445,0.954670029,1.103029027,1.1827599,1.037661351,0.925698929
23.68,0.880686027,0.957994026,1.108152061,1.181821507,1.029666056,0.922539212
23.7,0.882294501,0.962053925,1.112813327,1.179981599,1.025501845,0.916492639
23.72,0.884423778,0.96588783,1.117464108,1.177895579,1.02086736,0.913849784
23.74,0.886607445,0.973965369,1.121584784,1.174903078,1.016749815,0.908365548
23.76,0.885827599,0.978313263,1.125699693,1.171731479,1.012136686,0.906288076
23.78,0.888597612,0.986813818,1.12921436,1.167750685,1.00807249,0.901374399
23.8,0.888454144,0.991598821,1.137113628,1.163653445,1.003573066,0.89981469
23.82,0.88884291,0.99603814,1.139827517,1.158678482,0.999577781,0.898417572
23.84,0.889316881,1.001230125,1.146949118,1.153719199,0.995196374,0.897367972
23.86,0.890334286,1.00604034,1.148790914,1.147921079,0.987281023,0.89650939
23.88,0.891431616,1.01157801,1.154974337,1.146292512,0.983183612,0.895979807
23.9,0.896131805,1.016763396,1.155777401,1.139697177,0.975644737,0.892631782
23.92,0.897817531,1.022649096,1.160877784,1.137187723,0.971848677,0.889495506
23.94,0.903134693,1.028134379,1.160726185,1.129872451,0.967808591,0.886749164
23.96,0.905464643,1.037874698,1.164825669,1.126682125,0.964306611,0.884196097
23.98,0.907744184,1.043504123,1.168306732,1.11880204,0.960608499,0.882041362
24,0.910696691,1.048664539,1.171261161,1.115099911,0.957464027,0.880082742
24.02,0.913590762,1.054437849,1.17354708,1.106704986,0.954093505,0.878520312
24.04,0.917076687,1.059677673,1.175331655,1.102579914,0.951288761,0.87717602
24.06,0.920564032,1.065464027,1.176444772,1.093869894,0.948301663,0.876168183
24.08,0.924647399,1.070656707,1.176983324,1.089354586,0.942037534,0.87541205
24.1,0.928723436,1.076317535,1.176950688,1.08420005,0.939544411,0.874972871
24.12,0.933469414,1.081398937,1.176297027,1.079338762,0.933763845,0.874806386
24.14,0.93810565,1.090675917,1.174985906,1.073979891,0.931698599,0.874959204
24.16,0.939609913,1.095580223,1.173014087,1.068972537,0.926396272,0.875406999
24.18,0.944903021,1.10470315,1.170414875,1.063430972,0.92481082,0.876095025
24.2,0.946935478,1.109328136,1.167226111,1.058285294,0.920025495,0.877112917
24.22,0.952787396,1.118114395,1.163460074,1.052672192,0.91895618,0.878372153
24.24,0.955397558,1.122279438,1.16393043,1.047411769,0.91471934,0.879923305
24.26,0.961839251,1.12569998,1.159083372,1.041762362,0.914197084,0.881783725
24.28,0.968142462,1.129375131,1.158458404,1.031942438,0.910481075,0.880798661
24.3,0.975073435,1.132246742,1.157137381,1.026440331,0.90672417,0.883248756
24.32,0.981819226,1.139273061,1.155378309,1.020626365,0.903521763,0.88283869
24.34,0.985171519,1.141422837,1.152956212,1.015289211,0.900326968,0.885890529
24.36,0.992357172,1.14763649,1.150159549,1.009691242,0.897684924,0.886109031
24.38,0.996085426,1.149075462,1.146717981,1.004603368,0.895023564,0.889809808
24.4,1.003625943,1.154520331,1.14297409,0.999311045,0.892924568,0.890601807
24.42,1.007700169,1.15509043,1.138622491,0.994551195,0.890833993,0.89490368
24.44,1.015572543,1.159595126,1.134046504,0.989549488,0.889250387,0.896286257
24.46,1.019904997,1.163276167,1.129000197,0.985095958,0.887711193,0.901208087
24.48,1.023885105,1.166661959,1.123827721,0.980451462,0.886678989,0.903196912
24.5,1.031750896,1.169164537,1.118121586,0.976370393,0.885779713,0.905411209
24.52,1.035939957,1.171406466,1.112351369,0.972083131,0.885375249,0.908021581
24.54,1.043972415,1.172749012,1.106107164,0.964042476,0.88505731,0.910851515
24.56,1.048236135,1.17374201,1.104104145,0.960161221,0.881654004,0.914091954
24.58,1.056388781,1.173926598,1.097331051,0.956170452,0.881972263,0.917513563
24.6,1.060664744,1.173721832,1.094831603,0.952709516,0.87917312,0.921356682
24.62,1.06879532,1.172697827,1.08769013,0.949182221,0.880119077,0.925373145
24.64,1.076476745,1.171221453,1.084847399,0.946114677,0.877952282,0.926345165
24.66,1.084486823,1.168952632,1.077441597,0.943021341,0.879488865,0.930969275
24.68,1.091958711,1.170588223,1.074346516,0.940398014,0.877908626,0.932512879
24.7,1.095449065,1.16713855,1.066813142,0.937787564,0.88005358,0.937715782
24.72,1.102665714,1.167550965,1.058950967,0.935651451,0.879084314,0.943055604
24.74,1.105790265,1.167555074,1.051365735,0.933481793,0.878582571,0.948775168
24.76,1.112595003,1.166772676,1.043545217,0.927757408,0.878283129,0.954659959
24.78,1.115216223,1.165563792,1.040098845,0.926046511,0.878367039,0.960911179
24.8,1.121448776,1.163608435,1.032434946,0.920837947,0.878684973,0.967309189
24.82,1.127022003,1.161134425,1.029055764,0.919649634,0.879383569,0.970486699
24.84,1.132673995,1.158078265,1.021537446,0.914991842,0.880275942,0.977364738
24.86,1.137582565,1.154526834,1.01831897,0.914361276,0.881599279,0.980968871
24.88,1.142455609,1.150456261,1.011046796,0.910227124,0.883127743,0.988347102
24.9,1.146511841,1.145917184,1.008079949,0.910137848,0.885022255,0.992378238
24.92,1.150415376,1.140824983,1.001042142,0.906568131,0.887213168,1.000188652
24.94,1.153633865,1.135383565,0.998306914,0.906991219,0.88975739,1.008004309
24.96,1.16037839,1.129478292,0.991576813,0.903965681,0.88910592,1.012346342
24.98,1.162599368,1.123289662,0.989062758,0.90494355,0.892296723,1.020447319
25,1.168252983,1.116806691,0.98261902,0.902472178,0.892252839,1.025062681
25.02,1.169297541,1.109987783,0.976196231,0.904018218,0.896075928,1.033414847
25.04,1.173818215,1.107138929,0.970175176,0.902049151,0.896642425,1.038194744
25.06,1.173669923,1.099726264,0.964242799,0.900238698,0.901107121,1.046759149
25.08,1.176957294,1.096213126,0.962522588,0.898860403,0.902264457,1.051648496
25.1,1.179506567,1.088318627,0.956976567,0.897696218,0.907349796,1.056406934
25.12,1.181545499,1.084404705,0.955578813,0.896960805,0.912753111,1.065003278
25.14,1.182804824,1.076214461,0.950421616,0.892814075,0.914791928,1.06978403
25.16,1.18350256,1.072034824,0.949414781,0.892725379,0.920771698,1.07834593
25.18,1.183418537,1.063581012,0.944684138,0.889219402,0.923356626,1.082982137
25.2,1.182823889,1.05915407,0.940088776,0.88978567,0.929916811,1.091351572
25.22,1.181470697,1.054575066,0.9358105,0.886912268,0.933045134,1.095755583
25.24,1.17956863,1.049937269,0.931725167,0.888131457,0.940167707,1.103828898
25.26,1.177051675,1.045201073,0.927963751,0.885845079,0.943812313,1.107817323
25.28,1.173977096,1.040467626,0.924431088,0.887688146,0.951480958,1.115408299
25.3,1.170218158,1.03570006,0.921223058,0.886018548,0.955689383,1.122704597
25.32,1.169859674,1.030985732,0.918278247,0.888508244,0.960127663,1.125824118
25.34,1.164879319,1.026222835,0.915590963,0.887479223,0.964816046,1.132576479
25.36,1.163385949,1.017609886,0.913209479,0.890619082,0.969761694,1.135032597
25.38,1.161276918,1.013013376,0.911064109,0.890232211,0.974930019,1.14105035
25.4,1.158646267,1.004581305,0.90919012,0.894043581,0.980329087,1.142675124
25.42,1.155518483,1.00017118,0.907562249,0.894317376,0.989883431,1.147872567
25.44,1.151840009,0.99201026,0.906236645,0.894866698,0.995632568,1.152650414
25.46,1.147685146,0.987878855,0.901337053,0.895802905,1.001569166,1.156964166
25.48,1.143077564,0.983891697,0.900621188,0.896987596,1.007690727,1.160772373
25.5,1.138039978,0.979961758,0.896367465,0.898490503,1.013952572,1.164005887
25.52,1.132735329,0.976220868,0.896302756,0.900314149,1.020356462,1.166679991
25.54,1.126955393,0.972568699,0.89264638,0.902463414,1.026927454,1.168778909
25.56,1.120973748,0.969152159,0.893199762,0.904856815,1.033579568,1.170287741
25.58,1.114578155,0.962140837,0.890173114,0.907671766,1.04034781,1.171124946
25.6,1.111767234,0.95909113,0.891281196,0.910711381,1.047210981,1.171341776
25.62,1.104906439,0.952520936,0.88883229,0.91411377,1.05412271,1.174943575
25.64,1.101569602,0.949914851,0.890533967,0.917742906,1.061053075,1.173962102
25.66,1.094294983,0.943839824,0.888686063,0.917628902,1.067976032,1.176339803
25.68,1.090581883,0.941726933,0.89101007,0.921861313,1.074822576,1.174104906
25.7,1.082941357,0.936112625,0.889699918,0.922309451,1.081576041,1.175292353
25.72,1.078964092,0.934460892,0.89259824,0.927134187,1.088187832,1.171764614
25.74,1.071163354,0.929349227,0.891934569,0.932230639,1.094710021,1.171629147
25.76,1.063201379,0.928132329,0.891395154,0.937669403,1.101127715,1.170636156
25.78,1.055321139,0.923487543,0.891383019,0.943267766,1.107346734,1.169203378
25.8,1.047368733,0.919209156,0.891486753,0.949287825,1.113402489,1.166892739
25.82,1.042975367,0.91510178,0.892055779,0.955439165,1.119145183,1.164272896
25.84,1.034985373,0.911407779,0.892749713,0.962011971,1.124646133,1.165001708
25.86,1.030585335,0.907880971,0.89393497,0.968696479,1.129976779,1.161227509
25.88,1.022706491,0.9047238,0.89524233,0.971329147,1.134851503,1.160810053
25.9,1.018509238,0.901736073,0.897068696,0.978521516,1.139464575,1.155845957
25.92,1.010824762,0.899148639,0.898984625,0.981584318,1.143605209,1.154335757
25.94,1.006827492,0.896663081,0.901448534,0.98922659,1.147427502,1.14835773
25.96,0.999421703,0.894618822,0.903996637,0.992743407,1.150656807,1.145859658
25.98,0.995630655,0.889280422,0.907112553,1.000843253,1.15350627,1.139059607
26,0.991893008,0.887785968,0.906538794,1.009010691,1.160280757,1.135675565
26.02,0.984819214,0.886794975,0.90607153,1.012896373,1.162181794,1.131606716
26.04,0.981406552,0.885833364,0.909914616,1.021360986,1.167928932,1.127415796
26.06,0.974761802,0.881620283,0.910045996,1.025478427,1.168728714,1.122597067
26.08,0.971702529,0.881251577,0.914505857,1.034172201,1.173309979,1.117813966
26.1,0.965448564,0.877640222,0.915228554,1.038422484,1.172868307,1.112369412
26.12,0.962786973,0.877886887,0.920390077,1.047319304,1.176252011,1.107021987
26.14,0.956985101,0.874829519,0.921691893,1.051659184,1.174564419,1.101081255
26.16,0.954776318,0.87566084,0.927484501,1.060625864,1.176653973,1.095218938
26.18,0.949400289,0.873193032,0.929456385,1.065010435,1.173723589,1.088895271
26.2,0.944289355,0.874624974,0.935859429,1.073982478,1.174546058,1.086053149
26.22,0.939375777,0.872751679,0.938418063,1.082797375,1.175053876,1.07941996
26.24,0.934787623,0.874794152,0.940904671,1.086953209,1.174564367,1.072340299
26.26,0.930404782,0.87353422,0.944002303,1.095637371,1.177733006,1.065521661
26.28,0.926287419,0.876190658,0.947070927,1.099545865,1.175897368,1.058409265
26.3,0.922383396,0.875471878,0.950740496,1.107953616,1.177713534,1.051616808
26.32,0.91877823,0.878709771,0.954362972,1.111463308,1.174541598,1.044505022
26.34,0.915390675,0.878634603,0.958662998,1.119414498,1.175107761,1.037755507
26.36,0.912268791,0.879148706,0.962881175,1.122340753,1.170620233,1.030753641
26.38,0.9094956,0.879705024,0.967759674,1.12985051,1.169864281,1.027265878
26.4,0.90689725,0.880877382,0.972509704,1.132214508,1.164193378,1.020337775
26.42,0.904693087,0.882011216,0.981920907,1.13909327,1.16229633,1.016944483
26.44,0.902664983,0.879783037,0.987136113,1.145552443,1.155548278,1.010112317
26.46,0.901059486,0.881571029,0.992184827,1.151602965,1.152600268,1.006825315
26.48,0.899607109,0.880047129,0.997842114,1.157347474,1.144868067,1.000182602
26.5,0.898540637,0.8825351,1.003278517,1.162574262,1.140971517,0.993308202
26.52,0.897637507,0.881616048,1.009286424,1.167424821,1.13616983,0.986917751
26.54,0.897129804,0.8847539,1.015036207,1.17163606,1.131457783,0.98036968
26.56,0.893694517,0.887810003,1.021402765,1.175431508,1.125894174,0.977424382
26.58,0.890406594,0.891550785,1.027471392,1.178469741,1.120496613,0.971286929
26.6,0.887552922,0.895188896,1.034111893,1.181048042,1.114215437,0.968658491
26.62,0.884857142,0.899536461,1.040402296,1.182868663,1.10824336,0.962892275
26.64,0.882617619,0.90383927,1.051462928,1.184210502,1.101460276,0.960642928
26.66,0.88053229,0.904609761,1.057929468,1.189796245,1.094957332,0.955249157
26.68,0.878931916,0.909536604,1.064038252,1.189882259,1.087724825,0.953380501
26.7,0.877458542,0.910913988,1.070573444,1.19415045,1.080852803,0.948347547
26.72,0.87649327,0.916462036,1.076776685,1.192869246,1.073397902,0.943350312
26.74,0.875648202,0.91840762,1.083319635,1.195730587,1.069862778,0.938786687
26.76,0.875252383,0.92455917,1.089462367,1.193019781,1.062146958,0.934313707
26.78,0.874986096,0.927072974,1.095949763,1.194544393,1.058366225,0.930278849
26.8,0.875193982,0.933800969,1.101954231,1.190506185,1.050514458,0.926367905
26.82,0.875464338,0.936850196,1.108206552,1.190685367,1.046526782,0.922895124
26.84,0.876306273,0.944144303,1.1138975,1.185415709,1.038562732,0.919447379
26.86,0.87719876,0.947787234,1.124248634,1.184368144,1.034557706,0.916453642
26.88,0.878618411,0.951170391,1.129519034,1.177927876,1.026671424,0.913516695
26.9,0.880100027,0.955317811,1.139352997,1.175713976,1.022757348,0.90768623
26.92,0.882111915,0.95918787,1.143982122,1.173250705,1.018310631,0.905342694
26.94,0.884168889,0.963810982,1.148014733,1.169849141,1.014446154,0.900145867
26.96,0.886784254,0.968201015,1.152013708,1.166264467,1.010112487,0.898435873
26.98,0.88943182,0.976886798,1.155344379,1.161758914,1.00201466,0.89383471
27,0.889073481,0.981695824,1.158539245,1.161524539,0.997863267,0.892709659
27.02,0.892375987,0.990873581,1.160999899,1.156022829,0.990054894,0.888694916
27.04,0.892649387,0.996092364,1.167972888,1.154812112,0.986114457,0.88810033
27.06,0.893559776,1.000945992,1.169497601,1.148535676,0.978588132,0.887700848
27.08,0.894510686,1.006503865,1.175438398,1.146578247,0.974938769,0.884379825
27.1,0.899101352,1.01164353,1.175843057,1.139529522,0.971038885,0.881446353
27.12,0.900627907,1.017461587,1.180715876,1.136811291,0.967769584,0.878735535
27.14,0.905871693,1.022889543,1.179986825,1.129125904,0.964195564,0.876413256
27.16,0.907946347,1.032699529,1.183663075,1.1257686,0.961203622,0.874341532
27.18,0.910021999,1.038286743,1.181804256,1.11753833,0.957960716,0.872651248
27.2,0.912766217,1.04822137,1.184311601,1.113670048,0.951275743,0.871153736
27.22,0.915490226,1.053832879,1.181227016,1.109080164,0.948490223,0.870026561
27.24,0.918900461,1.063847567,1.182462431,1.104753716,0.942255568,0.869114909
27.26,0.922199332,1.069421216,1.183050711,1.099740542,0.939918554,0.868571541
27.28,0.926208325,1.074404851,1.183047676,1.09507196,0.934180261,0.868266893
27.3,0.930156619,1.079932773,1.182393293,1.08978708,0.932338939,0.868267656
27.32,0.934704033,1.084793529,1.181091874,1.079980867,0.927138433,0.868603089
27.34,0.939186428,1.09406458,1.184090438,1.074632972,0.92574713,0.869232005
27.36,0.940383716,1.098621831,1.181393056,1.0647872,0.921046655,0.870155095
27.38,0.945480907,1.107542654,1.18309146,1.05940593,0.920082558,0.871362342
27.4,0.947247366,1.111718377,1.179132569,1.049706924,0.9158481,0.87288809
27.42,0.95291416,1.120189423,1.179436776,1.044378855,0.911511069,0.874633687
27.44,0.955197531,1.123919457,1.174217677,1.038660208,0.907833933,0.876713892
27.46,0.961399815,1.131890694,1.173282735,1.033411183,0.904103672,0.879073611
27.48,0.96749316,1.134993292,1.166898018,1.02783757,0.90097229,0.878456334
27.5,0.974234124,1.142281201,1.164813357,1.022771091,0.897826973,0.881425554
27.52,0.980822061,1.148740472,1.157356262,1.017338805,0.895260576,0.881409746
27.54,0.983947316,1.155225326,1.154344825,1.01243985,0.892707854,0.884942015
27.56,0.990978117,1.16078768,1.14605786,1.007235819,0.890728262,0.885529725
27.58,0.994481456,1.166254897,1.142239461,1.00259316,0.888730607,0.889683937
27.6,1.001893826,1.17073752,1.133114875,0.997701193,0.887312709,0.890881871
27.62,1.005702512,1.175136975,1.128471535,0.988760504,0.885903881,0.895680316
27.64,1.013489622,1.178512595,1.123262713,0.984224966,0.885047018,0.897435692
27.66,1.020992834,1.181690921,1.117941666,0.975736193,0.884227423,0.899483749
27.68,1.02903835,1.183841459,1.112115228,0.971558456,0.880201472,0.901903777
27.7,1.03680391,1.190037668,1.106225508,0.967182579,0.879977607,0.904519972
27.72,1.040698895,1.191038869,1.09990198,0.963357557,0.876574335,0.907594362
27.74,1.048539228,1.196024994,1.093613349,0.959382523,0.876923675,0.910825265
27.76,1.0524867,1.195762518,1.086958621,0.955971413,0.874112048,0.914450356
27.78,1.06033785,1.199431679,1.080411246,0.952454691,0.875068124,0.918293861
27.8,1.064194015,1.197823407,1.073443909,0.949507268,0.872806875,0.92253141
27.82,1.071911009,1.20022719,1.066640895,0.94649527,0.874343318,0.926977438
27.84,1.079114002,1.197356546,1.059489498,0.93977146,0.872665817,0.928299152
27.86,1.086604229,1.198483001,1.056737626,0.937284533,0.874785722,0.933345854
27.88,1.093486391,1.194336949,1.049408117,0.931083233,0.873678856,0.935236789
27.9,1.10067493,1.194195443,1.04650501,0.929126582,0.876389776,0.940877415
27.92,1.107272469,1.18879753,1.039129592,0.923493726,0.875874062,0.946624128
27.94,1.114067916,1.187400926,1.036196997,0.922103109,0.875814187,0.952804134
27.96,1.120206484,1.185256561,1.028782274,0.917068715,0.87594921,0.9590459
27.98,1.125698975,1.182725998,1.025836538,0.916192564,0.876535668,0.961978415
28,1.131232682,1.179507481,1.018508578,0.911713786,0.87733875,0.968761837
28.02,1.136116904,1.175909828,1.015658594,0.91139105,0.878504719,0.97208195
28.04,1.140929036,1.171687414,1.008519425,0.907493244,0.879920908,0.979269796
28.06,1.145022197,1.166988439,1.005760396,0.907750611,0.881696562,0.983000232
28.08,1.149049218,1.161827427,0.998790363,0.904454476,0.883675449,0.99059572
28.1,1.152303723,1.156230659,0.991741275,0.901254651,0.88608595,0.994664675
28.12,1.155380231,1.154712816,0.989159179,0.898476619,0.88868955,1.002671473
28.14,1.157623989,1.148244742,0.982511027,0.895859948,0.891651948,1.010638114
28.16,1.16351505,1.14578863,0.980224414,0.89366368,0.891329044,1.015036449
28.18,1.164727362,1.138588364,0.97393255,0.891590594,0.894956693,1.023350969
28.2,1.169612826,1.135441951,0.972006091,0.889931018,0.895187961,1.027907446
28.22,1.16974459,1.127655348,0.966136262,0.888421471,0.899411098,1.036361665
28.24,1.173486727,1.123955178,0.964629264,0.887395305,0.90021177,1.041042521
28.26,1.172415259,1.11560971,0.959163442,0.886539564,0.905027492,1.049586021
28.28,1.175016957,1.111370927,0.958060553,0.886093816,0.906391819,1.054259577
28.3,1.176784348,1.102603318,0.952965214,0.885857405,0.911802003,1.058749562
28.32,1.178143798,1.098085352,0.952228534,0.886024159,0.913797205,1.067068839
28.34,1.178640225,1.089147923,0.947552953,0.886360778,0.916090159,1.071457498
28.36,1.178690531,1.084376072,0.943075902,0.88710931,0.918636351,1.07960695
28.38,1.177995052,1.079435056,0.938928652,0.888015659,0.921474498,1.083718079
28.4,1.176824648,1.074441722,0.935036648,0.889332496,0.928417264,1.091539741
28.42,1.174946132,1.069344323,0.931470275,0.887056074,0.931828255,1.095228871
28.44,1.172566079,1.064255883,0.928034659,0.889002538,0.939346352,1.102653746
28.46,1.16951199,1.059108132,0.924922121,0.887361699,0.94320324,1.105827641
28.48,1.165939675,1.049871451,0.921973246,0.889967122,0.951268552,1.112782922
28.5,1.165874752,1.044836633,0.919330069,0.888909408,0.955610027,1.119412836
28.52,1.161071182,1.035721405,0.916883689,0.892137868,0.960153674,1.125814132
28.54,1.159910797,1.03081321,0.914741192,0.891693073,0.964970912,1.131795265
28.56,1.154079073,1.021914555,0.912827691,0.895475133,0.969954346,1.137435439
28.58,1.151796991,1.017233367,0.907234842,0.895584092,0.97518899,1.142695733
28.6,1.14897065,1.012622515,0.905938553,0.900003249,0.980631306,1.143443715
28.62,1.145610333,1.00810211,0.900931622,0.90065225,0.986288717,1.147877415
28.64,1.141874415,1.003697564,0.900235848,0.905656259,0.992096666,1.147794565
28.66,1.137648289,0.999417511,0.895845039,0.906875047,1.002143358,1.151333886
28.68,1.133117866,0.995302935,0.895770425,0.908331171,1.008188625,1.154407712
28.7,1.128143762,0.987446886,0.892012298,0.91018708,1.014331914,1.156903302
28.72,1.126746893,0.983664263,0.892466456,0.912259904,1.020548973,1.158977982
28.74,1.121063899,0.976218642,0.889262092,0.914728968,1.026821501,1.1604166
28.76,1.11899851,0.972848993,0.890281239,0.917405935,1.033188916,1.161400864
28.78,1.11274474,0.965874323,0.88765108,0.920416308,1.039552818,1.161668593
28.8,1.110140069,0.962972757,0.889260541,0.923708802,1.045944701,1.161464501
28.82,1.103345155,0.956430261,0.887154383,0.927334984,1.052277596,1.16058049
28.84,1.100307476,0.953958051,0.889319571,0.931233009,1.058559022,1.159229539
28.86,1.093182289,0.94789212,0.887773966,0.935553276,1.064805036,1.161387042
28.88,1.085828094,0.945895726,0.890447234,0.940035162,1.070998602,1.162828429
28.9,1.078465877,0.940326502,0.889427712,0.940619705,1.07703187,1.163774159
28.92,1.070963249,0.938823418,0.888788223,0.945703868,1.083034153,1.163960615
28.94,1.06352058,0.937647012,0.888339921,0.946740077,1.088776714,1.163668028
28.96,1.056002588,0.9328848,0.888394578,0.952389123,1.094423056,1.162590564
28.98,1.052249758,0.932113742,0.888526407,0.953928003,1.099707768,1.161164163
29,1.044747419,0.927823669,0.889199089,0.960107211,1.104831575,1.158864003
29.02,1.041033283,0.927529711,0.889941872,0.96219956,1.109688157,1.156245198
29.04,1.0335595,0.923750228,0.891170512,0.968850611,1.114322368,1.152853969
29.06,1.029885183,0.923971676,0.892478319,0.975638869,1.123126213,1.149204599
29.08,1.022537592,0.920734541,0.890015088,0.978152673,1.127094672,1.144821454
29.1,1.019005203,0.921504656,0.892028731,0.985347839,1.135145305,1.140239847
29.12,1.011879742,0.918744308,0.890218137,0.988280516,1.138348686,1.134954544
29.14,1.00849066,0.920010661,0.892832402,0.995801025,1.145564626,1.129520379
29.16,1.001576251,0.917770103,0.89161507,0.998988383,1.147943365,1.123413528
29.18,0.994780543,0.916055168,0.894853883,1.006850037,1.154281162,1.120858816
29.2,0.991636805,0.914392489,0.898118153,1.010290711,1.155688575,1.114064376
29.22,0.985095482,0.90932232,0.90193169,1.018423743,1.161008556,1.110876993
29.24,0.982220428,0.908270452,0.905745089,1.022048933,1.161318349,1.1034292
29.26,0.97599362,0.903820526,0.910131336,1.030359704,1.165590878,1.099609243
29.28,0.973439738,0.903396514,0.914511852,1.034157495,1.169554847,1.091627576
29.3,0.967592889,0.89957965,0.91947204,1.037858623,1.17264267,1.087230544
29.32,0.965420699,0.899725346,0.924415478,1.046321454,1.175477808,1.078760379
29.34,0.959925528,0.896497528,0.925369767,1.050138592,1.177394903,1.073998379
29.36,0.958106258,0.89724472,0.930816281,1.058663845,1.179043072,1.065264849
29.38,0.953013176,0.894598161,0.932249919,1.062441091,1.179708296,1.060271445
29.4,0.94817024,0.895944065,0.93828452,1.070896114,1.180105673,1.054730669
29.42,0.943578443,0.893803839,0.940255093,1.07449407,1.179573347,1.049449124
29.44,0.939207315,0.895691811,0.946860167,1.082732095,1.178814093,1.043767263
29.46,0.935092895,0.894092715,0.949356655,1.085997614,1.177088678,1.038401101
29.48,0.931232473,0.896614184,0.956524966,1.093955665,1.175161785,1.032697295
29.5,0.927566044,0.895634308,0.959517559,1.096820629,1.172250692,1.027262174
29.52,0.924195235,0.898718756,0.967205588,1.104323759,1.169160331,1.021538539
29.54,0.92102252,0.898310614,0.970664518,1.111570367,1.165077107,1.016131375
29.56,0.918173669,0.901993984,0.974006492,1.118551877,1.160891138,1.010493049
29.58,0.912219236,0.90217783,0.977941742,1.12528423,1.160614971,1.008513452
29.6,0.909968917,0.903002171,0.981714763,1.126745367,1.155358336,1.002920924
29.62,0.908093687,0.903712724,0.986037236,1.132857603,1.154110794,1.000992218
29.64,0.906426769,0.908571512,0.990141472,1.133594459,1.147954949,0.995547982
29.66,0.901707953,0.909894088,0.999099403,1.138924417,1.145825783,0.989842055
29.68,0.90062748,0.9075958,1.003542563,1.138804172,1.142799896,0.984581121
29.7,0.899966287,0.909525507,1.012813216,1.143219123,1.139788431,0.979130759
29.72,0.899412569,0.911306094,1.017578266,1.147278741,1.135904817,0.974170727
29.74,0.895830463,0.913751116,1.022128495,1.150756498,1.132131366,0.969067611
29.76,0.895876036,0.916105475,1.02719186,1.153815302,1.127533381,0.96437587
29.78,0.892835083,0.919104454,1.031994237,1.156194367,1.123197843,0.959580584
29.8,0.890249518,0.922005481,1.037265246,1.15812965,1.117982721,0.958410845
29.82,0.887752658,0.925625013,1.04222461,1.15940737,1.113083849,0.953996052
29.84,0.885684163,0.929122619,1.047597105,1.16023664,1.107379903,0.953203008
29.86,0.883784492,0.933359652,1.052697631,1.160327416,1.102060285,0.949066065
29.88,0.88232745,0.937369171,1.062603804,1.159966347,1.096075846,0.948562238
29.9,0.881032535,0.937680025,1.067694158,1.158820751,1.090429235,0.944765391
29.92,0.880200957,0.942327296,1.077637797,1.157339459,1.084165212,0.940999769
29.94,0.879432569,0.943134372,1.082649382,1.160302878,1.081905363,0.937647025
29.96,0.879144229,0.94831501,1.087210992,1.157762588,1.07543583,0.934377528
29.98,0.878915875,0.949615066,1.091939899,1.159644179,1.068350029,0.931524219
30,0.879190768,0.955291582,1.096154847,1.160673111,1.061756965,0.928688041
30.02,0.8795226,0.957115827,1.100442581,1.161476189,1.054700148,0.926273805
30.04,0.880371517,0.963332631,1.104186894,1.161288366,1.048185138,0.923843876
30.06,0.881276555,0.965645683,1.108137835,1.160897238,1.041267043,0.921852093
30.08,0.882721222,0.972269819,1.111490125,1.159503739,1.034927613,0.919876028
30.1,0.884217629,0.974940504,1.119669412,1.15795775,1.02814117,0.914862356
30.12,0.886277512,0.977301473,1.122446649,1.155537551,1.025439794,0.913424457
30.14,0.888289916,0.984114814,1.129973247,1.153027515,1.018800784,0.908989515
30.16,0.887165898,0.986852859,1.13201365,1.149675068,1.016162873,0.908133005
30.18,0.889807666,0.994119364,1.138746658,1.146261152,1.009659324,0.904214492
30.2,0.88921286,0.997231689,1.140135449,1.142020065,1.00716946,0.903889157
30.22,0.892421749,1.004769835,1.146172509,1.137783658,1.000887934,0.900519595
30.24,0.892378854,1.008167773,1.146773826,1.132754276,0.998625053,0.900749174
30.26,0.896085948,1.015980143,1.151964911,1.127799372,0.992639122,0.897948921
30.28,0.896603103,1.019578295,1.15164082,1.122095397,0.99067045,0.898688514
30.3,0.900886156,1.027585142,1.155849934,1.116537366,0.984953496,0.896423342
30.32,0.90196036,1.031295165,1.15942273,1.110241781,0.978996354,0.897707139
30.34,0.906830187,1.03454302,1.162629852,1.108429506,0.973671103,0.895976482
30.36,0.908383009,1.038396419,1.165167613,1.101590949,0.968169316,0.897808542
30.38,0.913812628,1.04173491,1.16727985,1.099261354,0.963307096,0.896568394
30.4,0.915890469,1.049564397,1.168709935,1.092008806,0.958220296,0.895559679
30.42,0.917930842,1.052862906,1.169661983,1.089255268,0.957137118,0.894884084
30.44,0.920623039,1.060697199,1.170051638,1.081664081,0.952452399,0.894389941
30.46,0.923163543,1.063895754,1.169918903,1.078615276,0.951772686,0.894239686
30.48,0.926370594,1.071599165,1.169229178,1.070826819,0.947534564,0.894291358
30.5,0.929409093,1.074564834,1.167970617,1.067598925,0.947300584,0.894687205
30.52,0.936421556,1.081997425,1.16617657,1.059729436,0.943546738,0.89206993
30.54,0.939990109,1.084701148,1.163781382,1.056430665,0.939605844,0.893058147
30.56,0.947434659,1.091820318,1.160888599,1.052593639,0.936282324,0.891019352
30.58,0.951400629,1.098232079,1.157492852,1.049199096,0.932825086,0.892602219
30.6,0.955139209,1.104860132,1.153564104,1.045325894,0.92998899,0.891151177
30.62,0.959518331,1.11083025,1.154211852,1.041932107,0.927050664,0.893323246
30.64,0.963717295,1.11193269,1.149364748,1.038141917,0.924733404,0.89238109
30.66,0.968434954,1.117353052,1.14907989,1.029892211,0.922344597,0.895161992
30.68,0.972925289,1.117805924,1.148200577,1.026230495,0.920484492,0.894808536
30.7,0.977987873,1.122649834,1.146923582,1.018217329,0.918592099,0.898125774
30.72,0.98278327,1.122475677,1.145064306,1.0147952,0.917228042,0.898307512
30.74,0.988126089,1.126638233,1.142869027,1.007098597,0.915860237,0.902185424
30.76,0.993167222,1.129991928,1.140115207,1.003888076,0.915017906,0.902980425
30.78,0.997920743,1.133311161,1.137215321,0.996467365,0.914133,0.903997608
30.8,1.003241801,1.135780494,1.13379606,0.993536998,0.9137826,0.905341689
30.82,1.008208754,1.138127019,1.130164548,0.986462562,0.913399737,0.906909296
30.84,1.013705847,1.139721496,1.126037413,0.983874688,0.913549657,0.908815154
30.86,1.018882126,1.141237209,1.121769566,0.977202777,0.913694977,0.910923899
30.88,1.024423681,1.141976283,1.117051994,0.97500927,0.910446832,0.913380032
30.9,1.029595868,1.142566253,1.112264421,0.972548132,0.911138019,0.91600829
30.92,1.035074833,1.142362527,1.107174063,0.970632988,0.90846285,0.918991906
30.94,1.040136811,1.141948156,1.102093182,0.96849416,0.909740316,0.922137054
30.96,1.04916929,1.140738498,1.096634826,0.966912147,0.907655287,0.925437174
30.98,1.054062053,1.143736951,1.091232918,0.965147039,0.906015455,0.929084223
31,1.058564325,1.141475521,1.085527852,0.959468343,0.904506304,0.932856466
31.02,1.063425838,1.143376686,1.084411421,0.958171572,0.903414678,0.936937748
31.04,1.067831746,1.140013426,1.078478718,0.952930294,0.902404835,0.941127622
31.06,1.072527694,1.140819398,1.072276253,0.9520727,0.901888598,0.945623264
31.08,1.07670714,1.141336789,1.066250227,0.947213225,0.901463495,0.95021345
31.1,1.081099272,1.141085008,1.060038055,0.946749629,0.901523885,0.955102925
31.12,1.08493966,1.140521146,1.054048699,0.942321688,0.901694098,0.960138996
31.14,1.092712301,1.139223462,1.047928931,0.942292487,0.902273983,0.961650964
31.16,1.096145062,1.137622846,1.041957197,0.938331259,0.902992174,0.967035501
31.18,1.103435524,1.135449819,1.035897416,0.938770416,0.90409758,0.968922214
31.2,1.106296402,1.1329869,1.03003019,0.93530417,0.905355598,0.974677778
31.22,1.112961253,1.129995236,1.024126678,0.936170889,0.906996501,0.976880519
31.24,1.115111794,1.126727119,1.018450337,0.93316819,0.908805882,0.982955314
31.26,1.121010493,1.122982498,1.012785602,0.93022127,0.910993082,0.989066053
31.28,1.122316319,1.118861038,1.011654382,0.927767777,0.909692605,0.995452862
31.3,1.127457534,1.114314432,1.006108962,0.925419063,0.912380403,1.001814111
31.32,1.127942549,1.109553355,1.00509574,0.923536435,0.911570507,1.008418466
31.34,1.132211503,1.104434942,0.999740503,0.921785163,0.91484414,1.014959421
31.36,1.135743691,1.099137826,0.99892087,0.92042115,0.914587377,1.017714844
31.38,1.139105722,1.093447308,0.993825382,0.919225494,0.9184397,1.024368899
31.4,1.141803,1.087604655,0.993165753,0.91841102,0.918637373,1.027151425
31.42,1.144274812,1.081538235,0.98828794,0.917790835,0.922979606,1.033813335
31.44,1.146054655,1.075366445,0.983403751,0.917543392,0.923711241,1.036606767
31.46,1.14754835,1.073478016,0.978870908,0.917420684,0.928519642,1.043246796
31.48,1.148337529,1.066995321,0.974394913,0.917677267,0.929693851,1.049773398
31.5,1.148811342,1.064812823,0.970280008,0.918083732,0.931129862,1.056255654
31.52,1.148600355,1.058007346,0.966259465,0.918865983,0.936756981,1.062557239
31.54,1.148149553,1.05550929,0.96260296,0.915821997,0.938692113,1.068846764
31.56,1.147032093,1.048480448,0.95907604,0.917109123,0.944726488,1.074899166
31.58,1.149719896,1.045777025,0.955800045,0.914578138,0.947036939,1.076787363
31.6,1.14764569,1.038745859,0.952688243,0.916397599,0.953538403,1.08251762
31.62,1.149233591,1.035942805,0.949833609,0.914320031,0.956243173,1.084104949
31.64,1.146177896,1.028877508,0.94717613,0.916703206,0.96315652,1.089500102
31.66,1.146791554,1.026056892,0.944700182,0.915172269,0.966227408,1.090661295
31.68,1.142785077,1.01904986,0.942463616,0.918121817,0.973526181,1.095586652
31.7,1.142450399,1.016296134,0.940412273,0.917146226,0.977007287,1.100231129
31.72,1.137535392,1.009428425,0.938630803,0.920597976,0.980677541,1.104624616
31.74,1.136320359,1.006816735,0.932821074,0.920123616,0.984462663,1.108667256
31.76,1.130580104,1.004270324,0.93157986,0.924061979,0.988412335,1.112376549
31.78,1.128655125,1.001688356,0.926349169,0.924139277,0.992447394,1.115692015
31.8,1.122290663,0.999218086,0.92560926,0.928644854,0.996697994,1.118593315
31.82,1.119752791,0.99674278,0.920910122,0.929192705,1.000992161,1.121066693
31.84,1.112727816,0.994422207,0.920704312,0.93420526,1.00546637,1.123160627
31.86,1.109536078,0.987985439,0.916553836,0.935241745,1.014192805,1.124805747
31.88,1.106065569,0.985839936,0.916880906,0.936524961,1.018791979,1.130211646
31.9,1.102332747,0.979661085,0.913273962,0.938099903,1.023506257,1.131047412
31.92,1.098378329,0.977778302,0.914132565,0.939908527,1.028145586,1.135584258
31.94,1.094109367,0.971918233,0.910986626,0.941995918,1.032861845,1.135616565
31.96,1.089647503,0.970262703,0.912329138,0.944302396,1.037535078,1.1393238
31.98,1.085026478,0.964677061,0.909674306,0.946807878,1.042237646,1.1384901
32,1.080258547,0.963304426,0.911521859,0.949530425,1.046838887,1.141300393
32.02,1.075381534,0.958047719,0.909374313,0.952536838,1.051425811,1.139548081
32.04,1.070402942,0.957009139,0.911662713,0.955734461,1.055846434,1.141414657
32.06,1.065362099,0.952127498,0.909971462,0.959217506,1.060208521,1.138712594
32.08,1.060159352,0.951466211,0.912734664,0.962874713,1.068790238,1.139717399
32.1,1.054933644,0.946996714,0.911518529,0.962357395,1.072878447,1.136187821
32.12,1.049594393,0.942911447,0.914779953,0.966408871,1.081123143,1.136351929
32.14,1.048116927,0.938852882,0.914100385,0.966243514,1.084792255,1.13188576
32.16,1.042749769,0.93514411,0.917909367,0.970750773,1.092689136,1.131120288
32.18,1.041157694,0.931483602,0.917685721,0.970979362,1.095932197,1.130144053
32.2,1.035734763,0.928199258,0.921984304,0.975896362,1.099069679,1.128548211
32.22,1.034125934,0.924969396,0.922243952,0.980927177,1.101819134,1.126751225
32.24,1.028752262,0.922141489,0.922603025,0.986165112,1.104444079,1.12433747
32.26,1.02720384,0.919371032,0.923410427,0.991556125,1.106600853,1.121762429
32.28,1.021857336,0.9170058,0.92422292,0.997125916,1.108696063,1.118679438
32.3,1.020343407,0.914697377,0.925513207,1.002720888,1.110246442,1.115480058
32.32,1.015094211,0.912818726,0.926881038,1.008468607,1.111701142,1.111791418
32.34,1.009942618,0.910914384,0.928732335,1.014215808,1.117244247,1.111773589
32.36,1.004916126,0.909457477,0.9306463,1.015466794,1.117930864,1.107387117
32.38,1.000045654,0.907976498,0.932968647,1.021432121,1.122771462,1.106677536
32.4,0.995318866,0.906967294,0.935330843,1.022830768,1.12270678,1.101665663
32.42,0.990691509,0.905932339,0.938114199,1.028941763,1.126760733,1.10044288
32.44,0.98622356,0.905392722,0.940928816,1.030409847,1.1258591,1.094987336
32.46,0.981892092,0.904823729,0.944262623,1.036584708,1.129044989,1.093234707
32.48,0.977736585,0.904689199,0.947601236,1.038034843,1.127339099,1.087307888
32.5,0.973750872,0.904538205,0.951473496,1.044279683,1.129703396,1.085108071
32.52,0.969866814,0.904844004,0.955236989,1.050448978,1.127142171,1.078891576
32.54,0.966183341,0.901454685,0.954812376,1.0566327,1.128653336,1.076422518
32.56,0.966294851,0.902262875,0.959033979,1.062675242,1.125219559,1.070003538
32.58,0.962900894,0.899369802,0.959027917,1.06866984,1.125842255,1.067365796
32.6,0.959749392,0.900691867,0.963779762,1.074578245,1.126396387,1.064305558
32.62,0.956739293,0.898287395,0.964151687,1.075486007,1.126177617,1.061431375
32.64,0.953938959,0.900117369,0.969308901,1.081207136,1.125906711,1.058180273
32.66,0.951297025,0.898217048,0.970018059,1.081845435,1.124839574,1.055157116
32.68,0.948893899,0.90056698,0.975533547,1.087269592,1.123742198,1.051801862
32.7,0.946656021,0.89917958,0.976643726,1.087527402,1.121835082,1.044549383
32.72,0.944684899,0.901969925,0.982567019,1.092541795,1.124090696,1.041125772
32.74,0.942782746,0.901028195,0.984032412,1.092421419,1.121394701,1.033976976
32.76,0.941176427,0.904283331,0.990213493,1.097040618,1.122859556,1.03066874
32.78,0.939647906,0.903796839,0.991885335,1.101443928,1.119407331,1.023696008
32.8,0.938442736,0.907529957,0.99329008,1.105524085,1.120142335,1.020479257
32.82,0.937320582,0.907506824,0.999553309,1.109331327,1.116099839,1.013649471
32.84,0.936548253,0.907404528,1.001208706,1.112763146,1.116143666,1.010590654
32.86,0.93578346,0.907853786,1.007697827,1.116008136,1.111444032,1.003973546
32.88,0.93538236,0.908222252,1.009516719,1.118815897,1.110845216,1.001135423
32.9,0.931572183,0.909152773,1.016175367,1.12140886,1.105557642,0.998211784
32.92,0.931614416,0.909973247,1.018096047,1.12349511,1.104385354,0.99559063
32.94,0.928277311,0.911449099,1.024953541,1.125346667,1.098604851,0.992831499
32.96,0.928722212,0.912694807,1.026994241,1.126626176,1.097043536,0.990392282
32.98,0.925809897,0.914615144,1.033967087,1.127660791,1.090939245,0.987853309
33,0.926690153,0.916291238,1.036048481,1.128063517,1.089063377,0.985651913
33.02,0.924222703,0.918649614,1.043054738,1.128221487,1.08259675,0.983387233
33.04,0.925561474,0.920748731,1.045089444,1.127807116,1.080362569,0.98147158
33.06,0.923558133,0.927287544,1.05203806,1.127159861,1.073607738,0.979527038
33.08,0.921626749,0.929851174,1.054058695,1.131130516,1.071099638,0.974069463
33.1,0.920150915,0.936742713,1.055732933,1.129605057,1.068038993,0.97236051
33.12,0.918725524,0.93963645,1.062337031,1.132653891,1.06527054,0.967205022
33.14,0.917769702,0.942213598,1.063883115,1.130349991,1.061980656,0.965804894
33.16,0.916855826,0.945450258,1.070316696,1.13261636,1.059024233,0.960994494
33.18,0.916404301,0.948352556,1.071613715,1.129527949,1.055589112,0.959944897
33.2,0.915986183,0.9519116,1.077776767,1.13100083,1.052523874,0.955516761
33.22,0.916047565,0.955197919,1.078835231,1.12713091,1.049022992,0.954853725
33.24,0.916052245,0.959015141,1.084726928,1.127818081,1.045923426,0.95083975
33.26,0.916563128,0.962543833,1.085442019,1.123188529,1.04232703,0.950594001
33.28,0.917011307,0.966588946,1.090957366,1.12321835,1.039159528,0.947019681
33.3,0.917980704,0.970324872,1.091226854,1.11796778,1.035538746,0.947217093
33.32,0.918953799,0.974647768,1.096263183,1.11737627,1.032378564,0.944032678
33.34,0.920366454,0.978626463,1.095989605,1.111543641,1.028807132,0.944632771
33.36,0.921784208,0.983172581,1.100448774,1.11037115,1.025721284,0.941871447
33.38,0.923653634,0.987344689,1.099538963,1.104007482,1.0222645,0.942898981
33.4,0.92552109,0.992059723,1.103328225,1.102305584,1.014706788,0.940582326
33.42,0.927852293,0.996368942,1.106596501,1.099948306,1.011388592,0.93842918
33.44,0.930173846,1.000275081,1.109727956,1.097680697,1.007657147,0.93660008
33.46,0.929045467,1.004781749,1.112349102,1.094779357,1.004497518,0.934897339
33.48,0.931799174,1.008823058,1.114894181,1.092029922,1.000964308,0.933505484
33.5,0.931090854,1.0133121,1.116911579,1.08867456,0.998020426,0.932258856
33.52,0.934280272,1.017303923,1.11879975,1.085515935,0.994740429,0.93132019
33.54,0.933981992,1.021700827,1.120147755,1.081783237,0.99197173,0.930546288
33.56,0.937599334,1.025662679,1.121318214,1.078262002,0.988900217,0.930075443
33.58,0.93760717,1.029977531,1.122065746,1.074190651,0.986357729,0.929788813
33.6,0.941631175,1.033821909,1.122605945,1.070375551,0.983546365,0.929723227
33.62,0.942008604,1.037971246,1.122716661,1.066046693,0.98127683,0.929869131
33.64,0.946415165,1.041616287,1.122585504,1.062015737,0.978770132,0.93023417
33.66,0.947141933,1.04551181,1.122027539,1.057509447,0.976813245,0.930828644
33.68,0.951912975,1.048869839,1.12119974,1.053339096,0.974650151,0.931639429
33.7,0.956538568,1.052524456,1.119956831,1.048732904,0.973040994,0.929125235
33.72,0.961588698,1.055620766,1.118292093,1.044496286,0.971255625,0.930372562
33.74,0.966462872,1.063290226,1.11623133,1.039742343,0.970006741,0.928289304
33.76,0.967550382,1.066136584,1.113873341,1.035386909,0.968609881,0.929982595
33.78,0.97269772,1.073508033,1.11115569,1.030554226,0.963517086,0.928315468
33.8,0.974016619,1.075987935,1.113171427,1.030385833,0.96250505,0.930494073
33.82,0.979405086,1.077924405,1.109773543,1.025583009,0.957767896,0.929292972
33.84,0.98100151,1.080013921,1.111102905,1.025447149,0.95712766,0.931870416
33.86,0.986639617,1.081530831,1.10705209,1.020733805,0.952783989,0.931066584
33.88,0.98843737,1.083143683,1.107728585,1.0205812,0.952543949,0.93405679
33.9,0.994280686,1.084159001,1.103174743,1.015900641,0.948616763,0.933652325
33.92,0.996230745,1.085326298,1.103354398,1.015791572,0.948800806,0.93706036
33.94,1.002115329,1.085874228,1.098343577,1.011207853,0.945310823,0.937132653
33.96,1.004053507,1.086523454,1.098068344,1.01120206,0.945864898,0.941025329
33.98,1.010006595,1.086534623,1.092650107,1.006772447,0.942767604,0.941477151
34,1.011953581,1.090968708,1.091968945,1.006923061,0.94372311,0.945771886
34.02,1.013535402,1.090350961,1.086093056,1.002697521,0.941037979,0.946605775
34.04,1.019173627,1.094234872,1.084953664,0.998231799,0.942415867,0.947582798
34.06,1.020699184,1.093062623,1.083497333,0.994214064,0.940136688,0.948810532
34.08,1.026338909,1.0963687,1.081983694,0.990010532,0.941913946,0.95008327
34.1,1.027803323,1.094618424,1.080182368,0.986269922,0.940038759,0.951611268
34.12,1.033365973,1.097325782,1.078358298,0.982375982,0.942234417,0.953249902
34.14,1.034695233,1.094961786,1.076275948,0.978954342,0.940702803,0.95513229
34.16,1.040106061,1.0970365,1.074204278,0.975410687,0.943266403,0.957109346
34.18,1.041223749,1.094035273,1.071906098,0.972343508,0.942104488,0.959324533
34.2,1.0464038,1.095456483,1.069533695,0.969184291,0.945133471,0.961618005
34.22,1.047326634,1.091924037,1.066959237,0.966423639,0.944428718,0.967819436
34.24,1.052283761,1.0928093,1.064353036,0.963606535,0.944153993,0.970356904
34.26,1.052947326,1.088744498,1.061577697,0.961192079,0.943892579,0.976791528
34.28,1.057618214,1.08908777,1.058808544,0.958728464,0.944053446,0.979527681
34.3,1.061797324,1.084495018,1.055904407,0.956668244,0.944240398,0.98231302
34.32,1.066072736,1.084205972,1.053040152,0.954584841,0.94484144,0.985343568
34.34,1.069926581,1.078993757,1.050074158,0.952902618,0.945380946,0.988392969
34.36,1.073833545,1.078088753,1.042384589,0.951222831,0.94633928,0.991672718
34.38,1.077287505,1.081543285,1.039365822,0.949914719,0.947244888,0.994947045
34.4,1.076384376,1.080041048,1.031722724,0.948633597,0.948565926,0.998331269
34.42,1.079547801,1.082884538,1.028760239,0.947717319,0.949924065,1.001668296
34.44,1.078308666,1.08079894,1.021230685,0.94677161,0.951679002,1.005088825
34.46,1.081109499,1.083062128,1.01838669,0.946196776,0.953479771,1.008442132
34.48,1.079467076,1.080432561,1.011029076,0.94561548,0.955665698,1.011847641
34.5,1.081838748,1.082155501,1.008357826,0.945401781,0.95790599,1.015248524
34.52,1.079732547,1.079029499,1.001223594,0.945204579,0.960435839,1.018662684
34.54,1.081616761,1.080259811,0.998773249,0.940863529,0.963031528,1.022045593
34.56,1.082979527,1.076691225,0.99641371,0.941028899,0.965886027,1.025314357
34.58,1.08429467,1.077502077,0.994242668,0.937082968,0.964915365,1.028643154
34.6,1.085082791,1.073591075,0.992077615,0.937657824,0.968191307,1.031897137
34.62,1.085787599,1.074063306,0.990109178,0.934022426,0.967521824,1.035169546
34.64,1.086077874,1.069856443,0.988178653,0.934931099,0.97111544,1.038338118
34.66,1.086261798,1.070043918,0.986453417,0.931631364,0.970735958,1.041486931
34.68,1.086028981,1.065600732,0.984796966,0.932981466,0.974631022,1.044504389
34.7,1.085664512,1.065560477,0.983260596,0.930117123,0.97452173,1.047459766
34.72,1.08488746,1.060940646,0.981828472,0.93191101,0.978700483,1.05025714
34.74,1.083958175,1.060729095,0.980527192,0.929486391,0.978925867,1.052946911
34.76,1.082626673,1.055990218,0.979358183,0.931644963,0.983441363,1.055454292
34.78,1.081127446,1.051340559,0.978326957,0.929590639,0.983965997,1.057903045
34.8,1.083564644,1.046482037,0.977433153,0.932131198,0.988693208,1.060140344
34.82,1.081537741,1.046060334,0.976679816,0.930453216,0.9893952,1.062295266
34.84,1.079143232,1.041107254,0.976112412,0.933383855,0.994304652,1.064213463
34.86,1.076677431,1.036294295,0.97568532,0.932085779,0.995148485,1.070057513
34.88,1.078036718,1.031342071,0.975449153,0.935413808,0.996128985,1.07164393
34.9,1.074975486,1.026580464,0.975256662,0.934498677,1.001465407,1.077142943
34.92,1.075743878,1.02180142,0.97528536,0.933868038,1.002636132,1.078355959
34.94,1.076169763,1.01723714,0.975364296,0.933376438,1.008137237,1.079410203
34.96,1.076338318,1.012688171,0.975573384,0.933157979,1.009427917,1.080246313
34.98,1.076175767,1.008272087,0.971420037,0.933083819,1.015031823,1.080906277
35,1.075873016,1.008311562,0.97189913,0.933246376,1.016377067,1.081409087
35.02,1.075270196,1.004009602,0.968053131,0.933558733,1.021935905,1.081720089
35.04,1.074560848,1.004171962,0.968850915,0.934093892,1.0231888,1.081838818
35.06,1.073577641,1.00003089,0.965333963,0.939315123,1.028741427,1.081752084
35.08,1.072501945,1.000360876,0.961941071,0.94008131,1.029958538,1.081441762
35.1,1.07118012,0.996423209,0.958836509,0.945537239,1.035465354,1.080918171
35.12,1.069782943,0.996938832,0.955850025,0.946606937,1.036588539,1.080142262
35.14,1.068168052,0.993220749,0.953176911,0.947811269,1.041991918,1.079150734
35.16,1.066497363,0.993858098,0.955179523,0.949205019,1.042938805,1.082079573
35.18,1.064535995,0.990304914,0.952886148,0.95532941,1.043957402,1.08066172
35.2,1.062554217,0.991033512,0.950701004,0.957014582,1.044847925,1.083134181
35.22,1.060414705,0.987607155,0.94885576,0.963302698,1.045783657,1.081251049
35.24,1.058276529,0.988449729,0.947107361,0.965129404,1.046552923,1.08324844
35.26,1.056004949,0.985170816,0.945710425,0.971572526,1.047343639,1.080888457
35.28,1.053757935,0.986169645,0.944397556,0.973524551,1.052511165,1.082400424
35.3,1.051400339,0.983076968,0.943448486,0.975523967,1.053061194,1.079583296
35.32,1.04909142,0.98427007,0.942570225,0.977638079,1.05795044,1.080530659
35.34,1.042758809,0.981398198,0.942045458,0.979879249,1.058278205,1.081088898
35.36,1.040379091,0.982800181,0.941485953,0.982215875,1.062936883,1.08151368
35.38,1.034031175,0.980159751,0.941299295,0.984659965,1.063106917,1.081547776
35.4,1.031648152,0.981799956,0.941070613,0.987084617,1.06758885,1.081465566
35.42,1.025338147,0.979417203,0.941223292,0.989605643,1.067539321,1.080991028
35.44,1.02300182,0.981322833,0.941324697,0.992086738,1.071782514,1.08042073
35.46,1.016778736,0.979221789,0.941815164,0.994651261,1.071454739,1.079460995
35.48,1.01453548,0.977432047,0.942244787,0.997255257,1.07540074,1.078429295
35.5,1.01242986,0.97568092,0.942947576,0.999916635,1.074740891,1.077015278
35.52,1.010255728,0.974282087,0.943593246,1.002595201,1.078336922,1.075575515
35.54,1.00824522,0.972915833,0.944513431,1.005309951,1.07729597,1.073763797
35.56,1.006182915,0.971921859,0.945468672,1.00801692,1.080494025,1.071953806
35.58,1.004209985,0.970857911,0.94669396,1.010740068,1.079029058,1.069885378
35.6,1.002202619,0.970190945,0.947941787,1.013427649,1.081787493,1.067842235
35.62,1.000310042,0.969452585,0.949461579,1.016111175,1.079863456,1.065556204
35.64,0.998401972,0.969127816,0.950991382,1.01872805,1.082149226,1.063315061
35.66,0.996633523,0.968728456,0.952793698,1.021321125,1.079738633,1.060742256
35.68,0.994865075,0.968759333,0.954592909,1.023813289,1.081632581,1.058234712
35.7,0.993259412,0.968710873,0.96112936,1.026262641,1.083592245,1.055415292
35.72,0.991665515,0.964643569,0.963147307,1.028716861,1.085032762,1.052713336
35.74,0.990257513,0.965014742,0.965102674,1.031130369,1.086539683,1.049720073
35.76,0.988847892,0.96126708,0.967318991,1.033500025,1.087508658,1.0468711
35.78,0.987647418,0.961951828,0.969463197,1.035797095,1.088549328,1.04375258
35.8,0.98645092,0.958514013,0.971862786,1.038030665,1.089036195,1.040803376
35.82,0.98548576,0.959517812,0.9741763,1.040158273,1.089604305,1.037607236
35.84,0.984528033,0.956392366,0.976737539,1.042204718,1.089606624,1.034603344
35.86,0.983823449,0.957719836,0.979198318,1.044110145,1.08970368,1.031375584
35.88,0.983040505,0.954907931,0.981896853,1.045919053,1.089226941,1.02835038
35.9,0.98253397,0.956561487,0.984480112,1.047550674,1.088959159,1.025116905
35.92,0.981956148,0.954155908,0.987288623,1.049073076,1.088118452,1.022105896
35.94,0.981581249,0.956219325,0.989967575,1.050382175,1.087497253,1.018909836
35.96,0.981152383,0.954207931,0.992962893,1.051572823,1.086303403,1.015952286
35.98,0.980944799,0.956569518,0.995800287,1.052514597,1.085342336,1.01283246
36,0.980693193,0.954852379,0.998941217,1.053332452,1.08381233,1.00996521
36.02,0.980679667,0.957515132,1.001900905,1.053865713,1.082530583,1.006958261
36.04,0.976959098,0.956085773,1.005149108,1.054388307,1.080686819,1.007885485
36.06,0.977204515,0.959026887,1.008077679,1.054596989,1.079003115,1.004966045
36.08,0.973771387,0.957859471,1.011272545,1.054894405,1.076779205,1.005983928
36.1,0.974312556,0.961072611,1.014133015,1.05996101,1.074744084,1.003184927
36.12,0.971181749,0.960156926,1.012129547,1.05995704,1.072204716,1.004325859
36.14,0.972034385,0.963634141,1.014950219,1.064683798,1.069882338,1.001582824
36.16,0.969218672,0.962933321,1.012867295,1.064320142,1.067163776,1.002786879
36.18,0.970395643,0.966639763,1.015606775,1.06867542,1.064683759,1.000134412
36.2,0.967904482,0.966141541,1.013401603,1.067926433,1.061822125,1.001438699
36.22,0.969416856,0.970158862,1.01612705,1.071885718,1.059217574,0.998911637
36.24,0.96716586,0.969827722,1.018607912,1.070732792,1.05624773,1.000349946
36.26,0.96893527,0.969282124,1.021234488,1.074302591,1.053552869,0.9979792
36.28,0.966941273,0.97317484,1.023577083,1.072756665,1.050510565,0.999581199
36.3,0.9649434,0.972793907,1.026058302,1.075924694,1.047760221,0.997394952
36.32,0.963335066,0.976838662,1.028241623,1.073978938,1.044681332,0.999077503
36.34,0.961709558,0.976583722,1.030534573,1.076739372,1.041909999,0.997001237
36.36,0.960480634,0.98076354,1.0325174,1.074393374,1.03882874,0.998799447
36.38,0.959222472,0.980614229,1.034579676,1.076746664,1.036068499,0.99686274
36.4,0.958368321,0.984909263,1.036321653,1.074006116,1.032909888,0.998805791
36.42,0.957472462,0.984842932,1.03811208,1.07606678,1.030087773,0.997034098
36.44,0.95698789,0.98932396,1.039574343,1.073046315,1.026887079,0.995243713
36.46,0.956355626,0.989404536,1.041055647,1.074822233,1.02794601,0.993707198
36.48,0.956127387,0.994035917,1.04220442,1.071528959,1.024676012,0.992187269
36.5,0.955744615,0.994232614,1.043341716,1.073046897,1.025671685,0.990921425
36.52,0.955769806,0.998984306,1.044260761,1.069511685,1.022373203,0.989687345
36.54,0.95563287,0.999149002,1.045141878,1.070783691,1.02334504,0.988705942
36.56,0.959559362,1.003870545,1.045797083,1.067023406,1.02005664,0.984118892
36.58,0.959626444,1.003993505,1.046389789,1.068065633,1.021041727,0.983487671
36.6,0.963750615,1.008672523,1.046752837,1.063975857,1.017781094,0.979254807
36.62,0.964086515,1.008720958,1.047154257,1.064687502,1.018795078,0.978892878
36.64,0.964817773,1.013325442,1.047320452,1.060292626,1.015594521,0.97860695
36.66,0.965353915,1.013354442,1.047505904,1.060705054,1.016571665,0.978564446
36.68,0.969880301,1.017929539,1.047448535,1.056135714,1.013379772,0.974928428
36.7,0.970589889,1.017917616,1.047392882,1.056379822,1.014375945,0.975167981
36.72,0.975270849,1.022445028,1.04709074,1.051662868,1.011211132,0.971822316
36.74,0.976119935,1.022355535,1.05171777,1.051764717,1.012242147,0.972354262
36.76,0.980945898,1.02185511,1.051111463,1.04695344,1.00913676,0.969301047
36.78,0.981922634,1.025927962,1.05540207,1.046964532,1.010234545,0.970128647
36.8,0.982648156,1.025331008,1.054476143,1.042087282,1.007218702,0.967368778
36.82,0.983770901,1.029281523,1.058440276,1.042034704,1.008412544,0.968473039
36.84,0.984630907,1.028533291,1.057187693,1.037120254,1.005513513,0.965985539
36.86,0.985882523,1.032328204,1.060818637,1.037031487,1.006829953,0.967368083
36.88,0.986859305,1.031396091,1.059237036,1.032108419,1.004072093,0.965152265
36.9,0.988220772,1.035002836,1.062532861,1.032010747,1.005535083,0.96681362
36.92,0.989383306,1.033963669,1.060624541,1.027107,1.002940234,0.964779432
36.94,0.990810302,1.037451719,1.063589037,1.026913478,1.00457141,0.966635201
36.96,0.992029024,1.036272201,1.061475911,1.02193681,1.002157063,0.964788851
36.98,0.993500528,1.03960871,1.0642352,1.021680226,1.003972936,0.966839007
37,0.994753273,1.038259386,1.061921451,1.016666845,1.001754596,0.965178418
37.02,0.996245793,1.041415887,1.064477596,1.016381302,1.003770915,0.967421889
37.04,0.99750912,1.039869696,1.061969125,1.011365111,1.001762264,0.965943457
37.06,0.998997894,1.042819584,1.064327934,1.011083051,1.003993109,0.9683776
37.08,1.000247181,1.041052194,1.061634084,1.006095969,1.002206159,0.967076207
37.1,1.00170628,1.043771662,1.063804742,1.005847947,1.004664084,0.969696799
37.12,1.002915839,1.041761803,1.060937895,1.000919731,1.003109327,0.968565812
37.14,1.00441626,1.04423017,1.062932561,1.000734263,1.005805488,0.971355359
37.16,1.005649239,1.041960905,1.059907702,0.995892391,1.00440575,0.970381821
37.18,1.007158606,1.044162333,1.061741064,0.995795865,1.002819721,0.973329772
37.2,1.008385363,1.041620219,1.058575327,0.995510837,1.001637921,0.97248014
37.22,1.009873099,1.043541935,1.060264158,0.99545688,1.000301656,0.975554788
37.24,1.011063818,1.040717224,1.056873946,0.995231267,0.999365966,0.974817736
37.26,1.016332158,1.042474812,1.058339415,0.995244059,0.998284202,0.97417563
37.28,1.017423309,1.039498371,1.054747442,0.99510159,0.997598365,0.977485703
37.3,1.022570359,1.0411012,1.056017439,0.995203558,0.99286077,0.976953172
37.32,1.02353655,1.042315813,1.052252736,0.995166531,0.992461737,0.980359013
37.34,1.024201479,1.043710727,1.053377123,0.995358625,0.992437544,0.979903067
37.36,1.025080295,1.04469643,1.049490368,0.990996167,0.992279151,0.983392549
37.38,1.025648936,1.045854485,1.050496633,0.991364455,0.992467356,0.982999356
37.4,1.026414531,1.046606786,1.046493807,0.987192211,0.992527975,0.986558598
37.42,1.026862282,1.047524867,1.047387627,0.987750147,0.992929014,0.986212497
37.44,1.027489808,1.048042524,1.043297565,0.983779572,0.993208522,0.989912939
37.46,1.02779329,1.048720718,1.044106829,0.984538764,0.993734977,0.989681069
37.48,1.028362305,1.049005615,1.039957535,0.980779666,0.994149006,0.993394822
37.5,1.028596183,1.049448302,1.040709318,0.981749347,0.994808731,0.993161095
37.52,1.029081485,1.049506863,1.036527681,0.978208732,0.99535727,0.996872019
37.54,1.029222134,1.049721379,1.037247991,0.979396845,0.99614901,0.9966182
37.56,1.029600865,1.049562251,1.033059557,0.976080851,0.996830588,1.000308543
37.58,1.029627307,1.049558636,1.033773119,0.97749411,0.997752198,1.00001573
37.6,1.029878898,1.049192923,1.029601917,0.974407644,0.998563896,1.003667013
37.62,1.029772466,1.048983607,1.030332025,0.976051636,0.999611856,1.003315777
37.64,1.029878819,1.048424549,1.026200447,0.973198475,1.000549342,1.006908951
37.66,1.029623328,1.048024013,1.026968855,0.975077739,1.001809927,1.00647951
37.68,1.02956897,1.047286641,1.022897585,0.972369482,1.002955594,1.009996065
37.7,1.02915084,1.04671105,1.023724448,0.974400407,1.004411517,1.009566732
37.72,1.028923042,1.045811836,1.019731496,0.971850368,1.005656158,1.01307719
37.74,1.028332385,1.045078681,1.020633986,0.974040322,1.007207347,1.012623922
37.76,1.027922653,1.044035185,1.016735722,0.971652632,1.008543779,1.016105362
37.78,1.027152242,1.043162922,1.017618909,0.974006141,1.010181345,1.015605713
37.8,1.030505178,1.042104494,1.01371741,0.971782558,1.011599762,1.015085435
37.82,1.029512041,1.041243448,1.014606013,0.974301728,1.013313746,1.014575837
37.84,1.032621088,1.040197425,1.0107239,0.972242884,1.014783574,1.014036542
37.86,1.031385773,1.039357285,1.011639469,0.974929293,1.016543729,1.01349549
37.88,1.03425155,1.038333305,1.007796784,0.973034673,1.018053918,1.012916723
37.9,1.03277664,1.037524202,1.008758883,0.97588865,1.019849143,1.016382669
37.92,1.035402098,1.036424951,1.004973614,0.974156649,1.01732879,1.015707946
37.94,1.033820062,1.035547379,1.005998802,0.977177522,1.019204664,1.019056516
37.96,1.036339151,1.034390844,1.002285377,0.975585349,1.016745851,1.018250414
37.98,1.034647973,1.03346413,1.003388412,0.978751677,1.018687842,1.021467882
38,1.037059058,1.032268412,0.999759886,0.977296694,1.016274859,1.020517031
38.02,1.035259089,1.03131102,1.000953609,0.98060668,1.018267842,1.0235904
38.04,1.037562646,1.0300938,0.997421203,0.979285306,1.015986814,1.022482859
38.06,1.035656212,1.029123675,0.998716813,0.982634101,1.018108074,1.025401608
38.08,1.037854661,1.027902026,0.995290098,0.98135017,1.015936668,1.024128496
38.1,1.035845887,1.026936412,0.996696202,0.984740749,1.018165769,1.026883587
38.12,1.037943423,1.025726634,0.993381705,0.983493172,1.016083658,1.025437122
38.14,1.035838042,1.024781921,0.994905534,0.986925075,1.018401037,1.028021156
38.16,1.037840429,1.023599406,0.991708893,0.985711517,1.016388381,1.026496453
38.18,1.035645561,1.022691002,0.993356322,0.989183012,1.018673727,1.028998449
38.2,1.03756092,1.021550131,0.990281835,0.987999999,1.016617583,1.027386982
38.22,1.035286306,1.020692378,0.992057448,0.99150717,1.018856984,1.029797712
38.24,1.037123789,1.019606461,0.989108143,0.990348725,1.016743567,1.028092097
38.26,1.034779519,1.018812575,0.991015295,0.993886671,1.018923943,1.030404767
38.28,1.036549106,1.017793794,0.98819299,0.992746448,1.016740144,1.028599539
38.3,1.034145909,1.017075816,0.990233858,0.996309348,1.018849064,1.030809245
38.32,1.035858195,1.016135194,0.987539235,0.995180213,1.016582584,1.028900805
38.34,1.033407224,1.015503965,0.989714884,0.998761418,1.018608408,1.031004477
38.36,1.035073205,1.014651344,0.98714755,0.997635553,1.016247891,1.028991016
38.38,1.032585832,1.014116491,0.989457986,1.001227694,1.018179902,1.030987339
38.4,1.034216706,1.013360536,0.987016541,1.000096706,1.020343676,1.028868737
38.42,1.031704327,1.012930479,0.98946077,0.999063184,1.022128713,1.03078119
38.44,1.033311309,1.012278682,0.987142868,0.997984779,1.024125098,1.028581581
38.46,1.030785291,1.011960643,0.989695876,0.996999229,1.02583651,1.030411136
38.48,1.032379672,1.011419344,0.987475714,0.995858934,1.027753834,1.028133435
38.5,1.02985118,1.011219254,0.990135629,0.994926926,1.029380136,1.029883842
38.52,1.031443939,1.01079344,0.987899563,0.993830464,1.031209717,1.027532149
38.54,1.028923695,1.01071598,0.990552871,0.992936715,1.032743622,1.029207815
38.56,1.030525375,1.010408444,0.988305614,0.991871581,1.034478573,1.026787309
38.58,1.028023532,1.010455545,0.990953334,0.991004743,1.035913533,1.028393674
38.6,1.029644112,1.010268104,0.988694417,0.989959494,1.037548256,1.025910433
38.62,1.027170142,1.010441275,0.991450286,0.989108726,1.038879072,1.027453796
38.64,1.028818938,1.01026097,0.989293051,0.98807363,1.040409282,1.024914623
38.66,1.026381553,1.010447117,0.992146171,0.987230388,1.041632124,1.026401963
38.68,1.028065995,1.01028429,0.990080927,0.986196285,1.043054865,1.02381421
38.7,1.025671383,1.010489802,0.993023123,0.985352013,1.044167267,1.025253006
38.72,1.027398189,1.010349751,0.991040643,0.984310394,1.045480891,1.022624381
38.74,1.025052352,1.010579557,0.994063547,0.983457211,1.046481717,1.024022438
38.76,1.026827467,1.010466222,0.99215454,0.987362328,1.047685843,1.021360845
38.78,1.02453557,1.010723896,0.990287642,0.986448047,1.048600007,1.022726129
38.8,1.02626547,1.010639964,0.988512716,0.990269927,1.049719819,1.024249292
38.82,1.023932482,1.010902019,0.986770102,0.989265526,1.046436725,1.025644906
38.84,1.025649738,1.010823334,0.9851176,0.993001039,1.047538125,1.02717589
38.86,1.023306057,1.011091227,0.983487859,0.991883071,1.044237032,1.028584399
38.88,1.025019059,1.011018649,0.981946271,0.995509744,1.045321103,1.030126939
38.9,1.022672098,1.011292902,0.980418319,0.994277029,1.042003399,1.031552129
38.92,1.024387933,1.01122634,0.978976403,0.997794113,1.043071903,1.033109997
38.94,1.022043886,1.011506544,0.977539555,0.996446248,1.039739793,1.034555632
38.96,1.02376844,1.011445063,0.976186618,0.999853762,1.040795275,1.036132516
38.98,1.021432295,1.011729987,0.974830757,0.998391167,1.037451659,1.037602218
39,1.02317027,1.011671917,0.978386467,1.001689941,1.038497323,1.039201615
39.02,1.024779299,1.007129877,0.977056807,1.00013798,1.03514567,1.036765286
39.04,1.026595022,1.007162065,0.980617644,1.003353386,1.03618538,1.038349222
39.06,1.024303396,1.002704521,0.97928351,1.001713254,1.032810223,1.039834782
39.08,1.026089719,1.002802638,0.982844083,1.004846784,1.033828213,1.041452804
39.1,1.027721429,1.002686013,0.98150012,1.003120351,1.030453048,1.039040068
39.12,1.025280833,1.002819835,0.985076785,1.006174186,1.031474112,1.040650543
39.14,1.027007861,1.002715907,0.983739231,1.004364299,1.028084492,1.038215453
39.16,1.024658928,1.002860842,0.987326881,1.007341885,1.0290933,1.039804146
39.18,1.02647583,1.002766307,0.985990836,1.00545232,1.025693255,1.037351923
39.2,1.024212776,1.002918941,0.989584988,1.00835771,1.026694443,1.038923963
39.22,1.026113902,1.002830384,0.988246351,1.006392899,1.023288384,1.036458841
39.24,1.023930483,1.002987245,0.991843316,1.009230884,1.024286532,1.038018371
39.26,1.025909712,1.002901254,0.990498832,1.007195943,1.020878714,1.035543585
39.28,1.02379927,1.003058922,0.994095768,1.009971986,1.021878226,1.037093748
39.3,1.025850058,1.002972187,0.992743076,1.007872631,1.018472635,1.034611527
39.32,1.023805578,1.003127406,0.996338033,1.010592778,1.019477631,1.036154461
39.34,1.02592101,1.003036832,0.994975692,1.008435231,1.016077878,1.033666031
39.36,1.023935179,1.003186615,0.998567644,1.011220538,1.017092085,1.03520287
39.38,1.026108035,1.003089422,0.997080638,1.009127599,1.013702451,1.032708468
39.4,1.024173314,1.003231159,1.000554479,1.011975216,1.014730811,1.034239359
39.42,1.026396139,1.003123836,0.998953593,1.009945874,1.011354927,1.031738266
39.44,1.024504838,1.003253698,1.002317487,1.01285615,1.012401116,1.033262398
39.46,1.026770011,1.003133341,1.000610928,1.010890559,1.00904188,1.030752968
39.48,1.024914357,1.003360724,1.003873601,1.013864371,1.01010883,1.032268596
39.5,1.027102213,1.003328448,1.002071248,1.011963118,1.011466533,1.02974829
39.52,1.025172224,1.003644963,1.005243586,1.010303573,1.012509122,1.031275084
39.54,1.027282132,1.003692219,1.003355717,1.008538295,1.013822306,1.028761917
39.56,1.025276749,1.004090273,1.006424991,1.007009264,1.014820628,1.030294473
39.58,1.02730791,1.004210194,1.004439395,1.005378385,1.016092986,1.027782303
39.6,1.025226112,1.004683224,1.007417825,1.003978265,1.017050201,1.029314448
39.62,1.027177661,1.004869842,1.005346557,1.002480139,1.018284411,1.026796555
39.64,1.025018481,1.005412353,1.008246636,1.001207447,1.019202609,1.028321531
39.66,1.026889628,1.005660863,1.006101964,0.999840494,1.020400286,1.025790687
39.68,1.024652286,1.006268559,1.008936391,0.998693767,1.021386952,1.027301224
39.7,1.026442441,1.006575325,1.006730715,0.997349858,1.022644876,1.024750844
39.72,1.024126474,1.007245114,1.009512322,0.996232349,1.023692402,1.026240778
39.74,1.025835385,1.007607669,1.007257026,0.994917622,1.02500363,1.02366382
39.76,1.023440777,1.00833766,1.009997171,0.993833343,1.026104933,1.025126027
39.78,1.025068657,1.008754695,1.007703738,0.992551499,1.027462386,1.022515151
39.8,1.022595951,1.009544169,1.010414375,0.991503719,1.028609657,1.023942216
39.82,1.024143586,1.010015502,1.008094229,0.990257659,1.030005533,1.021289905
39.84,1.021593984,1.010864894,1.010904659,0.989248844,1.031190205,1.022674249
39.86,1.023062832,1.011274046,1.008687318,0.988041775,1.032615945,1.019972942
39.88,1.020438282,1.012067836,1.011598253,0.987075271,1.033828678,1.021306954
39.9,1.021829389,1.0124284,1.009486059,0.985909371,1.035274972,1.018549184
39.92,1.019130922,1.013177226,1.012501497,0.98498688,1.036505654,1.019825357
39.94,1.020446274,1.013499661,1.010497572,0.983863239,1.037962432,1.017003884
39.96,1.017676521,1.014214664,1.013621659,0.982985389,1.039200182,1.018214957
39.98,1.018919089,1.014509899,1.011729182,0.986980303,1.040656623,1.015322922
40,1.016081696,1.015202673,1.009889771,0.986100036,1.041915157,1.016462037
40.02,1.017255468,1.015482044,1.00818384,0.990072292,1.043384658,1.013493242
40.04,1.014355117,1.016139173,1.006524595,0.989165547,1.044650701,1.014554347
40.06,1.015465122,1.016389598,1.005004779,0.993117306,1.046120018,1.015668901
40.08,1.012507408,1.017024523,1.003525017,0.992184703,1.043214081,1.016607631
40.1,1.013580298,1.017259058,1.002190533,0.99611674,1.044729298,1.017580116
40.12,1.010592128,1.017885491,1.000889445,0.995136655,1.041857362,1.018372184
40.14,1.011633895,1.01811752,0.999739329,0.999027951,1.043402934,1.019200107
40.16,1.008621822,1.018749355,0.998615795,0.997999073,1.040549073,1.019843437
40.18,1.009639384,1.018992297,0.997648612,1.001848358,1.042109064,1.020525169
40.2,1.006610948,1.019643431,0.996701123,1.000767875,1.039257306,1.021018649
40.22,1.007612208,1.019910671,0.995915087,1.004572331,1.040815709,1.021553562
40.24,1.004575879,1.020594926,0.995141762,1.003435917,1.037950146,1.021897176
40.26,1.005569664,1.020899739,0.994534647,1.00730366,1.039491008,1.022285761
40.28,1.002534765,1.021630793,0.993820635,1.006217258,1.036597069,1.022480703
40.3,1.003530756,1.02198628,0.993279014,1.01013081,1.038106309,1.022724679
40.32,1.000507382,1.022776461,0.992633468,1.009080595,1.035169681,1.022773465
40.34,1.001516031,1.02319381,0.992159749,1.013027114,1.036632894,1.022875868
40.36,0.998514956,1.02405527,0.991584374,1.011998933,1.033639712,1.022782398
40.38,0.999547387,1.024546043,0.991179654,1.015964543,1.035042949,1.022747638
40.4,0.996579961,1.025490654,0.990674875,1.014943298,1.031979981,1.022517249
40.42,0.997647887,1.026066114,0.990338884,1.018913081,1.033309944,1.022351144
40.44,0.994725944,1.027105396,0.989903793,1.017882735,1.030164783,1.021990627
40.46,0.995841573,1.027776428,0.989634834,1.021840746,1.031409022,1.021700409
40.48,0.992977338,1.028921477,0.989267123,1.020784353,1.028170287,1.021218006
40.5,0.994153286,1.029698526,0.993988937,1.024713655,1.029317397,1.020812307
40.52,0.991359281,1.026033012,0.993641286,1.02363811,1.025974926,1.020217681
40.54,0.992608482,1.026994215,0.998366852,1.02754511,1.027014873,1.019706493
40.56,0.98987278,1.023509905,0.998012643,1.02643102,1.023560159,1.019010673
40.58,0.991184371,1.024660834,1.002852375,1.030296111,1.024484457,1.01840516
40.6,0.988520899,1.021250224,1.002597112,1.029124515,1.020910566,1.017620225
40.62,0.989909246,1.022488211,1.007534693,1.032929128,1.021712335,1.016932653
40.64,0.987330764,1.019168645,1.007366982,1.031680527,1.018014085,1.016071891
40.66,0.988808578,1.020503763,1.012392379,1.03540494,1.018688215,1.015315645
40.68,0.98632786,1.017283168,1.012300196,1.034059509,1.014862304,1.014393427
40.7,0.987908473,1.018724189,1.017401991,1.037683656,1.015405582,1.013582888
40.72,0.985538192,1.015609169,1.017371964,1.03622147,1.016244963,1.012614543
40.74,0.987234882,1.01716354,1.022537239,1.034930912,1.016606607,1.011788883
40.76,0.984987551,1.014159339,1.022554549,1.033405722,1.017244784,1.010813942
40.78,0.986813604,1.015833134,1.027744825,1.032047285,1.017402141,1.009988028
40.8,0.984701753,1.012943589,1.027769721,1.030439053,1.017841849,1.009022095
40.82,0.986670397,1.014741336,1.032969855,1.028993488,1.017798881,1.008211295
40.84,0.984706276,1.011968588,1.032985417,1.027282776,1.0180448,1.007270544
40.86,0.986830515,1.013893214,1.038178495,1.025731761,1.017807491,1.006490714
40.88,0.985026053,1.011237891,1.038166138,1.023900251,1.017866261,1.005489243
40.9,0.987318625,1.013290763,1.043333442,1.022226664,1.01754512,1.004661198
40.92,0.985684375,1.0107519,1.043272908,1.025529103,1.017519709,1.003622224
40.94,0.988156249,1.01293273,1.043122255,1.023672463,1.017144317,1.002770287
40.96,0.98670249,1.01050766,1.043063885,1.026762067,1.017063704,1.001718498
40.98,0.989364909,1.012894607,1.042905602,1.024683789,1.016637419,1.000866642
41,0.987994965,1.010657483,1.042825999,1.027548713,1.016505561,0.999826687
41.02,0.990755404,1.013236568,1.042637399,1.025238851,1.01603364,0.998997567
41.04,0.989490158,1.011176048,1.042511743,1.027868913,1.015750957,0.997992191
41.06,0.992364328,1.013937477,1.04226851,1.025424867,1.015132406,0.997207175
41.08,0.991217439,1.012041441,1.042070977,1.027918953,1.01471442,0.996257807
41.1,0.994219931,1.014973916,1.041748938,1.025326455,1.013966245,0.995537967
41.12,0.993203888,1.013228725,1.041585724,1.027671031,1.013429585,0.994666221
41.14,0.996348151,1.016187979,1.04128127,1.024920583,1.01256994,0.994032242
41.16,0.995474248,1.014458288,1.04112113,1.027106358,1.011932787,0.993259279
41.18,0.998771239,1.017435033,1.040803176,1.024190849,1.010981329,0.992731387
41.2,0.99804765,1.02003101,1.040614514,1.026210331,1.010263222,0.992077844
41.22,0.997184816,1.022977383,1.040274495,1.023125253,1.009240883,0.991675729
41.24,0.996676661,1.025520318,1.040047339,1.024973711,1.008462489,0.991140091
41.26,0.996026232,1.028403486,1.03965475,1.021717519,1.007391245,0.990861791
41.28,0.995736237,1.03088176,1.039357652,1.023393093,1.006574024,0.990464391
41.3,0.995300027,1.033688192,1.038882642,1.01996706,1.00547645,0.990329288
41.32,0.995229601,1.036194346,1.038485133,1.021470728,1.004642445,0.990089737
41.34,0.994901419,1.039011635,1.03790003,1.017878971,1.003541708,0.99011652
41.36,0.994947874,1.041517241,1.037374571,1.01921456,1.002713435,0.990052618
41.38,0.994739032,1.04432147,1.036653062,1.015464017,1.00163308,0.990257691
41.4,0.994905305,1.046803033,1.041088419,1.016638165,1.000833323,0.990386621
41.42,0.994817533,1.044453428,1.04015743,1.012763939,0.999797059,0.990786349
41.44,0.995104454,1.04695933,1.044347451,1.013810938,0.999048805,0.99112464
41.46,0.995209761,1.044609524,1.043159821,1.009824135,0.998080583,0.991636937
41.48,0.995685868,1.047112043,1.047083246,1.01075461,0.997406858,0.992106481
41.5,0.99597225,1.044733172,1.045620177,1.006668567,0.996529455,0.992757251
41.52,0.99662956,1.04720268,1.049258008,1.007495475,0.995951592,0.993377775
41.54,0.997088946,1.044763952,1.047503273,1.003325647,0.995187582,0.994185509
41.56,0.997918209,1.047169309,1.05083917,1.004064014,0.990036677,0.995074151
41.58,0.998540714,1.044638682,1.048779482,1.00451819,0.989362488,0.996120368
41.6,1.003431325,1.046947417,1.051800132,1.005108416,0.984353551,0.993361708
41.62,1.004173441,1.044311381,1.04944893,1.005424395,0.983715718,0.994708728
41.64,1.009174865,1.046509213,1.052167276,1.005992932,0.983418357,0.992249433
41.66,1.010006975,1.043733522,1.049517019,1.001497706,0.982885194,0.993925094
41.68,1.015109719,1.045785748,1.052056143,1.001903757,0.978016943,0.991791892
41.7,1.016019555,1.042835843,1.049202742,1.001931496,0.977536243,0.993777873
41.72,1.02130883,1.044708708,1.051530986,1.002236501,0.977419474,0.99185171
41.74,1.022374413,1.046193034,1.048488453,0.99751968,0.977098767,0.994082419
41.76,1.023183233,1.047933089,1.050644323,0.997717927,0.972479152,0.992400694
41.78,1.02432678,1.049249227,1.047408937,0.997566369,0.972262845,0.994836758
41.8,1.025203953,1.050798535,1.049363765,0.997720479,0.967786741,0.993356054
41.82,1.026403011,1.051913818,1.04595736,0.997540335,0.967726506,0.996002368
41.84,1.027325276,1.053238766,1.0476055,0.997674683,0.96341852,0.994725448
41.86,1.028554468,1.054249794,1.043896479,0.997492857,0.963538749,0.997586167
41.88,1.029496022,1.055452097,1.045246434,0.997632804,0.964057634,0.99651433
41.9,1.030728558,1.056322326,1.041250213,0.992840177,0.964432879,0.999615272
41.92,1.03166285,1.057363634,1.042316383,0.992983402,0.96055543,0.998772022
41.94,1.032869248,1.058057017,1.038028547,0.992851782,0.961124655,1.002091597
41.96,1.033766555,1.058901,1.038805661,0.993060726,0.957473249,1.001451092
41.98,1.035024215,1.059383606,1.03427128,0.99301305,0.958283869,1.004878035
42,1.035952271,1.059997446,1.034804918,0.993309516,0.959503481,1.004336997
42.02,1.037220358,1.060239774,1.030050122,0.988746178,0.960625757,1.0079927
42.04,1.038140277,1.060594032,1.030365264,0.989126491,0.957412601,1.007662364
42.06,1.043428943,1.060569494,1.025395365,0.989298136,0.958792381,1.007460149
42.08,1.04426798,1.060658773,1.025496189,0.989721591,0.955867662,1.007361159
42.1,1.049447549,1.060364489,1.020364658,0.989958201,0.95752141,1.007380198
42.12,1.050146782,1.060166551,1.020303878,0.990455547,0.95487536,1.00749789
42.14,1.055178074,1.059583379,1.015042327,0.99078862,0.956815818,1.007722875
42.16,1.055697354,1.059080926,1.014850675,0.986210296,0.954458162,1.008040101
42.18,1.060539234,1.058194671,1.014671097,0.986614735,0.956670655,1.008453391
42.2,1.060836865,1.057375567,1.014409231,0.982157568,0.954583616,1.008950306
42.22,1.065446676,1.056203637,1.014176728,0.982695983,0.957079014,1.009531369
42.24,1.065479907,1.055087456,1.013870052,0.97839382,0.9552705,1.01028968
42.26,1.069814143,1.053500416,1.013611977,0.979100068,0.957954283,1.011108536
42.28,1.069666417,1.051951944,1.013286134,0.974984538,0.956338758,1.012094596
42.3,1.073815303,1.049953418,1.01302904,0.975889436,0.959228046,1.013121926
42.32,1.07344176,1.052606588,1.012710517,0.971988509,0.957814567,1.018504309
42.34,1.072733465,1.050291162,1.012372606,0.973121138,0.956721019,1.019672899
42.36,1.072049238,1.048116776,1.011986457,0.969460238,0.960196289,1.025156629
42.38,1.075635301,1.045521039,1.011579635,0.966202432,0.959323998,1.026413886
42.4,1.074776381,1.047700575,1.01114143,0.967874896,0.963110328,1.031892226
42.42,1.073559876,1.044807922,1.005679842,0.964775941,0.962554939,1.033113187
42.44,1.072558189,1.046669443,1.00530703,0.961582851,0.966667555,1.038531026
42.46,1.071180799,1.043448735,1.004957044,0.958707073,0.966398961,1.039764508
42.48,1.074213743,1.04498502,1.004602189,0.960794464,0.970705687,1.040961761
42.5,1.072598976,1.041505702,0.999277173,0.958133992,0.970651528,1.042221827
42.52,1.075358187,1.042784632,0.999053802,0.960424342,0.975161639,1.043427244
42.54,1.073450183,1.039046771,0.993885631,0.957974411,0.975297142,1.044670403
42.56,1.075901533,1.040068409,0.993823465,0.955596409,0.980008844,1.045840485
42.58,1.07367025,1.03610174,0.993735206,0.953536436,0.980304312,1.047020412
42.6,1.075783804,1.036895123,0.993679065,0.951589994,0.985190331,1.048109043
42.62,1.073203975,1.032755912,0.993620746,0.949949392,0.985743846,1.049176738
42.64,1.074954915,1.033375289,0.993611615,0.948334534,0.990888121,1.05013651
42.66,1.072006882,1.029095729,0.99362491,0.947029401,0.991678934,1.051042403
42.68,1.073376303,1.029572421,0.993700576,0.94576229,0.99706843,1.051823898
42.7,1.070046491,1.025186293,0.993823216,0.944800579,0.998080097,1.056896845
42.72,1.070904673,1.0254347,0.989144423,0.943889032,0.999318762,1.057642647
42.74,1.067202703,1.025726819,0.989473531,0.943253475,1.000477194,1.062642501
42.76,1.067691045,1.02115542,0.985053923,0.942658751,1.001857513,1.063273893
42.78,1.068184147,1.02124167,0.985620859,0.942334266,1.003144711,1.068143732
42.8,1.068247382,1.01653003,0.981464279,0.942062696,1.004644066,1.068626958
42.82,1.068304115,1.016483773,0.982296901,0.942055419,1.0060344,1.073331493
42.84,1.067942337,1.011682746,0.978428434,0.942112748,1.00762657,1.073608893
42.86,1.067566763,1.011553314,0.979552927,0.942427832,1.009090634,1.078089508
42.88,1.066787723,1.006712579,0.975995822,0.947794022,1.010850695,1.078104055
42.9,1.065991458,1.006548099,0.972461555,0.948281061,1.012481585,1.082304108
42.92,1.064810099,1.001715577,0.96931154,0.953823246,1.014388306,1.082002147
42.94,1.063611967,1.001537696,0.966175676,0.954588548,1.016143877,1.085867136
42.96,1.062049985,0.996734995,0.963334419,0.955424001,1.018156595,1.085197262
42.98,1.060475338,0.996470898,0.965506522,0.956397795,1.019967923,1.088675766
43,1.058678655,0.991618108,0.963039792,0.962487058,1.022016112,1.087590335
43.02,1.056880607,0.991342573,0.960579034,0.963771639,1.023858666,1.090636127
43.04,1.054873007,0.986518396,0.958451907,0.970154815,1.025919144,1.089094281
43.06,1.052875683,0.986258077,0.956338087,0.971715229,1.032636917,1.091666765
43.08,1.050683015,0.981486397,0.954574997,0.973497582,1.034624103,1.089657748
43.1,1.04851493,0.9812888,0.952821406,0.975388265,1.041347677,1.091746975
43.12,1.046166747,0.976615784,0.951411638,0.977381245,1.043288258,1.089243117
43.14,1.043734504,0.976525896,0.950006845,0.979489572,1.049952558,1.09094881
43.16,1.041138385,0.971992994,0.948963139,0.981694241,1.051786932,1.092603895
43.18,1.038477585,0.972050679,0.947918246,0.984010097,1.053782869,1.093864608
43.2,1.03570229,0.967696019,0.947252737,0.986415389,1.055515062,1.095049712
43.22,1.032882935,0.967938981,0.946578921,0.988902383,1.057386511,1.09582003
43.24,1.029974523,0.963797893,0.946303246,0.99158139,1.058954337,1.096517615
43.26,1.027044437,0.96426125,0.94590117,0.994326161,1.060641297,1.096783845
43.28,1.024049449,0.960366251,0.945924078,0.997244982,1.061982298,1.096984756
43.3,1.021056627,0.961081517,0.945820571,1.00022244,1.063423309,1.096741995
43.32,1.018021317,0.957460915,0.94615592,1.003356176,1.064473476,1.096445678
43.34,1.015013071,0.958457551,0.946363403,1.00653792,1.065606586,1.095697883
43.36,1.011868609,0.955138103,0.947023634,1.009857585,1.06630203,1.095026353
43.38,1.00877069,0.956442648,0.947553231,1.01321066,1.0670659,1.093905185
43.4,1.005566989,0.953447611,0.948549387,1.016682573,1.067475116,1.09274881
43.42,1.002435961,0.955085197,0.949410901,1.020163728,1.068055119,1.091136828
43.44,0.99922498,0.952437006,0.950627765,1.023734499,1.073373536,1.089511749
43.46,0.996112677,0.95443172,0.951830599,1.022165716,1.073668435,1.087460505
43.48,0.9929438,0.95204087,0.953387144,1.025860749,1.078654834,1.085420228
43.5,0.989899967,0.95431239,0.954896661,1.02437249,1.078579124,1.082961781
43.52,0.98681877,0.952215613,0.956768308,1.028143931,1.08317375,1.080540571
43.54,0.983888489,0.954791089,0.958585698,1.026684088,1.082672259,1.077713453
43.56,0.980937519,0.953011806,0.960772576,1.030479234,1.08681997,1.074951437
43.58,0.978163282,0.955916952,0.962897053,1.028991363,1.085843068,1.071799613
43.6,0.975381922,0.954477331,0.965397015,1.0327528,1.089494733,1.068741594
43.62,0.972802982,0.953526025,0.967825467,1.036521756,1.087999675,1.065313192
43.64,0.974438341,0.952493421,0.965266902,1.040277236,1.091140204,1.062007379
43.66,0.971914681,0.951992561,0.967909491,1.043980406,1.089119972,1.058483507
43.68,0.973616509,0.951376212,0.965664448,1.047632595,1.091717201,1.055101107
43.7,0.971195554,0.951191821,0.968621209,1.051207371,1.089147741,1.051400907
43.72,0.973013789,0.95090175,0.966661137,1.054690319,1.091302881,1.047859413
43.74,0.970739888,0.951060386,0.969912442,1.058071057,1.088290569,1.044025738
43.76,0.972717234,0.95111374,0.973064832,1.061315957,1.089988742,1.040377204
43.78,0.970631841,0.946781087,0.976548113,1.06446009,1.086517912,1.036463423
43.8,0.96886009,0.947258239,0.979895987,1.067419442,1.087615884,1.036708899
43.82,0.967028996,0.943319432,0.983566665,1.070385543,1.083540921,1.032695746
43.84,0.965559583,0.944209517,0.987088896,1.073124354,1.084054445,1.032848296
43.86,0.964036993,0.944980415,0.99104321,1.075839979,1.079406264,1.028789288
43.88,0.95859303,0.946221705,0.994838561,1.078278667,1.079346778,1.028788969
43.9,0.957382713,0.943127383,0.999057139,1.080667656,1.074257636,1.024596912
43.92,0.95647292,0.944762154,1.003071328,1.082726831,1.073763204,1.024478974
43.94,0.955536063,0.946276546,1.007496453,1.084714124,1.068256037,1.020237574
43.96,0.950720073,0.948287017,1.011713205,1.08631745,1.06734595,1.020082107
43.98,0.950151054,0.950150373,1.016323468,1.087830328,1.061448733,1.01582851
44,0.945718031,0.952523427,1.020698789,1.094545875,1.060151265,1.015670943
44.02,0.945539606,0.95474327,1.019803348,1.095617866,1.053928135,1.01146103
44.04,0.941508795,0.957486019,1.024212778,1.10183643,1.052307946,1.007033294
44.06,0.94174208,0.960040296,1.023297465,1.10237584,1.050124383,1.002975438
44.08,0.938109888,0.963234457,1.027685034,1.108032235,1.048145852,0.998754981
44.1,0.938648583,0.966213036,1.026691191,1.108002936,1.045623055,0.994808895
44.12,0.93534738,0.969846413,1.031123213,1.113061217,1.043443615,0.990727512
44.14,0.936226452,0.973120182,1.030111285,1.112414045,1.040607926,0.986942842
44.16,0.933276184,0.977065888,1.034511845,1.116965993,1.038130928,0.983052823
44.18,0.934517183,0.980641195,1.038571376,1.11580124,1.035023563,0.979476508
44.2,0.931935125,0.979733772,1.042838197,1.119837361,1.032304985,0.975824844
44.22,0.933558641,0.983661801,1.046715298,1.118140677,1.028984862,0.972499998
44.24,0.931335978,0.983073413,1.05075093,1.121621657,1.026082556,0.969129229
44.26,0.933336644,0.98734025,1.054374887,1.119363553,1.022610224,0.966094684
44.28,0.931490583,0.987051541,1.058103395,1.122261474,1.019582763,0.963043025
44.3,0.933888636,0.991744041,1.061399216,1.119424411,1.016018767,0.960333755
44.32,0.932331244,0.991828186,1.064741895,1.121723538,1.012799603,0.957635815
44.34,0.935051332,0.996908557,1.067765903,1.118270599,1.009068012,0.955281256
44.36,0.933815129,0.997201905,1.070932696,1.119947741,1.005716468,0.952965165
44.38,0.936972427,1.002507424,1.073753833,1.115878333,1.001886767,0.950899042
44.4,0.936158493,1.00298548,1.07666659,1.11693785,0.998468728,0.948907898
44.42,0.939755074,1.008486204,1.07919882,1.112267111,0.994606627,0.947172117
44.44,0.939372025,1.009111614,1.081767837,1.112725344,0.991183262,0.945536827
44.46,0.943421004,1.014769866,1.083925299,1.107480709,0.987350793,0.94415976
44.48,0.943477877,1.015617552,1.086062087,1.107365952,0.98397985,0.942908783
44.5,0.947873377,1.02149214,1.087762231,1.101586103,0.980234685,0.941916736
44.52,0.948276454,1.022501985,1.0893834,1.100937412,0.976969487,0.941075437
44.54,0.95304053,1.028538524,1.090547787,1.09467084,0.973242622,0.936428266
44.56,0.953897863,1.034140828,1.097043996,1.093658444,0.974078325,0.935969365
44.58,0.95461486,1.034779068,1.097586796,1.087104525,0.970355333,0.931752455
44.6,0.955952771,1.040464889,1.103406044,1.085675575,0.971204396,0.931706283
44.62,0.957107954,1.041242847,1.103385117,1.07873687,0.967545257,0.927916007
44.64,0.958776555,1.047052776,1.108629433,1.076936961,0.968465125,0.928303966
44.66,0.960263723,1.047894268,1.107991326,1.069678952,0.964925359,0.924956582
44.68,0.962268438,1.053757869,1.112595935,1.067570792,0.96596957,0.92579719
44.7,0.964083311,1.054588298,1.111285841,1.060062314,0.962599905,0.922908243
44.72,0.966418209,1.06042814,1.115196941,1.057712028,0.963817659,0.924220197
44.74,0.968553517,1.061166425,1.113172157,1.050023909,0.960664292,0.92180486
44.76,0.971209205,1.066898254,1.116348755,1.047499054,0.962100777,0.923606796
44.78,0.97375248,1.067457116,1.113580259,1.039702171,0.959205773,0.921581797
44.8,0.976805672,1.072991348,1.115995574,1.037069926,0.956056564,0.923803361
44.82,0.979726993,1.073279493,1.112469116,1.034079498,0.953415523,0.922174501
44.84,0.983156244,1.078520951,1.114111462,1.031422127,0.950577634,0.924812649
44.86,0.986433336,1.083182584,1.109852843,1.02829534,0.948257889,0.923597634
44.88,0.985472131,1.088134405,1.110923141,1.025519569,0.945771783,0.926673918
44.9,0.988998502,1.092441784,1.10611863,1.02231411,0.943809611,0.925963813
44.92,0.992366688,1.096978993,1.106633235,1.019489219,0.941614803,0.925434715
44.94,0.996175106,1.100858909,1.101296711,1.01627488,0.939962862,0.925188838
44.96,0.99978321,1.104904779,1.101270776,1.013465146,0.93808584,0.925116289
44.98,1.0038145,1.108263436,1.095429309,1.010306412,0.936759782,0.925340824
45,1.00762262,1.111721557,1.094890688,1.00757204,0.935236912,0.925730521
45.02,1.011939831,1.11446749,1.088415154,1.004529226,0.934270305,0.926323076
45.04,1.015993079,1.117414313,1.087230945,1.00179425,0.93313508,0.927089386
45.06,1.020532516,1.119632953,1.080293086,0.99878352,0.932556702,0.92806645
45.08,1.024775836,1.121989596,1.0786603,0.996107972,0.93183695,0.929215142
45.1,1.029477674,1.123592124,1.071319138,0.993195355,0.931674084,0.930581603
45.12,1.033848479,1.125270974,1.069291019,0.990639342,0.931397557,0.932210466
45.14,1.038643289,1.126176958,1.061608903,0.987884833,0.931582742,0.934055015
45.16,1.043071005,1.132065823,1.059245778,0.985503246,0.931691558,0.936150778
45.18,1.042915326,1.132168838,1.051315323,0.982960503,0.932266295,0.942557212
45.2,1.047381766,1.137200532,1.048706448,0.97555355,0.92870317,0.945059288
45.22,1.051439107,1.136417516,1.045845786,0.973342371,0.92972262,0.947651707
45.24,1.055968874,1.140558003,1.042807056,0.966317707,0.926607739,0.950470077
45.26,1.060018333,1.13904807,1.045020258,0.964358682,0.928073686,0.953472991
45.28,1.064491141,1.136966904,1.041678086,0.957649462,0.925412988,0.956690309
45.3,1.068442526,1.134799459,1.038108079,0.955915344,0.927348925,0.960079645
45.32,1.072735513,1.137533597,1.034576609,0.949455592,0.925161069,0.963682886
45.34,1.076465055,1.134588389,1.03088339,0.947977984,0.927582742,0.967444454
45.36,1.080502942,1.136529633,1.02726077,0.941815383,0.925879819,0.971516363
45.38,1.083935253,1.132798163,1.023516474,0.940640923,0.928703745,0.975714354
45.4,1.087609307,1.133941633,1.019870873,0.934817481,0.927416606,0.980219568
45.42,1.090760901,1.129433414,1.01614454,0.933986663,0.930673617,0.984703887
45.44,1.094084138,1.129793152,1.012540457,0.928537893,0.929817534,0.989487234
45.46,1.096841224,1.124536788,1.008745782,0.928087073,0.933526089,0.994229679
45.48,1.104145129,1.124294684,1.005094002,0.923043481,0.933114268,0.994806897
45.5,1.106372791,1.118503935,1.001294347,0.923003467,0.937292739,0.999814112
45.52,1.113084582,1.117723514,0.99766849,0.918392382,0.937316605,1.000599646
45.54,1.114656214,1.1114374,0.993936869,0.918792219,0.942055655,1.005924122
45.56,1.120670042,1.110006352,0.990404075,0.914544244,0.942510133,1.006958617
45.58,1.121638486,1.103105054,0.98680578,0.915328254,0.947712778,1.012530842
45.6,1.127024988,1.101071119,0.98342378,0.91148525,0.948617859,1.018098507
45.62,1.127300997,1.098673028,0.980016226,0.912682725,0.949948751,1.023828419
45.64,1.126934613,1.096049367,0.976732385,0.909269829,0.95135873,1.029500531
45.66,1.126530663,1.093217918,0.973456185,0.910886111,0.953185451,1.035269648
45.68,1.125467103,1.090188438,0.97032819,0.907904093,0.955102035,1.041052844
45.7,1.128921181,1.08198139,0.967245107,0.909966279,0.957320625,1.042267163
45.72,1.132207729,1.078698006,0.964303313,0.907437792,0.95974783,1.047983749
45.74,1.134864276,1.070330392,0.961444083,0.909868161,0.962429276,1.049084717
45.76,1.137302263,1.06689221,0.958739726,0.907731632,0.965324823,1.054666936
45.78,1.139104347,1.058285682,0.956154149,0.910571465,0.968460392,1.055560372
45.8,1.140656083,1.054605736,0.948712032,0.908850977,0.97181488,1.061054122
45.82,1.141579561,1.050849758,0.946510807,0.912103557,0.975394542,1.061903688
45.84,1.142210821,1.046921278,0.939516721,0.910798148,0.979074467,1.067322457
45.86,1.142249123,1.042958224,0.937760174,0.91459724,0.983076289,1.072594773
45.88,1.141961348,1.038868976,0.931139923,0.913723176,0.982581052,1.077797461
45.9,1.141123158,1.034788052,0.929765523,0.917983501,0.987021323,1.082785414
45.92,1.13993443,1.03048193,0.923566882,0.917550364,0.98691794,1.087633164
45.94,1.138364252,1.02621366,0.922486645,0.922273371,0.991767634,1.092222274
45.96,1.136441039,1.021892586,0.916617848,0.922299187,0.992019686,1.096595924
45.98,1.134158281,1.017649769,0.915877018,0.927508177,0.997243441,1.10067001
46,1.13151873,1.013384735,0.910376034,0.928011617,0.997921805,1.104577824
46.02,1.128550627,1.009241607,0.910012724,0.933617441,1.003443678,1.108143233
46.04,1.125231835,1.005101116,0.9049128,0.934522311,1.009219884,1.111467195
46.06,1.121623141,1.001125375,0.904960559,0.935705374,1.014953963,1.114434231
46.08,1.117677813,0.997171283,0.900290017,0.937197706,1.020896652,1.117083972
46.1,1.113342261,0.993423666,0.900644876,0.933983003,1.026876179,1.119489071
46.12,1.108674211,0.9897096,0.901276776,0.93598746,1.032997514,1.126313951
46.14,1.103678141,0.986108847,0.901918933,0.933302781,1.034327991,1.128029465
46.16,1.098532253,0.982578728,0.90286711,0.935853725,1.040618857,1.13409804
46.18,1.093114773,0.97920227,0.903835514,0.938644285,1.042049411,1.135000909
46.2,1.087578317,0.975912338,0.900163462,0.941674267,1.048459557,1.140217019
46.22,1.081819315,0.972814934,0.901562292,0.944911133,1.049932329,1.140221776
46.24,1.075976729,0.965245047,0.898328958,0.948400157,1.05637508,1.144503384
46.26,1.074504618,0.96251895,0.900271698,0.952088236,1.057796418,1.143541058
46.28,1.068204828,0.955279317,0.89757659,0.956040761,1.064291444,1.146993822
46.3,1.066278063,0.952889752,0.900069417,0.960173814,1.065672476,1.145189309
46.32,1.059606341,0.946037553,0.897819122,0.964571753,1.072104901,1.147771771
46.34,1.057326279,0.944027536,0.900787533,0.969137792,1.073336245,1.145079818
46.36,1.050386991,0.937476618,0.899018317,0.973973495,1.079591667,1.146751706
46.38,1.047976167,0.935768319,0.897743461,0.978964454,1.085753264,1.143148385
46.4,1.040981899,0.934302829,0.896526879,0.979003693,1.091684013,1.143918502
46.42,1.038390317,0.932864032,0.895853667,0.984433453,1.097452279,1.139562367
46.44,1.03129905,0.931702568,0.895198671,0.984977068,1.102905074,1.139579589
46.46,1.028628508,0.93057968,0.894992953,0.990921419,1.108281686,1.134486641
46.48,1.02153144,0.929769147,0.894815722,0.991798503,1.113254322,1.133616975
46.5,1.018866962,0.929003351,0.895108059,0.998100844,1.118249768,1.132599874
46.52,1.011846428,0.928584514,0.895422891,0.999278586,1.117822223,1.130817072
46.54,1.00928868,0.928213583,0.900981969,1.005900408,1.122388884,1.128905196
46.56,1.002442942,0.923470815,0.90186748,1.007331258,1.121445661,1.126233365
46.58,1.000059538,0.919198289,0.903233331,1.014345948,1.125457366,1.123483392
46.6,0.997593427,0.919702344,0.904570074,1.016064072,1.12387824,1.12011687
46.62,0.995215451,0.915896652,0.906447274,1.023374684,1.127214433,1.116745439
46.64,0.992823965,0.916873132,0.908286571,1.025313177,1.130369383,1.112778605
46.66,0.990550156,0.913560998,0.91068641,1.027368755,1.132889111,1.108878927
46.68,0.988305865,0.915040823,0.913038983,1.03489218,1.135177842,1.104412006
46.7,0.98197718,0.912248154,0.915355569,1.037083451,1.136778369,1.104147469
46.72,0.980009567,0.909444309,0.91821964,1.044869453,1.138271722,1.099022851
46.74,0.973911489,0.907210763,0.920997472,1.047224936,1.139038642,1.098246007
46.76,0.972152513,0.904849773,0.924337249,1.055173287,1.139681855,1.092683674
46.78,0.966318745,0.903100397,0.927578276,1.057601968,1.139531998,1.091485497
46.8,0.964830831,0.901220384,0.931396624,1.065616758,1.139253651,1.085575031
46.82,0.959317824,0.899975312,0.935103665,1.068015047,1.138122864,1.084042098
46.84,0.958155008,0.898594697,0.939402102,1.075987424,1.136870792,1.077874802
46.86,0.953012004,0.897873954,0.943575736,1.078383312,1.134716818,1.076094449
46.88,0.952221356,0.897011409,0.948326549,1.086319628,1.13246262,1.069623431
46.9,0.947490754,0.896717809,0.952929981,1.088582022,1.135109069,1.067542474
46.92,0.947112106,0.896299968,0.95811435,1.090649187,1.131936692,1.06088338
46.94,0.942827425,0.89647159,0.963134886,1.092722049,1.133623221,1.053910082
46.96,0.942894257,0.896619143,0.968708651,1.094548555,1.134216938,1.047228751
46.98,0.938962705,0.897366736,0.974101742,1.102026598,1.13485106,1.040170743
47,0.935303439,0.898079343,0.974317188,1.103473937,1.134540699,1.037533831
47.02,0.93173038,0.899396368,0.980119902,1.110509975,1.134309287,1.030502862
47.04,0.92848098,0.900639316,0.980679831,1.111417723,1.133145986,1.027908879
47.06,0.925326412,0.902514677,0.986977122,1.117876918,1.132093071,1.020994125
47.08,0.92252511,0.904186813,0.987947231,1.118270158,1.130111453,1.018525935
47.1,0.919823198,0.90653251,0.994520809,1.124165326,1.128281329,1.011807458
47.12,0.917502936,0.908672009,0.995702628,1.123916277,1.125537494,1.009418024
47.14,0.915282793,0.911612577,1.002498026,1.129117693,1.12296253,1.002837118
47.16,0.91336752,0.91432021,1.003827839,1.128254753,1.119485783,1.000598234
47.18,0.911573057,0.917856319,1.010779993,1.132810746,1.116229266,0.994230545
47.2,0.910109409,0.921145097,1.017500523,1.131226432,1.112100076,0.992212004
47.22,0.908770823,0.919975088,1.02462074,1.135042464,1.108245032,0.986123841
47.24,0.90778958,0.92379945,1.031446561,1.132654072,1.103554872,0.984387197
47.26,0.906908088,0.923137633,1.038625867,1.135622426,1.0991939,0.978635765
47.28,0.906411411,0.927503565,1.04547209,1.138378009,1.094041914,0.977234169
47.3,0.906014311,0.927349344,1.04657236,1.140365162,1.089303048,0.97186806
47.32,0.906129986,0.932363681,1.053413186,1.142104868,1.083666151,0.966400221
47.34,0.906223806,0.932775422,1.054552357,1.143161561,1.082835914,0.961332391
47.36,0.906852797,0.938250134,1.061405161,1.143984105,1.076835666,0.956217751
47.38,0.903613643,0.93909939,1.062463071,1.144085843,1.075661231,0.955361278
47.4,0.904822053,0.945022588,1.069211956,1.143959609,1.069403649,0.950588586
47.42,0.902182669,0.946279871,1.070067232,1.143062789,1.068001935,0.950077811
47.44,0.904007676,0.952645238,1.07658521,1.141956734,1.061606061,0.94569742
47.46,0.901981253,0.954409989,1.077106514,1.14004192,1.059932757,0.945581398
47.48,0.904328485,0.961298491,1.083257807,1.138086768,1.053340863,0.941635722
47.5,0.90283885,0.963535283,1.088866423,1.135310118,1.051488697,0.9419545
47.52,0.905745634,0.965367182,1.094633697,1.132375315,1.044807206,0.938478833
47.54,0.904811481,0.972370976,1.099945043,1.128583654,1.037510831,0.939268882
47.56,0.903853853,0.974615549,1.105367501,1.130048041,1.030912406,0.936268563
47.58,0.903404644,0.982012964,1.110273226,1.125181092,1.023784222,0.933383966
47.6,0.902945801,0.984595878,1.115226918,1.125574904,1.021380087,0.930822578
47.62,0.903089798,0.992349092,1.11960633,1.119832802,1.014380513,0.928333573
47.64,0.903201528,0.995225415,1.123936758,1.119392512,1.012113576,0.926189788
47.66,0.903934434,1.003288782,1.127643186,1.112875603,1.005324431,0.924148519
47.68,0.904623744,1.006402873,1.131200766,1.111670437,1.003272803,0.922459007
47.7,0.905954515,1.014832672,1.134092741,1.104463856,0.996768918,0.920902157
47.72,0.907115976,1.01822153,1.136736424,1.102579133,0.99500123,0.919700877
47.74,0.908950911,1.026930231,1.138684375,1.094781906,0.988846881,0.918661666
47.76,0.910706608,1.030512444,1.14614897,1.092315093,0.987422148,0.917883287
47.78,0.913139342,1.033553121,1.147001698,1.08388154,0.981543615,0.917310567
47.8,0.915478784,1.037300606,1.153477136,1.08090258,0.980388552,0.917003723
47.82,0.922383146,1.040456696,1.153296709,1.072054939,0.974837969,0.913031932
47.84,0.925252008,1.049125733,1.158698706,1.068679419,0.974011313,0.913278107
47.86,0.927868308,1.052402861,1.157417819,1.059532359,0.968822788,0.909863593
47.88,0.93119015,1.061157062,1.16168291,1.05586903,0.963414217,0.910754554
47.9,0.934345017,1.064417245,1.159233957,1.051478298,0.958619283,0.907856258
47.92,0.938201283,1.073137098,1.162300073,1.047369214,0.953682212,0.909293546
47.94,0.941874208,1.076254143,1.158830863,1.042567814,0.949359161,0.906945609
47.96,0.946259069,1.084805154,1.160872767,1.038118533,0.944810193,0.908951437
47.98,0.950443557,1.087780647,1.156369396,1.033156945,0.940881908,0.90717057
48,0.955310774,1.096144116,1.15736118,1.028597648,0.93676594,0.909663566
48.02,0.959952356,1.098825366,1.15182268,1.023583977,0.933276224,0.908385758
48.04,0.965274541,1.1068472,1.151769124,1.019011597,0.929634192,0.911404979
48.06,0.970350675,1.109078268,1.145222412,1.01404231,0.926618708,0.910650439
48.08,0.976101064,1.116595975,1.144155889,1.009544969,0.923486197,0.91422183
48.1,0.981582147,1.12322277,1.136654961,1.004548046,0.920976594,0.914106467
48.12,0.982717068,1.130043775,1.134817567,1.000046548,0.918288944,0.918331174
48.14,0.988720392,1.135895998,1.13268827,0.995102777,0.916238492,0.918728941
48.16,0.990295837,1.135764236,1.130092275,0.99071741,0.914041756,0.923511281
48.18,0.996755191,1.140780066,1.127220843,0.985943335,0.91247938,0.924457933
48.2,1.002846507,1.139881986,1.123714782,0.981750907,0.910802112,0.925657561
48.22,1.009492531,1.144281287,1.119982093,0.977219376,0.905097953,0.927214567
48.24,1.015823714,1.142704073,1.115639249,0.97780473,0.904010241,0.928887565
48.26,1.022659725,1.146370948,1.111281699,0.973348703,0.898932473,0.930950195
48.28,1.029142556,1.143988512,1.106376692,0.968510236,0.89847511,0.933217263
48.3,1.036085029,1.14679857,1.107019684,0.964291469,0.893918298,0.935875672
48.32,1.042633443,1.148730233,1.101541179,0.959770205,0.894006163,0.938728351
48.34,1.044476802,1.150569205,1.101642121,0.955884217,0.890006851,0.941870413
48.36,1.051153293,1.151492159,1.095719985,0.951744207,0.890663835,0.945188986
48.38,1.053035925,1.152244702,1.095210675,0.948247626,0.887239914,0.948904321
48.4,1.059729052,1.152251957,1.088761632,0.944541734,0.88838996,0.952770963
48.42,1.061533211,1.152040718,1.081862008,0.941351213,0.885484174,0.95704567
48.44,1.068120922,1.156962476,1.075219274,0.937962243,0.887167967,0.961459789
48.46,1.074143464,1.155620516,1.068219169,0.935102958,0.884800301,0.961865968
48.48,1.080624499,1.159396086,1.06152578,0.932088495,0.887043952,0.966740687
48.5,1.086449524,1.156908037,1.054537174,0.929611134,0.885213645,0.967575217
48.52,1.092649513,1.159341147,1.047728668,0.927020907,0.888021629,0.973002533
48.54,1.098298425,1.155679833,1.04066266,0.924968039,0.886652199,0.974327999
48.56,1.104250211,1.156950513,1.033833461,0.922843143,0.89006404,0.980269784
48.58,1.109580276,1.152141968,1.026806421,0.921155099,0.889281934,0.982057781
48.6,1.115118078,1.152262881,1.020062194,0.919448199,0.893306955,0.988487271
48.62,1.119963492,1.146343758,1.013176875,0.913042818,0.89313075,0.990810537
48.64,1.129539877,1.14535852,1.011746865,0.911864225,0.897660798,0.993153496
48.66,1.133846594,1.143809638,1.004997075,0.906044321,0.897998089,1.000186144
48.68,1.137402345,1.141782009,1.003721653,0.905448424,0.898726343,1.002859471
48.7,1.141082402,1.139232192,0.997057596,0.900235772,0.899727401,1.010186372
48.72,1.143956277,1.136379064,0.99585528,0.900122876,0.901092207,1.01319374
48.74,1.146855939,1.133076091,0.989354086,0.895436165,0.902645631,1.020845648
48.76,1.148905141,1.129493541,0.98831206,0.89584958,0.904570666,1.0241048
48.78,1.150882576,1.12535825,0.982054183,0.891711146,0.906703398,1.032009173
48.8,1.152138458,1.120953424,0.981245736,0.892676887,0.909201917,1.0354379
48.82,1.153249242,1.116078167,0.975297913,0.889107928,0.911927566,1.04350921
48.84,1.153598514,1.110971944,0.974649927,0.890652106,0.91501357,1.04701199
48.86,1.158550768,1.105613307,0.96892855,0.887672297,0.918346153,1.050427004
48.88,1.157850031,1.10009647,0.963237698,0.889819574,0.922018057,1.054053414
48.9,1.161683618,1.099659236,0.957888975,0.887324588,0.925925043,1.057538777
48.92,1.159817945,1.093736433,0.952643325,0.889990598,0.930162231,1.065787433
48.94,1.162473474,1.087670438,0.947748136,0.888023967,0.930028281,1.069200077
48.96,1.164657732,1.081359546,0.94297254,0.891240674,0.934877124,1.077446061
48.98,1.166165278,1.074968908,0.93854816,0.889805667,0.935300891,1.08076493
49,1.167161976,1.06840992,0.934284588,0.893474674,0.940734505,1.08888343
49.02,1.167486727,1.061832481,0.930367475,0.892513383,0.941699194,1.091963148
49.04,1.167252916,1.055154124,0.926650128,0.896685304,0.947705624,1.09980027
49.06,1.166369781,1.048517799,0.923268769,0.896339859,0.9491915,1.102480923
49.08,1.164896484,1.041838213,0.920014614,0.901137959,0.955755626,1.109869293
49.1,1.16281355,1.035096816,0.91698737,0.901417225,0.962586467,1.116958354
49.12,1.160287651,1.028475258,0.914125222,0.897104041,0.964786766,1.123851416
49.14,1.15723528,1.021846323,0.916419343,0.898026693,0.972063469,1.13035818
49.16,1.153738719,1.015375515,0.913894923,0.899281149,0.974650202,1.136557704
49.18,1.14960115,1.008978602,0.906659347,0.90082638,0.982364577,1.142475871
49.2,1.149978995,1.007578394,0.90465841,0.897714221,0.985319665,1.14302102
49.22,1.144910336,1.001244764,0.902926589,0.89989889,0.993512587,1.148267164
49.24,1.144381975,0.999921701,0.901430856,0.902264634,0.996830888,1.148034585
49.26,1.138468663,0.993772269,0.895294624,0.904991259,1.005430078,1.152446425
49.28,1.137110604,0.992638616,0.894403709,0.907976728,1.009071355,1.151280694
49.3,1.130445797,0.986730574,0.888781246,0.911332278,1.018010224,1.154703469
49.32,1.128352441,0.985837818,0.888430927,0.914935894,1.022020362,1.157720154
49.34,1.121043823,0.98024115,0.883365447,0.918816993,1.026061117,1.160142152
49.36,1.118193718,0.974922859,0.883581511,0.922957647,1.030234743,1.162257636
49.38,1.114939084,0.96963489,0.879068081,0.927370318,1.034394038,1.163709616
49.4,1.111479745,0.964688183,0.879849644,0.932040603,1.043817935,1.164847077
49.42,1.10767315,0.959791145,0.875906207,0.931922007,1.048084904,1.165268086
49.44,1.103728291,0.955279775,0.877163597,0.937150939,1.057559607,1.165358864
49.46,1.099491439,0.950828324,0.873817737,0.937572251,1.061778674,1.164664521
49.48,1.090364315,0.946684649,0.875667567,0.943376891,1.071179278,1.168455433
49.5,1.085729805,0.9426042,0.87291927,0.944335033,1.075217047,1.166655009
49.52,1.076317583,0.938868483,0.875379492,0.950717383,1.084426678,1.169167145
49.54,1.071430028,0.935204802,0.873242052,0.952205974,1.088315861,1.166053573
49.56,1.061875045,0.931921994,0.876333798,0.959164726,1.09735449,1.167235404
49.58,1.056866273,0.928713774,0.874823288,0.961175055,1.100940527,1.168077137
49.6,1.047299003,0.925921512,0.878570867,0.968820388,1.104487756,1.167881803
49.62,1.042316032,0.918760385,0.877592536,0.971302229,1.107799486,1.167364218
49.64,1.037167579,0.916438156,0.881902956,0.979437118,1.111003363,1.165943583
49.66,1.032190107,0.909803837,0.881478453,0.982345717,1.11942599,1.164285597
49.68,1.027106737,0.908011398,0.88638073,0.985383022,1.12209408,1.161748142
49.7,1.022235398,0.90193463,0.886534428,0.988859424,1.129898988,1.159028071
49.72,1.017317016,0.900703339,0.891903995,0.992415349,1.131830953,1.155439597
49.74,1.012507479,0.89520999,0.892532309,0.996393856,1.138842021,1.151868475
49.76,1.007695217,0.894565213,0.8985276,1.000415434,1.139865311,1.147464408
49.78,1.003032903,0.88956762,0.899748854,1.010223781,1.145908997,1.142973313
49.8,0.998422219,0.88944436,0.90099088,1.014748637,1.146044584,1.137660745
49.82,0.993989401,0.884989496,0.90275512,1.025037867,1.151319462,1.132338141
49.84,0.989657799,0.885389346,0.904552458,1.02980157,1.150589269,1.126239612
49.86,0.981141463,0.881472574,0.906893059,1.040336797,1.154936757,1.124594185
49.88,0.977095738,0.882400097,0.909258865,1.045253445,1.159062815,1.1178819
49.9,0.968945534,0.879020838,0.912305288,1.050075245,1.162333447,1.115684738
49.92,0.965272283,0.880386127,0.915340304,1.055101399,1.16532607,1.108518228
49.94,0.957555169,0.877480756,0.919053923,1.059989085,1.167368952,1.105886899
49.96,0.954313911,0.875077913,0.922738641,1.065007745,1.169122812,1.098229013
49.98,0.951340012,0.872722935,0.927109654,1.06997777,1.170005348,1.095112304
50,0.948506967,0.870918113,0.931297309,1.074985704,1.170613704,1.08710148
50.02,0.945983192,0.869154639,0.936206814,1.07988854,1.170280071,1.083656199
50.04,0.943604408,0.867967676,0.940921724,1.084737867,1.169679815,1.075428982
50.06,0.941575337,0.866813965,0.946375183,1.089423586,1.168081898,1.071637986
50.08,0.935547205,0.86637762,0.951736374,1.099937778,1.166388408,1.067301272
50.1,0.933886204,0.86580847,0.951846963,1.104358889,1.163705835,1.063316933
50.12,0.92830657,0.866006883,0.957743567,1.114534647,1.160971881,1.058852344
50.14,0.927096996,0.866030672,0.958331513,1.118495182,1.157226822,1.049832576
50.16,0.922010581,0.866852839,0.964745115,1.12815856,1.158426711,1.045284173
50.18,0.921271731,0.867488532,0.965911298,1.131481307,1.153513199,1.036289512
50.2,0.916690999,0.868826554,0.972918667,1.140659404,1.153541128,1.031790038
50.22,0.916460798,0.869994487,0.974608167,1.143382114,1.147497738,1.022941511
50.24,0.912417567,0.871891771,0.982175276,1.151903751,1.146408264,1.018601631
50.26,0.912728847,0.873616492,0.984344909,1.153831352,1.139313969,1.010004102
50.28,0.909251673,0.876099854,0.992428217,1.161495741,1.137191533,1.005918804
50.3,0.910135575,0.878510929,1.000244032,1.162614773,1.135182969,0.997660706
50.32,0.907147682,0.876476402,1.008711748,1.163396392,1.132073019,0.993939491
50.34,0.90459439,0.879498697,1.016829737,1.169885839,1.129121121,0.989938851
50.36,0.902172017,0.878051441,1.019302522,1.169729689,1.125276338,0.986439894
50.38,0.900233005,0.881697014,1.027685392,1.17518848,1.115719419,0.982716789
50.4,0.898417207,0.880812588,1.030327037,1.179886762,1.111181375,0.979488107
50.42,0.897116031,0.885065441,1.038888127,1.184248085,1.106979449,0.976085876
50.44,0.895928466,0.884864723,1.041629556,1.181827597,1.101816614,0.968663798
50.46,0.895176259,0.889829017,1.050433407,1.185082194,1.101593208,0.965748641
50.48,0.894530197,0.89016457,1.053260256,1.18149696,1.095813025,0.958768576
50.5,0.89435003,0.895725489,1.062139556,1.183564893,1.089274538,0.956286972
50.52,0.894271914,0.900978623,1.064921995,1.18459752,1.083223313,0.949768604
50.54,0.890332037,0.907220943,1.073761595,1.185288868,1.07633973,0.947746705
50.56,0.890795472,0.913097534,1.076564064,1.185042839,1.069988065,0.941715952
50.58,0.887421248,0.919832761,1.085379415,1.184493152,1.062878185,0.940175598
50.6,0.888469053,0.926203368,1.093674277,1.182945949,1.05636601,0.934670732
50.62,0.885676957,0.927805112,1.102270196,1.181151153,1.049168704,0.933649381
50.64,0.887331148,0.934726772,1.110249373,1.184840677,1.042469142,0.928702274
50.66,0.885211357,0.936825856,1.111893722,1.181909604,1.035167207,0.923703029
50.68,0.887547486,0.944399213,1.119460966,1.184428742,1.032855764,0.919221319
50.7,0.885969309,0.947038811,1.120567671,1.180353952,1.025599319,0.914744212
50.72,0.888893364,0.955193965,1.12754802,1.181738615,1.023342458,0.910787223
50.74,0.887896769,0.958348475,1.128113824,1.176581161,1.016238681,0.906866775
50.76,0.891433739,0.966887952,1.134486546,1.176877299,1.014133957,0.903465308
50.78,0.89103876,0.970485227,1.134334269,1.170506698,1.007125788,0.900131714
50.8,0.895092125,0.979470478,1.140121952,1.169728192,1.005106223,0.897311161
50.82,0.895222167,0.983442963,1.145264031,1.162371021,0.99827465,0.894587851
50.84,0.899931083,0.98684777,1.150280082,1.16065235,0.996432591,0.892275277
50.86,0.900686774,0.991194522,1.154565635,1.152444763,0.989863862,0.890107337
50.88,0.906026849,0.99493134,1.158602524,1.149892469,0.988276846,0.888347622
50.9,0.907396915,1.004282569,1.161866061,1.140958166,0.982042086,0.88676141
50.92,0.908688993,1.008375888,1.164781792,1.137507787,0.975400556,0.885578773
50.94,0.910613412,1.018054662,1.167083304,1.133139888,0.96950582,0.884548786
50.96,0.912471686,1.022377277,1.168947797,1.128940119,0.963284386,0.883915697
50.98,0.915081827,1.032291733,1.170191093,1.123877191,0.957821774,0.8833651
51,0.917595428,1.036742808,1.17089044,1.119065469,0.952080915,0.883230095
51.02,0.920882956,1.04678386,1.170951609,1.113453134,0.947100932,0.883206411
51.04,0.92405983,1.051241838,1.170371765,1.108170761,0.941887716,0.879483042
51.06,0.928033825,1.061412106,1.169156477,1.102155242,0.941425451,0.880067269
51.08,0.931728313,1.065862517,1.173547003,1.096661988,0.936584337,0.876973358
51.1,0.93624988,1.069668855,1.170960125,1.090369615,0.936499969,0.878208043
51.12,0.94058251,1.074020897,1.174102709,1.084636325,0.932086231,0.875659753
51.14,0.945707457,1.077660598,1.170276004,1.07817414,0.932431585,0.877580585
51.16,0.950625047,1.086819234,1.172153824,1.072328222,0.928394915,0.875704176
51.18,0.951279771,1.09011168,1.167095231,1.065823147,0.924196074,0.878317554
51.2,0.956817268,1.098999275,1.167723857,1.0649148,0.920670375,0.877078205
51.22,0.958000326,1.101883879,1.161452566,1.058383893,0.917046646,0.880246637
51.24,0.96409032,1.110309266,1.160884058,1.05121948,0.914092261,0.879575619
51.26,0.969897293,1.112604586,1.159702531,1.044680836,0.911044467,0.879211701
51.28,0.976482742,1.120399768,1.158051963,1.037614721,0.908657742,0.879177742
51.3,0.982739842,1.121970622,1.155785771,1.031223517,0.906194377,0.879443662
51.32,0.989878481,1.128974018,1.153110275,1.024374753,0.90438141,0.880052201
51.34,0.996636497,1.134965841,1.14983353,1.018236138,0.902429312,0.880956669
51.36,0.998932972,1.140969113,1.146245074,1.011705433,0.90113689,0.882224835
51.38,1.00618674,1.146042755,1.141870298,1.005750674,0.89974035,0.883754736
51.4,1.008737446,1.151215057,1.137405379,0.999448968,0.898995313,0.885672175
51.42,1.016372092,1.155425432,1.13220519,0.993758176,0.898180996,0.88772951
51.44,1.019205302,1.159619131,1.126994167,0.987777378,0.898009144,0.890211229
51.46,1.027121427,1.162801617,1.121097146,0.982429837,0.897802983,0.892926917
51.48,1.030142921,1.165852813,1.115270082,0.976845588,0.898132447,0.89607144
51.5,1.038242252,1.167860129,1.108815392,0.971906318,0.898480126,0.899439754
51.52,1.045755726,1.169628149,1.10231501,0.966779281,0.89470311,0.898845833
51.54,1.053905723,1.170555044,1.095219202,0.966953965,0.89569714,0.902893513
51.56,1.061513117,1.171175714,1.088177969,0.962101533,0.892575817,0.902924173
51.58,1.069672367,1.170937392,1.080776341,0.957023758,0.894136858,0.907630839
51.6,1.077226189,1.175909144,1.079027245,0.952595293,0.891579776,0.912525858
51.62,1.079649482,1.174393479,1.071375608,0.948016987,0.889480459,0.917858897
51.64,1.087081538,1.178043573,1.069387634,0.944092895,0.887564746,0.9233209
51.66,1.089399738,1.175199852,1.061618468,0.940043118,0.886097283,0.92920023
51.68,1.096671762,1.17748879,1.059514169,0.936645822,0.884737533,0.935188771
51.7,1.098711678,1.173305475,1.051559878,0.933166856,0.883841263,0.941601312
51.72,1.105650695,1.174420638,1.049256516,0.930329817,0.883074581,0.94810933
51.74,1.111924374,1.169114942,1.041225618,0.927452825,0.882769127,0.950354207
51.76,1.118327575,1.169113607,1.038850872,0.925204087,0.882616807,0.957410782
51.78,1.123976022,1.162542575,1.030866998,0.92295689,0.883000177,0.960141672
51.8,1.129976794,1.161253495,1.028532113,0.921220832,0.883549147,0.967677806
51.82,1.135159706,1.153463559,1.020700662,0.919542536,0.884517594,0.970816359
51.84,1.140582468,1.150968227,1.012562939,0.918365089,0.885695673,0.978779726
51.86,1.145107536,1.148001769,1.004886232,0.917253324,0.887288025,0.982275694
51.88,1.149752295,1.144465817,0.996997413,0.91147392,0.88911636,0.990615017
51.9,1.153457553,1.140481794,0.994763212,0.910904135,0.891328679,0.994524162
51.92,1.162068236,1.13600938,0.987246259,0.905719558,0.893792609,0.998361191
51.94,1.164745549,1.131176793,0.985366293,0.9056521,0.896633966,1.007210311
51.96,1.172228775,1.125754196,0.978285849,0.901007932,0.895158018,1.011350664
51.98,1.173892916,1.119987557,0.976669944,0.901493817,0.898668311,1.020490804
52,1.180321379,1.113894462,0.969918171,0.897395284,0.897830036,1.024944702
52.02,1.180829243,1.107520903,0.968632648,0.898444029,0.901902352,1.034382509
52.04,1.186039235,1.100905126,0.962280508,0.8949186,0.901610605,1.039031937
52.06,1.185248192,1.094070017,0.961389786,0.896561915,0.906375499,1.04865556
52.08,1.189102412,1.087073761,0.955495345,0.893531593,0.906724275,1.053378224
52.1,1.186898746,1.079923204,0.955053353,0.895827937,0.912170317,1.063056545
52.12,1.189293288,1.072686199,0.949548864,0.893445108,0.913160896,1.067708396
52.14,1.19076239,1.065173292,0.944185355,0.896404471,0.919297512,1.072253067
52.16,1.191789723,1.062966421,0.939073305,0.89466157,0.925739871,1.081717937
52.18,1.191902121,1.055274192,0.934168554,0.893346622,0.927609242,1.086145971
52.2,1.191562322,1.052907067,0.929528682,0.892235503,0.934658864,1.095431265
52.22,1.190334546,1.045165206,0.925111575,0.891516526,0.937088247,1.099550199
52.24,1.188611142,1.042588268,0.920964461,0.891029679,0.944744011,1.108610972
52.26,1.186213346,1.034724042,0.917077813,0.890923735,0.947702871,1.112368105
52.28,1.183317031,1.03204616,0.913458839,0.890968114,0.955913319,1.121008009
52.3,1.179788005,1.024188896,0.910138257,0.891409357,0.959372669,1.124215501
52.32,1.175753687,1.021528176,0.907076592,0.892024568,0.96811659,1.132238842
52.34,1.171144857,1.013791691,0.904350855,0.893034488,0.972045377,1.134700459
52.36,1.166041344,1.011251858,0.901871754,0.894361662,0.981292393,1.141905902
52.38,1.160434994,1.003734278,0.899648839,0.896052463,0.985650012,1.148602088
52.4,1.154169273,0.996314299,0.897687426,0.898092364,0.990294672,1.154963346
52.42,1.152583044,0.989021872,0.89599094,0.900368562,0.995171969,1.160893576
52.44,1.14533327,0.981893056,0.88953025,0.903015853,1.000153029,1.166389342
52.46,1.142808474,0.979944786,0.88845413,0.90586869,1.005330966,1.171386948
52.48,1.134721211,0.973101845,0.882656577,0.909120585,1.010577419,1.175827905
52.5,1.131414031,0.971434804,0.88224487,0.912572513,1.016099419,1.179717006
52.52,1.122659819,0.964956168,0.877122779,0.916322037,1.021629342,1.18293295
52.54,1.118534648,0.963642383,0.877393793,0.920400443,1.032626989,1.185738827
52.56,1.114205087,0.957443035,0.872846592,0.919530146,1.038308071,1.182671204
52.58,1.109480509,0.956424571,0.873723068,0.924279927,1.04942718,1.184396494
52.6,1.099499104,0.950590445,0.869764125,0.924041023,1.055091192,1.190715169
52.62,1.094369352,0.949908211,0.871243499,0.929471952,1.060770144,1.191129053
52.64,1.084155412,0.944473534,0.867890457,0.929865866,1.066500797,1.196056811
52.66,1.078817765,0.944184734,0.869997752,0.935821641,1.072175196,1.195047734
52.68,1.068516182,0.939200067,0.867269741,0.936831445,1.077813459,1.198512738
52.7,1.063105266,0.934668264,0.869904246,0.943424116,1.083333318,1.196035159
52.72,1.057361212,0.930251431,0.867701958,0.945021851,1.088715567,1.19817724
52.74,1.051718215,0.926348268,0.8708913,0.952247849,1.093914282,1.194429328
52.76,1.045814792,0.92254846,0.869363389,0.954421031,1.104465052,1.195280055
52.78,1.04007985,0.919043828,0.873236723,0.956669965,1.109289255,1.190296385
52.8,1.034286272,0.915669719,0.872384727,0.959304195,1.119372308,1.189902196
52.82,1.028546303,0.912627272,0.876938714,0.962132185,1.123603091,1.18388232
52.84,1.022792605,0.909721688,0.876628501,0.965314083,1.133030066,1.182467706
52.86,1.017142611,0.907182049,0.881781081,0.968661345,1.13648085,1.175298575
52.88,1.011540118,0.904779607,0.882059625,0.977809619,1.145245498,1.172726172
52.9,1.006077721,0.902776872,0.882380233,0.981604434,1.14795008,1.164474444
52.92,1.000719067,0.900908201,0.883326829,0.991338714,1.155901833,1.16084468
52.94,0.99552688,0.89944642,0.884178038,0.995616351,1.157662511,1.151631379
52.96,0.990344716,0.893654402,0.885704935,1.005865179,1.16460131,1.147214236
52.98,0.985187228,0.892824033,0.88710822,1.010566258,1.171188353,1.141941566
53,0.98024509,0.887675261,0.889213291,1.015306694,1.17706645,1.136646943
53.02,0.975407041,0.887496284,0.891303677,1.020244503,1.182716153,1.13052275
53.04,0.97080746,0.882891662,0.894076184,1.025186799,1.18756311,1.124471313
53.06,0.966362435,0.883289186,0.896815553,1.030415682,1.192129325,1.117652857
53.08,0.962168605,0.879273857,0.900122735,1.035586115,1.19578109,1.111000489
53.1,0.958037711,0.880274302,0.903407289,1.040982416,1.199117241,1.103788318
53.12,0.954169818,0.876866116,0.907280291,1.046268611,1.20143573,1.096822756
53.14,0.950413032,0.878492314,0.911124238,1.051705883,1.203424289,1.089188152
53.16,0.946933114,0.87571037,0.915705225,1.056977635,1.204483768,1.081852972
53.18,0.943607397,0.877860026,0.920219451,1.068230995,1.205229318,1.073922199
53.2,0.936215035,0.875628801,0.919577849,1.073475021,1.204999751,1.07071634
53.22,0.93343668,0.878331834,0.924666978,1.084628896,1.204464254,1.062547129
53.24,0.926657123,0.876626231,0.924564151,1.089647834,1.20291758,1.059124537
53.26,0.924481989,0.879993611,0.930236262,1.100538711,1.20109214,1.050859673
53.28,0.918234675,0.878933125,0.930656655,1.105161518,1.198216188,1.047197651
53.3,0.916597655,0.882973249,0.937028728,1.115609064,1.19526335,1.038789688
53.32,0.910806055,0.882451379,0.938063797,1.11965041,1.197483617,1.035130824
53.34,0.909625699,0.887082244,0.94509537,1.123238401,1.193384637,1.026856122
53.36,0.904328123,0.887146617,0.951957216,1.126593787,1.194239647,1.023338212
53.38,0.903643709,0.887160878,0.959566546,1.129818467,1.188803694,1.015296347
53.4,0.898873602,0.887891662,0.966907661,1.132704463,1.1883375,1.012007909
53.42,0.898693566,0.888435465,0.97497772,1.13538998,1.181652048,1.004134278
53.44,0.894454392,0.889744853,0.982750284,1.143986577,1.180105372,1.001002349
53.46,0.89068723,0.890861827,0.984867705,1.145925779,1.172462954,0.997492604
53.48,0.88706098,0.892862093,0.993081905,1.153684725,1.169978698,0.994522572
53.5,0.883844293,0.894604189,0.995552183,1.154668162,1.161512619,0.991232675
53.52,0.880784855,0.897262316,1.004150233,1.161409726,1.158224089,0.98368609
53.54,0.878160459,0.899646445,1.007049658,1.161269233,1.153876892,0.980769803
53.56,0.875664134,0.902835298,1.016077131,1.166828015,1.149804735,0.973554079
53.58,0.873630117,0.905763229,1.019303883,1.165438549,1.144681096,0.970957817
53.6,0.871715056,0.90952033,1.028671049,1.169882507,1.139896381,0.964131393
53.62,0.870289937,0.9130106,1.032123953,1.167316093,1.134120102,0.961920609
53.64,0.868974848,0.917355295,1.041724919,1.170535217,1.128762648,0.955542295
53.66,0.868179391,0.921535979,1.045286164,1.173403395,1.122479824,0.953770818
53.68,0.867374477,0.926578893,1.048265696,1.175450082,1.116723975,0.947887991
53.7,0.867140332,0.931441226,1.057386222,1.177118701,1.110114156,0.946480021
53.72,0.866894343,0.93144379,1.060284011,1.177916787,1.104048106,0.941010326
53.74,0.867247527,0.936857252,1.069253477,1.178519597,1.097174867,0.935466253
53.76,0.8675561,0.937498635,1.071884396,1.178213952,1.095461623,0.930523317
53.78,0.868350365,0.943569133,1.080555337,1.177720556,1.088370592,0.92556759
53.8,0.869224785,0.944816507,1.082766985,1.176082267,1.086455584,0.921106991
53.82,0.87059713,0.951536245,1.091191848,1.1742752,1.079274183,0.916685316
53.84,0.872042699,0.953374413,1.093034834,1.171281552,1.071445589,0.912758793
53.86,0.874017322,0.960734034,1.101224217,1.174006291,1.064210907,0.908875038
53.88,0.872058989,0.962976673,1.102687513,1.169743184,1.056410389,0.909480991
53.9,0.874707178,0.970891115,1.110473787,1.171215915,1.049260822,0.906098597
53.92,0.873306598,0.973604493,1.117485113,1.165747269,1.041635575,0.907204916
53.94,0.876563171,0.975936832,1.124656299,1.166048106,1.034703244,0.904354887
53.96,0.875758899,0.979128651,1.130957654,1.159480743,1.027360477,0.90599447
53.98,0.879617477,0.981903652,1.137289429,1.158690864,1.020739663,0.903705467
54,0.883426496,0.99027437,1.142695302,1.151129538,1.013608986,0.897577142
54.02,0.883224399,0.993431914,1.148019735,1.149515974,1.011523551,0.895889135
54.04,0.883668464,1.00231837,1.152373379,1.141244034,1.004580978,0.894434864
54.06,0.88402695,1.005860736,1.156510574,1.138740024,1.002683596,0.893324779
54.08,0.885095794,1.015153686,1.159854781,1.129651942,0.99603674,0.892478996
54.1,0.886067085,1.019002015,1.162882525,1.126361056,0.99442623,0.89196891
54.12,0.891843534,1.028620461,1.165078302,1.116605639,0.988147041,0.887683247
54.14,0.89340656,1.032846599,1.166833827,1.112671592,0.986754993,0.887848066
54.16,0.899764557,1.042831479,1.167738242,1.102537879,0.980743064,0.884139326
54.18,0.901881886,1.047311879,1.174605045,1.098246263,0.974305057,0.88490939
54.2,0.908833266,1.051028602,1.174279022,1.093219529,0.968710535,0.881786312
54.22,0.911515349,1.055493096,1.179837039,1.088621017,0.962766008,0.883155523
54.24,0.91904458,1.059125619,1.178204414,1.083146383,0.957670076,0.880635076
54.26,0.922378091,1.068512561,1.182613753,1.078144932,0.952267378,0.88251526
54.28,0.925487767,1.072046089,1.179866879,1.072340206,0.947709824,0.880532554
54.3,0.929351818,1.081260026,1.183119036,1.067080357,0.942886054,0.882945105
54.32,0.932988944,1.08450911,1.179217322,1.061090548,0.93877192,0.881496602
54.34,0.937386044,1.093392864,1.181278258,1.055831474,0.934431652,0.88446785
54.36,0.941538215,1.096195679,1.17621496,1.049912936,0.930804985,0.883575358
54.38,0.946452657,1.104579608,1.177086916,1.044575256,0.926990449,0.887134409
54.4,0.951213756,1.10676324,1.17084397,1.038625581,0.923885801,0.886710739
54.42,0.956720375,1.114695839,1.170526043,1.03330334,0.920629852,0.890889463
54.44,0.962044215,1.116318623,1.163136535,1.027435907,0.917979144,0.89106422
54.46,0.968114591,1.123636103,1.161677359,1.022231051,0.915229261,0.895871779
54.48,0.973972185,1.129933773,1.153215314,1.016544167,0.90808898,0.896666806
54.5,0.975267111,1.136590087,1.150720343,1.016536842,0.905944559,0.897789385
54.52,0.98159494,1.142130628,1.141316087,1.011021662,0.903652178,0.899118147
54.54,0.98764343,1.14790823,1.137916036,1.005095173,0.902096102,0.896442601
54.56,0.994337334,1.15253429,1.13379331,0.999778218,0.900395841,0.898390626
54.58,1.00069525,1.157273297,1.129652831,0.994127751,0.899401047,0.90053556
54.6,1.007665884,1.160846368,1.124845545,0.989115465,0.894070593,0.903181299
54.62,1.014282588,1.164409919,1.119874891,0.983828735,0.893617869,0.9059737
54.64,1.021599533,1.166991813,1.114251524,0.979173421,0.888863994,0.909164043
54.66,1.028496512,1.169482367,1.108561086,0.974297687,0.888993525,0.912512999
54.68,1.036048629,1.170953484,1.102273427,0.970058557,0.884831981,0.916278686
54.7,1.043125158,1.177928012,1.096011802,0.96565063,0.885564058,0.920198961
54.72,1.045097108,1.178129042,1.08924352,0.961875743,0.88201097,0.924554519
54.74,1.052296271,1.183751351,1.08258797,0.957823157,0.883367494,0.92913303
54.76,1.05892085,1.182554372,1.075649231,0.95440596,0.880337094,0.929503025
54.78,1.066229507,1.186756883,1.068886385,0.950761218,0.882254765,0.934633053
54.8,1.072861406,1.184123371,1.061691274,0.947754572,0.879764981,0.935530343
54.82,1.080101381,1.187068906,1.054709688,0.944565696,0.882245835,0.941224289
54.84,1.086595308,1.183194406,1.047362974,0.936397003,0.880430136,0.942751566
54.86,1.093609579,1.184873077,1.045906927,0.933679001,0.883449848,0.94909249
54.88,1.09980852,1.179741229,1.038421902,0.926076337,0.8821941,0.951219127
54.9,1.106425396,1.180173312,1.036828526,0.923907728,0.885793203,0.958195642
54.92,1.11230392,1.17383123,1.029326764,0.91689908,0.885116072,0.960754933
54.94,1.118486061,1.173044618,1.027525332,0.915308826,0.889320762,0.968203217
54.96,1.12385531,1.165730354,1.019910654,0.90891486,0.889241855,0.971174288
54.98,1.134344008,1.163989492,1.01800787,0.907924357,0.894078769,0.974245105
55,1.139002345,1.15580452,1.010404357,0.902161399,0.894506951,0.977730689
55.02,1.148687147,1.153195068,1.008513559,0.901789821,0.899881192,0.981283939
55.04,1.152428409,1.144222186,1.001029157,0.896670345,0.900835888,0.989797865
55.06,1.161123792,1.140624634,0.999249087,0.896933321,0.902211212,0.993755166
55.08,1.163997312,1.136567745,0.991974256,0.892468413,0.903762654,1.002786136
55.1,1.165945095,1.132006432,0.984566217,0.893358944,0.905722824,1.007165127
55.12,1.167892049,1.132895589,0.977524146,0.889402961,0.907879735,1.01660394
55.14,1.168867297,1.127517383,0.970416498,0.885542352,0.91043653,1.021303811
55.16,1.169760024,1.127617943,0.96898395,0.882072211,0.913184992,1.031074703
55.18,1.169824272,1.121548375,0.962291896,0.878761387,0.916324761,1.035833376
55.2,1.174925396,1.120997656,0.961259041,0.875837274,0.91967787,1.040443826
55.22,1.173936897,1.114413059,0.955031819,0.873100842,0.923413312,1.045336157
55.24,1.177901443,1.113168332,0.954454048,0.870744593,0.927339024,1.050018128
55.26,1.175924824,1.10597982,0.948739261,0.868489014,0.931631201,1.054913741
55.28,1.178876337,1.10415792,0.948659821,0.866759393,0.936128711,1.059546701
55.3,1.17584464,1.096512932,0.943368931,0.865143468,0.940983554,1.069196358
55.32,1.177700085,1.094253609,0.943708647,0.864037947,0.941175375,1.073759671
55.34,1.173576988,1.086293498,0.938898078,0.863074457,0.946506199,1.083267658
55.36,1.174309045,1.078129305,0.939697551,0.862582352,0.947141683,1.087583473
55.38,1.174666886,1.070068198,0.935221436,0.862261794,0.953066292,1.096799811
55.4,1.174146818,1.062050326,0.936354032,0.86228181,0.954227162,1.100742256
55.42,1.173214641,1.053994551,0.932261958,0.862521307,0.960707456,1.109533968
55.44,1.17163245,1.046020345,0.928406493,0.863094593,0.962368391,1.112936418
55.46,1.169441829,1.043435149,0.924820097,0.863887512,0.969383237,1.121330804
55.48,1.166624657,1.035512123,0.921536258,0.865007889,0.971513318,1.124229288
55.5,1.163214753,1.032983639,0.918513504,0.866377637,0.979035605,1.132064615
55.52,1.159242654,1.025218132,0.91583154,0.868068633,0.981730705,1.139456157
55.54,1.160036745,1.02284346,0.913398567,0.870038514,0.984648178,1.141322121
55.56,1.154967225,1.015177439,0.911214973,0.872321403,0.987738301,1.148078515
55.58,1.154824231,1.012890217,0.909292099,0.874885516,0.990998088,1.14920475
55.6,1.148902365,1.005404014,0.907651232,0.877752251,0.999683969,1.155162616
55.62,1.147917202,1.003297441,0.906264667,0.875642663,1.003323281,1.1554211
55.64,1.141234673,0.996078114,0.905193596,0.879036954,1.012356694,1.160452913
55.66,1.139500251,0.994231657,0.904341266,0.877448559,1.016262159,1.159701012
55.68,1.13216414,0.987352221,0.903838621,0.881400447,1.02557035,1.16366586
55.7,1.129786595,0.985832447,0.903543175,0.880337466,1.029659067,1.161776867
55.72,1.121724803,0.979352783,0.903634161,0.884858641,1.039154541,1.164741908
55.74,1.118619975,0.972998466,0.903919227,0.884325233,1.043327748,1.167244761
55.76,1.115160146,0.966890665,0.904603092,0.889552486,1.047606026,1.1690862
55.78,1.111539864,0.960979276,0.900221082,0.889527416,1.051940965,1.170453143
55.8,1.107616959,0.960447473,0.901475588,0.895265225,1.056325925,1.171076386
55.82,1.103597275,0.954946445,0.897693322,0.895709596,1.060700258,1.171229085
55.84,1.099356604,0.954820421,0.899566552,0.901961486,1.06506799,1.170567849
55.86,1.094907538,0.949781618,0.896400074,0.902869718,1.069344506,1.169626676
55.88,1.090273329,0.950109776,0.898915759,0.909635979,1.073556088,1.167835191
55.9,1.08040237,0.94557418,0.896382697,0.916608702,1.083435021,1.170882126
55.92,1.075577656,0.946372353,0.893956525,0.918108037,1.087486784,1.167868914
55.94,1.065657054,0.942350426,0.892031168,0.925530527,1.097166101,1.169676731
55.96,1.060796183,0.943627264,0.890172742,0.927425272,1.100900331,1.165443954
55.98,1.050950643,0.940122117,0.888975249,0.935284309,1.110218468,1.166023986
56,1.046001757,0.936871855,0.887805955,0.937552616,1.113470622,1.160773866
56.02,1.041056524,0.933742256,0.887300748,0.945829664,1.122256718,1.160353847
56.04,1.036155964,0.930927647,0.886798363,0.948584567,1.124857185,1.154172504
56.06,1.031318232,0.928241939,0.886849113,0.957363543,1.13293908,1.152825063
56.08,1.026563751,0.925905455,0.88691016,0.96054678,1.134718402,1.145780682
56.1,1.021928527,0.923699557,0.887546244,0.969788333,1.14192294,1.143393336
56.12,1.017405277,0.921876641,0.88818047,0.973350629,1.143080873,1.140954662
56.14,1.013052648,0.920182746,0.889413141,0.982822608,1.144036202,1.137549183
56.16,1.008858153,0.918906265,0.890631778,0.98653017,1.150579053,1.134144232
56.18,1.004726744,0.917754106,0.892471782,0.990079438,1.150779954,1.129993688
56.2,1.000767002,0.91705361,0.894284678,0.993891879,1.15648545,1.125920911
56.22,0.996920582,0.916469508,0.896713503,0.997664478,1.15576942,1.121142982
56.24,0.993265654,0.916373813,0.899083284,1.001633257,1.160509748,1.116507691
56.26,0.989770912,0.91625352,0.90208864,1.005519754,1.158763771,1.111214988
56.28,0.981851976,0.916674385,0.905018065,1.015515798,1.162428731,1.110585473
56.3,0.978838204,0.917046646,0.902630108,1.019388849,1.159760535,1.104603284
56.32,0.971476128,0.917994043,0.906175807,1.029342012,1.1625077,1.103315933
56.34,0.969006817,0.918860666,0.90961186,1.033061968,1.158872343,1.096785085
56.36,0.962091414,0.915204145,0.913733293,1.043038532,1.160618609,1.095119281
56.38,0.95993642,0.916758767,0.917675481,1.046657098,1.155955537,1.088311901
56.4,0.95338118,0.913656653,0.922310074,1.056511945,1.156649012,1.080987619
56.42,0.951585111,0.911227069,0.926746673,1.059895556,1.156324586,1.073917676
56.44,0.94998678,0.908764837,0.93186277,1.069488459,1.156011557,1.071760212
56.46,0.948494655,0.90702181,0.936761999,1.072518197,1.149302309,1.064509431
56.48,0.947265951,0.905224848,0.942347649,1.081724537,1.148087076,1.056844679
56.5,0.94615261,0.904172903,0.947696049,1.084218572,1.152130225,1.049581761
56.52,0.945313657,0.903046107,0.953879167,1.086533973,1.149864544,1.042025576
56.54,0.940226255,0.902546622,0.959771236,1.088638206,1.152809269,1.039285348
56.56,0.939885034,0.901962396,0.96627961,1.090514373,1.149488083,1.031854191
56.58,0.93534885,0.902024801,0.972474382,1.098511715,1.151390232,1.029241331
56.6,0.935558491,0.901992448,0.972837153,1.099768899,1.1469233,1.021865403
56.62,0.931599258,0.902626526,0.979360095,1.107263176,1.147832692,1.019300231
56.64,0.932386479,0.903124128,0.979971787,1.107932485,1.142444442,1.012062657
56.66,0.929025036,0.904440272,0.98676916,1.114797834,1.14244456,1.009641507
56.68,0.930284452,0.905584495,0.987567899,1.114739036,1.136217058,1.002632134
56.7,0.927437584,0.907574778,0.994727004,1.120832205,1.135391123,1.000435864
56.72,0.929215142,0.909220608,0.995780541,1.119913914,1.128423436,0.993728878
56.74,0.926908534,0.91636368,1.003205455,1.125103995,1.126869801,0.991825966
56.76,0.924621173,0.91849705,1.010154889,1.123207844,1.119272967,0.985483682
56.78,0.922941726,0.920444908,1.017754479,1.127406939,1.116917696,0.983772186
56.8,0.917078451,0.923110464,1.024805526,1.124643693,1.108737646,0.981870065
56.82,0.915943436,0.925557595,1.032454867,1.127961634,1.105831727,0.975571132
56.84,0.914838918,0.928865188,1.039510272,1.124255769,1.102100766,0.969890984
56.86,0.914216688,0.93193255,1.047101161,1.126601669,1.098683947,0.964027655
56.88,0.909435581,0.935884094,1.054210117,1.128731241,1.094475056,0.962973372
56.9,0.909382625,0.939389791,1.054947776,1.130021247,1.090677642,0.957532366
56.92,0.905193412,0.943809336,1.062045484,1.131072461,1.086165939,0.956893575
56.94,0.905744236,0.94773276,1.062662385,1.131224654,1.08212203,0.951918206
56.96,0.902154348,0.952578774,1.06962126,1.131165338,1.077421627,0.95173674
56.98,0.903323238,0.956910803,1.069984916,1.130160519,1.073237678,0.947262971
57,0.90034217,0.962170922,1.076666623,1.1289856,1.068275171,0.947449586
57.02,0.902145067,0.967024244,1.076635823,1.127012689,1.063993952,0.94338328
57.04,0.899655487,0.972792257,1.082894931,1.124922188,1.058989973,0.943985821
57.06,0.901997077,0.978121673,1.088667663,1.122015353,1.054704104,0.940367192
57.08,0.900035226,0.978027183,1.094505201,1.11906695,1.049753248,0.941424799
57.1,0.902935067,0.983685415,1.099774457,1.115296312,1.039680214,0.938288834
57.12,0.901602691,0.983851477,1.105013803,1.117406284,1.034959671,0.93508306
57.14,0.905145459,0.989793684,1.10964148,1.112710175,1.029659823,0.932397706
57.16,0.904413088,0.990313415,1.114168579,1.114066993,1.02501309,0.92969553
57.18,0.908441939,0.996606917,1.118049683,1.108720514,1.019846722,0.927513071
57.2,0.908198162,0.997401258,1.121728977,1.10941992,1.015367064,0.925342047
57.22,0.912744733,1.003980238,1.124737989,1.103264945,1.010424433,0.923686629
57.24,0.912999662,1.010001098,1.127669019,1.103139921,1.006190101,0.922072012
57.26,0.913054157,1.016760643,1.129948041,1.096244446,1.001545825,0.920966845
57.28,0.913871448,1.022900854,1.132055435,1.095393991,0.997623399,0.919907483
57.3,0.914472956,1.029887613,1.1334858,1.087869845,0.993341524,0.919350485
57.32,0.91570397,1.036190384,1.134655216,1.086402381,0.989639239,0.918870635
57.34,0.916846553,1.043297309,1.135137333,1.078515991,0.985619024,0.918764803
57.36,0.918610423,1.049668693,1.135274299,1.076698009,0.982199255,0.918781476
57.38,0.920270042,1.056791894,1.134730394,1.068553594,0.978506213,0.919170152
57.4,0.926838447,1.063125079,1.140316206,1.066478089,0.975425501,0.915429839
57.42,0.928976877,1.063617659,1.138651647,1.058207135,0.972115187,0.916389598
57.44,0.936040793,1.069887729,1.143050397,1.055800003,0.969401205,0.913217521
57.46,0.938600405,1.070210395,1.140396215,1.047271637,0.966498776,0.914766004
57.48,0.946243607,1.076291373,1.143802652,1.044621594,0.958786307,0.912177814
57.5,0.94931885,1.081677941,1.140147902,1.041355287,0.956290222,0.914302257
57.52,0.95215482,1.087579774,1.142561272,1.038463675,0.949073494,0.912288183
57.54,0.955619014,1.092697447,1.137954706,1.0350104,0.947060158,0.914975421
57.56,0.958836198,1.09825017,1.13940083,1.031978897,0.940369823,0.913517424
57.58,0.962674189,1.102967361,1.133859994,1.028441513,0.938734658,0.916781991
57.6,0.966245065,1.10803212,1.134360276,1.025499137,0.932461259,0.915889588
57.62,0.970555671,1.11221393,1.127926203,1.022103357,0.931249875,0.91961551
57.64,0.974552957,1.116650489,1.127526128,1.019313426,0.925431021,0.919194186
57.66,0.979279828,1.120162947,1.120262854,1.015935817,0.924679198,0.923415779
57.68,0.983659701,1.123831871,1.119216877,1.01317423,0.919342818,0.923478699
57.7,0.988753626,1.126543063,1.111386167,1.00988027,0.919079661,0.928214649
57.72,0.993464338,1.129311889,1.109766454,1.00097552,0.914250751,0.92877518
57.74,0.998866231,1.131099585,1.107455009,0.997937386,0.914472369,0.934044335
57.76,1.003845653,1.138772879,1.104961865,0.9893928,0.910143195,0.935115751
57.78,1.008384796,1.13995046,1.101826946,0.986704098,0.910877032,0.936450788
57.8,1.013544723,1.146962069,1.09858762,0.978577182,0.90695943,0.938024002
57.82,1.018192682,1.147410636,1.094737792,0.976290019,0.908113709,0.93986272
57.84,1.023418349,1.153644456,1.090860579,0.968445012,0.904630468,0.941950111
57.86,1.028096164,1.153261896,1.086593648,0.966427965,0.906232128,0.944291186
57.88,1.033300502,1.158617556,1.082363369,0.95891262,0.903204778,0.946890569
57.9,1.037919009,1.157321251,1.07778724,0.95722444,0.905280438,0.949731702
57.92,1.043003498,1.161720217,1.073295326,0.950091728,0.902730545,0.952961715
57.94,1.047605283,1.159448227,1.068505135,0.948781889,0.905303663,0.956252872
57.96,1.052600173,1.162834473,1.063638003,0.941956828,0.903264824,0.959952113
57.98,1.057064895,1.159754357,1.058494927,0.940957673,0.906353724,0.963696716
58,1.061853036,1.162325421,1.053340709,0.934499813,0.904836967,0.967851791
58.02,1.066066428,1.158420628,1.047958467,0.933854785,0.908460173,0.972035273
58.04,1.075400882,1.16014232,1.042623693,0.927801516,0.907479024,0.971753466
58.06,1.079219326,1.155422061,1.03711004,0.927547563,0.906552734,0.976402721
58.08,1.088099554,1.156307415,1.031694565,0.927033597,0.906155802,0.976505545
58.1,1.091374164,1.150778833,1.026149487,0.927118894,0.905863952,0.981689741
58.12,1.099671568,1.15083878,1.020769977,0.92698447,0.90596267,0.98225355
58.14,1.102275226,1.14431434,1.01530846,0.921724495,0.906204147,0.987919041
58.16,1.110234672,1.143357227,1.015763924,0.922088399,0.906799906,0.988741717
58.18,1.11242318,1.135873522,1.010349846,0.917388333,0.907558653,0.994687793
58.2,1.119922977,1.133994347,1.010835554,0.918304689,0.908662963,0.995727041
58.22,1.121561075,1.131527412,1.005350821,0.914183567,0.909950296,1.001901925
58.24,1.122597157,1.128943299,1.00578002,0.915672908,0.911575067,1.008060773
58.26,1.123640677,1.125807522,1.00032707,0.912145451,0.913588626,1.014461909
58.28,1.124073761,1.122566717,1.000785253,0.909078954,0.915761042,1.020815917
58.3,1.129583999,1.118828142,0.995444174,0.906081969,0.91311018,1.022234433
58.32,1.129284007,1.115030018,0.995980646,0.908707914,0.915838334,1.028746188
58.34,1.133996877,1.110790067,0.990795305,0.906200014,0.913713643,1.030245258
58.36,1.132846537,1.106516058,0.985601237,0.909318314,0.916995592,1.03683971
58.38,1.136672771,1.107756051,0.98074874,0.907290309,0.920584358,1.038481366
58.4,1.134595292,1.102972098,0.975958442,0.905701972,0.924232639,1.045223498
58.42,1.137492174,1.10369956,0.971516041,0.904241735,0.928171545,1.046931419
58.44,1.134458906,1.09829855,0.966967305,0.903202618,0.93217425,1.053725393
58.46,1.136570628,1.098582607,0.962776496,0.902319429,0.936586487,1.05539887
58.48,1.132740747,1.092823444,0.958517493,0.901716942,0.94104998,1.062143248
58.5,1.134034934,1.092761011,0.954632126,0.901316264,0.945908578,1.063677326
58.52,1.12937073,1.086734541,0.95071327,0.901187145,0.950824183,1.07026119
58.54,1.12981252,1.080758895,0.947176557,0.901284641,0.956120699,1.076680407
58.56,1.129948345,1.074634411,0.943612774,0.901643649,0.956337044,1.083108833
58.58,1.129441038,1.068637465,0.940434787,0.90225525,0.961960003,1.089317208
58.6,1.133942398,1.062532381,0.937264652,0.903091875,0.962463372,1.090119924
58.62,1.132441235,1.056628312,0.934479156,0.904207375,0.968397626,1.096072951
58.64,1.135908374,1.050648859,0.931736045,0.905536081,0.969269825,1.096538582
58.66,1.133406623,1.04472141,0.929372209,0.907031921,0.975573211,1.102121069
58.68,1.13605866,1.038743463,0.927083334,0.908756044,0.976760482,1.102136396
58.7,1.13278965,1.032863914,0.92516254,0.910666341,0.983394794,1.107234031
58.72,1.134667531,1.026974051,0.923349903,0.91280334,0.984852131,1.106689024
58.74,1.130665613,1.021226761,0.921892195,0.91514588,0.991772844,1.11118958
58.76,1.131805748,1.015500905,0.920576464,0.91771256,0.993447899,1.109977313
58.78,1.127121045,1.009960085,0.919600292,0.920504356,1.000602147,1.113773752
58.8,1.12757476,1.00446428,0.918800805,0.923516853,1.002434013,1.117196236
58.82,1.122270453,0.999194076,0.912856026,0.926774056,1.004500909,1.120155658
58.84,1.121946684,0.999287847,0.912664569,0.930210287,1.006618277,1.122886801
58.86,1.116085006,0.994067034,0.907224408,0.933876724,1.008930444,1.125270394
58.88,1.115254292,0.994220228,0.907558481,0.937713739,1.01672097,1.127400903
58.9,1.108944533,0.989123507,0.902653802,0.936160688,1.019008216,1.129153475
58.92,1.107679125,0.989405456,0.903526878,0.940463127,1.026741789,1.130631475
58.94,1.101001077,0.984498164,0.899137724,0.939337841,1.028898139,1.131677499
58.96,1.099378258,0.984970828,0.900535519,0.944103743,1.036494717,1.132437239
58.98,1.092415387,0.980309841,0.896670892,0.943397229,1.038434411,1.13271659
59,1.090515083,0.981027416,0.898607818,0.948622379,1.045953985,1.132708306
59.02,1.083351518,0.976661957,0.89527698,0.94832543,1.047729095,1.132179777
59.04,1.081253611,0.972540101,0.897617254,0.953979579,1.055063321,1.131373442
59.06,1.079103509,0.968582987,0.894683657,0.954071552,1.056576474,1.130014288
59.08,1.076789702,0.96492962,0.897436739,0.96013799,1.06362545,1.128422914
59.1,1.074284097,0.961437261,0.894914226,0.960595579,1.064774328,1.126245947
59.12,1.07165309,0.958280555,0.898099336,0.967054386,1.071621865,1.123860544
59.14,1.068871778,0.955125775,0.896001182,0.967850168,1.072491524,1.120865906
59.16,1.066166781,0.952338764,0.899635502,0.97467829,1.079041027,1.117695003
59.18,1.063352559,0.949561406,0.897972298,0.975782324,1.079518687,1.11390159
59.2,1.055600709,0.947183144,0.902072854,0.982950555,1.085654217,1.115013002
59.22,1.05289624,0.944791966,0.900855881,0.984325607,1.091845023,1.110359151
59.24,1.045344638,0.942832074,0.90543955,0.985577915,1.097607464,1.110646017
59.26,1.042840059,0.940858851,0.90467977,0.987078588,1.103351906,1.110801522
59.28,1.035374501,0.939349601,0.909873462,0.98859809,1.103010837,1.110441232
59.3,1.032980574,0.937679544,0.909522943,0.990321458,1.108285096,1.109968425
59.32,1.025687464,0.936519444,0.915166258,0.992007835,1.107413281,1.108989336
59.34,1.023473235,0.935203706,0.91524504,0.999831978,1.112126273,1.107933718
59.36,1.016416954,0.934423737,0.915378104,1.001590433,1.110668592,1.106388409
59.38,1.01444281,0.933490594,0.915951234,1.009468879,1.114765419,1.104805966
59.4,1.007680309,0.933089851,0.916559187,1.011207731,1.11264552,1.10275669
59.42,1.005999057,0.93253602,0.917620205,1.019077276,1.116051154,1.100711322
59.44,0.999579256,0.932542331,0.918696358,1.02072697,1.113204248,1.098227026
59.46,0.998236307,0.932392929,0.920237853,1.028676185,1.115856198,1.09578779
59.48,0.992200724,0.932832426,0.921614089,1.030314605,1.112232978,1.092761974
59.5,0.99108725,0.933111269,0.92347324,1.038245571,1.114265195,1.089969081
59.52,0.985318053,0.934005858,0.925158395,1.039787139,1.110009343,1.086625716
59.54,0.984481308,0.934731377,0.927484123,1.047614303,1.111392307,1.083552797
59.56,0.979026078,0.935941534,0.929598557,1.048972056,1.106470913,1.079966156
59.58,0.978510821,0.937135791,0.932357028,1.056605376,1.107173122,1.076684949
59.6,0.973274544,0.93882402,0.934880298,1.05768544,1.101568451,1.072929
59.62,0.972996659,0.940483562,0.938050147,1.065027958,1.101574567,1.064137121
59.64,0.968041125,0.942662633,0.940959438,1.065731686,1.106976417,1.060356495
59.66,0.968018085,0.944800289,0.95014186,1.066362127,1.106132669,1.051487245
59.68,0.963356454,0.941856783,0.953367174,1.066727617,1.110817994,1.047626741
59.7,0.958990311,0.94455668,0.962845089,1.066998373,1.109281818,1.043383633
59.72,0.954687547,0.942135216,0.966461924,1.073566393,1.113261966,1.039442591
59.74,0.950730349,0.945220683,0.96970483,1.073532643,1.111095949,1.035161683
59.76,0.946836656,0.943195284,0.973553132,1.079735594,1.114434847,1.03121935
59.78,0.943312571,0.94665919,0.977003573,1.079277906,1.111658294,1.026979802
59.8,0.939847926,0.944999517,0.981042547,1.085029198,1.114376231,1.023108778
59.82,0.936777627,0.948849867,0.984658836,1.084065547,1.11102127,1.018982173
59.84,0.933759621,0.947558236,0.988841714,1.089282717,1.113151032,1.015247518
59.86,0.931160934,0.951801985,0.992576478,1.087736687,1.109065889,1.011297591
59.88,0.928604981,0.950879656,0.996850248,1.092538649,1.110457037,1.007600635
59.9,0.926493798,0.955522532,1.000649889,1.090533471,1.105844602,1.00371742
59.92,0.924412307,0.955112637,1.004956669,1.094855358,1.106726025,1.000118457
59.94,0.922657832,0.955352752,1.008765161,1.092319134,1.101649097,0.996369517
59.96,0.925870037,0.955474778,1.013017365,1.096089568,1.102075172,0.992927456
59.98,0.924439784,0.961215119,1.016746111,1.092959952,1.096596679,0.989394473
60,0.923056219,0.961836729,1.020897777,1.096116854,1.096627986,0.986185185
60.02,0.922041442,0.968081803,1.024673376,1.092343046,1.090815542,0.982893133
60.04,0.921069099,0.968996055,1.028818415,1.094838534,1.090516836,0.979936921
60.06,0.920485713,0.975570373,1.032549385,1.090385661,1.084440376,0.976930265
60.08,0.919937013,0.976780853,1.036602449,1.092185414,1.083877988,0.974266682
60.1,0.919797221,0.983676366,1.04020601,1.087031926,1.077607612,0.971584049
60.12,0.919684128,0.985168439,1.04407787,1.088116184,1.076672909,0.969247348
60.14,0.920000639,0.992372923,1.04746696,1.082430308,1.070086641,0.96692059
60.16,0.920334886,0.994127705,1.057201964,1.082983203,1.06885212,0.964937981
60.18,0.921120213,0.995629068,1.060254314,1.083567388,1.062036005,0.962994745
60.2,0.921771046,0.997818044,1.06283736,1.083552422,1.060616261,0.961390691
60.22,0.922877514,0.999721401,1.065528031,1.083548736,1.053685061,0.959853912
60.24,0.92385025,1.002274609,1.067730963,1.082929324,1.052155459,0.95378325
60.26,0.925294018,1.004510954,1.069979222,1.082342207,1.050048843,0.952597375
60.28,0.926578669,1.007390138,1.071725051,1.081129168,1.048531085,0.946921754
60.3,0.92834873,1.009920766,1.073451024,1.079999109,1.046473656,0.946142379
60.32,0.929957019,1.013082849,1.074664749,1.078239897,1.0390358,0.940886801
60.34,0.932200823,1.01586416,1.075791802,1.082577774,1.037161121,0.940374299
60.36,0.934254785,1.01926209,1.076598263,1.080196741,1.029993589,0.935421546
60.38,0.93696352,1.02205127,1.07729221,1.083900937,1.028209422,0.935220615
60.4,0.939465224,1.025592871,1.077651135,1.081114074,1.021173106,0.93059636
60.42,0.942473504,1.028486396,1.077845197,1.084411018,1.019532748,0.930732954
60.44,0.945279354,1.032102177,1.07770017,1.081258749,1.012689543,0.926457894
60.46,0.948600032,1.035039306,1.077339475,1.08417867,1.011249874,0.926953644
60.48,0.951711148,1.038664219,1.076641916,1.080486818,1.004654035,0.923046107
60.5,0.95534437,1.041580124,1.075893146,1.082858468,1.00346368,0.923921438
60.52,0.958759535,1.050429791,1.074810507,1.078669745,0.997159958,0.920397763
60.54,0.957416942,1.053219193,1.080142298,1.080553491,0.996261825,0.92167144
60.56,0.961196232,1.055434755,1.078607013,1.075966963,0.990290022,0.918519975
60.58,0.96018132,1.05808398,1.083433159,1.077458598,0.98972192,0.920183701
60.6,0.964280705,1.060138277,1.081374416,1.072542663,0.984116607,0.917418939
60.62,0.963544676,1.062577698,1.085657348,1.073707285,0.983911522,0.919489973
60.64,0.968084893,1.064402244,1.0830481,1.068531211,0.97870235,0.916990731
60.66,0.96773302,1.066737774,1.086761161,1.069434631,0.978889178,0.919491872
60.68,0.972498877,1.068422953,1.083587314,1.064067027,0.973971036,0.91741327
60.7,0.972348174,1.070573862,1.086717806,1.064774218,0.974452933,0.920340353
60.72,0.977325469,1.072046707,1.082976439,1.05928029,0.969868762,0.918683978
60.74,0.977348934,1.073937556,1.085522067,1.05985215,0.970676422,0.922044421
60.76,0.982512041,1.075126104,1.081221284,1.054294058,0.966452429,0.920813322
60.78,0.982678538,1.076682165,1.083190697,1.054605465,0.967612821,0.92461433
60.8,0.987997188,1.077515718,1.078532765,1.048845131,0.963769893,0.923811366
60.82,0.988270982,1.078664302,1.080139348,1.048964824,0.965304329,0.928059899
60.84,0.993709787,1.079076558,1.075137512,1.043077741,0.961860639,0.927687664
60.86,0.994204872,1.079751121,1.07638849,1.043076312,0.963789187,0.932235551
60.88,0.999858477,1.079681311,1.071059144,1.037131955,0.960611978,0.932162263
60.9,1.000517654,1.085419792,1.071969871,1.030826324,0.962822647,0.937025775
60.92,1.00073843,1.084769708,1.072542604,1.025094914,0.959909862,0.937252569
60.94,1.006351333,1.090100398,1.072837663,1.019070145,0.962401343,0.937636637
60.96,1.006685856,1.089062645,1.072796201,1.013625509,0.95977981,0.938195742
60.98,1.012397392,1.093994433,1.072521359,1.007922955,0.962556887,0.938903025
61,1.012772141,1.092510386,1.0719166,1.002801568,0.960227839,0.939927333
61.02,1.01853119,1.096983761,1.071124219,0.997457089,0.963178527,0.941068249
61.04,1.018893044,1.095001696,1.070013664,0.992690181,0.96104908,0.942532945
61.06,1.024645707,1.0989647,1.068761508,0.987733045,0.964215907,0.944092085
61.08,1.025097806,1.096441327,1.067207379,0.983345197,0.96245862,0.945820635
61.1,1.030927569,1.099852558,1.065556805,0.978654847,0.960537584,0.947642603
61.12,1.031399176,1.096756572,1.063624204,0.979827079,0.95907238,0.949602369
61.14,1.037240143,1.0995845,1.061811853,0.975318458,0.957492141,0.951644126
61.16,1.037664573,1.095894214,1.059772641,0.976678135,0.956367928,0.953816979
61.18,1.043448309,1.098119784,1.057870552,0.972385755,0.960606343,0.956060545
61.2,1.043756299,1.09382723,1.05577048,0.968510669,0.959919663,0.958453204
61.22,1.04941186,1.095442674,1.053821735,0.96441553,0.959114013,0.960905583
61.24,1.049532584,1.090550127,1.05167843,0.966218579,0.958890133,0.963467692
61.26,1.054987657,1.091558713,1.04969754,0.96228574,0.958593113,0.966216775
61.28,1.054849542,1.086079143,1.047581216,0.964258134,0.958719372,0.969055574
61.3,1.060032419,1.086494579,1.045442943,0.960528293,0.958796896,0.972057135
61.32,1.064614793,1.080644096,1.043187562,0.962707705,0.959289295,0.975069341
61.34,1.069416972,1.080720346,1.040942289,0.959212362,0.954762582,0.97831435
61.36,1.073601154,1.080384585,1.038608237,0.961632691,0.955658761,0.981522012
61.38,1.072115213,1.080078618,1.03634079,0.958376536,0.951519464,0.984950281
61.4,1.075922539,1.079347538,1.034013205,0.961044172,0.952815069,0.988288849
61.42,1.074192285,1.078645794,1.031774554,0.958054555,0.949054121,0.99165526
61.44,1.07773353,1.077540962,1.029504862,0.960998332,0.95074354,0.994922146
61.46,1.075705437,1.076469628,1.027342231,0.958299723,0.947348946,0.998187835
61.48,1.078925539,1.075018823,1.02517814,0.961545988,0.949422847,1.001343789
61.5,1.076550537,1.073609206,1.023135055,0.959160414,0.951877585,1.00446575
61.52,1.07940097,1.071845416,1.021120388,0.957237535,0.954280834,1.007640468
61.54,1.076636278,1.070133696,1.019236602,0.955257888,0.956882192,1.010740689
61.56,1.079076732,1.068093984,1.017383891,0.95373087,0.959442256,1.013872066
61.58,1.075889181,1.066120028,1.015668708,0.952166916,0.962336882,1.016896358
61.6,1.077886757,1.063844252,1.014015325,0.95090708,0.965176053,1.019933386
61.62,1.074250131,1.061650165,1.012502394,0.949642124,0.968335266,1.022828167
61.64,1.075779887,1.059179862,1.01108056,0.948680763,0.971439762,1.025717633
61.66,1.071676223,1.056809134,1.00377313,0.947727842,0.974850353,1.028426623
61.68,1.072721601,1.060211477,1.002500943,0.947046087,0.978204876,1.031113692
61.7,1.068141449,1.05759336,1.001411566,0.946385125,0.981851119,1.033579308
61.72,1.068919877,1.054735327,1.000465482,0.946021471,0.985437405,1.036008186
61.74,1.064078827,1.05182617,0.993688109,0.945693127,0.989300836,1.038174333
61.76,1.06455538,1.054695914,0.9929521,0.945627041,0.993097886,1.040292096
61.78,1.059412388,1.051634036,0.986434003,0.945608381,0.997156969,1.047418166
61.8,1.059606179,1.054358612,0.985970583,0.945845565,0.995824763,1.049136943
61.82,1.059401674,1.051189294,0.979741228,0.946143182,1.000115213,1.050642769
61.84,1.059283254,1.053838539,0.979578765,0.946662661,0.998964831,1.05196609
61.86,1.0587492,1.050632664,0.973663265,0.947255761,1.003430149,1.053231477
61.88,1.058294379,1.047643714,0.973827184,0.948062697,1.002403631,1.054274849
61.9,1.062872361,1.044516965,0.968219617,0.948795664,1.006989399,1.055420215
61.92,1.061810355,1.041663317,0.968705381,0.94991395,1.0060476,1.056346911
61.94,1.065785932,1.038681715,0.963266377,0.950952028,1.010719521,1.057351746
61.96,1.064145267,1.036001512,0.963943537,0.95236041,1.009827373,1.058109352
61.98,1.067546847,1.033198401,0.95871568,0.953696273,1.014549484,1.058924926
62,1.065362462,1.030724254,0.959611432,0.95538827,1.013667838,1.059464766
62.02,1.068225146,1.028130065,0.954617085,0.957014363,1.018401385,1.060046322
62.04,1.065537899,1.025892408,0.955755305,0.958982358,1.01748866,1.060324294
62.06,1.067902388,1.023534594,0.951013631,0.960889796,1.022192187,1.060631847
62.08,1.06475791,1.021560835,0.952415288,0.963124822,1.021204503,1.060609213
62.1,1.066669338,1.019463968,0.947942639,0.965303163,1.025834043,1.060608282
62.12,1.063116839,1.017593172,0.949626153,0.967794665,1.02472547,1.060252363
62.14,1.064809044,1.015605201,0.945434595,0.970231644,1.029234849,1.05991458
62.16,1.061072214,1.013869726,0.947413499,0.972967202,1.027957768,1.059201137
62.18,1.062584337,1.012028779,0.943513132,0.975648424,1.032299031,1.058507354
62.2,1.058698312,1.010465973,0.945800093,0.978613454,1.036742155,1.05741894
62.22,1.06006399,1.008805969,0.942199275,0.975584572,1.040990622,1.056385405
62.24,1.056065208,1.00744987,0.944805348,0.978667136,1.045285748,1.054942501
62.26,1.057319434,1.006001623,0.941481262,0.975728635,1.049355967,1.053564206
62.28,1.053245129,1.004883156,0.944385314,0.978915509,1.053454707,1.051763923
62.3,1.05442351,1.00367445,0.941341838,0.976226522,1.057297145,1.050041463
62.32,1.050310709,1.002821381,0.944368044,0.979654229,1.061154209,1.053386075
62.34,1.051448652,1.00187722,0.941451178,0.977174449,1.059224377,1.051275986
62.36,1.0473609,1.001312844,0.94479178,0.980811123,1.06287331,1.05419747
62.38,1.048519808,1.000481535,0.9421779,0.978480397,1.060703645,1.051683477
62.4,1.044490618,1.000059969,0.945820146,0.982269263,1.064103341,1.05419418
62.42,1.045700639,0.999383914,0.943501797,0.980054598,1.061654736,1.051293641
62.44,1.041584351,0.999135453,0.947442757,0.983964118,1.064766349,1.05358585
62.46,1.042709636,0.998639791,0.945412379,0.981830905,1.062002779,1.050483814
62.48,1.038543463,0.998588812,0.949648013,0.985827588,1.06479237,1.052569897
62.5,1.039627686,0.998295774,0.947897031,0.983739557,1.061683986,1.049276999
62.52,1.035453887,0.998464617,0.952422074,0.987787952,1.064121246,1.051167013
62.54,1.036537641,0.998393836,0.95094078,0.985707208,1.060641469,1.047697678
62.56,1.032395859,0.998802265,0.955748605,0.989769968,1.062700353,1.049405385
62.58,1.033517286,0.998971076,0.954526018,0.994000709,1.05882728,1.045777258
62.6,1.029444374,0.99963657,0.953264843,0.99798659,1.060518318,1.047319554
62.62,1.030639025,1.000060272,0.952372388,1.002098818,1.056266412,1.043553047
62.64,1.02666896,1.000966551,0.951420874,1.006126857,1.057572612,1.044949676
62.66,1.027969747,1.001627681,0.950652654,1.010248388,1.052931369,1.040892692
62.68,1.024133478,1.002789578,0.949831152,1.014268684,1.054018458,1.0419992
62.7,1.025568689,1.003699234,0.955167524,1.018357222,1.04914727,1.037680833
62.72,1.021891783,0.999139643,0.954413025,1.022357674,1.050005014,1.038534208
62.74,1.018558073,1.000385198,0.959799147,1.026403415,1.044891598,1.038922384
62.76,1.015096524,0.996126661,0.959070045,1.030340625,1.045507767,1.039473312
62.78,1.012022644,0.997686239,0.964496224,1.034302051,1.046396085,1.039573309
62.8,1.008821157,0.993728667,0.963778891,1.031906241,1.04672715,1.039893226
62.82,1.006026175,0.995604532,0.969400264,1.035833826,1.047307115,1.039777701
62.84,1.003101606,0.991779446,0.96880925,1.033370779,1.047317725,1.039906024
62.86,1.000602368,0.993812886,0.974557009,1.037227754,1.047588384,1.039615528
62.88,0.997967692,0.990142444,0.97406797,1.03466085,1.047280058,1.039591019
62.9,0.995776248,0.992339709,0.979920476,1.038410459,1.047245159,1.039165316
62.92,0.993442567,0.988826025,0.979508794,1.035704809,1.046624192,1.039025718
62.94,0.991569998,0.991191246,0.985442874,1.03931203,1.046291927,1.038503302
62.96,0.989546699,0.987834459,0.985082653,1.036434929,1.045369073,1.038284943
62.98,0.988002417,0.990369743,0.991073557,1.039866942,1.044751725,1.037702674
63,0.986297395,0.987168095,0.990737597,1.036788314,1.043541788,1.037440158
63.02,0.985089363,0.989873578,0.996759008,1.040014973,1.042655301,1.036832983
63.04,0.98370923,0.986993673,0.996418835,1.036707809,1.04117665,1.036558965
63.06,0.982673943,0.990015497,1.002444658,1.039702077,1.040040136,1.035959732
63.08,0.981477999,0.987435872,1.002073097,1.036142842,1.038314166,1.035703039
63.1,0.980637851,0.990760923,1.008075625,1.03888122,1.036949367,1.035139916
63.12,0.979639055,0.988466254,1.007643428,1.035050215,1.034999922,1.029684119
63.14,0.979006724,0.99208167,1.013593615,1.037513074,1.038673978,1.02924997
63.16,0.978189768,0.99005607,1.013070577,1.033394706,1.036434666,1.023805774
63.18,0.977750331,0.993948053,1.01893828,1.03559273,1.039987587,1.023385804
63.2,0.97712383,0.992174676,1.018293495,1.03120117,1.037650003,1.017980641
63.22,0.976884976,0.996328355,1.024047895,1.033123434,1.041102623,1.017609289
63.24,0.976456048,0.99478951,1.023250334,1.028452832,1.038683703,1.012274851
63.26,0.976424674,0.999188922,1.02886028,1.030092644,1.042052002,1.011982658
63.28,0.976198934,0.997865949,1.027878899,1.025140579,1.039570025,1.006747466
63.3,0.976380412,1.00249392,1.033313186,1.026495507,1.042871349,1.006562013
63.32,0.976362087,1.001367073,1.032326703,1.027934961,1.040345507,1.001451521
63.34,0.976760362,1.005995722,1.031074911,1.028942254,1.043631317,1.001397539
63.36,0.976952363,1.004854569,1.03014707,1.030020609,1.041113786,1.001645095
63.38,0.977567931,1.009437929,1.028932313,1.030654142,1.039190779,1.001689823
63.4,0.97799499,1.008234582,1.028027804,1.031380933,1.036780941,0.99681338
63.42,0.978852628,1.01275975,1.026817264,1.031626189,1.039997442,0.997008206
63.44,0.979485827,1.011478779,1.025902671,1.032159464,1.037451757,0.992318349
63.46,0.980556703,1.015930958,1.024665636,1.032234267,1.040545511,0.992704869
63.48,0.98139315,1.014555082,1.023711416,1.032600972,1.037896792,0.993407933
63.5,0.982674056,1.018917637,1.022422116,1.032508635,1.035705811,0.993945627
63.52,0.983735882,1.017428185,1.021401511,1.032713421,1.033065329,0.989587566
63.54,0.985247904,1.021683124,1.020035906,1.032434289,1.036084471,0.990319085
63.56,0.986503014,1.020060515,1.018924869,1.032459183,1.033398944,0.986185348
63.58,0.988213877,1.024188568,1.017461463,1.032029263,1.036381672,0.987147161
63.6,0.989655982,1.022412013,1.016238584,1.031910473,1.033679598,0.98842604
63.62,0.991558833,1.026392765,1.014658722,1.031340915,1.031472905,0.989573622
63.64,0.9932065,1.029938231,1.019660168,1.031090149,1.028859937,0.985831533
63.66,0.989821189,1.027529325,1.017912819,1.030400004,1.031928988,0.987201303
63.68,0.991533365,1.031089302,1.022710612,1.030036651,1.02934866,0.988855543
63.7,0.988173946,1.02867398,1.020754026,1.029266665,1.027278591,0.990398996
63.72,0.989945108,1.03222301,1.025337647,1.028830761,1.024831985,0.992196792
63.74,0.986628798,1.029776474,1.023164305,1.02796988,1.022899363,0.993894594
63.76,0.988450617,1.033290528,1.027526239,1.027450826,1.020604204,0.990661564
63.78,0.985166696,1.03078891,1.025131389,1.026516026,1.024005505,0.992570081
63.8,0.987003337,1.034244664,1.029266632,1.025930418,1.021801264,0.994747585
63.82,0.983714358,1.031664925,1.026648149,1.024965061,1.020114963,0.996843723
63.84,0.985581578,1.035039687,1.030554458,1.024355095,1.018095746,0.999176242
63.86,0.987173677,1.032359937,1.027713037,1.023349895,1.0165933,0.996564227
63.88,0.989174923,1.035656802,1.031391106,1.02270621,1.014771674,0.998963149
63.9,0.985981036,1.032882223,1.028330129,1.021679013,1.013439644,1.00129918
63.92,0.987951251,1.036058246,1.031783189,1.021018619,1.011801011,1.003869119
63.94,0.989632529,1.033144853,1.028508325,1.019986894,1.010672028,1.001475902
63.96,0.991707956,1.036205017,1.031741757,1.0193262,1.009250682,1.004114944
63.98,0.993452026,1.033161315,1.028260882,1.01830694,1.008309293,1.001790722
64,0.995584208,1.036090291,1.031282497,1.017662062,1.007087677,1.004507007
64.02,0.997372738,1.032901481,1.027605598,1.01667163,1.006339475,1.002251173
64.04,0.999543406,1.035684766,1.030425168,1.016057757,1.005323803,1.005044833
64.06,1.001358655,1.032338019,1.026563955,1.015111613,1.00477407,1.00285536
64.08,1.003549288,1.034963069,1.029192948,1.014543134,1.003969355,1.005874514
64.1,1.005373325,1.031447651,1.025160583,1.013655854,1.003472842,1.003893848
64.12,1.007566768,1.033904007,1.027611892,1.013146272,1.00273868,1.007116842
64.14,1.009383824,1.03021138,1.023422707,1.012329966,1.002318229,1.005330941
64.16,1.011562751,1.032490774,1.02571038,1.011889619,1.001666002,1.008746072
64.18,1.013356184,1.028614661,1.021379591,1.011155551,1.001331459,1.007141484
64.2,1.015503284,1.030711064,1.023518533,1.010794725,1.000770595,1.010736693
64.22,1.017256552,1.026647464,1.019061955,1.010153224,1.000530022,1.009299717
64.24,1.019354701,1.0285571,1.021067675,1.009701325,1.00006815,1.013062571
64.26,1.021051531,1.024304267,1.016681443,1.008978651,0.999926168,1.011779248
64.28,1.023083973,1.026025586,1.018751121,1.008463829,0.999566599,1.015696933
64.3,1.024708538,1.021585756,1.014430941,1.007682904,0.999526471,1.014553029
64.32,1.026659069,1.023122019,1.016567052,1.007125256,0.999272088,1.018612343
64.34,1.028196179,1.018499349,1.012316576,1.006306322,0.999335811,1.017593371
64.36,1.03004936,1.019854759,1.014522248,1.005724291,0.999188208,1.021780755
64.38,1.031484657,1.020770759,1.010345553,1.004885853,0.999356599,1.020872001
64.4,1.02751046,1.02189369,1.012652838,1.004296218,0.999316168,1.025173576
64.42,1.028916795,1.022564076,1.008582143,1.003455192,0.999588946,1.024331555
64.44,1.024893381,1.023434542,1.01099377,1.002873362,0.999654961,1.028705286
64.46,1.026257362,1.023869096,1.007032179,1.002045076,1.000030683,1.02791619
64.48,1.022172186,1.024497788,1.00955098,1.001484813,1.0002011,1.032348919
64.5,1.023481515,1.024707533,1.00570165,1.000682893,1.00067724,1.031598853
64.52,1.019323524,1.025106362,1.00833059,1.00015635,1.000949066,1.036077263
64.54,1.020567381,1.025103392,1.004596619,0.99939276,1.001522232,1.035352331
64.56,1.021436966,1.025285311,1.007338683,0.998910525,1.001891595,1.034753177
64.58,1.022731651,1.025108061,1.003723016,0.998195623,1.002557593,1.033939587
64.6,1.018506963,1.025113614,1.006581245,0.997766775,1.002994248,1.03836489
64.62,1.019684628,1.024751858,1.003086853,0.997109368,1.003721468,1.03755867
64.64,1.02047763,1.024569209,1.006064136,0.996741411,1.004244095,1.036874887
64.66,1.021686684,1.02406153,1.002693426,0.996148564,1.005053085,1.035959062
64.68,1.022474715,1.023732296,1.005792408,0.995847606,1.005630931,1.035173768
64.7,1.023677072,1.023094653,1.002547673,0.99532522,1.006488793,1.034144213
64.72,1.024449245,1.02263434,1.00577083,0.995096058,1.007113774,1.033252152
64.74,1.025635224,1.0218817,1.002653949,0.994648434,1.00801331,1.032103689
64.76,1.026383197,1.021305788,1.005817399,0.994494476,1.008677798,1.031100157
64.78,1.027544794,1.020638991,1.002640125,0.994122786,1.00961143,1.029828253
64.8,1.028261803,1.020150563,1.005763755,0.994043498,1.01030743,1.02870922
64.82,1.029394477,1.019565073,1.002540381,0.993747863,1.011267261,1.027310093
64.84,1.030078016,1.019166721,1.005636935,0.993742734,1.011986494,1.026072312
64.86,1.031178588,1.01866523,1.002379558,0.993522297,1.012964411,1.024543049
64.88,1.031826438,1.018359717,1.005460633,0.993589914,1.013698422,1.023184152
64.9,1.032893021,1.017945007,1.002180116,0.993442898,1.014686199,1.021700097
64.92,1.033504151,1.017735143,1.005256122,0.993581013,1.015249154,1.020382856
64.94,1.034537822,1.017409978,1.00196207,0.993504803,1.016076133,1.018935721
64.96,1.035114852,1.017298515,1.005042207,0.993708623,1.01646767,1.017649648
64.98,1.0361176,1.017065562,1.001742965,0.993697278,1.017134826,1.016230218
65,1.036663101,1.017055106,1.004835201,0.9939615,1.017355876,1.014967164
65.02,1.037637751,1.01691683,1.001537832,0.994009415,1.017863978,1.013567691
65.04,1.038155029,1.017009739,1.004648897,0.99432824,1.01791536,1.012320895
65.06,1.039105127,1.016968318,1.00135921,0.994429323,1.018265156,1.010935035
65.08,1.039598109,1.017166609,1.004494611,0.994796534,1.018147746,1.009699067
65.1,1.040527795,1.01722385,1.001217189,0.994944292,1.018516886,1.008321826
65.12,1.041000905,1.017529124,1.004381233,0.995176575,1.018413101,1.007094294
65.14,1.041914787,1.017686389,1.001119476,0.995184655,1.018787889,1.005724592
65.16,1.04237283,1.018099752,1.004313541,0.995290955,1.018687934,1.004504172
65.18,1.043275871,1.018357897,1.001067066,0.995162615,1.019060414,1.003141052
65.2,1.043723921,1.01887989,1.004291538,0.995343108,1.018956495,1.001927393
65.22,1.04462131,1.019239177,1.000862322,0.995285408,1.019321719,1.000570869
65.24,1.04506458,1.019869705,1.003914149,0.995525231,1.019210101,0.999364521
65.26,1.045961598,1.020327782,1.000318766,0.995526665,1.019564053,0.998015513
65.28,1.046405321,1.021063116,1.003209016,0.995815977,1.019440916,0.99681785
65.3,1.047307209,1.021617096,0.999456779,0.995866625,1.019780505,0.995478074
65.32,1.047756491,1.022453984,1.002194858,0.99619614,1.019643008,0.994291186
65.34,1.048668315,1.023100419,0.998293603,0.996286697,1.019966087,0.992963047
65.36,1.049128034,1.024035006,1.00088745,0.996647749,1.019812385,0.991789632
65.38,1.050054578,1.024769849,1.003291831,0.996769589,1.020117759,0.99047611
65.4,1.050529279,1.019349518,1.005888382,0.997186317,1.019946996,0.989319366
65.42,1.051474939,1.02005993,1.001824723,0.997365152,1.020234575,0.993356525
65.44,1.051936616,1.021060113,1.004245397,0.997799924,1.014714572,0.992163328
65.46,1.052898383,1.02186111,1.006490322,0.997995542,1.015068443,0.996139158
65.48,1.053407212,1.016501426,1.00891725,0.998446224,1.009615418,0.994888746
65.5,1.054420245,1.01727363,1.004693006,0.998660062,1.010034536,0.998810408
65.52,1.054946968,1.018331924,1.007150771,0.999091908,1.00464747,0.997509793
65.54,1.055979313,1.018984354,1.002997671,0.999288789,1.00513143,1.001384541
65.56,1.056555642,1.019915827,1.005510644,0.999700081,0.999809859,1.000040405
65.58,1.057639068,1.020452947,1.001419217,0.999878715,1.000358941,1.003875457
65.6,1.058263561,1.021262047,1.003978985,1.000268654,0.995103203,1.002494677
65.62,1.059396298,1.021687356,0.999940255,1.000428565,0.995718465,1.00629727
65.64,1.060066901,1.022377246,1.002538835,1.000797151,0.990529617,1.004886485
65.66,1.061246506,1.022693078,0.998544409,1.000938719,0.991212815,1.008663607
65.68,1.061960488,1.02326577,1.001174339,1.001286782,0.986092541,1.00722912
65.7,1.063183788,1.023473425,0.997216491,1.001411267,0.986846038,1.010987408
65.72,1.06393768,1.023929932,0.999870915,1.001740488,0.981796552,1.009535088
65.74,1.065200706,1.024029825,0.995942664,1.001850048,0.982623231,1.013280733
65.76,1.065990259,1.024370313,0.998615423,1.002162966,0.977647177,1.011815916
65.78,1.067288206,1.024362121,0.994710611,1.002260653,0.978550345,1.015554564
65.8,1.068108343,1.030415677,0.997396322,1.00256066,0.973650697,1.014081963
65.82,1.063605926,1.030245898,0.993538894,1.002650411,0.974633986,1.017818623
65.84,1.064532544,1.036107444,0.996261644,1.00294188,0.969813946,1.01631302
65.86,1.060126669,1.035747817,0.992446116,1.003028774,0.970881221,1.020023466
65.88,1.061150346,1.041418957,0.995201005,1.003317016,0.966143974,1.018489307
65.9,1.056830645,1.040870679,0.991422803,1.003406932,0.967298943,1.022178211
65.92,1.05794106,1.046352523,0.994205961,1.003698002,0.968728248,1.020618997
65.94,1.053696614,1.045616465,0.990461612,0.997716894,0.969917313,1.024320404
65.96,1.054882854,1.050909803,0.993270242,0.998105222,0.971351702,1.022768454
65.98,1.050702363,1.049986689,0.989527078,0.992224346,0.972551224,1.026483853
66,1.051953247,1.055092171,0.992329855,0.992713731,0.973998018,1.024939271
66.02,1.047825058,1.053982603,0.988588062,0.986936515,0.975215376,1.028668962
66.04,1.049128858,1.058900626,0.991385792,0.987531044,0.976681672,1.027130787
66.06,1.045040859,1.057605276,0.987646634,0.981861422,0.977923951,1.030873971
66.08,1.04638535,1.062336477,0.990441184,0.982565702,0.979416528,1.029340117
66.1,1.042325033,1.060856417,0.98670699,0.977008032,0.980690428,1.033094832
66.12,1.043697564,1.065401845,0.989501288,0.977827119,0.982215655,1.031562039
66.14,1.039652109,1.063738706,0.985775426,0.972386096,0.983527393,1.035325104
66.16,1.041039687,1.068099989,0.988573441,0.973325411,0.985091136,1.033788888
66.18,1.036996064,1.066256116,0.984860288,0.968005988,0.986446351,1.037555853
66.2,1.03838546,1.070435612,0.987666997,0.969071239,0.988053881,1.036010475
66.22,1.034330542,1.068414202,0.983971885,0.963878538,0.989457533,1.039775582
66.24,1.035708412,1.072415142,0.986793236,0.965075645,0.991113426,1.038214019
66.26,1.036761039,1.070220371,0.983122397,0.960014877,0.992569695,1.036838246
66.28,1.038063166,1.074072645,0.985965253,0.961349892,0.994277741,1.035328733
66.3,1.039012126,1.071734876,0.982325882,0.956426278,0.995764267,1.034001437
66.32,1.040201442,1.075442753,0.985198214,0.957905307,0.997502331,1.032532331
66.34,1.041036381,1.072967236,0.981598382,0.953123873,0.999022522,1.031241621
66.36,1.04210221,1.076536063,0.98450893,0.954752754,1.00079357,1.029800032
66.38,1.042812943,1.073929301,0.980957368,0.950118267,1.002349676,1.028533074
66.4,1.043744883,1.077365685,0.983915574,0.95190276,1.004155514,1.027105159
66.42,1.044321574,1.07463546,0.980421593,0.947419786,1.005748524,1.025848217
66.44,1.045109691,1.0779473,0.983437516,0.949365499,1.007589699,1.02441923
66.46,1.045543046,1.075102686,0.980010919,0.945038323,1.009219231,1.023157727
66.48,1.046178078,1.078299176,0.983095162,0.947150636,1.011094927,1.021898929
66.5,1.04645954,1.075350515,0.979746164,0.942983194,1.012572292,1.020791289
66.52,1.046934975,1.078442124,0.982909796,0.94526718,1.014308333,1.019679997
66.54,1.047059636,1.075400997,0.979648937,0.941261104,1.015637313,1.018700415
66.56,1.04736988,1.078399457,0.982903414,0.943718749,1.017238667,1.017710879
66.58,1.047332892,1.075278632,0.979741471,0.939875341,1.018422931,1.016834671
66.6,1.047473497,1.078196863,0.983098541,0.942509228,1.020071026,1.021450411
66.62,1.047271209,1.075010208,0.980046439,0.93865049,1.015782277,1.02059844
66.64,1.047266582,1.077862239,0.983518075,0.941285023,1.017542285,1.025203796
66.66,1.046923653,1.074624756,0.980585016,0.943926049,1.013361297,1.024328566
66.68,1.046771048,1.077425897,0.977658284,0.946486796,1.015252267,1.028904162
66.7,1.046285453,1.074153589,0.974944935,0.949035955,1.011195202,1.027986533
66.72,1.045983698,1.076887335,0.972230601,0.951505301,1.013201268,1.0325132
66.74,1.045355117,1.073565088,0.969741123,0.953976976,1.00925014,1.031534274
66.76,1.044904707,1.076249844,0.96724272,0.95636881,1.011354436,1.035992879
66.78,1.0441343,1.072896406,0.964981039,0.958775508,1.007490535,1.034934013
66.8,1.04353749,1.075551106,0.962702188,0.961101725,1.009675322,1.039305659
66.82,1.042628294,1.072185587,0.960672282,0.963454041,1.005879187,1.038148671
66.84,1.041889311,1.074829566,0.958616635,0.965724494,1.00812583,1.042414912
66.86,1.040846268,1.071471313,0.95682247,0.96803106,1.004377243,1.041142308
66.88,1.03997132,1.074124188,0.954993662,0.970253509,1.006666214,1.04528539
66.9,1.038801262,1.070792653,0.953439144,0.972520939,1.002944219,1.043880601
66.92,1.037798503,1.073474208,0.951840742,0.974700985,1.005255114,1.047883714
66.94,1.036510113,1.070188835,0.950529663,0.976933809,1.001538061,1.046331348
66.96,1.035389586,1.072918911,0.949165114,0.979074824,1.003849658,1.05017888
66.98,1.033993313,1.069699028,0.954214522,0.981275416,1.000115273,1.048464969
67,1.032766848,1.066383999,0.953028357,0.983408968,1.002405612,1.052142767
67.02,1.031274805,1.063337932,0.958242036,0.985797023,0.998631259,1.050255014
67.04,1.029925431,1.06019649,0.957021445,0.988108992,1.000879984,1.053750632
67.06,1.0283215,1.057338168,0.962222668,0.990657612,0.997045657,1.051678503
67.08,1.026865709,1.054381106,0.9609998,0.993132263,0.99923177,1.054981163
67.1,1.025166344,1.051720972,0.966207591,0.995827228,0.995316089,1.052716128
67.12,1.023621871,1.048958935,0.964998187,0.998448688,0.997418185,1.055817242
67.14,1.021844614,1.046508231,0.97022988,1.001274556,0.993399663,1.053353106
67.16,1.020230234,1.043951616,0.96904799,1.004025594,0.995396178,1.056246456
67.18,1.018393527,1.041721294,0.97431923,1.006965537,0.997617673,1.053579506
67.2,1.016728861,1.03938021,0.973177203,1.003463201,0.999435775,1.056293138
67.22,1.014851862,1.037380898,0.978501926,1.00658199,1.001448113,1.053453469
67.24,1.01315734,1.035265141,0.977378621,1.003233661,1.003036939,1.055985091
67.26,1.011260036,1.033507121,0.982737894,1.006508952,1.004822678,1.052972872
67.28,1.009556685,1.031626001,0.981643385,1.003289862,1.006164221,1.055148389
67.3,1.007659385,1.030118885,0.987048775,1.006697752,1.007880635,1.051785296
67.32,1.005966767,1.02848123,0.985991214,1.003582019,1.009136981,1.053618469
67.34,1.004087377,1.027234272,0.991452321,1.007098985,1.010756061,1.049921292
67.36,1.002425261,1.025848565,0.990437876,1.004062098,1.011900475,1.051427795
67.38,1.000582717,1.024870645,0.99596226,1.007663095,1.01339693,1.047415264
67.4,0.99897094,1.023745028,0.994995052,1.00467829,1.014403772,1.048613579
67.42,0.997010884,1.023044654,1.000588144,1.008336719,1.015753517,1.044480402
67.44,0.995291855,1.022185206,0.99967014,1.005375885,1.016598645,1.045567288
67.46,0.993248002,1.021767967,1.005335108,1.009063604,1.01778093,1.041321618
67.48,0.991456133,1.021180567,1.004465983,1.006097328,1.018444666,1.042306741
67.5,0.989360296,1.021052729,1.010203579,1.009784724,1.019440605,1.037961527
67.52,0.987528378,1.02074306,1.009380581,1.006782415,1.019904548,1.038857142
67.54,0.985411588,1.020910645,1.01518899,1.010438533,1.020697521,1.034427723
67.56,0.983571534,1.020884162,1.014406791,1.007368576,1.020945854,1.035248456
67.58,0.981463897,1.021352914,1.020281458,1.0109613,1.021521877,1.030752312
67.6,0.97964661,1.02161481,1.019531985,1.007791281,1.021541734,1.031514915
67.62,0.977577194,1.022390147,1.025657437,1.011287583,1.021889805,1.026971388
67.64,0.975812462,1.022753291,1.025119868,1.007986546,1.021671597,1.027694462
67.66,0.97380922,1.023652035,1.031462966,1.011355728,1.021783983,1.023124456
67.68,0.972123694,1.024144402,1.031114156,1.014831263,1.021321678,1.023828158
67.7,0.970210509,1.025179063,1.03071528,1.017990053,1.021228974,1.019253811
67.72,0.968629792,1.025811482,1.030617278,1.021218488,1.020554416,1.019959708
67.74,0.966830525,1.026957799,1.030445394,1.024102234,1.02025485,1.015404416
67.76,0.965379085,1.027705232,1.030569789,1.027055766,1.019368207,1.016135179
67.78,0.963716327,1.028973032,1.030596953,1.029635401,1.018863522,1.011622934
67.8,0.962417153,1.029843778,1.030913327,1.032286532,1.0177688,1.012401878
67.82,0.960912248,1.031240751,1.031109921,1.034533648,1.017064391,1.00795699
67.84,0.959787224,1.032241058,1.031586009,1.036855755,1.015769346,1.00880782
67.86,0.958460464,1.033772679,1.031920563,1.038743226,1.014874142,1.004454664
67.88,0.957530392,1.035086846,1.032522088,1.040711175,1.013390118,1.005401243
67.9,0.956220874,1.036929214,1.032962986,1.042213805,1.012316384,1.001164044
67.92,0.955334407,1.038532268,1.033656275,1.043804586,1.010658058,1.002228362
67.94,0.954088136,1.040674718,1.034169646,1.044899787,1.009421127,0.998128315
67.96,0.953274317,1.042557103,1.034917727,1.046093155,1.007606191,0.999332392
67.98,0.952117606,1.044988956,1.035467494,1.046761581,1.00622411,0.995391367
68,0.951402896,1.047140019,1.036231142,1.047540652,1.004272893,0.996757042
68.02,0.950359677,1.049849269,1.036779098,1.047766802,1.00276606,0.992996459
68.04,0.949768111,1.05225696,1.044083327,1.048118608,1.000701121,0.994545294
68.06,0.94903031,1.04866357,1.044543067,1.04792415,0.999091884,0.990815802
68.08,0.94875097,1.051394852,1.051735157,1.047872476,0.996937754,0.992403406
68.1,0.948283761,1.048094679,1.052035193,1.047250156,0.995248585,0.988747746
68.12,0.948290331,1.051131676,1.059075488,1.046790077,0.99302877,0.990407547
68.14,0.948100849,1.048103017,1.059175886,1.045737649,0.991283431,0.986856606
68.16,0.948400588,1.051425687,1.066022696,1.044869276,0.989023445,0.988619995
68.18,0.948495305,1.04864499,1.065882012,1.043389867,0.987246541,0.985202689
68.2,0.949094755,1.052231135,1.072492101,1.042118495,0.984972554,0.987099287
68.22,0.949479483,1.049672683,1.072067933,1.040220684,0.983189146,0.983842663
68.24,0.950384461,1.053497613,1.078397132,1.038556797,0.980927603,0.98590043
68.26,0.951064328,1.051133205,1.077646781,1.036254545,0.979162859,0.982829793
68.28,0.95227988,1.055169401,1.083650705,1.034213682,0.976737606,0.985075155
68.3,0.95325927,1.052968038,1.082531945,1.03172865,0.974826634,0.982212233
68.32,0.954789591,1.05718483,1.08816681,1.029519014,0.972271811,0.984667378
68.34,0.956072042,1.055112426,1.086640726,1.026866153,0.97025746,0.982032684
68.36,0.957920329,1.059475692,1.091867106,1.024495222,0.967616491,0.984719767
68.38,0.95950838,1.057705433,1.089896792,1.021684911,0.965539625,0.982332727
68.4,0.961466066,1.062364955,1.094678673,1.019164397,0.962854721,0.980024118
68.42,0.963175637,1.060844131,1.092233326,1.016211252,0.966003793,0.977792182
68.44,0.965229784,1.065751329,1.096537749,1.013556724,0.96339829,0.980940696
68.46,0.967039095,1.064429919,1.093589345,1.010505391,0.961374896,0.979028989
68.48,0.969218822,1.069534425,1.097387482,1.007762966,0.958790795,0.97722948
68.5,0.971157602,1.068360027,1.093912957,1.004609863,0.962056524,0.975675729
68.52,0.97343861,1.07360893,1.097181327,1.001774219,0.959456172,0.97428021
68.54,0.975480475,1.072526668,1.100188295,0.998568916,0.962710792,0.973119723
68.56,0.977861226,1.070838971,1.103088349,0.995724594,0.960135583,0.972136867
68.58,0.980003223,1.069647121,1.098680376,0.992528555,0.963420601,0.971377662
68.6,0.982628639,1.074851384,1.100981276,0.989666568,0.960910448,0.970630656
68.62,0.98499026,1.079578676,1.103042846,0.986469989,0.964265528,0.970119264
68.64,0.9819337,1.077675616,1.104978967,0.983649388,0.961855989,0.969631109
68.66,0.984611708,1.082134768,1.099627541,0.980516266,0.965316233,0.969352126
68.68,0.986974014,1.086954586,1.100981701,0.977729959,0.96304138,0.969157107
68.7,0.989859783,1.091265858,1.102131828,0.974651908,0.961425272,0.969147373
68.72,0.99244678,1.088866956,1.103118843,0.971959885,0.959367656,0.969195392
68.74,0.995555056,1.092836873,1.103888044,0.968975121,0.95796974,0.969440143
68.76,0.998311276,1.090060787,1.104484779,0.966379564,0.956154607,0.969741905
68.78,1.001580694,1.093636813,1.104875897,0.963516587,0.954997991,0.970251445
68.8,1.004479084,1.090442881,1.104842039,0.961043991,0.953448724,0.970815955
68.82,1.007880752,1.093831418,1.104631204,0.958327837,0.952555101,0.971598936
68.84,1.010892075,1.090412032,1.103982407,0.956000126,0.951293657,0.972433805
68.86,1.014395754,1.09357035,1.103200796,0.953228163,0.950683457,0.973497357
68.88,1.017490455,1.089874676,1.10219836,0.950854924,0.949728329,0.974608737
68.9,1.021061548,1.092750514,1.101091837,0.948059048,0.949417742,0.975958371
68.92,1.024204596,1.08873283,1.099765949,0.945683864,0.948786658,0.977350813
68.94,1.02780391,1.091280217,1.098353593,0.942907966,0.948792374,0.978990237
68.96,1.030955746,1.086898459,1.096727049,0.94057132,0.948502476,0.980666501
68.98,1.034732333,1.089074239,1.095032863,0.937857101,0.948840751,0.982404349
69,1.038020045,1.084293048,1.093133294,0.935597302,0.948908772,0.984351854
69.02,1.041913893,1.086061893,1.091185568,0.932984111,0.943443246,0.986346638
69.04,1.045285377,1.080851468,1.089044741,0.936831489,0.943807811,0.988513531
69.06,1.049241834,1.082182973,1.086875335,0.934254147,0.938678116,0.990728015
69.08,1.052642162,1.082794639,1.084558275,0.938139973,0.939384402,0.993107888
69.1,1.050327163,1.083617321,1.082262067,0.93563855,0.934600512,0.995533659
69.12,1.053777165,1.083702056,1.079835277,0.939603204,0.935661523,0.998085829
69.14,1.051460797,1.083966743,1.07744584,0.937216108,0.931232056,1.000680371
69.16,1.054900786,1.083512089,1.074945422,0.941298203,0.932659484,1.003393386
69.18,1.052522351,1.083209263,1.072497438,0.939061627,0.934570075,1.006142366
69.2,1.055890248,1.082210182,1.069960464,0.937319446,0.936309344,1.009030829
69.22,1.053387596,1.081338287,1.06748919,0.935362479,0.938500385,1.011945159
69.24,1.056619946,1.079797469,1.06492316,0.933896105,0.940537918,1.014988648
69.26,1.059419193,1.078363113,1.062434852,0.932243469,0.943025521,1.012555359
69.28,1.062408344,1.076318382,1.059878407,0.931075109,0.945377346,1.015799654
69.3,1.06491725,1.074362905,1.050660303,0.929749697,0.948149355,1.013518646
69.32,1.067573374,1.078580226,1.048244535,0.928866852,0.950803647,1.016931899
69.34,1.069732783,1.07599811,1.039006757,0.927857577,0.953875036,1.014949533
69.36,1.072027987,1.079827115,1.036560417,0.927279517,0.95683771,1.018656382
69.38,1.073814305,1.076886309,1.027342364,0.926430706,0.954188334,1.01692154
69.4,1.075692069,1.080350538,1.024923291,0.932050506,0.957344593,1.020848565
69.42,1.07705257,1.077064093,1.015779523,0.931490179,0.960957163,1.019282488
69.44,1.078457894,1.080175565,1.013468715,0.931355627,0.964478749,1.023411077
69.46,1.079341485,1.076563593,1.004481267,0.931004268,0.968403375,1.027549047
69.48,1.080223402,1.079341423,1.002298046,0.931096985,0.966693495,1.031784849
69.5,1.080611544,1.07543062,0.993482908,0.930994845,0.971003944,1.035977845
69.52,1.080952105,1.077900226,0.99147108,0.931310198,0.969657414,1.04024155
69.54,1.080803738,1.073722633,0.982871122,0.931453803,0.974349715,1.044438366
69.56,1.08056364,1.075914624,0.981071602,0.93201474,0.973357255,1.048673434
69.58,1.079844806,1.071506615,0.97272528,0.932427442,0.978425628,1.052817501
69.6,1.078992925,1.073455785,0.97117518,0.926777131,0.977776302,1.056961887
69.62,1.077678049,1.068856989,0.96959555,0.927557139,0.98318053,1.060991359
69.64,1.076192517,1.070601263,0.968220281,0.922306833,0.982829419,1.064977567
69.66,1.07426534,1.065885664,0.966848605,0.923500435,0.988560397,1.068825303
69.68,1.077919185,1.067496329,0.965686876,0.918658275,0.98849299,1.066993509
69.7,1.075327537,1.062501043,0.964562782,0.920277872,0.994340973,1.070842567
69.72,1.0785084,1.063821646,0.963648518,0.915851369,0.994332687,1.068956954
69.74,1.075449005,1.05859244,0.962805689,0.91790695,1.000259166,1.072735108
69.76,1.078154999,1.059684225,0.962170513,0.920377818,1.000290435,1.070725346
69.78,1.074619438,1.054283795,0.955163619,0.922809773,1.006484447,1.074359689
69.8,1.076841958,1.055206854,0.954938392,0.925442427,1.006729543,1.072155767
69.82,1.072831073,1.049664729,0.948361712,0.928069822,1.013140817,1.075575971
69.84,1.074570858,1.050446834,0.948563621,0.93090705,1.013562434,1.073108398
69.86,1.070094572,1.044824557,0.942429541,0.933941746,1.020156037,1.076243775
69.88,1.071361269,1.0455246,0.942884037,0.930660284,1.020715256,1.079317272
69.9,1.066438243,1.039880878,0.943549607,0.933966779,1.021548799,1.082052222
69.92,1.067279626,1.040553088,0.944394949,0.937503859,1.022243422,1.084680629
69.94,1.061965456,1.034972939,0.938949542,0.941241837,1.023223974,1.086920606
69.96,1.062406781,1.035702465,0.940093177,0.938624417,1.024036867,1.089043797
69.98,1.056734453,1.030204907,0.941509941,0.94280886,1.025082527,1.090728734
70,1.056808088,1.025090691,0.942902105,0.94064646,1.025925414,1.092291315
70.02,1.056732678,1.019837338,0.944566163,0.945306984,1.026981387,1.093366615
70.04,1.056363122,1.015027941,0.946209444,0.950124153,1.027793768,1.09434886
70.06,1.055857196,1.010087325,0.941620325,0.955201435,1.028832612,1.094795963
70.08,1.055089697,1.005620651,0.943633508,0.960385344,1.036280723,1.09515471
70.1,1.054202778,1.000993679,0.939424649,0.959149175,1.037377842,1.094968349
70.12,1.053087075,0.996871489,0.941828583,0.964595382,1.044842828,1.094704702
70.14,1.051872312,0.992589074,0.937980847,0.963593112,1.045897,1.093856024
70.16,1.050460911,0.988630615,0.940760731,0.969297227,1.053310237,1.092946981
70.18,1.048964627,0.984524098,0.937286141,0.968517315,1.054250017,1.091638609
70.2,1.047289251,0.980769428,0.940457777,0.974471034,1.061538155,1.090287631
70.22,1.04555474,0.976882443,0.937368131,0.973898276,1.062290222,1.08851171
70.24,1.043669384,0.973375679,0.940948351,0.980089171,1.06937881,1.086698779
70.26,1.041752569,0.969747704,0.938255357,0.979704144,1.069866359,1.084439985
70.28,1.039711396,0.966528847,0.942261108,0.986302494,1.076676355,1.082155627
70.3,1.037668867,0.963195589,0.939789092,0.986257868,1.076822039,1.079409738
70.32,1.035526078,0.960300936,0.944062572,0.993210575,1.083274905,1.076655201
70.34,1.033413942,0.957292818,0.941854855,0.993471152,1.082999983,1.073429104
70.36,1.031222745,0.954752564,0.946417761,1.000746607,1.089015075,1.070216169
70.38,1.029095645,0.952097362,0.944489156,1.00127408,1.088241092,1.066527425
70.4,1.021410242,0.94994014,0.949361328,1.008835635,1.093738478,1.068374941
70.42,1.019398297,0.947636118,0.94772481,1.009586605,1.09238912,1.064145792
70.44,1.011910941,0.945861862,0.952924144,1.01739166,1.097319006,1.065226843
70.46,1.010091059,0.94393441,0.951787645,1.018316758,1.095563424,1.060254589
70.48,1.002846779,0.942372674,0.957488383,1.026318062,1.100089121,1.060604943
70.5,1.001260095,0.940689587,0.956832894,1.027366363,1.0978601,1.061017857
70.52,0.99408717,0.939394446,0.963038498,1.035511958,1.095832862,1.060841142
70.54,0.992597885,0.937985996,0.962862345,1.03662375,1.100120964,1.060739132
70.56,0.985569869,0.936987462,0.969577305,1.037854009,1.097592502,1.060093355
70.58,0.98423328,0.935881672,0.969878589,1.039242143,1.101334325,1.05955323
70.6,0.977402364,0.935208507,0.976839733,1.040696053,1.098216643,1.058485271
70.62,0.97626836,0.934431375,0.977379634,1.042278481,1.101360191,1.057554674
70.64,0.969681895,0.934107864,0.984600557,1.043881367,1.097609738,1.056117082
70.66,0.968795849,0.933680075,0.985376486,1.045577723,1.100111375,1.054848507
70.68,0.962496317,0.933729088,0.992858521,1.047251008,1.095695257,1.05309802
70.7,0.961899286,0.933671468,0.993863866,1.056051203,1.097522507,1.045562231
70.72,0.955924603,0.934114868,0.994528299,1.057659076,1.098440078,1.043637807
70.74,0.955624073,0.934447504,0.9958392,1.066354313,1.099498006,1.036023568
70.76,0.949979197,0.935271145,0.996795289,1.067807639,1.099609502,1.034018819
70.78,0.950010719,0.935978882,0.998390407,1.076340512,1.099887064,1.026391014
70.8,0.94472771,0.937388561,0.999615701,1.077549697,1.09918957,1.02436691
70.82,0.9449395,0.938641085,1.001470798,1.085826965,1.098691002,1.016569393
70.84,0.939899604,0.940629652,1.00313717,1.086698462,1.097415328,1.014366034
70.86,0.940348623,0.942237414,1.005408526,1.094625112,1.096373636,1.006456337
70.88,0.93558716,0.944630098,1.007455543,1.095068143,1.094544437,1.004151207
70.9,0.93630873,0.946633024,1.010102027,1.10255,1.092969089,0.996206166
70.92,0.931855139,0.949444604,1.012489949,1.102471947,1.090603319,0.993871613
70.94,0.932881462,0.946329314,1.015466376,1.109413571,1.088516423,0.985962934
70.96,0.934290014,0.949626299,1.018122376,1.10872335,1.085643624,0.983666297
70.98,0.930515928,0.952536594,1.021349911,1.115031405,1.083078752,0.980942393
71,0.926749337,0.956277181,1.024250712,1.113641752,1.079739604,0.978679387
71.02,0.923459483,0.959590878,1.027698623,1.119227849,1.076765425,0.976001045
71.04,0.920170253,0.963761293,1.030784874,1.117058625,1.07303452,0.973805981
71.06,0.917381865,0.967491745,1.034385696,1.121842407,1.069700921,0.971235865
71.08,0.914584913,0.972105448,1.037589552,1.118823342,1.065633809,0.969165926
71.1,0.91231387,0.976264758,1.048021115,1.122735119,1.061996489,0.966760785
71.12,0.910023414,0.974579154,1.051232664,1.118842261,1.057653815,0.964867539
71.14,0.908285104,0.979244617,1.061865293,1.121859115,1.053772491,0.962678426
71.16,0.906481281,0.977811968,1.065172572,1.124733232,1.048967989,0.960832089
71.18,0.905257967,0.982785053,1.068215983,1.12701713,1.044868246,0.958722157
71.2,0.903952191,0.98162437,1.071617169,1.129150144,1.039878437,0.956981391
71.22,0.903254885,0.987039607,1.074711314,1.130639182,1.035624853,0.955012129
71.24,0.902283827,0.986261887,1.078120146,1.131990056,1.030517331,0.953432252
71.26,0.901968868,0.992080177,1.081179813,1.132648063,1.026174217,0.951657015
71.28,0.901379353,0.991665147,1.08450157,1.133189807,1.021016438,0.950285696
71.3,0.901466498,0.997871486,1.08743418,1.132996949,1.016647127,0.948753168
71.32,0.901276283,0.997796492,1.09056802,1.132718623,1.011504669,0.947634732
71.34,0.901784516,1.004371687,1.093275521,1.1316722,1.007170014,0.946389312
71.36,0.902010861,1.004609667,1.096115645,1.130579352,1.002105193,0.940112677
71.38,0.902958705,1.011529271,1.098495848,1.128693889,1.003313966,0.939263171
71.4,0.903591309,1.012047664,1.100933154,1.126808302,0.998289414,0.933437278
71.42,0.904970313,1.019280672,1.102881545,1.124142189,0.999523412,0.933043804
71.44,0.906027349,1.020244355,1.104805774,1.121527365,0.994597857,0.927696283
71.46,0.907652585,1.027922599,1.106220063,1.118125278,0.995706729,0.927788004
71.48,0.908983674,1.029264442,1.114757944,1.115035815,0.990712826,0.922939701
71.5,0.910894923,1.030104951,1.115502237,1.111211451,0.991763479,0.923537844
71.52,0.912681269,1.03184006,1.123311105,1.107726617,0.986778724,0.919046666
71.54,0.915009316,1.03302902,1.123257791,1.103520845,0.987843515,0.920027787
71.56,0.917202741,1.035094999,1.130243804,1.099683839,0.982936903,0.915942488
71.58,0.919955856,1.036568536,1.129307899,1.095146531,0.984080209,0.917336455
71.6,0.9225648,1.038894166,1.135385216,1.091008286,0.979314752,0.913681533
71.62,0.92575108,1.040580664,1.133491694,1.086196229,0.980596367,0.91551643
71.64,0.928782809,1.049067685,1.138585589,1.081813185,0.976029008,0.912314769
71.66,0.926427258,1.050848547,1.135702224,1.076787755,0.977503309,0.914617589
71.68,0.929955466,1.059416085,1.139781602,1.072219781,0.973185165,0.911861317
71.7,0.928053588,1.061177773,1.135861421,1.066766361,0.968506375,0.914629392
71.72,0.932075191,1.06973811,1.13916007,1.068192809,0.964567488,0.912309035
71.74,0.93061679,1.071608774,1.134448055,1.062252423,0.96034294,0.915538602
71.76,0.934904153,1.080258517,1.136976839,1.06319758,0.956849645,0.91367831
71.78,0.933867694,1.082127144,1.13146897,1.056868853,0.953112057,0.917214496
71.8,0.938575578,1.090762019,1.133190349,1.057426551,0.950092806,0.915685243
71.82,0.943048887,1.092522956,1.126867071,1.05080759,0.946868545,0.914450158
71.84,0.948113747,1.101056527,1.127762675,1.05107037,0.944161123,0.913512864
71.86,0.952903755,1.102620681,1.128316167,1.044440287,0.941094849,0.912836588
71.88,0.958284721,1.103240366,1.128314577,1.044720126,0.938585961,0.912479705
71.9,0.963375788,1.104597744,1.127977362,1.038177718,0.935749631,0.912364078
71.92,0.969013352,1.104966134,1.127054887,1.038531331,0.933490669,0.912591785
71.94,0.974344556,1.106001042,1.125849629,1.032135416,0.930935221,0.913041339
71.96,0.980211193,1.106007229,1.124038915,1.03261639,0.928971957,0.913859346
71.98,0.985752707,1.106602709,1.122004793,1.026420739,0.926742922,0.914880328
72,0.99199857,1.106136112,1.119355063,1.026851787,0.92511642,0.916109641
72.02,0.997866006,1.112609333,1.116772563,1.020660842,0.92325269,0.917557441
72.04,0.997995221,1.111523688,1.113621472,1.021106727,0.921995007,0.919226964
72.06,1.004211738,1.117318207,1.110567372,1.014995419,0.920529353,0.921079028
72.08,1.004616864,1.115484498,1.106958841,1.015525095,0.919671283,0.923166594
72.1,1.011123906,1.120500726,1.103479779,1.009561037,0.918634978,0.925432554
72.12,1.011738926,1.117829213,1.099467536,1.003127695,0.918205162,0.927947159
72.14,1.018468384,1.12197651,1.102728551,0.997467571,0.917592382,0.930635311
72.16,1.019218007,1.118388484,1.098242648,0.991423985,0.917583784,0.933584068
72.18,1.026091362,1.121624154,1.101009913,0.98615642,0.917425218,0.936857248
72.2,1.026889991,1.117089773,1.096119107,0.98055356,0.917710399,0.940386516
72.22,1.03381922,1.119348724,1.098458048,0.975722695,0.9178965,0.944218824
72.24,1.040114884,1.113818411,1.093235854,0.970602317,0.918698964,0.942782446
72.26,1.047171718,1.115081268,1.087471983,0.966079244,0.919416259,0.947028466
72.28,1.053498059,1.116298184,1.081790881,0.961287787,0.92070605,0.945985652
72.3,1.060536559,1.116703669,1.075648758,0.95709919,0.921943604,0.95064851
72.32,1.066827691,1.123800485,1.069659632,0.952681166,0.923737508,0.949979764
72.34,1.066976601,1.123257625,1.063289431,0.948865361,0.925514551,0.955043812
72.36,1.073199789,1.129346424,1.057134104,0.944858904,0.927831898,0.954691355
72.38,1.073188061,1.12779261,1.050645716,0.941448839,0.930169253,0.960102319
72.4,1.079228065,1.132848135,1.044425256,0.93788679,0.933030959,0.960218722
72.42,1.078938613,1.130278179,1.037921141,0.934910788,0.935770013,0.966101369
72.44,1.084675208,1.134298141,1.031728673,0.931821626,0.939049592,0.972163668
72.46,1.083988784,1.130729501,1.025302279,0.929302511,0.936703148,0.978440142
72.48,1.08932495,1.133734203,1.01922165,0.926708699,0.940495509,0.984845226
72.5,1.088146288,1.12920611,1.012956338,0.924452008,0.938648568,0.991453164
72.52,1.092955102,1.131237273,1.0072488,0.922166204,0.942969131,0.998164962
72.54,1.097048886,1.125808712,1.001397059,0.920226997,0.941629396,0.999173353
72.56,1.101169735,1.126958201,0.99584755,0.918292757,0.946494096,1.006210645
72.58,1.10452112,1.120978977,0.990185378,0.916706895,0.94564161,1.00746071
72.6,1.108042103,1.121585945,0.98484711,0.915159911,0.951038128,1.014529101
72.62,1.110767676,1.115128051,0.97944492,0.91396057,0.950856315,1.015920595
72.64,1.113585863,1.115248661,0.974379317,0.912662376,0.950707951,1.023108777
72.66,1.115587885,1.108379556,0.969298111,0.917785827,0.951068652,1.024521432
72.68,1.117609149,1.108078314,0.964556957,0.916716315,0.957546673,1.031720936
72.7,1.118803029,1.100872747,0.95987725,0.90973522,0.95841953,1.03310067
72.72,1.119946361,1.100220627,0.961848392,0.909274164,0.965377924,1.04025441
72.74,1.120262821,1.09248248,0.957300504,0.902947118,0.9667021,1.04150613
72.76,1.120740046,1.091306743,0.959386778,0.903132412,0.974149098,1.048515177
72.78,1.120402993,1.083139755,0.955033649,0.897458388,0.975925051,1.055464794
72.8,1.120174361,1.081542201,0.957297738,0.898296599,0.977937676,1.06219064
72.82,1.119153215,1.073053436,0.953195623,0.893276175,0.980225285,1.068799987
72.84,1.118193896,1.071135448,0.955692956,0.894746318,0.982730565,1.075303701
72.86,1.116446406,1.062430592,0.951890896,0.89035314,0.985315399,1.08163783
72.88,1.114460045,1.060291382,0.948090908,0.892466946,0.98812617,1.088053891
72.9,1.1116971,1.058048776,0.944723467,0.888671973,0.991000863,1.094262503
72.92,1.108654366,1.05565448,0.941434,0.891408656,0.994270671,1.100483005
72.94,1.104918673,1.053203088,0.938354316,0.888047751,0.99756782,1.106437137
72.96,1.107007906,1.044453377,0.935391245,0.891268167,1.001238053,1.106188949
72.98,1.108684602,1.042230697,0.932621516,0.888382228,1.004922453,1.111833072
73,1.10961193,1.033555885,0.930005658,0.892105317,1.008927434,1.111210016
73.02,1.110371439,1.031388569,0.927591287,0.889705501,1.012927067,1.116445206
73.04,1.110446718,1.022848239,0.92536747,0.893950567,1.017224986,1.115320354
73.06,1.110345089,1.020823011,0.923349389,0.892048363,1.021490112,1.120017802
73.08,1.109601832,1.012501253,0.921559433,0.896835322,1.026029689,1.11826607
73.1,1.108683172,1.01069508,0.919975067,0.895442881,1.030705183,1.122298765
73.12,1.107173283,1.002666291,0.918657596,0.900586863,1.035594654,1.126151785
73.14,1.105499412,1.001147227,0.917541853,0.899548152,1.034241444,1.129363187
73.16,1.103322049,0.993476013,0.91673116,0.905088055,1.03947729,1.132345115
73.18,1.101000188,0.992303469,0.916114321,0.904382401,1.038378738,1.134594517
73.2,1.098233617,0.985045321,0.915843728,0.910491096,1.04387768,1.136606963
73.22,1.095349245,0.984270539,0.915570359,0.91029859,1.049535242,1.137799831
73.24,1.09207983,0.977472225,0.915703632,0.910364448,1.05516655,1.138792547
73.26,1.088725172,0.977136967,0.915841,0.910755093,1.060884075,1.13888484
73.28,1.085044048,0.970834622,0.916384619,0.911379545,1.066516598,1.138792937
73.3,1.081063747,0.970770837,0.91712531,0.912343591,1.072194955,1.137979464
73.32,1.077012603,0.964595217,0.91829064,0.913519229,1.077934417,1.137011592
73.34,1.07270538,0.964683962,0.919625943,0.921444456,1.083648458,1.13526643
73.36,1.068373954,0.958730659,0.91481647,0.922936821,1.089394371,1.133381377
73.38,1.063830593,0.959039993,0.916837509,0.931190493,1.095056196,1.130671365
73.4,1.059306756,0.953337018,0.912703128,0.932960511,1.100676236,1.127848902
73.42,1.054617703,0.953894631,0.915417555,0.94172248,1.106154417,1.124165556
73.44,1.044144854,0.948496269,0.911778559,0.94391926,1.111507341,1.126251016
73.46,1.039484875,0.943530954,0.915038479,0.953142107,1.11666366,1.121493097
73.48,1.034957255,0.938532019,0.911910663,0.955743445,1.121628491,1.122496503
73.5,1.030332749,0.934031136,0.915704037,0.965409963,1.126344747,1.116730634
73.52,1.025648366,0.929496851,0.913097468,0.968388057,1.130763749,1.116966072
73.54,1.0208947,0.925493361,0.917443623,0.978473353,1.134887506,1.117171181
73.56,1.016135563,0.921450283,0.915369802,0.981792206,1.131927421,1.116634349
73.58,1.011390368,0.917972605,0.920289457,0.992261637,1.135407326,1.116065779
73.6,1.006691502,0.914444978,0.918761218,0.995841405,1.138881712,1.114762983
73.62,1.002046167,0.911518662,0.924276545,0.999441538,1.141542866,1.113504418
73.64,0.997497514,0.908528414,0.923307873,1.003524616,1.144147314,1.111528751
73.66,0.993032841,0.906176933,0.929182393,1.007555962,1.145828916,1.109641893
73.68,0.988713735,0.903744569,0.928770917,1.012052396,1.147449926,1.107063829
73.7,0.984500119,0.901789886,0.93519959,1.016446046,1.148302629,1.098070053
73.72,0.980479178,0.899784613,0.93532302,1.021014733,1.155643276,1.094800657
73.74,0.976542437,0.898283704,0.94231807,1.025440824,1.15572123,1.091746574
73.76,0.972841583,0.896731371,0.942978488,1.030012486,1.15573338,1.087826006
73.78,0.969068222,0.895711331,0.950549552,1.034411331,1.155073163,1.084356772
73.8,0.965566889,0.894634372,0.951749165,1.038849485,1.15432996,1.08006874
73.82,0.962019726,0.894118572,0.959906815,1.043083147,1.152851769,1.076275564
73.84,0.958785373,0.893539104,0.961646865,1.05455469,1.151287502,1.071712673
73.86,0.950171479,0.893551757,0.963115681,1.058468431,1.148968938,1.066629691
73.88,0.947336262,0.893465555,0.965468784,1.069576865,1.152980972,1.061878467
73.9,0.939166641,0.893969075,0.967520271,1.073255992,1.149401061,1.056699085
73.92,0.936773833,0.894365172,0.970230366,1.084398551,1.152109034,1.051888831
73.94,0.929090886,0.895387615,0.972646071,1.08801783,1.147229858,1.04645908
73.96,0.927181678,0.896290262,0.975710733,1.09907906,1.148880964,1.041424513
73.98,0.920018363,0.897857423,0.978668077,1.102492921,1.142976192,1.035831359
74,0.918624612,0.899096655,0.982239224,1.113323463,1.143599174,1.030687666
74.02,0.9120084,0.901243184,0.98567316,1.116382308,1.144242529,1.025045573
74.04,0.910975879,0.903024129,0.989716571,1.119267678,1.143798476,1.019934979
74.06,0.904790735,0.905746594,0.993594296,1.121911376,1.143387621,1.014382442
74.08,0.904179715,0.902582012,0.998031454,1.12433447,1.14187601,1.009393987
74.1,0.903960499,0.905955682,1.002246167,1.126413126,1.140459247,1.004019294
74.12,0.903722106,0.903449025,1.007000416,1.12823067,1.137942596,0.99925879
74.14,0.903912773,0.907514881,1.011501709,1.129594807,1.135589977,0.994164863
74.16,0.904087018,0.905671295,1.016512698,1.130666399,1.132151703,0.989494652
74.18,0.904728934,0.910444953,1.02123789,1.131172372,1.129154609,0.984526555
74.2,0.905351484,0.90927228,1.026673592,1.131365428,1.125110951,0.980019061
74.22,0.906480881,0.914529507,1.031749553,1.138811669,1.121552611,0.975261791
74.24,0.907586052,0.919386186,1.036451887,1.137964727,1.117023353,0.970991522
74.26,0.903686992,0.918246422,1.041861135,1.144328874,1.113023704,0.966518053
74.28,0.900395278,0.923591133,1.046811668,1.14233403,1.108096331,0.967502121
74.3,0.897119439,0.922875174,1.052429503,1.147515729,1.103741413,0.963257176
74.32,0.894507326,0.928867032,1.057536796,1.144290527,1.098260629,0.958684779
74.34,0.891720461,0.928726307,1.063259829,1.148482288,1.099166884,0.954813331
74.36,0.889627397,0.935338064,1.068420496,1.144240255,1.093102755,0.950689789
74.38,0.887353888,0.935770315,1.074132005,1.14742258,1.093436661,0.947266358
74.4,0.8858004,0.943008931,1.079229882,1.142129906,1.086914985,0.943635329
74.42,0.884058868,0.944012126,1.08505638,1.14424144,1.086795831,0.940697305
74.44,0.883065738,0.951623582,1.090183779,1.137863534,1.079940656,0.937594817
74.46,0.88187534,0.952971103,1.09596883,1.138874139,1.072309851,0.934994749
74.48,0.881461468,0.960966435,1.100983279,1.138579715,1.065529091,0.932236554
74.5,0.880836918,0.962643584,1.106571176,1.138339997,1.058074238,0.929992756
74.52,0.88102001,0.971012179,1.111355685,1.136753844,1.051491852,0.927632921
74.54,0.880978923,0.973195931,1.116614836,1.135287304,1.04403552,0.925793153
74.56,0.881580385,0.982075186,1.121007649,1.132716141,1.037462137,0.923876674
74.58,0.881988324,0.984707405,1.125764589,1.130341864,1.030081233,0.922477971
74.6,0.883059095,0.994066597,1.1296001,1.126855916,1.023622042,0.921042593
74.62,0.883938605,0.997106575,1.141174271,1.123618471,1.016419802,0.92012015
74.64,0.885502685,0.999411847,1.144243941,1.119315071,1.010166918,0.919201878
74.66,0.88703754,1.002886731,1.154962256,1.115319299,1.003234041,0.918627419
74.68,0.889223925,1.005585277,1.157064952,1.110279516,0.997267559,0.918119812
74.7,0.891364946,1.009433358,1.166760121,1.105611335,0.990680284,0.912548816
74.72,0.894189313,1.012459752,1.167739998,1.099933442,0.990477602,0.912560779
74.74,0.896926467,1.022637598,1.176254452,1.094383294,0.984205217,0.907557686
74.76,0.894348623,1.026091941,1.17630909,1.096054521,0.98408024,0.908147897
74.78,0.897553186,1.036664294,1.175680797,1.090163997,0.97799401,0.903705111
74.8,0.895440367,1.040411323,1.174535854,1.083339092,0.97806543,0.904868696
74.82,0.899148005,1.051253982,1.18083816,1.076989689,0.972209054,0.901006238
74.84,0.897500319,1.055156437,1.178527117,1.069754901,0.97251071,0.902770212
74.86,0.90171791,1.066207019,1.183666291,1.063064732,0.966953215,0.899509184
74.88,0.900713793,1.070195526,1.180126657,1.055546774,0.967551714,0.901720988
74.9,0.905589703,1.081338141,1.18400304,1.048634905,0.962354256,0.898942064
74.92,0.910307212,1.085286043,1.179161864,1.040957331,0.9568401,0.896550117
74.94,0.915797269,1.096408837,1.181707835,1.040404909,0.952146187,0.894487256
74.96,0.921085762,1.100194644,1.183616259,1.032559716,0.947022731,0.892772139
74.98,0.927172091,1.103049675,1.184781345,1.031865176,0.94274316,0.891415235
75,0.933039256,1.10659829,1.185320336,1.024004074,0.938079061,0.890381356
75.02,0.939685606,1.10939537,1.185053454,1.023267361,0.934259789,0.889738508
75.04,0.945854964,1.112782373,1.184232927,1.015194565,0.93009934,0.889394929
75.06,0.953000106,1.115345643,1.182858671,1.014209014,0.926775691,0.88929436
75.08,0.959618852,1.12497226,1.181015537,1.006012097,0.923151867,0.88951225
75.1,0.960645553,1.127115708,1.178626276,1.004900656,0.920351453,0.889995808
75.12,0.967748843,1.136244382,1.175823401,0.9966996,0.91729074,0.890756899
75.14,0.969194078,1.137770684,1.172464048,0.995572328,0.915037433,0.8918085
75.16,0.976747871,1.146230458,1.168757439,0.98747362,0.912563724,0.89313005
75.18,0.97856701,1.146973327,1.16449872,0.98642772,0.910878504,0.894768397
75.2,0.986526939,1.154592722,1.159967244,0.978523707,0.909013457,0.896669357
75.22,0.988664667,1.15438887,1.154901533,0.977643392,0.907916025,0.898914782
75.24,0.996973998,1.161001622,1.149642272,0.970012562,0.906680483,0.901415795
75.26,0.999361909,1.159696697,1.14387836,0.96936956,0.906190391,0.904290201
75.28,1.008141729,1.165148026,1.138001322,0.962077395,0.905605506,0.907376948
75.3,1.010877186,1.162604938,1.131658754,0.961506381,0.905587015,0.910860054
75.32,1.020017639,1.166761004,1.125506955,0.954367731,0.90553697,0.914543602
75.34,1.028584659,1.169871202,1.118614735,0.953945265,0.900104563,0.913068198
75.36,1.03095581,1.172941763,1.111971253,0.952973343,0.900696158,0.91738217
75.38,1.039752904,1.17496465,1.104637375,0.945530906,0.895918456,0.916462323
75.4,1.042239515,1.176841729,1.104780859,0.94482229,0.897136154,0.921378219
75.42,1.051161419,1.177672361,1.097022532,0.937759936,0.892989642,0.921012254
75.44,1.053646322,1.178295013,1.096743216,0.937417091,0.894854793,0.926535391
75.46,1.062567238,1.177890647,1.088688357,0.93079266,0.891354779,0.926896957
75.48,1.0649152,1.177190824,1.088105236,0.930870859,0.893714377,0.933169213
75.5,1.073906591,1.175502929,1.079877753,0.924732281,0.890741971,0.934011441
75.52,1.076179634,1.173448945,1.079104853,0.925276558,0.893650223,0.940818649
75.54,1.08506673,1.170465999,1.070820629,0.919660995,0.891226382,0.942143935
75.56,1.087103293,1.167062023,1.069963899,0.92071003,0.894711307,0.949471689
75.58,1.095716131,1.162805836,1.061728189,0.915649354,0.89285816,0.956833233
75.6,1.103334018,1.158091807,1.060615701,0.917236856,0.891372287,0.958631839
75.62,1.11149764,1.152915254,1.052222218,0.912755748,0.890177765,0.966462817
75.64,1.118567739,1.147291367,1.043490976,0.914880488,0.889306802,0.968834097
75.66,1.126065399,1.148726156,1.035171154,0.910936376,0.888578179,0.977244274
75.68,1.13240937,1.142108243,1.026618601,0.913589313,0.888202718,0.980122847
75.7,1.13908913,1.142541624,1.01852373,0.910203844,0.887984805,0.989073863
75.72,1.144560801,1.135011023,1.010259621,0.913411238,0.888121539,0.99241183
75.74,1.150230484,1.13452579,1.002484765,0.910605925,0.888431544,1.00185551
75.76,1.154648387,1.126188056,0.994601042,0.907852799,0.889264182,1.005593038
75.78,1.159122967,1.12488871,0.993767184,0.905578045,0.890235129,1.01546893
75.8,1.162316005,1.115866868,0.986211107,0.903457699,0.891711967,1.019533702
75.82,1.171807498,1.113597978,0.985419539,0.901796761,0.893354616,1.023381618
75.84,1.174167432,1.111157771,0.977987354,0.900328137,0.895488979,1.027476792
75.86,1.175591899,1.10824023,0.977359015,0.899296994,0.897785326,1.03151165
75.88,1.177111088,1.105183159,0.970181545,0.898499911,0.900365201,1.035670558
75.9,1.177664452,1.101693102,0.969802545,0.898117436,0.903144804,1.039723063
75.92,1.178226711,1.091021322,0.962958299,0.898011416,0.906204899,1.04382412
75.94,1.184918044,1.087181406,0.962866863,0.898295655,0.915755224,1.047771858
75.96,1.184291157,1.07632137,0.956387865,0.89262145,0.919398142,1.057870264
75.98,1.189733988,1.07229905,0.956649273,0.893529236,0.923431329,1.061623961
76,1.187871676,1.0613857,0.950561138,0.88847875,0.927684963,1.071473262
76.02,1.192027599,1.057304783,0.951199161,0.889995815,0.932311803,1.074855226
76.04,1.188887748,1.04646294,0.945550471,0.885547891,0.937176256,1.084507649
76.06,1.191723157,1.0424364,0.939882576,0.887693209,0.942189717,1.087561385
76.08,1.187301618,1.038211335,0.934811229,0.883826134,0.947458069,1.096833866
76.1,1.189118703,1.033904512,0.929799834,0.886586132,0.952868326,1.099392247
76.12,1.183477229,1.029466862,0.925362494,0.883312797,0.958711396,1.108419353
76.14,1.184031938,1.0250162,0.921030442,0.886522662,0.964641551,1.110629344
76.16,1.177162202,1.020499693,0.917245346,0.8837185,0.971006185,1.119263291
76.18,1.176491457,1.016027016,0.913609295,0.887434526,0.97742995,1.120939481
76.2,1.168457661,1.011551925,0.910488793,0.885118306,0.984282149,1.128986935
76.22,1.166631208,1.007164196,0.907563256,0.889368249,0.991163215,1.136490047
76.24,1.157529245,1.002835132,0.905119306,0.887559081,0.991906183,1.143732695
76.26,1.154679226,0.998624174,0.902917873,0.892551367,0.999250658,1.150339933
76.28,1.144663402,0.994530412,0.900982195,0.891393655,1.000359604,1.156552317
76.3,1.140912059,0.99057379,0.899363044,0.89708058,1.008106868,1.162082498
76.32,1.130122855,0.986788209,0.897993551,0.896585327,1.009506967,1.167081704
76.34,1.12560889,0.976569604,0.896980284,0.902990506,1.017778837,1.17136621
76.36,1.120776534,0.97300663,0.896164234,0.902973359,1.01956872,1.174988625
76.38,1.115759732,0.963140733,0.895746081,0.909935409,1.02824517,1.177915961
76.4,1.110477069,0.959918321,0.895502769,0.910438767,1.030319702,1.180056834
76.42,1.104789846,0.950480382,0.895700953,0.917980021,1.039291677,1.181790203
76.44,1.098847362,0.947665065,0.896051379,0.919015403,1.048316321,1.182670011
76.46,1.092598545,0.938711841,0.896890072,0.920369335,1.057435173,1.183163931
76.48,1.086155102,0.936357458,0.897857433,0.922002546,1.066515987,1.189694725
76.5,1.079496595,0.927934821,0.899329351,0.923942725,1.068621816,1.189096167
76.52,1.072742592,0.926084772,0.894689779,0.926382656,1.077415866,1.19446731
76.54,1.065857748,0.924445134,0.896692154,0.929003304,1.07909002,1.192415523
76.56,1.058943277,0.923025978,0.892646684,0.932146163,1.087932411,1.196282451
76.58,1.051997663,0.92186453,0.895265169,0.935215684,1.089522373,1.192730758
76.6,1.045084843,0.920913623,0.891831,0.938834772,1.098252499,1.195085163
76.62,1.03819771,0.920269185,0.895090417,0.942361287,1.099588956,1.190052679
76.64,1.031133707,0.919820127,0.892283069,0.946433587,1.1080296,1.191192656
76.66,1.024134035,0.919724298,0.896210541,0.950392349,1.108931744,1.185009402
76.68,1.017020232,0.913792503,0.894049016,0.961751885,1.116896014,1.184998704
76.7,1.016048584,0.914171232,0.891777477,0.96627979,1.117212282,1.177717046
76.72,1.009082929,0.908776081,0.890115228,0.978189472,1.124541893,1.176643952
76.74,1.008257975,0.909671782,0.888372496,0.983186488,1.131469713,1.168378202
76.76,1.001532147,0.904815918,0.893524741,0.988228028,1.137946678,1.166365414
76.78,1.000937103,0.899997186,0.892454177,0.993740731,1.143940285,1.157260389
76.8,0.994529807,0.895611783,0.891938418,0.999260365,1.14933731,1.154415797
76.82,0.994204849,0.897574353,0.891506446,1.005201077,1.154218806,1.144597904
76.84,0.988149932,0.89363485,0.891690505,1.011107357,1.158355699,1.141045541
76.86,0.982202672,0.896058131,0.89193159,1.017404106,1.161959587,1.136635903
76.88,0.976443568,0.892572161,0.892819527,1.023622129,1.164673367,1.132343384
76.9,0.970880682,0.895469547,0.893738815,1.03018541,1.167161878,1.127202624
76.92,0.965521713,0.892473341,0.901679629,1.036621944,1.16866774,1.122265189
76.94,0.960412415,0.889545211,0.903239529,1.043376288,1.169929624,1.116538878
76.96,0.955513966,0.887347898,0.911868804,1.050186409,1.170086924,1.111097993
76.98,0.950687515,0.885166058,0.913826962,1.057229666,1.170004113,1.104934521
77,0.946112936,0.883753774,0.922953135,1.064256359,1.176631479,1.099130166
77.02,0.941655559,0.882316952,0.925355989,1.063518968,1.175370232,1.092711711
77.04,0.937464351,0.881692345,0.935188884,1.070403726,1.180747065,1.086720278
77.06,0.933433336,0.880818162,0.938166969,1.076952413,1.178233544,1.080185631
77.08,0.929674399,0.88083271,0.941059052,1.083498839,1.18234712,1.074133446
77.1,0.926114858,0.880579004,0.944669731,1.089635375,1.178286592,1.067338528
77.12,0.922825224,0.881211132,0.948165113,1.095955239,1.181077469,1.061061282
77.14,0.919771783,0.881556317,0.952396846,1.101832697,1.175729161,1.054112198
77.16,0.916978896,0.882826275,0.956486289,1.107779911,1.177226025,1.047747113
77.18,0.914459741,0.883789914,0.961326864,1.113224868,1.170607762,1.040778683
77.2,0.906711241,0.885721114,0.965995813,1.11860749,1.170834234,1.039922801
77.22,0.904652322,0.881735704,0.971424714,1.123700741,1.162999701,1.03312326
77.24,0.902987776,0.884379102,0.976354115,1.128598799,1.162045156,1.032424356
77.26,0.90137575,0.886672198,0.982263944,1.133138207,1.15311296,1.025906014
77.28,0.894626438,0.889792532,0.987637266,1.137355776,1.151068807,1.01914829
77.3,0.893583668,0.892565212,0.993974208,1.141158229,1.147474023,1.013063845
77.32,0.887389477,0.896194245,0.999734768,1.144502916,1.144315378,1.006589717
77.34,0.886912614,0.899474685,1.006432467,1.147420326,1.139889508,1.000786115
77.36,0.881295587,0.903642545,1.012510882,1.149739386,1.135993596,0.994658784
77.38,0.881409997,0.907630646,1.019487076,1.151604426,1.130877,0.989219364
77.4,0.876219684,0.912511223,1.025799521,1.161021023,1.126356156,0.983517755
77.42,0.876810045,0.917189686,1.031712519,1.161651285,1.120713752,0.978508476
77.44,0.872114364,0.915760588,1.038438052,1.169760447,1.115437476,0.97329487
77.46,0.873214297,0.920940339,1.044642199,1.169316003,1.109051878,0.968766883
77.48,0.869004607,0.920010665,1.05161399,1.17634016,1.103136373,0.964088378
77.5,0.870609518,0.925732971,1.058007451,1.174729038,1.09617528,0.960081761
77.52,0.86708874,0.925302687,1.065110916,1.180539215,1.089779809,0.955796032
77.54,0.869371312,0.931578074,1.071576092,1.177658879,1.082408549,0.952201801
77.56,0.866527993,0.931648299,1.078676661,1.182157249,1.075686365,0.948374699
77.58,0.869502429,0.938484864,1.085077614,1.177939084,1.068060521,0.939233427
77.6,0.867346261,0.939250684,1.092021479,1.181063559,1.067155485,0.935802468
77.62,0.870803382,0.946800818,1.098205931,1.175476354,1.059490027,0.927149251
77.64,0.869171727,0.948220523,1.1048235,1.177233971,1.058530483,0.924196894
77.66,0.868103627,0.956480756,1.110621329,1.170316141,1.050933023,0.921142023
77.68,0.86707134,0.958516348,1.116724816,1.170721537,1.050015964,0.918631089
77.7,0.866657166,0.967455393,1.121950722,1.162518099,1.042330546,0.916060536
77.72,0.866263567,0.970090227,1.127338163,1.161899172,1.041291093,0.914033357
77.74,0.866519513,0.979696429,1.131795026,1.152761999,1.033602717,0.911987986
77.76,0.866781139,0.982906599,1.144035759,1.151197564,1.032555393,0.910481463
77.78,0.867726798,0.985380925,1.147792388,1.141233828,1.02497456,0.908998413
77.8,0.86866374,0.988902244,1.159217341,1.138834057,1.016820464,0.908045536
77.82,0.870283606,0.991875943,1.162041328,1.135339914,1.009566513,0.907122922
77.84,0.871673286,0.995841721,1.17246075,1.13203938,1.001845911,0.906719571
77.86,0.87380532,0.999215631,1.174211228,1.12731002,0.995036856,0.90638963
77.88,0.875706136,1.003550641,1.183846597,1.122832784,0.987822452,0.9065647
77.9,0.883674511,1.007248678,1.184739137,1.116960932,0.981516951,0.901558955
77.92,0.886201709,1.018101041,1.193453559,1.111467034,0.974612972,0.902277016
77.94,0.883487843,1.022043821,1.193337801,1.104879721,0.968588753,0.902962735
77.96,0.88674136,1.03311023,1.200978503,1.098780194,0.96202563,0.898697952
77.98,0.889887011,1.037147187,1.199694167,1.09164637,0.961826418,0.894808897
78,0.893827634,1.048568944,1.206102583,1.085080863,0.955597629,0.891231719
78.02,0.897401828,1.05281306,1.203517868,1.077576054,0.955693247,0.888012332
78.04,0.901825163,1.064439013,1.208567398,1.07071184,0.949839324,0.885132453
78.06,0.905878169,1.068760676,1.204583797,1.062980558,0.950292619,0.882590505
78.08,0.910797655,1.080453855,1.208182723,1.05595191,0.944869308,0.880419509
78.1,0.915341055,1.084704515,1.202740312,1.048131096,0.945733412,0.878566423
78.12,0.920949694,1.096306255,1.204837261,1.04075583,0.940786936,0.876935761
78.14,0.926127714,1.100318808,1.206564546,1.032610133,0.935575403,0.875651826
78.16,0.932397626,1.103312186,1.207437524,1.031572183,0.931245875,0.874581066
78.18,0.938210874,1.107015241,1.207922884,1.023162737,0.926732574,0.873854127
78.2,0.945099703,1.109639288,1.207531532,1.02186545,0.923073652,0.873366628
78.22,0.95150444,1.119612157,1.206795551,1.013343584,0.919059892,0.87321951
78.24,0.952242963,1.121670972,1.205178713,1.012143667,0.915895559,0.873337663
78.26,0.959279689,1.131255872,1.203276831,1.003833958,0.91242351,0.873920475
78.28,0.960315308,1.132783737,1.200479168,1.002827102,0.909632811,0.874777808
78.3,0.96789837,1.141775352,1.197472066,0.994819539,0.906602729,0.875888309
78.32,0.969377229,1.142592643,1.193569707,0.994083474,0.904261852,0.877334668
78.34,0.97743093,1.150807401,1.189543708,0.986450969,0.901718664,0.879024804
78.36,0.979299287,1.150736458,1.184639541,0.98605075,0.899866186,0.881078054
78.38,0.987771771,1.157992568,1.179368445,0.978573452,0.897850001,0.88336604
78.4,0.989965152,1.157197801,1.173469645,0.978291962,0.896519058,0.886046178
78.42,0.998790705,1.163716111,1.167329429,0.971026901,0.895062771,0.888952397
78.44,1.001233147,1.162055108,1.16059017,0.970947439,0.894284399,0.892281405
78.46,1.010334114,1.167652789,1.153706807,0.963971908,0.893420675,0.895828226
78.48,1.018852636,1.164957811,1.146266333,0.964165036,0.893225165,0.894088685
78.5,1.028290033,1.16949674,1.138778485,0.957544308,0.892807238,0.898307683
78.52,1.037059422,1.172907498,1.130786054,0.950725545,0.893059696,0.897206772
78.54,1.039444672,1.176212429,1.130219568,0.944636195,0.893085711,0.902100815
78.56,1.048424085,1.178343125,1.121702462,0.938442274,0.893786572,0.901597343
78.58,1.05089816,1.180292819,1.120612713,0.932959242,0.894484286,0.907134382
78.6,1.05996537,1.181079698,1.111724533,0.927237025,0.895814836,0.907225971
78.62,1.06239462,1.181584366,1.110254976,0.922245909,0.897185098,0.913412582
78.64,1.071407314,1.18095989,1.101141134,0.917060467,0.893030149,0.914095225
78.66,1.073638874,1.179967463,1.099424968,0.918732801,0.894985984,0.920903817
78.68,1.08243429,1.177901624,1.089885271,0.914199537,0.891459164,0.927810637
78.7,1.084550075,1.175735153,1.087737601,0.916471022,0.888598374,0.935127663
78.72,1.093203479,1.172574808,1.077920569,0.912166546,0.885776747,0.942485699
78.74,1.101155862,1.169269154,1.075735898,0.914666151,0.883625949,0.944148813
78.76,1.109453792,1.165048009,1.065996014,0.910650261,0.881537044,0.952009658
78.78,1.11694908,1.160655445,1.063883108,0.913444447,0.880066239,0.954109668
78.8,1.124668569,1.155413492,1.054327483,0.909774908,0.878682889,0.962451828
78.82,1.131518475,1.149989466,1.052381777,0.91292298,0.877897414,0.964955347
78.84,1.138458925,1.143796426,1.043103564,0.909650788,0.877227084,0.973747146
78.86,1.144469388,1.137426815,1.03382128,0.91320669,0.877136176,0.976610039
78.88,1.15042757,1.137965366,1.02503139,0.910340346,0.877190251,0.9859923
78.9,1.155405048,1.130591277,1.01634518,0.914317937,0.877621934,0.989323298
78.92,1.160221808,1.130116202,1.008146479,0.911903125,0.878251025,0.999205135
78.94,1.164020206,1.121512267,0.999812354,0.90959449,0.879254318,1.00293406
78.96,1.167863559,1.120076963,0.99871158,0.907763411,0.886831566,1.013244177
78.98,1.170687244,1.110649671,0.990652968,0.899726667,0.888478785,1.0173222
79,1.180001569,1.108450184,0.989822434,0.898482993,0.896720417,1.02142879
79.02,1.1816505,1.09841043,0.982092472,0.891047338,0.899000515,1.025811365
79.04,1.189694085,1.095616025,0.981578686,0.890412521,0.90790607,1.030172653
79.06,1.189975116,1.085114889,0.974249912,0.883591126,0.910810164,1.041186429
79.08,1.196591366,1.08186778,0.974119838,0.88358566,0.913970385,1.045846815
79.1,1.195406732,1.07105779,0.967251967,0.877391165,0.917391207,1.057130909
79.12,1.200505387,1.067500175,0.9675616,0.878002487,0.921063536,1.061931513
79.14,1.197761346,1.056529408,0.961203354,0.872414482,0.925009104,1.073350553
79.16,1.201257928,1.052490322,0.961999349,0.873663645,0.929200759,1.078144012
79.18,1.19720869,1.041136676,0.956187225,0.868695636,0.933868881,1.089540116
79.2,1.199418767,1.036738682,0.957504442,0.870412476,0.938724889,1.094162439
79.22,1.200955883,1.025174441,0.952267926,0.865940831,0.944080826,1.098463584
79.24,1.201780556,1.020610081,0.947317175,0.868382259,0.949597869,1.102819603
79.26,1.201932662,1.015843472,0.942595631,0.8645681,0.955603691,1.106789773
79.28,1.201322193,1.011107286,0.938269531,0.867681626,0.961744549,1.110949996
79.3,1.200129019,1.006234337,0.93415651,0.86453007,0.968132139,1.114640252
79.32,1.198144583,1.00145792,0.930233165,0.868333953,0.974650813,1.1250883
79.34,1.19565094,0.996856651,0.926534236,0.865850133,0.974718691,1.128277148
79.36,1.192389577,0.99236753,0.92306606,0.870359435,0.98165176,1.138133008
79.38,1.188708885,0.988117781,0.919829381,0.868519722,0.982041132,1.140598695
79.4,1.184270289,0.983984018,0.916863901,0.873723986,0.989541963,1.14966808
79.42,1.179511021,0.980150986,0.91413033,0.872344022,0.990374944,1.15122493
79.44,1.174020436,0.976427689,0.911709447,0.878090937,0.998349844,1.159319287
79.46,1.168313713,0.972795439,0.909513356,0.877224465,0.999555219,1.15978827
79.48,1.162184617,0.969268958,0.907669617,0.883541397,1.007933799,1.166727589
79.5,1.155931526,0.965894465,0.906039223,0.883205325,1.009427571,1.165946304
79.52,1.149304325,0.962641034,0.904804598,0.8901204,1.018123337,1.171571483
79.54,1.142314944,0.959597735,0.903768483,0.890549147,1.019804798,1.169701739
79.56,1.134955289,0.956678071,0.902957543,0.898254136,1.028714741,1.174228586
79.58,1.127338172,0.954023875,0.902383707,0.899428123,1.03772574,1.17116448
79.6,1.11940645,0.945139272,0.902066779,0.90068848,1.046905285,1.174488299
79.62,1.117663159,0.943028085,0.901959954,0.902482013,1.056089844,1.17734353
79.64,1.109181153,0.934778745,0.902326353,0.904342178,1.058182794,1.179351552
79.66,1.106941385,0.933057721,0.902854371,0.906752966,1.067481887,1.180860707
79.68,1.098106217,0.925303865,0.903899576,0.909175404,1.06955364,1.181431835
79.7,1.095518601,0.924042318,0.905077921,0.912163326,1.078826339,1.181531507
79.72,1.086479253,0.916821698,0.906822099,0.915143783,1.080725393,1.180619289
79.74,1.083683084,0.916057017,0.902232887,0.918701725,1.08981134,1.179283787
79.76,1.074577205,0.915607189,0.904771464,0.922199872,1.091368566,1.176881762
79.78,1.071928147,0.915064799,0.900991901,0.933327015,1.100089244,1.17412409
79.8,1.06282128,0.914883218,0.897327759,0.93750465,1.101431429,1.170555632
79.82,1.060141629,0.914629731,0.894225516,0.941945383,1.109880916,1.166719856
79.84,1.051110232,0.914745845,0.898341018,0.946513397,1.110784984,1.162057992
79.86,1.042138625,0.914802811,0.895876218,0.958508044,1.118737669,1.163560313
79.88,1.033393035,0.915277569,0.893520902,0.963428262,1.126623039,1.157731626
79.9,1.024806062,0.909758474,0.891777209,0.968213643,1.133912102,1.15810408
79.92,1.022413802,0.91069731,0.890088485,0.973489831,1.14104144,1.151235692
79.94,1.014182778,0.90570502,0.889001378,0.978606819,1.14743469,1.150600438
79.96,1.012130383,0.90718086,0.887946226,0.984186153,1.153624376,1.142836158
79.98,1.004335044,0.902749412,0.887523071,0.989579176,1.158933744,1.141307166
80,1.002693807,0.904801149,0.887109446,0.995394232,1.164008931,1.132779321
80.02,0.995137707,0.900961853,0.893868577,1.00122119,1.168059325,1.130747669
80.04,0.993713081,0.897116079,0.893831776,1.007433292,1.171863175,1.121529618
80.06,0.986461643,0.893975004,0.901228966,1.013604098,1.174826017,1.118780324
80.08,0.985305027,0.890609704,0.90175701,1.020117816,1.177563125,1.108960081
80.1,0.978401079,0.888021072,0.909768083,1.026540556,1.179334201,1.105631197
80.12,0.977581595,0.885201426,0.910870813,1.033248212,1.180865717,1.095357933
80.14,0.971086492,0.883186026,0.919517974,1.039811761,1.181314383,1.091590367
80.16,0.97066209,0.880929831,0.921206835,1.046584381,1.181530244,1.08101324
80.18,0.964627023,0.87950816,0.93051214,1.053157728,1.180559241,1.076946063
80.2,0.958869027,0.877833503,0.932798043,1.059845047,1.179383875,1.071985218
80.22,0.953432312,0.876998069,0.942782347,1.066276317,1.17693439,1.067625103
80.24,0.948348385,0.875896163,0.945674328,1.080899548,1.17435933,1.062446519
80.26,0.943566839,0.875671306,0.94816239,1.087240098,1.178682275,1.057652932
80.28,0.939182457,0.875164979,0.951484572,1.093504323,1.1749661,1.052117708
80.3,0.935073443,0.875534528,0.954394841,1.099635897,1.178118642,1.047052409
80.32,0.931404408,0.875791692,0.958318732,1.105633141,1.173240088,1.041316676
80.34,0.92779484,0.876713318,0.961765524,1.11139076,1.175215062,1.036120842
80.36,0.924693999,0.877540177,0.966232542,1.116959416,1.169195807,1.030322148
80.38,0.921639927,0.879064265,0.970188311,1.122165976,1.170019888,1.02511846
80.4,0.918919808,0.880476679,0.975166581,1.127134869,1.162913993,1.019586548
80.42,0.916261763,0.882619755,0.979597946,1.131607223,1.162644994,1.014657722
80.44,0.913973464,0.884633285,0.985046709,1.135801447,1.154537311,1.009463398
80.46,0.911753586,0.887415003,0.989910785,1.139355677,1.153262855,0.998366171
80.48,0.909938768,0.890049424,0.995777849,1.142602126,1.150770002,0.993427475
80.5,0.902749613,0.893492534,1.001019703,1.145059774,1.148709376,0.988093418
80.52,0.90148839,0.896743614,1.007238664,1.147226065,1.145487734,0.983405413
80.54,0.894896669,0.900847089,1.012788415,1.148454998,1.142774218,0.978385752
80.56,0.89424361,0.904741566,1.019275598,1.149392295,1.138609947,0.974031621
80.58,0.88826932,0.909535004,1.025296276,1.158223552,1.13499199,0.969403511
80.6,0.888249821,0.913851962,1.023546689,1.158118077,1.130011934,0.965448088
80.62,0.882912,0.919331994,1.029980221,1.165824313,1.12566904,0.961275224
80.64,0.88334409,0.924239398,1.035869734,1.164493665,1.120019158,0.957772976
80.66,0.878508638,0.922988787,1.042584406,1.170973921,1.115092942,0.954105193
80.68,0.879456142,0.928564722,1.048659484,1.168340635,1.108923593,0.951096986
80.7,0.875109177,0.927934219,1.055502692,1.173483392,1.103557223,0.947974516
80.72,0.876565286,0.934184933,1.061645937,1.169462872,1.097017127,0.945493691
80.74,0.872729853,0.934171257,1.068482359,1.173188724,1.091349417,0.942948432
80.76,0.874724359,0.941102383,1.074556794,1.167731118,1.084580292,0.941021439
80.78,0.871423138,0.941701489,1.081230468,1.169996892,1.078458856,0.938867584
80.8,0.874167646,0.949317056,1.087353094,1.163372448,1.071478362,0.93120573
80.82,0.871582682,0.950250781,1.093965546,1.164498191,1.071151983,0.929420444
80.84,0.875032514,0.95827943,1.099946605,1.156731525,1.063970339,0.922214379
80.86,0.873138716,0.959557003,1.106317557,1.156743208,1.063453351,0.92088026
80.88,0.877309852,0.96819084,1.111980529,1.147889679,1.056194423,0.914173558
80.9,0.875911582,0.969969041,1.1179192,1.146815365,1.05560033,0.913334384
80.92,0.880643562,0.979143093,1.123080219,1.136933435,1.048376694,0.907160954
80.94,0.879797868,0.981382078,1.128386919,1.1348338,1.040282128,0.906851132
80.96,0.885117517,0.991060943,1.132854639,1.131538082,1.033306969,0.901202288
80.98,0.884843243,0.993712093,1.145382757,1.128350959,1.025575619,0.901416869
81,0.890779159,0.995792058,1.148977441,1.124022653,1.018974792,0.896320022
81.02,0.891096776,0.998860561,1.160528034,1.119898266,1.011689566,0.897090309
81.04,0.897639007,1.001315969,1.163022558,1.114664172,1.005273471,0.892570418
81.06,0.898531233,1.011100723,1.173405566,1.109992344,0.998214305,0.893923355
81.08,0.899338163,1.013831266,1.174657261,1.104280187,0.992058824,0.889999888
81.1,0.901077693,1.024122943,1.1837319,1.099181496,0.985322487,0.891735741
81.12,0.902448347,1.027215435,1.18359133,1.093100689,0.979510435,0.888253601
81.14,0.904815333,1.037893839,1.191210372,1.087682214,0.973174622,0.890436073
81.16,0.906792579,1.041253333,1.189552481,1.080956913,0.967771318,0.887421399
81.18,0.909791652,1.052219602,1.195986166,1.074919578,0.961896242,0.890083497
81.2,0.912379815,1.055735252,1.193122148,1.067638994,0.956950285,0.887562593
81.22,0.916016112,1.066874964,1.198307389,1.061137357,0.95158416,0.890736807
81.24,0.919219745,1.070422381,1.194133744,1.053461804,0.947135514,0.888735779
81.26,0.923497985,1.081600308,1.1979711,1.046645569,0.942316659,0.886834565
81.28,0.927320887,1.085033066,1.201054822,1.038729146,0.944017215,0.885440827
81.3,0.93221606,1.087457607,1.203416278,1.031782221,0.939687328,0.884206352
81.32,0.936632108,1.091004872,1.205031105,1.023837347,0.935071599,0.883466995
81.34,0.941815175,1.093451587,1.205841248,1.023696448,0.931138872,0.882885782
81.36,0.946722844,1.10380683,1.205977648,1.015939859,0.92700156,0.882587938
81.38,0.945500409,1.106079801,1.205312637,1.01595492,0.923554376,0.882505751
81.4,0.950917762,1.116198819,1.20406542,1.008470495,0.919948528,0.88267364
81.42,0.950138037,1.118101837,1.201970988,1.008409347,0.917030917,0.88327565
81.44,0.956034264,1.127814033,1.199704788,1.00091954,0.913803236,0.884087486
81.46,0.955657316,1.129177264,1.196605974,1.000859267,0.911296975,0.885365645
81.48,0.961996677,1.138307189,1.193394275,0.993474069,0.908517735,0.88683244
81.5,0.967691832,1.138960704,1.1893483,0.993511631,0.906466679,0.883083907
81.52,0.974402909,1.147358511,1.185258391,0.986326614,0.90417954,0.885274862
81.54,0.98060952,1.147159842,1.18034815,0.986548025,0.902593614,0.882019305
81.56,0.987791344,1.154651348,1.175469591,0.979645374,0.900809528,0.884768746
81.58,0.994420361,1.15343853,1.169798512,0.980124522,0.899722407,0.882045816
81.6,1.002011295,1.159857969,1.164237539,0.973573232,0.898474784,0.885362824
81.62,1.008999491,1.157480551,1.15792357,0.974372569,0.897917862,0.883173324
81.64,1.016924678,1.162677567,1.151797296,0.968229739,0.897239285,0.887067287
81.66,1.024193825,1.159004351,1.144966801,0.969401515,0.897242727,0.891129707
81.68,1.032361487,1.162850583,1.138047063,0.963713717,0.891447392,0.895747129
81.7,1.039844659,1.165627918,1.130417438,0.957606682,0.891932565,0.894719325
81.72,1.04067265,1.168399472,1.130551428,0.952226722,0.892358128,0.900057327
81.74,1.048301414,1.170048753,1.122444181,0.946505213,0.893269826,0.905450057
81.76,1.049394339,1.171627548,1.122128991,0.941550513,0.88839758,0.911209609
81.78,1.057294525,1.172092534,1.113685907,0.936305341,0.889841326,0.917010363
81.8,1.058538192,1.172394546,1.113042356,0.931797945,0.885495896,0.923187283
81.82,1.066575004,1.171608788,1.104392169,0.927051152,0.887680865,0.92940149
81.84,1.073995435,1.1705802,1.103538052,0.922845993,0.884045625,0.929832592
81.86,1.0819864,1.168541096,1.094802708,0.918473934,0.886947241,0.936527133
81.88,1.08926136,1.166194138,1.093847027,0.914655206,0.88399007,0.93737563
81.9,1.097016174,1.162902122,1.085136125,0.910709678,0.887588806,0.944724523
81.92,1.103987047,1.159254075,1.084178839,0.907320846,0.885130764,0.946131137
81.94,1.111334247,1.154743737,1.075591369,0.903844779,0.889283,0.95407824
81.96,1.117832725,1.149846953,1.074721402,0.900919999,0.887373406,0.956013019
81.98,1.124589446,1.144185133,1.066343455,0.897946744,0.892100067,0.964533344
82,1.130437119,1.138123963,1.057697756,0.895514929,0.890751841,0.966960616
82.02,1.136413737,1.139346144,1.049406003,0.893034739,0.896075809,0.976020772
82.04,1.141428109,1.140159119,1.040915969,0.891079652,0.895303685,0.97889573
82.06,1.138703297,1.140424182,1.032867362,0.889116958,0.901249527,0.988451454
82.08,1.142875136,1.140293323,1.024681412,0.887661452,0.901070061,0.991679153
82.1,1.146129866,1.139627161,1.016968271,0.886240843,0.907664427,0.994702204
82.12,1.149562332,1.138661881,1.009175817,0.885306719,0.908095952,0.998219607
82.14,1.152011106,1.137186993,1.001874136,0.884451891,0.915102003,1.001471815
82.16,1.154534436,1.135478872,0.994548559,0.884060672,0.916142637,1.005171388
82.18,1.156057606,1.133296909,0.987719494,0.883589213,0.923756205,1.008565421
82.2,1.157553076,1.123354035,0.980919338,0.876532086,0.92538076,1.018660371
82.22,1.165641634,1.120686087,0.981650046,0.876589826,0.927270305,1.022062649
82.24,1.165894444,1.110071496,0.975262702,0.870114538,0.929515881,1.032175121
82.26,1.173043631,1.106729196,0.976368756,0.870723541,0.932001466,1.035486648
82.28,1.172352111,1.095586754,0.970437915,0.864807835,0.934866981,1.04550869
82.3,1.178501835,1.091732976,0.97196363,0.865985785,0.937948073,1.048613837
82.32,1.176768802,1.080230112,0.966525934,0.860639136,0.941431899,1.058421723
82.34,1.18182552,1.076021802,0.96850836,0.862404128,0.945107178,1.061437834
82.36,1.178983084,1.064317783,0.963323469,0.857636601,0.948956482,1.071109506
82.38,1.182886694,1.060172706,0.965558719,0.860005149,0.953007976,1.073883065
82.4,1.178902528,1.048647112,0.960682857,0.855821633,0.957224697,1.083272009
82.42,1.181628178,1.044667289,0.96323479,0.858808688,0.961637222,1.085653981
82.44,1.176505076,1.033416856,0.958723341,0.855217705,0.966200562,1.094605243
82.46,1.177743263,1.029687563,0.954556146,0.858841985,0.971157218,1.096756041
82.48,1.171148277,1.025884699,0.950564214,0.855613204,0.976223598,1.105472814
82.5,1.170919426,1.022037043,0.94700266,0.859677726,0.981656221,1.107251233
82.52,1.170184377,1.018142751,0.943597094,0.857105831,0.987189113,1.108633461
82.54,1.168868522,1.014292065,0.94043074,0.861823587,0.993062511,1.116836694
82.56,1.167070026,1.010453827,0.937453198,0.859886876,0.992116607,1.117683311
82.58,1.164715784,1.006696841,0.934748822,0.865268845,0.998421384,1.125286713
82.6,1.161948244,1.003009346,0.932236494,0.863936608,0.997805733,1.125411941
82.62,1.15862986,0.999431114,0.93003212,0.869964309,1.004484255,1.132259898
82.64,1.154975223,0.995978026,0.928017521,0.869243715,1.004129028,1.131516899
82.66,1.150787786,0.992651601,0.926346775,0.875935906,1.011110733,1.137459928
82.68,1.146345782,0.989504413,0.92485918,0.875836659,1.011191683,1.135711514
82.7,1.14140032,0.986491506,0.923753035,0.882955798,1.018610479,1.140614711
82.72,1.136283327,0.983710434,0.922819905,0.883273156,1.026182059,1.137742958
82.74,1.130701363,0.981062476,0.922305204,0.883690882,1.03389694,1.14152465
82.76,1.125029158,0.978697691,0.921949423,0.884511155,1.04167661,1.137466659
82.78,1.118937503,0.969819862,0.922017317,0.885418366,1.049549731,1.140031894
82.8,1.119469836,0.967751334,0.922195361,0.886736286,1.05743397,1.14206239
82.82,1.113123921,0.959254054,0.922839514,0.888126839,1.057998231,1.143339512
82.84,1.113440191,0.957572234,0.923576263,0.897195116,1.065940307,1.144081653
82.86,1.106975196,0.949517612,0.917564949,0.899201496,1.066463265,1.143989769
82.88,1.106868682,0.94828018,0.918746532,0.908869151,1.07437368,1.143702674
82.9,1.100045447,0.940680075,0.913214856,0.911414767,1.074722407,1.142548931
82.92,1.09960165,0.939894292,0.914899109,0.921685032,1.082462563,1.141224348
82.94,1.092540625,0.932786595,0.9098586,0.92476418,1.082782316,1.138985665
82.96,1.085260941,0.932491381,0.91206538,0.935349687,1.090458628,1.143227685
82.98,1.078164173,0.925875826,0.907527566,0.93869745,1.090594026,1.139792079
83,1.07094726,0.926072746,0.910273958,0.949594809,1.098083895,1.142828892
83.02,1.063957791,0.919978774,0.906246176,0.953186952,1.097912865,1.138227976
83.04,1.056910793,0.920699543,0.909767508,0.964374944,1.105054467,1.140096507
83.06,1.050124306,0.914935154,0.906453098,0.968180313,1.112188991,1.13439179
83.08,1.043340482,0.916016966,0.910714342,0.971858858,1.118771541,1.135196224
83.1,1.036836694,0.910659646,0.90810857,0.975919782,1.125263393,1.128513191
83.12,1.030392033,0.912142969,0.913079665,0.980073257,1.131086459,1.12834169
83.14,1.023971545,0.907224733,0.910906844,0.984555704,1.136786368,1.121053629
83.16,1.017639457,0.909143138,0.916381627,0.989085286,1.141698113,1.120301113
83.18,1.011375927,0.904685577,0.914689015,0.993921882,1.146466696,1.112509772
83.2,1.005251016,0.907066056,0.920681326,0.998761747,1.150328556,1.111254719
83.22,0.999226738,0.903090182,0.919472554,1.003875878,1.154039062,1.103052765
83.24,0.993389138,0.905959765,0.925995886,1.008949254,1.15672718,1.101383171
83.26,0.987673992,0.902485467,0.925274187,1.014252077,1.159270534,1.092869542
83.28,0.982191447,0.899707879,0.932341261,1.019469803,1.160682236,1.090878334
83.3,0.983006657,0.896826123,0.932077937,1.024858895,1.161971717,1.082153716
83.32,0.977833654,0.894708615,0.939669608,1.030118134,1.162029962,1.079965152
83.34,0.978948088,0.89246117,0.939866315,1.035476244,1.162005027,1.07083832
83.36,0.974141632,0.891016416,0.947992789,1.040659805,1.160981348,1.068214256
83.38,0.975607548,0.889414687,0.948901466,1.045854792,1.159934547,1.05876846
83.4,0.971211965,0.88840411,0.957763947,1.050836908,1.157818737,1.055833587
83.42,0.967165318,0.887269699,0.959342887,1.064232464,1.155708977,1.052104495
83.44,0.963301784,0.886718189,0.960435754,1.069113476,1.152517505,1.048861759
83.46,0.959861862,0.88604205,0.962476111,1.082344785,1.149406843,1.044884859
83.48,0.956355439,0.885928706,0.964004452,1.086944582,1.153544483,1.041679948
83.5,0.953313822,0.885684915,0.966475137,1.091495734,1.149385653,1.037843904
83.52,0.950216379,0.886027014,0.968406821,1.095774018,1.152417119,1.034789977
83.54,0.947625321,0.886232292,0.97122865,1.099961246,1.147201737,1.031166921
83.56,0.944981685,0.887281307,0.973484319,1.103780009,1.149163321,1.028328149
83.58,0.942653293,0.888138789,0.976616801,1.107471405,1.142948543,1.024981181
83.6,0.940319123,0.889876484,0.97915582,1.110690644,1.143899285,1.022156595
83.62,0.938331179,0.891387814,0.982549528,1.113754242,1.137017058,1.018859485
83.64,0.936353507,0.893820002,0.985320973,1.116236076,1.137309872,1.016114826
83.66,0.934751758,0.895991785,0.988916096,1.118546025,1.129833033,1.012951822
83.68,0.933171803,0.899127797,0.992123629,1.120162451,1.129522385,1.00365738
83.7,0.931998004,0.901704803,0.996106417,1.121603287,1.128225359,1.000796795
83.72,0.930819193,0.905301832,0.999645186,1.122239587,1.127249972,0.991915037
83.74,0.930075837,0.908329354,1.011439061,1.122741153,1.12531673,0.989454233
83.76,0.929329924,0.904891818,1.015191495,1.12236643,1.123753989,0.981042557
83.78,0.929051656,0.908452735,1.027188316,1.121876224,1.121270688,0.97903325
83.8,0.928732217,0.905504366,1.031033863,1.120405385,1.119206408,0.971138058
83.82,0.928915017,0.909595797,1.043146907,1.11885233,1.115933567,0.969622266
83.84,0.929053133,0.907124635,1.046989716,1.125468657,1.113126605,0.962276915
83.86,0.929729754,0.911742059,1.05020315,1.123084502,1.10919608,0.961283926
83.88,0.930355668,0.909734584,1.054028537,1.1288045,1.105816286,0.954514331
83.9,0.931558294,0.914826815,1.057181552,1.125477784,1.101358021,0.953843898
83.92,0.932702133,0.919536944,1.060877696,1.130235623,1.097753216,0.947438528
83.94,0.928146712,0.925276709,1.06389131,1.125921806,1.09312406,0.947141271
83.96,0.929883868,0.930533452,1.067368699,1.129676336,1.089381453,0.940918416
83.98,0.925932574,0.936851357,1.070124924,1.124357734,1.084671679,0.94083119
84,0.928272808,0.942649224,1.073251732,1.12709147,1.08087224,0.934876875
84.02,0.924923235,0.949537286,1.075929649,1.120772937,1.076163646,0.935055321
84.04,0.927873859,0.955559759,1.078887696,1.122495316,1.064554396,0.929417892
84.06,0.925127118,0.962686431,1.081339628,1.123038148,1.060046849,0.929871327
84.08,0.928694654,0.968933193,1.083989267,1.123618827,1.04877624,0.924554439
84.1,0.926549331,0.976271467,1.086123705,1.12299678,1.044580218,0.925327758
84.12,0.925153254,0.982712566,1.08836426,1.122486852,1.033399349,0.925958864
84.14,0.923673668,0.990197788,1.090048805,1.121081592,1.029261938,0.920864281
84.16,0.922997104,0.996766005,1.099988527,1.119862645,1.024392513,0.921878313
84.18,0.922175854,0.996103958,1.101058355,1.11779635,1.020324463,0.917230863
84.2,0.92218546,1.003067153,1.110299777,1.115988221,1.01558176,0.91869559
84.22,0.921742117,1.002689646,1.110597407,1.113348629,1.011669051,0.914524669
84.24,0.927796535,1.00994967,1.119023813,1.111011249,1.007138747,0.91085124
84.26,0.927715507,1.009812948,1.118443124,1.107867603,1.00345694,0.907261736
84.28,0.9341421,1.01732693,1.125947417,1.105071843,0.999185548,0.904151553
84.3,0.934403788,1.017351486,1.124395656,1.101502962,0.995772642,0.901155984
84.32,0.941218094,1.025038459,1.130885459,1.098326816,0.991825646,0.898619729
84.34,0.942042902,1.025135616,1.128286561,1.094416995,0.988738547,0.896016425
84.36,0.943740414,1.032906684,1.133687544,1.090942016,0.985171626,0.899584591
84.38,0.944927159,1.032952696,1.129985213,1.08640011,0.982456167,0.897563563
84.4,0.952778602,1.040677345,1.134621409,1.082332013,0.979338057,0.895984007
84.42,0.954552045,1.040591864,1.130153899,1.077233963,0.977057621,0.894391273
84.44,0.962975103,1.048192331,1.134002437,1.0726948,0.974396338,0.893268189
84.46,0.965269759,1.054874306,1.128718613,1.067167485,0.972316235,0.892152345
84.48,0.967253159,1.062207471,1.131763442,1.062510264,0.969900048,0.89150036
84.5,0.970119569,1.068551863,1.12566847,1.056913987,0.968080079,0.8908405
84.52,0.972640769,1.07546118,1.127882023,1.052215939,0.96596645,0.890639601
84.54,0.976059324,1.081623125,1.120971291,1.046635926,0.964456167,0.890451796
84.56,0.978823807,1.088256846,1.122350901,1.041974596,0.962694924,0.890717321
84.58,0.982495553,1.094091939,1.114644595,1.03649008,0.961538446,0.891228952
84.6,0.985498148,1.100318697,1.115209207,1.031936667,0.959960263,0.89214419
84.62,0.989390231,1.105702933,1.106746668,1.026619604,0.959027745,0.893335843
84.64,0.992596834,1.111391172,1.106535341,1.022235753,0.957707225,0.894899945
84.66,0.99666785,1.116200293,1.097374385,1.017146951,0.950050438,0.896773859
84.68,1.000261125,1.121220028,1.09644382,1.019984408,0.949122058,0.898729017
84.7,1.004672008,1.125335214,1.086657746,1.015057401,0.941928779,0.901046849
84.72,1.008565818,1.129565225,1.085114173,1.018019935,0.941461498,0.903435189
84.74,1.013254077,1.132874187,1.074822173,1.013309698,0.934756087,0.906206229
84.76,1.017386489,1.13620118,1.072745386,1.007974156,0.93477852,0.909036334
84.78,1.022282132,1.138602361,1.070513433,1.003329079,0.928538972,0.912269245
84.8,1.026582267,1.140926139,1.068146411,0.998156978,0.929032598,0.915548845
84.82,1.031605403,1.142375939,1.065653825,0.993702371,0.923277612,0.919250879
84.84,1.035992464,1.143656932,1.06304709,0.988774827,0.924265912,0.922986441
84.86,1.041052654,1.144085197,1.059957347,0.984581828,0.919012586,0.927163383
84.88,1.045435666,1.152192198,1.056768018,0.979965819,0.920517859,0.931359778
84.9,1.049159626,1.151898921,1.053161733,0.976090566,0.91578221,0.929746611
84.92,1.053496729,1.159250548,1.049526105,0.971843873,0.917826217,0.934425973
84.94,1.057354168,1.15815504,1.045506713,0.968336316,0.91359229,0.932993805
84.96,1.06175429,1.164679492,1.041523994,0.964508644,0.916165842,0.938122247
84.98,1.065623506,1.162729475,1.03719623,0.961411257,0.912240066,0.937074176
85,1.069984532,1.168373638,1.03296517,0.958044839,0.915173155,0.942602299
85.02,1.073767903,1.165535354,1.0284318,0.95539155,0.911606795,0.941910192
85.04,1.077982239,1.170266782,1.024047795,0.952519415,0.914924891,0.947816027
85.06,1.081574849,1.166527474,1.019406871,0.950339315,0.911974074,0.947449459
85.08,1.085529327,1.170335134,1.014959656,0.947752154,0.915895162,0.95370911
85.1,1.088821563,1.165703164,1.010302446,0.945878644,0.913542391,0.953636622
85.12,1.092399183,1.168597176,1.005872005,0.943636526,0.918071703,0.960220316
85.14,1.095278669,1.163101188,1.00127813,0.942107566,0.916316688,0.960403258
85.16,1.098360868,1.165111611,0.996936602,0.940248264,0.921462838,0.967274352
85.18,1.100714864,1.158798776,0.992478299,0.93909666,0.920307363,0.974019235
85.2,1.103184252,1.159973565,0.98828931,0.937653063,0.919728703,0.981100282
85.22,1.10493436,1.152907136,0.984029856,0.936907618,0.919240881,0.988214869
85.24,1.113382597,1.153309624,0.979744155,0.93587717,0.919087375,0.98895162
85.26,1.114394103,1.145903849,0.975403783,0.935529716,0.919069558,0.996419193
85.28,1.122036795,1.145973676,0.97109175,0.934933185,0.919340904,0.99743615
85.3,1.122184711,1.138288889,0.966760602,0.935002401,0.919757864,1.005200596
85.32,1.12893226,1.138066776,0.962501079,0.934860436,0.920452245,1.006434321
85.34,1.128135977,1.130154987,0.958258335,0.935364807,0.921301338,1.01443139
85.36,1.133908775,1.12968877,0.954121158,0.935696978,0.922415815,1.015810818
85.38,1.132100957,1.121607092,0.950036738,0.936654531,0.923692887,1.023967651
85.4,1.136833825,1.120949283,0.946083069,0.937480113,0.925222974,1.025413413
85.42,1.133963069,1.112404384,0.942218091,0.931582982,0.926921867,1.033647975
85.44,1.137960854,1.111257146,0.945823619,0.933016355,0.928824294,1.035072008
85.46,1.134343214,1.102302415,0.942095142,0.927760613,0.930900215,1.043296001
85.48,1.137581725,1.100793784,0.945826447,0.929848157,0.933167033,1.04460605
85.5,1.133168569,1.091561427,0.942289199,0.925236229,0.935609261,1.052721486
85.52,1.13560029,1.08977991,0.94620075,0.927988153,0.938457463,1.053815046
85.54,1.130361507,1.080363233,0.942903443,0.923795507,0.94146855,1.061717401
85.56,1.131957874,1.078395707,0.947044231,0.927008535,0.944846668,1.062772115
85.58,1.132943026,1.068884438,0.944027637,0.923277416,0.948116041,1.063547737
85.6,1.13363295,1.066848974,0.948438455,0.926969915,0.951743551,1.064548802
85.62,1.133714428,1.05736145,0.945739103,0.923707564,0.955209562,1.065221166
85.64,1.133468335,1.05533393,0.950458688,0.927892915,0.959020684,1.072942801
85.66,1.132661681,1.045945454,0.94810955,0.925105919,0.955766461,1.073359449
85.68,1.131538782,1.043995026,0.945803254,0.929798039,0.959809315,1.080769126
85.7,1.129910177,1.042143713,0.943926597,0.927421424,0.963939823,1.080796272
85.72,1.127951049,1.040203795,0.942172859,0.925340626,0.968128393,1.087828461
85.74,1.12558352,1.038405368,0.940825315,0.923458688,0.97235507,1.087404943
85.76,1.122879308,1.036540051,0.939607325,0.921853878,0.976609304,1.093959874
85.78,1.119830326,1.03485911,0.938770288,0.92046431,0.980888081,1.092992338
85.8,1.116446839,1.032846602,0.938107081,0.919332725,0.985156849,1.09897514
85.82,1.11306367,1.031042742,0.937794823,0.925817271,0.989673989,1.097376895
85.84,1.109371315,1.028960153,0.930315692,0.924849496,0.994164468,1.102705398
85.86,1.105701999,1.027121466,0.930647164,0.931537203,0.998863978,1.100406862
85.88,1.101747055,1.025010244,0.923804141,0.930989368,1.003506243,1.105008914
85.9,1.097838987,1.023179768,0.924525915,0.930651193,1.008323263,1.101949109
85.92,1.093673235,1.021112195,0.925558563,0.930296315,1.013008366,1.105764603
85.94,1.089577827,1.019359861,0.926867145,0.937702309,1.017831542,1.101895731
85.96,1.085256417,1.017433875,0.921007504,0.937795535,1.022514304,1.104878252
85.98,1.081027452,1.015861113,0.922725148,0.945612825,1.027303749,1.100167568
86,1.076607203,1.007249077,0.917312082,0.946076382,1.031899371,1.102286676
86.02,1.079147159,1.005959857,0.919446299,0.954298343,1.036570477,1.096717898
86.04,1.074563526,0.997720493,0.914450708,0.955118752,1.04098633,1.097994067
86.06,1.076619268,0.996794481,0.917014124,0.963736763,1.045448842,1.091896677
86.08,1.071606328,0.988963202,0.912441858,0.964897229,1.049587206,1.092653178
86.1,1.073247402,0.988433854,0.915446887,0.973898772,1.053749433,1.086027206
86.12,1.067898942,0.981039795,0.911303465,0.975378536,1.057513057,1.086246832
86.14,1.069213086,0.980936827,0.914762304,0.98474633,1.061280032,1.086395531
86.16,1.06361908,0.974004007,0.911053076,0.986519818,1.05726209,1.086014643
86.18,1.064727962,0.974352893,0.914977827,0.996230884,1.060635037,1.085545655
86.2,1.059009757,0.967901356,0.911708046,0.998230264,1.064091777,1.084532517
86.22,1.059992422,0.968724576,0.916110767,1.000265338,1.066945086,1.083497959
86.24,1.05422825,0.962771272,0.913285421,1.00253057,1.070114686,1.081910786
86.26,1.055158432,0.964088766,0.918138008,1.004529945,1.072613209,1.08033645
86.28,1.049420542,0.958648191,0.915722583,1.006729164,1.075401767,1.078208824
86.3,1.043740216,0.960477908,0.921034617,1.008664207,1.077463608,1.08275659
86.32,1.038180219,0.955529368,0.919030137,1.010745606,1.079797476,1.080011435
86.34,1.032753102,0.957855764,0.924810626,1.012839982,1.081381348,1.083924424
86.36,1.027462257,0.953412638,0.922942947,1.015017503,1.083228581,1.080612886
86.38,1.022344081,0.956253952,0.92893003,1.017179905,1.084270494,1.083941712
86.4,1.017370958,0.952326304,0.92723391,1.019385959,1.085572996,1.080123015
86.42,1.012609188,0.955696361,0.93343492,1.021552435,1.086016767,1.08292546
86.44,1.007994718,0.95229431,0.932187436,1.023716543,1.086725983,1.078664234
86.46,1.00362923,0.955929825,0.938833529,1.025821785,1.086526244,1.081002969
86.48,0.999140709,0.952838775,0.937998359,1.027873272,1.086604452,1.076633752
86.5,0.994921551,0.956785067,0.945077774,1.029847561,1.085727822,1.078851745
86.52,0.990609657,0.954021099,0.944636848,1.031710106,1.085151698,1.074115106
86.54,0.986596512,0.958300661,0.952137481,1.033479993,1.083881709,1.075955051
86.56,0.982509846,0.95587942,0.952070904,1.035073826,1.082927276,1.070891444
86.58,0.978749841,0.960513122,0.959978084,1.036565787,1.081254177,1.072417449
86.6,0.974930825,0.958448788,0.960263424,1.046136584,1.079893986,1.067095103
86.62,0.97146637,0.963456175,0.960235361,1.047233174,1.077836388,1.06837121
86.64,0.967951844,0.961761752,0.960930152,1.056365508,1.076095005,1.06285849
86.66,0.964819854,0.967119743,0.961278275,1.056952515,1.073640035,1.063948923
86.68,0.961641737,0.965766369,0.962348373,1.065572503,1.071510417,1.058312817
86.7,0.958874128,0.971493619,0.963038587,1.065577457,1.068656219,1.059280206
86.72,0.956059697,0.970493458,0.964446102,1.073610834,1.066141769,1.05358489
86.74,0.953684104,0.976607549,0.96544086,1.072962277,1.062897135,1.047583424
86.76,0.9512571,0.975971726,0.974639978,1.080336188,1.066605604,1.041987141
86.78,0.949263648,0.97499303,0.975840181,1.079314046,1.062505574,1.036157208
86.8,0.947211615,0.974826333,0.985260213,1.086378752,1.065372739,1.030746267
86.82,0.945586488,0.974293157,0.986592523,1.084950256,1.060466829,1.02513966
86.84,0.943893717,0.974595803,0.996200094,1.091618338,1.062540735,1.019960043
86.86,0.94265987,0.974507372,0.997623307,1.089702664,1.056889187,1.014622034
86.88,0.941346549,0.975278747,1.007376543,1.096228747,1.058229052,1.009713679
86.9,0.940524937,0.975633832,1.00880474,1.094119513,1.051905153,1.004683569
86.92,0.939609617,0.976572387,1.018538158,1.100420408,1.052584192,1.000080853
86.94,0.939219696,0.977119281,1.019905493,1.098046209,1.053826018,0.995111881
86.96,0.938716663,0.978240191,1.02956552,1.09589187,1.054105597,0.99062098
86.98,0.938769734,0.978973703,1.030815542,1.093327896,1.054949598,0.985795043
87,0.938689098,0.98053156,1.040304541,1.090966731,1.054849677,0.98146966
87.02,0.938936631,0.981655695,1.041339698,1.088170108,1.055340663,0.976838854
87.04,0.939080087,0.983607807,1.050602283,1.085564718,1.054910752,0.972722655
87.06,0.939567896,0.985099901,1.051363036,1.082500076,1.046995094,0.968329453
87.08,0.939955616,0.987423624,1.060338683,1.087724097,1.046392909,0.9644211
87.1,0.940704146,0.989261119,1.060762815,1.084220051,1.038405421,0.960265111
87.12,0.9413538,0.99193203,1.069428729,1.088970492,1.037729303,0.956601014
87.14,0.942380815,0.994090487,1.069491798,1.08500783,1.029730154,0.952718764
87.16,0.943307931,0.997082028,1.077780766,1.088914083,1.02903536,0.949331146
87.18,0.944629233,0.999534982,1.077767644,1.084088522,1.021078739,0.945754786
87.2,0.93976563,1.002817871,1.08600543,1.087143182,1.020412925,0.948753969
87.22,0.941452081,1.005508641,1.085848068,1.090366587,1.012549521,0.94542448
87.24,0.943058906,1.009025159,1.085061196,1.092869769,1.012033936,0.942587399
87.26,0.945091002,1.011955656,1.084442819,1.086681316,1.00438663,0.939623817
87.28,0.947006368,1.015659131,1.092044302,1.088345292,1.003990524,0.937145314
87.3,0.949364139,1.018748399,1.091119227,1.090260289,0.996524679,0.934570003
87.32,0.951597702,1.022640822,1.089552982,1.091428226,0.996329209,0.932469352
87.34,0.95429046,1.025895198,1.088032948,1.084013415,0.989128924,0.930302038
87.36,0.957077463,1.02989054,1.094712916,1.084422799,0.98912744,0.928369987
87.38,0.960322982,1.03322153,1.092755325,1.085175808,0.981872778,0.926421319
87.4,0.963625525,1.037314473,1.090169747,1.085120625,0.981846671,0.924716396
87.42,0.967415469,1.040719938,1.096192652,1.085414763,0.974616132,0.923011418
87.44,0.965139307,1.03649347,1.093193585,1.084945019,0.97462121,0.9276452
87.46,0.969533716,1.039956131,1.098769963,1.084854195,0.967467619,0.926110963
87.48,0.96781454,1.042679614,1.095268605,1.084006902,0.96758416,0.930921879
87.5,0.965807747,1.046383897,1.100384266,1.083568179,0.960584842,0.929587871
87.52,0.970513844,1.042248921,1.096378271,1.082385668,0.960856488,0.928482412
87.54,0.975783331,1.046163682,1.100959882,1.081641055,0.95405271,0.927430383
87.56,0.980659563,1.049229999,1.096384713,1.080169662,0.954488242,0.926639179
87.58,0.979075788,1.053278446,1.100436593,1.079163832,0.947886762,0.9259173
87.6,0.984199299,1.056400825,1.09530697,1.077452258,0.948522823,0.925415812
87.62,0.982833365,1.060484452,1.098806588,1.076231704,0.942157333,0.925000517
87.64,0.988191355,1.063602873,1.093110793,1.074329935,0.943026603,0.924799302
87.66,0.987024469,1.067656473,1.096044996,1.072941793,0.936926262,0.924701332
87.68,0.992601006,1.070708752,1.089781056,1.07089994,0.938057671,0.924809739
87.7,0.991611709,1.074665166,1.092146507,1.069390973,0.932247905,0.925038579
87.72,0.997387753,1.07758759,1.085322228,1.067258286,0.933667225,0.925464891
87.74,0.99655159,1.081378474,1.087125345,1.065674037,0.928170171,0.926028898
87.76,1.002504653,1.084106623,1.079758027,1.063498098,0.929900433,0.926780415
87.78,1.001793837,1.087663408,1.081014604,1.061882222,0.924735393,0.927686881
87.8,1.007897646,1.090133146,1.073130448,1.059708328,0.926797304,0.928769962
87.82,1.007280746,1.093388162,1.073864978,1.058102085,0.921981178,0.930025128
87.84,1.013504924,1.095536772,1.065498224,1.055972801,0.924393521,0.931445172
87.86,1.013219251,1.098424499,1.065742979,1.045928211,0.919941226,0.932781511
87.88,1.019761222,1.100194737,1.065421329,1.044004246,0.922679275,0.934313504
87.9,1.019745069,1.102657149,1.065052044,1.034270586,0.918560373,0.935758108
87.92,1.026558421,1.104037451,1.064109446,1.032628375,0.921638789,0.937410377
87.94,1.026763212,1.106060853,1.063173481,1.023235852,0.917865656,0.93921408
87.96,1.033800448,1.107000242,1.061663372,1.021903588,0.921055827,0.941193363
87.98,1.034178081,1.108533415,1.060213996,1.01287766,0.917440634,0.943330821
88,1.041392446,1.10898723,1.058194786,1.011876966,0.920786955,0.945626561
88.02,1.041891797,1.109986255,1.056289164,1.003235204,0.91735116,0.948087464
88.04,1.049231875,1.109917303,1.053822574,1.002584439,0.92087783,0.950689398
88.06,1.049798952,1.117844282,1.05152019,0.994003456,0.917640019,0.953462154
88.08,1.049712416,1.117156873,1.0490457,0.993406628,0.921365254,0.956358688
88.1,1.0503947,1.124417925,1.046751381,0.984913945,0.918336714,0.959392817
88.12,1.05039076,1.123056156,1.044314106,0.984417893,0.92227678,0.962534046
88.14,1.051131214,1.129634839,1.04205388,0.976055876,0.919468425,0.96581572
88.16,1.051154919,1.127589647,1.039681812,0.975701415,0.923637485,0.969187644
88.18,1.051895006,1.133476618,1.037482229,0.967507766,0.921058403,0.972700711
88.2,1.051890545,1.130747786,1.035203559,0.967331559,0.925469067,0.976286969
88.22,1.052571074,1.135942675,1.033091013,0.959339562,0.923126867,0.980012635
88.24,1.052482292,1.132538853,1.030933495,0.959374382,0.927790316,0.983794195
88.26,1.0596255,1.137050195,1.028933685,0.951613212,0.925691233,0.981129247
88.28,1.059343149,1.133021641,1.026924125,0.951888243,0.930617287,0.985170467
88.3,1.066265464,1.136898865,1.025061796,0.944383316,0.928733275,0.982714304
88.32,1.06570394,1.132269906,1.023225991,0.944924484,0.933898264,0.98698763
88.34,1.072351698,1.135536855,1.021524618,0.937697652,0.932234067,0.984708602
88.36,1.071460095,1.130339028,1.019886754,0.938527647,0.937646207,0.989183594
88.38,1.07778093,1.13302673,1.01836818,0.931597582,0.936205101,0.987047678
88.4,1.076510444,1.127298045,1.016950678,0.932736532,0.941871076,0.991691127
88.42,1.082454287,1.129443755,1.015314791,0.926119251,0.940654817,0.989661746
88.44,1.0807592,1.123547891,1.013792422,0.927581929,0.94657969,0.994437507
88.46,1.0862793,1.125536746,1.012083508,0.921286405,0.945588397,0.992475412
88.48,1.084121091,1.11949395,1.010510205,0.923085852,0.951775447,0.997344304
88.5,1.089179748,1.121339075,1.008776068,0.917121037,0.951007447,0.995407547
88.52,1.086849382,1.115169312,1.007201156,0.919268974,0.957458009,1.000002712
88.54,1.09171519,1.116891212,1.005486624,0.913642412,0.95690967,0.997746931
88.56,1.089181702,1.110622508,1.003956255,0.916149449,0.963619717,1.002292411
88.58,1.093813388,1.11224482,1.002303065,0.9108675,0.963289026,0.999953396
88.6,1.091045514,1.10590603,1.000860131,0.913469995,0.970210451,1.004397163
88.62,1.095413371,1.107454857,0.999306879,0.908310931,0.970080018,1.001933997
88.64,1.092385882,1.10107652,0.997988181,0.911041641,0.977197921,1.006236421
88.66,1.09646492,1.102579708,0.996566399,0.906017897,0.977248957,1.010459273
88.68,1.093158828,1.096193277,0.995405926,0.908892329,0.977697126,1.014530941
88.7,1.096964793,1.097679665,0.994145767,0.904013475,0.977993175,1.01848716
88.72,1.093401167,1.091316968,0.993174572,0.907010268,0.97866605,1.022258309
88.74,1.096920555,1.092816088,0.992103477,0.902249801,0.979180889,1.025915082
88.76,1.093091593,1.08650871,0.99134967,0.905380512,0.980052867,1.029351392
88.78,1.096316965,1.08804987,0.990492212,0.900744248,0.980758845,1.032676491
88.8,1.092220874,1.081828464,0.989981176,0.904017929,0.981803209,1.035744602
88.82,1.095150759,1.083440277,0.989359618,0.899509294,0.98267141,1.038706987
88.84,1.090465268,1.077334151,0.989114396,0.902932622,0.983860165,1.041701262
88.86,1.092792199,1.079040988,0.988748907,0.898552778,0.984860262,1.044580083
88.88,1.087526551,1.073073206,0.988790411,0.902130159,0.986167212,1.047469321
88.9,1.089278741,1.074898399,0.988699238,0.898201131,0.987271976,1.050220369
88.92,1.083465613,1.069092012,0.988723409,0.90221401,0.988672479,1.052958885
88.94,1.084675316,1.071057638,0.988647172,0.898710007,0.989856033,1.055539814
88.96,1.078352482,1.065430669,0.988695352,0.903139152,0.991323349,1.058084249
88.98,1.079056823,1.067552752,0.988666569,0.90003802,0.992556128,1.060455249
89,1.072266307,1.06212189,0.988771317,0.904866585,0.99406159,1.06276526
89.02,1.072506392,1.064416975,0.988818277,0.902146975,0.9953121,1.064889713
89.04,1.065293545,1.059197382,0.989007901,0.907358497,0.996825235,1.066928649
89.06,1.065113576,1.061390896,0.989155116,0.904999553,0.998060212,1.068773755
89.08,1.057816087,1.056095481,0.989451253,0.910577648,0.999548911,1.070509283
89.1,1.057560349,1.058232804,0.989715577,0.908558689,1.000733532,1.07204948
89.12,1.057057509,1.052902698,0.990136674,0.914486707,1.002164297,1.066595727
89.14,1.056681509,1.055056628,0.990533717,0.912786912,1.003262494,1.067909465
89.16,1.056032665,1.049762286,0.991095548,0.919047655,1.004566277,1.06221146
89.18,1.055522847,1.05196717,0.991638742,0.917645786,1.005507429,1.063283897
89.2,1.054749777,1.04674096,0.992354639,0.924221054,1.006650418,1.057331669
89.22,1.054129586,1.049028489,0.993055096,0.923094849,1.007398581,1.058152306
89.24,1.0532554,1.043900042,0.993935974,0.929965183,1.008346791,1.05194065
89.26,1.052549449,1.046299445,0.994802657,0.929091462,1.016777369,1.052503734
89.28,1.051598108,1.041295711,0.995857178,0.928324847,1.017732891,1.046071534
89.3,1.050831701,1.043833815,0.996897032,0.927482888,1.018202625,1.046417837
89.32,1.049827785,1.038979159,0.998092393,0.934667575,1.01884204,1.039732876
89.34,1.049026883,1.041680483,0.999268806,0.934044498,1.026967306,1.039825213
89.36,1.047995017,1.036996611,1.000645956,0.933502182,1.027548152,1.040158108
89.38,1.04718506,1.039883083,1.002002453,0.932860258,1.028333286,1.039969592
89.4,1.046185621,1.035389363,1.003525929,0.93230845,1.028888239,1.040003948
89.42,1.045427115,1.038481415,1.005021938,0.939821238,1.02962659,1.039510031
89.44,1.044482227,1.034195414,0.99846312,0.939126893,1.030163456,1.039259536
89.46,1.043797864,1.037511314,1.000214719,0.94646783,1.030865138,1.038476288
89.48,1.036191988,1.033407147,0.993875353,0.945574925,1.031351629,1.044694666
89.5,1.035675948,1.036889524,0.99587263,0.952730932,1.031987388,1.043535071
89.52,1.028297455,1.03294937,0.989738618,0.951623987,1.032427696,1.049374158
89.54,1.028002028,1.036616233,0.991969925,0.958580379,1.033004031,1.047862146
89.56,1.020867648,1.032855043,0.986026125,0.957242886,1.033369992,1.053345441
89.58,1.020808734,1.03672271,0.988478809,0.963983965,1.03386184,1.051507806
89.6,1.013933323,1.033153529,0.982709177,0.962398642,1.034128596,1.056661278
89.62,1.014125238,1.037236561,0.985369529,0.968907627,1.034514091,1.054526787
89.64,1.007521825,1.033870655,0.979757083,0.967056533,1.034660239,1.059378335
89.66,1.007977346,1.038181959,0.982922458,0.97331587,1.034920833,1.056977184
89.68,1.001657207,1.034716749,0.977768232,0.971183921,1.034928528,1.061556109
89.7,1.002387642,1.038951853,0.981385613,0.977180414,1.035049078,1.058919397
89.72,0.996357219,1.035433959,0.9766519,0.974752315,1.034904116,1.063255892
89.74,0.997367755,1.039619602,0.98068952,0.980470766,1.03487292,1.060415111
89.76,0.991632225,1.03606997,0.976341743,0.977731365,1.034564705,1.064539745
89.78,0.992928723,1.040228956,0.980768749,0.98315667,1.034373448,1.061526306
89.8,0.987492088,1.036664928,0.976773436,0.98044062,1.033894919,1.065469611
89.82,0.989079453,1.040816472,0.981210333,0.985866157,1.033542081,1.062314457
89.84,0.983944643,1.03725209,0.977230377,0.983146556,1.032894547,1.066106565
89.86,0.985826912,1.041408597,0.981662006,0.988543661,1.032381328,1.06283987
89.88,0.980995891,1.037849913,0.977678484,0.985794269,1.031567301,1.066510216
89.9,0.983176296,1.042021162,0.982088951,0.991137972,1.030897606,1.063161084
89.92,0.978650124,1.038473416,0.978082743,0.988334753,1.029922354,1.066738126
89.94,0.981131152,1.042666544,0.982455664,0.993602117,1.029102563,1.06333436
89.96,0.976910087,1.039132572,0.978407574,0.990723344,1.027973841,1.066845365
89.98,0.979693557,1.043352248,0.982726199,0.995893593,1.027012536,1.063413287
90,0.975777145,1.039832648,0.978617074,0.99291993,1.025740289,1.066884162
90.02,0.978864276,1.044081228,0.982864429,0.997974562,1.024647964,1.063448486
90.04,0.975251422,1.040574508,0.978675288,0.994889149,1.023244004,1.066903663
90.06,0.978642876,1.044852177,0.982834338,0.999812026,1.022032751,1.063487408
90.08,0.975331904,1.041354898,0.978546525,0.996600527,1.020510433,1.066949764
90.1,0.97902783,1.045659795,0.98260034,1.001377947,1.019193634,1.06357421
90.12,0.97601653,1.042166698,0.978195682,0.998028576,1.017567523,1.060123068
90.14,0.980016582,1.046794182,0.982127624,1.002649309,1.023101496,1.056894798
90.16,0.976968467,1.043599312,0.977591649,0.999152827,1.02126559,1.053640639
90.18,0.980940068,1.048506794,0.981390093,1.003642535,1.026575432,1.050605642
90.2,0.977892055,1.045582001,0.976708915,1.000025844,1.02454992,1.047557041
90.22,0.981853338,1.050746409,0.980361226,1.004376334,1.029655997,1.044723926
90.24,0.978818957,1.048065907,0.975522096,1.000633301,1.027461918,1.041889444
90.26,0.982785276,1.053464524,0.979016478,1.004838829,1.032385093,1.039265291
90.28,0.979775558,1.051003115,0.974007631,1.000965732,1.030043665,1.036651921
90.3,0.983759744,1.05661348,0.977333154,1.005022918,1.034805003,1.034242372
90.32,0.980783446,1.054346467,0.980456537,1.001018315,1.032337338,1.031855633
90.34,0.984796016,1.051833764,0.983539521,1.004967828,1.036957828,1.029664982
90.36,0.981859821,1.049842476,0.986393779,1.000873343,1.034384881,1.027509023
90.38,0.985867395,1.047575818,0.989186811,1.004714636,1.038885603,1.025540319
90.4,0.982935343,1.045833002,0.9917681,1.00053121,1.036227936,1.023617806
90.42,0.986946016,1.043786573,0.994267368,1.004265468,1.040629414,1.021872537
90.44,0.98402274,1.042265485,0.996572809,0.999995825,1.037906796,1.020184776
90.46,0.988042684,1.040414352,0.998775617,1.00362598,1.042228822,1.018663393
90.48,0.985131114,1.039089149,1.000803445,0.999274413,1.039460076,1.017210629
90.5,0.989164729,1.03740924,1.002708362,1.002804937,1.04372156,1.015912628
90.52,0.986266243,1.03625497,1.004458058,0.998377079,1.040924443,1.014694129
90.54,0.990316301,1.034723072,1.006065035,1.001813764,1.045143308,1.013618125
90.56,0.987430862,1.033715682,1.007537418,0.997316365,1.042334426,1.012632255
90.58,0.991498641,1.032309459,1.008847875,1.000666108,1.046527512,1.011776051
90.6,0.988624929,1.031425828,1.010045168,0.996106811,1.043422635,1.011020336
90.62,0.992710341,1.03012386,1.011062041,0.999677014,1.047339022,1.010378
90.64,0.98984588,1.029341842,1.011987903,0.995327796,1.043968698,1.009844961
90.66,0.993947582,1.028123673,1.012718628,0.999109252,1.047642383,1.009410242
90.68,0.991088826,1.027422162,1.013382376,0.994961052,1.044038056,1.00909343
90.7,0.995204325,1.026268374,1.013835507,0.998944211,1.047499505,1.008859647
90.72,0.992346795,1.025627407,1.01424611,0.994989043,1.04369048,1.00875214
90.74,0.996472577,1.024519713,1.014431448,0.999165511,1.046968094,1.008712197
90.76,0.993610986,1.023920535,1.014598997,0.995396345,1.042981489,1.008806629
90.78,0.997742653,1.022841839,1.014527516,0.999758778,1.046101556,1.008953037
90.8,0.994871033,1.02226698,1.014463149,0.996169432,1.041962271,1.009241618
90.82,0.999003427,1.021201451,1.0141469,1.000711431,1.04494895,1.009566513
90.84,0.996115265,1.020634801,1.013862694,0.997296464,1.040679672,1.010041055
90.86,1.000242608,1.019567941,1.013314682,1.002012467,1.043554992,1.01053622
90.88,0.997330974,1.018994823,1.012823535,0.998767072,1.039176216,1.01118815
90.9,1.001447006,1.017913527,1.012057578,1.003652243,1.041960101,1.011845031
90.92,0.998504694,1.017320753,1.011373063,1.000572146,1.037490174,1.012665421
90.94,1.002602814,1.016213363,1.010403641,1.005622268,1.040200483,1.013475148
90.96,0.999622481,1.015589287,1.00953986,1.002703622,1.035655661,1.014454736
90.98,1.003695897,1.014445631,1.008381946,1.007914992,1.038308246,1.015408148
91,1.000670205,1.01378018,1.007353368,1.005154281,1.033702767,1.016537369
91.02,1.004712077,1.012591591,1.006022258,1.010523606,1.03631154,1.017625044
91.04,1.001633835,1.011876279,1.004843558,1.007917552,1.031657708,1.018894064
91.06,1.005637427,1.010635602,1.0033547,1.013441842,1.034234718,1.020106356
91.08,1.008985823,1.009863527,1.002040597,1.010987315,1.029543001,1.015019022
91.1,1.012892141,1.008597471,1.000409417,1.016663791,1.032098524,1.016431201
91.12,1.016111835,1.007795205,0.998974677,1.014357722,1.027345058,1.011525704
91.14,1.019885014,1.006498494,0.997216735,1.020183717,1.02985592,1.013124696
91.16,1.022973632,1.013084417,0.995676007,1.018022857,1.025049101,1.008387102
91.18,1.019187813,1.011690904,0.993843468,1.023995413,1.027523582,1.010159731
91.2,1.022242768,1.018153514,0.992247432,1.021976454,1.022670216,1.005539136
91.22,1.018403479,1.016625697,0.990353611,1.028092932,1.025115051,1.007436111
91.24,1.0214205,1.022965533,0.988714398,1.026212587,1.020220296,1.00292078
91.26,1.017523661,1.021305108,0.986771837,1.032470199,1.022640435,1.004930975
91.28,1.020498802,1.027523879,0.985100963,1.030724943,1.01770796,1.000509548
91.3,1.016541124,1.025733613,0.983121505,1.037120668,1.020107083,1.002622159
91.32,1.019471223,1.031834117,0.981429766,1.03550667,1.015139391,0.998283716
91.34,1.015450261,1.029917753,0.979424455,1.042037183,1.017520037,1.000488332
91.36,1.018332995,1.035903776,0.977721839,1.040550249,1.020573082,0.996222462
91.38,1.014247189,1.033865921,0.975700832,1.03915738,1.022870069,0.99854964
91.4,1.01708112,1.039742128,0.973996445,1.037899791,1.025809261,0.994386217
91.42,1.012930022,1.037588127,0.971928771,1.036713688,1.027986416,0.996825186
91.44,1.015715021,1.043359941,0.97019139,1.035676271,1.030816198,0.992753487
91.46,1.011499288,1.041095547,0.968086877,1.034687709,1.032877694,0.995293971
91.48,1.014236126,1.046768622,0.966325277,1.033860655,1.035601629,0.991304075
91.5,1.009957303,1.044399877,0.964192602,1.033060196,1.037550798,0.99393657
91.52,1.012647639,1.049980375,0.962414442,1.032433457,1.040171703,0.990019422
91.54,1.008308131,1.047513669,0.960261098,1.031811434,1.042011182,0.992735268
91.56,1.010954491,1.053008115,0.958472905,1.031374709,1.044531269,0.995549221
91.58,1.006557521,1.050450036,0.965081223,1.030921216,1.03959667,0.998270539
91.6,1.009196637,1.047089141,0.963191558,1.030707485,1.042121206,1.001050645
91.62,1.004778834,1.044586858,0.969660951,1.03042178,1.037171503,1.00373987
91.64,1.007369973,1.041282729,0.967634274,1.030385865,1.039699346,1.006483266
91.66,1.002891938,1.038838486,0.973974008,1.030256987,1.034733187,1.0091376
91.68,1.005440541,1.035592733,0.971818158,1.030387268,1.037262878,1.011841808
91.7,1.000908149,1.033208189,0.978036121,1.030404065,1.032279065,1.014459139
91.72,1.00342024,1.030022237,0.975757712,1.030688724,1.035105995,1.017122585
91.74,0.998839834,1.027698808,0.981860577,1.030543163,1.030410891,1.019704737
91.76,1.001321918,1.024573798,0.979465012,1.030665872,1.033500778,1.022331231
91.78,0.996700221,1.022312554,0.985455297,1.030381179,1.029071932,1.024880789
91.8,0.999159217,1.019249249,0.982942369,1.030350012,1.032405735,1.027473278
91.82,1.001360057,1.017050804,0.988821664,1.029932859,1.028223941,1.023136799
91.84,1.00403624,1.014083836,0.986191855,1.029754651,1.031784109,1.025500034
91.86,0.999565118,1.011984869,0.991960992,1.029210662,1.027797653,1.027785576
91.88,1.002178671,1.00908273,0.989214249,1.028891229,1.031531702,1.030143859
91.9,1.004516141,1.007047352,0.994873174,1.028224997,1.027755664,1.02557923
91.92,1.007348101,1.004241514,0.992008254,1.027768978,1.031684047,1.027731541
91.94,1.003025505,1.002304872,0.997556023,1.026984389,1.028071593,1.029802131
91.96,1.005796499,0.999562424,0.994571219,1.026396121,1.032144902,1.031973986
91.98,1.008274793,0.997687087,1.000006073,1.02549657,1.028714222,1.027228514
92,1.011267147,0.995037889,0.996898601,1.024779587,1.032955842,1.029218775
92.02,1.007095194,0.993257266,1.002217991,1.023768096,1.029663251,1.031126126
92.04,1.010029089,0.990666792,0.998984735,1.022925977,1.034026767,1.033161776
92.06,1.012654409,0.988941688,1.004185427,1.021805395,1.030893466,1.028284775
92.08,1.015813429,0.986438026,1.000822355,1.02084125,1.035405148,1.030163965
92.1,1.011794959,0.984799959,1.005900479,1.019614358,1.03239047,1.03196176
92.12,1.014897913,0.982346807,1.002403413,1.01853165,1.037006818,1.033913133
92.14,1.017676681,0.980754652,1.007354598,1.01720134,1.034134866,1.02895498
92.16,1.021008408,0.978378227,1.003718655,1.016003353,1.038884987,1.030775283
92.18,1.01714513,0.976861521,1.008538099,1.014572711,1.036117966,1.032518138
92.2,1.020725191,0.974523641,1.004758488,1.013263349,1.033093664,1.034134742
92.22,1.017141594,0.98082238,1.009441121,1.019603311,1.030553317,1.035630118
92.24,1.013212317,0.978774114,1.0055516,1.018052704,1.027808761,1.03703046
92.26,1.009676491,0.977557161,1.010172511,1.024142927,1.02552501,1.038268092
92.28,1.013552642,0.975474775,1.006170497,1.022360719,1.023050162,1.039437921
92.3,1.010290936,0.982025615,1.010682207,1.028211373,1.021013836,1.040481053
92.32,1.006665234,0.980207377,1.00659748,1.026207663,1.018799867,1.041485835
92.34,1.003435052,0.979232129,1.011034038,1.031829329,1.017003271,1.042323486
92.36,1.007585355,0.977351927,1.006824474,1.029615136,1.015043248,1.043146373
92.38,1.004614246,0.984103889,1.011138982,1.035018957,1.013480108,1.043838812
92.4,1.001261591,0.982460792,1.006835216,1.032605539,1.011768117,1.044542419
92.42,0.998304057,0.981667302,1.011062506,1.037803264,1.010433445,1.045075742
92.44,1.002702845,0.979932113,1.006623694,1.035202939,1.008965265,1.045640373
92.46,0.9999875,0.986829037,1.01071805,1.040207024,1.007855301,1.046071683
92.48,0.996873775,0.985301892,1.006176348,1.03743245,1.006627533,1.046556932
92.5,0.994151727,0.984625757,1.010174057,1.04225606,1.005739618,1.046869151
92.52,0.998768207,0.982974309,1.005490503,1.039321012,1.004750358,1.047252233
92.54,0.99626894,0.989954825,1.009347633,1.043978076,1.004082873,1.047499103
92.56,0.993355219,0.988480588,1.00455653,1.040896678,1.003330848,1.047836409
92.58,0.990826092,0.987853571,1.008311463,1.045401855,1.002883094,1.047997431
92.6,0.995623042,0.986221257,1.003376277,1.042189321,1.002368335,1.048262847
92.62,0.993294161,0.993219599,1.006987411,1.046558012,1.002140477,1.048388193
92.64,0.990535637,0.991732462,1.001945129,1.043229842,1.001863463,1.04863472
92.66,0.99483502,0.991083829,1.005453478,1.047478119,1.00185641,1.042015623
92.68,0.999710402,0.989437751,1.000270424,1.044050805,1.001818743,1.042304147
92.7,1.00409871,0.996418363,1.003637317,1.048195397,1.002000798,1.035755955
92.72,1.001299752,0.994917005,0.998353864,1.044685593,1.002171725,1.036131327
92.74,1.005523542,0.994239956,1.001623644,1.048743624,1.002546486,1.029619401
92.76,1.010312744,0.992890281,0.996209538,1.045168505,1.002930204,1.030043606
92.78,1.014260959,0.992406461,0.999350126,1.049157471,1.003501691,1.023604257
92.8,1.018756684,0.991218302,0.993815167,1.04553425,1.00410238,1.0241153
92.82,1.022430546,0.990896528,0.996835783,1.049471923,1.004874911,1.017744435
92.84,1.026633312,0.989841387,0.991191365,1.045818148,1.005697395,1.018339174
92.86,1.030032214,0.989652208,0.9941026,1.049722691,1.006675701,1.019146177
92.88,1.033940296,0.988703263,0.988361472,1.046056155,1.000610002,1.019764013
92.9,1.037097413,0.988619054,0.991175255,1.049946032,1.001890652,1.020565691
92.92,1.040742204,0.987751431,0.985351452,1.046248911,0.996117082,1.021169392
92.94,1.043651987,0.987746857,0.988080987,1.050107981,0.99769972,1.021964296
92.96,1.047026702,0.986937725,0.982189555,1.04639971,0.992215875,1.022551267
92.98,1.049681896,0.986989484,0.984848888,1.050248181,0.994099929,1.023336181
93,1.052778274,0.986217978,0.978905778,1.046548047,0.988903423,1.023901914
93.02,1.055170339,0.986304918,0.98151005,1.050406051,0.991088393,1.024946462
93.04,1.057978906,0.985215359,0.975532163,1.046733105,0.985902098,1.025758666
93.06,1.060437959,0.992558419,0.978094163,1.050620631,0.988116066,1.027020681
93.08,1.055709292,0.991416743,0.972132244,1.046990809,0.982973925,1.028058126
93.1,1.057981435,0.991070322,0.974706242,1.050923667,0.985230693,1.029482821
93.12,1.06064048,0.989564051,0.968740775,1.047353161,0.980142525,1.030684776
93.14,1.062940729,0.996476748,0.971302207,1.051348587,0.982453777,1.032287788
93.16,1.05801175,0.994915032,0.965385098,1.047852925,0.977427143,1.033672171
93.18,1.060085481,0.994127562,0.967989701,1.051927945,0.979802647,1.035397306
93.2,1.062511559,0.992202542,0.962102351,1.048522673,0.974843625,1.036901754
93.22,1.064573605,0.998679044,0.964726614,1.052694072,0.977291282,1.038762986
93.24,1.059368677,0.996703655,0.958921538,1.049393941,0.972403723,1.040403609
93.26,1.061165926,1.003070193,0.961621987,1.053678169,0.974929529,1.042342803
93.28,1.055693731,1.001008619,0.955918827,1.050497829,0.977675735,1.044055119
93.3,1.057212981,0.999707993,0.958712825,1.047351241,0.980205452,1.046083655
93.32,1.05901816,0.997293082,0.953091243,1.044420684,0.982929159,1.047878085
93.34,1.060480412,1.003228261,0.955918332,1.041514569,0.985432756,1.050006938
93.36,1.05465073,1.000776524,0.950393595,1.038840493,0.988141398,1.05189453
93.38,1.055809629,0.999076995,0.953311882,1.036180587,0.990625451,1.054060947
93.4,1.057216976,0.996296623,0.947866795,1.033769318,0.993324701,1.055972554
93.42,1.058288779,1.001842608,0.950854808,1.03136105,0.99579349,1.058183397
93.44,1.052049897,0.998706683,0.945542023,1.029218155,0.998486434,1.060127866
93.46,1.05313919,1.003867974,0.948653692,1.027066577,1.000941823,1.062318394
93.48,1.046890781,1.000365311,0.943487658,1.025197568,1.003629627,1.064228027
93.5,1.047977902,1.005168522,0.946737812,1.023307513,1.006071017,1.066370254
93.52,1.041703695,1.001328636,0.941732231,1.021717422,1.008752105,1.068214911
93.54,1.042770915,1.005802308,0.94513535,1.020093275,1.01117615,1.070279994
93.56,1.036457184,1.001656343,0.94030334,1.018786619,1.013846491,1.0720288
93.58,1.037489332,1.005830685,0.943873532,1.017432276,1.016247186,1.073987271
93.6,1.031125095,1.00141112,0.939227605,1.016413005,1.018900185,1.075608879
93.62,1.032109768,1.005317711,0.942978596,1.015331823,1.021268764,1.077430924
93.64,1.025686942,1.000658048,0.938530657,1.014603257,1.02389516,1.07889385
93.66,1.026614659,1.004329544,0.942475786,1.01379799,1.026219983,1.080549648
93.68,1.02012817,0.999463989,0.938237147,1.01336275,1.028807751,1.081822652
93.7,1.020992478,1.002933815,0.94238938,1.012835473,1.031074222,1.083282771
93.72,1.021439317,0.997896958,0.938370772,1.012695384,1.033608485,1.077336285
93.74,1.022158301,1.001233674,0.942742721,1.012447398,1.035798969,1.07868543
93.76,1.022425018,0.996094145,0.938954497,1.012603376,1.038227159,1.072604104
93.78,1.022962955,0.999330094,0.943558785,1.012635091,1.040286877,1.073815207
93.8,1.023051148,0.994120441,0.940010932,1.013086839,1.042589804,1.067574054
93.82,1.023411176,0.997287727,0.944859846,1.013397295,1.044496497,1.068621502
93.84,1.023325245,0.992040059,0.941561836,1.014143155,1.04665201,1.062197765
93.86,1.023513423,0.995170498,0.946667357,1.014730218,1.048380355,1.063058165
93.88,1.016282208,0.989916265,0.943628173,1.015767155,1.050363415,1.063409989
93.9,1.016390383,0.993006655,0.949001992,1.016627323,1.05188514,1.063944934
93.92,1.016096524,0.987742668,0.946229982,1.017950705,1.053702602,1.056982695
93.94,1.016087246,0.990860015,0.951883182,1.019078876,1.055368455,1.057293071
93.96,1.00869802,0.98565164,0.949386268,1.020334521,1.057266846,1.05705055
93.98,1.008634408,0.98879162,0.955330023,1.021414493,1.058999996,1.057007914
94,1.001251023,0.983633701,0.953112179,1.022603239,1.060969365,1.0563918
94.02,1.001183827,0.986827227,0.959352033,1.02363594,1.062757934,1.055988971
94.04,0.993824044,0.981749115,0.957416964,1.024756743,1.064753416,1.054994333
94.06,0.993769884,0.985026282,0.963960109,1.025739569,1.066549698,1.054228612
94.08,0.986452665,0.98005604,0.962311227,1.026787432,1.068526132,1.060318128
94.1,0.986429428,0.983445933,0.969164678,1.027713873,1.062819171,1.05912723
94.12,0.979211683,0.978610337,0.967805036,1.02867963,1.064832849,1.064745389
94.14,0.979274619,0.982141219,0.974975538,1.029501681,1.059134475,1.063096957
94.16,0.972174943,0.977466145,0.973907732,1.038469239,1.061141531,1.068249207
94.18,0.972341587,0.981165475,0.973267532,1.0391032,1.055449246,1.066153386
94.2,0.965378586,0.976675561,0.972604669,1.047872051,1.057446589,1.070849578
94.22,0.965666824,0.980529085,0.972342907,1.048266368,1.051717919,1.06832108
94.24,0.958859052,0.976208134,0.972079201,1.056826446,1.053662703,1.072575414
94.26,0.959286685,0.980243081,0.97219005,1.056966463,1.056066677,1.069632974
94.28,0.95265203,0.976114961,0.972318935,1.05709344,1.057836828,1.073504668
94.3,0.953236607,0.980357586,0.972796201,1.057082386,1.060016769,1.070210846
94.32,0.946792745,0.976444996,0.973269486,1.057074791,1.061534579,1.07372
94.34,0.947552015,0.980920688,0.974066346,1.056887337,1.063457552,1.070098758
94.36,0.941316258,0.977245071,0.975251596,1.056719624,1.064689635,1.07326866
94.38,0.942267632,0.981604229,0.976672877,1.056330489,1.06632505,1.069347046
94.4,0.936256623,0.977878937,0.978526774,1.055979405,1.06724084,1.072203987
94.42,0.937413264,0.982182605,0.980542501,1.055728511,1.068561013,1.068011681
94.44,0.931637565,0.978447831,0.982667069,1.055487518,1.069137068,1.070584483
94.46,0.933012793,0.982739043,0.984933168,1.055328544,1.070123033,1.066153282
94.48,0.927173585,0.979026943,0.987316838,1.055156627,1.070339382,1.068783775
94.5,0.92849592,0.983336274,0.989816501,1.055047105,1.070973947,1.06442867
94.52,0.922621648,0.979671125,0.992440465,1.054904217,1.070817832,1.067131171
94.54,0.923930813,0.984027847,0.995156001,1.05480081,1.071092306,1.062861614
94.56,0.918058466,0.980432375,0.998000343,1.054646138,1.070555111,1.058335188
94.58,0.919391238,0.984862766,1.000912869,1.054504887,1.07777215,1.054242589
94.6,0.913519506,0.981356817,1.003956211,1.054297114,1.076732983,1.04995947
94.62,0.914875507,0.985884195,1.007045307,1.054110416,1.083428999,1.045775224
94.64,0.909039717,0.982484578,1.010264455,1.053843797,1.082207027,1.048686765
94.66,0.910451614,0.987129499,1.013508005,1.05356563,1.081441495,1.044672908
94.68,0.904717026,0.9838505,1.016877955,1.053200189,1.079828915,1.04047787
94.7,0.90625456,0.988631216,1.020251797,1.052753215,1.085927239,1.036392783
94.72,0.900616449,0.985485061,1.02374503,1.052210843,1.084119205,1.039418799
94.74,0.902271853,0.990417457,1.027222305,1.051586995,1.082775755,1.035557935
94.76,0.896791593,0.987413641,1.030808116,1.050866633,1.080579283,1.031569829
94.78,0.898631505,0.992511226,1.034359127,1.049991263,1.086064373,1.027697128
94.8,0.893301088,0.989657242,1.038004055,1.049017913,1.083679832,1.03094446
94.82,0.895315172,0.994931167,1.041596039,1.047886695,1.081776119,1.027039895
94.84,0.890192474,0.992231746,1.04526291,1.0466633,1.079335039,1.030241459
94.86,0.892441477,0.997690695,1.048859789,1.045207105,1.077364916,1.026309433
94.88,0.887547023,0.995479678,1.05250824,1.043667586,1.074870479,1.029505152
94.9,0.88972245,1.001399379,1.056073944,1.041857208,1.072517372,1.02558654
94.92,0.884809374,0.999635987,1.059664446,1.040296991,1.069628212,1.028809477
94.94,0.886975227,0.998554944,1.063158731,1.047246613,1.066917713,1.024934849
94.96,0.889524708,0.996961357,1.057818005,1.045539041,1.063711039,1.028218247
94.98,0.891939931,1.003595647,1.061291828,1.052304663,1.060718375,1.024458263
95,0.887250776,1.002441719,1.055909184,1.050366818,1.057228954,1.027875028
95.02,0.889689646,1.009464995,1.059357524,1.056907365,1.05398869,1.024228716
95.04,0.885371695,1.008670776,1.053889202,1.054704857,1.050255362,1.027465004
95.06,0.888157987,1.016069926,1.057265798,1.060982892,1.046805422,1.023697448
95.08,0.884207984,1.015619778,1.051664267,1.058485424,1.042866647,1.019686143
95.1,0.887345592,1.023381708,1.054920844,1.064467761,1.046371488,1.015942579
95.12,0.883728103,1.023256691,1.049137256,1.061649834,1.042140992,1.01200985
95.14,0.887187732,1.031365861,1.052224006,1.067343587,1.045367515,1.008371131
95.16,0.883904431,1.031544437,1.055245507,1.064219629,1.040892812,1.004561535
95.18,0.887693264,1.030945536,1.05803851,1.069645074,1.043886476,1.001067517
95.2,0.884745829,1.031521597,1.060729044,1.06624313,1.039217245,0.997421277
95.22,0.888825919,1.031278705,1.063135581,1.071380195,1.042025477,0.994107876
95.24,0.886171777,1.032221306,1.065451207,1.067688578,1.037212287,0.990661015
95.26,0.890551355,1.032303887,1.067424019,1.072523288,1.039883185,0.987560118
95.28,0.888193201,1.03357899,1.069320685,1.068536671,1.034976447,0.984344848
95.3,0.892879961,1.033953804,1.071231455,1.073061511,1.037558029,0.981485147
95.32,0.89081996,1.03510572,1.073036159,1.068785077,1.03260729,0.978530478
95.34,0.89582096,1.035370265,1.074831018,1.073004824,1.035146881,0.975937833
95.36,0.894056452,1.036368446,1.076490015,1.068449383,1.030200287,0.973269949
95.38,0.899372062,1.036492811,1.078115095,1.072372615,1.03274403,0.970967728
95.4,0.897900041,1.03730341,1.079579964,1.067554478,1.027847854,0.968610304
95.42,0.903531951,1.037253366,1.080985244,1.071195294,1.030440304,0.966619701
95.44,0.902348545,1.037838027,1.082211411,1.066135759,1.025638621,0.964594259
95.46,0.90829736,1.037575183,1.083351396,1.06915489,1.028322475,0.96293463
95.48,0.907397527,1.037891235,1.084657144,1.063485151,1.023653517,0.961260872
95.5,0.913662433,1.037373265,1.085882553,1.065923199,1.026464259,0.959950015
95.52,0.913039601,1.037377474,1.087213946,1.059699599,1.021963979,0.958646067
95.54,0.91961795,1.036563674,1.088465131,1.06160862,1.02493718,0.95770047
95.56,0.919263602,1.036209048,1.089767944,1.054890894,1.02063939,0.956783156
95.58,0.926150471,1.035053478,1.090989219,1.056327833,1.023808941,0.956218239
95.6,0.926053672,1.034289733,1.092213321,1.049179727,1.019745406,0.955703305
95.62,0.933241289,1.032743618,1.093353802,1.050205222,1.023143641,0.955533613
95.64,0.933388093,1.039561244,1.094453953,1.042693225,1.01934425,0.955435906
95.66,0.932821838,1.037888362,1.095508334,1.043370373,1.023002126,0.955675266
95.68,0.932919992,1.036443278,1.09648811,1.03556264,1.019495119,0.955968866
95.7,0.94037722,1.034595328,1.096953173,1.035956197,1.023442452,0.95658739
95.72,0.947078914,1.041452186,1.097343534,1.027917031,1.020254487,0.950564969
95.74,0.946589966,1.039783926,1.097227663,1.028085562,1.016688886,0.95140272
95.76,0.946670616,1.046780301,1.097065445,1.027709767,1.013903171,0.952299971
95.78,0.946053484,1.045150746,1.096367304,1.027582888,1.010818811,0.953527265
95.8,0.952846213,1.052178995,1.095694553,1.026931665,1.008523643,0.955039983
95.82,0.952385598,1.050549766,1.094460238,1.026575456,0.998922619,0.95662533
95.84,0.95931183,1.057572802,1.093286765,1.025719003,0.996930958,0.95141361
95.86,0.958955904,1.055877615,1.091532199,1.025163526,0.994729497,0.953387131
95.88,0.965949937,1.062823808,1.089877163,1.024132867,0.992983876,0.948593589
95.9,0.965628264,1.060995475,1.087627589,1.023473104,0.991053206,0.950980369
95.92,0.972656454,1.067793802,1.085518445,1.022366563,0.989581801,0.946587475
95.94,0.972330511,1.065767096,1.082807856,1.021659224,0.987950892,0.94937618
95.96,0.979354512,1.072348825,1.080280231,1.020535899,0.986779321,0.945366193
95.98,0.978981276,1.070061971,1.077150549,1.019834572,0.98547427,0.948544901
96,0.985957687,1.076362082,1.074246826,1.018750127,0.984625759,0.944899459
96.02,0.985489531,1.073758136,1.070746497,1.018105065,0.983670318,0.948455228
96.04,0.992369855,1.07971677,1.067514577,1.017111582,0.98316617,0.945154885
96.06,0.991754586,1.076744982,1.063697191,1.016569643,0.9825822,0.949073266
96.08,0.998485327,1.08230885,1.060189133,1.015715616,0.982442202,0.946096981
96.1,0.99766638,1.078925936,1.056111959,1.015320326,0.982250072,0.950361467
96.12,1.00418933,1.084049608,1.052382587,1.014650783,0.982492844,0.954767715
96.14,1.003106162,1.080220865,1.048105096,1.014442503,0.975630072,0.959309394
96.16,1.00939463,1.084867854,1.04421062,1.013999225,0.976358359,0.963943213
96.18,1.008018574,1.080568218,1.039793078,1.013980123,0.969971145,0.968712714
96.2,1.014005971,1.084712166,1.035789814,1.013767433,0.971192516,0.973560273
96.22,1.012269804,1.079926793,1.031291814,1.013973804,0.965282255,0.978539887
96.24,1.017886979,1.083551609,1.027234697,1.014029284,0.967003917,0.983582721
96.26,1.015722185,1.078275951,1.022714057,1.006070413,0.961571918,0.988749464
96.28,1.020898803,1.08137598,1.027080571,1.006529139,0.963759192,0.993963719
96.3,1.025536681,1.075615695,1.022450399,0.999051314,0.958765447,0.991988531
96.32,1.030148249,1.078274384,1.026677011,0.999981588,0.961427595,0.997434775
96.34,1.034191187,1.072121578,1.021997828,0.993004152,0.956838698,0.995611302
96.36,1.038134165,1.074349344,1.02614294,0.99442877,0.959949156,1.001533171
96.38,1.041520193,1.06782437,1.02147272,0.98796884,0.955486965,1.000090284
96.4,1.044733801,1.069640279,1.025592012,0.989908886,0.958784644,1.006403736
96.42,1.047408403,1.062771473,1.020985074,0.983979056,0.954492673,1.005284508
96.44,1.049835936,1.064202419,1.025131102,0.986450519,0.957990653,1.011935421
96.46,1.0517478,1.057024911,1.020637838,0.981062783,0.953873015,1.011080456
96.48,1.053338665,1.058104368,1.024859797,0.984083111,0.957580461,1.018009652
96.5,1.054443134,1.050243887,1.02052657,0.979249215,0.953637368,1.017354731
96.52,1.055569607,1.050606802,1.024518669,0.982836164,0.957559371,1.024497262
96.54,1.056230243,1.042448721,1.02001668,0.978564626,0.961571119,1.023976723
96.56,1.056864607,1.042532547,1.023861574,0.974947338,0.965657362,1.031306166
96.58,1.057027878,1.034113249,1.019268341,0.971337755,0.969805941,1.030886993
96.6,1.057119541,1.033956587,1.023000455,0.968341673,0.974023411,1.038328478
96.62,1.056740425,1.025324789,1.018348865,0.965393813,0.978581079,1.037931958
96.64,1.056246653,1.02497123,1.022039041,0.962751013,0.983181359,1.045406475
96.66,1.05528998,1.016179204,1.017396634,0.960218424,0.988095413,1.044952122
96.68,1.054179304,1.015675903,1.012560954,0.957983776,0.99306465,1.052373909
96.7,1.052621303,1.015325785,1.008082062,0.955833897,0.998323115,1.051774099
96.72,1.050874914,1.014583703,1.00348808,0.953974137,1.003645096,1.059051482
96.74,1.048746917,1.01402417,0.999266909,0.952218277,1.009231632,1.058213955
96.76,1.05428642,1.013098709,0.994965714,0.950743466,1.014885272,1.057365482
96.78,1.051527433,1.012429084,0.991046845,0.94939215,1.020778677,1.064087169
96.8,1.056387787,1.011415536,0.987084259,0.94831159,1.018905735,1.06294575
96.82,1.053002354,1.010694074,0.983507803,0.947374454,1.025117829,1.069333117
96.84,1.05722688,1.009646998,0.97992497,0.946657648,1.023490356,1.067777426
96.86,1.053232451,1.008931226,0.976726773,0.946104771,1.029986408,1.073745309
96.88,1.056837033,1.007903956,0.973560428,0.945760244,1.028561788,1.071694193
96.9,1.052262478,1.007249534,0.970772339,0.945600033,1.035300458,1.07715843
96.92,1.055274431,1.006293205,0.968055511,0.945635362,1.034029808,1.074533333
96.94,1.050159193,1.005753233,0.965706444,0.945875016,1.040962614,1.079412934
96.96,1.052616104,1.004916247,0.963469344,0.946296673,1.039789915,1.07614013
96.98,1.047008785,1.004540831,0.961585934,0.946941963,1.046860339,1.080359614
97,1.048957018,1.003868558,0.959856633,0.947755055,1.045721635,1.076372551
97.02,1.042913692,1.003704594,0.958463869,0.948809992,1.052864336,1.079864331
97.04,1.044406658,1.003239278,0.957268952,0.95001789,1.051687058,1.075105962
97.06,1.037989011,1.003330447,0.956390787,0.951484258,1.058827232,1.077812679
97.08,1.039085321,1.003111286,0.955755969,0.953088098,1.057897245,1.072237663
97.1,1.03235873,1.003498214,0.955415889,0.962983159,1.06527229,1.074118096
97.12,1.033120331,0.995773488,0.946980764,0.964612415,1.064532386,1.067700135
97.14,1.033940107,0.996249706,0.947250524,0.974834804,1.072088568,1.068727147
97.16,1.026949117,0.988654326,0.939099901,0.97672239,1.071443715,1.077520949
97.18,1.027831897,0.989250948,0.939719657,0.987218304,1.070742799,1.077517298
97.2,1.02104305,0.981812185,0.931917924,0.989352415,1.070247226,1.085219879
97.22,1.022104076,0.982593436,0.93290333,1.000075813,1.06964502,1.084137126
97.24,1.015555136,0.975373101,0.925456955,1.002401216,1.077777668,1.090744265
97.26,1.016826813,0.976400254,0.926821417,1.004765067,1.077112241,1.088637022
97.28,1.010553633,0.96945453,0.919734411,1.007372675,1.085134039,1.094203716
97.3,1.011695841,0.970784118,0.921446453,1.00999748,1.084268335,1.091470749
97.32,1.005318139,0.964160493,0.923395403,1.012858622,1.092081603,1.096435611
97.34,1.006377044,0.957122997,0.925666664,1.015761035,1.090923316,1.093101874
97.36,0.999975153,0.950709376,0.919779693,1.018887695,1.098433605,1.097461215
97.38,1.000978577,0.952224252,0.922669824,1.021994258,1.096889972,1.09353922
97.4,0.994582198,0.945923228,0.917424779,1.025306635,1.104000153,1.097303394
97.42,0.995641083,0.94755537,0.920964909,1.028580182,1.101978883,1.092818861
97.44,0.989360479,0.941422277,0.916342202,1.03203372,1.108592989,1.096011621
97.46,0.990537788,0.94322993,0.920523718,1.035429914,1.106005048,1.091003098
97.48,0.984435589,0.937313789,0.916506513,1.038971779,1.112031003,1.093660416
97.5,0.985789905,0.939349226,0.921323201,1.042438059,1.108793163,1.088177124
97.52,0.979923364,0.933693325,0.917896878,1.046006309,1.114145455,1.090345175
97.54,0.981508567,0.936003818,0.923344372,1.049481136,1.110182928,1.084444942
97.56,0.975929415,0.930646649,0.920495936,1.053004007,1.1147853,1.08617801
97.58,0.97779466,0.933275367,0.926571086,1.056416238,1.110034314,1.079925012
97.6,0.972549239,0.928251483,0.924288488,1.059811611,1.11382232,1.08128326
97.62,0.974739166,0.931238316,0.930988627,1.063080088,1.108232486,1.074745705
97.64,0.969868788,0.926579111,0.929259982,1.066672417,1.111155772,1.075792951
97.66,0.972423929,0.929961411,0.936164883,1.070068713,1.104696374,1.06904086
97.68,0.967965392,0.925695814,0.934618954,1.073746815,1.106726642,1.069842509
97.7,0.970922719,0.929504798,0.941733954,1.077170844,1.099383511,1.062945746
97.72,0.966908951,0.925653792,0.948763981,1.080826624,1.100507444,1.063566957
97.74,0.970302494,0.921508817,0.956006229,1.084216929,1.092284087,1.05659349
97.76,0.966763224,0.918544912,0.963132005,1.087778313,1.09250635,1.049122937
97.78,0.970244836,0.915210439,0.970455763,1.091025223,1.091399252,1.042262744
97.8,0.966850795,0.913099564,0.977673657,1.094372971,1.090577624,1.034587822
97.82,0.96364621,0.910555537,0.985067063,1.09740258,1.088795579,1.034350903
97.84,0.960536441,0.909248646,0.992362997,1.109769563,1.087362502,1.026405897
97.86,0.957685594,0.90744828,0.990852517,1.112397168,1.094286753,1.02590394
97.88,0.954932103,0.906572755,0.99860138,1.115041952,1.092247677,1.01784385
97.9,0.952471791,0.905185416,0.997484895,1.117243387,1.098494974,1.017224467
97.92,0.950102863,0.904736571,1.00559828,1.119451213,1.09581261,1.009148105
97.94,0.948060348,0.903763903,1.004781104,1.12113183,1.101391637,1.008503417
97.96,0.946100997,0.903743993,1.013215035,1.122814775,1.098090886,1.000500248
97.98,0.944502112,0.90318677,1.012644549,1.123883022,1.103024637,0.999913788
98,0.942974802,0.903597184,1.021348639,1.124957525,1.099143342,0.99206368
98.02,0.941843083,0.90345567,1.020966024,1.125328024,1.103467429,0.991610105
98.04,0.94076857,0.904296972,1.029882394,1.125717398,1.099054378,0.983983288
98.06,0.940126095,0.904570682,1.029621628,1.125313597,1.093722777,0.983728506
98.08,0.939524184,0.905842308,1.038683925,1.134042729,1.08852456,0.976340592
98.1,0.939392318,0.906529649,1.03847092,1.133064641,1.091525602,0.97629444
98.12,0.939282305,0.908229477,1.047649239,1.132140512,1.085960073,0.969240256
98.14,0.939681906,0.909327284,1.047449842,1.130271702,1.079521465,0.969500064
98.16,0.940083385,0.911451295,1.056616966,1.137489445,1.073356886,0.962781592
98.18,0.941036307,0.912954687,1.056292477,1.134903834,1.075365655,0.963343549
98.2,0.941969744,0.922848139,1.065395831,1.132408984,1.068605241,0.957040965
98.22,0.936146382,0.924687867,1.064929656,1.129243079,1.069979815,0.957985909
98.24,0.937731034,0.934954178,1.073858208,1.126174045,1.062686423,0.952091665
98.26,0.932540948,0.937092538,1.073097047,1.122388741,1.063530337,0.95341375
98.28,0.934788813,0.947736452,1.081738186,1.118716058,1.055812782,0.947953693
98.3,0.93023745,0.950488252,1.080566711,1.114288889,1.056228264,0.949680619
98.32,0.932841648,0.961752984,1.088803102,1.109999609,1.048192271,0.944676843
98.34,0.928695445,0.965060351,1.087104505,1.104925935,1.048278394,0.946830031
98.36,0.931719258,0.976931041,1.094812126,1.100023983,1.04002475,0.942297123
98.38,0.9279925,0.980771314,1.101985883,1.094316927,1.03105897,0.937568098
98.4,0.931457451,0.983707385,1.109424586,1.0976866,1.030144461,0.933300245
98.42,0.928125171,0.987712003,1.116225729,1.091248964,1.021421081,0.928906288
98.44,0.931965542,0.990812726,1.12326192,1.093901751,1.020738275,0.924982145
98.46,0.928987731,0.994949593,1.129618459,1.086817235,1.012321295,0.920964471
98.48,0.933217091,0.998171641,1.136130353,1.088796895,1.011927993,0.917420169
98.5,0.930601312,1.002390881,1.141930682,1.081127056,1.003874276,0.913815617
98.52,0.935234631,1.005683393,1.147801734,1.082491842,1.00382178,0.9106838
98.54,0.932987485,1.009926452,1.152940352,1.074310509,0.996180689,0.907525925
98.56,0.938038749,1.013230032,1.158062361,1.075130118,0.996513972,0.904836555
98.58,0.936165682,1.017428901,1.162443018,1.066520062,0.989327742,0.902156436
98.6,0.941647648,1.020674907,1.166719398,1.066418761,0.990085905,0.899937561
98.62,0.940152631,1.02475148,1.170711704,1.066701071,0.983386064,0.898067466
98.64,0.946076447,1.027861481,1.164823464,1.066092635,0.984342323,0.896599969
98.66,0.94526361,1.031731387,1.168074121,1.056233832,0.9775962,0.895230721
98.68,0.951877003,1.034577509,1.171086599,1.055224029,0.978445571,0.894278209
98.7,0.951705266,1.038097999,1.173783256,1.045041415,0.971673273,0.893451935
98.72,0.959006678,1.040632969,1.17624013,1.043736618,0.972501632,0.893023328
98.74,0.95946781,1.043750843,1.178350074,1.042978201,0.965785118,0.892750364
98.76,0.967457197,1.045875418,1.170524784,1.041333186,0.966719135,0.892855702
98.78,0.968542906,1.056739115,1.17216537,1.040228106,0.960177392,0.893147893
98.8,0.968957972,1.058641111,1.163907693,1.038273261,0.961284587,0.89379921
98.82,0.970352417,1.069188063,1.165086696,1.027322366,0.954978354,0.894629143
98.84,0.971086231,1.070702659,1.165956996,1.025279411,0.956271274,0.895795841
98.86,0.972784745,1.080825394,1.166466426,1.01438067,0.950207597,0.897174169
98.88,0.973807941,1.081894789,1.166641206,1.012383199,0.951742353,0.898868876
98.9,0.97577654,1.091530663,1.166471368,1.001623432,0.945970958,0.900809927
98.92,0.977053905,1.09204438,1.165950022,0.999749271,0.947798295,0.903047225
98.94,0.979251947,1.101079641,1.165110102,0.989207154,0.942363321,0.905567317
98.96,0.980741216,1.100927275,1.163400622,0.987526675,0.944529345,0.908363836
98.98,0.983119615,1.109759098,1.161411584,0.97726709,0.939470326,0.911481325
99,0.984769941,1.109333578,1.158519381,0.975835673,0.942017427,0.91485575
99.02,0.994227857,1.117880214,1.155452869,0.965914634,0.937370196,0.911637759
99.04,0.996261816,1.117086701,1.151462479,0.964782309,0.940337934,0.915369326
99.06,1.006048982,1.125248995,1.147407711,0.955247184,0.936100699,0.912525543
99.08,1.008339171,1.123964246,1.142423144,0.954456619,0.939489422,0.916662602
99.1,1.018396849,1.131610509,1.137485694,0.945346489,0.935689706,0.914194846
99.12,1.020877315,1.129715263,1.131625984,0.944933245,0.931673742,0.918746357
99.14,1.031137584,1.136721062,1.125923453,0.94413994,0.928444377,0.916615421
99.16,1.033731561,1.134106295,1.119318105,0.943989519,0.925077529,0.921549615
99.18,1.044114073,1.140358942,1.11301499,0.943126887,0.922474386,0.919754471
99.2,1.046732502,1.136930157,1.106229799,0.942922626,0.919769813,0.925076988
99.22,1.057143519,1.142333239,1.099801759,0.942054884,0.917803245,0.923613462
99.24,1.0596847,1.138018644,1.092942955,0.941878892,0.915775324,0.929595732
99.26,1.07001673,1.1425013,1.08646854,0.94108824,0.914189654,0.928704079
99.28,1.072368941,1.13725032,1.079619744,0.941014207,0.912608872,0.935292321
99.3,1.082505062,1.140762253,1.07317658,0.940373328,0.911472531,0.934951823
99.32,1.084543823,1.143433484,1.06641913,0.94046467,0.910363048,0.942134446
99.34,1.085467012,1.145863492,1.060125254,0.940040432,0.909697737,0.942323743
99.36,1.087185908,1.147454032,1.05357851,0.940357043,0.909082462,0.950041765
99.38,1.087754113,1.148745996,1.0475002,0.940211407,0.908909173,0.950692136
99.4,1.089019872,1.149257624,1.04123155,0.940808724,0.908810113,0.958927027
99.42,1.089103991,1.149424891,1.035428071,0.94099906,0.909149158,0.960008974
99.44,1.097415206,1.148881726,1.029497343,0.941928626,0.917474861,0.96109747
99.46,1.097231482,1.147999036,1.023605897,0.934621567,0.918555138,0.969585913
99.48,1.105178614,1.146902144,1.017597374,0.935758603,0.912388034,0.9707735
99.5,1.104591989,1.145495213,1.011648877,0.936618103,0.914250876,0.979315258
99.52,1.112085541,1.143883002,1.00562645,0.937897712,0.908873219,0.980481656
99.54,1.110979971,1.141971038,0.999750222,0.938937673,0.911549501,0.989033841
99.56,1.117898019,1.139869325,0.993845974,0.940417787,0.906943522,0.990124855
99.58,1.116160007,1.137486499,0.988122946,0.941698334,0.910428406,0.998921578
99.6,1.122386664,1.134934695,0.98241947,0.934965977,0.906292049,1.000143013
99.62,1.119914116,1.132128072,0.985388401,0.936659347,0.910273805,1.00907116
99.64,1.125347632,1.129176403,0.979800542,0.930407135,0.906603014,1.010345745
99.66,1.122050059,1.126044923,0.982880345,0.932591961,0.911082328,1.019328754
99.68,1.126600085,1.122364413,0.977485185,0.926846915,0.907866873,1.02057027
99.7,1.122830261,1.11847782,0.9807451,0.929557764,0.912843607,1.029519943
99.72,1.12691083,1.11413382,0.975605548,0.924344917,0.910072015,1.030635014
99.74,1.122605179,1.109604569,0.979107698,0.927615197,0.91554427,1.039457013
99.76,1.126117068,1.104705816,0.974281189,0.922958552,0.921202213,1.040340608
99.78,1.121193826,1.099651313,0.978081486,0.918822251,0.927117278,1.048965969
99.8,1.124053478,1.094311054,0.97361875,0.914833665,0.93317045,1.049541329
99.82,1.118448716,1.08885153,0.97772791,0.911341329,0.939493334,1.057848338
99.84,1.120591738,1.083183652,0.973634959,0.908030764,0.945946062,1.057987279
99.86,1.11426191,1.077438107,0.969528418,0.905191342,0.952677008,1.065842983
99.88,1.115644933,1.08012551,0.965962734,0.902527363,0.959806734,1.073453738
99.9,1.108568273,1.074050056,0.962490406,0.900031043,0.959143848,1.080696195
99.92,1.109253374,1.067870855,0.959524765,0.897781289,0.966941306,1.087635134
99.94,1.110033633,1.061694815,0.956670464,0.895667932,0.966867621,1.094083365
99.96,1.109863223,1.055521071,0.954283915,0.893812256,0.975310123,1.10025765
99.98,1.109757088,1.049403303,0.952074052,0.892099306,0.975791646,1.105808752
100,1.108743828,1.043349766,0.950289148,0.899185526,0.984851034,1.111438952
100.02,1.107306207,1.037391839,0.9402186,0.898126215,0.985529763,1.116798536
100.04,1.105004225,1.031555,0.938861753,0.897292434,0.994836645,1.122214898
100.06,1.102250841,1.025796276,0.937834476,0.896882971,0.99564353,1.12728169
100.08,1.098749391,1.020214339,0.936856621,0.896782433,1.005109614,1.132331855
100.1,1.102746438,1.014367524,0.936251357,0.897060138,1.005984588,1.128983477
100.12,1.098483696,1.008749457,0.935686533,0.897687689,1.015550218,1.133627494
100.14,1.101720046,1.002937995,0.935538056,0.898649747,1.016380546,1.129787492
100.16,1.096740662,0.997398226,0.935418328,0.900003559,1.025932163,1.133902859
100.18,1.099272504,0.991720904,0.935761384,0.901649974,1.026631723,1.12945908
100.2,1.093651306,0.986358572,0.936117441,0.903730502,1.036080603,1.132931676
100.22,1.095549686,0.980901657,0.936985727,0.906063436,1.036930539,1.127785616
100.24,1.089373659,0.975803061,0.937847895,0.90849044,1.046494107,1.130520279
100.26,1.090720717,0.970640827,0.939275082,0.911194782,1.04736268,1.12459673
100.28,1.084085032,0.965880173,0.94067027,0.913987414,1.056924875,1.126516837
100.3,1.084970129,0.961075827,0.942685274,0.917058862,1.057689701,1.119759558
100.32,1.077974182,0.956716295,0.944642115,0.92890361,1.067123805,1.120810467
100.34,1.07070491,0.952323112,0.938582568,0.932285038,1.067694847,1.120971946
100.36,1.063548348,0.948379704,0.941222754,0.944464998,1.0769056,1.120984859
100.38,1.056218765,0.944361607,0.935824515,0.94811189,1.086148125,1.12005664
100.4,1.049046017,0.940839922,0.939164924,0.951662258,1.094968965,1.119063082
100.42,1.041760976,0.937239023,0.934436165,0.955665721,1.103744146,1.117091002
100.44,1.034259772,0.934181792,0.938452308,0.959879655,1.111976094,1.115513092
100.46,1.026648631,0.931030099,0.934048415,0.964499479,1.120138686,1.121561594
100.48,1.018912796,0.928468123,0.938485366,0.96927944,1.11905689,1.119353347
100.5,1.011161908,0.925789135,0.934496558,0.974479635,1.126580955,1.12469394
100.52,1.003363178,0.923746234,0.939384172,0.979750363,1.124754904,1.121807156
100.54,0.995601,0.914059557,0.935828404,0.98544864,1.131506158,1.117928117
100.56,0.995356697,0.912657067,0.941158189,0.991172404,1.137312914,1.114029612
100.58,0.987521173,0.903672578,0.938015555,0.997321743,1.143466513,1.117691777
100.6,0.987199178,0.902960098,0.943817408,1.003494203,1.140069401,1.112791503
100.62,0.979441126,0.894680743,0.941106103,1.010083028,1.145643787,1.115423398
100.64,0.97918579,0.894668266,0.947409708,1.016608949,1.14153177,1.109559549
100.66,0.97160047,0.887096766,0.945147618,1.0235276,1.146380368,1.111241631
100.68,0.971499944,0.887794883,0.951982066,1.030339887,1.141419735,1.104515031
100.7,0.964169122,0.880934387,0.95018582,1.037506281,1.145405377,1.105345003
100.72,0.964299592,0.882355077,0.957579226,1.044522018,1.139476198,1.097870512
100.74,0.957292565,0.876210118,0.956607282,1.051836133,1.142477374,1.097958432
100.76,0.957719188,0.87802469,0.964838109,1.058958042,1.145399923,1.089859821
100.78,0.951093976,0.872354228,0.964645262,1.056384227,1.147274565,1.089372406
100.8,0.951868453,0.874640533,0.9737269,1.063586096,1.149043236,1.080825631
100.82,0.945668417,0.869464057,0.974267717,1.061367745,1.149657202,1.079880732
100.84,0.946835263,0.872250454,0.983716483,1.068911465,1.150209176,1.071010093
100.86,0.941097837,0.867586155,0.984613161,1.066905676,1.149512492,1.069723322
100.88,0.942694771,0.870895362,0.994454449,1.074656013,1.148811587,1.060648185
100.9,0.937450691,0.866754314,0.995701255,1.082462012,1.146781744,1.059129781
100.92,0.932698307,0.8706097,0.996199014,1.09020774,1.144869668,1.05677324
100.94,0.927748633,0.866971705,0.997897911,1.097894688,1.141563341,1.055316293
100.96,0.923364244,0.871312895,0.998826508,1.105437202,1.138495171,1.053088877
100.98,0.91880176,0.868142639,1.000949876,1.112860514,1.133986663,1.043311341
101,0.914845166,0.872996035,1.002280209,1.120038949,1.138252103,1.040975507
101.02,0.910675871,0.870310393,1.004793192,1.127044094,1.132861226,1.03122535
101.04,0.907153507,0.87570375,1.006489231,1.133732506,1.136239213,1.028935482
101.06,0.903420454,0.873520617,1.009348464,1.140202699,1.129999866,1.019324367
101.08,0.900377088,0.879483363,1.011365679,1.146227715,1.132522971,1.017181314
101.1,0.897119033,0.87782235,1.014517745,1.151999403,1.125494995,1.007809061
101.12,0.894595349,0.884386063,1.016801127,1.157186818,1.127220237,1.005902611
101.14,0.891847756,0.883268666,1.02017993,1.162097902,1.119485315,0.9968564
101.16,0.889881624,0.89046724,1.022661594,1.16627844,1.120490138,0.995264864
101.18,0.887677873,0.890244659,1.026186005,1.170174014,1.112147055,0.986619234
101.2,0.885977836,0.898362192,1.0291688,1.173189589,1.112524426,0.985409713
101.22,0.884106055,0.898622295,1.033124488,1.175932059,1.103683707,0.977223669
101.24,0.882764475,0.907307279,1.03646917,1.177648343,1.103536823,0.976447987
101.26,0.881265991,0.908110415,1.049746431,1.179119338,1.094315268,0.968770225
101.28,0.880323672,0.908387343,1.053316633,1.179469096,1.093752286,0.968473022
101.3,0.879236297,0.90982025,1.066808681,1.179620078,1.084267968,0.961342794
101.32,0.878688077,0.910695656,1.070453648,1.178519267,1.083397645,0.961560926
101.34,0.878003057,0.91275266,1.084048465,1.177285469,1.073765366,0.955009313
101.36,0.877887638,0.914220508,1.087645238,1.174683149,1.072692527,0.955772858
101.38,0.877639877,0.916895214,1.101211056,1.172032596,1.062544208,0.949824333
101.4,0.877994346,0.918948874,1.104618087,1.168389613,1.060892225,0.950860245
101.42,0.878217774,0.922233403,1.118003052,1.164794901,1.050609938,0.945231328
101.44,0.879075606,0.924864375,1.121064808,1.170998443,1.048825285,0.946607505
101.46,0.880077957,0.928747872,1.123246702,1.166370165,1.038565908,0.941076283
101.48,0.881723534,0.93194722,1.125912183,1.17145993,1.036800991,0.935368585
101.5,0.883468734,0.936364297,1.127661445,1.165734353,1.033894363,0.930146452
101.52,0.88587672,0.9400637,1.12976257,1.169701648,1.032105524,0.924820015
101.54,0.888343708,0.952675281,1.130917139,1.162935227,1.029249074,0.920000588
101.56,0.883854632,0.957140427,1.132314766,1.165834677,1.027521217,0.915111246
101.58,0.886816858,0.962791641,1.132747913,1.158072817,1.024801755,0.910703975
101.6,0.890586732,0.96795543,1.143234107,1.159948524,1.023211214,0.906258633
101.62,0.894032142,0.964369911,1.143184701,1.151310634,1.020705479,0.90233915
101.64,0.898320292,0.9698364,1.14301542,1.152283498,1.019319002,0.898415071
101.66,0.902228627,0.984349896,1.142320464,1.142815329,1.017094158,0.895015721
101.68,0.899199465,0.989936104,1.151578048,1.142925024,1.007022119,0.891646048
101.7,0.903718365,0.994457638,1.150142721,1.141734518,1.005294692,0.888712082
101.72,0.901263,1.000152876,1.158537574,1.140931678,0.995865884,0.885845673
101.74,0.906354735,1.004760516,1.156227393,1.138859011,0.994725065,0.88340809
101.76,0.904425713,1.010485246,1.16367347,1.13726081,0.985566364,0.881077459
101.78,0.910104789,1.015097678,1.160373813,1.134844098,0.984659595,0.879161223
101.8,0.908706494,1.020757427,1.166756593,1.132955713,0.975817185,0.87739153
101.82,0.914988032,1.025278886,1.162377332,1.130305997,0.975228385,0.876021397
101.84,0.914125028,1.030763066,1.167610094,1.117776295,0.96677863,0.874840005
101.86,0.921024106,1.035082076,1.172504103,1.11457988,0.966527291,0.874041536
101.88,0.921013143,1.04026318,1.176858148,1.111993592,0.958480196,0.873164
101.9,0.92877908,1.044307858,1.170465748,1.108233386,0.958675129,0.872732126
101.92,0.929570591,1.049102077,1.174097513,1.105114432,0.951131164,0.872242109
101.94,0.938208066,1.053081903,1.16695301,1.100873203,0.951816409,0.872212313
101.96,0.939401136,1.057691033,1.169795122,1.097348745,0.944814918,0.872439504
101.98,0.948512822,1.061430515,1.161860418,1.092761433,0.945736619,0.873067802
102,0.95013246,1.065699098,1.1638703,1.088955253,0.939087446,0.873988397
102.02,0.959712599,1.069050426,1.155131242,1.084148233,0.94033408,0.87528057
102.04,0.961737809,1.081455538,1.15629295,1.070044086,0.934086802,0.876904985
102.06,0.963132035,1.084235808,1.156933722,1.065304149,0.935659478,0.878872855
102.08,0.965604493,1.095979037,1.157081041,1.051465429,0.929807352,0.881172698
102.1,0.96741805,1.098041851,1.156680313,1.046957863,0.931754327,0.883789592
102.12,0.970293328,1.109012889,1.15584074,1.033493646,0.926336662,0.886784848
102.14,0.972479958,1.110199995,1.154441943,1.029314208,0.928700861,0.890072005
102.16,0.975703668,1.120235548,1.152670561,1.01631489,0.923751955,0.893787091
102.18,0.978206836,1.120391294,1.149761381,1.012542505,0.926572584,0.897770158
102.2,0.98890388,1.129914611,1.146542259,1.000075086,0.92212334,0.895042257
102.22,0.991953038,1.129515455,1.142166283,0.996764998,0.917430082,0.899488461
102.24,1.003151033,1.138462045,1.137637592,0.992887433,0.913591767,0.897210078
102.26,1.006604366,1.137338527,1.131951831,0.989925178,0.909590176,0.902144486
102.28,1.018238016,1.145528117,1.126311855,0.986012943,0.906413932,0.900323338
102.3,1.022019581,1.14351717,1.11998535,0.983023908,0.903112947,0.905763508
102.32,1.034009309,1.15078071,1.113821037,0.979146123,0.900604322,0.904406617
102.34,1.038026963,1.147739816,1.10701428,0.976233447,0.898014001,0.910368932
102.36,1.050274699,1.153933317,1.100439871,0.972491822,0.896182449,0.909481867
102.38,1.054417843,1.149742393,1.093277826,0.969743956,0.894314977,0.915980936
102.4,1.066804916,1.154744938,1.086412687,0.966227404,0.893172545,0.915567064
102.42,1.070942694,1.158719924,1.079022898,0.963721224,0.892043099,0.922886873
102.44,1.073921294,1.162368779,1.072032504,0.960506981,0.891333201,0.923187621
102.46,1.078024537,1.164981427,1.064584957,0.958309236,0.890722405,0.931227849
102.48,1.080907124,1.16716212,1.057580925,0.955461753,0.8905277,0.932186884
102.5,1.084820592,1.168366882,1.050190257,0.953626147,0.890462757,0.940950201
102.52,1.08745281,1.169049178,1.043275136,0.951201433,0.890808208,0.942558567
102.54,1.098855511,1.168835635,1.036045293,0.949775933,0.891316513,0.944193102
102.56,1.10143603,1.16806645,1.029310343,0.947822828,0.892228058,0.946109056
102.58,1.10478642,1.166502451,1.022332777,0.946849441,0.893298754,0.955966659
102.6,1.106707438,1.164291397,1.015398672,0.945411133,0.894761241,0.95851934
102.62,1.117334073,1.161853461,1.008222617,0.936101081,0.896459095,0.961053613
102.64,1.118863385,1.158840894,1.009999256,0.935349552,0.898497847,0.963833707
102.66,1.128992569,1.155636661,1.002580936,0.926802607,0.900773895,0.966598121
102.68,1.129910792,1.151906081,1.004122656,0.926802585,0.903379097,0.977108733
102.7,1.139361772,1.148025752,0.996599885,0.919029718,0.898713428,0.980016724
102.72,1.139536986,1.143635709,0.998034133,0.919798823,0.901979989,0.990967636
102.74,1.148172176,1.139145298,0.99053104,0.91277191,0.897622656,0.994175844
102.76,1.147444367,1.134174772,0.991972097,0.914291153,0.901602451,1.005444918
102.78,1.155101539,1.129157216,0.984597822,0.907732397,0.897879325,1.008880961
102.8,1.153323049,1.123700236,0.986146147,0.909763986,0.902518636,1.020397942
102.82,1.159853664,1.118250154,0.978991925,0.903754868,0.899419018,1.023976354
102.84,1.156895944,1.112410322,0.980730444,0.906331388,0.904722687,1.035652625
102.86,1.162173222,1.10662875,0.973874132,0.900893346,0.902239657,1.03927132
102.88,1.157932686,1.100513796,0.975875657,0.904046133,0.908214017,1.050999809
102.9,1.161857231,1.094018627,0.969382711,0.89919978,0.906341835,1.054538475
102.92,1.156744831,1.087163234,0.962709586,0.902960154,0.912993843,1.066192226
102.94,1.159816983,1.089048125,0.956759512,0.898681751,0.911726947,1.069515728
102.96,1.153791686,1.081445981,0.950737745,0.903038308,0.919062882,1.080953992
102.98,1.155958005,1.08259307,0.945410211,0.899352715,0.918394235,1.083907485
103,1.15748169,1.074417719,0.940071803,0.904342611,0.926418419,1.086478897
103.02,1.158595157,1.075032675,0.935390936,0.901276703,0.926338495,1.089007616
103.04,1.159036994,1.066493288,0.930760041,0.906939654,0.935009283,1.091119485
103.06,1.159003945,1.066730239,0.926743934,0.904522917,0.935462387,1.101792938
103.08,1.158332212,1.057981749,0.92283905,0.910901837,0.936030507,1.103604465
103.1,1.157181416,1.05798353,0.919501322,0.909166722,0.94547827,1.113889293
103.12,1.155442939,1.049166911,0.916337076,0.907495337,0.946495671,1.115242492
103.14,1.153192641,1.049062986,0.913688661,0.906258683,0.956388304,1.125019606
103.16,1.15042017,1.040303215,0.91123197,0.905084043,0.957775707,1.125752472
103.18,1.147119241,1.031505902,0.90923617,0.904364551,0.968084796,1.134853989
103.2,1.15207493,1.023042133,0.907453615,0.903702978,0.969799607,1.134803547
103.22,1.147623741,1.014654669,0.906076326,0.903518622,0.980486913,1.143106068
103.24,1.15138647,1.006623253,0.904981685,0.903386326,0.982476298,1.142156184
103.26,1.145880978,0.998732379,0.904235251,0.903755025,0.993491697,1.14949596
103.28,1.148082494,0.990778243,0.903843877,0.904168688,0.995690695,1.147960089
103.3,1.141518054,0.98296973,0.903738428,0.905108585,1.006969719,1.154728395
103.32,1.142730856,0.975172109,0.904061911,0.906403491,1.009302641,1.152487858
103.34,1.135248123,0.967566783,0.8962742,0.908217781,1.020773816,1.15851425
103.36,1.135572025,0.968045679,0.897169299,0.910289461,1.02315271,1.15541248
103.38,1.127294037,0.960580372,0.890031837,0.91294272,1.034722037,1.160537296
103.4,1.126886642,0.961185446,0.891559242,0.915801654,1.037433572,1.156435217
103.42,1.117988625,0.953956437,0.885079904,0.918909236,1.049308838,1.160523249
103.44,1.116976687,0.95477818,0.887259565,0.922250029,1.052200561,1.155312508
103.46,1.107599853,0.947866546,0.881443254,0.925849538,1.064252507,1.15825522
103.48,1.106115644,0.948981634,0.884291016,0.929676513,1.067185436,1.151855776
103.5,1.096402315,0.942454666,0.879145156,0.933769112,1.079267177,1.153577074
103.52,1.094577747,0.94392777,0.88268166,0.938083032,1.082083872,1.155049333
103.54,1.08466581,0.937840941,0.878216521,0.942665151,1.084923244,1.155455317
103.56,1.082673025,0.939726678,0.882465799,0.947461851,1.087547899,1.155611851
103.58,1.072735544,0.934125908,0.878695146,0.952478098,1.090139368,1.154639411
103.6,1.070689363,0.936471202,0.883685288,0.957701689,1.101846009,1.153481702
103.62,1.060840253,0.931394785,0.880626752,0.953686119,1.10397153,1.151197211
103.64,1.058843284,0.934240213,0.886390095,0.959412825,1.115146768,1.148806714
103.66,1.04918245,0.929720416,0.884018844,0.956172108,1.116586081,1.145262615
103.68,1.039469548,0.925410603,0.890139407,0.962684384,1.127053972,1.149558864
103.7,1.037461661,0.921542358,0.888131998,0.960124945,1.127633761,1.145110553
103.72,1.027613256,0.917967278,0.894658483,0.967376802,1.137251309,1.148570859
103.74,1.025485378,0.914794302,0.893046555,0.965440845,1.136836439,1.143341876
103.76,1.015655224,0.911963931,0.900022863,0.973381477,1.145425374,1.145999117
103.78,1.013547288,0.909493577,0.89883678,0.981259151,1.143843977,1.140047963
103.8,1.003868267,0.907417494,0.897050317,0.989766081,1.151275722,1.141958556
103.82,1.001902021,0.905657514,0.896426813,0.998112304,1.148411803,1.135364116
103.84,0.992487608,0.904300386,0.895187369,1.007079628,1.154523757,1.136603607
103.86,0.990766865,0.90321516,0.895138978,1.015833746,1.150231776,1.128966929
103.88,0.981711678,0.902591131,0.894456905,1.025184273,1.155373771,1.129118263
103.9,0.980318399,0.902193923,0.894995704,1.034267138,1.150033723,1.12051224
103.92,0.971693179,0.902319765,0.89488141,1.043906867,1.154117531,1.119722491
103.94,0.970694621,0.902626847,0.896019024,1.053224292,1.147590766,1.110310149
103.96,0.96255773,0.903522895,0.896482457,1.063034268,1.150476976,1.108734603
103.98,0.96200857,0.904554449,0.898229409,1.072464742,1.153325882,1.098684618
104,0.954405981,0.906245543,0.899615514,1.071625895,1.154867582,1.096534978
104.02,0.954350416,0.907690308,0.902292372,1.081116258,1.156351593,1.086066731
104.04,0.947318201,0.909898185,0.904488518,1.080604364,1.15640889,1.083496498
104.06,0.947788922,0.911854122,0.907561754,1.09040179,1.156468601,1.072767649
104.08,0.941350015,0.914618157,0.91017237,1.090039759,1.155001113,1.069921705
104.1,0.93535856,0.917116423,0.92199976,1.099979872,1.15361433,1.066093149
104.12,0.929293139,0.91208891,0.924965321,1.09964084,1.150620114,1.063308356
104.14,0.923749118,0.915209893,0.937169966,1.109585893,1.147838866,1.059621214
104.16,0.918106996,0.910778952,0.94044004,1.109085982,1.143395056,1.05697423
104.18,0.913027349,0.914540382,0.953020125,1.118840588,1.139277793,1.053506632
104.2,0.907857067,0.910714121,0.956577029,1.117984109,1.133464184,1.042268404
104.22,0.903290835,0.915136405,0.969519487,1.127341321,1.136900152,1.038766524
104.24,0.898587892,0.911925862,0.973333801,1.125925046,1.130107481,1.027646265
104.26,0.894531084,0.917032501,0.986611974,1.134717045,1.132567062,1.024281059
104.28,0.890330415,0.91445134,0.990640084,1.143091456,1.124870117,1.01340232
104.3,0.886819952,0.920269099,0.993702731,1.151044436,1.126477427,1.010284049
104.32,0.883152952,0.918334163,0.997998635,1.158492358,1.118030231,0.999753634
104.34,0.880222504,0.924841325,1.001301912,1.165347368,1.118880227,0.996977449
104.36,0.87711816,0.9235212,1.005788286,1.171680403,1.109804033,0.986885387
104.38,0.87479927,0.930752857,1.009632689,1.177243991,1.110009706,0.984531181
104.4,0.872284928,0.930025158,1.014582187,1.182292863,1.100438937,0.974951348
104.42,0.870274421,0.937894787,1.018821221,1.186398265,1.100124345,0.973084895
104.44,0.868137074,0.937774656,1.024134021,1.190016463,1.090199183,0.964072918
104.46,0.866527041,0.946296278,1.028668966,1.192523262,1.089492433,0.96274253
104.48,0.864802006,0.946787168,1.034228568,1.194594265,1.079351907,0.95434198
104.5,0.863629567,0.955977453,1.038943749,1.195397386,1.078378844,0.953587496
104.52,0.862349381,0.957083333,1.04461479,1.195840419,1.068155031,0.945831427
104.54,0.861649195,0.966958649,1.049376009,1.194875308,1.067034208,0.945684197
104.56,0.860844738,0.968682856,1.06448076,1.193649364,1.056847863,0.93859722
104.58,0.860650096,0.96978024,1.069114896,1.190943177,1.055686893,0.939082039
104.6,0.860642554,0.972190922,1.084063215,1.188096435,1.045129944,0.932391347
104.62,0.861198835,0.973938248,1.088360311,1.184187426,1.043511613,0.933266862
104.64,0.861896051,0.977026906,1.102977189,1.180268906,1.032666702,0.927056268
104.66,0.863209646,0.979412947,1.106760882,1.175226746,1.030746118,0.920621874
104.68,0.864621624,0.983164771,1.120858662,1.170240882,1.027507087,0.914722384
104.7,0.866666283,0.98617372,1.123935595,1.164089381,1.025581903,0.908672021
104.72,0.868767997,0.990567557,1.137307548,1.158115808,1.022424945,0.903180928
104.74,0.871563353,0.994176439,1.139471354,1.150955203,1.020585549,0.897571213
104.76,0.874376365,0.999182191,1.151899232,1.144065787,1.017602647,0.892536183
104.78,0.877948852,1.003707299,1.15293668,1.135987553,1.015928954,0.887414865
104.8,0.881152506,1.009605969,1.164201165,1.128280991,1.013200212,0.882876162
104.82,0.885216241,1.014941028,1.163904624,1.119402045,1.002231318,0.878280272
104.84,0.888908317,1.021679534,1.173789174,1.120527407,0.999999461,0.874220099
104.86,0.893497232,1.027772867,1.182568909,1.110761012,0.989687687,0.870136223
104.88,0.897709441,1.024675779,1.191421934,1.111010246,0.988054582,0.866585451
104.9,0.902857574,1.031009149,1.188446353,1.100563593,0.978445364,0.863045959
104.92,0.907569383,1.038694929,1.196095494,1.100032113,0.97744996,0.860032779
104.94,0.913253725,1.04506802,1.191931955,1.08901456,0.9685747,0.857067236
104.96,0.918544128,1.060942771,1.198290462,1.087291681,0.968244116,0.854617591
104.98,0.916610472,1.067213228,1.204153309,1.075177539,0.959694601,0.852254214
105,0.922569412,1.072228479,1.209785038,1.072872847,0.959654007,0.850348727
105.02,0.921232767,1.078338851,1.214806665,1.071259447,0.951469282,0.848569411
105.04,0.927820909,1.083172024,1.208576518,1.06839637,0.951844661,0.847231649
105.06,0.927354999,1.088989228,1.212844398,1.066246153,0.944140725,0.846053184
105.08,0.93482292,1.093455139,1.205830424,1.062899444,0.944673903,0.845320704
105.1,0.935173064,1.098778132,1.209263406,1.049522287,0.937255392,0.844777566
105.12,0.943530546,1.102730948,1.21222523,1.045991868,0.93799364,0.844655298
105.14,0.944696204,1.107395019,1.214541057,1.032637463,0.930874007,0.844756486
105.16,0.953954737,1.111155599,1.216318457,1.029113509,0.93188512,0.845253868
105.18,0.955508101,1.11547538,1.21748094,1.015918686,0.925122301,0.846011597
105.2,0.9652416,1.118842219,1.218055352,1.012521315,0.926464446,0.847137323
105.22,0.967207972,1.122641147,1.218063352,0.999605615,0.920106871,0.848561036
105.24,0.977403908,1.12544848,1.217449833,0.99643882,0.921830186,0.850327901
105.26,0.979756154,1.128547724,1.216335037,0.983903111,0.915918618,0.852433509
105.28,0.990392272,1.130627074,1.214581792,0.981053981,0.90959773,0.854858499
105.3,0.993093072,1.141943424,1.212405189,0.977449589,0.904300557,0.857624249
105.32,0.995039257,1.143103425,1.209014009,0.974812823,0.898679058,0.860687466
105.34,0.998108617,1.154007226,1.205321986,0.97149536,0.894056621,0.864094902
105.36,1.000391365,1.154665481,1.200382202,0.969132651,0.88915151,0.867779533
105.38,1.00376767,1.165045213,1.195315715,0.966165401,0.885217096,0.871860756
105.4,1.006325181,1.165016579,1.188988793,0.964128876,0.881042461,0.876199712
105.42,1.017377917,1.17467605,1.182710813,0.961087818,0.877807729,0.873544188
105.44,1.020457538,1.173815915,1.175655269,0.958981255,0.874372231,0.878284222
105.46,1.024477996,1.182605723,1.168778828,0.955932115,0.871804951,0.883548786
105.48,1.027943095,1.180715398,1.161165138,0.953858633,0.869078108,0.888694809
105.5,1.03991083,1.188430878,1.153811092,0.95090317,0.867220646,0.8868255
105.52,1.043668305,1.185402716,1.145772395,0.948950753,0.865248685,0.892470927
105.54,1.05591492,1.191933454,1.138068414,0.946177901,0.864071143,0.89104335
105.56,1.059816263,1.18764708,1.129742332,0.944423334,0.862828271,0.897483749
105.58,1.072223839,1.192872555,1.121817153,0.941910306,0.862062107,0.896745535
105.6,1.076141712,1.187239126,1.113339454,0.94041963,0.861321899,0.903922296
105.62,1.088574724,1.191073106,1.105317453,0.938230077,0.86105494,0.903864669
105.64,1.092360123,1.184040667,1.096817005,0.937055932,0.860843473,0.91178243
105.66,1.104658279,1.186435654,1.088813953,0.935245108,0.861099518,0.912398601
105.68,1.108140541,1.187828204,1.080408809,0.934434509,0.86144305,0.921061199
105.7,1.110285024,1.188688609,1.072577145,0.933050488,0.862246686,0.922342926
105.72,1.113410841,1.188590694,1.064418899,0.923431588,0.863172449,0.931702737
105.74,1.115142723,1.187882943,1.066059136,0.922668341,0.864503675,0.933589987
105.76,1.117723319,1.186328373,1.058036886,0.913763941,0.865995457,0.943644269
105.78,1.118858795,1.184152043,1.05925949,0.913694307,0.867884418,0.946120124
105.8,1.129034774,1.181730052,1.050909971,0.905516507,0.869975405,0.948516842
105.82,1.129811501,1.178754083,1.051822047,0.906155332,0.872454609,0.9511671
105.84,1.139516568,1.175570252,1.043297424,0.898713377,0.875138319,0.953752349
105.86,1.139710933,1.171834612,1.044036968,0.900076834,0.878197017,0.956533841
105.88,1.148766249,1.167936487,1.035472859,0.893378914,0.881505302,0.959245101
105.9,1.148210309,1.163502517,1.036164194,0.895483222,0.885475567,0.970295996
105.92,1.156442162,1.158958442,1.027680652,0.889239644,0.881495957,0.973312133
105.94,1.155017526,1.153907221,1.028433736,0.891841878,0.886124327,0.98465121
105.96,1.16230558,1.148802101,1.020131826,0.886101298,0.882774726,0.987861774
105.98,1.159866607,1.143229815,1.021037709,0.889192773,0.888066308,0.999419625
106,1.166063976,1.137660058,1.013003616,0.883976696,0.885339495,1.002741371
106.02,1.162483507,1.131672106,1.004636277,0.887588764,0.891301372,1.014432163
106.04,1.167464483,1.135245486,0.99707962,0.882870322,0.88919234,1.017765466
106.06,1.16263965,1.128765779,0.98930484,0.88698767,0.895833074,1.029485148
106.08,1.166352941,1.131280553,0.982328716,0.882789989,0.894337757,1.032712446
106.1,1.160763676,1.123825683,0.975193527,0.887447105,0.901666569,1.044337611
106.12,1.163730345,1.125389408,0.968831046,0.883794035,0.900781378,1.047327495
106.14,1.157327729,1.117140812,0.96236982,0.889026518,0.908807369,1.058721736
106.16,1.159443411,1.117923383,0.956646196,0.885943196,0.908528031,1.061323322
106.18,1.152151338,1.109060585,0.95088357,0.891788633,0.917258935,1.072327047
106.2,1.153340563,1.109230628,0.945816084,0.889302293,0.917579064,1.07437018
106.22,1.14511385,1.099927453,0.940769315,0.895801075,0.927019586,1.084804116
106.24,1.145333236,1.099646794,0.93636946,0.893941791,0.928297249,1.08655386
106.26,1.144977986,1.09006643,0.932050573,0.900769468,0.938275235,1.087815357
106.28,1.144130393,1.080261644,0.928325963,0.899293878,0.940044759,1.097915896
106.3,1.151976467,1.07072433,0.924693655,0.906541228,0.941803509,1.098727599
106.32,1.149895981,1.061084872,0.921599883,0.905480144,0.944077217,1.108335979
106.34,1.156456989,1.051774491,0.918661685,0.913148382,0.946303853,1.108544788
106.36,1.153175762,1.042433364,0.916203987,0.912490708,0.949029196,1.117498514
106.38,1.158487012,1.033462954,0.913966971,0.920624355,0.951671616,1.116946753
106.4,1.154069093,1.024529701,0.912150366,0.920401842,0.954787358,1.125083827
106.42,1.158196378,1.015990405,0.91062205,0.929044741,0.957784433,1.1236178
106.44,1.152732373,1.007552333,0.901049557,0.929288508,0.970125882,1.130781982
106.46,1.155274896,1.007918253,0.900372377,0.92953468,0.973351981,1.128793853
106.48,1.14829934,0.999862894,0.89170104,0.930331593,0.985939101,1.13545682
106.5,1.149395162,1.000099719,0.89187041,0.931119315,0.989281039,1.132827934
106.52,1.141552215,0.992010614,0.884040998,0.932487305,1.00204658,1.138818847
106.54,1.141839591,0.992218115,0.885051993,0.934162015,1.005419476,1.135398591
106.56,1.133267617,0.98421785,0.877725378,0.936405811,1.018278404,1.140565175
106.58,1.132852686,0.984508096,0.879296542,0.938890637,1.021990207,1.136219185
106.6,1.12367772,0.976696307,0.872562497,0.941607441,1.035159137,1.140429627
106.62,1.122679036,0.977160611,0.874712561,0.944592304,1.039061425,1.135052144
106.64,1.11303527,0.969621715,0.868574128,0.94782057,1.052421577,1.138199028
106.66,1.111577761,0.970339587,0.871316749,0.951305006,1.056386719,1.131710483
106.68,1.101601509,0.963144024,0.865778795,0.955041392,1.069802758,1.133716674
106.7,1.099810836,0.964182686,0.869131573,0.959022361,1.073685725,1.126070446
106.72,1.089635148,0.957388722,0.864200944,0.963259937,1.087003453,1.126893019
106.74,1.087632865,0.958804912,0.86818383,0.967730626,1.090642267,1.127556307
106.76,1.07738311,0.95246053,0.863869893,0.972457451,1.094211598,1.127126568
106.78,1.075330239,0.954302303,0.86850574,0.977405796,1.097538273,1.126548836
106.8,1.065166646,0.948447295,0.864820845,0.982555921,1.100747648,1.124830835
106.82,1.054846265,0.942684884,0.870135911,0.987915947,1.103591583,1.131356941
106.84,1.053060274,0.93742166,0.867055435,0.99346306,1.106276883,1.128232474
106.86,1.043011844,0.932341607,0.873039632,0.999207451,1.108502334,1.133357724
106.88,1.04097597,0.927732468,0.870584277,1.005113762,1.110536077,1.129404211
106.9,1.030757402,0.923351361,0.877273232,1.011203766,1.121945648,1.133731338
106.92,1.028574147,0.919405998,0.875467739,1.007876033,1.123109482,1.129074224
106.94,1.018341434,0.915737025,0.882460113,1.014702892,1.133572295,1.132673497
106.96,1.016152396,0.912465471,0.880947267,1.011995814,1.133663509,1.127358501
106.98,1.006041485,0.909515774,0.888283181,1.019494733,1.143021045,1.130272418
107,1.003971063,0.906920743,0.88709049,1.017332585,1.141893159,1.124364612
107.02,0.994098964,0.90469756,0.894808866,1.025431355,1.149997353,1.12665414
107.04,0.992253937,0.902784732,0.893961151,1.023728846,1.147518237,1.120233455
107.06,0.982719137,0.901296479,0.902098177,1.032343129,1.154237691,1.121973227
107.08,0.981189465,0.900073244,0.901617576,1.031002762,1.150295617,1.114617658
107.1,0.972073158,0.899330462,0.910206622,1.040033407,1.156033257,1.115373222
107.12,0.970928674,0.898806747,0.91011232,1.038943,1.15105553,1.107153407
107.14,0.962289743,0.898822926,0.91918356,1.048278366,1.155752163,1.107067734
107.16,0.96158725,0.899011898,0.919491235,1.057327846,1.149630576,1.098139573
107.18,0.953474011,0.899804221,0.919058953,1.06678286,1.153226354,1.097359654
107.2,0.953259401,0.900723002,0.919883388,1.075849544,1.145930266,1.087881262
107.22,0.945709463,0.902263457,0.919947681,1.085232939,1.148344757,1.086554915
107.24,0.946019758,0.903884919,0.921283269,1.094176591,1.13982598,1.076680913
107.26,0.939061904,0.90620144,0.92220299,1.103324331,1.141012568,1.074951162
107.28,0.939926745,0.908186828,0.924382732,1.111986805,1.131258977,1.064827778
107.3,0.933582946,0.910972536,0.926076837,1.120718317,1.131207621,1.062828823
107.32,0.927705836,0.913425126,0.929081106,1.128920602,1.131328872,1.059907571
107.34,0.922092853,0.916682073,0.931533227,1.125948304,1.129994529,1.057675153
107.36,0.91703262,0.919601638,0.93534198,1.133620768,1.128899068,1.05458979
107.38,0.912188967,0.923370724,0.938476803,1.130480451,1.126300679,1.043550483
107.4,0.907947319,0.926795531,0.951319393,1.137938837,1.132733231,1.040569676
107.42,0.903828915,0.922242812,0.95457992,1.13450747,1.128751657,1.029833597
107.44,0.900364784,0.926286077,0.967553735,1.14166475,1.133786618,1.027103901
107.46,0.896929085,0.922299631,0.970856504,1.13782011,1.128520571,1.016297871
107.48,0.894203159,0.92697945,0.983925225,1.144503234,1.132722954,1.013446001
107.5,0.891449488,0.923566602,0.987218233,1.140083509,1.126748451,1.002652179
107.52,0.889461685,0.928902433,1.000330071,1.146130521,1.130229554,0.99981355
107.54,0.887391064,0.926071952,1.00354564,1.140990908,1.123622428,0.9891582
107.56,0.886145842,0.932084966,1.016631361,1.146251632,1.126451073,0.986448296
107.58,0.884762054,0.93020976,1.019684482,1.140260577,1.119301929,0.976039025
107.6,0.883904298,0.937185445,1.032659673,1.14460209,1.121560559,0.973556209
107.62,0.882955736,0.936208078,1.035451903,1.137648736,1.113969672,0.963479129
107.64,0.882567174,0.944155744,1.048633051,1.14096065,1.115749401,0.96130054
107.66,0.882077609,0.943655943,1.05146228,1.144113449,1.107821647,0.951626469
107.68,0.882184297,0.95217858,1.053522245,1.146223674,1.09860458,0.949817356
107.7,0.875467167,0.952216025,1.056411499,1.158834604,1.090640254,0.947255765
107.72,0.876181553,0.96123016,1.058483199,1.159430754,1.081529164,0.945692264
107.74,0.870115217,0.961709993,1.061358736,1.170446069,1.073190767,0.94343511
107.76,0.871480958,0.971222079,1.063371584,1.170018696,1.074170013,0.942172968
107.78,0.866065737,0.972137519,1.066091919,1.169551727,1.065392922,0.940324482
107.8,0.868093777,0.982150439,1.067915227,1.168301282,1.065885148,0.939460825
107.82,0.863332604,0.983490455,1.070283957,1.167021845,1.056762348,0.93806346
107.84,0.866037079,0.994001384,1.071726847,1.164910091,1.056902275,0.937634242
107.86,0.861935932,0.995748669,1.083639895,1.16279469,1.04757246,0.936723779
107.88,0.86533407,0.996698634,1.084533554,1.159859808,1.037205643,0.92905494
107.9,0.861902071,0.998902582,1.095828759,1.167239765,1.035671546,0.928736969
107.92,0.865925951,1.000274755,1.095980588,1.163271758,1.025356618,0.921747615
107.94,0.863088357,1.002894089,1.106561031,1.16960189,1.023850355,0.922081416
107.96,0.867764985,1.004645504,1.105877126,1.164667203,1.013716463,0.915783429
107.98,0.86554048,1.007629098,1.115589979,1.169973424,1.012354132,0.916786016
108,0.870900473,1.010089316,1.11392518,1.164125532,1.002510943,0.911189389
108.02,0.86892925,1.013734725,1.122624626,1.168459231,1.001390544,0.912876964
108.04,0.874650818,1.016776841,1.119845919,1.16177355,0.99192848,0.907987085
108.06,0.873022819,1.021010757,1.127393719,1.16465943,0.991130872,0.910370253
108.08,0.87913818,1.024565074,1.123924568,1.156578311,0.982117533,0.906193521
108.1,0.877873016,1.029306112,1.130840427,1.158098055,0.981700292,0.909286683
108.12,0.884411592,1.033297029,1.126576586,1.148776508,0.973187645,0.905831156
108.14,0.883526167,1.038458609,1.132705116,1.149078797,0.973197986,0.909651096
108.16,0.89051452,1.042796975,1.127510043,1.138685747,0.965225043,0.90692735
108.18,0.896881505,1.048273928,1.132708885,1.1379332,0.965699387,0.904635364
108.2,0.904287424,1.052888591,1.1264636,1.126647057,0.958294506,0.902746879
108.22,0.911044103,1.067248078,1.130610264,1.125009413,0.959226587,0.901239156
108.24,0.910537887,1.071991744,1.13446803,1.113011321,0.951958135,0.899861161
108.26,0.911073097,1.075276708,1.137425472,1.111133513,0.953005955,0.905805364
108.28,0.911282382,1.080082807,1.140072425,1.099016042,0.945927128,0.904876442
108.3,0.919518006,1.083365204,1.141706522,1.09701789,0.947195926,0.904313979
108.32,0.92036266,1.088135832,1.143085767,1.084891711,0.940404154,0.903941398
108.34,0.929271989,1.091319813,1.143349789,1.082870296,0.941919066,0.903919858
108.36,0.930714275,1.095904934,1.143432554,1.070839097,0.935433646,0.904118775
108.38,0.940303098,1.098844132,1.142312896,1.068884471,0.937248584,0.897469042
108.4,0.942338125,1.103078275,1.141101776,1.05704174,0.938300112,0.898324805
108.42,0.952572156,1.105612792,1.138618446,1.055234765,0.931422308,0.89953141
108.44,0.955154848,1.10931732,1.136147213,1.052633918,0.925721836,0.900976914
108.46,0.966067423,1.111768472,1.132352723,1.05089799,0.919472638,0.895520686
108.48,0.968726032,1.115286841,1.128734329,1.04840762,0.921583537,0.897604853
108.5,0.97974179,1.117468483,1.123761784,1.046778227,0.915888215,0.90000093
108.52,0.982426048,1.120622378,1.119087177,1.044507566,0.911333758,0.902707182
108.54,0.993542009,1.122372612,1.113045867,1.03278194,0.906319226,0.905672132
108.56,0.996234126,1.124989337,1.117728408,1.03039244,0.90236698,0.908986784
108.58,1.007394921,1.12615146,1.111060526,1.028921904,0.897994367,0.912543636
108.6,1.010024947,1.128118458,1.104890712,1.026900992,0.894704623,0.916491381
108.62,1.021158153,1.128601059,1.097408231,1.015648025,0.891041621,0.920665069
108.64,1.023639611,1.139277022,1.100614228,1.013690982,0.888379152,0.925272869
108.66,1.025480737,1.13885071,1.092766351,1.002612771,0.885386176,0.929707554
108.68,1.028175949,1.148548094,1.09561345,1.000842558,0.883360221,0.934584932
108.7,1.030181362,1.147108005,1.0875169,0.99004,0.881047285,0.93930361
108.72,1.032982033,1.155716784,1.090079343,0.988547099,0.879665125,0.944468776
108.74,1.035047075,1.153173972,1.081824244,0.978104267,0.87804389,0.949784539
108.76,1.04560524,1.160605032,1.084180086,0.976966472,0.877019045,0.947744029
108.78,1.047590166,1.156934394,1.075856469,0.966954154,0.875843805,0.953661386
108.8,1.058025422,1.163163981,1.078084037,0.9662346,0.87522504,0.952169611
108.82,1.059776997,1.15832868,1.069778744,0.956707094,0.874481283,0.95867942
108.84,1.069969747,1.163322399,1.071953558,0.956459192,0.874290798,0.957716544
108.86,1.071363005,1.157314136,1.063747118,0.947462195,0.874002153,0.964807383
108.88,1.081182152,1.161066919,1.065939372,0.947730886,0.874261553,0.964351299
108.9,1.082082368,1.153905901,1.057904167,0.939301705,0.87445111,0.972008466
108.92,1.091387036,1.156441188,1.059653359,0.940125229,0.875181927,0.972033313
108.94,1.091651815,1.148698434,1.051249386,0.93228959,0.875872743,0.980237225
108.96,1.100293881,1.150664366,1.05264507,0.93369364,0.877096842,0.9807117
108.98,1.099780961,1.142374794,1.044010315,0.926472513,0.878312275,0.989436059
109,1.107615828,1.143762899,1.04517655,0.928482441,0.880052142,0.990321524
109.02,1.106181503,1.134942448,1.036436403,0.921893898,0.881816166,0.999531294
109.04,1.11306148,1.135764173,1.037487666,0.924533482,0.884425485,1.000779654
109.06,1.119043006,1.126446975,1.028755732,0.918263676,0.887064983,1.001953832
109.08,1.124779458,1.126774178,1.029795557,0.921257779,0.890485249,1.003598112
109.1,1.129593137,1.117051356,1.021169394,0.915407303,0.893961585,1.005129475
109.12,1.134008669,1.116926891,1.011952321,0.918799572,0.89816101,1.007503414
109.14,1.137532463,1.116595189,1.003657716,0.913348954,0.902083809,1.009657352
109.16,1.141630853,1.115278311,0.994887068,0.917128531,0.906746425,1.012128846
109.18,1.144902043,1.113743455,0.987040638,0.912104969,0.911157803,1.014345938
109.2,1.148688546,1.111354558,0.978780693,0.916305852,0.91629134,1.024984298
109.22,1.151574545,1.108748167,0.971433736,0.911734728,0.913026766,1.027120101
109.24,1.154955332,1.10541967,0.963734529,0.916391281,0.918734468,1.037634793
109.26,1.157376719,1.101888263,0.956925902,0.912255972,0.915988856,1.039559394
109.28,1.160229739,1.097763605,0.949825189,0.917361961,0.922265968,1.049859297
109.3,1.162080258,1.093462168,0.943583067,0.913687047,0.9200225,1.051472819
109.32,1.164300711,1.088689422,0.937108003,0.910149869,0.926862977,1.061454781
109.34,1.165492361,1.083775131,0.940579033,0.907053439,0.92505758,1.062646511
109.36,1.166996417,1.078501555,0.934608991,0.904184369,0.932408091,1.072195888
109.38,1.167462348,1.073174236,0.938531211,0.901722754,0.931021705,1.072844869
109.4,1.168189658,1.067585841,0.933095069,0.899533457,0.938872445,1.081836906
109.42,1.16788623,1.061989051,0.937501737,0.897717451,0.937882188,1.081814098
109.44,1.167236628,1.056215859,0.932623867,0.89622133,0.946218361,1.090681257
109.46,1.165579587,1.050477201,0.937544746,0.895063765,0.945595761,1.090410921
109.48,1.163501607,1.044630163,0.933246062,0.89427644,0.954401321,1.099054109
109.5,1.160514523,1.03886492,0.938708734,0.893792586,0.954539913,1.09838091
109.52,1.157046223,1.033045143,0.935008042,0.902466657,0.964123795,1.106640185
109.54,1.152780607,1.027355153,0.931883322,0.90227167,0.964991404,1.105406821
109.56,1.147991283,1.021650708,0.928913719,0.911235687,0.975361809,1.113114275
109.58,1.14252682,1.01607804,0.926453403,0.911318593,0.976910203,1.120759157
109.6,1.136513752,1.010519549,0.924212676,0.92061826,0.978421551,1.128167339
109.62,1.130004281,1.005141344,0.922413427,0.921011699,0.980221217,1.135390453
109.64,1.122939291,0.999794138,0.920900509,0.930639467,0.98195908,1.142292683
109.66,1.115511035,0.994675241,0.910885604,0.931321308,0.983934098,1.148947446
109.68,1.116533201,0.998038367,0.91023843,0.941268825,0.985823374,1.146192919
109.7,1.108671153,0.992630994,0.901128733,0.942218736,0.997304592,1.152270216
109.72,1.109281714,0.995718364,0.901375167,0.943104258,0.999152463,1.148924473
109.74,1.101063987,0.990144578,0.89314806,0.94445378,1.010570348,1.154366776
109.76,1.101325247,0.993070276,0.894230572,0.946096853,1.012247955,1.15033782
109.78,1.092828769,0.987437319,0.886461295,0.9481749,1.023523728,1.155051739
109.8,1.092809922,0.990303325,0.88805588,0.950481933,1.024944503,1.150263802
109.82,1.084115642,0.984701739,0.880831775,0.953275956,1.035986726,1.154173501
109.84,1.083889369,0.979014454,0.882951098,0.956239399,1.037050473,1.148569995
109.86,1.083657533,0.973631958,0.876230788,0.959740631,1.047755595,1.151619641
109.88,1.074384866,0.968248915,0.878845681,0.963353699,1.048351262,1.153969135
109.9,1.074024789,0.963150132,0.872633193,0.96755328,1.058604399,1.156013196
109.92,1.064787396,0.958092198,0.875759173,0.971808819,1.058655026,1.15729474
109.94,1.064431973,0.953332872,0.870059033,0.976696922,1.068374718,1.15831003
109.96,1.055320301,0.948655798,0.873712263,0.981586532,1.06825609,1.158513047
109.98,1.05505026,0.944282632,0.868530085,0.986644827,1.077750253,1.158507492
110,1.046145645,0.940033104,0.872727948,0.991719889,1.077328566,1.157655148
110.02,1.046033492,0.936085015,0.868065562,0.996931643,1.086465564,1.156660439
110.04,1.037407085,0.932302188,0.872819576,1.002165205,1.08561401,1.154797586
110.06,1.037042655,0.928811717,0.868680744,1.007495428,1.094265114,1.152849588
110.08,1.028220582,0.925524124,0.874006683,1.012851563,1.093350788,1.150000612
110.1,1.027678057,0.922511964,0.870396788,1.018255025,1.101962093,1.147130158
110.12,1.018775967,0.919743669,0.876312106,1.023692425,1.10088518,1.143340182
110.14,1.018162515,0.917229605,0.873238109,1.02911964,1.109312954,1.139599503
110.16,1.009285411,0.915001755,0.879761956,1.034585895,1.107936447,1.134935019
110.18,1.008698129,0.913003444,0.877232385,1.039972241,1.116037408,1.130397454
110.2,0.99993957,0.911335326,0.884385541,1.045402355,1.114227966,1.124945357
110.22,0.999464997,0.909869245,0.88241031,1.050669215,1.121863537,1.119701732
110.24,0.990906952,0.908779232,0.890214966,1.05598453,1.11949582,1.113565119
110.26,0.990621149,0.907861509,0.888805104,1.061561305,1.126536726,1.107719411
110.28,0.982334381,0.907367888,0.896761527,1.067098706,1.133977537,1.101012819
110.3,0.982303461,0.907015039,0.895504117,1.062378254,1.140225128,1.094729748
110.32,0.974348293,0.907131325,0.903662043,1.06817823,1.146802514,1.096958166
110.34,0.974629526,0.907353209,0.902508412,1.06362713,1.142771251,1.090220413
110.36,0.96710323,0.908094771,0.910828489,1.069588109,1.148577493,1.082653366
110.38,0.967790617,0.908905652,0.909777842,1.065052385,1.153038047,1.075651242
110.4,0.960687262,0.91028969,0.918266627,1.071020176,1.157837807,1.06791771
110.42,0.961775275,0.911705682,0.917310832,1.066435146,1.161222524,1.060808842
110.44,0.955130729,0.913751267,0.925966626,1.072342392,1.164970357,1.053021294
110.46,0.956656088,0.915790763,0.925089694,1.067590702,1.167244271,1.045907947
110.48,0.950500688,0.918519721,0.933902602,1.073317347,1.169918333,1.038169996
110.5,0.952495532,0.921203986,0.942324125,1.068278198,1.171071165,1.031144934
110.52,0.946855061,0.915397042,0.95163957,1.073747174,1.172672875,1.023549516
110.54,0.941733238,0.918431348,0.951153347,1.079042352,1.172718819,1.024309521
110.56,0.936683476,0.922253052,0.950212557,1.08401196,1.173325386,1.016800799
110.58,0.932238849,0.925570801,0.95025849,1.088751853,1.172391348,1.017600701
110.6,0.927870948,0.929642216,0.949792399,1.093051476,1.172081994,1.010257885
110.62,0.924157711,0.933221212,0.959671453,1.097128645,1.170220114,1.011171168
110.64,0.920475593,0.928217945,0.959576782,1.10069121,1.169051914,1.003591458
110.66,0.91749911,0.932182611,0.969839879,1.104047775,1.166803162,1.004230611
110.68,0.914454945,0.927520157,0.970022653,1.106762936,1.165294766,0.996482762
110.7,0.912168368,0.931883007,0.980625909,1.109303657,1.162729365,0.996963218
110.72,0.909763513,0.927562759,0.981032457,1.111075592,1.160904647,0.989156647
110.74,0.908170859,0.932333967,0.991923097,1.112713805,1.158053615,0.989580639
110.76,0.906408142,0.928767342,0.992491183,1.113455596,1.155445504,0.981813025
110.78,0.905103217,0.934269734,1.003610726,1.114616805,1.151769421,0.982267274
110.8,0.903677164,0.931391718,1.004274571,1.114830523,1.148425438,0.974613239
110.82,0.902731984,0.937612963,1.015557408,1.115445102,1.144017994,0.975168114
110.84,0.901665537,0.935404616,1.016245319,1.115030799,1.140029076,0.967694967
110.86,0.901104301,0.942337121,1.027613478,1.115010604,1.134992164,0.968414075
110.88,0.900418073,0.940781782,1.028239539,1.11388159,1.130457391,0.961179643
110.9,0.900262804,0.948419386,1.039601874,1.113152468,1.124899671,0.962118274
110.92,0.899975863,0.947501614,1.04006808,1.111238872,1.119922603,0.955171841
110.94,0.900247145,0.955838499,1.051320175,1.109743821,1.113955693,0.956377902
110.96,0.900377624,0.955542957,1.051516662,1.106995581,1.108640892,0.949761248
110.98,0.901095186,0.964572444,1.062541329,1.104697229,1.102375866,0.951276267
111,0.90166078,0.964882653,1.062347237,1.101086246,1.096825799,0.945024739
111.02,0.902843961,0.974595867,1.073015721,1.097968436,1.090370165,0.946884883
111.04,0.903862313,0.975492823,1.0723008,1.105307829,1.084682628,0.941028462
111.06,0.905530424,0.985877167,1.070656659,1.101297727,1.078196445,0.943265527
111.08,0.907019415,0.987337782,1.080043266,1.107672287,1.07251995,0.937830138
111.1,0.909192002,0.987694089,1.07837546,1.102774591,1.066093801,0.940473056
111.12,0.911169953,0.989183274,1.08764329,1.108251814,1.06050821,0.935481487
111.14,0.9138139,0.989588854,1.085779919,1.102504695,1.054223714,0.938556587
111.16,0.916241392,0.991077196,1.094816234,1.107116255,1.048800171,0.934028804
111.18,0.919369654,0.991485622,1.092653607,1.100571492,1.04272927,0.929571531
111.2,0.922261419,0.992919794,1.101350124,1.104365278,1.045518227,0.925642397
111.22,0.925850103,0.993277189,1.098788158,1.09708901,1.03956676,0.921864857
111.24,0.929182122,0.994595376,1.107040595,1.100166015,1.042433359,0.918580878
111.26,0.933249312,0.994839548,1.103985199,1.092274163,1.036666017,0.915489559
111.28,0.937038694,1.004768769,1.111696024,1.094703912,1.039671294,0.912855673
111.3,0.932804486,1.005220316,1.108105719,1.086279687,1.034144563,0.910457086
111.32,0.93672051,1.006441735,1.115234882,1.088139701,1.027682671,0.908434984
111.34,0.941445005,1.006544032,1.110997096,1.088931527,1.022577483,0.90664096
111.36,0.945894794,1.016350714,1.117422619,1.090123125,1.016649318,0.90522879
111.38,0.942204743,1.016522721,1.112565851,1.090268179,1.011601435,0.904095803
111.4,0.946782498,1.026305396,1.118320324,1.091330359,1.005748012,0.903258363
111.42,0.943209638,1.026387332,1.112800169,1.09141473,1.000827299,0.902744521
111.44,0.947948838,1.03606397,1.117839664,1.092394617,0.995137074,0.902484801
111.46,0.944477564,1.035972378,1.111631048,1.092456422,0.990418818,0.902598235
111.48,0.949367936,1.045458148,1.11592719,1.082043322,0.984967424,0.902924167
111.5,0.946385735,1.045105496,1.120365173,1.08226146,0.980460793,0.903266778
111.52,0.951738857,1.0543153,1.123709087,1.072163358,0.975259423,0.903864929
111.54,0.949173656,1.05367415,1.127127429,1.072641989,0.971021285,0.904495868
111.56,0.954957841,1.062574542,1.129515593,1.06290795,0.966125506,0.905385135
111.58,0.952771959,1.061552871,1.131920204,1.063111917,0.962205886,0.906323595
111.6,0.958955633,1.070049403,1.133944434,1.053113408,0.95766051,0.907520958
111.62,0.957108988,1.068554417,1.136026646,1.053097736,0.954094349,0.908784114
111.64,0.96365681,1.076557465,1.137697998,1.054023782,0.949937749,0.910304861
111.66,0.962105622,1.074505979,1.128351164,1.054304919,0.946813091,0.911908047
111.68,0.968977491,1.081927271,1.129288461,1.044555963,0.943137725,0.913766205
111.7,0.967673349,1.079180248,1.130204888,1.044749456,0.940433129,0.915723597
111.72,0.974823432,1.085875169,1.130771642,1.035000621,0.937211534,0.917931732
111.74,0.973712026,1.08240423,1.131364231,1.035215283,0.93494907,0.920255221
111.76,0.981087182,1.088349976,1.131597815,1.025561419,0.932207292,0.922824017
111.78,0.980107612,1.084087443,1.131872905,1.025881382,0.930409664,0.925523586
111.8,0.987647581,1.089213062,1.131785396,1.016405699,0.928171525,0.92846194
111.82,0.99459205,1.084098297,1.131133491,1.016907131,0.926859804,0.923685233
111.84,1.002172042,1.089009483,1.130144247,1.00767771,0.925147628,0.927095449
111.86,1.009092608,1.083628863,1.128570004,1.00842018,0.92430249,0.922718586
111.88,1.016609276,1.088295987,1.126753479,0.999496643,0.923099326,0.926596676
111.9,1.023444977,1.08257182,1.12433998,1.000535198,0.922741629,0.922606661
111.92,1.030824067,1.086911153,1.121779625,0.991968775,0.922069709,0.926946309
111.94,1.037500767,1.090546874,1.11862111,0.993351612,0.922220151,0.923327884
111.96,1.034885421,1.094397224,1.115457389,0.985186259,0.922101688,0.928484325
111.98,1.041454581,1.097479909,1.111703174,0.9869559,0.922417112,0.925523081
112,1.038609225,1.100723761,1.108031744,0.97922965,0.922526268,0.931378133
112.02,1.044990347,1.103196272,1.103785707,0.981419953,0.923088054,0.929042337
112.04,1.042323646,1.105778725,1.099704339,0.974159666,0.923456643,0.935080041
112.06,1.04886074,1.107601944,1.095071471,0.976800635,0.924292675,0.93291096
112.08,1.046271219,1.109490012,1.090677512,0.970030962,0.924943617,0.939120832
112.1,1.052868804,1.110638786,1.085761193,0.973149475,0.926071428,0.937084353
112.12,1.05026449,1.111812657,1.08114924,0.966891651,0.927024782,0.943437365
112.14,1.05682731,1.112276826,1.07604893,0.970512248,0.928461761,0.941494692
112.16,1.054115381,1.112732864,1.071308893,0.96478495,0.929734664,0.947956243
112.18,1.060547103,1.112517375,1.066118334,0.968930655,0.931495705,0.946063303
112.2,1.057635253,1.112267868,1.061334008,0.963750855,0.933102527,0.952592629
112.22,1.063840064,1.111392208,1.056139937,0.968443934,0.935594132,0.959078756
112.24,1.060638173,1.110464437,1.051388047,0.963433664,0.929551886,0.96558986
112.26,1.066565108,1.10896146,1.046269401,0.968315833,0.932792923,0.97201431
112.28,1.063028993,1.107396397,1.041614943,0.963526735,0.927473363,0.978424085
112.3,1.068588588,1.105311069,1.036636394,0.968603747,0.931441394,0.98474562
112.32,1.064637634,1.103161347,1.032136937,0.964072486,0.926813462,0.991005174
112.34,1.069747004,1.100548215,1.027357254,0.969387416,0.931488988,0.997174379
112.36,1.065308909,1.097875575,1.023062959,0.965145968,0.927524916,1.003226219
112.38,1.069894069,1.094796502,1.018533382,0.970737654,0.932891009,1.009185457
112.4,1.064906779,1.091669336,1.014487572,0.966814243,0.929565496,1.014963549
112.42,1.06890459,1.088191153,1.010252281,0.972718162,0.935606977,1.020647124
112.44,1.071899345,1.084682028,1.006491978,0.969138055,0.932896344,1.017495879
112.46,1.075176573,1.080916558,1.00258872,0.975387053,0.939598928,1.022956062
112.48,1.07743092,1.077141276,0.999145503,0.972173224,0.937437223,1.019479196
112.5,1.079903707,1.073156362,0.995606727,0.978798134,0.944744591,1.025067767
112.52,1.08138677,1.069186471,0.992507424,0.975971613,0.942682637,1.021629357
112.54,1.08303297,1.065048328,0.989360602,0.983001335,0.950142002,1.027231612
112.56,1.083733426,1.060953191,0.9866278,0.98057732,0.948193,1.02374733
112.58,1.084544729,1.05672519,0.983896198,0.988033113,0.955787694,1.029281367
112.6,1.084461998,1.052570603,0.981548944,0.98602607,0.953924014,1.025669421
112.62,1.084443951,1.048312117,0.979252324,0.984173032,0.961631789,1.031053122
112.64,1.083590289,1.044159259,0.987064607,0.9826845,0.959771317,1.027232803
112.66,1.082761815,1.039924862,0.985083248,0.991192878,0.967515363,1.032384636
112.68,1.081161637,1.035878673,0.973969443,0.990188194,0.965670181,1.028276945
112.7,1.079554096,1.040734491,0.972612057,0.989360624,0.973465712,1.033117502
112.72,1.077727118,1.036069525,0.971974812,0.98883847,0.971541608,1.028647476
112.74,1.075956805,1.040328789,0.971153979,0.988579281,0.97929757,1.033105576
112.76,1.073950321,1.035210113,0.971105069,0.988591527,0.987093459,1.028209956
112.78,1.072009519,1.039029214,0.970831061,0.988872047,0.994717967,1.032268732
112.8,1.069820884,1.033562406,0.961564216,0.989438276,1.002391608,1.026937053
112.82,1.067710775,1.037042011,0.961922226,0.990192248,1.009838991,1.030536081
112.84,1.065345475,1.031276571,0.953301454,0.991265362,1.017747186,1.033927061
112.86,1.063074903,1.034462822,0.954289177,0.992092603,1.016148701,1.036962118
112.88,1.060590557,1.028492202,0.946305487,0.993282147,1.024272383,1.039758982
112.9,1.058219453,1.031474366,0.947916995,0.994207377,1.022838388,1.042142266
112.92,1.055631499,1.025384431,0.940556223,0.995473038,1.031116629,1.044310957
112.94,1.05317806,1.028244431,0.942787158,0.996499697,1.029781047,1.046010453
112.96,1.050506207,1.022112816,0.936038564,0.997843005,1.038149545,1.047525556
112.98,1.047992842,1.024924963,0.938886173,0.99897013,1.036844192,1.04851895
113,1.044785022,1.01882123,0.932740794,1.000387663,1.045235753,1.049839696
113.02,1.041710696,1.021647902,0.936204336,1.001609796,1.043890433,1.05063706
113.04,1.038013051,1.01562707,0.930655121,1.003093049,1.052239723,1.051734416
113.06,1.034449949,1.01852397,0.934735934,1.004400065,1.050789437,1.052292325
113.08,1.030330904,1.012636688,0.929777823,1.00593527,1.059028683,1.053128887
113.1,1.026352671,1.006572215,0.934479423,1.007312195,1.057404493,1.053411785
113.12,1.030964557,1.00096631,0.930064289,1.008880081,1.06546395,1.053957983
113.14,1.026498252,0.995259945,0.935347949,1.010754258,1.063596075,1.053984094
113.16,1.03063836,0.990014352,0.931029391,1.012768918,1.071409557,1.054263039
113.18,1.025766092,0.984698092,0.936470399,1.015032696,1.069235561,1.054012117
113.2,1.029512954,0.979834359,0.932335676,1.017447691,1.076736931,1.054008994
113.22,1.024316887,0.974927606,0.937958141,1.020061007,1.074192991,1.053470049
113.24,1.027748498,0.970462959,0.934020406,1.022831107,1.081317105,1.053178764
113.26,1.022308699,0.96598323,0.939845128,1.025752176,1.078341716,1.05234987
113.28,1.025501016,0.961931103,0.93611476,1.028829975,1.085025846,1.051772723
113.3,1.019894171,0.957892162,0.942159536,1.032014628,1.081561227,1.05066051
113.32,1.022919964,0.954262901,0.938644342,1.035349888,1.087746542,1.049807569
113.34,1.017218391,0.950675464,0.944924145,1.038750999,1.083740079,1.048426437
113.36,1.020146396,0.947476959,0.941629469,1.042290099,1.089373131,1.047314686
113.38,1.014417365,0.944349326,0.948156529,1.045857129,1.084778794,1.045685796
113.4,1.017311718,0.941587563,0.945085277,1.049542649,1.089812942,1.044338089
113.42,1.011617062,0.938926168,0.951869074,1.053221309,1.084592602,1.042488214
113.44,1.014536999,0.936605711,0.949021662,1.056991765,1.088989311,1.040932136
113.46,1.008932958,0.934415591,0.956068836,1.06072384,1.083113891,1.038892424
113.48,1.011932735,0.932539986,0.953443062,1.064513592,1.086843836,1.037159107
113.5,1.00647002,0.930825175,0.960757251,1.068236944,1.080294235,1.034963849
113.52,1.009599012,0.929397283,0.9583481,1.07197631,1.083338144,1.033086818
113.54,1.004323019,0.928161131,0.965929699,1.075625072,1.07610588,1.030772264
113.56,1.007625967,0.927183394,0.963729089,1.079240674,1.078455082,1.028786362
113.58,1.002577127,0.926428822,0.971574946,1.082745677,1.070542607,1.026389646
113.6,1.006094482,0.925903463,0.969571406,1.086161022,1.072199245,1.024330068
113.62,1.001308682,0.925633143,0.977674458,1.089450451,1.063619922,1.021888271
113.64,1.005077023,0.925562312,0.975852761,1.092586777,1.064596817,1.019789758
113.66,1.000586092,0.925778792,0.984201612,1.095587077,1.055374545,1.016856342
113.68,0.996626066,0.926164646,0.982542364,1.098364448,1.056177502,1.022316982
113.7,0.99254612,0.926830144,0.991120825,1.101001452,1.057559424,1.018804655
113.72,0.989075174,0.927635521,0.989599818,1.092574722,1.058164628,1.023761329
113.74,0.985461613,0.92875433,0.998386012,1.094919149,1.059284583,1.019807623
113.76,0.98249466,0.929983361,0.996920143,1.086120325,1.059624959,1.02433957
113.78,0.979359436,0.931559589,1.005833486,1.088112134,1.060474885,1.02002541
113.8,0.976909355,0.933215797,1.004389602,1.09010192,1.060545687,1.02420979
113.82,0.974262581,0.93525252,1.002181488,1.091631497,1.061180783,1.01961318
113.84,0.972340558,0.937338706,1.000829085,1.093124969,1.061039569,1.023524621
113.86,0.970191057,0.939782396,0.99869367,1.094085027,1.06146299,1.018720317
113.88,0.96880713,0.942245365,1.007085598,1.095037895,1.061116269,1.02243011
113.9,0.967162651,0.935399666,1.004903311,1.095431127,1.061336504,1.017488387
113.92,0.966325639,0.938363987,1.013283939,1.095851625,1.060796678,1.021063657
113.94,0.965145152,0.931933921,1.010964067,1.095637349,1.060827663,1.016049885
113.96,0.964816394,0.935392711,1.019291187,1.09549049,1.060112253,1.01955302
113.98,0.9641085,0.929364028,1.016787068,1.094634606,1.059972118,1.014526982
114,0.964298071,0.933309132,1.025013018,1.093892153,1.059102685,1.018015502
114.02,0.964071401,0.927666653,1.022818448,1.092368343,1.058812945,1.013031853
114.04,0.964789493,0.93154343,1.031345399,1.091015225,1.057814215,1.016558668
114.06,0.965052954,0.925821075,1.029379005,1.088813592,1.057398979,1.011667033
114.08,0.966304527,0.929646067,1.03814152,1.086842301,1.056298055,1.015280572
114.1,0.967059673,0.932909123,1.036339283,1.083959034,1.045294887,1.01052574
114.12,0.959771854,0.936621431,1.045318668,1.091858877,1.044232917,1.014218143
114.14,0.961120597,0.940172553,1.043660536,1.088135079,1.033392198,1.009544101
114.16,0.953977663,0.944120894,1.052845641,1.095193071,1.032453538,1.013314054
114.18,0.955520257,0.947873802,1.051321962,1.090641856,1.021807741,1.008757336
114.2,0.948594349,0.952031542,1.060644942,1.096870511,1.021020745,1.012639596
114.22,0.950341762,0.955964213,1.059189071,1.091516274,1.010599806,1.008233071
114.24,0.943635423,0.960306151,1.068580786,1.096938698,1.009991,1.012261401
114.26,0.945595848,0.964395137,1.067125847,1.090816037,0.999822117,1.008034352
114.28,0.939109279,0.96889442,1.07651663,1.095465295,0.999415867,1.012239394
114.3,0.941288439,0.97311454,1.074996293,1.088618157,0.989523269,1.008217864
114.32,0.935019732,0.977742358,1.084316855,1.09253634,0.989341595,1.012627458
114.34,0.937421087,0.98206644,1.082666249,1.085016907,0.979746457,1.008834607
114.36,0.931366378,0.986791788,1.091848717,1.088253951,0.97932749,1.005004399
114.38,0.933991259,0.991190468,1.090005441,1.080602767,0.977981435,1.001569754
114.4,0.928102445,0.995979969,1.098984478,1.083746592,0.977218235,0.998168299
114.42,0.930908726,1.000421343,1.096894409,1.076036224,0.975537343,0.995140242
114.44,0.925180176,1.005238724,1.105615518,1.079139648,0.974499937,0.992172725
114.46,0.928167082,1.009688329,1.103229128,1.071390075,0.972557427,0.989554565
114.48,0.922591291,1.014494907,1.111640113,1.074467229,0.97131279,0.987024766
114.5,0.925755728,1.018915995,1.108913185,1.066702368,0.979251002,0.984818717
114.52,0.92032307,1.023670731,1.1169672,1.059698306,0.97773444,0.982779206
114.54,0.923659584,1.028024356,1.113861543,1.052122643,0.975293297,0.981035619
114.56,0.91835851,1.032684021,1.121468209,1.05538283,0.973644089,0.979435934
114.58,0.921859703,1.036929246,1.117903598,1.047844012,0.981223757,0.978104024
114.6,0.91667639,1.041448448,1.125081869,1.041053038,0.979418506,0.976995248
114.62,0.920331808,1.045542154,1.12108575,1.033759971,0.976727847,0.976124568
114.64,0.915250066,1.049873973,1.127759971,1.037288569,0.974899922,0.975455319
114.66,0.919047086,1.053772275,1.123267362,1.030087205,0.982339943,0.974994458
114.68,0.914048237,1.057868753,1.129472252,1.023611738,0.980456399,0.974815115
114.7,0.917970931,1.061526492,1.124526387,1.016711641,0.977731422,0.97481321
114.72,0.921001253,1.065339222,1.130202401,1.020598763,0.975918574,0.967104345
114.74,0.924983821,1.068751431,1.124754173,1.013842923,0.973338293,0.96759729
114.76,0.928029941,1.072271816,1.129952311,1.017850859,0.971644874,0.960347687
114.78,0.932017731,1.075392993,1.124060744,1.011266501,0.9692078,0.961327344
114.8,0.935064702,1.078572988,1.128787192,1.015419474,0.967668455,0.95452426
114.82,0.939040026,1.0813593,1.122466857,1.009032416,0.975464991,0.955982207
114.84,0.942069511,1.084153012,1.126734849,1.003298025,0.973981942,0.949662773
114.86,0.946010996,1.086562746,1.120006699,0.997310599,0.97175442,0.951639635
114.88,0.949001453,1.088927006,1.123786168,1.001998425,0.970439975,0.945739148
114.9,0.952884487,1.090921363,1.116628242,0.996246791,0.968457048,0.948175035
114.92,0.955810877,1.092816321,1.119996824,1.001136998,0.967386897,0.942680515
114.94,0.959606602,1.094359704,1.112491653,0.99564082,0.965672713,0.945566764
114.96,0.962440165,1.095749901,1.115479011,1.000752819,0.964868156,0.948890655
114.98,0.96611605,1.096811666,1.107661464,0.995530392,0.955018411,0.952131203
115,0.969319862,1.097667023,1.110300944,1.000882341,0.954627317,0.955290981
115.02,0.973345086,1.098226438,1.102208673,0.995907914,0.955219052,0.958382638
115.04,0.976835968,1.098530027,1.104536401,0.991432227,0.955121636,0.961475833
115.06,0.981154998,1.098571997,1.096208754,0.986894892,0.955944496,0.964477297
115.08,0.984883698,1.09831051,1.098212752,0.98281419,0.956100765,0.967509002
115.1,0.989443598,1.097825824,1.089641486,0.978718869,0.957164718,0.970423499
115.12,0.993360682,1.096992211,1.091363279,0.975035939,0.95758487,0.973394908
115.14,0.998108068,1.095977383,1.082591551,0.971385553,0.958898841,0.976221805
115.16,1.002163684,1.094571124,1.084072808,0.968101959,0.959591923,0.979130611
115.18,1.007044811,1.093029062,1.075143123,0.964898235,0.961163845,0.981865558
115.2,1.011188831,1.091056491,1.076424969,0.962014588,0.9621378,0.984706065
115.22,1.016149807,1.088996477,1.067378558,0.959258334,0.963974646,0.987341119
115.24,1.020332093,1.096456411,1.068501004,0.956774533,0.965236344,0.990104348
115.26,1.015333463,1.0938241,1.05942695,0.954465888,0.96734414,0.992628089
115.28,1.019623857,1.100660215,1.060477325,0.952381596,0.968899378,0.995252052
115.3,1.014688065,1.097424552,1.051410859,0.950520737,0.971283199,0.997600639
115.32,1.019039819,1.10365602,1.052423361,0.948835549,0.97313644,1.000071802
115.34,1.014121845,1.099842114,1.043397014,0.947422372,0.975799885,1.00269901
115.36,1.018489406,1.105492991,1.044403673,0.94613573,0.977484168,1.005398972
115.38,1.013551291,1.101130459,1.035447375,0.945170016,0.980036506,1.008255015
115.4,1.017897987,1.106229209,1.03647791,0.944276579,0.981586171,1.011146507
115.42,1.012903781,1.101351663,1.027618918,0.943751368,0.984044323,1.014194129
115.44,1.01719271,1.105930606,1.028700655,0.943246518,0.985474971,1.01724257
115.46,1.01210919,1.100574998,1.019397332,0.943157709,0.987851887,1.02044468
115.48,1.01630612,1.105235818,1.020039609,0.94303165,0.989175005,1.023615564
115.5,1.011103175,1.099951763,1.010323579,0.94336762,0.991479944,1.026935138
115.52,1.015182519,1.10472034,1.010589305,0.943611636,0.993203142,1.030193972
115.54,1.009841503,1.099511972,1.000519611,0.943864439,0.995839668,1.033599134
115.56,1.013780537,1.104388601,1.000465846,0.944078068,0.997912867,1.036918642
115.58,1.008283392,1.099262124,0.990092964,0.944296698,0.990620672,1.040376828
115.6,1.012062781,1.104249302,0.9897664,0.944451835,0.99262917,1.043675376
115.62,1.006395077,1.099212678,0.98941918,0.945094899,0.995561146,1.047098593
115.64,1.009998846,1.104314821,0.988765251,0.93544549,0.997920894,1.050392111
115.66,1.004149394,1.099428511,0.988075115,0.936181741,0.990841112,1.05380067
115.68,1.007565319,1.10470203,0.987100573,0.936948123,0.993053351,1.057010318
115.7,1.001527552,1.09997463,0.996206209,0.93815698,0.996180901,1.060316396
115.72,1.004747805,1.095289161,0.994928395,0.929141299,0.998719085,1.063458801
115.74,1.00709576,1.090860791,1.003714013,0.930480046,0.99177722,1.058107124
115.76,1.009997823,1.08648723,1.002084721,0.931938636,0.994630984,1.061215996
115.78,1.011999313,1.082406502,1.010547702,0.93329265,0.988010822,1.055808194
115.8,1.01454171,1.078348116,1.008662316,0.934761299,0.991153821,1.058857319
115.82,1.016201473,1.074618385,1.016899825,0.936141513,0.984815547,1.053368151
115.84,1.018390097,1.070878068,1.014799402,0.937631352,0.98821344,1.056332665
115.86,1.019716011,1.067502983,1.022852867,0.939046,0.982118837,1.050738774
115.88,1.021560036,1.064083621,1.02057531,0.940565006,0.985738244,1.053595588
115.9,1.022562922,1.061066507,1.028483164,0.942019606,0.979850475,1.047875735
115.92,1.024074565,1.057970638,1.026063251,0.943572894,0.983658812,1.05060379
115.94,1.024767928,1.055314424,1.03386096,0.94507049,0.977942258,1.044739072
115.96,1.025962154,1.052544188,1.031330402,0.946660554,0.981907628,1.047319565
115.98,1.026361885,1.050251368,1.039050513,0.948201913,0.976327781,1.041293605
116,1.027256072,1.047808484,1.036438024,0.949828826,0.980418917,1.043710193
116.02,1.027380114,1.0458811,1.044110235,0.951412604,0.974942337,1.037509309
116.04,1.027993687,1.043766862,1.041441614,0.953074186,0.979128599,1.039748277
116.06,1.027861685,1.04220651,1.049092847,0.954697061,0.973722909,1.033361598
116.08,1.028215742,1.040421798,1.046391081,0.956389023,0.977974325,1.035411984
116.1,1.027848679,1.039229642,1.054045565,0.958045818,0.98276796,1.028831534
116.12,1.027965607,1.037774951,1.051330918,0.959768188,0.986978898,1.030736421
116.14,1.027385451,1.036951759,1.048844265,0.9615021,0.991718262,1.024007297
116.16,1.02728881,1.03582723,1.0462112,0.963252991,0.995865245,1.025759933
116.18,1.026518676,1.035322879,1.04381877,0.965005571,1.000528986,1.018878491
116.2,1.02623282,1.034478384,1.041276226,0.966777999,1.00458883,1.020474999
116.22,1.02529586,1.034294501,1.038984603,0.968541324,1.009155722,1.013440452
116.24,1.024844851,1.033731056,1.036539029,0.970327241,1.0131058,1.014879737
116.26,1.023763979,1.033868828,1.034353048,0.972092246,1.017555213,1.007694015
116.28,1.023171808,1.033587058,1.032009028,0.973882599,1.02137369,1.008977626
116.3,1.021969695,1.034047272,1.029931869,0.97563915,1.025685816,1.001645189
116.32,1.021260016,1.034047444,1.027692222,0.977423947,1.029351884,1.002777138
116.34,1.011541018,1.034830524,1.025725497,0.979160929,1.033507963,1.003722595
116.36,1.010817613,1.02562977,1.023591366,0.980929318,1.037002078,1.004586056
116.38,1.019001368,1.02678719,1.021687407,0.982634726,1.041027012,0.996861503
116.4,1.018106235,1.018045295,1.01961146,0.984374847,1.044372358,0.99763748
116.42,1.017692244,1.019661782,1.017770766,0.986035634,1.048205923,0.998205007
116.44,1.016691135,1.011327067,1.015753214,0.98773516,1.051343339,0.998778494
116.46,1.016223021,1.013353916,1.013975025,0.989337628,1.055013825,1.008182135
116.48,1.015182944,1.005418224,1.012014072,0.990983274,1.048922378,1.00846035
116.5,1.014730459,1.007849714,1.01029601,0.992513223,1.052566357,1.017515921
116.52,1.013717765,1.000304963,1.008388373,0.994046365,1.046429814,1.017469343
116.54,1.013301637,1.003135573,1.006726737,0.995445412,1.050033539,1.026193462
116.56,1.012334729,0.995973574,1.004867508,0.996854648,1.043839944,1.025840439
116.58,1.011973931,0.999197539,1.003256911,0.998110335,1.047391194,1.034251109
116.6,1.011069735,0.992409812,1.001439673,0.999384115,1.041130669,1.033611069
116.62,1.01078168,0.996021134,0.999873597,1.000483911,1.044619241,1.041727394
116.64,1.009955622,0.98959894,0.998090743,1.001610701,1.038283977,1.040820566
116.66,1.00975615,0.993591393,0.996561626,1.002542196,1.041701688,1.048662476
116.68,1.009022167,0.987525748,0.99480446,1.003510662,1.035285912,1.047509611
116.7,1.008925557,0.991892865,0.993303785,1.004261756,1.038626574,1.055097596
116.72,1.008296115,0.986174551,0.991562626,1.005060949,1.032126488,1.053719706
116.74,1.008315115,0.9909096,0.990081029,1.005620055,1.035385853,1.061074554
116.76,1.00780125,0.985529155,0.988345328,1.006239585,1.028799549,1.059492666
116.78,1.00794712,0.990625111,0.987466196,1.00659582,1.031975227,1.066635226
116.8,1.007558487,0.984979318,0.986363997,1.007032074,1.025302571,1.064870155
116.82,1.007841049,0.98979544,0.986012461,1.00718457,1.028393955,1.071821113
116.84,1.007580021,0.983941521,0.98548798,1.00743456,1.021636532,1.069893258
116.86,1.007998638,0.988510518,0.985618021,1.007379838,1.024644714,1.076672911
116.88,1.007866659,0.982472671,0.985622564,1.007441166,1.017805651,1.074602
116.9,1.008423077,0.986822463,0.986191454,1.007176531,1.020733254,1.08123004
116.92,1.008420859,0.980620917,0.986679722,1.007047585,1.013817043,1.079034996
116.94,1.009116013,0.98477527,0.987647631,1.006571303,1.016668051,1.076573304
116.96,1.009243536,0.978426808,0.988577322,1.006251411,1.018637437,1.074382184
116.98,1.010032788,0.982405867,0.989906989,1.005562854,1.021262079,1.080914601
117,1.010245724,0.975924074,0.991238486,1.005097276,1.014059047,1.078675556
117.02,1.011175358,0.979744387,0.992894959,1.00424051,1.016622539,1.076180337
117.04,1.011518169,0.973140318,0.994591291,1.003583695,1.018292159,1.073973016
117.06,1.01254226,0.976816163,0.996542165,1.002514938,1.020647445,1.071560561
117.08,1.012969246,0.970098694,0.998568566,1.001714414,1.022104569,1.069440317
117.1,1.014087731,0.973641553,1.000782918,1.000480269,1.024263928,1.076010603
117.12,1.014598343,0.96681751,1.003106695,0.999537773,1.016631898,1.07387649
117.14,1.015854984,0.970236872,1.005555879,0.998140589,1.018762235,1.071503135
117.16,1.016491205,0.972490963,1.008146509,0.997014612,1.019988766,1.069430644
117.18,1.008658749,0.975722299,1.01084931,0.995414997,1.021945422,1.067169881
117.2,1.009491448,0.977775601,1.013723049,0.994156839,1.022996809,1.06516446
117.22,1.001850069,0.980784378,1.016652138,1.00382487,1.024793146,1.071821397
117.24,1.002870891,0.982647395,1.00836088,1.002316547,1.016895671,1.069781482
117.26,0.995454424,0.985444584,1.011671259,1.011707487,1.018752685,1.067521321
117.28,0.996697457,0.987070189,1.003738786,1.009857058,1.019758011,1.065520091
117.3,0.989449108,0.989610506,1.007403798,1.018937739,1.021529283,1.063349994
117.32,0.990859575,0.991009504,0.99980309,1.016803198,1.022447747,1.061436847
117.34,0.983768129,0.993303965,1.003796934,1.025629351,1.024143214,1.05936048
117.36,0.985336305,0.994485936,0.996502978,1.023222805,1.024985705,1.057538132
117.38,0.978390784,0.996544571,1.000802123,1.031805749,1.026615328,1.064351032
117.4,0.980106874,0.997518303,0.993792027,1.029139941,1.018599035,1.062515428
117.42,0.973340337,0.999350377,0.998374697,1.037491679,1.020321855,1.060483001
117.44,0.975237408,1.000124286,0.991627392,1.03453581,1.021191115,1.058700529
117.46,0.968593012,1.001738928,0.996473523,1.042626244,1.022861159,1.065546366
117.48,0.970616198,1.002320985,0.989969478,1.039440221,1.01490246,1.063756868
117.5,0.964127037,1.003726488,0.995060241,1.047327174,1.016675904,1.061780654
117.52,0.966309508,1.0041244,0.988781636,1.043880777,1.017595471,1.060047324
117.54,0.959919281,1.005329266,0.994100292,1.051534821,1.019326097,1.066938118
117.56,0.962206533,1.005550598,0.988030934,1.047888046,1.011441107,1.065199688
117.58,0.955948804,1.006562803,0.993561891,1.0553672,1.013282467,1.063282897
117.6,0.958374322,1.006615127,0.987687165,1.051489763,1.014269641,1.061599679
117.62,0.95219351,1.007443132,0.993416824,1.058764635,1.016075006,1.068539063
117.64,0.95470334,1.007334118,0.987723604,1.054716012,1.008273111,1.066848935
117.66,0.948633723,1.007986098,0.993639413,1.061844223,1.010193348,1.073739009
117.68,0.951261916,1.007723622,0.988116002,1.057593416,1.00250642,1.071997666
117.7,0.945292637,1.008208439,0.994207285,1.064544973,1.00454006,1.070087692
117.72,0.948028739,1.007800861,0.988843321,1.060106497,1.00571683,1.068396726
117.74,0.950024156,1.008127682,0.995100322,1.066895556,1.007715627,1.067414092
117.76,0.952749862,1.00762341,0.989886493,1.062326985,1.000107577,1.065815965
117.78,0.954729926,1.007840385,0.996300961,1.069009449,1.002178817,1.064876146
117.8,0.957444213,1.007246811,0.991229743,1.064277548,0.994640528,1.063320773
117.82,0.959404322,1.007362254,0.997795257,1.070821163,0.996782131,1.062418377
117.84,0.962102346,1.006687234,0.992860168,1.065937392,0.989309862,1.060899958
117.86,0.964038067,1.006709937,0.999570958,1.072353451,0.991518573,1.060029408
117.88,0.966715435,1.005961775,0.994766249,1.067328154,0.984107901,1.058542002
117.9,0.96862281,1.005900989,1.001617556,1.073626884,0.986379775,1.057697625
117.92,0.971275667,1.005088416,0.996938331,1.068469194,0.979025652,1.056235238
117.94,0.973151291,1.004953832,1.003926299,1.07465966,0.981356098,1.055411344
117.96,0.975776403,1.004085975,0.999368406,1.069377423,0.974052916,1.053968028
117.98,0.977617503,1.003887685,1.006489979,1.075467447,0.976436754,1.053159005
118,0.980212333,1.002974025,1.002049893,1.070067164,0.96917841,1.05172895
118.02,0.982016837,1.002722469,1.009302695,1.076063254,0.97160993,1.050929352
118.04,0.984579619,1.001772785,1.004977403,1.070550029,0.964389905,1.049506989
118.06,0.986346216,1.001478689,1.012359616,1.076457329,0.966862938,1.048711633
118.08,0.988876018,1.000502996,1.008146496,1.070834843,0.95967438,1.047291728
118.1,0.990604216,1.000177296,1.015656735,1.076657089,0.962182372,1.046495788
118.12,0.993100992,0.999185772,1.011553431,1.07092758,0.965569909,1.045073544
118.14,0.99479116,0.998839539,1.019190613,1.066115349,0.967985173,1.044324861
118.16,0.997255791,0.997842446,1.015194911,1.060453379,0.971230789,1.042947345
118.18,0.998909457,0.997486794,1.022905187,1.055717699,0.973498131,1.042239789
118.2,1.001344298,0.996494394,1.01896354,1.050117497,0.976600464,1.040900829
118.22,1.002964142,0.996140125,1.026748478,1.04545203,0.978718112,1.040228723
118.24,1.005372492,0.995162082,1.022860934,1.03990636,0.981675325,1.038922954
118.26,1.006962089,0.994819627,1.030721855,1.035303933,0.983641073,1.038281409
118.28,1.00934819,0.993865464,1.026888085,1.029804684,0.986450954,1.037004341
118.3,1.010912,0.993545049,1.03482592,1.025257336,0.988262283,1.036389325
118.32,1.013281032,0.992624057,1.031045095,1.01979559,0.990922359,1.035137406
118.34,1.014824392,0.992335603,1.039060242,1.015294641,0.992576566,1.034545796
118.36,1.017182453,0.991456746,1.035330911,1.00986075,0.995084231,1.033316463
118.38,1.018711548,0.991209771,1.043423096,1.005396878,0.996578564,1.03274609
118.4,1.021065622,0.990381595,1.039743055,0.99998056,0.998931206,1.031537813
118.42,1.022587455,0.99018511,1.047911191,0.995543891,1.000263007,1.030987499
118.44,1.024945372,0.989415647,1.044277366,0.990134342,1.002458145,1.029799808
118.46,1.026467712,0.98927806,1.052519405,0.985714558,1.003624998,1.029269388
118.48,1.028838094,0.988574742,1.048927731,0.99300359,1.005660418,1.028102893
118.5,1.030369428,0.988503758,1.044537517,0.988505901,1.006724482,1.027593228
118.52,1.032761625,0.987873323,1.041131183,0.995680452,1.008661273,1.026449944
118.54,1.034311093,0.987811633,1.036904687,0.99103495,1.009619025,1.02596355
118.56,1.03673512,0.98719743,1.033671843,0.998089567,1.011453645,1.02484686
118.58,1.038312124,0.987153311,1.029597387,0.993290995,1.012301991,1.024387234
118.6,1.040777958,0.986562591,1.026524853,1.000219536,1.014031649,1.02330154
118.62,1.042392124,0.986543177,1.022590111,0.995262169,1.014768382,1.022873127
118.64,1.044910282,0.985982084,1.019663963,1.002057938,1.016391148,1.021823808
118.66,1.046571703,0.995876499,1.015855911,0.99693574,1.017015057,1.021431968
118.68,1.039269925,0.995239845,1.01311103,1.003591639,1.018529972,1.020425345
118.7,1.041148744,1.005042659,1.00946433,0.998298678,1.019040942,1.020026781
118.72,1.034047007,1.004290428,1.006883279,1.00480787,1.020448104,1.019022058
118.74,1.036147432,1.014013331,1.003381336,0.99933849,1.020846961,1.018626126
118.76,1.029248647,1.013154624,1.000945699,1.005694066,1.022147123,1.017633585
118.78,1.031574712,1.022807809,0.997571255,1.000042822,1.022435736,1.017250268
118.8,1.024881947,1.021850135,0.995261866,1.006237996,1.023630878,1.016280806
118.82,1.027437952,1.031442185,0.99199698,1.000399867,1.023812459,1.015920637
118.84,1.020954357,1.030391363,0.989793919,1.006428185,1.024905836,1.014985689
118.86,1.023744798,1.039929139,0.98661997,1.000398781,1.024984969,1.014659684
118.88,1.017473546,1.0387892,0.984502575,1.006254341,1.025981124,1.013771147
118.9,1.020503044,1.048277725,0.981400286,1.000030123,1.02596378,1.013490726
118.92,1.014447254,1.047050813,0.979347193,1.005707787,1.026868551,1.012660874
118.94,1.017720484,1.056493154,0.976296674,0.999286277,1.026762073,1.01243779
118.96,1.011883157,1.055179424,0.984955206,1.004781889,1.027582574,1.011679197
118.98,1.015404773,1.053907253,0.98186337,0.998214905,1.027395645,1.011525462
119,1.009788718,1.052631345,0.990454956,1.003578099,1.028140491,1.01085092
119.02,1.013509359,1.051399315,0.98725173,0.996864213,1.02788361,1.01077873
119.04,1.008064538,1.050152407,0.995759183,1.002091492,1.02856285,1.010200911
119.06,1.011990423,1.048951427,0.992428181,0.995230659,1.028247709,1.010222056
119.08,1.006720786,1.047722554,1.000833283,1.000320109,1.028872478,1.009753462
119.1,1.010857702,1.046542032,0.997357403,0.993314072,1.028511867,1.009879815
119.12,1.005766618,1.045318586,1.005641059,0.998265497,1.029094299,1.009532983
119.14,1.010119822,1.044146379,1.002002667,0.99111788,1.028702019,1.009776437
119.16,1.00520999,1.042914067,1.010145108,0.995932898,1.029255154,1.00956387
119.18,1.009784109,1.041736448,1.006326261,0.98864927,1.028845898,1.009936282
119.2,1.005057464,1.040479265,1.014307279,0.993331385,1.029383582,1.009870389
119.22,1.009856378,1.039280904,1.010289971,0.985919282,1.028972832,1.01038352
119.24,1.005313984,1.037981128,1.018089191,0.990473912,1.029509611,1.010476557
119.26,1.010340698,1.036745092,1.013855641,0.982942822,1.029113514,1.011142023
119.28,1.00598263,1.036034985,1.021452821,0.987377299,1.029664526,1.011406038
119.3,1.010587449,1.035303318,1.016992289,0.979738605,1.029299782,1.01223526
119.32,1.005858626,1.035128805,1.024376961,0.984062157,1.029880651,1.012675515
119.34,1.010078141,1.034843925,1.019678761,0.976329125,1.029564394,1.013670399
119.36,1.005010227,1.03514754,1.026837469,0.980552842,1.030191092,1.014292697
119.38,1.008878547,1.035257959,1.021891635,0.972740459,1.029940707,1.015458647
119.4,1.003497579,1.035984977,1.028811655,0.976877153,1.030629422,1.016268854
119.42,1.007043117,1.036441502,1.023609335,0.96900196,1.030462466,1.017611331
119.44,1.00136997,1.037539486,1.030279068,0.973066014,1.031229527,1.018615262
119.46,1.004615862,1.038294842,1.024812881,0.965145908,1.031163641,1.020139678
119.48,0.998666621,1.039713289,1.031222228,0.969153098,1.03202545,1.021342982
119.5,1.001631093,1.040721829,1.025486604,0.961207113,1.032078286,1.02305459
119.52,0.995417385,1.042411894,1.031627312,0.965174417,1.033051249,1.024462631
119.54,0.998114076,1.04362938,1.025618792,0.957222486,1.033240397,1.026366413
119.56,1.000119928,1.045543689,1.031484767,0.961167875,1.034340868,1.019507581
119.58,1.002474239,1.046969812,1.025202262,0.953230595,1.034683807,1.021734066
119.6,1.004150328,1.04910395,1.030790048,0.957172823,1.035886041,1.015164336
119.62,1.00613082,1.050695448,1.024235458,0.949271215,1.036358978,1.017711368
119.64,1.007486277,1.053003046,1.029544428,0.953229396,1.037680875,1.011425231
119.66,1.009100707,1.05471775,1.022722352,0.945384262,1.038302655,1.014289998
119.68,1.010140869,1.057153891,1.027754635,0.949377698,1.039761796,1.008281555
119.7,1.011393029,1.058950982,1.020672448,0.941609841,1.040550881,1.011460897
119.72,1.012119638,1.061472265,1.025433013,0.94565804,1.031814466,1.005723736
119.74,1.013009576,1.063312371,1.01810088,0.948338108,1.032922875,1.009162823
119.76,1.013420978,1.065877048,1.022597552,0.952274752,1.024562571,1.003639547
119.78,1.013944967,1.067722387,1.015080279,0.954869096,1.026052185,1.007336423
119.8,1.014035817,1.070290529,1.019373717,0.958722247,1.018073696,1.002021699
119.82,1.014186614,1.062297991,1.011683806,0.961261819,1.019952847,1.005973638
119.84,1.023756,1.064914747,1.015734973,0.965060011,1.022644969,1.000860947
119.86,1.02339148,1.057021645,1.007839371,0.95729153,1.024791251,1.00516424
119.88,1.032458583,1.059698575,1.011663517,0.961244481,1.017410764,1.000343961
119.9,1.031569018,1.051869184,1.003530557,0.963944534,1.019917994,1.00493816
119.92,1.040124829,1.054570467,1.007095895,0.96788962,1.023198866,1.000346468
119.94,1.038697732,1.046772414,0.998802023,0.960358404,1.025999372,1.005273274
119.96,1.046729345,1.049465168,1.002181181,0.964501504,1.019253225,1.000947308
119.98,1.044749448,1.041669863,0.993698528,0.967459017,1.02243788,1.006143239
120,1.052241588,1.044325343,0.996863732,0.971639222,1.026354641,1.002015875
120.02,1.049691361,1.03650806,0.988271638,0.964427331,1.029857518,1.007518754
120.04,1.056625917,1.039100767,0.991298663,0.968846816,1.034022282,1.003623098
120.06,1.053486185,1.031240747,0.982571671,0.961909681,1.037807315,1.009415819
120.08,1.059843865,1.033749566,0.985435439,0.966584145,1.042235678,1.014964474
120.1,1.056094717,1.025830028,0.97660309,0.959934561,1.037084389,1.020970194
120.12,1.061901336,1.027656422,0.979331764,0.964878777,1.041894273,1.026667025
120.14,1.058149246,1.028686243,0.970418152,0.958482802,1.037092909,1.03282378
120.16,1.054355992,1.030333015,0.973080237,0.96366596,1.042290722,1.03865917
120.18,1.059649764,1.031150296,0.96416225,0.9575368,1.03784113,1.035368264
120.2,1.05534745,1.032626164,0.966786982,0.962975007,1.043432486,1.041373174
120.22,1.06009453,1.023679795,0.957891481,0.957125359,1.03928753,1.038167321
120.24,1.064808922,1.02448118,0.960457029,0.962834326,1.045229954,1.044318233
120.26,1.069442971,1.024553467,0.951557904,0.957275725,1.041391055,1.041218684
120.28,1.064369422,1.025240118,0.954132665,0.963269861,1.047689782,1.047541185
120.3,1.068963168,1.025171758,0.94530568,0.958012995,1.0441577,1.043920626
120.32,1.063849827,1.025722507,0.947918755,0.95191944,1.050817568,1.049746226
120.34,1.068324909,1.025518385,0.951576459,0.947092667,1.047524018,1.045618242
120.36,1.063135513,1.025939354,0.954072704,0.941533564,1.054478803,1.050939391
120.38,1.067461208,1.016163491,0.957633048,0.937199033,1.051419171,1.046290704
120.4,1.071672269,1.016039747,0.960000952,0.932172194,1.058668343,1.051095346
120.42,1.076258716,1.015331819,0.963451788,0.928327395,1.055836826,1.045956414
120.44,1.071207642,1.014633332,0.965769645,0.923829748,1.06337823,1.05078495
120.46,1.076162678,1.013385355,0.969194118,0.920471929,1.060263393,1.04562787
120.48,1.071451671,1.012109194,0.971492755,0.916500617,1.067565337,1.05037129
120.5,1.076728408,1.010365597,0.974924573,0.913622079,1.06420702,1.045157778
120.52,1.072311644,1.008561219,0.977234124,0.910166392,1.071281281,1.049784401
120.54,1.077326545,1.006369259,0.980706497,0.907759679,1.067682249,1.045015128
120.56,1.072585649,1.004083604,0.983056564,0.917021714,1.074535006,1.050063276
120.58,1.077334224,1.001484879,0.974392265,0.914976426,1.070759711,1.04566049
120.6,1.072259285,0.998767364,0.976976763,0.91236573,1.077460174,1.051071669
120.62,1.076724781,0.995746678,0.980789079,0.910726696,1.073442315,1.046977075
120.64,1.07130754,0.992588867,0.983460245,0.920826619,1.079927867,1.052691988
120.66,1.07547745,0.989258656,0.975191062,0.919551764,1.075720897,1.048846477
120.68,1.069714069,0.985775565,0.978136414,0.930001491,1.082046771,1.054805071
120.7,1.073580993,0.982122543,0.970168943,0.929035378,1.077635667,1.051150088
120.72,1.06747368,0.978307134,0.963068633,0.927616878,1.083788919,1.057292071
120.74,1.071035664,0.984716484,0.967749307,0.927008573,1.079091397,1.053769255
120.76,1.064591674,0.980466715,0.960997831,0.938298169,1.084992564,1.060033832
120.78,1.067904176,0.986515384,0.953768176,0.93801558,1.080664376,1.056584804
120.8,1.061186999,0.981954384,0.947532881,0.949019441,1.086872697,1.062918034
120.82,1.064256738,0.987639806,0.940783311,0.948494621,1.082851292,1.059495619
120.84,1.057282942,0.982767421,0.935058972,0.959263006,1.089314118,1.065844319
120.86,1.060122356,0.988150817,0.928779713,0.958524156,1.085544819,1.062399541
120.88,1.052913376,0.983027992,0.923561319,0.96909068,1.092212485,1.068711835
120.9,1.055540042,0.988168944,0.917746324,0.968160007,1.088640943,1.065197876
120.92,1.048122368,0.982854325,0.913029419,0.978552182,1.095463199,1.071424035
120.94,1.050558877,0.987810409,0.907673275,0.977446189,1.092035069,1.067797035
120.96,1.042963471,0.982360016,0.903454075,0.987685655,1.098960853,1.073890347
120.98,1.045236847,0.987186502,0.8985521,0.986415305,1.095621612,1.0701102
121,1.037498443,0.981653481,0.894827594,0.996517972,1.102598954,1.076027818
121.02,1.039639464,0.986403142,0.890375921,0.995088771,1.099293844,1.072058943
121.04,1.031795784,0.98083761,0.88714395,1.00506487,1.106269903,1.077762687
121.06,1.033838229,0.985560608,0.883139595,1.003476881,1.102944016,1.073574718
121.08,1.025929161,0.980009584,0.880398924,1.013896661,1.109865248,1.079031783
121.1,1.027909031,0.984753436,0.876274122,1.01270253,1.106469578,1.074600145
121.12,1.019975796,0.979260852,0.873472288,1.023432323,1.113290821,1.079783711
121.14,1.021930539,0.984064575,0.869361257,1.022583715,1.109776091,1.07509013
121.16,1.014014889,0.978662669,0.866532628,1.033590562,1.116448411,1.07997983
121.18,1.015982635,0.9835636,0.862460801,1.033044074,1.112765852,1.075012572
121.2,1.008126046,0.978285592,0.859633446,1.032081048,1.119240584,1.079594713
121.22,1.010144901,0.98331909,0.867835112,1.031950231,1.115282473,1.074348666
121.24,1.002387947,0.97819584,0.864814373,1.03147617,1.121452613,1.078615986
121.26,1.004495443,0.9834562,0.872813763,1.031761761,1.117176075,1.07309196
121.28,0.996877261,0.978575127,0.869635786,1.031709609,1.122998761,1.077043522
121.3,0.999110188,0.98409046,0.877476706,1.032351092,1.118363691,1.071248599
121.32,0.991668642,0.979474726,0.884273009,1.032654896,1.123798477,1.074889799
121.34,0.994062649,0.975170266,0.891918358,1.033643554,1.118768118,1.068836895
121.36,0.986833397,0.970966275,0.898522294,1.034287886,1.123778168,1.071655766
121.38,0.989371497,0.967056423,0.905962082,1.035562261,1.118843755,1.064774915
121.4,0.982333333,0.963272613,0.912409316,1.036479627,1.123979782,1.066801
121.42,0.985042188,0.959763527,0.919678885,1.037982687,1.119098437,1.059151139
121.44,0.978223175,0.956406924,0.925999158,1.039112734,1.124299212,1.060438948
121.46,0.981130411,0.95330409,0.933127472,1.040786491,1.119416126,1.052083826
121.48,0.974556422,0.950380992,0.93934483,1.042064962,1.124622719,1.052694895
121.5,0.977688085,0.947689375,0.946354645,1.043849974,1.119686463,1.053387604
121.52,0.97138291,0.945205497,0.952487487,1.045211131,1.115160187,1.053278186
121.54,0.974812137,0.942929668,0.959395345,1.047046416,1.110282852,1.053286412
121.56,0.968844668,0.940890511,0.965456371,1.04837504,1.105778714,1.052474135
121.58,0.972592281,0.939035226,0.972272512,1.050150941,1.100924387,1.051862545
121.6,0.966980012,0.937446144,0.97826835,1.063425,1.096411165,1.050418481
121.62,0.971065581,0.936015923,0.972951597,1.064958266,1.091608315,1.049254623
121.64,0.965824654,0.934881953,0.979064613,1.077920893,1.087118696,1.047252639
121.66,0.970267028,0.933820816,0.973800706,1.07909609,1.082339885,1.045606385
121.68,0.965412552,0.933088179,0.98001792,1.091691847,1.077850936,1.043121922
121.7,0.970229866,0.932402771,0.974785147,1.092453339,1.073074689,1.041063755
121.72,0.96577566,0.932078293,0.981088447,1.104625001,1.068569411,1.038172383
121.74,0.970985678,0.931774792,0.97586073,1.104916521,1.063780658,1.035772371
121.76,0.966945229,0.931864694,0.982227129,1.116606082,1.059248023,1.032548752
121.78,0.972565959,0.931948781,0.976973688,1.116371795,1.054438048,1.02987564
121.8,0.968952747,0.932458611,0.983374943,1.127521629,1.049872859,1.026392615
121.82,0.966134967,0.932935389,0.978059957,1.12670732,1.045039056,1.032380818
121.84,0.963059497,0.933825204,0.984462202,1.137261446,1.040441636,1.028567338
121.86,0.960879793,0.934655303,0.97904427,1.135815807,1.035631687,1.034224842
121.88,0.958392546,0.935930701,0.985407221,1.145721244,1.031050611,1.030157784
121.9,0.956857539,0.937119485,0.979839099,1.143597425,1.026270157,1.035559652
121.92,0.954963962,0.938784729,0.986116233,1.152805998,1.021712738,1.031312916
121.94,0.954081418,0.940336042,0.980344864,1.14996292,1.016971958,1.036531101
121.96,0.952788252,0.943007943,0.986483215,1.158432149,1.012449386,1.032174721
121.98,0.951952983,0.94542683,0.980455993,1.15483555,1.007762259,1.037277731
122,0.950771819,0.94905052,0.986405178,1.162529959,1.003288888,1.03287131
122.02,0.950052374,0.952303883,0.991731637,1.158153646,0.998672418,1.037915097
122.04,0.949022538,0.945180499,0.998007275,1.165103849,0.994264993,1.03351495
122.06,0.948458967,0.94872556,0.991863085,1.159994808,0.989738634,1.029002886
122.08,0.947555808,0.953594141,0.998386439,1.166133075,0.994968757,1.024800535
122.1,0.947071474,0.957305723,0.992505268,1.16023102,0.989738353,1.020569773
122.12,0.946329395,0.962334818,0.999257028,1.166231308,0.994240239,1.016649741
122.14,0.946010182,0.966197586,0.993558274,1.160187556,0.988316732,1.012734361
122.16,0.945451112,0.97136978,1.000464933,1.166069311,0.992167752,1.009128341
122.18,0.945319415,0.975365464,0.994877637,1.159852654,0.985634323,1.005561605
122.2,0.944961936,0.980659199,1.001864759,1.165577944,0.988913307,1.00229778
122.22,0.945036629,0.98476564,0.996315241,1.159164742,0.981856103,0.999109412
122.24,0.944896325,0.990154801,1.003307699,1.164703279,0.984644533,0.996212937
122.26,0.945193059,0.994345477,0.997723049,1.158078148,0.987893949,0.993429666
122.28,0.945282746,0.999798916,1.004645798,1.152664955,0.990174845,0.990977372
122.3,0.945814147,1.004042493,0.998954706,1.145975118,0.992930464,0.988676197
122.32,0.946144272,1.009523571,1.005679313,1.140483525,0.994728263,0.986686265
122.34,0.946920563,1.013783481,1.011363866,1.133734215,0.997064493,0.984886877
122.36,0.947499213,1.007645583,1.017749394,1.128228616,0.998458811,0.983375862
122.38,0.94852764,1.012009191,1.023023978,1.121488037,0.98969262,0.982096725
122.4,0.949301605,1.005925985,1.028947715,1.126735816,0.990870155,0.981026137
122.42,0.950529154,1.010343704,1.033756432,1.119856341,0.992748699,0.980231945
122.44,0.951502654,1.004259015,1.039213135,1.114199129,0.993730888,0.979673303
122.46,0.952931482,1.008676827,1.043556918,1.107364874,0.984680263,0.979436526
122.48,0.954105416,1.002531531,1.048435084,1.112464933,0.985596603,0.97935086
122.5,0.955734387,1.006892019,1.052211857,1.105535031,0.976598659,0.979635982
122.52,0.95710599,1.000623737,1.056517572,1.110502022,0.977571848,0.980041183
122.54,0.967782791,1.004865043,1.059739779,1.103506321,0.968691452,0.972015122
122.56,0.969294491,0.998452599,1.063430046,1.108364857,0.969783648,0.973025218
122.58,0.980133958,1.002553942,1.06606272,1.101337538,0.961035209,0.965583185
122.6,0.981741251,1.006167608,1.069103847,1.106116325,0.962260203,0.967205444
122.62,0.982509391,1.009975877,1.071172349,1.099093935,0.953698851,0.960348365
122.64,0.984342296,1.013259112,1.073590693,1.103824485,0.955110609,0.962540453
122.66,0.985322352,1.016657578,1.075076578,1.096845329,0.946785868,0.956220687
122.68,0.987363984,1.019549119,1.076856716,1.101561353,0.948433396,0.958994173
122.7,0.989018689,1.022470128,1.07775094,1.094664156,0.94038911,0.952735889
122.72,0.991706484,1.02491125,1.078888044,1.099400356,0.942316912,0.955649
122.74,0.993919791,1.027292677,1.079191332,1.092623378,0.934587225,0.949553829
122.76,0.997208493,1.029222775,1.079691137,1.097414643,0.936828661,0.952635149
122.78,0.999941891,1.030998717,1.079413783,1.090794942,0.929444249,0.946720111
122.8,1.003788293,1.03235683,1.079292154,1.095675651,0.932032615,0.949993892
122.82,1.007001927,1.033461971,1.078453471,1.089248515,0.925020903,0.944272067
122.84,1.011360723,1.034188312,1.077735674,1.094252085,0.927987084,0.947758621
122.86,1.0150122,1.034559642,1.076363201,1.088050704,0.921372793,0.942239404
122.88,1.019834714,1.034597278,1.075082927,1.09262512,0.924745795,0.945955326
122.9,1.023877921,1.034175976,1.073795576,1.086040481,0.918545837,0.94064456
122.92,1.029110868,1.033472633,1.072628074,1.090284424,0.922344811,0.944602784
122.94,1.033494835,1.032211648,1.071395789,1.083413323,0.916575046,0.939502693
122.96,1.039079126,1.030730122,1.070323037,1.087416072,0.920822057,0.943712417
122.98,1.043746968,1.028590071,1.057815892,1.080349311,0.915497919,0.938821507
123,1.049616692,1.037613582,1.056214769,1.084140681,0.920215305,0.94328804
123.02,1.054504681,1.035117747,1.054556921,1.076903282,0.915351968,0.938600858
123.04,1.060643279,1.032483525,1.053090959,1.080616309,0.920562192,0.943325324
123.06,1.065742774,1.029052484,1.051522206,1.073349884,0.916175238,0.938832372
123.08,1.07201883,1.02551271,1.050190522,1.077068126,0.921902433,0.943811862
123.1,1.077191563,1.032580882,1.037492576,1.069850706,0.918008621,0.949013286
123.12,1.072012769,1.039294386,1.035766788,1.073593268,0.914764039,0.954646133
123.14,1.077330666,1.045862799,1.033951314,1.066436636,0.911021828,0.950796752
123.16,1.072242349,1.040819662,1.031763388,1.070276734,0.917504318,0.956979196
123.18,1.077638344,1.047074433,1.029493117,1.063249266,0.913870655,0.953684142
123.2,1.07245764,1.041636342,1.026847616,1.067290846,0.920476368,0.96043315
123.22,1.077790859,1.047538301,1.024182418,1.060493776,0.916983327,0.95765063
123.24,1.072433872,1.041682576,1.02114736,1.06478956,0.923753374,0.964932761
123.26,1.077615467,1.047200849,1.018151939,1.058271362,0.920428965,0.962619474
123.28,1.071994406,1.040914679,1.014799412,1.062871042,0.927400112,0.970398688
123.3,1.076931291,1.046028388,1.011541119,1.056676581,0.924268253,0.968508747
123.32,1.070955892,1.039309584,1.007945247,1.061627232,0.93147334,0.976744993
123.34,1.075552384,1.044008557,1.004492463,1.055798222,0.928554169,0.975228527
123.36,1.069131769,1.036865852,1.000727739,1.061144782,0.936022374,0.983876308
123.38,1.073291676,1.041150864,0.997148412,1.055720321,0.933332401,0.982678072
123.4,1.076216146,1.033603729,0.993288229,1.061506138,0.941089343,0.981805481
123.42,1.079807246,1.037536294,0.989648617,1.056523286,0.938641453,0.99059197
123.44,1.082111656,1.029663098,0.985764287,1.062790702,0.937018643,0.989970531
123.46,1.085042455,1.033263215,0.982128424,1.058285098,0.945435322,0.999005809
123.48,1.086694658,1.025100847,0.978288188,1.054460636,0.944055309,0.998584014
123.5,1.088880874,1.028397391,0.974716616,1.050534623,0.952740207,1.00786501
123.52,1.089806542,1.019990251,0.970931921,1.047250906,0.951558786,1.007579219
123.54,1.091172674,1.023019291,0.967429126,1.043923776,0.960958726,1.017040622
123.56,1.091306943,1.014417089,0.963761368,1.040766718,0.960380182,1.016823469
123.58,1.091788769,1.017219738,0.96038109,1.037663888,0.970391386,1.026397672
123.6,1.091078519,1.008475702,0.956882198,1.023376172,0.970396353,1.0261727
123.62,1.090625697,1.011096959,0.965059863,1.020641188,0.980957099,1.035779656
123.64,1.089031828,1.002266276,0.961614995,1.018196781,0.981474008,1.035461171
123.66,1.08761005,1.004810772,0.958449825,1.015804493,0.982118955,1.045010469
123.68,1.085109281,0.996004457,0.955277402,1.024189686,0.983308473,1.044451975
123.7,1.082702195,0.998459399,0.952366998,1.021942623,0.995233994,1.053792621
123.72,1.079288613,0.989673063,0.949558183,1.019982074,0.997004479,1.05294541
123.74,1.075897979,0.992085656,0.946985952,1.018088471,1.009510846,1.062022965
123.76,1.071582752,0.983371379,0.944521283,1.016496644,1.011791757,1.060778038
123.78,1.067229496,0.985787527,0.942263612,1.014979864,1.024869321,1.06947749
123.8,1.062041613,0.977193911,0.940175277,1.0137759,1.027640195,1.067720509
123.82,1.056765072,0.968657362,0.938259341,1.012656422,1.041274563,1.075921896
123.84,1.061749184,0.960368791,0.936521687,1.011857707,1.044509998,1.084205822
123.86,1.055411121,0.952252657,0.934919023,1.011153701,1.048010482,1.091769567
123.88,1.059349353,0.944366201,0.933563226,1.010775559,1.051804085,1.099368208
123.9,1.052072349,0.936710018,0.92165608,1.010449494,1.055804262,1.106752407
123.92,1.055032861,0.939903114,0.920875551,1.010400268,1.059480849,1.103329615
123.94,1.046907947,0.932521933,0.909610563,1.010416058,1.074169306,1.109846419
123.96,1.048981332,0.935900894,0.909474496,1.010706087,1.078196199,1.116397297
123.98,1.04010331,0.928833336,0.898858134,1.01112563,1.082411508,1.122565443
124,1.04143283,0.932435556,0.899379925,1.011823449,1.08620425,1.12868075
124.02,1.031965327,0.925714789,0.889417836,1.012608219,1.090204758,1.134353801
124.04,1.03265814,0.92957358,0.890611452,1.01419355,1.093686414,1.139932652
124.06,1.022713797,0.92322773,0.880781222,1.015838376,1.097417517,1.14501207
124.08,1.022877391,0.926791739,0.882174404,1.018167316,1.100526373,1.149968765
124.1,1.01315065,0.920207944,0.872627609,1.020640242,1.103924536,1.154369977
124.12,1.013518017,0.923563698,0.874258976,1.023691086,1.106586696,1.158638498
124.14,1.004048815,0.916838571,0.86502104,1.026968574,1.109580201,1.162301251
124.16,1.004647024,0.920076043,0.866926529,1.030723717,1.111713513,1.165830526
124.18,0.995471266,0.913295751,0.858018099,1.034786026,1.1142232,1.168707902
124.2,0.996327102,0.916498201,0.860229174,1.039230776,1.115738165,1.171462588
124.22,0.987478648,0.909741322,0.851667136,1.044060632,1.117678339,1.173524758
124.24,0.988617575,0.912985244,0.854211783,1.037745148,1.118479296,1.164850778
124.26,0.980127308,0.906322865,0.857446939,1.043455358,1.130337206,1.165506707
124.28,0.98151944,0.90967818,0.860164338,1.037980796,1.130792363,1.166185923
124.3,0.973356852,0.903231092,0.863595843,1.044645788,1.131683317,1.165380135
124.32,0.975070457,0.906816108,0.866530672,1.051475737,1.131853279,1.164672732
124.34,0.967308493,0.900638177,0.858751698,1.058894973,1.132490619,1.162399318
124.36,0.969357096,0.904508092,0.862120562,1.066345388,1.133047276,1.160360869
124.38,0.962010531,0.898590643,0.85475967,1.073698206,1.133981248,1.156698616
124.4,0.964405083,0.902740833,0.858582034,1.081086046,1.134813117,1.153415219
124.42,0.957485071,0.897130431,0.851637896,1.088325791,1.135912964,1.14846217
124.44,0.960233984,0.901610426,0.855921343,1.095626431,1.136882039,1.144033312
124.46,0.953748514,0.896349053,0.849392528,1.102718412,1.138021505,1.137904315
124.48,0.956858583,0.901204803,0.854148057,1.109896304,1.138992057,1.132443736
124.5,0.950216592,0.896330634,0.848032772,1.116793796,1.140047868,1.125863864
124.52,0.953153271,0.901599552,0.853271145,1.123801968,1.140888933,1.120030722
124.54,0.946392123,0.897139669,0.847567103,1.130445698,1.141749083,1.113102265
124.56,0.949233421,0.902858167,0.85329864,1.137225268,1.142345494,1.106958835
124.58,0.942428803,0.898841181,0.848002816,1.143543031,1.142905419,1.099753182
124.6,0.945246102,0.905045254,0.85423718,1.150022917,1.143148992,1.093368991
124.62,0.938468829,0.901499108,0.849345508,1.155929371,1.143314568,1.085963856
124.64,0.941329382,0.908225045,0.856091327,1.16202612,1.155038737,1.079413045
124.66,0.934645088,0.90517773,0.862319844,1.155494013,1.154599351,1.071949025
124.68,0.937611835,0.901741223,0.869488524,1.161353607,1.153671532,1.065365096
124.7,0.931081237,0.899370078,0.876018447,1.16637647,1.152627859,1.057861107
124.72,0.934160465,0.896561204,0.883518858,1.171707186,1.162998988,1.051258261
124.74,0.927787357,0.894879142,0.890429847,1.164151533,1.161227167,1.04385294
124.76,0.931035872,0.892707995,0.898926017,1.169030135,1.158867071,1.037360454
124.78,0.924873211,0.891143252,0.895665267,1.17275508,1.156408312,1.030066475
124.8,0.919394244,0.900138599,0.904517554,1.17682025,1.153383739,1.032640977
124.82,0.913621708,0.899207269,0.912702308,1.179541771,1.1502868,1.025345678
124.84,0.908682906,0.897786518,0.922620895,1.182711171,1.146638014,1.027876871
124.86,0.903435754,0.896975852,0.931631163,1.185215279,1.142951596,1.020652893
124.88,0.899020688,0.895794765,0.941610654,1.188129372,1.137907727,1.023206681
124.9,0.894267934,0.895211425,0.95067829,1.191085885,1.132871524,1.016113461
124.92,0.890401037,0.894286507,0.960692446,1.194401302,1.138403509,1.018739247
124.94,0.886165323,0.893944103,0.969808128,1.185741491,1.132030146,1.01189021
124.96,0.882871644,0.893790155,0.979843967,1.189435624,1.136183131,1.01469468
124.98,0.878672519,0.894164223,0.988932662,1.181043033,1.128494366,1.008133598
125,0.875519832,0.894653724,0.998910479,1.184981325,1.13135061,1.011151272
125.02,0.871517589,0.895715056,1.007948117,1.176727745,1.12244932,1.004907613
125.04,0.868564963,0.896826267,1.017833898,1.18077661,1.124109282,1.008169061
125.06,0.864807276,0.898553725,1.026784812,1.172538235,1.114114638,1.002270225
125.08,0.862104921,0.900269481,1.03653177,1.176568144,1.114693674,0.996067255
125.1,0.858632188,0.902646252,1.045348161,1.16822811,1.113472434,0.990710022
125.12,0.856175391,0.904953133,1.054896247,1.17211648,1.112874474,0.98454493
125.14,0.852975528,0.90796561,1.063517766,1.163616375,1.111088905,0.979215682
125.16,0.850799142,0.910852652,1.072793361,1.167297587,1.110023991,0.973120372
125.18,0.847897093,0.914489551,1.081147141,1.171448439,1.107805349,0.967902216
125.2,0.846032035,0.917947859,1.077160558,1.174688414,1.10641101,0.96195893
125.22,0.843452538,0.922199517,1.085365569,1.178294906,1.10390439,0.956923886
125.24,0.841926599,0.926156758,1.081133604,1.18093828,1.102256124,0.951206649
125.26,0.83969206,0.930951285,1.089101395,1.183924833,1.099545123,0.94641888
125.28,0.838530395,0.935402529,1.08452836,1.18589747,1.097721002,0.940993271
125.3,0.836660956,0.940732878,1.092161326,1.188203476,1.094890867,0.936509322
125.32,0.835886815,0.945672204,1.087144497,1.189448492,1.09296918,0.931433167
125.34,0.83440161,0.951529491,1.09433742,1.191030012,1.090104121,0.927302728
125.36,0.834037241,0.956948816,1.088768155,1.191509177,1.088161049,0.922626976
125.38,0.832954882,0.963320963,1.095409577,1.192339903,1.085341995,0.918893781
125.4,0.833022007,0.969208682,1.089174946,1.192034218,1.083449754,0.914663493
125.42,0.832360969,0.976078828,1.095149071,1.192105643,1.08075264,0.911366296
125.44,0.83288117,0.982418218,1.088134027,1.191015082,1.078978136,0.907621695
125.46,0.832660109,0.989762871,1.093323179,1.190335895,1.076472734,0.904795286
125.48,0.833655114,0.996530241,1.085413292,1.188478354,1.074876727,0.901572834
125.5,0.833893092,1.004317145,1.08970092,1.174446756,1.072626,0.899249058
125.52,0.83538498,1.011479699,1.106098788,1.172032807,1.071200086,0.89658253
125.54,0.836101603,1.006978655,1.109052293,1.156779477,1.069199925,0.89479099
125.56,0.838112897,1.014699112,1.124976451,1.153057061,1.056658328,0.892711931
125.58,0.83926553,1.010563994,1.12734274,1.160767296,1.055107099,0.891424948
125.6,0.841757424,1.018792635,1.12988633,1.15557045,1.043247199,0.889909081
125.62,0.843850529,1.01496286,1.131703806,1.161766039,1.042302989,0.888676146
125.64,0.84729669,1.02357623,1.133678161,1.155151625,1.031152264,0.887314526
125.66,0.850243128,1.01991737,1.134806435,1.159953982,1.030834754,0.886280231
125.68,0.854641667,1.028843192,1.136082589,1.152064773,1.0204043,0.885131536
125.7,0.858445899,1.025989718,1.136386674,1.155612449,1.02072754,0.884346634
125.72,0.863083276,1.035737037,1.136850931,1.146605151,1.011025013,0.883462976
125.74,0.867164732,1.033559444,1.136218176,1.149048741,1.011446648,0.882965533
125.76,0.872083273,1.044025749,1.135769379,1.139640845,1.001871768,0.882377802
125.78,0.876447003,1.042416568,1.134100595,1.141735661,1.002466518,0.88219433
125.8,0.881649212,1.053489856,1.132661354,1.132025414,0.993099862,0.881933671
125.82,0.886295746,1.052329642,1.129888262,1.133853331,0.993942811,0.88209122
125.84,0.891778666,1.063882777,1.127403902,1.123938922,0.984854311,0.88218634
125.86,0.896703218,1.063038752,1.123482064,1.125585446,0.986014102,0.882710249
125.88,0.902457442,1.074928446,1.119924346,1.115565741,0.977266519,0.883188025
125.9,0.907648831,1.074253954,1.114839683,1.117116961,0.978806027,0.884102436
125.92,0.913657263,1.086320757,1.110209558,1.107088512,0.970455742,0.885502644
125.94,0.919096608,1.085655866,1.103980436,1.108628497,0.971918676,0.887222374
125.96,0.925338464,1.097725451,1.098309223,1.098683073,0.963630533,0.889489191
125.98,0.931005327,1.107968901,1.105440439,1.100286404,0.965153325,0.892000608
126,0.926378126,1.105313814,1.098758176,1.090573081,0.957007066,0.895126862
126.02,0.932379941,1.115308134,1.104802361,1.092380159,0.958671702,0.898372088
126.04,0.927901581,1.112265128,1.097094127,1.082968599,0.950736408,0.902304281
126.06,0.934117012,1.121862889,1.102103136,1.085039423,0.952614802,0.906288264
126.08,0.939073583,1.118293283,1.093450043,1.075990442,0.944949422,0.901685433
126.1,0.945418578,1.127391758,1.097496929,1.078378148,0.947104783,0.906490419
126.12,0.950444204,1.123205837,1.087998958,1.069744044,0.939713038,0.902657938
126.14,0.956813977,1.131658468,1.091174705,1.072495026,0.942155654,0.908284854
126.16,0.961849862,1.126725956,1.080946392,1.064319749,0.935083241,0.905213537
126.18,0.968172523,1.134393917,1.083355095,1.055407349,0.93786498,0.911668069
126.2,0.973145841,1.128595941,1.084586877,1.047892038,0.931092353,0.909353614
126.22,0.979333722,1.13535332,1.086115276,1.039799601,0.934201848,0.91664565
126.24,0.984716328,1.12864812,1.086487299,1.033030018,0.927768522,0.914527252
126.26,0.991222905,1.134451383,1.087258101,1.025779882,0.931253459,0.922117818
126.28,0.996838345,1.126761304,1.086906784,1.019770626,0.925189694,0.920273056
126.3,1.003551478,1.13152544,1.087046644,1.013377171,0.929086226,0.928165122
126.32,1.009295655,1.122793286,1.086109517,1.008136456,0.923419912,0.926581646
126.34,1.016095382,1.126458253,1.071807875,1.002608068,0.927765561,0.93477254
126.36,1.02185351,1.130589278,1.070589987,0.998070786,0.922522657,0.933432508
126.38,1.028608724,1.132882255,1.056327984,0.993344764,0.927353456,0.941913011
126.4,1.034324864,1.135513039,1.055042688,0.989516961,0.922557957,0.940792007
126.42,1.040962465,1.136413579,1.040960095,0.98560089,0.927909121,0.949545522
126.44,1.046498546,1.137540773,1.039731874,0.982487487,0.923584343,0.948611942
126.46,1.052864403,1.137064691,1.025949013,0.979388014,0.929973919,0.957613055
126.48,1.058074365,1.136722536,1.024884853,0.976511008,0.926598009,0.956831021
126.5,1.064007532,1.134919353,1.011502025,0.973785311,0.93393403,0.966051268
126.52,1.068740194,1.133176765,1.010686127,0.97073992,0.931488981,0.965373247
126.54,1.074076507,1.130126193,0.998317403,0.967883021,0.939772222,0.974768227
126.56,1.078179352,1.127082208,0.99836417,0.96481453,0.93824423,0.984099411
126.58,1.082755841,1.122894642,0.986958194,0.961934594,0.937518954,0.994075627
126.6,1.086129172,1.118680729,0.987856509,0.958932911,0.936490867,0.993826795
126.62,1.089844363,1.113485587,0.977399878,0.956073208,0.94629412,1.00425715
126.64,1.092304885,1.10824788,0.979132832,0.953164064,0.945725262,1.0044201
126.66,1.094968779,1.102187336,0.969605221,0.950451888,0.955996203,1.015270646
126.68,1.096394191,1.096082135,0.972151576,0.947752032,0.955890893,1.015747531
126.7,1.097885162,1.089304755,0.963528104,0.945256331,0.966650236,1.026920737
126.72,1.098172237,1.082492663,0.966212639,0.942824211,0.967012396,1.037710967
126.74,1.10889955,1.075800459,0.957746317,0.940600412,0.968169701,1.038548446
126.76,1.107975499,1.069207017,0.960640898,0.939011617,0.969090964,1.049501477
126.78,1.117374807,1.062698972,0.951881164,0.937578048,0.97073823,1.050386632
126.8,1.115133901,1.056368944,0.954544797,0.936693615,0.972161331,1.061399274
126.82,1.123151159,1.050080927,0.945697065,0.936038146,0.974292763,1.062220355
126.84,1.119563914,1.044048436,0.948251738,0.935850895,0.976207686,1.073175972
126.86,1.126172221,1.037291586,0.939426319,0.935969891,0.978814999,1.073809528
126.88,1.121959402,1.030736271,0.941972349,0.936478052,0.981208277,1.084578817
126.9,1.128007763,1.023554425,0.933254345,0.937373599,0.984279592,1.084897145
126.92,1.123178134,1.016606416,0.935878844,0.93858087,0.987132995,1.095349543
126.94,1.128599104,1.009118861,0.927344288,0.940260897,0.990651541,1.095215142
126.96,1.123112439,1.001905133,0.930123303,0.942176611,0.993940597,1.10520603
126.98,1.127859794,0.99422912,0.92183724,0.944655088,0.997883172,1.104473166
127,1.121697925,0.986872813,0.924837235,0.947294378,1.001575298,1.113849957
127.02,1.12574805,0.979120009,0.916855252,0.95059151,1.00591036,1.112367773
127.04,1.118915313,0.97173706,0.908531631,0.953975494,1.00996269,1.120973524
127.06,1.122267272,0.975613755,0.901035191,0.95805927,1.014648165,1.118590056
127.08,1.114789612,0.968118996,0.893289594,0.951711145,1.019004762,1.126267952
127.1,1.117521445,0.971870435,0.896812566,0.956748907,1.023933159,1.122834952
127.12,1.109500564,0.964373134,0.889489339,0.951334736,1.029126282,1.129433542
127.14,1.111648143,0.968152446,0.893424,0.956746505,1.034749015,1.124818875
127.16,1.103142204,0.960801803,0.886566545,0.951760202,1.040652757,1.130207674
127.18,1.104757443,0.964697176,0.890957567,0.957615779,1.046886507,1.135672902
127.2,1.095837849,0.957577775,0.884594522,0.953063782,1.042026583,1.13965971
127.22,1.097042049,0.961668148,0.889483227,0.959384491,1.04891173,1.143727204
127.24,1.087844066,0.954854016,0.883642879,0.965720852,1.044558482,1.146152499
127.26,1.088707045,0.959209881,0.878560132,0.972359602,1.05205018,1.148736418
127.28,1.079312311,0.952765121,0.873429565,0.978978014,1.059689429,1.149522552
127.3,1.079907496,0.957396063,0.869017833,0.974371982,1.067588445,1.150618891
127.32,1.070398196,0.951324867,0.86460079,0.981447435,1.075502913,1.149773345
127.34,1.070799562,0.95628853,0.860804674,0.97721854,1.083638211,1.149347602
127.36,1.060505728,0.95064033,0.857049121,0.984762739,1.091718452,1.147600491
127.38,1.060047756,0.955980469,0.853873341,0.980905921,1.099959548,1.146378362
127.4,1.049024821,0.950787128,0.85078625,0.988926449,1.108085997,1.143759426
127.42,1.047860642,0.946546543,0.848236718,0.985432713,1.116294257,1.141685473
127.44,1.046264819,0.941974994,0.845776107,0.993932609,1.124329422,1.138150213
127.46,1.044357776,0.938487993,0.843811509,0.990787682,1.132344125,1.135244396
127.48,1.042048641,0.934605826,0.841990503,0.999763672,1.140133195,1.130825575
127.5,1.039554865,0.931890737,0.840623642,0.996946542,1.147776579,1.127082724
127.52,1.03669728,0.92871044,0.839457667,1.006387889,1.155149801,1.121791267
127.54,1.033766757,0.926783521,0.838703649,1.003869281,1.162229835,1.117234185
127.56,1.030516899,0.924316479,0.838210618,1.013755772,1.169005209,1.111110357
127.58,1.027289857,0.923193692,0.838087247,1.011495992,1.175319574,1.105788471
127.6,1.023792446,0.921451761,0.83897279,1.021795514,1.181307435,1.098899507
127.62,1.020397274,0.920465544,0.840014877,1.020430158,1.186649182,1.09288588
127.64,1.016783829,0.918955735,0.841523183,1.03162295,1.191665306,1.085322014
127.66,1.013328685,0.918227804,0.843200003,1.031030004,1.195840061,1.078709031
127.68,1.00970663,0.91700086,0.845383958,1.043062209,1.199704685,1.070578339
127.7,1.006287631,0.916582008,0.847684963,1.043175926,1.202524531,1.063472376
127.72,1.002754678,0.915681885,0.850534901,1.055985973,1.205070703,1.054894772
127.74,0.98996885,0.915619317,0.853453776,1.056729223,1.206366294,1.056896911
127.76,0.986779667,0.915037758,0.856963865,1.070240621,1.207447771,1.047780417
127.78,0.974512585,0.915327888,0.860497382,1.07152159,1.207124127,1.049194456
127.8,0.971781883,0.915102751,0.864664139,1.085639503,1.206668665,1.039670763
127.82,0.960088989,0.915787268,0.868811203,1.087348755,1.218146875,1.04061648
127.84,0.95786829,0.915953812,0.873632903,1.08842465,1.216034847,1.030884223
127.86,0.946791167,0.917071767,0.878393728,1.090532805,1.225747241,1.031545342
127.88,0.94512055,0.917663571,0.883801666,1.091922733,1.221848071,1.021725172
127.9,0.934689826,0.919252552,0.889109376,1.094294833,1.229737273,1.022209177
127.92,0.933599992,0.920302184,0.895102362,1.095867582,1.224027447,1.012410595
127.94,0.923836837,0.922398662,0.900956697,1.098350715,1.230074977,1.01281503
127.96,0.923350786,0.923938562,0.907530971,1.099958634,1.2225706,1.003134491
127.98,0.914268961,0.926579454,0.913928677,1.114674041,1.226797771,1.003545222
128,0.914403868,0.919737688,0.908784538,1.116077425,1.217615249,0.994065074
128.02,0.914916941,0.923077124,0.91581041,1.13057268,1.220142596,0.993927461
128.04,0.915525339,0.916894674,0.911154679,1.131539775,1.210002486,0.984027426
128.06,0.916566142,0.9209415,0.918786996,1.145630897,1.211652236,0.983482918
128.08,0.909115509,0.915430234,0.914580579,1.145982979,1.20064017,0.98187467
128.1,0.910823799,0.920169224,0.922790948,1.15948052,1.201433919,0.98090937
128.12,0.904139619,0.915301865,0.918987626,1.159028075,1.189650526,0.978932817
128.14,0.906049323,0.920766379,0.927738653,1.171728965,1.189679228,0.978211902
128.16,0.908080823,0.916557807,0.936062962,1.170276661,1.177205022,0.968061547
128.18,0.910694688,0.911039176,0.945230464,1.182032328,1.176544789,0.967263238
128.2,0.904924897,0.916669768,0.953884501,1.179444166,1.163447238,0.965597173
128.22,0.898755181,0.91180262,0.9634108,1.190050243,1.162147558,0.965214084
128.24,0.893398568,0.918169193,0.972394582,1.186139541,1.148586502,0.963967708
128.26,0.888155506,0.913921527,0.98221661,1.195402492,1.146800299,0.963464721
128.28,0.883751669,0.921063751,0.991466447,1.189999237,1.132909865,0.962201452
128.3,0.879374228,0.917463733,1.002235419,1.197745392,1.130747945,0.961722249
128.32,0.875903401,0.924689276,1.0122114,1.190712304,1.116653973,0.960542882
128.34,0.8723762,0.921228167,1.023758023,1.196806431,1.114229292,0.949881754
128.36,0.869819534,0.928646844,1.034365741,1.188037552,1.110350115,0.949016748
128.38,0.867071288,0.925336756,1.046578265,1.192375318,1.107576784,0.938851914
128.4,0.865367416,0.932972406,1.05770929,1.181855746,1.103427592,0.938420223
128.42,0.863391437,0.929817557,1.070455048,1.184423976,1.100416735,0.928805378
128.44,0.86253916,0.937685852,1.081980322,1.186564503,1.096114936,0.928859372
128.46,0.861335303,0.93468251,1.080666552,1.187299986,1.093043651,0.919835655
128.48,0.861340268,0.942790485,1.092549556,1.187699265,1.08876747,0.920417634
128.5,0.860915011,0.940430185,1.091417559,1.186531027,1.085726267,0.912016841
128.52,0.861212349,0.949125254,1.103515463,1.185210523,1.081567517,0.913161279
128.54,0.861162709,0.947303732,1.102419272,1.182183014,1.07863448,0.905401255
128.56,0.861856864,0.95656674,1.114571396,1.179201927,1.074671721,0.90712797
128.58,0.862205708,0.955252808,1.113348302,1.174399398,1.059476261,0.900021861
128.6,0.863321827,0.965063581,1.125379161,1.182288529,1.055209796,0.902288673
128.62,0.864091287,0.964221758,1.1238552,1.176335172,1.052233812,0.895779121
128.64,0.865653449,0.97455381,1.135638882,1.170785286,1.047608091,0.898657781
128.66,0.866864758,0.974142275,1.13370021,1.164061613,1.04431143,0.892809767
128.68,0.868896631,0.984960943,1.144987762,1.157809715,1.039414625,0.896310253
128.7,0.870571629,0.984929986,1.142392318,1.150383732,1.035929753,0.891124697
128.72,0.873097044,0.996189879,1.152992118,1.143503073,1.030899811,0.895257554
128.74,0.875257737,0.996478341,1.149563098,1.135464664,1.027345446,0.890736392
128.76,0.878300494,1.008120513,1.159287371,1.128047028,1.02230523,0.895513981
128.78,0.8809691,1.008653958,1.154856951,1.119503458,1.006701059,0.891661053
128.8,0.884552931,1.020603658,1.163529206,1.123738902,1.001972322,0.89703889
128.82,0.887751773,1.021291901,1.157945882,1.114535494,0.986878353,0.893802729
128.84,0.891899835,1.033456029,1.165467989,1.118068645,0.982611434,0.890759685
128.86,0.89565048,1.034190787,1.158662021,1.108333952,0.977149528,0.8882902
128.88,0.900339603,1.04645585,1.164898495,1.111279237,0.973233408,0.886123203
128.9,0.904618583,1.047109061,1.156767816,1.101192279,0.968195134,0.884467495
128.92,0.909871458,1.059338787,1.161615336,1.103711334,0.964702335,0.883181121
128.94,0.914700166,1.07026739,1.165748024,1.093401014,0.960159728,0.882344784
128.96,0.910030036,1.068592842,1.169066808,1.095675598,0.957149434,0.881949317
128.98,0.915533193,1.079383387,1.171705586,1.085330259,0.953161308,0.881891691
129,0.911322864,1.077359995,1.17338054,1.08746447,0.950681966,0.882352455
129.02,0.917436709,1.087864712,1.17450011,1.077192337,0.94729613,0.883091973
129.04,0.913674153,1.085336402,1.174522989,1.0792807,0.945386558,0.884432735
129.06,0.92039854,1.095388911,1.174132442,1.069177158,0.942641892,0.885994092
129.08,0.926366842,1.092183858,1.17253196,1.071303174,0.94133401,0.87894527
129.1,0.934073938,1.101650852,1.17067366,1.061449677,0.939262961,0.881031588
129.12,0.940882178,1.097635825,1.167513674,1.063685083,0.938534029,0.87449953
129.14,0.949529582,1.106326276,1.16426112,1.054149074,0.937113839,0.877129529
129.16,0.957182842,1.102156617,1.159637043,1.04353626,0.936984461,0.87111971
129.18,0.965926295,1.110632952,1.168116345,1.033752423,0.9361731,0.87431189
129.2,0.973670819,1.106156512,1.162715407,1.035900425,0.93659178,0.868821328
129.22,0.982465645,1.114308374,1.157488464,1.025804942,0.936467271,0.87258176
129.24,0.990262338,1.10943719,1.151694036,1.02758328,0.937512625,0.86760822
129.26,0.999058444,1.117040454,1.14607928,1.017255938,0.938089736,0.871948177
129.28,1.006854807,1.11156421,1.139941709,1.018798866,0.929126017,0.867489936
129.3,1.015586303,1.118469242,1.133992339,1.019021528,0.930551565,0.872367166
129.32,1.023313748,1.112257714,1.127574045,1.007418258,0.922505506,0.868369677
129.34,1.031896887,1.11832992,1.134255275,1.007622286,0.924772625,0.873797673
129.36,1.039469504,1.111271188,1.127392591,0.996216632,0.917573535,0.870260301
129.38,1.047801751,1.116460881,1.13355473,0.996598621,0.920692311,0.876251108
129.4,1.05511573,1.108528547,1.126322742,0.985510762,0.914340378,0.882499271
129.42,1.063075417,1.11274166,1.1320293,0.986181955,0.908998576,0.889463815
129.44,1.070055515,1.10386894,1.124510857,0.97551232,0.903145492,0.887166419
129.46,1.077553137,1.107038911,1.12983285,0.976519954,0.907695183,0.894576216
129.48,1.084019333,1.108814614,1.122113613,0.966300924,0.902795621,0.902172482
129.5,1.079219845,1.110780454,1.114304154,0.967765768,0.898809324,0.910596305
129.52,1.085238982,1.124257708,1.106764194,0.958050645,0.894408546,0.909478251
129.54,1.079832659,1.124634849,1.098262735,0.959934137,0.90046694,0.918798346
129.56,1.085270777,1.137439539,1.090017438,0.950723091,0.896555039,0.918517987
129.58,1.089161254,1.137251253,1.080850478,0.95311576,0.903128018,0.918731065
129.6,1.093859096,1.149487968,1.07210036,0.944494125,0.899731503,0.928876464
129.62,1.096979736,1.148690844,1.075386328,0.947436763,0.897255888,0.929840927
129.64,1.100774729,1.147346106,1.066183302,0.939498355,0.894445274,0.94080801
129.66,1.10302105,1.146074217,1.068962685,0.943041154,0.892539568,0.942466798
129.68,1.105679387,1.144229269,1.059402269,0.935759815,0.890324764,0.954256426
129.7,1.106828335,1.142456143,1.061823414,0.939932789,0.888999225,0.956595703
129.72,1.108180539,1.139338862,1.052056456,0.933327415,0.887391074,0.969201348
129.74,1.10955615,1.136155,1.041514346,0.938158868,0.886657662,0.971475271
129.76,1.111131587,1.144492292,1.03182402,0.932183607,0.885668506,0.984092872
129.78,1.11259452,1.139742809,1.021495,0.937639793,0.8855333,0.986284376
129.8,1.114285495,1.146548065,1.012068836,0.932315576,0.885165271,0.998858927
129.82,1.115741922,1.140316711,1.002075756,0.938429923,0.885635685,1.000895425
129.84,1.117375223,1.145672345,0.993014894,0.933778798,0.885895995,1.01335377
129.86,1.118664515,1.138079212,0.983459462,0.940586868,0.886980853,1.015144478
129.88,1.120068435,1.142101474,0.974845944,0.936632906,0.887877589,1.027392997
129.9,1.121033798,1.133295938,0.965810218,0.944173616,0.889586655,1.02882703
129.92,1.122044157,1.136128022,0.957708769,0.940944078,0.901971917,1.040750195
129.94,1.122538617,1.126281079,0.949257286,0.938417086,0.904271552,1.041749863
129.96,1.123005191,1.128085267,0.94171755,0.936041162,0.917806461,1.053264128
129.98,1.122897972,1.117381268,0.933845856,0.933840847,0.921054043,1.0536808
130,1.122691315,1.118330807,0.92685185,0.931956181,0.935633406,1.065254364
130.02,1.121873544,1.106959008,0.919593974,0.918884011,0.939224057,1.065570781
130.04,1.120896495,1.107229814,0.924532685,0.917629617,0.954184066,1.076984866
130.06,1.119295425,1.095376906,0.917745484,0.905249112,0.958129522,1.077035936
130.08,1.117480656,1.095198581,0.923088238,0.904680042,0.962634574,1.088124249
130.1,1.115049525,1.083097759,0.916810648,0.903825511,0.967035409,1.087684796
130.12,1.112362213,1.08262978,0.922603283,0.903784443,0.982946866,1.098218172
130.14,1.109085276,1.070442171,0.916921767,0.892588483,0.987727473,1.108193594
130.16,1.10552289,1.069831089,0.923257796,0.893250534,0.993002733,1.118017847
130.18,1.1006357,1.057701595,0.918144706,0.882712169,0.998171551,1.128042266
130.2,1.106165707,1.057071399,0.925007969,0.884024309,1.003819692,1.127034971
130.22,1.100401659,1.045168634,0.92048959,0.885493447,1.009346027,1.136303924
130.24,1.105030314,1.04468631,0.91649881,0.887380652,1.015343521,1.134353355
130.26,1.098495613,1.033118939,0.912737999,0.88935486,1.021181161,1.142617491
130.28,1.091541718,1.032821114,0.909420199,0.891787104,1.027476081,1.150316348
130.3,1.083578998,1.021566743,0.906419121,0.894292496,1.033562969,1.158115708
130.32,1.085889065,1.010535618,0.903773999,0.897298951,1.040148647,1.154555031
130.34,1.08741421,0.999872513,0.901480592,0.900363061,1.04646883,1.161981165
130.36,1.088028166,0.989557248,0.899456921,0.903974193,1.053225157,1.157937919
130.38,1.087814957,0.979587416,0.8978813,0.907626118,1.059637307,1.164874735
130.4,1.086894611,0.970029261,0.89648823,0.911873527,1.066478647,1.160193666
130.42,1.085128844,0.960779983,0.89564393,0.916143445,1.072876236,1.166476522
130.44,1.082857291,0.952003864,0.884338109,0.921059736,1.079697067,1.161015759
130.46,1.079742525,0.95338528,0.884407823,0.926452973,1.085950884,1.16649551
130.48,1.076974512,0.944456601,0.873506099,0.932482225,1.092628917,1.160133207
130.5,1.07349822,0.945715185,0.874079625,0.938854588,1.098593276,1.164689392
130.52,1.07040607,0.936761203,0.863747827,0.946010405,1.104981374,1.157339834
130.54,1.066671992,0.938012161,0.864846568,0.953384834,1.111257402,1.1608801
130.56,1.063353546,0.92914212,0.85508764,0.960916477,1.117830281,1.152492567
130.58,1.059467772,0.930489841,0.856731645,0.968684305,1.124217249,1.154967643
130.6,1.056021029,0.921798142,0.847540167,0.976626923,1.130805971,1.14552432
130.62,1.052087719,0.923333829,0.849737903,0.984792069,1.137117088,1.146915281
130.64,1.048607124,0.914901343,0.841109589,0.993143286,1.14354392,1.136433201
130.66,1.044724918,0.916704353,0.843874114,1.00170324,1.149580561,1.136756102
130.68,1.041298408,0.908599949,0.835805691,1.010452751,1.155657548,1.137226084
130.7,1.037557803,0.910739409,0.839151198,1.019397009,1.149273101,1.136387136
130.72,1.034323106,0.903021665,0.831640786,1.028524713,1.155009422,1.135721681
130.74,1.030861401,0.905558427,0.835583023,1.037772826,1.160825731,1.133716747
130.76,1.027883814,0.89827791,0.828630407,1.034526427,1.165959634,1.132043747
130.78,1.024766269,0.901266161,0.833186696,1.044202545,1.171095782,1.129016924
130.8,1.02210093,0.894466487,0.826730557,1.041256708,1.175400468,1.126421295
130.82,1.01938276,0.897955058,0.831858605,1.051314778,1.179708853,1.122473119
130.84,1.007197229,0.891674194,0.825903864,1.048604348,1.183027357,1.128934251
130.86,1.005114613,0.895658363,0.831626818,1.058985881,1.18636761,1.123939973
130.88,0.993723147,0.889882937,0.826179686,1.056433766,1.188603423,1.129294359
130.9,0.992356342,0.894408792,0.832522072,1.067066184,1.190895025,1.123385734
130.92,0.981780383,0.889174399,0.827590016,1.064581334,1.191914769,1.116206933
130.94,0.981147005,0.894286966,0.834578225,1.075376101,1.204595477,1.109712276
130.96,0.971340517,0.889627813,0.83017004,1.072851216,1.204041037,1.102071243
130.98,0.971395225,0.895371807,0.837832139,1.083758973,1.215078917,1.095206865
131,0.961697822,0.891321421,0.833957598,1.081124577,1.212846872,1.087067841
131.02,0.961846946,0.897735996,0.842323222,1.092014152,1.223008583,1.079686695
131.04,0.952300065,0.894319812,0.849920632,1.089120785,1.219920378,1.071086288
131.06,0.952630185,0.890520003,0.858932866,1.099900606,1.229212552,1.063334216
131.08,0.943315662,0.887911134,0.867100256,1.09664307,1.225147707,1.054427439
131.1,0.943851014,0.884854827,0.876753471,1.107142977,1.23344202,1.046448826
131.12,0.934788272,0.883068775,0.885537076,1.104265652,1.228308869,1.048796658
131.14,0.935601135,0.880769103,0.895577506,1.115079318,1.224110059,1.040601672
131.16,0.926912977,0.879196025,0.90466182,1.112395711,1.218052153,1.031339159
131.18,0.928123666,0.877249631,0.915012408,1.123286432,1.224318156,1.023122436
131.2,0.919800119,0.876013912,0.924397593,1.120559045,1.217144925,1.013983121
131.22,0.921398978,0.874437791,0.935056751,1.131399024,1.222263365,1.005925958
131.24,0.913485253,0.873558452,0.944737868,1.128499532,1.213995172,0.997034374
131.26,0.915520658,0.872366859,0.955694141,1.139094213,1.217982697,0.989244277
131.28,0.908057073,0.871860051,0.965657156,1.135832968,1.208675537,0.980708589
131.3,0.910573836,0.871591828,0.976887787,1.145984943,1.211583067,0.973277186
131.32,0.903070202,0.871942749,0.987113017,1.155801915,1.20132411,0.965188484
131.34,0.905644936,0.872445951,0.984962385,1.165204031,1.203299264,0.958185743
131.36,0.898300031,0.873624783,0.99559673,1.1741837,1.192266924,0.950610401
131.38,0.901011569,0.874810626,0.993752746,1.182582697,1.193411076,0.944092716
131.4,0.893886594,0.876732673,1.004747059,1.190560709,1.181732915,0.937085734
131.42,0.896803041,0.878590094,1.003144048,1.197783807,1.182163601,0.931096107
131.44,0.889949337,0.881246063,1.014436375,1.204608892,1.169978201,0.924699012
131.46,0.893130265,0.883769746,1.012997014,1.21050134,1.169822493,0.919268762
131.48,0.886591918,0.887155906,1.024511528,1.216041317,1.157272433,0.913511542
131.5,0.890090527,0.890345441,1.023145196,1.220472525,1.156660355,0.908662215
131.52,0.883905999,0.89446271,1.034790545,1.22461967,1.143885896,0.903565381
131.54,0.8877707,0.898321751,1.033391845,1.227488425,1.142148397,0.899310691
131.56,0.881974254,0.903174762,1.045059739,1.230960132,1.128306828,0.894880006
131.58,0.886250045,0.907710141,1.043507322,1.233166604,1.125557364,0.891216472
131.6,0.880872938,0.913306209,1.055078925,1.235918117,1.110878366,0.887452459
131.62,0.885602535,0.918526931,1.05324626,1.237325571,1.107329101,0.884377167
131.64,0.880674052,0.924874903,1.064584388,1.239240472,1.092035654,0.881277725
131.66,0.876928718,0.930791063,1.062323754,1.239737699,1.087893458,0.88775642
131.68,0.872591611,0.937854694,1.073272258,1.240725644,1.072198726,0.885158992
131.7,0.878506103,0.944431616,1.070418915,1.240231812,1.067704033,0.873597572
131.72,0.874707698,0.952264837,1.080803483,1.24023237,1.061346698,0.871843844
131.74,0.881142911,0.959555809,1.090136195,1.238700349,1.056411718,0.861212351
131.76,0.877820819,0.955203412,1.09970753,1.23779701,1.049685079,0.860332397
131.78,0.884823874,0.963335123,1.108203886,1.23532312,1.044488215,0.850031094
131.8,0.881947754,0.959624075,1.116704592,1.233514182,1.038147342,0.849521152
131.82,0.889498589,0.968584978,1.124184388,1.230113298,1.033327903,0.839585256
131.84,0.887096366,0.965484451,1.131412654,1.227432218,1.027470198,0.83949796
131.86,0.895242196,0.975255904,1.137688776,1.22315744,1.023101813,0.829968912
131.88,0.893896342,0.972727467,1.144411156,1.219662804,1.017801759,0.829801019
131.9,0.893942758,0.982314964,1.150133917,1.214598899,1.013945095,0.829467006
131.92,0.893109563,0.979442628,1.156185241,1.21038357,1.009257774,0.829798734
131.94,0.903064653,0.988724554,1.161199428,1.204633639,1.005998612,0.820722928
131.96,0.903364165,0.986204417,1.166420654,1.19980059,1.002018256,0.821091729
131.98,0.904485188,0.995731595,1.170597257,1.193480905,0.999350879,0.821358448
132,0.905279659,0.993364386,1.174858435,1.188142779,0.996063888,0.821796753
132.02,0.906954077,1.002995571,1.178085451,1.181376659,0.994055508,0.822139542
132.04,0.90827708,1.000676234,1.181273955,1.174774725,0.991531972,0.822716107
132.06,0.91049152,1.010310961,1.184335442,1.166615457,0.99019049,0.823760814
132.08,0.912330029,1.007925793,1.18742754,1.158855917,0.987880461,0.824972644
132.1,0.915076612,1.017460515,1.190261912,1.149523928,0.986779863,0.826701328
132.12,0.917425301,1.014899083,1.19310378,1.140806515,0.984772818,0.82855293
132.14,0.920693772,1.024219202,1.195576,1.130518648,0.972627956,0.830977524
132.16,0.923542242,1.021356971,1.198027331,1.132382546,0.971137215,0.833423552
132.18,0.927319153,1.030336327,1.200017383,1.121140316,0.959703468,0.836505047
132.2,0.930653352,1.038356124,1.20201262,1.122074167,0.958814319,0.839565268
132.22,0.923603184,1.04677914,1.203532122,1.110106989,0.948103792,0.843328475
132.24,0.927538601,1.054198463,1.205024642,1.110325412,0.947834238,0.846971517
132.26,0.920975079,1.061873181,1.205990861,1.09785351,0.937852072,0.851391067
132.28,0.925476267,1.068564404,1.206902517,1.097559803,0.938214575,0.855647803
132.3,0.92879192,1.075347847,1.207257535,1.08478745,0.928960811,0.851314351
132.32,0.933786994,1.081223882,1.207537678,1.084168656,0.929964392,0.856298332
132.34,0.937517105,1.087015529,1.207249577,1.071280264,0.921388773,0.852657958
132.36,0.942927244,1.091938836,1.205836207,1.070504133,0.922994579,0.858390707
132.38,0.94703913,1.097628883,1.203884377,1.057652113,0.915095024,0.855453924
132.4,0.952823037,1.102466751,1.200687739,1.056851262,0.917311684,0.861962064
132.42,0.957283351,1.107998195,1.19713295,1.044165806,0.910085858,0.859744816
132.44,0.963401121,1.112578936,1.192236052,1.043457394,0.912922467,0.867060743
132.46,0.968163109,1.117757846,1.187173986,1.031047166,0.906368886,0.86558461
132.48,0.97455414,1.121899699,1.180700321,1.030529141,0.909835992,0.873746701
132.5,0.979554745,1.126524596,1.174261474,1.018482656,0.903954915,0.87303893
132.52,0.986139041,1.130041621,1.166368918,1.018235358,0.908065329,0.882091603
132.54,0.99192711,1.133910705,1.158712092,1.006622975,0.902859511,0.881553679
132.56,0.99922692,1.136626856,1.149585178,1.006711175,0.907629012,0.890929013
132.58,1.005613252,1.139556738,1.140889779,0.995587423,0.903097614,0.890686539
132.6,1.013518379,1.14130744,1.130731046,0.996062573,0.908535551,0.900418107
132.62,1.020399343,1.143128681,1.121188773,0.985468568,0.904681826,0.900486773
132.64,1.028785094,1.143769812,1.110209692,0.986370998,0.900955063,0.910602153
132.66,1.036038624,1.144339918,1.100016195,0.986187143,0.897930378,0.910943121
132.68,1.044759506,1.143756268,1.088428475,0.975105841,0.895146959,0.921415023
132.7,1.052242761,1.15602478,1.090074194,0.975440881,0.89293318,0.922033279
132.72,1.048073697,1.154093794,1.077960941,0.96507388,0.891030413,0.932876527
132.74,1.055730749,1.164976809,1.079035936,0.966023183,0.889630573,0.933702964
132.76,1.051560866,1.161632568,1.066595394,0.956389044,0.888616303,0.944857532
132.78,1.059230407,1.171063765,1.067280373,0.957976535,0.888039646,0.945879007
132.8,1.065579097,1.166282572,1.054694689,0.94908674,0.887927765,0.946653998
132.82,1.07306695,1.174290602,1.055154529,0.951331224,0.888189824,0.947916852
132.84,1.079114263,1.168142316,1.04258607,0.943192564,0.888948151,0.948934791
132.86,1.086186421,1.174741325,1.042967544,0.946109785,0.890018646,0.950392418
132.88,1.09176123,1.167280103,1.030557003,0.938726111,0.891676516,0.952159334
132.9,1.098227949,1.172522149,1.030987033,0.942329976,0.893031427,0.954292682
132.92,1.103157609,1.163837162,1.018852827,0.935703906,0.895089498,0.956661812
132.94,1.108833093,1.167808115,1.019438618,0.940002582,0.896853692,0.959402237
132.96,1.112942524,1.158018146,1.007677763,0.934128289,0.899344129,0.962311364
132.98,1.117638888,1.160831716,1.008507901,0.939131668,0.901545675,0.965584475
133,1.120757061,1.150078345,0.997197676,0.934008251,0.904498131,0.968961495
133.02,1.124294713,1.151869005,0.998343883,0.939728666,0.90716315,0.983003291
133.04,1.126261658,1.140309105,0.987544109,0.935357788,0.900282506,0.986732515
133.06,1.128528429,1.141224616,0.989063437,0.941810812,0.903518151,1.001141046
133.08,1.129254172,1.129023019,0.97881899,0.938145325,0.897129333,1.005085862
133.1,1.130109681,1.129217638,0.980756139,0.945299635,0.900941357,1.01977213
133.12,1.129477307,1.116540022,0.971099249,0.942349799,0.9051066,1.023829433
133.14,1.128811383,1.116167361,0.973488354,0.940159398,0.909412166,1.038734277
133.16,1.126735289,1.103173795,0.964441067,0.938076573,0.914026716,1.042830695
133.18,1.136259756,1.10238126,0.967257835,0.936663045,0.918792802,1.046035282
133.2,1.132591241,1.089278926,0.958785742,0.935448322,0.923873967,1.050182763
133.22,1.140419469,1.088259559,0.949775052,0.934813785,0.92905648,1.053384002
133.24,1.135071502,1.087457938,0.941352327,0.934408112,0.934560014,1.057434767
133.26,1.141179302,1.086802541,0.944139329,0.934493003,0.940168929,1.060488665
133.28,1.134226583,1.074808118,0.93580353,0.934964235,0.946103689,1.064277703
133.3,1.138692721,1.062614251,0.938648156,0.925304572,0.952142111,1.067025398
133.32,1.14222245,1.051450615,0.940897294,0.926808826,0.958458462,1.07037313
133.34,1.14480767,1.040280336,0.93194193,0.918157017,0.964869131,1.072702147
133.36,1.146349429,1.040904407,0.934238679,0.920689082,0.971562016,1.075474597
133.38,1.147993935,1.041485225,0.92543829,0.912976558,0.978951397,1.077198298
133.4,1.136857113,1.042730639,0.927983752,0.915926331,0.986464823,1.090923811
133.42,1.137089944,1.032223964,0.919478384,0.908699343,0.983020425,1.091755489
133.44,1.136322684,1.033486648,0.922293271,0.912154463,0.991444674,1.104542731
133.46,1.135828738,1.023043884,0.914078209,0.905353466,0.988763972,1.104293628
133.48,1.134425097,1.024420457,0.917220864,0.909270292,0.998066478,1.116014372
133.5,1.133314842,1.014168978,0.909346693,0.91346915,0.996102575,1.114512293
133.52,1.131320182,1.01577004,0.902298705,0.917745811,1.00629559,1.124982477
133.54,1.129645217,1.005820708,0.90668856,0.922259056,1.005045543,1.122936133
133.56,1.127124603,0.995982521,0.900073617,0.92693293,1.015199149,1.132786424
133.58,1.124961493,0.986549266,0.893160437,0.931848899,1.013800372,1.130099984
133.6,1.12194875,0.988946666,0.887054511,0.936879892,1.023795066,1.139188475
133.62,1.119327683,0.979934714,0.89249521,0.942154015,1.022149188,1.13574637
133.64,1.115981288,0.97100686,0.886867024,0.947620868,1.031886478,1.143955965
133.66,1.113056035,0.962651053,0.881013837,0.95332982,1.02988288,1.139665995
133.68,1.109418885,0.96612566,0.87593004,0.959187516,1.039251473,1.1469051
133.7,1.106227664,0.958311856,0.882541373,0.965285891,1.036767708,1.141701296
133.72,1.102462358,0.950503418,0.877976053,0.971606873,1.045643004,1.147905138
133.74,1.099158562,0.943438164,0.885140956,0.978165439,1.042545796,1.141749345
133.76,1.095302857,0.936319264,0.881061265,0.984956247,1.050792449,1.146882294
133.78,1.091916427,0.930027521,0.888820423,0.991980412,1.058907806,1.139764379
133.8,1.088062719,0.9236144,0.885255261,0.987273041,1.066313464,1.143878893
133.82,1.08467623,0.91811396,0.893651456,0.994888999,1.07358177,1.134973358
133.84,1.080907807,0.912417582,0.890572089,0.990584618,1.080844359,1.137204674
133.86,1.066734024,0.907721539,0.900156257,0.99877601,1.088004126,1.137324318
133.88,1.063324218,0.902131313,0.89809628,0.994854459,1.095050569,1.137477043
133.9,1.048828229,0.897703759,0.896995518,1.003618655,1.101990582,1.13631251
133.92,1.044978674,0.904145852,0.896121717,0.999991455,1.108684736,1.135382053
133.94,1.030184139,0.899794812,0.89641161,1.009250634,1.115229044,1.13307517
133.96,1.02611522,0.906250207,0.896754963,1.006632327,1.121375449,1.131076525
133.98,1.011237807,0.902049803,0.897661126,1.016931798,1.127342304,1.127663304
134,1.007090131,0.908601037,0.89864055,1.015212645,1.132741125,1.124645379
134.02,0.992269018,0.904607229,0.900218565,1.026512118,1.137939584,1.120196299
134.04,0.988167917,0.9009685,0.901825064,1.025640646,1.142381994,1.116238207
134.06,0.98387232,0.897351553,0.904015621,1.037895067,1.146619654,1.110853521
134.08,0.979754125,0.894171524,0.90619263,1.037810613,1.149900222,1.106110809
134.1,0.975498816,0.891010646,0.908992954,1.050961878,1.152991546,1.099964396
134.12,0.971473502,0.888317239,0.911739711,1.051591051,1.154917899,1.094556878
134.14,0.967370751,0.885633736,0.915148859,1.065564752,1.156693816,1.087785772
134.16,0.963533296,0.883450871,0.918465902,1.06681812,1.171127101,1.081845388
134.18,0.959679344,0.881263337,0.922483589,1.067489225,1.171427424,1.074666917
134.2,0.956110257,0.8796124,0.926371844,1.069344319,1.184312563,1.068399939
134.22,0.952587013,0.877937936,0.930927282,1.070512047,1.182942602,1.060960047
134.24,0.949354503,0.876838978,0.935317122,1.072853365,1.194154232,1.054499483
134.26,0.946231196,0.875693844,0.940408474,1.074405159,1.191025549,1.046938893
134.28,0.943392164,0.875165877,0.945298556,1.077099139,1.20047565,1.040410666
134.3,0.940726863,0.874566323,0.950920787,1.078905634,1.195539899,1.032860283
134.32,0.938328715,0.874628837,0.956306285,1.094470756,1.203182246,1.02637927
134.34,0.936170253,0.874592123,0.949779125,1.096299726,1.196496929,1.018956678
134.36,0.934252714,0.875265739,0.955799312,1.111907758,1.202391612,1.01262445
134.38,0.932642574,0.875746958,0.94976386,1.113540361,1.193994865,1.005432476
134.4,0.931239424,0.876992041,0.956393824,1.129020511,1.198182062,0.999336017
134.42,0.93021322,0.87801361,0.950808148,1.130283818,1.188154366,0.992461331
134.44,0.929353295,0.879855945,0.95801664,1.145446727,1.190715553,0.986672569
134.46,0.928942463,0.881442155,0.952832575,1.146153113,1.179176399,0.980185994
134.48,0.928651795,0.883909473,0.960580567,1.160794694,1.180229826,0.974762534
134.5,0.928885433,0.886086793,0.967855966,1.160746366,1.167332078,0.968720161
134.52,0.929188594,0.877094683,0.976010406,1.174713375,1.167026488,0.963706628
134.54,0.930094843,0.880035711,0.983606738,1.173768517,1.152949487,0.958151444
134.56,0.930956335,0.871686742,0.992063407,1.186844968,1.15145717,0.953581194
134.58,0.932504881,0.875403883,0.999937315,1.184804249,1.136398514,0.948544701
134.6,0.924544888,0.867694576,1.008636801,1.196779499,1.133906448,0.953847895
134.62,0.926916906,0.872156495,1.01672914,1.193454842,1.11807305,0.94915545
134.64,0.919824025,0.865040025,1.025592984,1.204132363,1.114821533,0.95409044
134.66,0.923084099,0.870266908,1.033825643,1.199355242,1.09906465,0.949125514
134.68,0.916858361,0.863746521,1.043608299,1.208561328,1.095885325,0.953816164
134.7,0.92101777,0.868906104,1.052526263,1.202206098,1.080312096,0.948703399
134.72,0.915663629,0.872966861,1.063044098,1.209818845,1.077291416,0.953265521
134.74,0.910117556,0.878106773,1.072593764,1.201792617,1.062003403,0.948114574
134.76,0.905724259,0.88217264,1.083775765,1.207718716,1.05922198,0.952600368
134.78,0.901050831,0.887256627,1.093838294,1.1979685,1.044310919,0.947457445
134.8,0.897606397,0.891895586,1.10554211,1.202156046,1.041840281,0.941330637
134.82,0.893237383,0.897429196,1.115987645,1.205621223,1.038017869,0.936408522
134.84,0.89019063,0.902482418,1.113112171,1.208013473,1.035816557,0.930603564
134.86,0.886231893,0.908448209,1.123917655,1.209824249,1.032367999,0.926019284
134.88,0.883595465,0.913826702,1.121246742,1.210411368,1.030489816,0.920602321
134.9,0.880054156,0.920132545,1.132272031,1.210597059,1.027470113,0.916411345
134.92,0.877838491,0.925821116,1.129663722,1.209429176,1.025959256,0.911438134
134.94,0.874719796,0.932445974,1.140757678,1.208053295,1.023412852,0.90768709
134.96,0.872933463,0.938424512,1.138062458,1.205216218,1.022304069,0.903204709
134.98,0.870241755,0.945341227,1.149065425,1.20237328,1.020265484,0.899932993
135,0.868892194,0.951583365,1.146128594,1.197984364,1.019584936,0.895981521
135.02,0.866631254,0.958757186,1.156875376,1.193795465,1.018079894,0.893222847
135.04,0.865724977,0.965228878,1.153540347,1.187998304,1.017846364,0.889836962
135.06,0.863898092,0.972615911,1.163864115,1.182605762,1.016893208,0.887620824
135.08,0.863440738,0.979273951,1.159976535,1.175564063,1.017119507,0.8848313
135.1,0.862050658,0.986819574,1.169713501,1.169125491,1.016730744,0.883184329
135.12,0.862046908,0.99361009,1.165125988,1.161016511,1.004875921,0.881019418
135.14,0.861095682,1.001247369,1.174120597,1.166247911,1.004490312,0.879904751
135.16,0.861549017,1.008104356,1.168697814,1.157763469,1.005258173,0.878323489
135.18,0.861037368,1.015752561,1.176869961,1.150129489,1.005558501,0.877820752
135.2,0.86194902,1.022596531,1.170561879,1.140899418,0.994598477,0.876915643
135.22,0.861876127,1.030160131,1.177733385,1.144932027,0.995032173,0.876994059
135.24,0.863245735,1.036897644,1.170377899,1.135572221,0.984303232,0.876727131
135.26,0.863608689,1.044265102,1.176504549,1.139466242,0.984999728,0.877407542
135.28,0.875151358,1.05078675,1.168096192,1.130081665,0.974594345,0.868088022
135.3,0.876469586,1.057879177,1.173110108,1.133901991,0.975637724,0.868920576
135.32,0.879197606,1.064115664,1.163607579,1.124571591,0.965585074,0.869564246
135.34,0.880784458,1.070748539,1.167466068,1.128382776,0.966996247,0.871161176
135.36,0.893771056,1.076510503,1.156857208,1.11918134,0.95740407,0.862707453
135.38,0.896317405,1.0825703,1.159546736,1.123044782,0.959298999,0.864492247
135.4,0.90038347,1.087760387,1.147848778,1.114041129,0.950180092,0.866148437
135.42,0.903798829,1.093033489,1.149385742,1.118014381,0.952563328,0.868132729
135.44,0.908870143,1.097443105,1.136644299,1.109270146,0.944009075,0.869986145
135.46,0.913178752,1.101752248,1.137072465,1.113404939,0.946977687,0.872209215
135.48,0.919225811,1.105214767,1.13721818,1.104973848,0.939026143,0.874299814
135.5,0.92440035,1.10711937,1.136427833,1.095567337,0.942623116,0.876796884
135.52,0.928682358,1.109712749,1.149295253,1.087751067,0.935240437,0.869265734
135.54,0.934639165,1.110779116,1.14708969,1.079150229,0.939440303,0.872098845
135.56,0.93955889,1.112419263,1.158441163,1.072052718,0.932614079,0.865492211
135.58,0.94622125,1.112587249,1.154908541,1.06428654,0.936761632,0.869168834
135.6,0.951758974,1.113131748,1.16483176,1.05705901,0.930037209,0.863392921
135.62,0.959102806,1.112273811,1.160948075,1.062489695,0.934260328,0.867883699
135.64,0.965229916,1.111588184,1.15718791,1.055855544,0.927757478,0.862901291
135.66,0.973216773,1.109594389,1.152413926,1.04861763,0.932194636,0.868187864
135.68,0.979893393,1.107502548,1.147388378,1.041934107,0.925905643,0.863969419
135.7,0.988471266,1.117783165,1.142575778,1.034634629,0.930545676,0.870039253
135.72,0.995643293,1.113968447,1.137699022,1.027965819,0.924506899,0.866560253
135.74,1.004809562,1.123547971,1.132990722,1.020726033,0.929399514,0.873404942
135.76,1.01145977,1.119128102,1.128307946,1.014173224,0.923645842,0.870645514
135.78,1.019930914,1.127943707,1.123753492,1.007098543,0.928835859,0.878250764
135.8,1.025949716,1.122846074,1.119312121,1.00075174,0.92339783,0.876178976
135.82,1.033624272,1.130832877,1.114956215,0.993935655,0.92892632,0.884531953
135.84,1.038910699,1.125014753,1.110802856,0.987873838,0.923831042,0.883122738
135.86,1.045675162,1.131132338,1.106688421,0.981398384,0.92973623,0.892211384
135.88,1.051118633,1.123372959,1.102857688,0.975690202,0.925008258,0.89144009
135.9,1.058043232,1.127573728,1.099009696,0.969626789,0.931326341,0.901261041
135.92,1.063551637,1.131782374,1.094504463,0.964331419,0.926988346,0.901116784
135.94,1.056607763,1.136094895,1.09002513,0.958732257,0.933754176,0.911664503
135.96,1.061134364,1.126717359,1.084914901,0.953886978,0.929827535,0.912058062
135.98,1.077981737,1.130276474,1.079882292,0.948797771,0.937075052,0.912034957
136,1.082142051,1.133911816,1.074238132,0.944438831,0.933579771,0.913117689
136.02,1.084895135,1.137684074,1.068844553,0.939899057,0.941286156,0.91371918
136.04,1.087672995,1.127782939,1.062883858,0.936058225,0.938186563,0.926103219
136.06,1.10273481,1.130814309,1.057200629,0.932103553,0.935673353,0.927134879
136.08,1.104836801,1.133836088,1.050988969,0.928808991,0.933122303,0.940115496
136.1,1.105639985,1.13595284,1.045198775,0.925418529,0.931137369,0.941564674
136.12,1.10816131,1.138057601,1.038929909,0.922644535,0.929137732,0.954114593
136.14,1.109258562,1.139230003,1.033141253,0.919851011,0.928289452,0.955048682
136.16,1.112067042,1.140469233,1.026928952,0.917019545,0.927412018,0.967119517
136.18,1.113319213,1.140760397,1.021240154,0.914283239,0.927529504,0.967491088
136.2,1.116265981,1.14120139,1.015181127,0.911584537,0.927727766,0.979033513
136.22,1.117541434,1.140694926,1.009670615,0.90897247,0.928778543,0.978777924
136.24,1.120482568,1.140422146,1.003851357,0.906459819,0.930020234,0.989728455
136.26,1.121655644,1.139218153,0.998591505,0.904028656,0.931980662,0.988767985
136.28,1.124455662,1.138329208,0.993088059,0.90174724,0.934242298,0.999049494
136.3,1.12540997,1.136539744,0.988141749,0.899545288,0.93709608,0.998060714
136.32,1.127945328,1.13514103,0.983020234,0.897533811,0.939594573,1.008206538
136.34,1.128584866,1.132885337,0.978441547,0.895602634,0.942715816,1.007061699
136.36,1.130758262,1.131087685,0.973759042,0.89388679,0.945469544,1.016979695
136.38,1.131001253,1.128487648,0.969594221,0.89225145,0.948838594,1.015584853
136.4,1.132728925,1.126402259,0.965399843,0.890853766,0.951822622,1.025183545
136.42,1.132510632,1.123578207,0.961688327,0.889539102,0.95541595,1.023443302
136.44,1.133728235,1.121313065,0.958024429,0.888478941,0.95860061,1.032629044
136.46,1.133002237,1.118380268,0.954800081,0.887506278,0.962390032,1.030447851
136.48,1.133665729,1.116037272,0.951703589,0.886800421,0.965740023,1.039126422
136.5,1.132404278,1.113103256,0.948995921,0.886188127,0.96969181,1.036410252
136.52,1.131557136,1.110776144,0.946499636,0.885851194,0.973165238,1.045421486
136.54,1.128858671,1.107929949,0.944335004,0.885615071,0.97723917,1.042962915
136.56,1.126444061,1.105690452,0.942468833,0.885659794,0.980795365,1.052265788
136.58,1.122353992,1.103011529,0.940871486,0.885813302,0.984956554,1.049945982
136.6,1.118429964,1.100926445,0.939663598,0.886250698,0.988545576,1.059411594
136.62,1.113016827,1.098484154,0.938656793,0.886805125,0.992745937,1.057106816
136.64,1.107670131,1.083786149,0.938134805,0.887644535,0.996307714,1.066600682
136.66,1.113852363,1.081885069,0.937679275,0.888608862,1.000489238,1.064184703
136.68,1.10688598,1.06793987,0.937810338,0.889857434,1.003952539,1.073633865
136.7,1.111461997,1.066688909,0.937935398,0.891237426,1.00804634,1.071043055
136.72,1.103015617,1.053530953,0.938754426,0.893629712,1.011328207,1.080306947
136.74,1.106123301,1.052960084,0.938761351,0.896161476,1.015262175,1.077415529
136.76,1.096358413,1.040610966,0.939579877,0.899537652,1.018279224,1.086358386
136.78,1.098154545,1.040732243,0.939667956,0.903177441,1.021968668,1.083048718
136.8,1.087247178,1.029191509,0.940564022,0.907509217,1.024619759,1.091544017
136.82,1.087900849,1.030009982,0.940796228,0.912227385,1.027967321,1.087710654
136.84,1.07603484,1.019274223,0.941837248,0.91749421,1.030138207,1.095645349
136.86,1.075720993,1.020789774,0.942268282,0.923268475,1.033034354,1.091198832
136.88,1.06308173,1.010850273,0.943513095,0.929455446,1.048051923,1.098477176
136.9,1.061975293,1.01305939,0.944191019,0.922815194,1.050367132,1.093414466
136.92,1.048744091,1.003903956,0.94569152,0.929986971,1.06479265,1.100028221
136.94,1.047015191,1.006801283,0.946591921,0.924218759,1.066342677,1.094299968
136.96,1.033365244,0.998415823,0.94832787,0.932352113,1.080055006,1.100195196
136.98,1.031175043,1.001995142,0.949490122,0.927417196,1.080714755,1.093774131
137,1.017267062,0.994364332,0.951503908,0.936489725,1.094361062,1.098919924
137.02,1.014764304,0.98749377,0.952963446,0.931573968,1.094842761,1.091808954
137.04,1.011869847,0.980749956,0.95523709,0.940727228,1.108212187,1.096209039
137.06,1.008986792,0.974907615,0.956963637,0.935872428,1.10838776,1.088486894
137.08,1.005754636,0.969079301,0.959522716,0.945070287,1.121356772,1.092215141
137.1,1.002626422,0.964237118,0.96154125,0.940222084,1.121107235,1.083920279
137.12,0.999195168,0.959296655,0.964412423,0.949420511,1.13355716,1.087011243
137.14,0.995942113,0.955429193,0.966745099,0.944517994,1.132770771,1.078197986
137.16,0.992433876,0.951351955,0.969951683,0.953664688,1.144590029,1.080701649
137.18,0.9891609,0.948437316,0.972617929,0.94863995,1.143164651,1.071436783
137.2,0.985681639,0.945202398,0.976179917,0.957674003,1.154251594,1.073415092
137.22,0.982478901,0.943222905,0.979196366,0.95245182,1.152097278,1.063774216
137.24,0.979119327,0.940813657,0.983130267,0.961303526,1.162362862,1.065297473
137.26,0.97606331,0.939756384,0.986510527,0.955801231,1.159404185,1.055361368
137.28,0.972900174,0.938160829,0.990829006,0.964392095,1.168774294,1.056504731
137.3,0.970055047,0.938018027,0.994583246,0.97237212,1.164952275,1.046355984
137.32,0.967152668,0.937229193,0.985442148,0.980587043,1.173438802,1.047196285
137.34,0.96457179,0.937998637,0.989673561,0.988169765,1.168781358,1.036916672
137.36,0.961983675,0.937945853,0.980858154,0.995858919,1.176344158,1.037530374
137.38,0.959711148,0.939562788,0.985553296,1.002968065,1.170827461,1.026341142
137.4,0.957481277,0.940251119,0.977033826,1.010043532,1.178301786,1.025964157
137.42,0.955544718,0.942726248,0.982174634,1.016595555,1.172749598,1.013904035
137.44,0.95369745,0.944165961,0.973916831,1.022970465,1.180162265,1.012688263
137.46,0.952118968,0.947515721,0.979480322,1.028887549,1.174507587,0.999912846
137.48,0.950677366,0.949722483,0.971444374,1.034468758,1.181783063,0.998005412
137.5,0.939501707,0.953969355,0.977401546,1.039663947,1.175970323,0.994640222
137.52,0.938660633,0.956915583,0.970478233,1.044353829,1.18304492,0.991959488
137.54,0.928218815,0.961103133,0.977541458,1.048746754,1.177079835,0.987835416
137.56,0.928030784,0.964080093,0.971622775,1.052459502,1.183950392,0.984532379
137.58,0.918304765,0.968303751,0.979728908,1.055968022,1.177799123,0.979807758
137.6,0.918754979,0.971359966,0.974744538,1.058613683,1.184424611,0.976025175
137.62,0.909726427,0.975669823,0.983837344,1.061157212,1.178066256,0.970847929
137.64,0.91080475,0.978846989,0.979719198,1.062649235,1.184419036,0.966717792
137.66,0.902455265,0.983286015,0.989741803,1.064151504,1.177845051,0.961223746
137.68,0.904152056,0.986619951,0.986421512,1.064410123,1.183910247,0.956866063
137.7,0.896463911,0.99122483,0.997313893,1.064802367,1.177123387,0.951177929
137.72,0.898770647,0.994746095,0.994720411,1.063758117,1.182077752,0.94670012
137.74,0.891727364,0.999547784,1.006416979,1.063802385,1.174130114,0.940919343
137.76,0.894637107,1.003282066,1.004474313,1.062352433,1.177999853,0.936404349
137.78,0.888223852,1.008306114,1.016909327,1.061981192,1.168974216,0.930619373
137.8,0.891731509,1.012274405,1.015546525,1.076367575,1.17183334,0.926142723
137.82,0.885935359,1.017541087,1.012305837,1.075359536,1.161906119,0.920430036
137.84,0.890037976,1.021759763,1.011654649,1.089149174,1.163924099,0.916056896
137.86,0.884848182,1.027203531,1.008995628,1.087332938,1.153202591,0.910482675
137.88,0.889545139,1.031604528,1.022000148,1.100425335,1.15447894,0.906268761
137.9,0.884952908,1.024212537,1.019725033,1.097786838,1.143079675,0.90088908
137.92,0.890245267,1.028991772,1.033165324,1.110155595,1.143722691,0.896881292
137.94,0.886179825,1.021898667,1.031137345,1.106626623,1.131768544,0.891743261
137.96,0.882992157,1.027048422,1.044935691,1.118192814,1.131891492,0.896996701
137.98,0.879540695,1.020188618,1.043074872,1.113721458,1.119507161,0.892004886
138,0.877067231,1.025652154,1.057141931,1.124423144,1.119269768,0.897367645
138.02,0.87426305,1.019003661,1.055358391,1.118976929,1.106622067,0.892568546
138.04,0.872492589,1.024766313,1.069593356,1.128772012,1.106133793,0.898090239
138.06,0.870325329,1.018302887,1.067788225,1.122340308,1.093338405,0.893524607
138.08,0.869249728,1.024344722,1.082079792,1.131208239,1.09270422,0.899249607
138.1,0.867711957,1.01803494,1.080146229,1.123802739,1.079869961,0.894952999
138.12,0.867326065,1.024329985,1.094373994,1.131744979,1.079188298,0.900921367
138.14,0.86641318,1.018136497,1.092198826,1.123399565,1.066415324,0.896925086
138.16,0.866714712,1.02465192,1.106235352,1.130439191,1.065776629,0.903173425
138.18,0.866424798,1.018530662,1.103701346,1.121208695,1.053155275,0.899505385
138.2,0.867414156,1.025225915,1.117414894,1.127388953,1.05264115,0.906067614
138.22,0.86774779,1.019125318,1.114403593,1.117346903,1.040251351,0.902753109
138.24,0.869427823,1.025951282,1.12766143,1.122728827,1.039934206,0.909661154
138.26,0.870387819,1.019811508,1.12405647,1.111964357,1.027845427,0.906723539
138.28,0.872763508,1.026709681,1.136728595,1.116623662,1.027788579,0.914007951
138.3,0.874354589,1.020461936,1.132419326,1.105237825,1.016060155,0.911469242
138.32,0.877432648,1.027363726,1.144382442,1.109261319,1.01631827,0.919159728
138.34,0.879661026,1.020929713,1.139267639,1.097363069,1.005000062,0.917041124
138.36,0.892486438,1.0277559,1.150409108,1.100844859,1.005619844,0.916129963
138.38,0.895304919,1.032599685,1.144400561,1.088547005,0.99475311,0.914552324
138.4,0.897299241,1.039290946,1.154679872,1.091584762,0.995728491,0.914148134
138.42,0.900753781,1.043937553,1.147763673,1.079000431,0.985302586,0.913061591
138.44,0.903322657,1.050347007,1.15710054,1.081692287,0.986668852,0.913114929
138.46,0.907419923,1.05471096,1.149223602,1.068931082,0.976712285,0.912528174
138.48,0.910568466,1.060738873,1.157557463,1.071372091,0.978498642,0.913048107
138.5,0.915313746,1.064724994,1.148687313,1.058537477,0.969033855,0.912970445
138.52,0.919046032,1.070261531,1.155979209,1.060817451,0.971264985,0.913966793
138.54,0.924442957,1.074581246,1.14610491,1.048004626,0.962309677,0.914408275
138.56,0.927945735,1.080384569,1.152346348,1.050206368,0.965006654,0.915891713
138.58,0.933126671,1.084861195,1.141491152,1.037500877,0.956574747,0.916854976
138.6,0.936468922,1.090806801,1.146695423,1.039699159,0.95975589,0.91882444
138.62,0.941425288,1.095332213,1.134898493,1.02717618,0.951858377,0.920313157
138.64,0.944593447,1.10129957,1.139099336,1.029437149,0.955539919,0.92277309
138.66,0.949307423,1.105765618,1.126418423,1.017161258,0.948185603,0.924791885
138.68,0.952279652,1.111635197,1.12966803,1.019542365,0.95238242,0.927747665
138.7,0.95672427,1.115935274,1.116177008,1.0075678,0.945578654,0.93030195
138.72,0.959470456,1.121590423,1.118543371,1.010118107,0.950304882,0.933759712
138.74,0.963609643,1.125621354,1.104329235,0.998489386,0.9440582,0.936855465
138.76,0.966091409,1.130950444,1.105893043,1.001250163,0.949327784,0.940821862
138.78,0.969880066,1.134614548,1.091052584,0.990002944,0.943644455,0.944465331
138.8,0.972050846,1.139513248,1.091903879,0.993008448,0.949471626,0.948947225
138.82,0.975435016,1.142720467,1.076540233,0.982170545,0.94435813,0.953144548
138.84,0.977240237,1.147094006,1.07677503,0.985448909,0.938831035,0.958148607
138.86,0.9904209,1.149763943,1.060994294,0.986968157,0.934414841,0.952581512
138.88,0.991726639,1.153581133,1.060711339,0.990363068,0.929712908,0.958177063
138.9,1.004410042,1.155695684,1.044678573,0.992093855,0.925996866,0.953073276
138.92,1.0051025,1.158885936,1.044034482,0.995640696,0.922062953,0.959259474
138.94,1.017225759,1.16038826,1.027849392,0.997619292,0.919042023,0.954607866
138.96,1.017235767,1.162896076,1.026936709,1.001349736,0.915872173,0.961382178
138.98,1.028728385,1.163743544,1.010694004,1.003608234,0.913543178,0.957170065
139,1.02880468,1.165528964,1.009600728,0.992855093,0.911135473,0.963703761
139.02,1.04028259,1.165701661,1.008084103,0.99569472,0.909425446,0.959231634
139.04,1.040322152,1.166752363,1.00654817,0.985713097,0.907701421,0.965543004
139.06,1.051700172,1.166315586,1.004610402,0.989214231,0.90660475,0.96079074
139.08,1.051621724,1.166700039,1.002728244,0.979997926,0.905564851,0.966865086
139.1,1.062819463,1.165655198,1.000471584,0.984162519,0.905082585,0.961804847
139.12,1.062543951,1.165380691,0.998333531,0.975703107,0.904729355,0.96761939
139.14,1.073482377,1.16374201,0.995852389,0.980531981,0.904864568,0.962215676
139.16,1.072933081,1.162829229,0.993541033,0.972819987,0.905202638,0.967739562
139.18,1.083535207,1.160622482,0.990921273,0.978313777,0.905960389,0.96274885
139.2,1.082638772,1.159103961,0.988511071,0.971339623,0.906196738,0.968607231
139.22,1.092839192,1.1563649,0.985829768,0.977499542,0.906928093,0.963941825
139.24,1.09153848,1.154283243,0.983387023,0.9712461,0.907111424,0.97007129
139.26,1.101275425,1.151055911,0.980712581,0.978062888,0.907837121,0.965664123
139.28,1.099514481,1.148461852,0.978295675,0.97251521,0.907985931,0.972005455
139.3,1.108731661,1.144796682,0.975688131,0.979985773,0.908720181,0.967790248
139.32,1.106461075,1.141747015,0.973347961,0.975130912,0.908846037,0.974283647
139.34,1.115108938,1.137698933,0.970859597,0.983254421,0.90959702,0.970194371
139.36,1.112286929,1.1342545,0.968640225,0.979081692,0.921619552,0.976779084
139.38,1.120323764,1.129881118,0.966316282,0.975945195,0.922321419,0.972809145
139.4,1.11691709,1.126104925,0.964255648,0.972573753,0.934276255,0.97948264
139.42,1.124310222,1.121464882,0.962075993,0.970143537,0.934881007,0.975564701
139.44,1.120295466,1.117420399,0.960148504,0.967551333,0.946786852,0.982262788
139.46,1.1270219,1.111749446,0.958149082,0.965807203,0.947301337,0.978329378
139.48,1.123207475,1.106553807,0.956377097,0.963974742,0.95917049,0.984987239
139.5,1.130190757,1.09993175,0.954576663,0.962899483,0.959595583,0.980979273
139.52,1.126544561,1.093710904,0.952978435,0.961810278,0.971433942,0.987543962
139.54,1.133719249,1.086252242,0.951396234,0.961389508,0.971764547,0.983403013
139.56,1.130186025,1.079130961,0.949987135,0.961030014,0.983571636,0.989817149
139.58,1.137490241,1.070951625,0.948639514,0.961252098,0.983796634,0.985485542
139.6,1.134019214,1.074881292,0.94743263,0.961611593,0.995565446,0.991692046
139.62,1.129569821,1.065951799,0.946393091,0.96246751,0.995667524,0.998512737
139.64,1.126318945,1.069100059,0.945457188,0.963538242,0.995985148,1.004283703
139.66,1.122076484,1.059466058,0.94473504,0.965022014,0.996110111,1.010625216
139.68,1.119070208,1.06193529,0.944076963,0.966742942,0.996473868,1.015855508
139.7,1.115006719,1.051701164,0.943680056,0.968795558,0.996587297,1.021675441
139.72,1.112215406,1.053591183,0.931626275,0.971166058,0.996963652,1.026319787
139.74,1.10830714,1.054536851,0.931751283,0.960975126,0.997025879,1.031577596
139.76,1.105706037,1.055696277,0.933090233,0.964036804,0.997311829,1.035593445
139.78,1.101990903,1.055890781,0.933625412,0.954525824,0.99721406,1.040251153
139.8,1.099615894,1.056491525,0.935422271,0.958333037,0.997368118,1.04359941
139.82,1.096075101,1.056111397,0.936375668,0.949480314,0.99706195,1.047623209
139.84,1.093907336,1.056252316,0.938641954,0.954023545,0.997038104,1.050269935
139.86,1.090527034,1.055402072,0.940022196,0.958576662,0.996469882,1.053630869
139.88,1.088552518,1.055175921,0.930001803,0.963764024,0.996282366,1.055547956
139.9,1.085322837,1.053953281,0.931966195,0.968822158,0.995457309,1.058223121
139.92,1.08353177,1.053381597,0.922550823,0.974597493,0.99504973,1.059389801
139.94,1.080446461,1.051814541,0.925091406,0.980169575,0.993903079,1.06136306
139.96,1.078832503,1.050979662,0.916264995,0.986541639,0.994044292,1.061765926
139.98,1.075887894,1.049154108,0.919374797,0.991806326,0.993423708,1.063036569
140,1.074447758,1.048131157,0.911123,0.997874678,0.99397518,1.062683151
140.02,1.071643014,1.046125284,0.914788344,1.002917887,0.993787023,1.063257797
140.04,1.070376417,1.044982291,0.907085541,1.008705085,0.99467091,1.062158867
140.06,1.067713144,1.042866691,0.911294594,1.013542521,0.994829506,1.062051293
140.08,1.065804763,1.041664737,0.904121794,1.019062605,0.995970635,1.061042991
140.1,1.062534185,1.039494666,0.908864725,1.02370278,0.996393433,1.061018593
140.12,1.059989181,1.038276997,0.902204893,1.028961932,0.997727047,1.060122889
140.14,1.056171115,1.03610174,0.907473622,1.03340663,0.998345901,1.060158928
140.16,1.053051735,1.034910066,0.901311463,1.038403708,0.99980903,1.0593531
140.18,1.04874633,1.032773131,0.907099514,1.04264846,1.000554513,1.059430137
140.2,1.045118911,1.03164412,0.901421329,1.047375472,1.002086462,1.058695253
140.22,1.040389261,1.029583699,0.907723637,1.051409861,1.002892088,1.058797573
140.24,1.036322762,1.028549447,0.902517133,1.055852312,1.004434804,1.058118897
140.26,1.031233558,1.026598918,0.909329837,1.059660274,1.005237475,1.058234818
140.28,1.026798153,1.02568741,0.904583914,1.063797528,1.006736031,1.057602066
140.3,1.021414427,1.023875817,0.911904119,1.067357651,1.007476587,1.057724111
140.32,1.016680206,1.023111372,0.907608641,1.071163303,1.00887975,1.057131535
140.34,1.011066199,1.021463882,0.915434153,1.074449164,1.009503583,1.057256448
140.36,1.006102018,1.02086757,0.911579688,1.07789145,1.010764408,1.056702773
140.38,1.000320189,1.019405902,0.919908724,1.080871995,1.011222095,1.056831381
140.4,0.995192687,1.018995919,0.916486256,1.083914274,1.01229852,1.05631958
140.42,0.989302904,1.017738727,0.925317118,1.086554264,1.012546418,1.056456535
140.44,0.984075705,1.017530735,0.922317728,1.089155575,1.013401803,1.055993491
140.46,0.978134603,1.01649395,0.931648438,1.091416129,1.013402578,1.056146895
140.48,0.972867708,1.016501369,0.929062956,1.093531853,1.014006166,1.055742958
140.5,0.966928224,1.015698496,0.938890846,1.09537108,1.013729201,1.055923921
140.52,0.96167759,1.015932755,0.936709456,1.096953716,1.014056451,1.055592402
140.54,0.955788664,1.015375117,0.947030725,1.098327465,1.013478124,1.055814543
140.56,0.961375144,1.015845858,0.945242539,1.099327524,1.013510904,1.04480197
140.58,0.955491217,1.015597458,0.956051753,1.100190247,1.012614697,1.045224909
140.6,0.961060214,1.016366018,0.95464461,1.100557275,1.012287681,1.034449087
140.62,0.955170946,1.016432356,0.965934702,1.100863002,1.011011364,1.035085758
140.64,0.960767564,1.017503078,0.964894643,1.100546451,1.010321556,1.024563237
140.66,0.95491513,1.017887859,0.976655764,1.100249354,1.008664889,1.025425899
140.68,0.960581842,1.019263845,0.975966204,1.099199855,1.007615369,1.015172267
140.7,0.954805323,1.019969321,0.988185102,1.098255981,1.005584537,1.016272794
140.72,0.960582029,1.021652466,0.987826262,1.111689436,1.004183997,1.006302447
140.74,0.954917519,1.022679454,0.985223144,1.109922234,1.001867834,1.007652134
140.76,0.960841657,1.024670431,0.985382447,1.12251768,1.000204682,0.997978513
140.78,0.955322423,1.025943025,0.983211613,1.119815245,0.997617834,0.999588692
140.8,0.96142912,1.028167049,0.983860404,1.131537606,0.995707231,0.990224151
140.82,0.956085427,1.029685343,0.9820935,1.127869087,0.992868251,0.992105332
140.84,0.951583891,1.032142596,0.983199898,1.138686901,0.990728901,0.993883782
140.86,0.946533258,1.033849837,0.981806297,1.134026131,0.987659827,0.995901746
140.88,0.953241813,1.036485042,0.983335273,1.143912652,0.985367075,0.987046501
140.9,0.948467625,1.038434228,0.982281174,1.13823923,0.982145456,0.989361711
140.92,0.955442628,1.041299747,0.984194473,1.147173737,0.979666407,0.980851796
140.94,0.950912525,1.043485036,0.983443701,1.141701578,0.976263408,0.983472852
140.96,0.958181302,1.046575334,0.984472752,1.150705703,0.973635047,0.975314984
140.98,0.953917111,1.048988266,0.982962498,1.145417669,0.97009535,0.97824929
141,0.961505676,1.05228339,0.994908772,1.154423332,0.967353645,0.970449202
141.02,0.957527712,1.043065323,0.992537911,1.149316293,0.9637154,0.973703719
141.04,0.965460876,1.046716385,1.003522983,1.158327985,0.960895763,0.966266275
141.06,0.961729712,1.037735666,1.000246483,1.153347615,0.957196643,0.969847608
141.08,0.969973795,1.041714418,1.010290005,1.162318033,0.954333482,0.962776674
141.1,0.966509056,1.032936043,1.00611913,1.157418149,0.950609616,0.966690618
141.12,0.975088732,1.037212672,1.015236594,1.151148485,0.947735652,0.959989251
141.14,0.971908671,1.02860067,1.025339036,1.145342904,0.943945087,0.95374703
141.16,0.980847504,1.033144124,1.034415716,1.153426,0.951501099,0.947577641
141.18,0.977917729,1.02473617,1.029163874,1.147759248,0.94752856,0.941966588
141.2,0.987187662,1.029598351,1.037280606,1.140712013,0.954841409,0.936374353
141.22,0.984527411,1.021292473,1.046203053,1.134227708,0.950658065,0.931386195
141.24,0.99415397,1.026359911,1.054203313,1.141580294,0.957685122,0.926362165
141.26,0.991781516,1.018183724,1.047737564,1.134195397,0.953395544,0.921987823
141.28,1.001788293,1.023503441,1.055836561,1.140628585,0.959531032,0.917523105
141.3,0.999720524,1.015351044,1.049292146,1.133020192,0.954359419,0.913747455
141.32,1.010130642,1.020816028,1.057441414,1.13936983,0.959684712,0.909823083
141.34,1.008383195,1.013725456,1.050781075,1.131528922,0.953714194,0.906631613
141.36,1.01814359,1.020215314,1.058952181,1.137786369,0.958306242,0.903233397
141.38,1.015828428,1.014113625,1.052154296,1.129716482,0.95161461,0.900601913
141.4,1.024997791,1.021539071,1.06031335,1.135878141,0.955548584,0.897701393
141.42,1.022174722,1.016337945,1.053350548,1.127587994,0.948211226,0.89560821
141.44,1.030818112,1.02462152,1.061463036,1.133655215,0.951559739,0.893184359
141.46,1.027535994,1.020239576,1.054308421,1.125158476,0.943648948,0.891609797
141.48,1.035707392,1.029308711,1.062340142,1.131137398,0.946481539,0.889643544
141.5,1.032005609,1.025670042,1.054968143,1.122452338,0.95083829,0.888569851
141.52,1.039749309,1.03545584,1.062886127,1.11558133,0.953862558,0.887108257
141.54,1.035658938,1.032488831,1.055273347,1.106153387,0.945688455,0.8865897
141.56,1.043011031,1.042925098,1.062982155,1.111316606,0.948221395,0.885562061
141.58,1.038556484,1.040561502,1.055037914,1.101791883,0.952332358,0.885518731
141.6,1.045545556,1.051583693,1.062565247,1.094242034,0.954348133,0.8849705
141.62,1.040744133,1.049757255,1.054338262,1.084858163,0.957976577,0.885451577
141.64,1.047391994,1.061302202,1.061600363,1.077442377,0.959468667,0.885367606
141.66,1.042255784,1.059949436,1.053016687,1.068226432,0.962667045,0.886358897
141.68,1.048578481,1.071955093,1.059997178,1.060967299,0.963690677,0.886725284
141.7,1.043114345,1.071013738,1.064921594,1.051945921,0.966508352,0.888214104
141.72,1.04912246,1.069549523,1.071540453,1.044934806,0.967115344,0.889018361
141.74,1.043332576,1.069096832,1.076051521,1.036202612,0.969598855,0.890993371
141.76,1.048962679,1.068024534,1.082231086,1.029459503,0.969838235,0.892224254
141.78,1.042776605,1.06800366,1.086326882,1.021039417,0.972031254,0.894674933
141.8,1.048032041,1.067272393,1.092065346,1.014582968,0.971948514,0.896321578
141.82,1.041446093,1.067628152,1.095748535,1.006496606,0.973891485,0.899238041
141.84,1.046326247,1.067189167,1.101049298,1.000344192,0.973528578,0.901290477
141.86,1.039333464,1.067868751,1.104327164,0.992611561,0.975258737,0.904663606
141.88,1.043834257,1.06767547,1.109198802,0.986779048,0.974654111,0.907112538
141.9,1.036424876,1.068628504,1.112083144,0.97941833,0.976205535,0.910933745
141.92,1.040539254,1.068636608,1.116539232,0.973919921,0.975394186,0.913770322
141.94,1.032701191,1.06981527,1.119046126,0.966947336,0.976797857,0.918031301
141.96,1.036419614,1.069982823,1.123104932,0.961795492,0.975811401,0.921246872
141.98,1.02813895,1.07134199,1.1252544,0.955225242,0.977095283,0.925939325
142,1.031449891,1.071629594,1.128938471,0.950430666,0.975962036,0.929525181
142.02,1.022711372,1.07312701,1.130754048,0.944274947,0.977151159,0.934640537
142.04,1.026535108,1.073497966,1.134089711,0.939846622,0.975896232,0.937654356
142.06,1.018338661,1.075103765,1.135597959,0.934115686,0.977012779,0.942176849
142.08,1.022563992,1.075538659,1.138614802,0.930060961,0.975648801,0.944711314
142.1,1.014830747,1.077225803,1.139844897,0.924763228,0.976697811,0.948688054
142.12,1.019395953,1.077702421,1.142575251,0.921087893,0.975234842,0.950779722
142.14,1.012059734,1.079446453,1.143558401,0.932804747,0.976224465,0.954249275
142.16,1.016909076,1.079944992,1.129461926,0.92938686,0.974754568,0.955927754
142.18,1.009910358,1.081724237,1.130441542,0.924759769,0.975773363,0.958921865
142.2,1.014993343,1.082142959,1.132915784,0.921651687,0.974215111,0.960211677
142.22,1.008278475,1.083856767,1.133706737,0.917482471,0.975181925,0.962755879
142.24,1.013548867,1.084268961,1.135992059,0.914771715,0.973538553,0.963675623
142.26,1.007068622,1.085986792,1.136627409,0.927562765,0.974455975,0.965789739
142.28,1.012484456,1.086380452,1.122260852,0.925125971,0.972812838,0.966353708
142.3,1.00619525,1.088089392,1.122982869,0.921667702,0.973763592,0.968053483
142.32,1.01171887,1.088371077,1.125210283,0.919553765,0.972033431,0.968273152
142.34,1.005581481,1.0899797,1.125834907,0.916567972,0.972931288,0.969570495
142.36,1.011178437,1.090230203,1.127973087,0.914861301,0.971111135,0.969453403
142.38,1.005156864,1.091816217,1.12853238,0.912347371,0.971953259,0.970356595
142.4,1.010796146,1.092031129,1.13061714,0.911046545,0.970038496,0.969907721
142.42,1.004859043,1.093589929,1.131143059,0.925419314,0.970820216,0.970422392
142.44,1.010513295,1.093767156,1.116793037,0.924403735,0.969914912,0.969644628
142.46,1.004632865,1.095296633,1.117518696,0.921598021,0.971557607,0.96978501
142.48,1.010277805,1.095352588,1.119801364,0.920074452,0.971509057,0.968695051
142.5,1.004429657,1.096771962,1.120532946,0.916782149,0.973847489,0.968472263
142.52,1.010043664,1.096795799,1.122835452,0.914899201,0.974575826,0.967078635
142.54,1.004205877,1.098191703,1.12359149,0.927572894,0.977542818,0.966501305
142.56,1.009770278,1.098186852,1.109549221,0.925270913,0.979058268,0.964810911
142.58,1.003924876,1.099563026,1.110545288,0.920996278,0.98267419,0.963886518
142.6,1.009424189,1.099450838,1.11314902,0.918361571,0.984827692,0.961905883
142.62,1.003556092,1.100731699,1.114194753,0.913781262,0.988953539,0.960640791
142.64,1.008977059,1.089162508,1.116868942,0.910935761,0.991686378,0.958374799
142.66,1.01451578,1.090535404,1.117922478,0.922481801,0.996272448,0.956774256
142.68,1.01969432,1.090554436,1.104236519,0.919348427,0.999612802,0.954284102
142.7,1.013593504,1.091984736,1.105565485,0.9140744,1.004694336,0.962720658
142.72,1.018678547,1.080564514,1.108573683,0.910713997,0.998197234,0.959842614
142.74,1.023932098,1.082017423,1.109932622,0.921666099,1.003809752,0.967846585
142.76,1.02881515,1.070805824,1.096575816,0.918027057,0.997926337,0.964593159
142.78,1.033864273,1.072428894,1.098168154,0.928590319,0.990983196,0.972230003
142.8,1.038542867,1.061346232,1.08504914,0.937744311,0.984922294,0.968541952
142.82,1.043386628,1.063062801,1.086876837,0.932153945,0.991126621,0.975745774
142.84,1.047860695,1.052116239,1.090536501,0.928476267,0.985640423,0.971686638
142.86,1.05249887,1.053933948,1.092487445,0.939143138,0.992300588,0.97853345
142.88,1.056769837,1.043214388,1.079736685,0.935211383,0.987343939,0.974115341
142.9,1.061204905,1.045222512,1.081937674,0.945523094,0.994497912,0.980613154
142.92,1.065276775,1.034648894,1.069431861,0.941277403,0.990026662,0.975844585
142.94,1.069513908,1.036769602,1.071881485,0.951262719,0.984600995,0.98200223
142.96,1.073392226,1.026347328,1.059615551,0.959758493,0.980684004,0.97682656
142.98,1.077437335,1.028587046,1.062310905,0.952645398,0.975926834,0.982589098
143,1.081128261,1.0183207,1.066965835,0.960712775,0.972498794,0.977018906
143.02,1.084987982,1.020685198,1.069787196,0.969947728,0.968275209,0.98239895
143.04,1.088498523,1.010663559,1.057939707,0.977599124,0.965375527,0.976446972
143.06,1.092180676,1.01324065,1.061070579,0.986407618,0.961722004,0.981457743
143.08,1.095519233,1.003379107,1.04951402,0.993587461,0.959307994,0.975138278
143.1,1.099033419,1.006088337,1.052947199,1.001995362,0.956178927,0.979794087
143.12,1.102209122,0.996389644,1.041670859,1.008729904,0.954210496,0.973122167
143.14,1.105564801,0.999235354,1.045397994,0.999939151,0.951563472,0.977438012
143.16,1.108586924,0.989701354,1.051211653,1.006342046,0.949919407,0.97042939
143.18,1.111794092,0.992687073,1.055047674,1.014183122,0.947631706,0.974420532
143.2,1.104281463,0.983404482,1.044129851,1.020259333,0.946363904,0.977481642
143.22,1.107494082,0.986565154,1.048252497,1.027750129,0.944485195,0.980969324
143.24,1.10008244,0.977394946,1.03759092,1.033431361,0.943612661,0.983492525
143.26,1.103358329,0.98064899,1.041990768,1.040587786,0.942158637,0.986499547
143.28,1.096050332,0.971593728,1.031572843,1.045890485,0.941648381,0.988509815
143.3,1.099393139,0.974945487,1.036239369,1.05272719,0.940584391,0.99106003
143.32,1.092190877,0.966006768,1.026052392,1.057666287,0.940405719,0.992582848
143.34,1.095604141,0.969459652,1.030974839,1.064196431,0.939699565,0.994700503
143.36,1.088509456,0.960638145,1.02100602,1.068785409,0.939823987,0.995761722
143.38,1.091996488,0.964194658,1.026173411,1.07502094,0.939445826,0.997471318
143.4,1.085010865,0.955490152,1.016409889,1.07927214,0.939846975,0.998096998
143.42,1.088574648,0.959151921,1.021811027,1.085224065,0.939769235,0.999423137
143.44,1.081699144,0.950563369,1.012239898,1.089148969,0.940422793,0.999639371
143.46,1.085342251,0.954331175,1.017863384,1.094827605,0.940620095,1.000606587
143.48,1.078577423,0.945856745,1.008471728,1.098437095,0.941503731,1.000439318
143.5,1.08230195,0.949730552,1.014305978,1.103852296,0.941952814,1.001071906
143.52,1.075647813,0.941367679,1.005080894,1.107156902,0.943046117,1.000546738
143.54,1.079455327,0.945346669,1.011114169,1.112318266,0.943725768,1.000868576
143.56,1.072911316,0.937092097,1.002042813,1.115328374,0.945010185,1.00001059
143.58,1.076802818,0.941174706,1.008263257,1.120245433,0.945901165,1.000044971
143.6,1.070367768,0.933024546,0.99933289,1.122971484,0.947359931,0.998878542
143.62,1.074343658,0.937208502,1.005728576,1.127653869,0.948444895,0.99864801
143.64,1.068015793,0.929158278,0.996926618,1.130106524,0.950062963,0.997196639
143.66,1.072075854,0.933440638,1.003485604,1.134564105,0.951326376,0.996722837
143.68,1.06585278,0.925485342,0.994799697,1.136754386,0.953090332,0.995008993
143.7,1.069996166,0.929862538,1.001510094,1.140997395,0.954518379,0.994312523
143.72,1.063874879,0.921996684,0.992928167,1.142936797,0.956416359,0.992357501
143.74,1.068100111,0.92646457,0.999778211,1.146975917,0.970268068,0.991457803
143.76,1.062077006,0.918682253,0.991288556,1.136405271,0.972195019,0.989343708
143.78,1.066381974,0.923236151,0.998266698,1.140408887,0.973758851,0.988319643
143.8,1.060453172,0.915531107,0.98979551,1.142040404,0.975743169,0.997554801
143.82,1.064835757,0.920165873,0.996830023,1.14585774,0.96589167,0.996280753
143.84,1.059054235,0.912531226,0.98843157,1.147270222,0.968125293,1.005221011
143.86,1.063568001,0.917240979,0.995574529,1.150855756,0.970741595,1.003658903
143.88,1.057926482,0.909670241,0.987238579,1.139775902,0.973118536,1.012387213
143.9,1.06256527,0.914449669,0.994479258,1.143301392,0.963571053,1.010617189
143.92,1.057056116,0.906936474,0.986133365,1.144364022,0.966117094,1.01908883
143.94,1.061813951,0.911779963,0.993401112,1.147683263,0.968999586,1.017066009
143.96,1.056429171,0.904317519,0.985100832,1.13630201,0.971673431,1.025360627
143.98,1.061299032,0.909218622,0.992448754,1.139586546,0.974601124,1.023162025
144,1.056030337,0.901800141,0.984123361,1.128151854,0.977336475,1.031293879
144.02,1.061005443,0.906752914,0.991482406,1.131412317,0.968108738,1.028931988
144.04,1.055844582,0.909874678,0.98312692,1.132132845,0.970995846,1.036851724
144.06,1.050414774,0.914794138,0.990545065,1.135224377,0.974158853,1.034277202
144.08,1.045483517,0.907310608,0.982269649,1.123564335,0.977158908,1.042007672
144.1,1.050777685,0.912219897,0.989747172,1.126658936,0.968168867,1.039241387
144.12,1.045931577,0.915275833,0.981429951,1.127170093,0.971309199,1.046784914
144.14,1.040792705,0.92014494,0.988954062,1.130124427,0.974687307,1.043828076
144.16,1.03615292,0.912581889,0.980707404,1.118296107,0.977930328,1.051204236
144.18,1.041723316,0.917433792,0.988280542,1.121281249,0.981332407,1.048074468
144.2,1.037145834,0.92041181,0.979984875,1.109465815,0.984614011,1.055344276
144.22,1.032253688,0.925216849,0.987596725,1.112492263,0.988038901,1.052100074
144.24,1.027860386,0.917561589,0.979304635,1.100699688,0.991357847,1.059216073
144.26,1.03366532,0.922343232,0.986899985,1.10377757,0.982623761,1.055809345
144.28,1.029312923,0.925232268,0.978558811,1.104198466,0.986068893,1.06276766
144.3,1.024626413,0.929960859,0.986192382,1.107184654,0.98968592,1.059193943
144.32,1.02043732,0.932735397,0.977919076,1.095317931,0.993221497,1.066008271
144.34,1.015903984,0.937356825,0.985651583,1.09838018,0.99685204,1.062279601
144.36,1.011866204,0.929479837,0.977383067,1.086569408,1.000413703,1.068953195
144.38,1.018012571,0.934074369,0.985100073,1.089716627,1.004056186,1.065071391
144.4,1.013983237,0.936753955,0.976786902,1.07796875,1.007641719,1.07165835
144.42,1.009593515,0.941293177,0.984546884,1.081207945,0.999094288,1.067675811
144.44,1.005697617,0.943857471,0.976247066,1.08172881,1.002788954,1.074060355
144.46,1.001433494,0.948289115,0.98405427,1.084916712,1.006596049,1.069862701
144.48,0.997660994,0.94019139,0.975834529,1.073166516,1.010364909,1.076108601
144.5,1.004061588,0.944598127,0.983700493,1.07646533,1.014170355,1.071757761
144.52,1.000270596,0.947072033,0.975449188,1.064799458,1.017946743,1.077916571
144.54,0.996098857,0.951427793,0.983373002,1.068213733,1.021747011,1.073462592
144.56,0.992417541,0.953791957,0.975150647,1.056634379,1.025526625,1.079477866
144.58,0.988349577,0.958047024,0.983139586,1.060167511,1.029317924,1.074864805
144.6,0.984770745,0.949750306,0.974952806,1.048675827,1.033095562,1.08073425
144.62,0.991355634,0.953991048,0.982961012,1.05233006,1.036872698,1.075959762
144.64,0.987739424,0.956284034,0.974764715,1.040925562,1.040641927,1.081733169
144.66,0.983728041,0.960485743,0.982856387,1.044701393,1.044398788,1.076846482
144.68,0.980206431,0.962681605,0.97471252,1.033382193,1.048152408,1.082466373
144.7,0.97628543,0.96679753,0.982897,1.037279399,1.051882426,1.077411188
144.72,0.972854155,0.958345822,0.974813262,1.026042414,1.055612155,1.082874806
144.74,0.979577469,0.962466203,0.983046436,1.030059451,1.059307198,1.077649006
144.76,0.976098844,0.964625141,0.974978458,1.018899831,1.063003378,1.083006222
144.78,0.972215361,0.968727314,0.983325975,1.023033248,1.066654278,1.077659816
144.8,0.96882546,0.970809813,0.975336116,1.01194463,1.070306391,1.082853755
144.82,0.965027731,0.974849983,0.983808418,1.016190118,1.073903448,1.077331775
144.84,0.961725416,0.976866412,0.975904443,1.005164861,1.077499846,1.082360869
144.86,0.958012139,0.980856171,0.984511879,1.00951666,1.081031779,1.076663099
144.88,0.954796809,0.972261784,0.976701395,0.99854556,1.084559459,1.081526515
144.9,0.961723554,0.976295762,0.985400671,1.002996426,1.08801399,1.075653699
144.92,0.958461011,0.978347937,0.977638763,0.992068446,1.091458918,1.080403936
144.94,0.954784666,0.982405933,0.986495831,0.996609095,1.094822828,1.074409604
144.96,0.95161615,0.984422102,0.978843841,0.985711654,1.098170273,1.078993113
144.98,0.948031628,0.98846363,0.987868979,0.990331835,1.101430005,1.07282651
145,0.944959986,0.979905327,0.98033322,0.979451088,1.104664383,1.077245712
145.02,0.952021323,0.984027247,0.989482396,0.984139023,1.107805092,1.07091142
145.04,0.948915153,0.986145191,0.982016291,0.973259353,1.110909846,1.075222463
145.06,0.945390347,0.990328986,0.991354241,0.978001214,1.11391609,1.068778164
145.08,0.942393841,0.992446382,0.984017077,0.967105566,1.116874391,1.072931523
145.1,0.938976116,0.996653404,0.993552452,0.971886585,1.11973082,1.066330941
145.12,0.93609453,0.998784945,0.986348121,0.960956795,1.122525498,1.070333342
145.14,0.932788418,1.003031402,0.996088468,0.965760757,1.125215988,1.063585714
145.16,0.930027174,0.994640159,0.989019821,0.954777381,1.127829512,1.0674454
145.18,0.937389745,0.99902388,0.998917937,0.960887928,1.130337946,1.060561527
145.2,0.934621171,1.001361416,0.990633042,0.951364158,1.132765898,1.064340656
145.22,0.931423619,1.005865797,0.999228855,0.958566317,1.135096933,1.057384548
145.24,0.928794141,1.008243721,0.989985292,0.950310571,1.137335192,1.061039832
145.26,0.92573155,1.012810999,0.997444639,0.958461494,1.1394857,1.053971648
145.28,0.923248572,1.015232338,0.987362861,0.951314294,1.141529228,1.05751615
145.3,0.920327237,1.019868077,0.993824147,0.960289437,1.143494853,1.050351488
145.32,0.917997863,1.022337396,0.983003688,0.954111379,1.145338012,1.053799717
145.34,0.915224316,1.0270485,0.988582826,0.963801014,1.147114203,1.046555503
145.36,0.913055878,1.029571549,0.992176361,0.958469121,1.148751515,1.049923274
145.38,0.910436835,1.019295347,0.99678609,0.968849438,1.15033398,1.042617596
145.4,0.908436841,1.022138692,0.999610047,0.964327067,1.15176094,1.045921885
145.42,0.905903553,1.012134262,1.003266836,0.975306846,1.153146774,1.038573811
145.44,0.904006691,1.015294188,1.005392399,0.971492014,1.154360233,1.041832216
145.46,0.901569685,1.005554719,1.008175355,0.982988101,1.155547518,1.034460863
145.48,0.899787131,1.009027732,1.00966254,0.979788517,1.156545659,1.037691468
145.5,0.897456737,0.999547118,1.011638425,0.991724796,1.157533775,1.030316587
145.52,0.895799447,1.003330534,1.012537545,0.989056349,1.158316428,1.033538163
145.54,0.893585761,0.994103211,1.013762381,1.001362613,1.159106332,1.026179926
145.56,0.892064432,0.998194977,1.014115266,0.999148166,1.159675229,1.029411743
145.58,0.889977284,0.989215773,1.014635668,1.01175924,1.160269672,1.022090541
145.6,0.888602328,0.993614304,1.014476692,1.009927675,1.160628658,1.025352182
145.62,0.886651263,0.984878292,1.014330996,1.022782729,1.161032357,1.018088421
145.64,0.885432779,0.989582307,1.013687946,1.021268198,1.161187531,1.021399611
145.66,0.883627027,0.981084662,1.012907182,1.018599691,1.161407276,1.014213534
145.68,0.882574779,0.986093014,1.027512554,1.01759705,1.161290666,1.017593978
145.7,0.880923248,0.977828869,1.025786798,1.015576571,1.161260361,1.010505118
145.72,0.880046642,0.983218856,1.039432777,1.015091848,1.160888031,1.013973604
145.74,0.878557891,0.975258633,1.036797385,1.013640351,1.160624296,1.007000676
145.76,0.877866345,0.981023686,1.049524155,1.013604714,1.160014789,1.010575775
145.78,0.876549337,0.973357062,1.04600807,1.012649512,1.159536062,1.003736962
145.8,0.876052208,0.979490608,1.057848323,1.01299961,1.158709925,1.007436924
145.82,0.87491546,0.972107124,1.053474226,1.012473861,1.158036379,1.000749775
145.84,0.874621622,0.978602331,1.064454123,1.013151421,1.157016038,1.004592448
145.86,0.873673194,0.97149116,1.059239326,1.012993735,1.156169449,0.998073797
145.88,0.873591021,0.978340662,1.069379406,1.01394525,1.154979041,1.002076554
145.9,0.872838493,0.971490369,1.063336709,1.014099379,1.153982615,0.995742459
145.92,0.872975835,0.978685968,1.072652747,1.015275872,1.152647778,0.999922154
145.94,0.872426289,0.972084245,1.065791271,1.015690472,1.151525947,0.99378786
145.96,0.872790434,0.979616594,1.07429512,1.017047316,1.150073582,0.998160798
145.98,0.872450415,0.973249984,1.066621129,1.017675754,1.148851771,0.992240715
146,0.87304805,0.981108244,1.074321541,1.019172522,1.147309789,0.99682264
146.02,0.872923524,0.974961847,1.065839269,1.019972726,1.14601418,0.991130342
146.04,0.87376067,0.983133326,1.072742722,1.021573076,1.144411227,0.995936436
146.06,0.873856964,0.977190483,1.063455202,1.022507402,1.143068514,0.990484674
146.08,0.884353788,0.985660251,1.069566725,1.024178965,1.141433713,0.986114689
146.1,0.884562342,0.979948581,1.059476634,1.025214067,1.140070861,0.981074832
146.12,0.895173484,0.988744998,1.064800865,1.026928344,1.138387301,0.977091879
146.14,0.895458565,0.983241643,1.053911836,1.028035058,1.136986001,0.972466705
146.16,0.906199077,0.992342255,1.058453855,1.029767083,1.135285465,0.96887238
146.18,0.906571695,0.987021554,1.04677085,1.030919843,1.133874946,0.964663731
146.2,0.917455389,0.996400653,1.050536763,1.032648092,1.132188799,0.961459297
146.22,0.917925173,0.991234061,1.038066917,1.033825274,1.130797763,0.957668621
146.24,0.928964432,1.000862296,1.041064678,1.035531772,1.129156764,0.954855061
146.26,0.92953946,0.995818079,1.027818129,1.036715537,1.12781323,0.951483461
146.28,0.940745032,1.005662101,1.030058335,1.038385713,1.126247377,0.949061527
146.3,0.941431623,1.00070508,1.016049013,1.039561832,1.124978559,0.946109812
146.32,0.952812376,1.010727254,1.017545651,1.041184356,1.123516971,0.944080059
146.34,0.953614856,1.017451542,1.002792006,1.041332492,1.12234919,0.941548776
146.36,0.95354458,1.027491403,1.004629695,1.042039162,1.121010207,0.939911597
146.38,0.954641802,1.034141949,0.990061922,1.041165395,1.119955006,0.937742557
146.4,0.954837178,1.044110003,0.992244175,1.040999026,1.118757322,0.936441415
146.42,0.956223144,1.050662369,0.99619205,1.039147824,1.117830613,0.934636747
146.44,0.956677613,1.042175917,0.998629536,1.038242582,1.116791997,0.933673631
146.46,0.958344067,1.048753618,1.002682573,1.035554804,1.116009565,0.932234946
146.48,0.958957823,1.040168127,1.005258026,1.033956131,1.115148342,0.93161141
146.5,0.960803533,1.046736453,1.009393286,1.03048394,1.11452613,0.930539338
146.52,0.96156847,1.038018612,1.012084156,1.028240879,1.113860265,0.930255592
146.54,0.963582929,1.044539197,1.016279969,1.02404067,1.113413928,0.929549778
146.56,0.964488678,1.035653817,1.019065426,1.021205782,1.112961052,0.929605588
146.58,0.966658743,1.042085929,1.023301859,1.01633751,1.112706002,0.929265106
146.6,0.9676924,1.032996355,1.026163309,1.012966229,1.112483471,0.929659729
146.62,0.970001998,1.039297353,1.030422628,1.007492659,1.112434941,0.929682994
146.64,0.971147859,1.029965986,1.0333442,1.003642582,1.112459901,0.930415087
146.66,0.9735777,1.036091896,1.037611305,0.997628476,1.112633011,0.930799741
146.68,0.974816988,1.026480828,1.040580288,0.993358618,1.112922475,0.931867233
146.7,0.977344278,1.032387048,1.044843092,0.986869892,1.11333231,0.93260999
146.72,0.978654888,1.022458806,1.047850303,0.98223992,1.113903227,0.934009928
146.74,0.981253069,1.028100921,1.052100038,0.975342795,1.102667604,0.935106382
146.76,0.982609336,1.017819306,1.055140107,0.982309572,1.103642454,0.936774374
146.78,0.985247857,1.023153993,1.059371549,0.974903898,1.092875011,0.938159826
146.8,0.98662006,1.012484991,1.062503428,0.981429365,1.094321484,0.940092657
146.82,0.989263605,1.017471009,1.066773437,0.973590092,1.084022596,0.941762031
146.84,0.990617858,1.006384055,1.069996951,0.97974684,1.085946939,0.943954887
146.86,0.993226883,1.010983847,1.074304887,0.987013053,1.076116856,0.9581063
146.88,0.994525393,0.999452752,1.062158678,0.99277453,1.066397326,0.960418619
146.9,0.997117633,1.003632846,1.066684697,0.999656147,1.069078353,0.974722866
146.92,0.998378871,0.991557251,1.054738019,0.993183334,1.059939538,0.977155361
146.94,1.000904783,0.995213056,1.059486163,0.999843568,1.063175498,0.99167736
146.96,1.00208147,0.98258098,1.047693563,0.993150176,1.054553748,0.994227756
146.98,1.015371432,0.98569346,1.052610504,0.999643537,1.058347755,0.998084019
147,1.016372713,0.985874805,1.040989833,0.992783323,1.050241048,1.000841747
147.02,1.016177928,0.988419248,1.046152632,0.999161667,1.05454188,1.004899622
147.04,1.017033211,0.98802727,1.034788729,0.992186105,1.046894938,1.00778284
147.06,1.016686364,0.989925568,1.040205124,0.998499463,1.051709019,1.011961637
147.08,1.017349652,0.988956657,1.029114066,0.991457009,1.04452222,1.01495229
147.1,1.016807483,0.99020609,1.03479204,0.99775279,1.049856143,1.019235314
147.12,1.017231015,0.988662761,1.023989501,0.990689,1.043130152,1.02231131
147.14,1.016449559,0.989267564,1.029937396,0.997012197,1.048991301,1.026677939
147.16,1.01658518,0.98715857,1.019438375,0.989969673,1.042727355,1.029812731
147.18,1.015520455,0.987129977,1.025664706,0.996362851,1.049123814,1.034238026
147.2,1.015320423,0.984470241,1.015483328,0.989381247,1.043323628,1.037400202
147.22,1.013929229,0.983826328,1.021996654,0.995884573,1.050264047,1.041854514
147.24,1.01334713,0.980636703,1.012146032,0.989000642,1.044929681,1.045007413
147.26,1.011587937,0.979402043,1.000930535,0.995651953,1.052423098,1.04945603
147.28,1.010579686,0.993733248,0.99158589,0.98881064,1.047556782,1.052557401
147.3,1.008413597,0.991685876,0.981075022,0.995557173,1.055611944,1.056960243
147.32,1.00702783,1.005144421,0.972336631,0.988794097,1.05121496,1.059961979
147.34,1.00450797,1.002322824,0.962537885,0.995674057,1.059840053,1.064273817
147.36,1.002704017,1.014944999,0.954409273,0.989022459,1.055913382,1.067122679
147.38,0.999795238,1.011395889,0.945326451,0.996071788,1.065116133,1.071292994
147.4,0.997537846,1.023225616,0.937808101,0.989562163,1.061660088,1.073929671
147.42,0.994210498,1.01900186,0.929441781,0.99681465,1.071447308,1.077902237
147.44,1.003491988,1.030089532,0.922531577,0.990474861,1.068461079,1.06824042
147.46,0.999592806,1.025307802,0.914879637,0.997962254,1.078838092,1.072142745
147.48,1.008265953,1.035767099,0.908573653,0.991817652,1.076260024,1.063369252
147.5,1.003713824,1.030486167,0.901632425,0.999569765,1.086039761,1.06811674
147.52,1.011764981,1.040373613,0.895925428,0.993643003,1.082901864,1.060163725
147.54,1.006562786,1.034654307,0.889689659,1.001675935,1.092096525,1.065648892
147.56,1.013984142,1.044029197,0.884575322,0.99597095,1.088429666,1.058413388
147.58,1.008135879,1.037933633,0.879038693,1.004300249,1.097075779,1.064538593
147.6,1.014926407,1.04685687,0.874509967,0.998824996,1.092900415,1.057922877
147.62,1.008443218,1.040447364,0.869665586,1.007465114,1.101023667,1.06459392
147.64,1.0146091,1.04898044,0.865715233,1.002225912,1.096350852,1.058504748
147.66,1.007509476,1.042318586,0.861556206,1.011190105,1.103967049,1.065630401
147.68,1.013064264,1.050522704,0.858177263,1.006191536,1.09879922,1.059978555
147.7,1.005374013,1.043668597,0.854697195,1.015491746,1.105915091,1.067470367
147.72,1.010338546,1.051603942,0.851883405,1.010736526,1.100246747,1.062170465
147.74,1.002090515,1.044615565,0.849076868,1.020383212,1.106860637,1.069942818
147.76,1.006492596,1.03921898,0.846823075,1.015872014,1.100678944,1.064913362
147.78,1.010847911,1.032279823,0.844619427,1.025873942,1.106781448,1.072883732
147.8,1.014528673,1.027018431,0.842857474,1.021604832,1.100066811,1.068112341
147.82,1.018124098,1.02024579,0.841258119,1.031968138,1.105641378,1.076265889
147.84,1.021125752,1.015172767,0.839989887,1.027936307,1.098368342,1.071676399
147.86,1.024011927,1.008610865,0.838998413,1.038664835,1.103392525,1.079934815
147.88,1.026384074,1.003774546,0.838227585,1.034862552,1.095530359,1.075455878
147.9,1.028618355,0.997463145,0.837849735,1.045957407,1.099975787,1.083745427
147.92,1.030416138,0.992907202,0.837582066,1.042373537,1.091488818,1.079311056
147.94,1.032061273,0.986881847,0.837826038,1.05383252,1.095321921,1.087563253
147.96,1.033344118,0.982645594,0.838069618,1.050451927,1.099607882,1.083113364
147.98,1.03446685,0.976937964,0.838946354,1.049888943,1.102675479,1.091333511
148,1.035297161,0.973056767,0.83865419,1.047972209,1.10625364,1.086880388
148.02,1.035967164,0.967695093,0.839023621,1.04854487,1.108470843,1.095010442
148.04,1.036409697,0.96418967,0.838427379,1.047970025,1.111318912,1.090505003
148.06,1.036698175,0.959182234,0.838391355,1.049590145,1.11265796,1.09849369
148.08,1.036818079,0.956071168,0.837567494,1.050257148,1.114749611,1.093894063
148.1,1.03679603,0.95143103,0.837210163,1.052848509,1.115179211,1.101697498
148.12,1.036657675,0.948731424,0.836221765,1.05466989,1.116485224,1.096969165
148.14,1.036394828,0.944470486,0.835612572,1.058165462,1.115971823,1.092243519
148.16,1.036060908,0.942198291,0.834511542,1.061063315,1.128768787,1.086514704
148.18,1.035562731,0.938327597,0.833707521,1.065402833,1.12806017,1.093162962
148.2,1.035024334,0.936497647,0.832536297,1.069368551,1.128376735,1.08733518
148.22,1.034407794,0.933027065,0.831583859,1.074566409,1.126637209,1.093787278
148.24,1.033787108,0.931653686,0.830377045,1.079482404,1.126003173,1.087847362
148.26,1.033119287,0.928593467,0.829314025,1.085421717,1.123142087,1.09408165
148.28,1.032471014,0.927691259,0.828099183,1.091218567,1.121532013,1.087063875
148.3,1.03181005,0.925051809,0.826954645,1.097846458,1.118480353,1.092208989
148.32,1.03117599,0.92463566,0.825752617,1.104459768,1.116724743,1.084096715
148.34,1.03056295,0.922427779,0.824548201,1.096131304,1.113471842,1.088199483
148.36,1.029982227,0.922513098,0.838974325,1.103720086,1.111432382,1.079049087
148.38,1.029459364,0.920748232,0.837435,1.096336114,1.10783554,1.082162448
148.4,1.028968051,0.921429367,0.851550716,1.10489536,1.105454815,1.072040175
148.42,1.028574321,0.920194985,0.849707922,1.098363609,1.101453389,1.074226769
148.44,1.028205961,0.92148497,0.863557755,1.107806813,1.098677619,1.063208293
148.46,1.027977982,0.920790622,0.861433555,1.102033882,1.110125256,1.064539554
148.48,1.027763768,0.922704721,0.875051432,1.096361237,1.106867169,1.052789496
148.5,1.027735286,0.922562142,0.872658009,1.091369067,1.117861975,1.053423317
148.52,1.016353106,0.925118111,0.885988271,1.086336528,1.113993531,1.052380873
148.54,1.016748787,0.925485926,0.883249018,1.08203236,1.124479035,1.052150946
148.56,1.005923217,0.928649386,0.896305973,1.077556217,1.120015588,1.050211423
148.58,1.006819367,0.929547145,0.893213987,1.089256807,1.129996368,1.04921424
148.6,0.996561781,0.933344522,0.890589311,1.085070344,1.124977825,1.046485561
148.62,0.997973571,0.934794603,0.887386446,1.097034507,1.134483671,1.044821389
148.64,0.988292585,0.939177755,0.884717467,1.092984357,1.128881988,1.041414185
148.66,0.990233317,0.941130445,0.881365179,1.105132024,1.137875002,1.039184411
148.68,0.981135143,0.946135047,0.878615053,1.101137992,1.13167348,1.035209089
148.7,0.983616159,0.94862135,0.892171285,1.113382841,1.140127553,1.032513941
148.72,0.975105338,0.937180777,0.889280159,1.109448206,1.133322241,1.028078762
148.74,0.978137451,0.94033572,0.902731099,1.121784876,1.141224444,1.025015664
148.76,0.970132386,0.929446703,0.899585789,1.117821076,1.133825508,1.020225095
148.78,0.973641818,0.933280911,0.913858792,1.130152577,1.141176483,1.016886878
148.8,0.966147861,0.92199509,0.911390017,1.126078438,1.133207298,1.011839433
148.82,0.970147351,0.925566392,0.926175168,1.138319906,1.140020755,1.008313296
148.84,0.963159801,0.914171303,0.924294664,1.134052165,1.13151743,1.003101401
148.86,0.967647477,0.917534469,0.922990181,1.146110825,1.137819553,0.99946853
148.88,0.961163215,0.922597208,0.921883921,1.14148407,1.128829779,0.994177702
148.9,0.966144699,0.925452295,0.921515885,1.153187542,1.134657618,0.990512722
148.92,0.960242014,0.929908437,0.921163489,1.148126359,1.125238296,0.985221224
148.94,0.965802802,0.932320074,0.921615099,1.159389941,1.130638269,0.981592421
148.96,0.96047538,0.936236316,0.921917855,1.153823724,1.12085445,0.976371925
148.98,0.966618964,0.938255026,0.923079231,1.164567436,1.125880902,0.972841211
149,0.961862843,0.94168201,0.923943307,1.158432311,1.115803644,0.967756059
149.02,0.968595423,0.943345023,0.925709283,1.168583375,1.120516804,0.964378779
149.04,0.964409071,0.94631897,0.927044002,1.161824436,1.110220922,0.959486303
149.06,0.971739613,0.947651437,0.92931246,1.171319576,1.114684813,0.956311612
149.08,0.968123978,0.950195342,0.931029029,1.163892861,1.104246671,0.951662602
149.1,0.97606426,0.951211189,0.933699715,1.172680302,1.108527092,0.948733961
149.12,0.97302282,0.953335652,0.935710379,1.164554421,1.098022552,0.944373223
149.14,0.981587468,0.954038151,0.938684169,1.172595472,1.102185243,0.94172897
149.16,0.979126254,0.955741941,0.940901747,1.163752769,1.091687872,0.93769597
149.18,0.988332759,0.956124068,0.944080341,1.171022905,1.09579694,0.935369933
149.2,0.986460367,0.957394465,0.946418142,1.161460095,1.085376536,0.93169946
149.22,0.996329072,0.957439089,0.949704146,1.167949484,1.089493195,0.929721593
149.24,0.995056635,0.970865912,0.952076225,1.157677729,1.079214664,0.926444442
149.26,0.992996866,0.970517641,0.955436509,1.163391187,1.083396305,0.924841456
149.28,0.992429091,0.983532712,0.957821377,1.15243593,1.073318909,0.921922234
149.3,0.990999297,0.982707445,0.96116162,1.157392943,1.077618496,0.920656018
149.32,0.991135134,0.995294187,0.963476168,1.145792893,1.067795136,0.918120962
149.34,0.990333468,0.993961815,0.966705109,1.150025876,1.072260295,0.917214805
149.36,0.991173622,1.006092918,0.968869647,1.137831235,1.062737419,0.915087667
149.38,0.991000462,1.00421336,0.971900636,1.141384011,1.067411052,0.91456295
149.4,0.992547809,1.015850853,0.973840087,1.128654661,1.058229127,0.912865572
149.42,0.993005519,1.013374156,0.976592445,1.131580625,1.063149594,0.912742294
149.44,0.995264799,1.024469552,0.978237623,1.118384076,1.054343457,0.911495149
149.46,0.996357413,1.021336085,0.980638042,1.120744163,1.059544917,0.911792409
149.48,0.999334836,1.031830645,0.981926927,1.107153377,1.051144276,0.911015103
149.5,1.001067655,1.027971459,0.983910815,1.109013946,1.04143554,0.911751542
149.52,1.004770385,1.037796643,0.984789734,1.110326765,1.033645011,0.911386351
149.54,1.007149444,1.033134045,0.986302409,1.111502874,1.024721854,0.91250585
149.56,1.011584555,1.042212202,0.986802251,1.112130686,1.017631776,0.912576417
149.58,1.014615181,1.036660621,0.987873919,1.112703057,1.009504592,0.914102464
149.6,1.019788827,1.044906351,0.987955749,1.112736858,1.003120284,0.914632714
149.62,1.023475567,1.038374291,0.98854924,1.112789259,0.995794262,0.916588968
149.64,1.029392283,1.045695791,0.98818459,1.11232138,0.990117061,0.917603015
149.66,1.033737781,1.052974096,0.988274506,1.111937637,0.98359357,0.920013582
149.68,1.025511663,1.060338626,0.987521033,1.111059537,0.978622053,0.921535994
149.7,1.029526336,1.052711292,0.987178531,1.110322072,0.972899921,0.924350507
149.72,1.035780157,1.05884385,0.985968586,1.109123316,0.968631009,0.926321894
149.74,1.040490107,1.064988631,0.98511498,1.108111418,0.963707305,0.929625657
149.76,1.032421321,1.071022065,0.983520559,1.10667678,0.960136479,0.932147351
149.78,1.036727195,1.061988381,0.98224956,1.105465367,0.956007817,0.935896942
149.8,1.043186589,1.067831106,0.98022132,1.103875284,0.953131466,0.938909879
149.82,1.0469173,1.058746879,0.978485033,1.102534314,0.949795047,0.943192566
149.84,1.052652209,1.064382448,0.976053975,1.100862837,0.947609788,0.946788474
149.86,1.055778479,1.05515801,0.973889709,1.085280329,0.945064069,0.951620116
149.88,1.06075282,1.060502561,0.98526958,1.083858037,0.943499876,0.955815121
149.9,1.063232129,1.05106013,0.982389356,1.068785252,0.941678408,0.961212421
149.92,1.079067445,1.056109531,0.992931004,1.067737133,0.940741904,0.954349904
149.94,1.080757791,1.04651035,0.989391978,1.05321656,0.939653825,0.960473733
149.96,1.095765601,1.0512552,0.999151688,1.052585521,0.939296707,0.954191129
149.98,1.096552309,1.041439776,0.99501873,1.038650524,0.93889717,0.961047199
150,1.110678598,1.04582322,1.004059435,1.038471538,0.93913291,0.955336374
150.02,1.110493413,1.035744491,0.999401618,1.023986348,0.93943831,0.962930819
150.04,1.123670904,1.039721709,1.00895106,1.023243422,0.94027188,0.957783817
150.06,1.122433684,1.02934533,1.004872485,1.00823702,0.94128571,0.966123103
150.08,1.134582877,1.032894848,1.014984243,1.007059545,0.94272658,0.961531309
150.1,1.132202694,1.022215071,1.011455927,0.991652274,0.944462773,0.970621332
150.12,1.143233223,1.025325934,1.008414763,0.990156994,0.94652517,0.966574605
150.14,1.140770754,1.028020022,1.004408279,0.974392041,0.949002965,0.975258812
150.16,1.151556743,1.031636577,1.014724838,0.972610129,0.951705879,0.970782597
150.18,1.148958504,1.021176219,1.010122801,0.970881274,0.95493755,0.979080807
150.2,1.159472812,1.025542012,1.005717666,0.968877717,0.958359789,0.975166998
150.22,1.156582837,1.015774179,1.000683811,0.966973551,0.961420061,0.983859957
150.24,1.166680508,1.020757473,0.995909524,0.964764075,0.964795184,0.980392663
150.26,1.163427379,1.011565408,0.990514677,0.962750314,0.967791208,0.989420839
150.28,1.173035146,1.016011315,0.985437187,0.960403292,0.971168028,0.986329329
150.3,1.170443549,1.006021082,0.979746589,0.95834216,0.974149766,0.995638459
150.32,1.180812579,1.009847125,0.974419711,0.955926457,0.977569146,0.992863586
150.34,1.178836252,1.013101875,0.968502141,0.953875695,0.980578195,1.002414154
150.36,1.175823859,1.017350635,0.963056961,0.951455215,0.984074339,0.999896697
150.38,1.173376164,1.007064956,0.957062993,0.949468587,0.987145185,1.009571344
150.4,1.183683787,1.010699041,0.951508487,0.947103206,0.990746575,1.00716989
150.42,1.181567388,1.013663829,0.945439304,0.945230484,0.993907033,1.016970689
150.44,1.178304144,1.016521772,0.939901461,0.94297495,0.997636238,1.014691253
150.46,1.176725741,1.01871097,0.93389561,0.941262061,1.000908169,1.024497542
150.48,1.173852034,1.020746498,0.928433199,0.939167607,1.004783553,1.022203563
150.5,1.17271563,1.022189931,0.922556233,0.937657337,1.008183306,1.031954854
150.52,1.170145917,1.023443978,0.917225118,0.935771388,1.012217873,1.029575902
150.54,1.169354735,1.024185908,0.911539476,0.934503421,1.015755955,1.039206031
150.56,1.167004246,1.024714738,0.906392278,0.932870018,1.019957953,1.036667235
150.58,1.166463264,1.024812576,0.900956664,0.931881354,1.02363921,1.046104327
150.6,1.164249795,1.024686061,0.896042346,0.930541603,1.028011872,1.04332644
150.62,1.163867799,1.024208514,0.890911411,0.929866985,1.031835111,1.052493173
150.64,1.161713646,1.023507858,0.886275136,0.928859514,1.036376199,1.049392961
150.66,1.161405364,1.02253265,0.881499436,0.928531858,1.040333609,1.058207166
150.68,1.159239257,1.021347738,0.877182657,0.927893265,1.045034775,1.054698145
150.7,1.158927417,1.019959071,0.872808864,0.92794408,1.04911114,1.063073764
150.72,1.156686304,1.018385631,0.868849618,0.927709362,1.053957101,1.059067312
150.74,1.156303466,1.016671563,0.864920929,0.928169147,1.058128813,1.066915728
150.76,1.15393402,1.014808334,0.861354306,0.9283721,1.063096327,1.062322566
150.78,1.153424025,1.012858258,0.85791103,0.929270709,1.067330201,1.069554299
150.8,1.150883741,1.010804334,0.85476977,0.929944288,1.072386862,1.064286336
150.82,1.150202694,1.008706691,0.851850039,0.931311253,1.076638747,1.070813087
150.84,1.14746051,1.006559198,0.849165233,0.932487863,1.081741603,1.078127881
150.86,1.146577212,1.004399543,0.846805828,0.934352662,1.072612537,1.083742892
150.88,1.1436807,1.002251735,0.844607703,0.936064383,1.077893992,1.090133666
150.9,1.142641388,1.00011155,0.842844954,0.939354935,1.068738878,1.094691841
150.92,1.139579272,0.998052029,0.840199942,0.942532407,1.074140632,1.100089133
150.94,1.138373869,0.99600762,0.838117269,0.947001551,1.064888712,1.103518971
150.96,1.135144627,0.994108319,0.835339959,0.951591995,1.070339357,1.107859394
150.98,1.133773704,0.99221446,0.83305466,0.95721199,1.060901216,1.110097557
151,1.130384692,0.990541982,0.830235802,0.963188639,1.066315657,1.113326061
151.02,1.127754623,0.988854078,0.827846828,0.969948256,1.071811881,1.115423103
151.04,1.12317259,0.98745846,0.825062987,0.962078078,1.077101433,1.118609107
151.06,1.119252971,0.986011564,0.822654116,0.970045306,1.083302502,1.120644901
151.08,1.113566111,0.984938162,0.819894172,0.962455625,1.089173321,1.123703889
151.1,1.10845602,0.983768109,0.81746135,0.970771542,1.095811678,1.125591774
151.12,1.101764658,0.983057359,0.814772733,0.963629006,1.102168645,1.128439767
151.14,1.09558027,0.982195375,0.812364174,0.972286919,1.109166684,1.130091213
151.16,1.08799851,0.981883372,0.809786687,0.965558921,1.115913516,1.132648653
151.18,1.080869348,0.981357373,0.80744678,0.974550921,1.123186576,1.133981878
151.2,1.072521441,0.981476939,0.805013294,0.968205349,1.130219606,1.136176836
151.22,1.064586334,0.981312286,0.802778706,0.977521697,1.137675359,1.137120149
151.24,1.055602856,0.981893829,0.800516243,0.971526007,1.144883113,1.138891352
151.26,1.047005777,0.982114101,0.798417029,0.981154411,1.152421456,1.139386199
151.28,1.037519832,0.983186482,0.796347626,0.975474697,1.159684819,1.140685671
151.3,1.028405861,0.983814265,0.794408102,0.985399521,1.16719833,1.140689136
151.32,1.018549482,0.985405676,0.792549484,0.979999553,1.174391358,1.141484222
151.34,1.009061096,0.973288701,0.790788891,0.990200969,1.181766347,1.140970757
151.36,1.012136702,0.975665074,0.789090665,0.985041202,1.188757741,1.141245352
151.38,1.002107099,0.964414005,0.787460194,0.995493945,1.19587591,1.140273517
151.4,1.004648656,0.967652062,0.785936439,0.990529857,1.202531137,1.140091518
151.42,0.994226612,0.957264371,0.784450181,1.001202264,1.209272133,1.138666969
151.44,0.99637371,0.961374786,0.783111437,0.996383983,1.215456779,1.138040539
151.46,0.985699066,0.951849169,0.781778662,1.007237301,1.221700888,1.136185868
151.48,0.987582228,0.956845692,0.780631593,1.002508537,1.227283133,1.135142128
151.5,0.976783446,0.948183357,0.779456662,1.013495861,1.232914038,1.132895
151.52,0.978522743,0.954084031,0.778503891,1.008792838,1.237768154,1.131473976
151.54,0.967715911,0.946289884,0.793086016,1.019858049,1.242676255,1.128884606
151.56,0.969420277,0.937518154,0.792287151,1.015188846,1.246686233,1.127136671
151.58,0.958708784,0.930718229,0.807118032,1.026344955,1.250772392,1.124264881
151.6,0.960398247,0.922802644,0.806415487,1.02162824,1.253836279,1.122247916
151.62,0.949796329,0.916982599,0.821534418,1.03279807,1.257014986,1.119159647
151.64,0.951560037,0.909906618,0.820946175,1.027942566,1.259047315,1.116935412
151.66,0.941148835,0.905056725,0.837225645,1.039037747,1.261249093,1.113699718
151.68,0.943065189,0.897971991,0.837538534,1.033951408,1.262183612,1.111331931
151.7,0.932914385,0.893324118,0.854679493,1.044885722,1.263357331,1.108018608
151.72,0.935042969,0.886559404,0.855856306,1.039464788,1.263149195,1.105570548
151.74,0.925198412,0.882155349,0.858465943,1.050134139,1.263263733,1.102247728
151.76,0.927591879,0.891129238,0.860722917,1.044187142,1.261890751,1.09978016
151.78,0.918096835,0.886689201,0.864654888,1.054400548,1.26093541,1.096512395
151.8,0.9208756,0.895578179,0.86801842,1.047806845,1.258397703,1.094082128
151.82,0.911838876,0.891166968,0.873217446,1.057441416,1.256382278,1.090929459
151.84,0.915037476,0.900053375,0.877644358,1.050072046,1.252702639,1.088589081
151.86,0.90648394,0.895725765,0.884063938,1.058995645,1.249657052,1.085606169
151.88,0.910133208,0.904680943,0.889517343,1.050715303,1.244879668,1.083402709
151.9,0.902083765,0.900482823,0.897116029,1.058789233,1.240852465,1.080638082
151.92,0.906211823,0.909569019,0.903562003,1.04945946,1.235040872,1.078612874
151.94,0.898684446,0.905538832,0.912299644,1.056542,1.230097073,1.076108952
151.96,0.903317659,0.914810616,0.919703799,1.063564249,1.223331478,1.074297811
151.98,0.896328364,0.910980394,0.91199862,1.069536355,1.217637391,1.07209122
152,0.901492238,0.920485663,0.92039134,1.075471746,1.21009867,1.057348628
152.02,0.895055996,0.916791532,0.913501917,1.080117588,1.216919348,1.054676011
152.04,0.900706862,0.926484158,0.922832085,1.084853186,1.209433715,1.052037348
152.06,0.894765551,0.922947138,0.916691801,1.08812343,1.203851392,1.048999337
152.08,0.900986237,0.932862823,0.926902082,1.091627307,1.196584247,1.04604763
152.1,0.895611718,0.929498066,0.92143985,1.093354158,1.191138079,1.042705754
152.12,0.90242344,0.939666928,0.932465373,1.095475819,1.184099399,1.03955214
152.14,0.897625857,0.936483916,0.927602606,1.095572885,1.17879854,1.036024437
152.16,0.905052694,0.946929638,0.939366709,1.096241895,1.172001375,1.032772537
152.18,0.900845096,0.943931438,0.935014307,1.094643708,1.166858059,1.029168796
152.2,0.90891495,0.954670741,0.947426283,1.093810384,1.160317969,1.025914206
152.22,0.905313894,0.951853262,0.943482419,1.090477232,1.155346408,1.022335582
152.24,0.91405913,0.962895029,0.956434865,1.088116862,1.149080311,1.019165727
152.26,0.91108528,0.960245961,0.968274378,1.083039036,1.144295682,1.015704722
152.28,0.92054337,0.95609843,0.981500355,1.079233988,1.138320848,1.012699018
152.3,0.918222111,0.953812209,0.993430247,1.072511411,1.132749786,1.00943976
152.32,0.928360593,0.950021026,1.006715253,1.0682838,1.125917766,1.006660699
152.34,0.926647742,0.96175181,1.018605254,1.061129832,1.119626423,1.003664948
152.36,0.923821221,0.958167635,1.031868417,1.056488351,1.112060095,1.001167868
152.38,0.922930206,0.970240624,1.043649667,1.048893812,1.105160953,0.998427039
152.4,0.920815768,0.967772589,1.056717315,1.043837027,1.096987065,0.996195681
152.42,0.919759572,0.9670016,1.068237091,1.056125339,1.089598416,0.993767274
152.44,0.931553632,0.964532266,1.060549787,1.05040695,1.081046563,0.991839075
152.46,0.931370295,0.978011902,1.07192183,1.062031188,1.073385551,0.989831562
152.48,0.929958281,0.976554202,1.063919507,1.055545516,1.064581697,0.988321458
152.5,0.929653651,0.976852404,1.075079177,1.066481728,1.056761355,0.986718037
152.52,0.942370984,0.976213449,1.066571695,1.059246422,1.047828498,0.973146209
152.54,0.941976511,0.977501534,1.077303835,1.069490125,1.052398406,0.972169117
152.56,0.954566165,0.977670758,1.068165592,1.061541877,1.043272635,0.959272348
152.58,0.954069717,0.979851557,1.078324644,1.071169013,1.047699386,0.959004453
152.6,0.96659999,0.980744025,1.068432469,1.062623491,1.038504887,0.946790899
152.62,0.966043557,0.983716913,1.077875659,1.071663017,1.042903125,0.947250034
152.64,0.978571805,0.98524322,1.067114275,1.06258785,1.033756352,0.935726342
152.66,0.977987286,0.988901228,1.075707309,1.071084257,1.038233524,0.93693046
152.68,0.990560162,0.990964769,1.063974257,1.061559721,1.029241403,0.938504458
152.7,0.989969518,0.99519177,1.071596936,1.069570092,1.021495317,0.940367609
152.72,1.00268489,0.997686381,1.05880815,1.059685393,1.012921157,0.930079925
152.74,1.002161668,1.016333729,1.065360116,1.067214654,1.018007911,0.93267948
152.76,1.001002789,1.019107211,1.051526648,1.05700369,1.009756614,0.923118626
152.78,1.000590826,1.038015518,1.057002378,1.0641889,1.015178688,0.926470873
152.8,0.999587947,1.040880847,1.042089737,1.053811399,1.007327546,0.930040418
152.82,0.999262159,1.059922575,1.046440967,1.060727501,1.000698087,0.934082561
152.84,0.998450963,1.062748908,1.030445529,1.05027728,0.993469689,0.93822894
152.86,0.998237741,1.081778915,1.033655671,1.056936951,0.987425007,0.942950696
152.88,0.997581405,1.084421194,1.016605718,1.046442225,0.980859863,0.935162369
152.9,0.997432173,1.10327792,1.018690058,1.033671553,0.987991894,0.940705571
152.92,0.996820063,1.105577908,1.019893233,1.023626107,0.981885255,0.94629945
152.94,0.997697295,1.12408515,1.020395661,1.011607788,0.976868609,0.951606187
152.96,0.99797336,1.125978474,1.019890372,1.002250223,0.971420866,0.957098607
152.98,0.999777856,1.144057543,1.018881193,0.990996111,0.966990315,0.962266526
153,1.000858674,1.145372847,1.016766693,0.982318981,0.96222009,0.967727595
153.02,1.00350495,1.162834501,1.01435416,0.971884555,0.958393451,0.97282671
153.04,1.005313847,1.163398499,1.010765953,0.963925831,0.95432254,0.978316413
153.06,1.008715639,1.180053074,1.007087661,0.954346674,0.951116257,0.983405909
153.08,1.011173783,1.179696777,1.002189526,0.947127718,0.947765415,0.988975353
153.1,1.015241102,1.195361083,0.997404379,0.93842249,0.945195497,0.994104644
153.12,1.018264891,1.193926479,0.991378985,0.931950951,0.942585481,0.999796824
153.14,1.022901348,1.208430973,0.985658531,0.924124571,0.940668437,1.00500617
153.16,1.026400054,1.205777738,0.9786981,0.91839734,0.93882105,1.011592531
153.18,1.031500476,1.21897348,0.972218264,0.91144413,0.923157803,1.017572181
153.2,1.035382336,1.214985247,0.964515971,0.920130968,0.921578982,1.024749442
153.22,1.040842701,1.226750155,0.957449734,0.913829226,0.906387213,1.031406603
153.24,1.045003496,1.221339968,0.949259736,0.922972608,0.905195046,1.039166881
153.26,1.050701481,1.231583914,0.941837125,0.917319833,0.890495019,1.046488561
153.28,1.055024287,1.224698561,0.933329426,0.926927956,0.889726634,1.04216412
153.3,1.073172748,1.233367508,0.925696589,0.921919988,0.888193051,1.037965338
153.32,1.077355219,1.225050352,0.917025319,0.916164121,0.88764154,1.034676831
153.34,1.09532757,1.232187247,0.925149405,0.91207638,0.886187389,1.03139625
153.36,1.099178892,1.222455341,0.916151883,0.907463739,0.885769805,1.029073854
153.38,1.116837024,1.228157787,0.923710928,0.904347846,0.884457947,1.026649731
153.4,1.120214825,1.217139936,0.914527663,0.900845657,0.884228393,1.025227345
153.42,1.137406179,1.221453467,0.921657733,0.898670528,0.883112436,1.023601285
153.44,1.140157016,1.209227451,0.912412536,0.89624813,0.883117337,1.023014942
153.46,1.156717336,1.212229192,0.919234426,0.894985634,0.882242936,1.0221295
153.48,1.158679072,1.198901136,0.910033511,0.893616255,0.88252245,1.022314777
153.5,1.174435835,1.200695175,0.9166528,0.893242606,0.88192863,1.022111055
153.52,1.175441845,1.186394294,0.90758561,0.89290476,0.882517707,1.023000461
153.54,1.190219047,1.187106075,0.914093466,0.893401606,0.895942355,1.02341566
153.56,1.190103291,1.171978637,0.905234094,0.880375685,0.896795383,1.03771821
153.58,1.203727044,1.171748779,0.91170857,0.881875068,0.897801078,1.038634309
153.6,1.20239451,1.1559517,0.903049558,0.869903834,0.899080148,1.053478901
153.62,1.214762955,1.154930003,0.909490462,0.872311558,0.900520976,1.054773294
153.64,1.212066071,1.1386248,0.90108374,0.861287628,0.902253578,1.070106032
153.66,1.223027616,1.136963468,0.907550259,0.864580975,0.904154044,1.071707998
153.68,1.218837239,1.120309723,0.899436744,0.854467759,0.906365695,1.087459782
153.7,1.228261168,1.118158287,0.905978897,0.85863112,0.908749468,1.089283513
153.72,1.222472659,1.101308855,0.898190955,0.849398985,0.911464273,1.105367458
153.74,1.230254713,1.098809561,0.904851468,0.854424149,0.914354042,1.107309661
153.76,1.222793023,1.081906423,0.897414572,0.846050666,0.917594409,1.123618645
153.78,1.228860122,1.079190669,0.88944865,0.851937124,0.92101156,1.125556373
153.8,1.219683896,1.077143546,0.881561066,0.844327575,0.924797684,1.141960932
153.82,1.223997704,1.075071143,0.87316811,0.851000868,0.928761335,1.143749851
153.84,1.213182175,1.073822953,0.865035203,0.844143003,0.933109597,1.160096651
153.86,1.21582283,1.072384812,0.870475047,0.851614821,0.937635736,1.161570417
153.88,1.203405259,1.057801308,0.862106346,0.845577802,0.942558303,1.177682433
153.9,1.204412282,1.057162973,0.867290215,0.853939882,0.947659336,1.178652709
153.92,1.19039363,1.043437981,0.858720434,0.848727519,0.953163279,1.194329019
153.94,1.18977193,1.043578077,0.863755953,0.858008978,0.959714203,1.194586028
153.96,1.188720476,1.030693421,0.855082654,0.852766898,0.966633217,1.195155438
153.98,1.186516914,1.031658343,0.860068044,0.862182878,0.974383086,1.194623256
154,1.183998215,1.019660311,0.851370083,0.857190272,0.982613528,1.194429608
154.02,1.180251317,1.008329287,0.856381422,0.866805155,0.991477739,1.192905708
154.04,1.189466709,0.996226761,0.847666051,0.862097282,1.001000588,1.191760997
154.06,1.185204502,0.997957632,0.852703388,0.871968824,1.010969573,1.189101754
154.08,1.180880374,0.985619723,0.844086372,0.867576446,1.021765507,1.186890501
154.1,1.176474043,0.987173101,0.849274663,0.877758168,1.032827377,1.198506253
154.12,1.171962231,0.974631549,0.840803823,0.8737101,1.029203557,1.195019843
154.14,1.167517131,0.97609442,0.846196112,0.871453992,1.041382401,1.205329031
154.16,1.162925127,0.963445322,0.850712358,0.867863779,1.038632102,1.200326711
154.18,1.15847608,0.964902839,0.856128333,0.878956494,1.051829824,1.209162431
154.2,1.153839404,0.952301983,0.84785533,0.875732863,1.04996369,1.202493859
154.22,1.149427246,0.953896702,0.85358723,0.887187471,1.064199427,1.209703749
154.24,1.144786529,0.94136108,0.845589636,0.884289421,1.063150878,1.201238707
154.26,1.140456789,0.943103727,0.851679302,0.896150669,1.078363136,1.206692614
154.28,1.135855179,0.930711586,0.843986174,0.893600948,1.078050327,1.196327868
154.3,1.131654411,0.932672687,0.850472954,0.905911276,1.09415775,1.199924873
154.32,1.113253414,0.920494583,0.843110926,0.903730587,1.094479276,1.201473219
154.34,1.109379515,0.922670591,0.85003298,0.916529926,1.111375695,1.20292564
154.36,1.091514972,0.910702484,0.843026526,0.914736526,1.112277157,1.202063443
154.38,1.088100886,0.913157136,0.850420779,0.928061812,1.129896283,1.201328209
154.4,1.070842806,0.901459798,0.843792797,0.926671191,1.131221509,1.215904038
154.42,1.067938897,0.904251775,0.851696265,0.940556267,1.131527705,1.214407149
154.44,1.051432941,0.892879023,0.845468957,0.93958014,1.131764666,1.210483062
154.46,1.049178493,0.896062583,0.853919314,0.953963592,1.148546454,1.206895012
154.48,1.033393882,0.885062914,0.848114664,0.953305697,1.14870319,1.218349248
154.5,1.031725346,0.888688331,0.857150317,0.96827935,1.147928269,1.212512358
154.52,1.016770333,0.878104019,0.851789562,0.968027827,1.148206867,1.221659227
154.54,1.015788853,0.882218318,0.862335851,0.983523179,1.147455136,1.213591075
154.56,1.001672514,0.871202653,0.858261854,0.983590757,1.147648895,1.220538879
154.58,1.001379422,0.875040348,0.870008613,0.999627322,1.146729501,1.210389002
154.6,0.988090054,0.863985387,0.867151718,1.000002375,1.146614241,1.215284583
154.62,0.988464975,0.867676191,0.880079076,1.016579037,1.145322815,1.203239184
154.64,0.975984115,0.856678171,0.878397076,1.017234404,1.161542141,1.206262395
154.66,0.976030767,0.860331342,0.877885869,1.017452521,1.159682417,1.193601853
154.68,0.96321275,0.864078087,0.877608132,1.018338814,1.175298453,1.196155686
154.7,0.962998898,0.867448812,0.878690728,1.018781592,1.172582985,1.183023305
154.72,0.950041066,0.870898286,0.879761199,1.019831733,1.18737522,1.185181912
154.74,0.949748276,0.87409945,0.882399284,1.020434467,1.183603274,1.1716933
154.76,0.936758699,0.87736981,0.884792518,1.021560277,1.197349098,1.173546343
154.78,0.93648705,0.88049953,0.88896962,1.022238229,1.192329037,1.15982856
154.8,0.923565405,0.883693704,0.892679118,1.023327497,1.204818097,1.161475158
154.82,0.923407451,0.886838095,0.898398644,1.023972645,1.198376598,1.147660111
154.84,0.910644029,0.89004685,0.903435249,1.040994181,1.209420486,1.149203295
154.86,0.910684108,0.893282589,0.894610274,1.041522787,1.201492299,1.135421587
154.88,0.898159381,0.896587075,0.901032853,1.058588931,1.211015572,1.136963414
154.9,0.898473439,0.899900645,0.893419203,1.058787139,1.201492203,1.123339645
154.92,0.886258126,0.90329375,0.901237842,1.075755467,1.209377896,1.124976656
154.94,0.88691355,0.906748972,0.894825805,1.075459389,1.198192596,1.111624179
154.96,0.875068265,0.910298274,0.904062209,1.093271222,1.204368457,1.113443497
154.98,0.876124506,0.9139541,0.897736665,1.093492129,1.191512499,1.100461313
155,0.864701343,0.917722091,0.907227966,1.111777886,1.195972318,1.102538433
155.02,0.86621114,0.921622142,0.901166489,1.11233498,1.181485182,1.090009628
155.04,0.85525462,0.925649788,0.910900303,1.130910276,1.184264959,1.092407441
155.06,0.857264937,0.929835648,0.905062938,1.131614184,1.168233554,1.080398722
155.08,0.846812975,0.934167648,0.915018013,1.150276152,1.169415917,1.083167473
155.1,0.849366026,0.938679057,0.909357467,1.150924233,1.151970963,1.071729787
155.12,0.83945114,0.94335787,0.919502716,1.169454639,1.151680415,1.074907892
155.14,0.842585602,0.948233252,0.91396309,1.169834665,1.132990277,1.06407784
155.16,0.83323614,0.953299577,0.924256377,1.188004894,1.131386184,1.051834174
155.18,0.836988352,0.958576417,0.918771796,1.187900416,1.127507775,1.04199712
155.2,0.828153082,0.964069498,0.929158598,1.205478106,1.12433473,1.030977836
155.22,0.832483548,0.969784189,0.938393405,1.204754948,1.118858982,1.022213177
155.24,0.824193318,0.96099953,0.948682366,1.221660475,1.114334173,1.012409832
155.26,0.829144692,0.967382609,0.957814421,1.22018062,1.107509119,1.004699085
155.28,0.821357484,0.959087242,0.967869889,1.236190282,1.101866235,0.99608883
155.3,0.82690206,0.966152151,0.976838092,1.233759329,1.093950455,0.989402473
155.32,0.819650327,0.958336873,0.986580675,1.248669597,1.08742627,0.981951995
155.34,0.825835436,0.966096935,0.995307576,1.245118316,1.078676413,0.976253504
155.36,0.819152125,0.959829528,1.004639056,1.258753819,1.071500506,0.969923762
155.38,0.824949736,0.968975986,1.013041523,1.253944548,1.062161182,0.965173328
155.4,0.818203163,0.964020333,1.021860108,1.266164283,1.054547772,0.959911315
155.42,0.823895399,0.960828412,1.029834855,1.259995828,1.044843867,0.956052885
155.44,0.830853485,0.957244822,1.037942146,1.270697459,1.036985946,0.951808529
155.46,0.836354657,0.955690953,1.045298558,1.263107461,1.027117355,0.935329302
155.48,0.843095729,0.953484962,1.052547412,1.272228649,1.032717571,0.93232358
155.5,0.848450412,0.953505408,1.059147209,1.2631943,1.022588782,0.91725503
155.52,0.855028151,0.952627933,1.065371314,1.270779627,1.027713471,0.915489604
155.54,0.860340225,0.954174678,1.071058955,1.26038162,1.017491711,0.90175013
155.56,0.866864438,0.954589463,1.076074888,1.26644205,1.022297583,0.901160737
155.58,0.872226145,0.95762706,1.080680434,1.254725731,1.012124272,0.8886744
155.6,0.878794268,0.95930764,1.084290776,1.259307066,1.016744451,0.889203725
155.62,0.884288254,0.963809314,1.087632452,1.2463489,1.006735642,0.877901577
155.64,0.890987708,0.96673548,1.089629823,1.249526945,1.011281032,0.879500233
155.66,0.89668891,0.972678935,1.091518477,1.235429125,1.001529586,0.869321221
155.68,0.903598935,0.976832817,1.091691303,1.237303999,1.006091027,0.871948413
155.7,0.909576048,0.98419548,1.091936166,1.222188442,0.996669375,0.862839975
155.72,0.916769086,0.989556992,1.109008568,1.222878461,1.001320219,0.866463963
155.74,0.923085636,0.992898815,1.107508939,1.206978019,0.992283347,0.858382442
155.76,0.917107267,0.999420642,1.122866771,1.206708703,0.981810887,0.862980897
155.78,0.923826241,1.003671668,1.11943308,1.205437568,0.973428265,0.855746165
155.8,0.918154509,1.011260528,1.132913964,1.204041494,0.963793466,0.861165133
155.82,0.925305135,1.016394973,1.127473766,1.201631966,0.956160756,0.854759318
155.84,0.919947932,1.02501345,1.139006047,1.199258067,0.947374051,0.861003094
155.86,0.928407536,1.030993183,1.131428069,1.195875759,0.93947157,0.854564727
155.88,0.924128018,1.040596858,1.14088436,1.192436887,0.930342159,0.860886982
155.9,0.933617825,1.047380638,1.132325385,1.187871522,0.922257594,0.854704975
155.92,0.930363542,1.057901156,1.141160651,1.183386352,0.912917542,0.849933794
155.94,0.940869562,1.065430724,1.131569881,1.177736736,0.915996972,0.844225938
155.96,0.938549987,1.076789067,1.139631246,1.172302409,0.906326011,0.8399785
155.98,0.950013358,1.084977622,1.128890008,1.165743474,0.909107162,0.834804097
156,0.948607786,1.097052502,1.136043314,1.15953321,0.899235959,0.831088501
156.02,0.961035012,1.105778123,1.124062529,1.152203243,0.901844025,0.826447857
156.04,0.960530072,1.118406868,1.130203547,1.145350262,0.891886622,0.823271268
156.06,0.973932328,1.127508047,1.139421774,1.137403747,0.894431325,0.819165088
156.08,0.974319291,1.117994667,1.144247436,1.130165525,0.884485904,0.816534754
156.1,0.988710083,1.127619167,1.152135331,1.12187416,0.887063539,0.812964854
156.12,0.98986862,1.118234852,1.155445874,1.114394886,0.877215062,0.810888862
156.14,1.005150749,1.12820912,1.161933246,1.105918374,0.879909996,0.807858113
156.16,1.007075514,1.118780362,1.163684435,1.098339879,0.870230688,0.80634481
156.18,1.023260984,1.128900634,1.168741002,1.089833661,0.873116433,0.803857535
156.2,1.025943248,1.119230675,1.168935535,1.082291138,0.863667434,0.802917076
156.22,1.043037836,1.129266458,1.172574205,1.073901681,0.86680827,0.800979846
156.24,1.046462094,1.135107952,1.171263453,1.066519981,0.857641269,0.800624439
156.26,1.04849248,1.144705478,1.173618101,1.058381369,0.861093803,0.799246196
156.28,1.052814678,1.149983986,1.170977644,1.051272924,0.852252579,0.799409662
156.3,1.055607854,1.158793989,1.172143081,1.043505537,0.856067223,0.798523539
156.32,1.060791998,1.163272621,1.16830984,1.036769075,0.847588681,0.799223909
156.34,1.064313549,1.171015629,1.168414241,1.029477938,0.851810227,0.79884482
156.36,1.070310706,1.174453189,1.163557815,1.023197885,0.843725759,0.800101806
156.38,1.074513646,1.180851827,1.162754978,1.016472884,0.848395443,0.80024646
156.4,1.081258595,1.183013926,1.157067577,1.010720038,0.840732501,0.8020813
156.42,1.086079431,1.187806172,1.155527471,1.004636959,0.845889121,0.80276798
156.44,1.093486156,1.188477345,1.149212988,0.999469808,0.838672278,0.805203131
156.46,1.098840657,1.19143034,1.147112008,0.994091969,0.844353211,0.806451325
156.48,1.106797638,1.190426214,1.140375375,0.98955843,0.837605102,0.809509948
156.5,1.1125765,1.191349481,1.137887299,0.984938683,0.84384722,0.811339755
156.52,1.12094208,1.188527983,1.130925115,0.981078071,0.837589367,0.815044941
156.54,1.127006798,1.187284952,1.128213536,0.977260995,0.844429866,0.817476221
156.56,1.135605056,1.182555578,1.121206664,0.974106089,0.838683402,0.821849868
156.58,1.141784461,1.179072399,1.118419385,0.971130246,0.846160534,0.824901036
156.6,1.150402156,1.172402708,1.111527882,0.968709348,0.840946829,0.841595207
156.62,1.156490198,1.166673565,1.108793433,0.966609516,0.837467635,0.845191149
156.64,1.164934796,1.158092296,1.102153828,0.964948452,0.832956219,0.862620639
156.66,1.170748736,1.150180985,1.099579992,0.963700796,0.83109151,0.866731171
156.68,1.178731372,1.139777994,1.093304642,0.961836702,0.828214985,0.884950276
156.7,1.183997409,1.148989384,1.09097838,0.960557729,0.827695493,0.889611171
156.72,1.186769036,1.136855627,1.085243984,0.958798856,0.826366597,0.893916298
156.74,1.191384213,1.144189845,1.083311332,0.957611592,0.827136789,0.899077762
156.76,1.193405634,1.130442154,1.078171081,0.956051698,0.827224904,0.903857096
156.78,1.197047938,1.136033817,1.076668738,0.955058326,0.829176422,0.909508818
156.8,1.198092336,1.120847396,1.072158019,0.953774662,0.8306482,0.914749867
156.82,1.200506324,1.124862168,1.05128363,0.953060114,0.833765351,0.920864699
156.84,1.200343882,1.128262232,1.047922393,0.952018825,0.836607989,0.926538578
156.86,1.201275823,1.130289288,1.028565435,0.951561729,0.8408921,0.933068745
156.88,1.19978208,1.131616821,1.02643469,0.950827837,0.845110712,0.939125582
156.9,1.199084937,1.131887042,1.008555439,0.950700662,0.850578995,0.94710789
156.92,1.196042545,1.131405727,1.0076154,0.950332033,0.855086292,0.954355097
156.94,1.193500405,1.130164369,0.991157926,0.950599364,0.860900228,0.963657902
156.96,1.188734795,1.128146835,0.991358483,0.950636765,0.86576702,0.972019396
156.98,1.184166137,1.125640761,0.976256957,0.951341205,0.871935975,0.982550147
157,1.177534478,1.122356692,0.977542683,0.951822727,0.877165505,0.991933554
157.02,1.187913751,1.100154659,0.963726267,0.953008812,0.883695543,0.98646376
157.04,1.197859247,1.096138788,0.965945465,0.939360093,0.889286794,0.996966819
157.06,1.205799468,1.073783774,0.967862269,0.941187542,0.896020483,0.992460584
157.08,1.21292554,1.069401424,0.970775589,0.928258538,0.901810274,1.004061179
157.1,1.218312698,1.047224893,0.973549193,0.930814977,0.908747546,1.000390643
157.12,1.222533409,1.042775675,0.977142351,0.93317689,0.914726599,1.012943382
157.14,1.225322304,1.020986292,0.966178444,0.936372252,0.921933329,1.009957134
157.16,1.226629484,1.016654778,0.95423474,0.924679954,0.928155961,1.0232876
157.18,1.226845636,1.011727967,0.959086846,0.928496037,0.935541985,1.020809472
157.2,1.225309136,1.007281874,0.948423622,0.917434182,0.941903598,1.034712678
157.22,1.223127483,1.002401836,0.954369312,0.921965514,0.949440826,1.032540243
157.24,1.218969797,0.998059941,0.9449329,0.926218182,0.955897883,1.046781892
157.26,1.214542774,0.993372055,0.937259631,0.931406806,0.96361877,1.04469041
157.28,1.207969133,0.989247368,0.929158997,0.936215745,0.970185943,1.059011723
157.3,1.201506561,0.984790367,0.922604722,0.9420382,0.978033688,1.070505864
157.32,1.192779519,0.980897343,0.915772711,0.947450472,0.970886627,1.08450755
157.34,1.184603594,0.976761616,0.910278754,0.953959917,0.978976901,1.095500226
157.36,1.174094847,0.973168113,0.904657064,0.959957246,0.971853492,1.108825272
157.38,1.164490454,0.969421618,0.90017377,0.967142016,0.980097484,1.119058312
157.4,1.152529847,0.966177191,0.895713671,0.97377743,0.972886172,1.131419366
157.42,1.141798757,0.962869364,0.892199865,0.98169624,0.981177633,1.140640598
157.44,1.128727057,0.960008973,0.888862359,0.989024607,0.973750168,1.151764235
157.46,1.117173536,0.957174891,0.886286092,0.997737661,0.98196419,1.159739828
157.48,1.103326703,0.954722471,0.884042361,1.005815534,0.990571853,1.169379841
157.5,1.091243964,0.952386464,0.882380949,0.998986251,0.998601409,1.175988067
157.52,1.076939364,0.950357938,0.881212462,1.007917531,1.006985784,1.184019922
157.54,1.064598683,0.948536612,0.880368336,1.00170022,1.01461005,1.189097376
157.56,1.050125054,0.933017157,0.880184873,1.01151564,1.022638988,1.195362249
157.58,1.051692695,0.932034961,0.880086755,1.005916752,1.029698022,1.198791562
157.6,1.036918626,0.917623746,0.880824799,1.016645748,1.037219476,1.203254126
157.62,1.038007961,0.917527936,0.881483733,1.011669337,1.043532167,1.205033832
157.64,1.023177095,0.90418082,0.883161912,1.023339498,1.050375165,1.20763744
157.66,1.024004967,0.904944613,0.884597862,1.018986275,1.0557413,1.207743175
157.68,1.009320674,0.892617195,0.887244819,1.031621698,1.061717579,1.208485488
157.7,1.010067133,0.894214588,0.889486909,1.027886746,1.065919758,1.206940463
157.72,0.99569249,0.882864124,0.89314208,1.041505274,1.070826379,1.205869261
157.74,0.996502275,0.885271418,0.896229377,1.038374948,1.0736342,1.202739293
157.76,0.982562944,0.8748582,0.900943965,1.052984436,1.077257988,1.199945965
157.78,0.983548653,0.878055094,0.904926471,1.050432238,1.078433917,1.195332717
157.8,0.970137121,0.868543421,0.910764651,1.067166315,1.082026894,1.19094421
157.82,0.971383336,0.872513798,0.914563803,1.064842515,1.083157566,1.184991768
157.84,0.958563823,0.863872659,0.92045234,1.081603122,1.086534227,1.179184831
157.86,0.960131684,0.856436285,0.924408759,1.079445634,1.087438812,1.172057992
157.88,0.960101713,0.847827243,0.93034213,1.096163121,1.090455861,1.165019069
157.9,0.96276773,0.852800985,0.93443158,1.094066841,1.090980262,1.156953261
157.92,0.95170897,0.845198732,0.940513911,1.110658748,1.093511997,1.14894508
157.94,0.954613816,0.838860197,0.944839346,1.108511101,1.093524746,1.140068965
157.96,0.956259187,0.831323321,0.951060083,1.12488318,1.095466638,1.131222237
157.98,0.945863714,0.837419027,0.955584775,1.122563589,1.094861358,1.136118803
158,0.936787869,0.830846339,0.962031776,1.13860881,1.096131215,1.126277432
158.02,0.927319796,0.825618952,0.966846527,1.135988542,1.094899957,1.129975399
158.04,0.931259863,0.819972521,0.973493598,1.151589033,1.095508863,1.119283382
158.06,0.922588337,0.815839105,0.978559386,1.148532261,1.093593012,1.122037144
158.08,0.927089666,0.811138646,0.985431299,1.163560203,1.093501214,1.110748763
158.1,0.919207231,0.808060364,0.990765762,1.159924901,1.090869597,1.111660835
158.12,0.924276932,0.80427176,0.997879192,1.174244322,1.091142969,1.098660654
158.14,0.917160404,0.802219788,1.003492968,1.169884126,1.08907158,1.097929162
158.16,0.922785288,0.799317896,1.01085548,1.183363644,1.089682057,1.083501616
158.18,0.916408444,0.798273023,1.016751362,1.178145855,1.088068025,1.081397052
158.2,0.922579365,0.796241356,1.024360356,1.190651309,1.088923732,1.065815346
158.22,0.916916,0.796193848,1.030532211,1.184438275,1.087671154,1.062599548
158.24,0.911111433,0.795024477,1.038373466,1.195835566,1.087338769,1.058638227
158.26,0.906312659,0.795910748,1.044804598,1.189842333,1.084635388,1.054307712
158.28,0.901512664,0.795542846,1.052849934,1.201714235,1.08304017,1.049207831
158.3,0.897598619,0.797376106,1.059522828,1.195870033,1.078948763,1.044003708
158.32,0.89375819,0.797822926,1.067747732,1.208022585,1.076099073,1.038020025
158.34,0.890687541,0.800625828,1.074630811,1.202135602,1.070654653,1.032164284
158.36,0.887766852,0.801909048,1.082984859,1.214354486,1.066599718,1.025529254
158.38,0.885503804,0.805713837,1.090027896,1.208218969,1.05988107,1.019221959
158.4,0.883469029,0.807863908,1.098437435,1.22027443,1.054709205,1.012143996
158.42,0.881983888,0.812712855,1.105568076,1.213677037,1.065329008,1.005562355
158.44,0.880807715,0.815769482,1.113932272,1.20683797,1.058904642,0.998315228
158.46,0.88007722,0.821715446,1.121052236,1.19991864,1.068274862,0.991701566
158.48,0.879739616,0.825728148,1.129144867,1.192692382,1.06060681,0.984439016
158.5,0.879748003,0.83283521,1.136034728,1.203986701,1.068812275,0.977919369
158.52,0.88023635,0.837863483,1.125005445,1.196237685,1.060122833,0.970771406
158.54,0.880974513,0.846206671,1.131609182,1.206961799,1.067363111,0.964451673
158.56,0.882283258,0.852227848,1.11990209,1.19847033,1.057793725,0.957527967
158.58,0.883748828,0.861801271,1.126044212,1.208477552,1.064187974,0.951495944
158.6,0.885879136,0.868897242,1.132390619,1.19913543,1.053890055,0.944887163
158.62,0.88807565,0.860863625,1.139120632,1.208401253,1.059566698,0.93921437
158.64,0.891035547,0.867973243,1.14576465,1.198230688,1.048696153,0.932994651
158.66,0.893872151,0.859967844,1.152840084,1.206661698,1.053788068,0.927738692
158.68,0.897569607,0.867104318,1.159656614,1.195613189,1.042499423,0.921967626
158.7,0.890354109,0.859109144,1.166922787,1.20314212,1.047137794,0.92787112
158.72,0.894966999,0.866221475,1.17377728,1.191194123,1.0355787,0.922376667
158.74,0.888678414,0.858157268,1.181070302,1.197782862,1.039940775,0.928509301
158.76,0.894255831,0.865238058,1.187818943,1.184942971,1.028298731,0.923353
158.78,0.888875807,0.857070067,1.194966939,1.190583591,1.032496551,0.92978045
158.8,0.895420719,0.864100215,1.20145885,1.176888478,1.020891147,0.92501504
158.82,0.890939219,0.855782623,1.208284509,1.181602202,1.025025983,0.931795238
158.84,0.898463136,0.862730263,1.214364339,1.167114834,1.013562329,0.927466106
158.86,0.894878268,0.866788518,1.220688159,1.170949146,1.017723616,0.934651075
158.88,0.890817807,0.873604697,1.226262384,1.155755119,1.006491839,0.930798055
158.9,0.888201712,0.8775453,1.231970266,1.158780152,1.01075695,0.938372829
158.92,0.885007153,0.884128774,1.236886054,1.142983567,0.99983251,0.934969613
158.94,0.883350536,0.887909575,1.241807256,1.14528724,0.987012748,0.930265024
158.96,0.881013894,0.894207131,1.245919122,1.146258811,0.989544155,0.927393101
158.98,0.880250785,0.897771944,1.249894587,1.147481876,0.977469476,0.923347241
159,0.878707314,0.903713402,1.253156217,1.147438788,0.980604496,0.921091402
159.02,0.878843127,0.906990138,1.256126252,1.147763795,0.969326657,0.917724055
159.04,0.878099216,0.912487544,1.258414082,1.146840718,0.973112727,0.916102671
159.06,0.879145664,0.915388498,1.26025047,1.146394826,0.962666927,0.91343282
159.08,0.879213156,0.920335205,1.261461038,1.14473352,0.967138443,0.912464346
159.1,0.881187485,0.922755054,1.262059857,1.143646961,0.957546295,0.910511336
159.12,0.882083229,0.927024326,1.262112726,1.141389787,0.962727804,0.910215319
159.14,0.89589517,0.928839294,1.261397372,1.139790475,0.954000745,0.898112329
159.16,0.89753401,0.932337339,1.260237441,1.137075119,0.959909872,0.898670078
159.18,0.912282234,0.93345884,1.258160845,1.135084466,0.95199884,0.88736663
159.2,0.914651862,0.951031338,1.255760152,1.132040012,0.958596612,0.888783539
159.22,0.915385035,0.952495477,1.252382071,1.129769709,0.951503896,0.878270476
159.24,0.917407865,0.955215811,1.248826896,1.126513856,0.958803721,0.880479522
159.26,0.932939329,0.955523839,1.244101408,1.106818686,0.952528933,0.87066448
159.28,0.935834684,0.972300207,1.256585757,1.103668954,0.960455993,0.873737332
159.3,0.937097207,0.972720689,1.25032374,1.08450827,0.954913728,0.864693982
159.32,0.939592342,0.989461399,1.261115646,1.0816531,0.963488331,0.868576724
159.34,0.94062483,0.98981935,1.253392248,1.06311182,0.958685556,0.860216999
159.36,0.942742896,1.006375663,1.262561461,1.060628275,0.967930256,0.864912868
159.38,0.943507926,1.006532692,1.253475225,1.0427692,0.963874865,0.857230274
159.4,0.945201074,1.007570722,1.261120231,1.040715874,0.959320847,0.862754223
159.42,0.960838147,1.007441686,1.250716646,1.038076144,0.956197362,0.855672485
159.44,0.961913941,1.023327947,1.256883729,1.036250082,0.952793719,0.862049603
159.46,0.961850055,1.022803849,1.245455675,1.033939153,0.950667348,0.8556485
159.48,0.962357195,1.022955765,1.25043134,1.031205534,0.948407711,0.862827796
159.5,0.976952059,1.02188719,1.239239906,1.027859303,0.947263207,0.87004779
159.52,0.976661061,1.036554063,1.244501989,1.024360596,0.933120655,0.878095039
159.54,0.975503614,1.034865521,1.23367714,1.020201078,0.933057619,0.886066081
159.56,0.974486933,1.033625257,1.239281332,1.0160625,0.919985651,0.89489846
159.58,0.98778011,1.031209556,1.228748166,1.011228821,0.920978914,0.903603161
159.6,0.999133872,1.029210598,1.234602844,1.00662839,0.908938067,0.899993616
159.62,1.011545929,1.026148484,1.224369241,1.001308901,0.910970583,0.909597224
159.64,1.022059022,1.0383947,1.230465988,0.996408511,0.899861914,0.906655306
159.66,1.018379826,1.034576754,1.220619845,0.990774407,0.902860112,0.917199225
159.68,1.029113297,1.045840234,1.227028576,0.985719868,0.892662834,0.913808546
159.7,1.025460889,1.041165952,1.217579179,0.97992506,0.896630056,0.924175264
159.72,1.036110899,1.036513348,1.224295443,0.974846255,0.887321088,0.920520418
159.74,1.047275463,1.031055356,1.215176819,0.985272347,0.892253405,0.930709109
159.76,1.057578689,1.040465951,1.188887279,0.980014803,0.883901468,0.926833803
159.78,1.053458578,1.051240623,1.179092665,0.973852429,0.889891126,0.937797356
159.8,1.063440802,1.046156176,1.184381753,0.968617544,0.881512189,0.934433254
159.82,1.073860359,1.041452817,1.173653377,0.978976303,0.887657483,0.945813111
159.84,1.083354683,1.037029857,1.161783513,0.973725207,0.879597046,0.942962076
159.86,1.093093796,1.032812149,1.150540489,0.967671984,0.886018099,0.954789497
159.88,1.101902953,1.02891304,1.154648883,0.96266543,0.878202247,0.952384531
159.9,1.110833713,1.025051522,1.14268595,0.973343878,0.884850631,0.964611079
159.92,1.118844313,1.021704314,1.12984328,0.968444793,0.877370564,0.96258198
159.94,1.126842538,1.016816101,1.117675096,0.962786617,0.884357322,0.97515399
159.96,1.135364757,1.026861049,1.12113807,0.958242017,0.877132209,0.973427483
159.98,1.129329836,1.022061449,1.108611893,0.953050434,0.884400123,0.986297861
160,1.137092848,1.032334257,1.111848785,0.948981528,0.877432263,0.98474233
160.02,1.130144649,1.027768112,1.099127209,0.944298511,0.885004797,0.997769341
160.04,1.136896984,1.023793511,1.102279819,0.9407377,0.878293535,0.996292816
160.06,1.143378057,1.018136956,1.08944106,0.936600308,0.886189825,1.009398801
160.08,1.150271484,1.027525887,1.09256123,0.933576137,0.87973079,1.00797878
160.1,1.142455752,1.02057794,1.079798753,0.946582112,0.887966131,1.021159633
160.12,1.149751087,1.028756065,1.066508654,0.943864263,0.881835265,1.019638685
160.14,1.142145199,1.020510415,1.054274228,0.9405817,0.890503052,1.032734023
160.16,1.149725437,1.027453029,1.058136712,0.938388686,0.884601919,1.03101175
160.18,1.142229907,1.017926647,1.046172903,0.935768822,0.893624055,1.043921422
160.2,1.149975276,1.023802616,1.050363619,0.934209762,0.887935608,1.041885578
160.22,1.142492441,1.013200043,1.038761006,0.949063833,0.897313501,1.054496234
160.24,1.15028557,1.018114791,1.026583758,0.947920268,0.891899874,1.05202387
160.26,1.142724912,1.006575251,1.015747595,0.963281498,0.901710997,1.064210458
160.28,1.150455427,1.010570092,1.004272401,0.962520615,0.896539961,1.061169759
160.3,1.142736386,0.998166145,0.994245315,0.961454985,0.90676842,1.072796909
160.32,1.150304164,1.001380873,1.000506373,0.961367002,0.901712654,1.069048109
160.34,1.142358635,0.988277009,0.991003734,0.978271982,0.912248562,1.079971504
160.36,1.149677421,0.990939895,0.980705407,0.978743375,0.922332964,1.075368651
160.38,1.141453206,0.977382456,0.972097071,0.98137927,0.9332277,1.085513788
160.4,1.148454197,0.979551119,0.962585293,0.982459014,0.943618844,1.079986102
160.42,1.139917834,0.965614623,0.954817102,0.985681483,0.954773158,1.089203676
160.44,1.146551635,0.967431082,0.94602832,0.987404974,0.965445956,1.082607987
160.46,1.137687247,0.953267626,0.939120414,0.991249264,0.976819587,1.090752051
160.48,1.143923228,0.954865214,0.931064617,0.993654235,0.987733072,1.082953183
160.5,1.134732446,0.940614495,0.925035388,0.9981591,0.999266034,1.089886834
160.52,1.140558521,0.942115982,0.917721527,1.002554469,1.010360091,1.096689571
160.54,1.131058903,0.927903529,0.911321444,0.990975984,1.006056157,1.102294645
160.56,1.136558908,0.929419504,0.921559145,0.996062895,1.017255057,1.107796589
160.58,1.126860057,0.91534216,0.916070387,1.002852196,1.012714838,1.111886809
160.6,1.132051207,0.91703865,0.909367223,1.009961399,1.025079773,1.115997886
160.62,1.122192024,0.903279549,0.903621323,0.99960549,1.021429884,1.118498756
160.64,1.127102594,0.905159938,0.914492201,1.00742479,1.034578767,1.12116728
160.66,1.117129943,0.891698021,0.908557865,0.998045739,1.031615096,1.122028234
160.68,1.121796601,0.893904404,0.919122309,1.006606701,1.045448162,1.123218563
160.7,1.111760745,0.880881654,0.913103943,0.998107736,1.043056088,1.122416031
160.72,1.115026997,0.883462249,0.923490044,1.007360668,1.057461927,1.123317274
160.74,1.103552482,0.870908066,0.91747345,0.999657484,1.05551722,1.122274703
160.76,1.105475128,0.873885809,0.927789421,1.009558959,1.070381832,1.122887786
160.78,1.092730433,0.861820682,0.921844806,1.002576086,1.068766933,1.121532246
160.8,1.093466966,0.865218654,0.932182984,1.013086267,1.083961991,1.121793121
160.82,1.079629155,0.853656496,0.926368153,1.006754132,1.082541448,1.120066206
160.84,1.079349334,0.857493442,0.936808231,1.017834447,1.09792338,1.119925899
160.86,1.064603875,0.846443055,0.931171048,1.012086631,1.096550045,1.117787365
160.88,1.063483856,0.850734677,0.941782581,1.023697531,1.111961244,1.117215058
160.9,1.048018704,0.840201153,0.936362883,1.018468328,1.110477938,1.114645471
160.92,1.046235446,0.844961313,0.947207237,1.030567214,1.125749234,1.113630432
160.94,1.030235562,0.834947311,0.942038302,1.025789381,1.123991654,1.110632453
160.96,1.027961824,0.840189116,0.953170165,1.038328619,1.138946069,1.109184576
160.98,1.01160441,0.830696003,0.948279811,1.033931276,1.136746855,1.105782687
161,1.009004558,0.836432781,0.959748326,1.046856308,1.151204502,1.103931558
161.02,0.992455219,0.827461633,0.955159699,1.042762982,1.148398301,1.100170248
161.04,0.989681993,0.8337078,0.967009278,1.056010525,1.162182176,1.097962834
161.06,0.986608061,0.825260278,0.962741364,1.052137339,1.158611377,1.080387309
161.08,0.983565914,0.832098007,0.975012213,1.065633714,1.171553658,1.078187449
161.1,0.966765012,0.824241706,0.971080415,1.061887776,1.167005911,1.074209139
161.12,0.963745657,0.831619739,0.983809437,1.075547445,1.178888785,1.071783301
161.14,0.947160144,0.824290695,0.980225238,1.071825156,1.173312228,1.06766044
161.16,0.944343233,0.832231042,0.993444656,1.085548861,1.18407452,1.065081598
161.18,0.928076222,0.825437338,0.990215032,1.081735276,1.177369734,1.060897226
161.2,0.925556649,0.833966218,1.003952779,1.095410624,1.18690722,1.058240707
161.22,0.909694682,0.827719238,1.001080017,1.09137921,1.179003351,1.054077459
161.24,0.907552809,0.836867371,1.01535912,1.104879684,1.187241786,1.051416628
161.26,0.892167046,0.831182404,1.01283998,1.100492003,1.178099173,1.047353212
161.28,0.890470007,0.840985677,1.027677589,1.113677327,1.184996424,1.044756587
161.3,0.875617776,0.835882545,1.025502112,1.108783769,1.174607645,1.040865124
161.32,0.874421047,0.846382742,1.040908134,1.121501053,1.180154188,1.038394343
161.34,0.86014759,0.841886482,1.039058037,1.11594239,1.168543505,1.034738621
161.36,0.859496692,0.853132091,1.055033304,1.128028162,1.172761312,1.032447242
161.38,0.845837004,0.849273707,1.053479916,1.139451283,1.159982606,1.029081849
161.4,0.845769241,0.861320835,1.052200576,1.150753889,1.163011271,1.027014916
161.42,0.832749893,0.858138155,1.050971016,1.161364448,1.149233399,1.023985534
161.44,0.833296051,0.870963382,1.050036934,1.171634414,1.151147988,1.022180627
161.46,0.820936943,0.868413232,1.049060083,1.181287762,1.136471066,1.019524472
161.48,0.822122461,0.88209139,1.049751655,1.190363385,1.137366338,1.018011409
161.5,0.810437592,0.878881758,1.050345023,1.198929132,1.121906795,1.015757611
161.52,0.812284077,0.892107854,1.05225481,1.20667348,1.121892571,0.999946137
161.54,0.801269544,0.888637059,1.054281415,1.214024377,1.120391159,0.998315295
161.56,0.803700438,0.901530771,1.057311879,1.220299008,1.119316691,0.98339436
161.58,0.793280039,0.897871754,1.060654271,1.226387954,1.116737362,0.982471203
161.6,0.796306427,0.910532137,1.064713788,1.23113776,1.114734003,0.968437977
161.62,0.786480209,0.906742655,1.069260274,1.23585376,1.111225359,0.968221293
161.64,0.790113664,0.919252375,1.074259332,1.238965059,1.108430199,0.955063823
161.66,0.780881435,0.915377633,1.079898983,1.242214791,1.104143403,0.955546119
161.68,0.785134316,0.927805387,1.085745386,1.243596491,1.100693202,0.943245972
161.7,0.776496313,0.923879582,1.092363239,1.245308837,1.09577669,0.94441566
161.72,0.7813824,0.936281768,1.098958505,1.244897092,1.091803529,0.932950208
161.74,0.773339912,0.932329062,1.106431673,1.245027072,1.08639882,0.933793782
161.76,0.778875009,0.94475085,1.113667881,1.242789163,1.083026476,0.922023298
161.78,0.771421235,0.940785878,1.121862243,1.241321062,1.078370024,0.922661239
161.8,0.777608657,0.953261727,1.129619421,1.237268184,1.075572101,0.910701314
161.82,0.77073956,0.949289572,1.138387042,1.234232545,1.071648264,0.911239482
161.84,0.777592296,0.961843287,1.14653131,1.22841063,1.068216714,0.899190293
161.86,0.771307683,0.957859258,1.155708881,1.225054833,1.063554472,0.899714093
161.88,0.778843511,0.970503759,1.164091514,1.218986521,1.059496754,0.887648217
161.9,0.773147305,0.9664928,1.173510865,1.215365182,1.0542096,0.888234215
161.92,0.781389069,0.979229499,1.181986188,1.209037656,1.049628662,0.876221479
161.94,0.776289597,0.975165331,1.191464289,1.205144791,1.043834388,0.876939097
161.96,0.785265683,0.987983307,1.199866443,1.219696289,1.038840514,0.865041359
161.98,0.780776096,0.983827303,1.188075167,1.215247481,1.032765239,0.865953485
162,0.790520922,0.99670196,1.196626242,1.22925219,1.027572641,0.854225822
162.02,0.786659621,0.992298736,1.184812052,1.22413155,1.037321705,0.855390586
162.04,0.79721417,1.005088284,1.193370268,1.221573565,1.031794025,0.843960166
162.06,0.794004769,1.000373639,1.181401435,1.216115213,1.041258865,0.845507631
162.08,0.805416533,1.013025182,1.189739246,1.213209282,1.035409005,0.848381994
162.1,0.802889137,1.007917447,1.177406466,1.207452091,1.03070586,0.850155937
162.12,0.815284551,1.020358653,1.185381476,1.204233907,1.024899551,0.85321865
162.14,0.813544673,1.016326098,1.172561661,1.198156683,1.02026156,0.855204979
162.16,0.825415524,1.029677355,1.180052303,1.194603764,1.014575527,0.858507223
162.18,0.823307566,1.026523162,1.166653612,1.188269128,1.010065776,0.860745894
162.2,0.834805199,1.040662771,1.173544616,1.184438071,1.004572037,0.864315285
162.22,0.832375545,1.038258185,1.159478538,1.177915824,1.000249582,0.866847654
162.24,0.843562279,1.053071903,1.16566714,1.173868639,0.995015466,0.87072058
162.26,0.840841123,1.051289454,1.150860943,1.167233049,0.990934946,0.87358846
162.28,0.851762406,1.066659204,1.156260973,1.163034755,0.986022949,0.877802243
162.3,0.848765254,1.065369867,1.14066115,1.156361861,0.982234602,0.882099564
162.32,0.859451056,1.081171547,1.145206516,1.152078153,0.976651285,0.87324044
162.34,0.856190458,1.080242762,1.128781543,1.145443249,0.986664498,0.877964294
162.36,0.866599129,1.096344934,1.132428896,1.14112752,0.981442687,0.883850434
162.38,0.862990875,1.095639245,1.11517106,1.134659669,0.977507937,0.890071095
162.4,0.873190731,1.111901931,1.117901365,1.130443843,0.971813665,0.883012466
162.42,0.869291444,1.111276933,1.099827717,1.124141564,0.981717879,0.889674175
162.44,0.879211504,1.127553433,1.101647401,1.11999973,0.976562827,0.883106285
162.46,0.889183833,1.126862549,1.082799066,1.113982127,0.986939013,0.876195445
162.48,0.899836134,1.143072158,1.083737845,1.11003649,0.982225297,0.883493679
162.5,0.89608287,1.142248906,1.082646809,1.104362365,0.978742682,0.891458461
162.52,0.90618532,1.139710199,1.082674034,1.081161411,0.973663702,0.885991018
162.54,0.916370303,1.138706743,1.100322526,1.076317087,0.984183898,0.88108211
162.56,0.92708438,1.136016714,1.098874144,1.054211921,0.978761945,0.876122488
162.58,0.923293815,1.134891297,1.114915935,1.050383132,0.988807191,0.886089229
162.6,0.934404773,1.131981642,1.112062219,1.029459559,0.983085125,0.881613067
162.62,0.9311072,1.130550182,1.108229972,1.026646056,0.992847919,0.8918981
162.64,0.942615473,1.145660694,1.104175834,1.006809965,0.986996167,0.887883746
162.66,0.939719028,1.143618196,1.099204128,1.004911347,0.996582393,0.898497117
162.68,0.951640856,1.158015183,1.094176997,0.986152062,0.990682383,0.894924629
162.7,0.949145256,1.155242897,1.088216114,0.985154476,0.984226499,0.905874765
162.72,0.961400119,1.168801926,1.082357866,0.983409395,0.978609065,0.902645212
162.74,0.959210115,1.165197178,1.075565451,0.982950881,0.972500332,0.913860941
162.76,0.971712585,1.177810397,1.069101887,0.981887656,0.967282773,0.910959546
162.78,0.969729484,1.173289126,1.061713034,0.981969195,0.961559039,0.922448904
162.8,0.982388292,1.184869176,1.054781606,0.981590318,0.956768233,0.919859887
162.82,0.980509926,1.17936951,1.04694518,0.982211353,0.951458807,0.931627335
162.84,0.993227888,1.189852096,1.03967756,0.982517244,0.947115169,0.929332841
162.86,0.991348257,1.183335434,1.031534475,0.983676143,0.94224241,0.941378746
162.88,1.004022283,1.192680576,1.02405331,0.984666495,0.938361168,0.939358097
162.9,1.002031729,1.185132503,1.015733473,0.986361653,0.933941765,0.95167809
162.92,1.014553367,1.193325111,1.008150149,0.988036596,0.930533981,0.949906956
162.94,1.012339281,1.184755265,0.999770472,0.990267383,0.942588545,0.962491166
162.96,1.024595803,1.191804622,0.992183808,0.976619898,0.93943446,0.961021523
162.98,1.022043887,1.182245545,0.983847192,0.979695604,0.951727873,0.973932441
163,1.033920323,1.188183802,0.976262244,0.966969078,0.948776441,0.972727305
163.02,1.030917174,1.177688887,0.967980634,0.954917013,0.961354161,0.985938697
163.04,1.042298429,1.182568281,0.976424549,0.943260018,0.95855192,0.984954769
163.06,1.03873296,1.171208209,0.968012254,0.932510665,0.971377663,0.998432238
163.08,1.049505984,1.175179232,0.976102253,0.921951973,0.968753525,0.997618416
163.1,1.045272049,1.163117191,0.96764864,0.912450695,0.981871504,1.011318341
163.12,1.05532914,1.166257157,0.975477857,0.902939608,0.979451332,1.010615482
163.14,1.050329223,1.153583863,0.967060901,0.894636924,0.992902664,1.024484348
163.16,1.059571077,1.155980693,0.974711797,0.886127799,0.990708931,1.023824237
163.18,1.053718418,1.142794525,0.966398131,0.878980141,1.004531694,1.037797624
163.2,1.062056839,1.144543119,0.973943285,0.871432926,1.00258342,1.037102058
163.22,1.055278361,1.130946505,0.965789326,0.865403196,1.01681255,1.051103769
163.24,1.062639215,1.132145268,0.973292421,0.858783825,1.015125084,1.050283828
163.26,1.069231652,1.118241342,0.965345606,0.853841819,1.029792102,1.049871789
163.28,1.075517656,1.11906234,0.972862513,0.848122516,1.028376723,1.048940615
163.3,1.08102841,1.105022923,0.965162931,0.844245268,1.043435871,1.048426762
163.32,1.086121186,1.105559582,0.972743507,0.839404794,1.042227429,1.047281195
163.34,1.090517516,1.091477392,0.965325061,0.836576515,1.057703097,1.046568514
163.36,1.094389794,1.091817902,0.971960442,0.832599682,1.056703898,1.045097576
163.38,1.097655099,1.078831784,0.963691007,0.830801625,1.07261473,1.044082631
163.4,1.100297528,1.080208001,0.969588445,0.827664557,1.071820251,1.056884029
163.42,1.102442322,1.068222576,0.960603803,0.826887143,1.073462745,1.055456255
163.44,1.10395247,1.070603242,0.965893557,0.824580107,1.072937349,1.067837412
163.46,1.105076206,1.059593647,0.956315366,0.824747675,1.074885557,1.0658227
163.48,1.105488692,1.062945102,0.961119512,0.823195674,1.076037986,1.077680316
163.5,1.105631039,1.052882937,0.95106047,0.822874698,1.079195932,1.074989682
163.52,1.104995506,1.057169406,0.955491987,0.821167267,1.0817644,1.086236734
163.54,1.104209541,1.048023428,0.945040577,0.820599742,1.068502656,1.082775639
163.56,1.102589611,1.053208169,0.949183716,0.836335815,1.071164234,1.093224362
163.58,1.100940223,1.044945332,0.938423108,0.836729319,1.075830515,1.088795351
163.6,1.098410973,1.050991618,0.942451586,0.835526715,1.080055772,1.098418151
163.62,1.095971823,1.042287701,0.931556707,0.835556231,1.08578206,1.093020392
163.64,1.093908181,1.048018961,0.935461796,0.834278413,1.091244617,1.101729848
163.66,1.091890076,1.038851261,0.924388946,0.834153736,1.080465451,1.09528794
163.68,1.090369464,1.044339114,0.928221279,0.850327313,1.087189632,1.102921693
163.7,1.0887617,1.034784338,0.917018746,0.849896018,1.077677467,1.095278919
163.72,1.087772207,1.04009926,0.920919675,0.865714732,1.085642119,1.101767669
163.74,1.086563627,1.030238029,0.909714829,0.865041801,1.077267538,1.092867885
163.76,1.086093321,1.035455052,0.913726849,0.880591627,1.08636367,1.09815346
163.78,1.085273346,1.025371161,0.90255081,0.879729689,1.07900147,1.087953933
163.8,1.08531094,1.030568423,0.906711814,0.895081954,1.089118986,1.091992196
163.82,1.084869741,1.020346398,0.895590289,0.894071983,1.082644476,1.080466892
163.84,1.085404796,1.02560346,0.899933738,0.909285001,1.093668882,1.083230867
163.86,1.085333464,1.015327272,0.888887131,0.908157389,1.087954806,1.08772271
163.88,1.086356595,1.02072411,0.893442207,0.923277528,1.082415219,1.089031452
163.9,1.086734718,1.010476138,0.899533366,0.922052719,1.077590929,1.092162285
163.92,1.088321665,0.999045174,0.905422315,0.937111183,1.072748361,1.091923887
163.94,1.075413295,0.987895239,0.895706708,0.935812461,1.068696467,1.107422526
163.96,1.077600132,0.992616077,0.901574831,0.950770244,1.064448729,1.105448204
163.98,1.065387463,0.98178463,0.891915662,0.949314478,1.061118801,1.119245206
164,1.068310924,0.986858648,0.898020568,0.964179117,1.057428333,1.115560852
164.02,1.056885082,0.97626113,0.905569389,0.962560249,1.071711578,1.127680565
164.04,1.060546948,0.964623852,0.913045525,0.960402308,1.068418529,1.122424906
164.06,1.049908396,0.953299985,0.904672754,0.958837179,1.083074859,1.133000853
164.08,1.05421544,0.958167518,0.912040807,0.956691254,1.079987266,1.126246961
164.1,1.044265517,0.947423049,0.903615342,0.955056895,1.094899908,1.135347035
164.12,1.049280834,0.952886967,0.911153729,0.952879423,1.091906725,1.127188439
164.14,1.040103326,0.942597506,0.920046854,0.951131941,1.106951179,1.134900916
164.16,1.045827536,0.931357021,0.928933911,0.948966427,1.103936944,1.125451415
164.18,1.037416905,0.920500548,0.921604163,0.947154392,1.118983768,1.131882983
164.2,1.043755838,0.926167866,0.931692542,0.944886047,1.115831546,1.12127284
164.22,1.036007231,0.929827527,0.92567084,0.9428759,1.130748551,1.126544505
164.24,1.027983147,0.934823474,0.937053339,0.940461635,1.127340782,1.114915869
164.26,1.021133608,0.937994409,0.932322383,0.938199481,1.141995516,1.119082614
164.28,1.013859934,0.942395754,0.944943189,0.935589055,1.138217703,1.106512812
164.3,1.007875507,0.945200985,0.941426261,0.948878377,1.152480794,1.109717662
164.32,1.000235094,0.949140703,0.939377198,0.946009915,1.148302916,1.09745003
164.34,0.99387005,0.951675567,0.937097302,0.959081433,1.162131343,1.101041016
164.36,0.985932213,0.955170786,0.936045751,0.955826542,1.157464044,1.089129201
164.38,0.979266863,0.957437745,0.934933859,0.968631523,1.170761219,1.093146172
164.4,0.971099572,0.960580137,0.934825476,0.96493368,1.165526467,1.081648994
164.42,0.964207616,0.962650858,0.934822269,0.977414408,1.178202501,1.086130134
164.44,0.955877484,0.965519218,0.935610915,0.973209329,1.172335863,1.075102792
164.46,0.948831227,0.967455252,0.936665481,0.985299629,1.184315663,1.080083493
164.48,0.940402803,0.970117277,0.938311461,0.980515965,1.177768204,1.069576314
164.5,0.94614552,0.971971479,0.940379363,0.992142034,1.188993338,1.062214935
164.52,0.937507965,0.974548188,0.942847784,0.986702395,1.181732877,1.052510341
164.54,0.943130673,0.976428417,0.945889558,0.997783953,1.192097307,1.045810062
164.56,0.934279053,0.978967159,0.949149386,0.991606267,1.184046371,1.036944073
164.58,0.93984194,0.98090968,0.953128752,1.002057746,1.193530975,1.030930025
164.6,0.930834412,0.983450157,0.957150594,0.99505634,1.184695105,1.022929238
164.62,0.936396372,0.985485537,0.962032358,1.004788783,1.193298795,1.017619072
164.64,0.927288632,0.988060846,0.966786885,0.996877152,1.183699952,1.010501793
164.66,0.932906998,0.990214488,0.972535131,1.005800786,1.191438523,1.005906256
164.68,0.923752048,0.992851634,0.977991448,0.996894036,1.181113548,0.999683292
164.7,0.929482465,0.995144135,0.984567683,1.004920849,1.188017976,0.995807059
164.72,0.920330505,0.997864362,0.990691644,0.994938463,1.177016595,0.990482754
164.74,0.926226926,1.00031172,0.99805288,1.001985074,1.183130918,0.987325426
164.76,0.917125373,1.003130664,1.004805343,1.010010568,1.171513437,0.982898848
164.78,0.923240162,1.005744326,0.993745493,1.015824975,1.176989352,0.980456047
164.8,0.914233771,1.008672001,1.001350599,1.02270513,1.16491758,0.976922739
164.82,0.920617908,1.011365032,0.990898714,1.027116866,1.169814838,0.975188157
164.84,0.911748985,1.014312873,0.999312831,1.032789249,1.157358901,0.972541316
164.86,0.918451901,1.017089555,0.989415625,1.035734007,1.161742097,0.971506817
164.88,0.90975966,1.020057949,0.998589255,1.040145339,1.148974921,0.969738025
164.9,0.916829607,1.022917118,0.98918966,1.041570736,1.152911674,0.969394677
164.92,0.908351488,1.025899655,0.999067149,1.044679125,1.13990682,0.968495035
164.94,0.915836426,1.028834243,0.990103294,1.04454712,1.143465713,0.968834065
164.96,0.907608485,1.031817142,1.000621692,1.046324107,1.130295497,0.968795249
164.98,0.915556543,1.034813574,0.992025991,1.044613147,1.133544328,0.969808916
165,0.907613877,1.037774932,1.003114062,1.045045467,1.120278278,0.970624121
165.02,0.916073842,1.042150228,0.994812507,1.041752258,1.123282633,0.972306493
165.04,0.90711319,1.046445761,1.006404041,1.040843219,1.1099863,0.973971291
165.06,0.914762412,1.051812773,0.998337585,1.035984094,1.112808485,0.976304914
165.08,0.905184138,1.057309137,1.010355876,1.033754674,1.099542594,0.978796372
165.1,0.912157626,1.063576021,1.002449272,1.027366414,1.085877282,0.966586271
165.12,0.902049775,1.07016521,1.014807331,1.040219118,1.088037614,0.970104239
165.14,0.908382881,1.077251597,1.006977987,1.032116325,1.074366033,0.958985215
165.16,0.899214918,1.084837284,1.01966341,1.043388901,1.076366113,0.962108696
165.18,0.90611757,1.092684833,1.011903731,1.033717572,1.062765953,0.950945083
165.2,0.897775352,1.10119995,1.024808486,1.043471214,1.06466675,0.953829647
165.22,0.905200707,1.109753215,1.017021799,1.03232201,1.05118612,0.942704496
165.24,0.897612751,1.119126622,1.030031604,1.040638909,1.053043489,0.945446215
165.26,0.905529522,1.128331009,1.039230287,1.028122581,1.039730647,0.934423327
165.28,0.898635241,1.121380295,1.052201824,1.035187735,1.041593916,0.937099392
165.3,0.90701813,1.131289976,1.06121105,1.021516899,1.028489991,0.926227408
165.32,0.900680736,1.125018831,1.073939355,1.027444588,1.030402977,0.928899932
165.34,0.909424446,1.13557485,1.082657938,1.012758002,1.0175424,0.918215071
165.36,0.903601155,1.129912299,1.095024493,1.017673348,1.019542942,0.920933274
165.38,0.899283917,1.125494447,1.103352465,1.002118598,1.006953625,0.923868324
165.4,0.909614139,1.120532457,1.115166798,1.00615409,1.009074124,0.926486713
165.42,0.905662016,1.116956208,1.122933496,0.989882927,0.996846138,0.929393665
165.44,0.916214593,1.112683457,1.134090313,0.993173723,0.999179441,0.932042911
165.46,0.912593202,1.109848125,1.141211274,0.976338224,0.987325869,0.93497635
165.48,0.923356876,1.106177105,1.151615898,0.979019822,0.98989202,0.937699199
165.5,0.920033893,1.103984547,1.15801708,0.961768835,0.978422592,0.940704755
165.52,0.930996029,1.100829503,1.167588243,0.963972949,0.981238628,0.943536904
165.54,0.927939584,1.099183361,1.1732086,0.969516229,0.970160003,0.946652799
165.56,0.939085638,1.096459783,1.158813173,0.971226726,0.9733551,0.94962412
165.58,0.936263595,1.095265079,1.163867071,0.953281632,0.962784855,0.952882951
165.6,0.947576614,1.092770266,1.171874135,0.954629418,0.966251897,0.956019579
165.62,0.944955915,1.091817691,1.176082156,0.936655017,0.956073194,0.959448689
165.64,0.95641548,1.089592017,1.1831251,0.937867201,0.959822956,0.962771429
165.66,0.953960391,1.088908745,1.186470461,0.942657081,0.950036934,0.966393077
165.68,0.96554283,1.086871748,1.169853207,0.94366529,0.95320837,0.969919169
165.7,0.963216827,1.086368134,1.172618668,0.926635234,0.942866985,0.973742466
165.72,0.974895384,1.084324425,1.178012988,0.928619776,0.945502336,0.977472049
165.74,0.97265945,1.083800429,1.179947802,0.912674553,0.934562802,0.981503171
165.76,0.984402691,1.08179572,1.18441443,0.915758435,0.936732511,0.98543852
165.78,0.982213751,1.081285924,1.18555522,0.900907168,0.925258311,0.989680482
165.8,0.993985989,1.079249334,1.189139837,0.905089791,0.927028108,0.993821802
165.82,0.99179907,1.078676385,1.189536583,0.891333648,0.915076867,0.998275103
165.84,1.00356079,1.076542146,1.192297995,0.896609377,0.916506926,1.002620541
165.86,1.001327699,1.075834945,1.192010872,0.883943032,0.904130133,1.007283154
165.88,1.013034971,1.073543466,1.194018687,0.890302636,0.905274873,1.011828725
165.9,1.010704321,1.087896646,1.193115912,0.878715816,0.892517653,1.016695992
165.92,1.007050586,1.085190365,1.194521747,0.886147938,0.893425585,1.021435423
165.94,1.004849732,1.099021986,1.193150245,0.875627366,0.880326507,1.026423258
165.96,1.001309982,1.095779974,1.19403368,0.88412069,0.881040102,1.03127396
165.98,0.999182514,1.109041035,1.192266485,0.87465157,0.883285845,1.036375582
166,0.995705073,1.105227135,1.192710146,0.86854021,0.884895125,1.041409153
166.02,0.993593412,1.117876241,1.190621902,0.859132611,0.872313348,1.046703993
166.04,0.990126752,1.113462398,1.190629988,0.868613708,0.874786691,1.05184638
166.06,0.98797405,1.125466557,1.188206788,0.859160053,0.863210227,1.057252122
166.08,0.984466825,1.120432955,1.187928034,0.868406541,0.866572606,1.062500386
166.1,0.98221585,1.131767287,1.18531166,0.85897171,0.855932633,1.068010396
166.12,0.978616895,1.12610296,1.184815906,0.868059975,0.860136748,1.073357361
166.14,0.989289176,1.136752457,1.182065571,0.858697781,0.850373273,1.065881965
166.16,0.985507504,1.130522769,1.18142048,0.867693038,0.85537924,1.071423492
166.18,0.995940316,1.140546924,1.178593043,0.858447262,0.846373102,1.064051738
166.2,0.991866954,1.133757144,1.177863719,0.86740526,0.852082465,1.069765104
166.22,1.002016311,1.143156932,1.175012885,0.858310931,0.843789829,1.062466153
166.24,0.997610472,1.1358201,1.174260455,0.867278774,0.850176295,1.068324627
166.26,1.007433055,1.144604767,1.171435954,0.858363577,0.842558968,1.061064635
166.28,1.002655567,1.136741352,1.170717102,0.867381677,0.849600817,1.06703801
166.3,1.012109511,1.144927716,1.167964419,0.858667463,0.842625478,1.059780039
166.32,1.006923569,1.136564772,1.167331169,0.867770608,0.85030488,1.065834524
166.34,1.01596928,1.144176364,1.164691476,0.859274387,0.843942369,1.058538477
166.36,1.010341211,1.135346578,1.164191162,0.868492641,0.852244731,1.06463664
166.38,1.018942177,1.14241269,1.161701406,0.860227402,0.846469385,1.057259273
166.4,1.012842192,1.133153351,1.161376804,0.869586863,0.855382728,1.063360046
166.42,1.020965773,1.139708017,1.159069912,0.861562264,0.850171743,1.055855042
166.44,1.014368663,1.130059968,1.158959486,0.871085682,0.859686088,1.061913808
166.46,1.021986816,1.136140937,1.156864652,0.863308609,0.855018901,1.054231953
166.48,1.014872585,1.126147532,1.157002885,0.873015896,0.86512566,1.060200745
166.5,1.021962507,1.131795254,1.138606335,0.865490918,0.860983328,1.052290209
166.52,1.014316896,1.138040945,1.139169617,0.875318243,0.871674679,1.058118012
166.54,1.020861551,1.143070416,1.121415833,0.867967033,0.868038852,1.049924767
166.56,1.012758138,1.14867907,1.122507111,0.877933856,0.879306289,1.055557969
166.58,1.018827468,1.153142613,1.105401832,0.870761726,0.876158603,1.047026745
166.6,1.010260158,1.158173964,1.107034428,0.880885644,0.887993121,1.052410529
166.62,1.015845168,1.147480431,1.090579355,0.873895963,0.885314971,1.04348549
166.64,1.021460309,1.152244233,1.092692694,0.884192462,0.897706362,1.048563735
166.66,1.026236081,1.141515412,1.076816862,0.877386453,0.895478219,1.039262585
166.68,1.030973929,1.146143459,1.079423914,0.887868339,0.908414322,1.044049411
166.7,1.034947018,1.135434162,1.06412877,0.881245211,0.906615395,1.050388657
166.72,1.038819982,1.139980487,1.067240817,0.891923436,0.904005989,1.054663023
166.74,1.042087509,1.129341784,1.052525665,0.885480805,0.902855219,1.060482003
166.76,1.045195623,1.133857631,1.056152447,0.896283419,0.900782999,1.064106437
166.78,1.047778831,1.123337186,1.042015008,0.889939002,0.900252777,1.069354711
166.8,1.050148824,1.12787055,1.046164784,0.900875941,0.898692108,1.072274108
166.82,1.052075723,1.117511539,1.032600904,0.89462663,0.898752784,1.076902414
166.84,1.053741698,1.122106542,1.037280909,0.905705642,0.89767674,1.079063817
166.86,1.055046602,1.111947576,1.024285805,0.899546363,0.898296847,1.083025254
166.88,1.056049033,1.116644417,1.029502988,0.910772936,0.897676694,1.084379191
166.9,1.056771567,1.106719626,1.017071595,0.904696568,0.89882239,1.08763045
166.92,1.057156191,1.111554662,1.022832904,0.916073825,0.898627102,1.088132301
166.94,1.057340228,1.101893892,1.010960166,0.910071094,0.900261637,1.090634911
166.96,1.057156872,1.106899821,1.017272768,0.921599649,0.90045744,1.090246256
166.98,1.05684944,1.097528918,1.005953867,0.91565898,0.902540676,1.091967783
167,1.056150848,1.10273504,1.012825329,0.927336771,0.903090654,1.090657691
167.02,1.055401055,1.093676188,1.002055867,0.921444124,0.905578668,1.091572866
167.04,1.054241748,1.099108699,1.009494285,0.933266213,0.90644244,1.089319059
167.06,1.053099758,1.090380796,0.999270416,0.927404898,0.909287225,1.089410772
167.08,1.051534967,1.096063123,1.007284496,0.939363249,0.910420736,1.08620062
167.1,1.050051065,1.087682163,0.997603017,0.933513727,0.913570034,1.085460734
167.12,1.048135766,1.093635294,1.00620212,0.945596978,0.914925469,1.081292029
167.14,1.046359528,1.085614753,0.997060512,0.93973666,0.918322773,1.079721976
167.16,1.044147599,1.091857572,1.006254648,0.951929881,0.919848634,1.074603437
167.18,1.042127184,1.084208779,0.99765108,0.946032932,0.923433376,1.072214558
167.2,1.039670701,1.090758379,1.007450865,0.958317398,0.925074738,1.066166035
167.22,1.037452277,1.083490857,0.999384153,0.95235456,0.928782693,1.062979622
167.24,1.034800948,1.090362835,1.009800714,0.964707541,0.930481662,1.056031968
167.26,1.032428247,1.083484626,1.002270242,0.958645992,0.949474662,1.052079016
167.28,1.029628984,1.09069335,1.01331508,0.955811493,0.95112172,1.044352005
167.3,1.027142983,1.084211297,1.006320665,0.949742588,0.97008277,1.039749087
167.32,1.024239992,1.091770144,1.017926945,0.946935244,0.971542882,1.031292316
167.34,1.021679482,1.085690147,1.011392425,0.940815065,0.99040485,1.026085919
167.36,1.018714056,1.093611309,1.023573236,0.937996566,0.99161953,1.03633981
167.38,1.016114732,1.087937782,1.01750003,0.931778484,0.99093065,1.030520518
167.4,1.013220903,1.096232491,1.030267825,0.928908712,0.992000328,1.040098274
167.42,1.01071111,1.090969807,1.024656873,0.922447862,0.991143388,1.033617063
167.44,1.007920208,1.087189901,1.038023143,0.919388648,0.992021173,1.042562652
167.46,1.017985677,1.08244698,1.032810583,0.934033925,0.990955468,1.035473956
167.48,1.015159331,1.079304818,1.025326018,0.93074534,0.991702572,1.043896547
167.5,1.025124524,1.075138467,1.02062139,0.945211885,0.99049731,1.036319001
167.52,1.022299009,1.072516422,1.013532711,0.941560229,0.991070838,1.044266931
167.54,1.032202877,1.068811393,1.009318324,0.955823024,0.989690347,1.03625774
167.56,1.029411353,1.066703969,1.002608054,0.951781648,0.990051002,1.043781361
167.58,1.039288909,1.063454105,0.998864567,0.965813638,0.988463358,1.03539885
167.6,1.036560964,1.061855567,0.99251473,0.961354641,0.988576288,1.042549596
167.62,1.046444545,1.059054586,0.989221995,0.975127122,0.98675381,1.033852228
167.64,1.04380693,1.057959021,0.983213892,0.970221816,0.986589113,1.040681727
167.66,1.05372635,1.055600569,0.980350684,0.983704913,0.984508757,1.031727201
167.68,1.051203176,1.055001921,0.974664658,0.978324365,0.984041874,1.038286472
167.7,1.061185898,1.053079581,0.972208402,0.991487572,0.981685505,1.029130925
167.72,1.058798848,1.052971646,0.966823606,0.985603204,0.980897472,1.035469673
167.74,1.068870161,1.051478918,0.964750105,0.998415992,0.978252015,1.026166985
167.76,1.066638696,1.051855302,0.959644269,0.99200024,0.977129576,1.032333002
167.78,1.064146777,1.050785554,0.957927438,1.004432715,0.974187031,1.035609344
167.8,1.0621925,1.051575091,0.953076653,0.997459727,0.972722603,1.041478838
167.82,1.060076931,1.050858652,0.951687942,1.009483331,0.969544966,1.044465649
167.84,1.058471372,1.052057084,0.94706583,1.001929691,0.967798889,1.050090858
167.86,1.056737849,1.051689682,0.945974043,1.013518233,0.964384528,1.052846705
167.88,1.055484858,1.053292302,0.94155225,1.005364327,0.962356618,1.058277748
167.9,1.054137303,1.053268952,0.956310428,1.016494669,0.958708389,1.060857853
167.92,1.0532393,1.039683408,0.95201147,1.007801377,0.956403355,1.066141776
167.94,1.052280124,1.040122911,0.966987487,1.018531583,0.952528597,1.068597744
167.96,1.051660705,1.026939011,0.962710117,1.009286655,0.949956346,1.073778345
167.98,1.051014066,1.02782406,0.977879083,1.019599828,0.945866421,1.076157629
168,1.050675483,1.015019108,0.973598126,1.009795743,0.943040738,1.061953541
168.02,1.050343379,1.016331501,0.988931232,1.01967965,0.958071192,1.064428206
168.04,1.050190872,1.003882901,0.984618525,1.009314466,0.954784773,1.050517104
168.06,1.050078777,1.005603758,1.000083105,1.018857567,0.969311659,1.053219727
168.08,1.050116308,0.993487948,0.995707632,1.008030348,0.965589711,1.039629751
168.1,1.050228196,0.995597592,1.011267784,1.017226726,0.97963689,1.042587753
168.12,1.050458976,0.995851915,1.006796858,1.005943394,0.975509602,1.029341222
168.14,1.038736482,0.998264429,1.022475681,1.014792688,0.989105438,1.032577207
168.16,1.039288107,0.998709921,1.017934652,1.003065601,0.984606143,1.019631344
168.18,1.027885149,1.001352308,1.03368886,1.011573683,0.997782659,1.023104413
168.2,1.028748794,1.001978671,1.02903911,0.999421523,0.992946743,1.010473651
168.22,1.017651085,1.004838803,1.04482269,1.007599761,1.005738208,1.014200258
168.24,1.018816938,1.005634544,1.040024334,0.995046949,1.000602366,1.001894465
168.26,1.008009929,1.008698919,1.055789462,1.002911948,1.013045156,1.00588729
168.28,1.009467821,1.009651285,1.050801932,0.989988216,1.00764701,0.99391229
168.3,0.998936711,1.012904966,1.066499677,0.997561422,1.019778896,0.998180673
168.32,1.000676113,1.013999898,1.061282392,0.984301236,1.014156373,0.986538741
168.34,0.990405856,1.017426478,1.076863494,0.991608403,1.026015894,0.991089092
168.36,0.99241586,1.018648591,1.071376577,0.978050262,1.020206693,0.979779423
168.38,0.982391159,1.022230184,1.086792292,0.985120821,1.031832601,0.984615606
168.4,0.984660461,1.023562772,1.080997326,0.971306455,1.02587374,0.973634736
168.42,0.974865758,1.027280027,1.096200294,0.978172795,1.037304545,0.978758402
168.44,0.977382631,1.02870509,1.090061074,0.964146303,1.031231995,0.968100592
168.46,0.967802093,1.032537246,1.105006182,0.970843005,1.042505577,0.973511481
168.48,0.970554356,1.034035555,1.098489445,0.956649952,1.036353972,0.963169047
168.5,0.961171862,1.037960525,1.113134658,0.963213004,1.047507277,0.968865245
168.52,0.964146857,1.039511715,1.106210758,0.948899533,1.0413097,0.958828851
168.54,0.954945982,1.043506205,1.120517878,0.955365561,1.052378497,0.964807003
168.56,0.958130549,1.045088907,1.113161371,0.940977532,1.046166322,0.955065908
168.58,0.949094551,1.04912858,1.127096696,0.947383066,1.057185027,0.961321406
168.6,0.952475007,1.050720584,1.119286826,0.932965268,1.050987822,0.951863667
168.62,0.94358683,1.054780257,1.132821691,0.939346084,1.061989369,0.958390792
168.64,0.947148955,1.056358708,1.124542742,0.924941531,1.055834835,0.967288028
168.66,0.938391225,1.060412583,1.137653916,0.931332065,1.048766001,0.973980861
168.68,0.942210162,1.06195421,1.128895435,0.916981403,1.042868683,0.96485925
168.7,0.933654943,1.065976579,1.141565368,0.923324748,1.054118595,0.971729994
168.72,0.937622979,1.067458853,1.13232224,0.908976882,1.048300592,0.962865173
168.74,0.929159628,1.071423944,1.144538737,0.915396629,1.059607079,0.969997763
168.76,0.933260751,1.072823513,1.134810234,0.901178555,1.053890069,0.961373832
168.78,0.937143843,1.076705335,1.146566828,0.907702397,1.065280125,0.956485958
168.8,0.941302518,1.078062118,1.13635825,0.893645015,1.059684919,0.966255227
168.82,0.945166449,1.08189663,1.147654795,0.900297974,1.05307458,0.961594431
168.84,0.949401167,1.083186936,1.136976821,0.886428604,1.047736454,0.971522344
168.86,0.953328244,1.086948353,1.147818665,0.893143245,1.041360452,0.966989203
168.88,0.957627701,1.088150207,1.136686304,0.879396173,1.036283509,0.958989053
168.9,0.96160692,1.091814526,1.147083133,0.88619487,1.048226384,0.954659869
168.92,0.965868882,1.092907313,1.135514338,0.872592954,1.043239555,0.965060869
168.94,0.96979878,1.096451695,1.145479683,0.879584705,1.037168779,0.96092471
168.96,0.974102538,1.097415513,1.133495746,0.866236116,1.032458426,0.971460612
168.98,0.978063799,1.100818993,1.143047321,0.873344367,1.026635238,0.967417063
169,0.982396291,1.101636721,1.130673181,0.860172363,1.022201751,0.978082913
169.02,0.986376405,1.104880919,1.139831855,0.867411138,1.016624539,0.974123979
169.04,0.990723818,1.105537488,1.12709366,0.854428239,1.012466507,0.966699185
169.06,0.99471008,1.108606344,1.135882392,0.861809015,1.025347987,0.962891704
169.08,0.998967973,1.109088885,1.122807853,0.849024663,1.021297626,0.973960035
169.1,1.002856975,1.111968365,1.131251569,0.856646868,1.016045177,0.970301202
169.12,1.007104253,1.112265417,1.117869389,0.844157483,1.012276932,0.981470432
169.14,1.010976664,1.114944069,1.125994825,0.851934402,1.00727266,0.977858125
169.16,1.015199871,1.115047501,1.11233506,0.839651068,1.003783189,0.989121511
169.18,1.019043066,1.117516981,1.120169785,0.847587963,0.999022385,0.985546819
169.2,1.023228625,1.11742107,1.106261498,0.835512734,0.995806758,0.996897104
169.22,1.027030385,1.119675672,1.113832957,0.843613129,0.991284205,0.993350843
169.24,1.031165248,1.119377067,1.099704738,0.831746043,0.988336894,1.004780305
169.26,1.034913914,1.121413662,1.107040278,0.840011908,0.984046891,1.00125309
169.28,1.038985726,1.120911306,1.092719865,0.828351237,0.981361792,1.012753615
169.3,1.042670353,1.122729242,1.099846344,0.836783174,0.977298178,1.009235937
169.32,1.046667614,1.122024251,1.085360299,0.825325663,0.974868641,1.020799098
169.34,1.050278116,1.123625208,1.092303755,0.833923077,0.971024815,1.017281413
169.36,1.05419033,1.122720715,1.096173213,0.822664158,0.968843662,1.028898564
169.38,1.057717611,1.105612505,1.10266427,0.831519547,0.965212604,1.025371393
169.4,1.061535424,1.104900784,1.10604552,0.820543079,0.963272623,1.037033768
169.42,1.064878496,1.101668467,1.112022346,0.829648735,0.959847829,1.033487806
169.44,1.054788017,1.100960314,1.115011507,0.818942649,0.958141735,1.045186178
169.46,1.058201902,1.097677243,1.120572206,0.828290241,0.954916255,1.041542293
169.48,1.048128435,1.096906004,1.12319444,0.817842656,0.95343624,1.053200671
169.5,1.051609045,1.093575264,1.128366203,0.827423778,0.950402347,1.049452688
169.52,1.041550024,1.092744733,1.130645021,0.817222444,0.949139448,1.061065117
169.54,1.045093676,1.089370072,1.135453559,0.827028351,0.946288719,1.05720737
169.56,1.035047636,1.088484761,1.137411058,0.817060775,0.945233565,1.068768244
169.58,1.038651728,1.085070464,1.141880469,0.82708246,0.942557267,1.064795692
169.6,1.028618256,1.084135468,1.14353724,0.817336016,0.941700127,1.076299881
169.62,1.032281231,1.080686238,1.14768991,0.82756428,0.939189256,1.072208223
169.64,1.022260907,1.079707099,1.149064971,0.818026306,0.938520087,1.083651205
169.66,1.025982204,1.07622794,1.152921495,0.82845182,0.936165418,1.079436988
169.68,1.015976522,1.075210509,1.154032244,0.81910971,0.935673924,1.090814962
169.7,1.019756514,1.071706604,1.157611378,0.829723071,0.933466062,1.086475679
169.72,1.009767794,1.070656913,1.158473568,0.820564353,0.93314176,1.097785676
169.74,1.01360771,1.067133515,1.161792196,0.831356133,0.931071205,1.093319846
169.76,1.003639,1.066057645,1.162419926,0.822368544,0.9309035,1.104559821
169.78,1.007540838,1.062519966,1.165493054,0.833329341,0.928960717,1.099967056
169.8,0.997595809,1.061423926,1.165898773,0.824500893,0.928938982,1.111135968
169.82,1.00156224,1.057877031,1.168739532,0.835621373,0.927114472,1.106417022
169.84,0.991645068,1.056766645,1.168934062,0.82694042,0.927228143,1.117514892
169.86,0.995679334,1.05321536,1.171553735,0.838211366,0.925512529,1.112671682
169.88,0.999429287,1.052096155,1.171546301,0.829666662,0.925751194,1.110064931
169.9,1.003346572,1.048611405,1.17395436,0.84107902,0.924135305,1.105355096
169.92,1.006926783,1.047554198,1.173752957,0.832659779,0.924422782,1.102886966
169.94,1.010667547,1.044137021,1.175957777,0.844204709,0.922832349,1.098310005
169.96,1.014087245,1.04314305,1.175569215,0.835900335,0.923162142,1.095979722
169.98,1.017661395,1.039793776,1.177577434,0.847568619,0.921591937,1.091535524
170,1.020929968,1.038863853,1.177007046,0.839368791,0.921957923,1.089343243
170.02,1.02434754,1.035582396,1.178823642,0.851151572,0.920403103,1.085032703
170.04,1.027474437,1.034716831,1.178075363,0.843046646,0.920799628,1.082979432
170.06,1.030745489,1.031502635,1.179703743,0.854935485,0.919255829,1.078804355
170.08,1.033740128,1.030701177,1.178780195,0.846916544,0.919677819,1.076891868
170.1,1.03687463,1.027553163,1.180222306,0.858903474,0.918141243,1.072854866
170.12,1.039746298,1.026814945,1.179124901,0.850962377,0.918584293,1.071085608
170.14,1.042754029,1.023731471,1.180381346,0.863039954,0.917051788,1.067189984
170.16,1.045511783,1.023054962,1.179110397,0.855169383,0.917512254,1.065566973
170.18,1.048402215,1.020033791,1.180180569,0.867330743,0.915981383,1.061816601
170.2,1.051054787,1.01941676,1.178735405,0.859524244,0.916456454,1.060343317
170.22,1.053836976,1.016455032,1.179617629,0.871763158,0.914925553,1.056742518
170.24,1.056392672,1.015894522,1.177996731,0.864015176,0.915413316,1.055422796
170.26,1.059075153,1.012988735,1.178688419,0.876326101,0.913881542,1.051976209
170.28,1.061541756,1.012481043,1.176889553,0.868632015,0.914381027,1.050814128
170.3,1.064132436,1.009627044,1.177387369,0.881010138,0.912848392,1.047526581
170.32,1.066517117,1.009167712,1.175407738,0.873366283,0.913359609,1.046526348
170.34,1.069023174,1.006360696,1.175707772,0.88580757,0.911826995,1.043402728
170.36,1.071332401,1.005944515,1.173544167,0.87821125,0.912350949,1.042568573
170.38,1.073760186,1.003179029,1.173642119,0.89071248,0.910820119,1.039613702
170.4,1.075999636,1.002800049,1.171291076,0.883161977,0.911358812,1.038949766
170.42,1.078354585,1.000070017,1.171182444,0.895720773,0.909832395,1.036168273
170.44,1.080529067,0.999721572,1.168640416,0.888215342,0.910388813,1.035678504
170.46,1.082815611,0.997020314,1.168320687,0.900830192,0.908870288,1.033074708
170.48,1.084928993,0.996695059,1.165584204,0.893370048,0.909448372,1.032762757
170.5,1.087150482,0.994015338,1.165049049,0.906040319,0.907942029,1.030340553
170.52,1.089205619,0.993705299,1.162114886,0.898626609,0.908546631,1.030209678
170.54,1.091364253,0.991039364,1.16136035,0.911352552,0.907057527,1.027972423
170.56,1.09336293,0.990736004,1.158225688,0.903987324,0.907694359,1.028025396
170.58,1.095459698,0.988075659,1.157248381,0.916770068,0.906228259,1.025975805
170.6,1.097402575,0.98776995,1.153910964,0.909456223,0.90690382,1.02621482
170.62,1.099437203,0.985106628,1.152708234,0.922297759,0.905467134,1.024354866
170.64,1.101323776,0.984789151,1.149166517,0.915038998,0.906188639,1.024781454
170.66,1.10329469,0.982114,1.147736617,0.92794216,0.904788348,1.023112271
170.68,1.105123259,0.981775047,1.143989902,0.92074292,0.905563639,1.023727215
170.7,1.107027562,0.979079035,1.142332141,0.933711348,0.904207213,1.022249003
170.72,1.10879521,0.978708736,1.138380694,0.926576733,0.905044672,1.023052259
170.74,1.11062867,0.97598276,1.136495568,0.939614838,0.903739987,1.021764197
170.76,1.112331267,0.975571215,1.132340722,0.932550542,0.904648433,1.022754812
170.78,1.114088325,0.972806231,1.130230022,0.945663459,0.903403685,1.021654971
170.8,1.115720535,0.972343656,1.125874261,0.938675687,0.904392273,1.022831008
170.82,1.117394338,0.96953081,1.123541158,0.951869224,0.90321588,1.021916263
170.84,1.118949651,0.969007702,1.118988171,0.944964608,0.904293997,1.023274723
170.86,1.120532099,0.966138474,1.116437274,0.95824519,0.903194509,1.022540674
170.88,1.122002888,0.965545769,1.111691995,0.951430704,0.904371658,1.02407742
170.9,1.123484709,0.962612121,1.108929379,0.964805315,0.903357659,1.023518312
170.92,1.124862304,0.961941371,1.103997993,0.958088192,0.904643351,1.025227995
170.94,1.126233158,0.958935901,1.101031204,0.971564315,0.903723356,1.024836637
170.96,1.127507943,0.958179442,1.095921137,0.964951958,0.905126987,1.026712625
170.98,1.128756551,0.95509553,1.092759158,0.978537511,0.904309344,1.026480323
171,1.129918098,0.969504516,1.087479036,0.972037416,0.905840076,1.028514631
171.02,1.115774539,0.966265062,1.084210892,0.985740689,0.905132856,1.028431117
171.04,1.116958728,0.980459227,1.078846774,0.979360748,0.906799487,1.030538789
171.06,1.102782063,0.976985337,1.075481717,0.993191114,0.906210378,1.030516851
171.08,1.103973775,0.975632643,1.070041709,0.986939507,0.908020851,1.032689306
171.1,1.105079202,0.97199846,1.066510852,1.000906543,0.907556283,1.032717657
171.12,1.106113628,0.98590719,1.060927462,0.994790881,0.909517549,1.035020593
171.14,1.09168034,0.982114928,1.057323719,1.008903514,0.909183364,1.035161811
171.16,1.092695991,0.995799262,1.051686491,1.002931177,0.91130198,1.037505067
171.18,1.078192507,0.99177229,1.048022429,1.017199223,0.911104055,1.037666159
171.2,1.079175374,1.005233005,1.042342055,1.011377667,0.91338566,1.040036405
171.22,1.064589193,1.000975375,1.038630703,1.025810947,0.913328208,1.040200857
171.24,1.065525367,0.998782647,1.032918517,1.020147238,0.915776952,1.04258318
171.26,1.066277052,0.994377614,1.029094115,1.034755506,0.915863163,1.042732791
171.28,1.066999367,1.007553515,1.023284904,1.029255858,0.918481919,1.045187112
171.3,1.052063394,1.003004217,1.019443972,1.044047938,0.918713792,1.045378226
171.32,1.052718887,1.015961202,1.013629989,1.038718065,0.92150431,1.047807841
171.34,1.037675902,1.011195644,1.009787493,1.053703392,0.921883237,1.047940611
171.36,1.038255169,1.008469322,1.003981058,1.048548812,0.924845565,1.050326482
171.38,1.038569666,1.003579049,1.000072129,1.063736524,0.925370574,1.05037858
171.4,1.038905704,1.016278521,0.99420847,1.05876169,0.928502428,1.052777103
171.42,1.023475405,1.011267204,0.990330474,1.07415974,0.929170777,1.0528015
171.44,1.023724424,1.023766548,0.984502239,1.069368373,0.949432237,1.055112648
171.46,1.008179317,1.018566321,0.980670318,1.068020867,0.950010911,1.055088437
171.48,1.008337546,1.015399227,0.974889662,1.063726763,0.970207135,1.057372745
171.5,1.024006798,1.010109992,0.970957234,1.062829186,0.970614563,1.041421856
171.52,1.023846551,1.022489779,0.965077895,1.059023479,0.990750333,1.043876595
171.54,1.023663409,1.017193942,0.961146442,1.058567037,0.990905163,1.028000822
171.56,1.023273077,1.029485277,0.955265199,1.055239781,1.010902584,1.030521153
171.58,1.022884229,1.024115283,0.951353655,1.05521601,1.010805194,1.014618255
171.6,1.022269627,1.036330731,0.945486159,1.052356547,1.030663924,1.017179242
171.62,1.021680184,1.030900586,0.941612252,1.052756459,1.030310198,1.00122833
171.64,1.020848092,1.027611756,0.935773365,1.050353786,1.050025235,1.003806948
171.66,1.035507225,1.022227584,0.931874454,1.051168187,1.049407186,0.987789873
171.68,1.034299048,1.034502709,0.926001179,1.049210459,1.068969052,0.99044153
171.7,1.033165493,1.029163519,0.922175478,1.050429066,1.068074681,0.997528517
171.72,1.031764023,1.041403144,0.916361009,1.048903899,1.064360359,0.999803366
171.74,1.030576994,1.03604585,0.912623721,1.050516842,1.063643269,1.006453383
171.76,1.029106849,1.032884122,0.906880155,1.049295294,1.060080546,1.008220249
171.78,1.043256757,1.027621423,0.903165888,1.051180744,1.059520408,1.01442108
171.8,1.041556053,1.040018035,0.89742706,1.05025456,1.056090981,1.015744098
171.82,1.040113599,1.034848829,0.893829433,1.052406095,1.055664132,1.021560545
171.84,1.038367181,1.031930044,0.888184234,1.051765822,1.052348229,1.022351213
171.86,1.05223234,1.026889456,0.88463524,1.054176812,1.052029535,1.02769569
171.88,1.050281577,1.039516381,0.879015282,1.053811632,1.048805512,1.02802236
171.9,1.048628507,1.034602458,0.875606119,1.056473491,1.048566794,1.032963318
171.92,1.046662705,1.032007211,0.870098126,1.056371067,1.045411093,1.032743024
171.94,1.060290003,1.02725667,0.866758878,1.059274689,1.04522271,1.037197809
171.96,1.058153066,1.04019313,0.861292773,1.059420965,1.042109939,1.036504761
171.98,1.05634617,1.035603471,0.858112081,1.062554954,1.041939328,1.040546894
172,1.054230604,1.033414516,0.852772332,1.06293397,1.038842315,1.039305208
172.02,1.067681,1.029023172,0.84967825,1.066286042,1.038655693,1.042858303
172.04,1.065433202,1.027159073,0.844392997,1.066879707,1.035545682,1.041149394
172.06,1.078733153,1.023058074,0.841393143,1.070434896,1.035306735,1.044293194
172.08,1.076377955,1.03670073,0.836168495,1.071222402,1.032153566,1.042124262
172.1,1.074386175,1.032808933,0.833347605,1.074963662,1.031825305,1.044864122
172.12,1.07211887,1.031467985,0.828264281,1.075922031,1.028598103,1.042171861
172.14,1.085364152,1.027822428,0.825546802,1.079830811,1.028142472,1.044442429
172.16,1.083034797,1.041985421,0.820529797,1.080934282,1.024809266,1.04132047
172.18,1.065196182,1.038584959,0.817996959,1.084988726,1.024186885,1.059091402
172.2,1.063097755,1.03777132,0.813124311,1.086208557,1.020715408,1.055303952
172.22,1.076551599,1.034572765,0.810697283,1.090384898,1.019969969,1.056582261
172.24,1.0745146,1.034186462,0.805890706,1.091689174,1.016407397,1.052416392
172.26,1.072150798,1.031362577,0.803568914,1.095960389,1.015414887,1.069134905
172.28,1.070222462,1.031338326,0.798827732,1.097314323,1.011647922,1.06443616
172.3,1.068086469,1.028822486,0.816936395,1.101650367,1.010453468,1.080604167
172.32,1.066372714,1.008851149,0.812216048,1.103114761,1.006531257,1.075408347
172.34,1.064491317,1.006801028,0.830412479,1.107584344,1.005097404,1.091055255
172.36,1.062914214,1.002296158,0.825623697,1.109116633,1.000990225,1.085403017
172.38,1.046156851,1.000622918,0.844007266,1.11368274,0.999282799,1.100561867
172.4,1.044900316,0.996359444,0.839237535,1.115237288,0.994963566,1.094422075
172.42,1.02850426,0.994992352,0.857825266,1.119861047,0.992951948,1.109055384
172.44,1.027579462,0.990975905,0.853081734,1.121389812,0.988396513,1.102477369
172.46,1.011552362,0.989922224,0.871887675,1.126029844,0.986053648,1.11662776
172.48,1.010968358,0.986158349,0.86717496,1.127482289,0.981241442,1.109662994
172.5,0.995316045,0.985425236,0.886210153,1.13209498,0.978545329,1.123375521
172.52,0.995080634,0.966817992,0.881529991,1.133418508,0.973460316,1.116076913
172.54,1.010248346,0.966489706,0.900723723,1.137958419,0.970394602,1.114058686
172.56,1.010113877,0.963476807,0.895998582,1.139098595,0.965025742,1.106736263
172.58,0.994890988,0.963626218,0.915434802,1.143518238,0.961500862,1.119970434
172.6,0.995058589,0.960869006,0.910738227,1.144419971,0.955766735,1.112409469
172.62,0.980239297,0.961345556,0.930416372,1.14867173,0.951862516,1.125335842
172.64,0.980793448,0.958849127,0.925738629,1.14927983,0.945842762,1.117588829
172.66,0.966376947,0.959659748,0.945652095,1.15331645,0.9415619,1.130256355
172.68,0.967320936,0.957429257,0.940978743,1.153577956,0.935261842,1.12237553
172.7,0.953305192,0.958580426,0.961114998,1.157353907,0.930613559,1.13483283
172.72,0.954641592,0.956620585,0.95642636,1.157218535,0.924043989,1.126868889
172.74,0.941023486,0.958118195,0.976766259,1.160690748,0.919043823,1.139163846
172.76,0.942754272,0.956433154,0.972036898,1.160112288,0.912220732,1.131165557
172.78,0.929529735,0.958282346,0.992554007,1.163241388,0.927377813,1.143344993
172.8,0.9316564,0.956875541,0.987752232,1.141691508,0.920229361,1.135464836
172.82,0.933837694,0.959080506,1.008412199,1.1446434,0.914382995,1.132659124
172.84,0.936270368,0.958031753,1.003391957,1.143273943,0.906920585,1.124999784
172.86,0.923649593,0.960670708,1.024049068,1.145822917,0.921203085,1.137346784
172.88,0.926414792,0.95990145,1.018875966,1.123434819,0.913385436,1.129874238
172.9,0.914184476,0.962897295,1.039584971,1.125768808,0.906735352,1.142321126
172.92,0.917360717,0.962406935,1.034098919,1.123521805,0.89866872,1.134963507
172.94,0.920475242,0.965759662,1.054696148,1.125419956,0.89182567,1.132484188
172.96,0.923978723,0.965623305,1.04894804,1.122612375,0.883651048,1.125439391
172.98,0.912348452,0.969404721,1.069470583,1.12406976,0.896938898,1.138152902
173,0.916197986,0.96953938,1.063395137,1.100347627,0.888500697,1.131386237
173.02,0.919907117,0.973667325,1.083765722,1.101593912,0.881088401,1.129341221
173.04,0.92410107,0.974144023,1.07718386,1.097926638,0.872513691,1.122930866
173.06,0.913071448,0.978685817,1.097215357,1.098753799,0.864964551,1.136126024
173.08,0.917623493,0.979416352,1.090160878,1.094577729,0.856322491,1.129932714
173.1,0.921955269,0.984282068,1.109867639,1.095008962,0.848761181,1.12829623
173.12,0.926868276,0.985330925,1.102260037,1.090363232,0.840165607,1.122498704
173.14,0.931445678,0.990580163,1.121546291,1.090432039,0.832557601,1.099661006
173.16,0.936656081,0.991929784,1.113303969,1.085367119,0.845477389,1.09470184
173.18,0.926340785,0.997539832,1.132071614,1.085115353,0.837328104,1.087913457
173.2,0.931825716,0.999089634,1.123113232,1.079798203,0.849607428,1.083737932
173.22,0.921783145,1.004955367,1.141263454,1.079376994,0.841066829,1.077826718
173.24,0.927623343,1.006678269,1.131510126,1.073865979,0.85285314,1.07442959
173.26,0.932974455,1.012765726,1.148947154,1.073322069,0.843989607,1.054263539
173.28,0.939112317,1.014707295,1.138325722,1.067682498,0.855352147,1.051776652
173.3,0.944646497,1.021051598,1.154959381,1.067067387,0.846153755,1.03254952
173.32,0.951021112,1.023171537,1.143405356,1.061368716,0.857085757,1.030949006
173.34,0.956754371,1.029722138,1.15915396,1.060736188,0.847619146,1.012626859
173.36,0.963380741,1.031972993,1.146613406,1.055049216,0.858189971,1.011888378
173.38,0.969327024,1.03867115,1.161406202,1.054453682,0.848518201,0.994437193
173.4,0.976217661,1.040998248,1.147838227,1.048849369,0.85879465,0.99453716
173.42,0.982388512,1.047776603,1.161617965,1.048344656,0.848976913,0.97792328
173.44,0.989553035,1.050117771,1.146996879,1.042892293,0.859022953,0.978839203
173.46,0.995957197,1.056900162,1.159721988,1.04253023,0.849114454,0.963029683
173.48,1.003401845,1.059185687,1.144039,1.037295878,0.858991083,0.964740424
173.5,1.01004479,1.06588726,1.155685232,1.037125131,0.849043046,0.949703283
173.52,1.017771858,1.068040154,1.138949565,1.032170362,0.858808294,0.952189226
173.54,1.024655234,1.074567866,1.149510996,1.032235563,0.848868083,0.937893617
173.56,1.032662416,1.076504489,1.131750341,1.027616558,0.858577102,0.941136765
173.58,1.039783414,1.082758039,1.141239673,1.027957733,0.84868842,0.927553058
173.6,1.048063059,1.084389145,1.122499923,1.02372473,0.858393667,0.931537054
173.62,1.0554137,1.108385477,1.130948062,1.024377019,0.84859683,0.918636848
173.64,1.045828922,1.109404186,1.11137902,1.020574088,0.858348309,0.92334693
173.66,1.053700611,1.13283039,1.118921064,1.021568172,0.848680565,0.911011166
173.68,1.044435309,1.133051989,1.098598102,1.018234128,0.85852612,0.916345949
173.7,1.052807206,1.155798391,1.105293488,1.019596385,0.849021534,0.904551466
173.72,1.043831507,1.155126479,1.084304453,1.016764188,0.859006299,0.910501896
173.74,1.052677337,1.177080888,1.090225261,1.018516609,0.849696204,0.899226066
173.76,1.04395701,1.175419221,1.068668191,1.016213842,0.859863888,0.905783833
173.78,1.053245299,1.19646973,1.073896437,1.018374525,0.850777723,0.895004318
173.8,1.044741195,1.193724983,1.051876523,1.016624018,0.861170968,0.902161563
173.82,1.054434578,1.21376302,1.056501233,1.019207753,0.852336662,0.891856008
173.84,1.046102062,1.209847698,1.034127658,1.018028281,0.862997415,0.899604958
173.86,1.056156593,1.228771171,1.038241903,1.021047176,0.854441777,0.889750595
173.88,1.047945012,1.223606545,1.015624734,1.020454202,0.865411658,0.898083094
173.9,1.058309515,1.241322951,1.019322778,1.023918313,0.857160751,0.888656258
173.92,1.050161727,1.234841877,0.996570059,1.023924732,0.868481423,0.897563203
173.94,1.060777225,1.251271206,0.999944756,1.027842679,0.860560935,0.888538743
173.96,1.052629241,1.243420685,0.977159952,1.028459534,0.872274461,0.898009394
173.98,1.063428524,1.258497993,0.980300503,1.032839086,0.864710055,0.889359967
174,1.055209313,1.249241353,0.957580376,1.034076249,0.876859239,0.899381116
174.02,1.06611671,1.26291887,0.960570526,1.012096614,0.869676882,0.891076353
174.04,1.057748241,1.252237451,0.96483175,1.014153702,0.882172772,0.901631356
174.06,1.068679661,1.264486138,0.967418263,0.993323782,0.875266211,0.915057738
174.08,1.060077254,1.252520311,0.97123752,0.996327131,0.866738321,0.925850831
174.1,1.071049657,1.263463945,0.973512479,0.976615004,0.860522487,0.939424246
174.12,1.062228805,1.25022604,0.977000684,0.980441736,0.852561447,0.95034338
174.14,1.073142092,1.259867948,0.979052082,0.961710317,0.847044789,0.964063572
174.16,1.082673398,1.245390306,0.982312899,0.966350273,0.839655392,0.956428944
174.18,1.093214414,1.253843567,0.984221277,0.948569638,0.834847512,0.970584404
174.2,1.1023201,1.238267193,0.987350807,0.954012862,0.827946324,0.963051391
174.22,1.112285563,1.24557068,0.989190819,0.937152879,0.823769347,0.977625367
174.24,1.120867311,1.228960581,0.992277762,0.943390013,0.817367663,0.970157478
174.26,1.130142018,1.235169657,0.994117155,0.927420347,0.813838439,0.985124834
174.28,1.138097662,1.217606123,0.997242378,0.934443359,0.807949419,0.979819655
174.3,1.146563717,1.222791084,0.999142244,0.919335115,0.802944944,0.974412006
174.32,1.153811293,1.204367309,1.002379149,0.927138325,0.818339845,0.969136337
174.34,1.161267853,1.208611048,1.004394415,0.912842849,0.813856699,0.986424504
174.36,1.167591946,1.189430054,1.007809563,0.921505878,0.8074087,0.983235373
174.38,1.174029518,1.192824272,1.009989547,0.908110226,0.801566077,0.980372223
174.4,1.179465526,1.17299629,1.013643755,0.917528082,0.816113207,0.977053227
174.42,1.184695071,1.175640787,1.016033984,0.904877575,0.810861492,0.996383758
174.44,1.18904075,1.155280448,1.019982879,0.915136409,0.803980946,0.994979142
174.46,1.193069398,1.157278107,1.022623771,0.903323066,0.797426531,0.994260561
174.48,1.1963766,1.136501253,1.026918517,0.914327236,0.811325281,0.992556791
174.5,1.199041799,1.137957411,1.029848357,0.903204949,0.805392688,1.013623368
174.52,1.201134587,1.116878539,1.034536836,0.915047586,0.79812897,1.013659317
174.54,1.202475918,1.117896365,1.037790497,0.904714014,0.810130496,1.014663766
174.56,1.203436676,1.096625963,1.042918037,0.898076454,0.82346955,1.016310027
174.58,1.20333226,1.097306385,1.046529893,0.888505369,0.834200271,1.019365267
174.6,1.203043379,1.075949084,1.052040412,0.882599153,0.845930892,1.022525728
174.62,1.201499429,1.076387015,1.055946723,0.873846464,0.855516332,1.027382973
174.64,1.199976982,1.055038952,1.061885492,0.868625031,0.865776384,1.031859877
174.66,1.197024845,1.055322072,1.066121427,0.860637906,0.874313854,1.038282679
174.68,1.194306668,1.034070382,1.072533485,0.856058678,0.883208494,1.04388496
174.7,1.190003051,1.03427922,1.054985859,0.848787958,0.890770598,1.051644353
174.72,1.186148981,1.035349928,1.062077167,0.844702932,0.898377306,1.058184547
174.74,1.180575518,1.035287708,1.045423907,0.837992779,0.905014905,1.067056183
174.76,1.175775296,1.036106897,1.053329218,0.834369348,0.911386258,1.074348906
174.78,1.169144854,1.035864732,1.037563449,0.828179978,0.917131186,1.084112463
174.8,1.163492307,1.036536825,1.046304354,0.824987216,0.922299017,1.091975322
174.82,1.155923646,1.036199954,1.031420542,0.843680807,0.9271668,1.102414786
174.84,1.149529117,1.03682133,1.016619841,0.840880569,0.93126601,1.11066824
174.86,1.141157896,1.036467955,1.002749181,0.835492042,0.935381305,1.121573483
174.88,1.134144628,1.037000299,1.01336146,0.832966242,0.938287378,1.130043969
174.9,1.125118907,1.03657985,1.000336937,0.852813406,0.941513743,1.141212549
174.92,1.117618234,1.0372359,0.987031097,0.850671089,0.94333305,1.149732561
174.94,1.108092285,1.036940017,0.974968178,0.87106084,0.945773485,1.160972696
174.96,1.100239857,1.037664306,0.962433009,0.869183477,0.94647817,1.169386107
174.98,1.090371642,1.037427644,0.951296323,0.890142266,0.948100504,1.180520477
175,1.082302948,1.038290918,0.939498522,0.888535457,0.947652199,1.188684154
175.02,1.072246699,1.038170332,0.929255081,0.91008791,0.948416483,1.199552269
175.04,1.064092434,1.039237169,0.918164643,0.908754542,0.946768856,1.207338623
175.06,1.076387202,1.039284531,0.908785239,0.930922328,0.946628995,1.195407854
175.08,1.068134449,1.040729674,0.898375502,0.929861438,0.943729831,1.202954156
175.1,1.057857639,1.041103876,0.88983535,0.952661868,0.942524118,1.213160509
175.12,1.049627516,1.042861518,0.880084121,0.951867254,0.938206798,1.203659
175.14,1.039560808,1.043490096,0.872362178,0.975311029,0.952480845,1.213551715
175.16,1.031495623,1.045611569,0.863249417,0.974768423,0.946426779,1.204001256
175.18,1.021675568,1.046536292,0.856327863,0.998936753,0.959052664,1.213579365
175.2,1.013872587,1.049070312,0.847836804,0.998702675,0.976038521,1.203916641
175.22,1.00440489,1.050330915,0.841701917,0.998755064,0.986715995,1.213241711
175.24,0.996947971,1.053324745,0.833819788,0.99916628,1.001983936,1.203542677
175.26,0.987923275,1.054960109,0.849271046,0.999784713,1.010540307,1.21256626
175.28,0.980883769,1.037532185,0.841822421,1.000904473,1.024048395,1.20279816
175.3,0.972378008,1.039729897,0.857884459,1.002162272,1.030439212,1.211488968
175.32,0.965710703,1.022897743,0.850789527,1.003941152,1.042149137,1.201633588
175.34,0.957682691,1.025662477,0.867515345,1.005798491,1.046335919,1.20997528
175.36,0.951437685,1.009415239,0.860802959,1.008176523,1.056214664,1.19821737
175.38,0.943939736,1.012751665,0.8782488,1.010584852,1.059975853,1.204526877
175.4,0.938138795,0.997079231,0.871950078,1.013489611,1.069660617,1.190763459
175.42,0.93118646,1.000993355,0.89017545,1.016406631,1.073075927,1.195137074
175.44,0.925843138,0.985886457,0.884323756,1.019775937,1.082471498,1.179476231
175.46,0.919451376,0.990385796,0.903391401,1.023145252,1.085439994,1.182024812
175.48,0.914572437,0.97583635,0.898022413,1.026890091,1.094450087,1.164596213
175.5,0.908749072,0.980930258,0.917998126,1.030638712,1.096873341,1.165450653
175.52,0.90433598,0.966931624,0.913149442,1.034648572,1.105404355,1.163290946
175.54,0.899083357,0.972631558,0.934101435,1.038684428,1.090302734,1.162560617
175.56,0.89521704,0.959178774,0.92981197,1.042824757,1.098389861,1.159061366
175.58,0.890616695,0.965498942,0.9518099,1.046951118,1.082458226,1.15680527
175.6,0.887289661,0.95258977,0.948118919,1.050976514,1.090046357,1.152099621
175.62,0.883334433,0.95954736,0.971232021,1.055057281,1.073267507,1.14847177
175.64,0.880537292,0.947181607,0.968176831,1.058780815,1.080316834,1.142699067
175.66,0.877218677,0.954796563,0.992471738,1.062657551,1.062696175,1.137859266
175.68,0.874941586,0.942976245,0.990086469,1.06586728,1.069186167,1.131162301
175.7,0.872250789,0.95127146,1.015624647,1.0693606,1.050754107,1.125273086
175.72,0.870484297,0.940000949,1.013937371,1.071822771,1.056685722,1.117795415
175.74,0.868413118,0.949002433,1.040771074,1.074735803,1.037498778,1.111019122
175.76,0.867148871,0.938288566,1.039799947,1.076200735,1.042895462,1.102902547
175.78,0.865690447,0.948025585,1.067966906,1.07832506,1.023035764,1.095398589
175.8,0.864921768,0.937877737,1.067715141,1.116249904,1.027942981,1.086780872
175.82,0.864071193,0.948382892,1.059518,1.120542872,1.007707763,1.078703332
175.84,0.86379357,0.938812985,1.056978799,1.123763371,1.012406791,1.069717215
175.86,0.863548403,0.949942355,1.083342263,1.129955548,0.991775823,1.061214793
175.88,0.863759885,0.94074898,1.078191351,1.136051092,0.996190241,1.05198565
175.9,0.864119693,0.952672059,1.101247997,1.143818413,0.975333647,1.043196518
175.92,0.864819282,0.944022078,1.093736263,1.152129109,0.979586255,1.033840248
175.94,0.865786495,0.956746599,1.113852481,1.16102607,0.95867682,1.024892688
175.96,0.866977806,0.948625141,1.104153529,1.170985979,0.962891489,1.015515783
175.98,0.868559045,0.962165822,1.121599224,1.18062639,0.942097717,1.006527406
176,0.870248801,0.954563587,1.109827022,1.191747898,0.946394607,0.997226481
176.02,0.872454249,0.968940781,1.124798991,1.20179766,0.92587497,0.988303864
176.04,0.874652559,0.961852718,1.111021617,1.213662022,0.930366125,0.979165534
176.06,0.877496271,0.977091051,1.123660167,1.223834926,0.910264163,0.970404233
176.08,0.880216893,0.970515017,1.107909945,1.236086072,0.915049929,0.961505316
176.1,0.883717085,0.986641871,1.118311223,1.246140904,0.895490625,0.952990205
176.12,0.886977673,0.980577114,1.100592661,1.258480674,0.9006572,0.944398185
176.14,0.891157004,0.997620809,1.108818284,1.243193924,0.881744812,0.936204067
176.16,0.894979357,0.992066148,1.114139444,1.256041228,0.887247088,0.927977767
176.18,0.899865207,1.01005365,1.119435129,1.238551365,0.868951804,0.920169631
176.2,0.904275519,1.00513102,1.12446316,1.248718238,0.874829886,0.912358906
176.22,0.909900254,1.024203749,1.129925685,1.228475784,0.857185468,0.904992816
176.24,0.914929983,1.019926249,1.13502512,1.235995269,0.863467496,0.897640425
176.26,0.921332453,1.040134575,1.140478967,1.239914624,0.846505397,0.890765022
176.28,0.927018621,1.036505208,1.14936576,1.244951034,0.853341215,0.883907725
176.3,0.934243438,1.027099022,1.15433712,1.246966199,0.837210765,0.877566067
176.32,0.940628436,1.024445907,1.162683276,1.249624759,0.844606613,0.871236991
176.34,0.94857042,1.01573002,1.166820816,1.24982786,0.829309476,0.865467707
176.36,0.955551838,1.01404354,1.174450548,1.250235794,0.837264173,0.85969524
176.38,0.964268615,1.006004925,1.181135505,1.248748601,0.822791748,0.854531433
176.4,0.971900718,1.001665459,1.159485649,1.247101596,0.831298755,0.849340298
176.42,0.981455299,1.022689268,1.165453946,1.243960421,0.817634968,0.844812229
176.44,0.989762947,1.018551282,1.174017497,1.240294303,0.826684012,0.840225216
176.46,1.000334025,1.008865275,1.18225744,1.235816502,0.813806235,0.836361183
176.48,1.009536883,1.022807371,1.162017618,1.230534835,0.823385522,0.832400451
176.5,1.000193929,1.04131554,1.169334141,1.22479571,0.811269813,0.829229313
176.52,1.010173678,1.055656722,1.178334154,1.217976894,0.821367992,0.825813085
176.54,1.001474816,1.044041057,1.187589986,1.211316155,0.809987879,0.823257681
176.56,1.012417661,1.055954648,1.168325953,1.20338323,0.820594466,0.820407897
176.58,1.004230042,1.07151451,1.176366813,1.195890582,0.809924435,0.818497096
176.6,1.015987719,1.083599005,1.185327638,1.186935166,0.821031231,0.81623637
176.62,1.008428837,1.069556205,1.191599221,1.178946662,0.811046041,0.814998395
176.64,1.021186569,1.082382612,1.198909831,1.16935146,0.82264814,0.813350351
176.66,1.014127449,1.06836918,1.203096427,1.161051781,0.813326567,0.812816584
176.68,1.027773748,1.081839154,1.208627167,1.151036715,0.825423736,0.811807025
176.7,1.021223163,1.06774157,1.210600312,1.142596498,0.816747825,0.812010054
176.72,1.035793256,1.081727605,1.214255004,1.132364936,0.82934429,0.811666915
176.74,1.029756503,1.067409169,1.213930396,1.123938342,0.821299952,0.812642808
176.76,1.045281518,1.081753687,1.215652174,1.113673853,0.834404825,0.81299761
176.78,1.039757911,1.067053544,1.21299566,1.105396563,0.826982329,0.814786686
176.8,1.056261727,1.081567828,1.212771202,1.095261008,0.840609999,0.815875231
176.82,1.051241292,1.066301546,1.207802567,1.087249358,0.833804393,0.818522814
176.84,1.068736392,1.080766651,1.205664294,1.07738224,0.847974897,0.820385871
176.86,1.064195565,1.090921486,1.198458405,1.069733378,0.841786401,0.823943014
176.88,1.056485165,1.107575875,1.194608473,1.060252276,0.856525816,0.826626977
176.9,1.050030562,1.093717348,1.185446225,1.053045782,0.850960214,0.831017827
176.92,1.066332007,1.109710611,1.179917847,1.044048994,0.866301104,0.834420681
176.94,1.060234494,1.09466714,1.168845251,1.037348137,0.861369491,0.839804004
176.96,1.077391863,1.109858133,1.1617813,1.028914131,0.877350004,0.844114081
176.98,1.071532454,1.120025256,1.149013489,1.022766834,0.873069723,0.850574163
177,1.06284354,1.136812513,1.140726514,1.01495756,0.889736763,0.855857409
177.02,1.054546566,1.122241157,1.12666438,1.009399969,0.886132949,0.863337212
177.04,1.069643541,1.137674651,1.117273807,1.002264772,0.903541864,0.869507867
177.06,1.084506136,1.147529702,1.102049146,0.997323174,0.900646748,0.854848356
177.08,1.075703264,1.164160069,1.091881103,0.990898798,0.918860734,0.860352064
177.1,1.069625716,1.149405261,1.07591616,0.986591341,0.916583412,0.885407209
177.12,1.086082629,1.164280586,1.065101606,0.980906673,0.91513049,0.89106733
177.14,1.082350718,1.147412151,1.048530226,0.977245128,0.912265556,0.895671793
177.16,1.101280522,1.160316405,1.037262742,0.972216099,0.930648404,0.899841954
177.18,1.099725596,1.167720534,1.020332764,0.969090938,0.928891256,0.902999218
177.2,1.094329613,1.181305194,1.008928898,0.964815041,0.948236882,0.907801853
177.22,1.09204667,1.163734471,0.992018383,0.93624008,0.945649961,0.911238713
177.24,1.111342633,1.175260559,1.00665628,0.932947621,0.964117002,0.916158393
177.26,1.11053819,1.155413451,0.989486427,0.905665279,0.961006731,0.919878585
177.28,1.131566121,1.164847731,1.003539414,0.90344566,0.957926541,0.924995294
177.3,1.13227677,1.169260142,0.986306101,0.898230382,0.95474789,0.928839618
177.32,1.128467584,1.176258896,1.000067902,0.896591974,0.951534021,0.934005259
177.34,1.13095705,1.178645346,0.983162403,0.892113773,0.94843089,0.937788259
177.36,1.128453525,1.183104787,0.996871493,0.89106417,0.945127916,0.942835732
177.38,1.13253967,1.183513816,0.98041803,0.887332197,0.942121602,0.946504941
177.4,1.131189934,1.185520572,0.994186546,0.886878524,0.938755408,0.951396462
177.42,1.136676379,1.184047126,0.978283462,0.88390053,0.935854614,0.954898705
177.44,1.136317596,1.183741297,0.992205338,0.884049818,0.932436264,0.959594077
177.46,1.142995029,1.180521586,0.976928001,0.881833733,0.929639275,0.962874366
177.48,1.143454117,1.178090016,0.99108136,0.882594156,0.947328221,0.967330291
177.5,1.151102154,1.173295141,0.976485619,0.85998787,0.944326738,0.970438577
177.52,1.152198057,1.168962803,0.990935541,0.861768167,0.961732503,0.974712209
177.54,1.160589388,1.162790998,0.976960054,0.840152752,0.958437174,0.977584768
177.56,1.145371303,1.156811041,0.991661641,0.842926438,0.975604152,0.99838882
177.58,1.154362892,1.149397945,0.978340044,0.822245209,0.972022761,1.000787135
177.6,1.139776102,1.141959089,0.993346023,0.825990686,0.98906942,1.020932862
177.62,1.14923441,1.13353488,0.980701039,0.806191806,0.985282056,1.022780419
177.64,1.135105166,1.124919678,0.996057755,0.810894216,1.002225479,1.042202707
177.66,1.144822574,1.115716384,0.984105067,0.791931736,0.998214346,1.043419321
177.68,1.13099228,1.106204814,0.999855253,0.79758323,1.015060121,1.06204648
177.7,1.140778945,1.096447808,0.988606114,0.779416378,1.010795942,1.062549053
177.72,1.127108118,1.086308342,1.004790935,0.786016054,1.027537557,1.080304946
177.74,1.136796794,1.076209542,0.994254397,0.768609405,1.022978565,1.080009389
177.76,1.123168108,1.06569191,1.010915226,0.77616371,1.039596464,1.096815783
177.78,1.132617686,1.055444577,1.001100037,0.759487367,1.034687081,1.095639167
177.8,1.11893779,1.044774514,1.018280019,0.768010567,1.051147398,1.111418244
177.82,1.128035256,1.034549778,1.009196254,0.752040376,1.045816591,1.10928112
177.84,1.114235214,1.02392582,1.026941711,0.761555117,1.062069559,1.123958075
177.86,1.122895986,1.013870914,1.018602189,0.746272934,1.056228863,1.12078687
177.88,1.108930396,1.003463098,1.036963932,0.756810896,1.07220689,1.134292497
177.9,1.115333141,0.993701106,1.029385505,0.742204916,1.065748102,1.131785906
177.92,1.114560543,0.983634261,1.048420109,0.753807592,1.081363513,1.130660175
177.94,1.120329425,0.974314038,1.04162479,0.739872751,1.074172542,1.127177003
177.96,1.103801397,0.964778489,1.06139605,0.752592339,1.089261775,1.140340774
177.98,1.107332292,0.955910305,1.055412949,0.764184669,1.083732708,1.137286047
178,1.104246022,0.946902825,1.02659164,0.775489538,1.100060576,1.135514829
178.02,1.107297673,0.963145247,1.022136179,0.786203028,1.09600792,1.13129544
178.04,1.088591043,0.953979022,0.99489653,0.796210196,1.113309388,1.143700535
178.06,1.089737909,0.969688623,0.991982495,0.806200983,1.110419261,1.139750597
178.08,1.08483659,0.960396436,0.966198575,0.815083522,1.128587021,1.137038423
178.1,1.083939418,0.975758996,0.964738307,0.824473333,1.126743623,1.133691188
178.12,1.077379986,0.966507993,0.940296118,0.832364058,1.145555881,1.131387702
178.14,1.074497321,0.981623508,0.940215856,0.841247853,1.144504425,1.128578197
178.16,1.06641213,0.972485357,0.917013494,0.848246603,1.141279786,1.126624224
178.18,1.06170489,0.987440174,0.918252377,0.879234675,1.140963194,1.124169106
178.2,1.052244073,0.978472762,0.896199277,0.885196463,1.138709206,1.122392408
178.22,1.045891142,0.993342427,0.898817789,0.915198332,1.13905658,1.120228871
178.24,1.035216984,0.984592604,0.877944183,0.920199343,1.137552153,1.118576041
178.26,1.027409996,0.999444653,0.881901499,0.949330163,1.138387747,1.116643782
178.28,1.015693432,0.990951812,0.862133831,0.953415826,1.137428115,1.115064335
178.3,1.006631943,1.005847861,0.867402973,0.981756786,1.138587071,1.113307414
178.32,0.994047857,0.997644965,0.848679399,0.984942882,1.137981423,1.111755948
178.34,0.983934045,0.99047679,0.855247347,1.012543974,1.139308682,1.110125
178.36,0.992821947,0.983143295,0.83741239,1.01481774,1.138879242,1.108563032
178.38,0.981193686,0.977107279,0.845175965,1.041698752,1.140229538,1.107128017
178.4,0.988580554,0.97072587,0.82819926,1.043017964,1.139811736,1.105630282
178.42,0.975687234,0.965797513,0.837182982,1.069169077,1.141050916,1.104349787
178.44,0.981812419,0.960337582,0.821045464,1.069462469,1.14049542,1.102885515
178.46,0.967892995,0.956493962,0.831288557,1.096693137,1.141501659,1.101728575
178.48,0.972983936,0.951927979,0.814134045,1.097857632,1.140695646,1.100276678
178.5,0.958261621,0.949150103,0.823714474,1.125100879,1.141392608,1.099223035
178.52,0.962530378,0.945434143,0.806556562,1.126908538,1.140236669,1.097772164
178.54,0.947209768,0.943676751,0.815627001,1.154072662,1.140547065,1.096811939
178.56,0.950850681,0.940776852,0.798474207,1.156338626,1.138958968,1.095359687
178.58,0.935115817,0.940017639,0.807144254,1.156997509,1.13882082,1.094492344
178.6,0.938304237,0.937908103,0.816322119,1.160175804,1.136606952,1.093044136
178.62,0.922318073,0.93813384,0.823917056,1.162023774,1.135851069,1.092276507
178.64,0.92521025,0.936928467,0.831619977,1.165993211,1.132980275,1.090843016
178.66,0.909114899,0.938258313,0.838291754,1.168735522,1.131591052,1.090187965
178.68,0.911849178,0.937936293,0.844677199,1.173269687,1.128051761,1.088785079
178.7,0.89576811,0.94036552,0.850530878,1.176646757,1.126029948,1.088260634
178.72,0.898465929,0.940917894,0.855702234,1.181543121,1.121829323,1.086908043
178.74,0.882503973,0.944455111,0.860803023,1.185322193,1.119191632,1.086535944
178.76,0.885270736,0.945884964,0.864817913,1.190396715,1.114354581,1.085255848
178.78,0.869515888,0.950552647,0.869196546,1.194366558,1.111132563,1.085060253
178.8,0.872442784,0.952875556,0.872072115,1.199450452,1.10570002,1.08387627
178.82,0.856968193,0.958710864,0.875728063,1.203418238,1.10193832,1.083882697
178.84,0.86013413,0.961955627,0.904071461,1.20835627,1.095964941,1.082818996
178.86,0.845000168,0.942384107,0.906683855,1.212274617,1.091719085,1.083053518
178.88,0.848473753,0.947019478,0.934052148,1.217053795,1.085271165,1.082134197
178.9,0.833595042,0.928498094,0.935472658,1.220761179,1.08060629,1.082622896
178.92,0.837308442,0.934538833,0.961884387,1.225249973,1.073758783,1.067448544
178.94,0.822730605,0.917044296,0.962068355,1.228601232,1.083168053,1.068524915
178.96,0.826672794,0.924520438,0.987513769,1.232682212,1.075619365,1.054167906
178.98,0.812365649,0.908042457,0.989009983,1.235622108,1.084125562,1.055913997
179,0.816594704,0.914378588,0.987043325,1.239290365,1.075973026,1.040700037
179.02,0.80259565,0.925356148,0.98698245,1.241605066,1.085345621,1.041573559
179.04,0.807121219,0.933251121,1.011834056,1.244625238,1.078220003,1.025467744
179.06,0.793543386,0.917362861,1.013053741,1.246356647,1.0885792,1.025626267
179.08,0.798541522,0.924203938,1.010660425,1.248842181,1.082433927,1.023617039
179.1,0.785266433,0.935496127,1.010120501,1.249829796,1.078883077,1.023144773
179.12,0.790677734,0.943993493,1.034150608,1.251592111,1.07381207,1.0206008
179.14,0.777895914,0.928679199,1.034716875,1.25183444,1.069515635,1.019563994
179.16,0.783894699,0.93616793,1.031420744,1.254488095,1.063524772,1.016596762
179.18,0.771485943,0.947953076,1.032567978,1.255794988,1.058444664,1.015112643
179.2,0.777940616,0.954606911,1.030265985,1.259195967,1.05160454,1.0118295
179.22,0.76602035,0.965064429,1.031947502,1.261472184,1.045807318,1.010018394
179.24,0.773083149,0.971001254,1.03038889,1.265533525,1.038202258,1.006522877
179.26,0.761635128,0.980279408,1.032434105,1.268675426,1.031773459,1.00450247
179.28,0.769319704,0.985578299,1.031402547,1.273302438,1.042204895,1.000894466
179.3,0.758332101,0.993775194,1.033661021,1.25850246,1.034987716,0.998868874
179.32,0.766658495,0.99848163,1.032966462,1.263950439,1.044810642,0.995333648
179.34,0.756124575,1.005653017,1.035207083,1.249862152,1.036792728,0.993407643
179.36,0.765120594,1.009783094,1.03458831,1.235396583,1.046074935,0.990031796
179.38,0.755039004,1.015946835,1.057360197,1.222077855,1.03724509,0.988305217
179.4,0.764739911,1.019488764,1.056456312,1.20874831,1.045964302,0.985170673
179.42,0.755114643,1.024735178,1.078534332,1.196282644,1.036432942,0.98373857
179.44,0.765563958,1.027754722,1.077187196,1.184055153,1.044684486,0.980923462
179.46,0.756405472,1.032028967,1.098436167,1.172417963,1.034570271,0.979878192
179.48,0.767656979,1.034458192,1.096504156,1.161257993,1.042456639,0.977458437
179.5,0.758982834,1.03767243,1.116800513,1.150424002,1.031882885,0.976890918
179.52,0.771100686,1.039416591,1.114158734,1.140296139,1.039511121,0.974941486
179.54,0.780882187,1.04144896,1.133392861,1.130239117,1.02860287,0.956996424
179.56,0.793942478,1.042479809,1.129934599,1.121106925,1.036082125,0.955685598
179.58,0.804440974,1.043265986,1.148013494,1.111799585,1.024870537,0.938223199
179.6,0.818478977,1.043432393,1.143652478,1.103625647,1.032220142,0.937588619
179.62,0.829808087,1.068450559,1.160501542,1.095039243,1.020827803,0.920631107
179.64,0.81929744,1.06986109,1.155303496,1.087784466,1.028156554,0.920710278
179.66,0.829426219,1.070126181,1.17101997,1.079889658,1.016700395,0.90414841
179.68,0.843304968,1.072179832,1.164845302,1.073515975,1.024113327,0.904829578
179.7,0.852520776,1.073391393,1.179287379,1.066283201,1.012702732,0.888778919
179.72,0.864993795,1.07601066,1.172136849,1.060751576,1.020298981,0.890208429
179.74,0.873421879,1.077911431,1.185313299,1.052284259,1.009035599,0.874664973
179.76,0.884640964,1.080910679,1.179073649,1.045186156,1.01689331,0.876863454
179.78,0.892368223,1.083273442,1.19336424,1.035423341,1.005843609,0.861825944
179.8,0.902435855,1.086502037,1.188093923,1.045805427,1.014035375,0.864819727
179.82,0.909515535,1.089150605,1.18446796,1.036681162,1.003365311,0.867871792
179.84,0.918491797,1.092472816,1.17835587,1.029107187,0.994490734,0.871455526
179.86,0.926547341,1.095141614,1.192290205,1.018967429,0.984522103,0.873431257
179.88,0.935981873,1.098336075,1.186850366,1.028916007,0.97621212,0.87615916
179.9,0.94434033,1.100968322,1.182791936,1.017470854,0.967047471,0.877790905
179.92,0.954144681,1.104028542,1.178465265,1.026261364,0.959387799,0.879800271
179.94,0.962754159,1.106410586,1.175157264,1.013540547,0.951038339,0.881172588
179.96,0.972859071,1.109149978,1.171888857,1.021288529,0.944028663,0.88410013
179.98,0.981670461,1.111170463,1.169283505,1.007429821,0.934974716,0.868235145
180,0.992025974,1.113506504,1.167012614,1.014261904,0.945674189,0.870515016
180.02,0.982872935,1.115066827,1.165058504,0.999395432,0.937487961,0.890626461
180.04,0.993657619,1.116840326,1.163720725,1.005515172,0.930758941,0.893542523
180.06,0.985301005,1.117768818,1.16236357,0.989882709,0.922070205,0.895865039
180.08,0.996592069,1.118922784,1.161891783,0.995341958,0.933096558,0.899211751
180.1,0.988812387,1.119154655,1.161076698,0.978989494,0.924037938,0.902138406
180.12,1.000417717,1.119643825,1.161403357,0.983998712,0.93453861,0.905966418
180.14,0.993086214,1.11912812,1.161075035,0.967153074,0.925233931,0.909448055
180.16,1.004907566,1.118919017,1.162133696,0.971833738,0.935358911,0.913723223
180.18,0.997901188,1.117620348,1.162239485,0.95462491,0.925906989,0.917718732
180.2,1.009839492,1.11669256,1.163966822,0.959095883,0.935780173,0.922412447
180.22,1.003038195,1.114591664,1.146337046,0.941647819,0.92625921,0.926886174
180.24,1.014992325,1.131058394,1.149070711,0.945937438,0.935983795,0.931973333
180.26,1.008277661,1.127663974,1.13258366,0.928282037,0.926455026,0.93689289
180.28,1.020235287,1.142606463,1.136358194,0.932506496,0.936116826,0.942350133
180.3,1.013576733,1.137933224,1.12097104,0.914759009,0.926627722,0.947684906
180.32,1.025424342,1.151371939,1.125727117,0.919027272,0.936299321,0.953489911
180.34,1.018698211,1.145458125,1.111393985,0.901292113,0.926886452,0.959209224
180.36,1.030320063,1.157435276,1.117073072,0.905704895,0.936629686,0.965338232
180.38,1.023403831,1.150339894,1.101550066,0.88807527,0.927320527,0.971409192
180.4,1.034683106,1.163113777,1.106036486,0.892704519,0.93718838,0.977835534
180.42,1.02745652,1.156952056,1.089121389,0.875232665,0.928002536,0.984221372
180.44,1.038298361,1.170746695,1.09252586,0.880144154,0.938040312,0.990913993
180.46,1.030674856,1.165457656,1.074350724,0.862883435,0.928990302,0.997572505
180.48,1.040985289,1.180187395,1.07679661,0.868137879,0.939236721,1.004494721
180.5,1.0328729,1.175704111,1.076142839,0.851133989,0.93032863,1.01137672
180.52,1.042561395,1.172646736,1.077734242,0.856880257,0.940816535,1.018484617
180.54,1.033874704,1.169033364,1.076314251,0.840264891,0.932050761,1.025532182
180.56,1.042758909,1.166549435,1.077092348,0.84655521,0.942808419,1.032773072
180.58,1.03332661,1.163754069,1.075032563,0.830360101,0.93417964,1.039917386
180.6,1.041331798,1.161796245,1.075143761,0.837244879,0.945229885,1.047227305
180.62,1.031090251,1.159763703,1.072577222,0.821497903,0.936726237,1.054387066
180.64,1.038153943,1.158283474,1.072174795,0.829027771,0.948086227,1.061690319
180.66,1.027054282,1.15695754,1.069237931,0.813754414,0.939688621,1.068770752
180.68,1.033128789,1.138404906,1.068478597,0.82198189,0.951369261,1.075978638
180.7,1.038640696,1.138098661,1.065220929,0.807206767,0.943050325,1.082870293
180.72,1.043238093,1.120668635,1.064179458,0.816187603,0.955055292,1.08996837
180.74,1.047109119,1.121423334,1.06074407,0.801935187,0.946777847,1.096630453
180.76,1.050209592,1.105083449,1.059584144,0.81173038,0.959102606,1.103495301
180.78,1.052432165,1.106845029,1.056110671,0.798027633,0.950818446,1.109780849
180.8,1.054044164,1.091556814,1.054992046,0.808706031,0.963448157,1.116274104
180.82,1.054641131,1.094268089,1.051614821,0.795584245,0.955094382,1.122020399
180.84,1.054800698,1.079988277,1.050692139,0.807224995,0.968000748,1.12798934
180.86,1.053824861,1.083590499,1.047539494,0.79472185,0.961950786,1.133019066
180.88,1.052594552,1.070272459,1.046961873,0.804962633,0.976673261,1.138324208
180.9,1.050126847,1.074706934,1.044156122,0.791566796,0.972545158,1.14248396
180.92,1.047593585,1.060219965,1.044040494,0.800803956,0.988928137,1.146971348
180.94,1.045822574,1.063481648,1.041642683,0.810108029,0.98653862,1.150084217
180.96,1.044022247,1.047663909,1.018618889,0.818512241,1.004595163,1.153612276
180.98,1.043180384,1.049868298,1.016833445,0.827332473,1.003915651,1.155524872
181,1.042077699,1.03273528,0.994267532,0.834965705,1.0235559,1.157948463
181.02,1.042123367,1.03389128,0.993117947,0.843441539,1.02446096,1.158497639
181.04,1.041678219,1.015601557,0.971021357,0.850454111,1.045608175,1.159672745
181.06,1.042564087,1.015854139,0.970527039,0.858701547,1.047988243,1.176973716
181.08,1.042732575,0.996577713,0.948905923,0.865216643,1.05229865,1.176815613
181.1,1.044498425,0.996081577,0.949084295,0.873332861,1.056090483,1.192699259
181.12,1.045325427,0.993652251,0.927940378,0.879360807,1.061517217,1.190998871
181.14,1.030259831,0.992495332,0.928900027,0.887336531,1.066615687,1.205344868
181.16,1.03186103,0.989446547,0.908319865,0.892960175,1.073075742,1.201907575
181.18,1.017549623,0.987683167,0.91007425,0.900865369,1.079376727,1.214522761
181.2,1.019891492,0.984146241,0.890050135,0.906150569,1.086785137,1.209268279
181.22,1.006320442,0.981921608,0.892613681,0.914043097,1.09418074,1.220072663
181.24,1.009364844,0.978025052,0.873136638,0.919039799,1.102446621,1.2129462
181.26,0.996515285,0.975480859,0.876526451,0.92696648,1.110821682,1.221886623
181.28,1.000221135,0.971347982,0.857587301,0.931709509,1.119845013,1.212863093
181.3,0.988069672,0.968620072,0.861824479,0.939706619,1.129073166,1.219916952
181.32,0.992393886,0.964367205,0.843414903,0.944215804,1.138741523,1.2090043
181.34,0.980913351,0.961583905,0.848525945,0.95380799,1.148681816,1.214182264
181.36,0.985811918,0.95731924,0.829140649,0.959501425,1.158885692,1.2014237
181.38,0.974972305,0.954600371,0.833763242,0.969642146,1.169406902,1.204771323
181.4,0.980401396,0.950405391,0.814468867,0.976370092,1.180015668,1.190246474
181.42,0.970170884,0.947835291,0.81876923,0.962590316,1.190953758,1.191844467
181.44,0.976087849,0.943787382,0.824037151,0.970863855,1.201696202,1.175668722
181.46,0.966433624,0.94145599,0.82740459,0.958981615,1.212751121,1.175630907
181.48,0.97279788,0.937746491,0.831419365,0.968723857,1.223469413,1.157952054
181.5,0.963687223,0.935849694,0.834072379,0.958490219,1.23444877,1.156422567
181.52,0.956038857,0.932529011,0.837071174,0.96953808,1.244968121,1.151841155
181.54,0.947613938,0.931061146,0.839178968,0.960749167,1.255663011,1.14874344
181.56,0.94087753,0.928106603,0.841344095,0.972968457,1.265869656,1.14250216
181.58,0.931536728,0.927134087,0.843036391,0.965452571,1.276131475,1.139673343
181.6,0.938088128,0.924579153,0.844506977,0.978728854,1.285824882,1.119570869
181.62,0.929339942,0.924211507,0.845882865,0.972337509,1.295439703,1.115745551
181.64,0.922322016,0.922173203,0.846763496,0.98656874,1.304368186,1.129523591
181.66,0.912764864,0.922409939,0.847897769,0.981168428,1.292384955,1.125770134
181.68,0.919268803,0.920846991,0.848264008,0.996258554,1.300908387,1.125391491
181.7,0.908895971,0.921798582,0.849209637,0.991619298,1.288434707,1.12199886
181.72,0.914704102,0.920813427,0.849111469,1.007373308,1.296360707,1.121820471
181.74,0.903561204,0.92253016,0.849902799,1.003379726,1.283222142,1.118821607
181.76,0.908785239,0.922156268,0.8493663,1.019705648,1.290436239,1.118866001
181.78,0.896991351,0.924693227,0.850019802,1.016242165,1.276545375,1.116291915
181.8,0.901744336,0.92496885,0.849048865,1.033042277,1.2829486,1.096417373
181.82,0.889417463,0.92838838,0.849564029,1.029990561,1.288399694,1.09472498
181.84,0.893715497,0.929358405,0.848140269,1.047159055,1.293382287,1.075862758
181.86,0.880876377,0.933732053,0.848499075,1.044497596,1.297214781,1.075201478
181.88,0.884837782,0.935449181,0.872219985,1.062016093,1.300695742,1.057415523
181.9,0.871605642,0.915221234,0.874199332,1.059732388,1.302837794,1.057816012
181.92,0.875345581,0.916066506,0.873650968,1.077616565,1.304775609,1.041151182
181.94,0.86170337,0.920706629,0.874704288,1.075473267,1.305199834,1.042628546
181.96,0.865185661,0.922998711,0.898948212,1.093447198,1.305592266,1.027110396
181.98,0.851340648,0.903429996,0.901575066,1.091399204,1.304313475,1.029664032
182,0.854801012,0.904928732,0.90170844,1.109453005,1.303196302,1.015300783
182.02,0.840735251,0.910104715,0.905304636,1.107246767,1.300271892,1.018918995
182.04,0.844126753,0.911175029,0.906875898,1.125105269,1.297716535,1.005704176
182.06,0.830030379,0.915535216,0.911429512,1.122591707,1.293240362,1.010364259
182.08,0.83355404,0.916316236,0.914255435,1.140098677,1.289348869,0.998279252
182.1,0.819487705,0.920038739,0.91965038,1.137124092,1.283447019,1.003952688
182.12,0.82321027,0.920638171,0.923577126,1.154117202,1.278347215,0.992970403
182.14,0.809228525,0.923860785,0.929713631,1.150526564,1.271171498,0.999624422
182.16,0.813213025,0.924361037,0.93460702,1.166841994,1.265010713,0.989711659
182.18,0.799364489,0.927189689,0.941395186,1.162483552,1.25673152,0.997311918
182.2,0.803670654,0.927652995,0.947133221,1.177961175,1.249669988,0.988432168
182.22,0.789998467,0.9301676,0.954487936,1.172691512,1.240468988,0.996945165
182.24,0.794683415,0.930639502,0.960954885,1.187180418,1.23267331,0.989061107
182.26,0.781225912,0.93289796,0.968791715,1.180869684,1.222736418,0.998456251
182.28,0.786345049,0.933409575,0.975873322,1.194233695,1.214373482,0.991531896
182.3,0.773136611,0.935450353,0.98410511,1.186770679,1.203884473,0.985532751
182.32,0.778744726,0.936019699,0.991684683,1.198893528,1.211366636,0.979741626
182.34,0.765733653,0.937863295,1.000218752,1.190190237,1.200215896,0.975200941
182.36,0.771806148,0.938495388,1.008173996,1.201059492,1.206826861,0.97058411
182.38,0.75902732,0.940144026,1.016909896,1.19113384,1.195194554,0.967458334
182.4,0.765627054,0.940830779,1.025110841,1.200679653,1.20110561,0.963974461
182.42,0.753114406,0.942268908,1.033939469,1.189494269,1.189160947,0.962225719
182.44,0.760307258,0.942988701,1.042246747,1.197676791,1.19453214,0.959839372
182.46,0.748094701,0.944181781,1.051048446,1.185225369,1.182429311,0.959437851
182.48,0.755951439,0.944897902,1.059311958,1.192035903,1.187406815,0.958121397
182.5,0.761802923,0.945790283,1.067956192,1.178343485,1.175283155,0.941318886
182.52,0.77037695,0.946542397,1.076015084,1.18380424,1.179997888,0.941167069
182.54,0.776746393,0.947146142,1.084361384,1.168926118,1.167884738,0.925534861
182.56,0.78606866,0.949864788,1.092045946,1.173088601,1.153664776,0.926503371
182.58,0.791057897,0.952172818,1.099967307,1.175807174,1.141875925,0.911887549
182.6,0.799189154,0.956064153,1.107135134,1.178443118,1.128197973,0.913826936
182.62,0.803627689,0.959850891,1.114593621,1.179492599,1.116925657,0.900149506
182.64,0.810797794,0.964777864,1.121176031,1.180693731,1.103881625,0.903020237
182.66,0.814834851,0.969868373,1.128026881,1.180194385,1.09319525,0.890226654
182.68,0.821223737,0.97571605,1.133855034,1.180080384,1.080852607,0.893999851
182.7,0.824976811,0.981960369,1.139952854,1.17817911,1.070801219,0.882044931
182.72,0.830725251,0.988626953,1.144861023,1.176889979,1.059206613,0.886702363
182.74,0.835644054,0.995890462,1.150064766,1.173752739,1.049822233,0.874192805
182.76,0.842075499,1.003296187,1.153895981,1.171441875,1.039005125,0.878527657
182.78,0.847509623,1.011475458,1.158074258,1.167246051,1.030290857,0.866166576
182.8,0.854567968,1.019539585,1.160686298,1.164073483,1.020244304,0.870309497
182.82,0.842994103,1.028522203,1.163722713,1.159000568,1.010685493,0.875655969
182.84,0.851049784,1.037077478,1.164993647,1.156637161,0.999610093,0.866300685
182.86,0.840828809,1.046665203,1.166791239,1.152645613,1.002325974,0.871241935
182.88,0.849813189,1.05562776,1.166637973,1.151102176,0.990177669,0.861863084
182.9,0.840743173,1.065704611,1.167146377,1.148245756,0.991980414,0.866590872
182.92,0.850589023,1.074980689,1.165515145,1.147566745,0.97893829,0.857261878
182.94,0.842560766,1.085420224,1.164702324,1.145825178,0.980002286,0.86187458
182.96,0.853216664,1.094904902,1.16157086,1.145983238,0.98384545,0.85265037
182.98,0.846139984,1.105568847,1.159432912,1.127719143,0.984070033,0.857316383
183,0.85756566,1.115145037,1.15481143,1.129035886,0.987242143,0.848324308
183.02,0.851365061,1.125882491,1.151282859,1.111926005,0.986684039,0.853104871
183.04,0.863528812,1.135420736,1.145128656,1.114369415,0.989313175,0.844372604
183.06,0.858139599,1.146067884,1.140267067,1.098390707,0.988109505,0.849317882
183.08,0.871014469,1.155426166,1.132659194,1.101921136,0.990314852,0.840865977
183.1,0.866379076,1.165807619,1.12654922,1.08704218,0.988592726,0.846018138
183.12,0.879940308,1.174833928,1.117595848,1.091615166,0.990484336,0.837861934
183.14,0.876005489,1.184765586,1.110346046,1.077798087,0.988360606,0.843257108
183.16,0.890228194,1.193300584,1.10018035,1.064589579,0.990039385,0.835408116
183.18,0.886942476,1.202593181,1.110695868,1.051997174,0.987524796,0.841077839
183.2,0.901799405,1.210473848,1.099168646,1.040416026,0.98899049,0.833544251
183.22,0.89911071,1.219034659,1.108137859,1.029103111,0.986188022,0.839515574
183.24,0.914570055,1.226192057,1.095413877,1.019097572,0.98753065,0.832303002
183.26,0.912423871,1.233829956,1.102993437,1.009012338,0.98453362,0.838600248
183.28,0.928448021,1.240101615,1.089254039,1.000524312,0.985834595,0.831712663
183.3,0.926785112,1.246635561,1.095614578,0.991610596,0.982726503,0.838357907
183.32,0.94332742,1.2518698,1.081049114,0.984578998,0.984059103,0.831797852
183.34,0.942081134,1.257135113,1.086368011,0.976779073,0.980914091,0.838811171
183.36,0.959083717,1.261196652,1.071166696,0.971142818,0.982343999,0.832579795
183.38,0.95817786,1.265051114,1.075621463,0.964399816,0.979227374,0.839979305
183.4,0.975569475,1.267826385,1.059969085,0.960100395,0.980813265,0.834076211
183.42,0.974916325,1.270155774,1.06373171,0.95276847,0.977782046,0.841877907
183.44,0.992610417,1.271557571,1.049394347,0.947886576,0.979560859,0.836300832
183.46,0.992108993,1.272280275,1.054477119,0.940077902,0.976639836,0.844518155
183.48,1.010002073,1.272266664,1.041444027,0.934739342,0.978642715,0.839262263
183.5,1.009536788,1.27136121,1.047832099,0.926559913,0.975859063,0.847905397
183.52,1.027507382,1.269922368,1.036097482,0.92088583,0.978113169,0.842962622
183.54,1.02694747,1.267395148,1.043765483,0.912442842,0.975488376,0.852037745
183.56,1.044855821,1.264553212,1.033311508,0.924557048,0.978017069,0.847395877
183.58,1.044055293,1.260447061,1.024224964,0.917508528,0.975659055,0.856904109
183.6,1.061743816,1.256255787,1.01356509,0.913306202,0.978588355,0.852546091
183.62,1.060542414,1.250556554,1.021926483,0.906007391,0.976439711,0.862483149
183.64,1.077837317,1.244994463,1.012600805,0.919613729,0.979693944,0.871653593
183.66,1.076062176,1.237882641,1.004340576,0.912048568,0.966789914,0.881879223
183.68,1.092843471,1.231153063,0.996601424,0.923520261,0.97207607,0.891303085
183.7,1.090378999,1.222686398,0.989528899,0.914245074,0.961309491,0.901777078
183.72,1.106450188,1.214837333,0.983307928,0.92401537,0.968421966,0.911465239
183.74,1.103110169,1.205183097,0.977346125,0.913317535,0.959571276,0.922187399
183.76,1.118270622,1.196370642,0.972574964,0.921691149,0.96836485,0.932136511
183.78,1.113870531,1.185712184,0.967658928,0.909807611,0.961257806,0.943089791
183.8,1.127923215,1.176103598,0.964269873,0.917038801,0.971626076,0.953280277
183.82,1.122287342,1.164633573,0.960336313,0.904165775,0.966129991,0.964428293
183.84,1.135046194,1.154401216,0.958264336,0.910467978,0.977998098,0.974821879
183.86,1.128014939,1.142314766,0.955253183,0.896767995,0.974012574,0.986106065
183.88,1.13931262,1.131630183,0.954437732,0.902321035,0.968626545,0.996643008
183.9,1.148839724,1.119118579,0.952293503,0.906633407,0.966226638,0.989793871
183.92,1.158333723,1.108233863,0.952680094,0.911349503,0.962795736,1.000585129
183.94,1.16616295,1.095564558,0.935436805,0.914552848,0.961895278,0.993644282
183.96,1.173635886,1.100637148,0.937439527,0.91852987,0.960230633,1.004602919
183.98,1.179665895,1.08752227,0.921796936,0.920732658,0.960760702,0.997464099
184,1.185103593,1.091940067,0.925424754,0.924124207,0.960788676,1.008479982
184.02,1.189339118,1.078555488,0.911300625,0.925486238,0.96270082,1.00101589
184.04,1.192675168,1.082481212,0.916489892,0.928422718,0.964369634,1.011955558
184.06,1.195070669,1.068985776,0.901969609,0.929076845,0.967632619,1.004016485
184.08,1.196277862,1.074406525,0.907084785,0.931649977,0.970908305,1.014721005
184.1,1.196823321,1.062504748,0.892117085,0.934052983,0.975504683,1.006133823
184.12,1.19593385,1.069529384,0.894890003,0.937889455,0.980392488,1.016418423
184.14,1.194681025,1.05920647,0.878034947,0.941763849,0.986349035,1.024228384
184.16,1.191765277,1.067783632,0.878926068,0.946713069,0.975617625,1.033975486
184.18,1.188876656,1.058980609,0.877295637,0.951918035,0.98294756,1.041196323
184.2,1.184129499,1.052232135,0.876580911,0.957881806,0.973382028,1.050111536
184.22,1.179715118,1.045011816,0.873830805,0.96431276,0.982084256,1.056551782
184.24,1.173191057,1.03946222,0.871686539,0.971217637,0.973657741,1.064407251
184.26,1.167303872,1.033759872,0.868025335,0.978798747,0.983731878,1.069859181
184.28,1.159176399,1.029342998,0.864675421,0.967676642,0.976418498,1.076411927
184.3,1.151979105,1.025089727,0.879198438,0.976529339,0.987769012,1.080657069
184.32,1.142444756,1.021737999,0.874568705,0.966899551,0.981446854,1.085656676
184.34,1.134117477,1.01895614,0.887877888,0.977042782,0.994069037,1.088472594
184.36,1.123388798,1.01669426,0.882178852,0.968789712,0.988707461,1.091670359
184.38,1.114123033,1.015309839,0.894504758,0.980166818,1.002585493,1.092840616
184.4,1.102422018,0.998478993,0.887916716,0.973199725,0.998141908,1.094000906
184.42,1.108002791,0.998791253,0.899380366,0.985772664,1.013242963,1.093325471
184.44,1.095105222,0.98367195,0.891982506,0.980020462,1.009657548,1.1131313
184.46,1.099384567,0.985671944,0.902762784,0.993765239,1.005110795,1.110343274
184.48,1.085640399,0.97216729,0.894691527,0.989172524,1.021058481,1.128054294
184.5,1.088944064,0.975771132,0.904943994,0.985488029,1.017365393,1.122970798
184.52,1.074585111,0.963790232,0.896314207,0.981975726,1.034458894,1.138502326
184.54,1.077123984,0.968923042,0.90607746,0.979169145,1.031481098,1.130986341
184.56,1.062366187,0.958382419,0.896890976,0.976678185,1.049670001,1.144198725
184.58,1.064335802,0.964979578,0.906281916,0.97470486,1.047341787,1.134157753
184.6,1.04937433,0.955804271,0.896616285,0.97318374,1.066547544,1.14495821
184.62,1.050950885,0.963813327,0.905734036,0.972005329,1.064777491,1.132352164
184.64,1.03595747,0.954305214,0.895648854,0.971408429,1.084888587,1.140701036
184.66,1.038930262,0.962347214,0.904559269,0.970990631,1.083555675,1.125547992
184.68,1.0253764,0.952544284,0.89407381,0.971275529,1.104423527,1.131479641
184.7,1.029783921,0.960730918,0.904729868,0.971585582,1.103374203,1.113881709
184.72,1.017667968,0.948825171,0.895924604,0.972731258,1.124810597,1.117486852
184.74,1.023494605,0.955218905,0.907807576,0.973767694,1.123857805,1.097598743
184.76,1.012781888,0.941875531,0.900470913,0.975749668,1.145634898,1.099025072
184.78,1.01997174,0.946789562,0.913468698,0.977494159,1.144559331,1.077059769
184.8,1.010619304,0.932244628,0.90744429,0.980281323,1.166412237,1.076507637
184.82,1.019125605,0.935940037,0.921475536,0.982708416,1.164966472,1.052730077
184.84,1.011086407,0.920388388,0.916640958,0.986260481,1.186599595,1.050445237
184.86,1.020862715,0.923083316,0.93164841,0.989335122,1.184515734,1.025162656
184.88,1.014088636,0.906684791,0.927908075,0.99359969,1.20561292,1.021425871
184.9,1.025091707,0.908561184,0.943853497,0.997274476,1.202613594,1.020580721
184.92,1.019536426,0.907883943,0.941133163,1.00218389,1.197245985,1.015631895
184.94,0.999595748,0.909068036,0.958075424,1.00639613,1.193248358,1.029573484
184.96,0.995836401,0.907914093,0.956400603,1.011737493,1.186928346,1.022973056
184.98,0.977730583,0.908394115,0.974327691,1.016277615,1.181835327,1.035235193
185,0.975756143,0.906884312,0.973652847,1.021945213,1.174501359,1.027250201
185.02,0.959384164,0.90679358,0.992560268,1.026713943,1.168159566,1.012579394
185.04,0.959101449,0.905032876,0.992850238,1.032579518,1.185191136,1.003610375
185.06,0.944237439,0.904486036,1.012740533,1.037455866,1.177221509,1.013501875
185.08,0.945433207,0.902564376,1.013968309,1.0620852,1.16727693,1.00383525
185.1,0.932113343,0.901658197,1.016255329,1.067097086,1.180773268,0.987719485
185.12,0.934838314,0.899652745,1.018452115,1.068954268,1.19439377,0.977744445
185.14,0.922849896,0.898373735,1.021518914,1.074146881,1.205982107,0.961618643
185.16,0.926910151,0.896256689,1.024534185,1.076239034,1.217330063,0.951714369
185.18,0.916180472,0.894674069,1.028241058,1.081615493,1.226905733,0.935838001
185.2,0.921523905,0.894035542,1.032039897,1.083829737,1.235896559,0.926209829
185.22,0.910454766,0.89374801,1.03637945,1.08924648,1.243412892,0.910794445
185.24,0.901707096,0.89408531,1.040953714,1.091455706,1.25002682,0.915395721
185.26,0.890958122,0.894896548,1.04591622,1.096754011,1.25549256,0.900353601
185.28,0.88251359,0.896059985,1.051244546,1.098818699,1.259842337,0.905032141
185.3,0.872208775,0.897886153,1.056815867,1.103827202,1.263384303,0.890495345
185.32,0.864131537,0.899818773,1.062871834,1.105598403,1.265560552,0.895367024
185.34,0.854304021,0.902596949,1.06903247,1.11013756,1.267276989,0.881432444
185.36,0.846639529,0.905257248,1.075782836,1.111460619,1.267417199,0.886584098
185.38,0.83730991,0.90894118,1.082506009,1.115346902,1.267442974,0.873317861
185.4,0.830089841,0.896159129,1.089908406,1.116065874,1.26572187,0.878811897
185.42,0.837410848,0.90104144,1.097080447,1.119117783,1.264219691,0.866254802
185.44,0.830251259,0.889561183,1.105003741,1.119080668,1.260838982,0.872214195
185.46,0.837466603,0.895653854,1.112581331,1.121124777,1.257990402,0.860462906
185.48,0.830432318,0.885382274,1.120961989,1.120189753,1.253169022,0.866907497
185.5,0.837628076,0.892631276,1.128887377,1.121068754,1.24916654,0.855960556
185.52,0.830772024,0.883492342,1.137644241,1.119110997,1.243131026,0.862899795
185.54,0.838021295,0.891857369,1.145842664,1.118690888,1.238169375,0.852745571
185.56,0.831386658,0.883789083,1.154874646,1.115608722,1.231145051,0.8601817
185.58,0.838752457,0.893240976,1.163252363,1.113785415,1.225414471,0.850801716
185.6,0.832374995,0.886192769,1.172436506,1.109505735,1.217618438,0.858732361
185.62,0.839912531,0.896711242,1.180879261,1.128652395,1.211299272,0.850103978
185.64,0.833822399,0.890641667,1.167627592,1.122830848,1.203048321,0.858524217
185.66,0.841580878,0.902213216,1.176412005,1.14030168,1.196414204,0.850623317
185.68,0.835804047,0.896979647,1.163166233,1.13278309,1.187886856,0.859528348
185.7,0.8438281,0.909487799,1.172176248,1.148523871,1.181079739,0.852330814
185.72,0.838386928,0.905064175,1.158814639,1.13929862,1.172433377,0.861715977
185.74,0.846716683,0.918506367,1.167919049,1.153287483,1.165576742,0.855198331
185.76,0.841630816,0.914869547,1.154309038,1.142377746,1.156947397,0.865060006
185.78,0.850303897,0.929243834,1.163363341,1.154625133,1.150146156,0.859200291
185.8,0.845591491,0.926371557,1.149362817,1.142084136,1.141648827,0.869536558
185.82,0.854643694,0.941674391,1.158210841,1.15263147,1.134990059,0.864314973
185.84,0.85032189,0.939543082,1.143670345,1.138541515,1.126719862,0.87512609
185.86,0.859787684,0.955766843,1.152146898,1.147458726,1.120274161,0.870525452
185.88,0.855872939,0.954349193,1.136912855,1.131928118,1.112308053,0.881814203
185.9,0.865785808,0.971479409,1.144847476,1.139310174,1.10613125,0.877820253
185.92,0.862294091,0.970741678,1.12876649,1.122469217,1.098530083,0.889592204
185.94,0.87268673,0.988753916,1.135988305,1.128431894,1.072463379,0.88619383
185.96,0.869633575,0.988652972,1.118912485,1.130629987,1.065767844,0.881445065
185.98,0.880537928,1.007509401,1.125256078,1.134715357,1.057919838,0.878895171
186,0.877853005,1.007989506,1.128751547,1.13495299,1.05179916,0.875177573
186.02,0.889217479,1.006028497,1.134242698,1.13752296,1.044629073,0.873528227
186.04,0.8869194,1.0070408,1.136884753,1.136190741,1.039115357,0.870806011
186.06,0.898670751,1.005488369,1.141268433,1.137419889,1.032656958,0.870027463
186.08,0.896667876,1.006948457,1.142939594,1.134720971,1.027769608,0.868270526
186.1,0.908837674,1.005724665,1.146087625,1.134788676,1.02204276,0.86833792
186.12,0.907143993,1.007534584,1.146687502,1.130928598,1.01779065,0.867521854
186.14,0.919760426,1.006547833,1.148494432,1.130013375,1.012804942,0.86841624
186.16,0.918386378,1.008595756,1.147944324,1.125193602,1.009189483,0.868522817
186.18,0.931473443,1.007741669,1.148332271,1.123467928,1.004947323,0.870231042
186.2,0.930425026,1.026519102,1.146579035,1.117880647,1.001965019,0.871248114
186.22,0.927383291,1.025510983,1.14558129,1.115506954,0.998464192,0.873762695
186.24,0.926913631,1.044255862,1.1426807,1.10933157,0.996108712,0.875600292
186.26,0.924376843,1.042888031,1.140282768,1.106460179,0.993344451,0.878838609
186.28,0.924471746,1.061463191,1.136237599,1.099860654,0.991607855,0.881498888
186.3,0.922424666,1.059596884,1.132459024,1.09662718,0.989573698,0.885466687
186.32,0.923064714,1.077847342,1.127301717,1.089750125,0.988447801,0.888956951
186.34,0.921487799,1.075329704,1.122195708,1.08627467,0.987137747,0.893664751
186.36,0.922647711,1.09308483,1.115986948,1.079248862,0.986615539,0.897997321
186.38,0.921515696,1.089751685,1.109637968,1.075635998,0.986025072,0.903460298
186.4,0.923162601,1.106828607,1.102463861,1.068572698,0.969500122,0.908652369
186.42,0.922442849,1.102508413,1.094983731,1.081513458,0.969796919,0.914804925
186.44,0.924534311,1.118716673,1.086951779,1.074251935,0.954353041,0.920795764
186.46,0.924184505,1.113235621,1.078560057,1.086739408,0.955599323,0.927665856
186.48,0.926665444,1.128382972,1.069875409,1.079385719,0.941192409,0.934485724
186.5,0.926631519,1.121571516,1.060716019,1.091529561,0.943367712,0.942104986
186.52,0.943312692,1.135471454,1.051507387,1.084176197,0.92995877,0.935907296
186.54,0.943554924,1.127243691,1.041734406,1.07585669,0.933047994,0.944354274
186.56,0.96069498,1.13979323,1.052353472,1.069074412,0.920430993,0.938827922
186.58,0.961080525,1.130009616,1.041538513,1.061521589,0.924259381,0.948117137
186.6,0.978613208,1.141150599,1.05098228,1.055452357,0.912416621,0.943258878
186.62,0.979061782,1.129790619,1.039311055,1.048703908,0.916990308,0.953405394
186.64,0.996899968,1.139387043,1.047747336,1.043369296,0.905909341,0.949212943
186.66,0.997312003,1.126357797,1.035404906,1.037448534,0.911239423,0.960232724
186.68,1.015345249,1.134306251,1.042999742,1.032859227,0.900912814,0.95670379
186.7,1.015598996,1.119551342,1.03016321,1.027778611,0.907015698,0.968612584
186.72,1.033691161,1.125786112,1.037075374,1.023937403,0.897441304,0.965743622
186.74,1.033641483,1.109289722,1.023909115,1.019701595,0.904339056,0.978555521
186.76,1.051629761,1.113786212,1.030286076,1.016605929,0.895520315,0.976340157
186.78,1.051107933,1.116400772,1.016938503,1.013214377,0.903241037,0.990065754
186.8,1.047977722,1.119197044,1.023022449,1.010858457,0.895187269,0.988492792
186.82,1.062958358,1.120243717,1.00972802,1.008308069,0.903765495,0.986951016
186.84,1.059116242,1.121338747,1.015633073,1.006685628,0.896492237,0.986100469
186.86,1.073526089,1.12093794,1.002499478,1.004972446,0.90589082,0.985186522
186.88,1.068732265,1.120392824,1.008323872,1.004077,0.899341057,0.985030098
186.9,1.082398718,1.118612687,0.995440699,1.003196677,0.909608635,0.984717481
186.92,1.076483222,1.116517339,1.001267179,1.003021852,0.903811037,0.985217718
186.94,1.089223746,1.113449829,0.988706768,1.002970799,0.91500353,0.985471552
186.96,1.08201075,1.109919062,0.994603828,1.003512002,0.909993619,0.986579705
186.98,1.093637211,1.105675633,0.982422995,1.004288691,0.922174727,0.987353901
187,1.08494995,1.100844055,0.988446455,0.988551533,0.917995289,1.008111151
187.02,1.095274029,1.095550815,0.993680727,0.990309854,0.912048327,1.009183907
187.04,1.085038719,1.089567278,0.979212334,0.975726619,0.908923556,1.030607512
187.06,1.093973614,1.103870949,0.984663327,0.978336934,0.90382804,1.031824771
187.08,1.082030902,1.096676432,0.97086336,0.964675254,0.90179683,1.05386531
187.1,1.089507965,1.109613982,0.976697099,0.968130354,0.897585451,1.055144889
187.12,1.075818399,1.101370906,0.963601076,0.955364564,0.896694142,1.077726335
187.14,1.081684504,1.113095702,0.969862401,0.95966188,0.893407545,1.078958537
187.16,1.066129259,1.103971958,0.95749238,0.947770614,0.893711813,1.101972687
187.18,1.070259248,1.114641174,0.964215563,0.952912113,0.891398984,1.103014079
187.2,1.073129998,1.104803208,0.952583242,0.941878689,0.892964162,1.105938132
187.22,1.075528789,1.114679259,0.95979456,0.947871241,0.891682718,1.10661918
187.24,1.076795489,1.104390019,0.948904555,0.937683952,0.894476448,1.109248986
187.26,1.077291809,1.113620935,0.956625557,0.944539634,0.894187151,1.109368782
187.28,1.076910176,1.103028031,0.946477642,0.935191452,0.898291028,1.111519763
187.3,1.07547299,1.111751446,0.954725992,0.94292674,0.899065395,1.11084225
187.32,1.073431658,1.100989196,0.945316531,0.93441552,0.90456948,1.112298602
187.34,1.070068162,1.089084704,0.954107592,0.943052565,0.906486383,1.110552811
187.36,1.086636326,1.078435572,0.945327017,0.935381698,0.913487816,1.111067304
187.38,1.081131033,1.06682033,0.954575305,0.944947991,0.916632045,1.108047541
187.4,1.095565066,1.056509548,0.946424647,0.938125486,0.925232553,1.107443787
187.42,1.087984785,1.045307976,0.956151713,0.94865404,0.929692694,1.102811575
187.44,1.100347242,1.035430396,0.948632655,0.942693661,0.956677295,1.100783431
187.46,1.09080507,1.024741801,0.9588606,0.937541792,0.962560129,1.121532826
187.48,1.101201901,1.015370842,0.951975732,0.932530729,0.964285369,1.118165028
187.5,1.089986674,1.005271632,0.962641599,0.92821286,0.971427661,1.140184851
187.52,1.098700705,0.996462271,0.95631143,0.92401147,0.971768571,1.138047398
187.54,1.086025051,0.98700967,0.967441425,0.920389502,0.97725421,1.160684206
187.56,1.093269307,0.978800462,0.961672294,0.916971885,0.976620419,1.159437354
187.58,1.079367985,0.970034519,0.973292793,0.914009273,0.980526212,1.182405055
187.6,1.085359939,0.962450727,0.968092064,0.911353237,0.978933801,1.181747649
187.62,1.070479578,0.954397677,0.980231117,0.909031258,0.981304023,1.180973712
187.64,1.075445478,0.947453858,0.975608078,0.907118572,1.002551164,1.181204917
187.66,1.05972506,0.940128968,0.988295879,0.905421925,1.002717047,1.181603113
187.68,1.063782962,0.933830903,0.984262164,0.904349302,1.021617986,1.182555912
187.7,1.047478402,0.92723997,0.997531402,0.903375348,1.01961215,1.183809093
187.72,1.050860433,0.921586897,0.994101827,0.903119084,1.036218783,1.185229356
187.74,1.034213764,0.915729762,1.007989127,0.902846666,1.032050705,1.187060819
187.76,1.037136871,0.910716854,1.005181916,0.903385199,1.046389887,1.188729498
187.78,1.020369476,0.905589307,1.019726894,0.903794846,1.040050676,1.190902251
187.8,1.023030445,0.901209208,1.017563309,0.921703917,1.052130482,1.192634756
187.82,1.006338803,0.896804561,1.016212142,0.922770647,1.043680447,1.194950334
187.84,1.008911085,0.893048624,1.014808165,0.941541554,1.053579878,1.196595699
187.86,0.992464389,0.889273216,0.998571085,0.943185896,1.042989726,1.196159733
187.88,0.99509664,0.901573266,0.998197275,0.962759181,1.053429496,1.195173526
187.9,0.979010639,0.898073512,0.982990743,0.964906243,1.063817489,1.191642435
187.92,0.981868196,0.910513661,0.9837014,0.964572714,1.074807795,1.188133085
187.94,0.966308241,0.907313754,0.969486683,0.967536345,1.085519878,1.181631049
187.96,0.969463762,0.919934282,0.971161649,0.96786395,1.096816197,1.175645083
187.98,0.954493776,0.917057104,0.957805465,0.971663468,1.107716392,1.166252521
188,0.958001927,0.929896042,0.960432709,0.972667839,1.119142942,1.15788626
188.02,0.943666082,0.927362078,0.947909026,0.977315688,1.130065654,1.145740705
188.04,0.947565546,0.940455826,0.95148147,0.979006738,1.141413591,1.135138992
188.06,0.93389119,0.938284822,0.955192679,0.98450713,1.152164793,1.120431915
188.08,0.938207392,0.936245418,0.959474663,0.986965309,1.163195159,1.107784197
188.1,0.925208079,0.934767733,0.963717227,0.993387242,1.173556528,1.1152621
188.12,0.929878212,0.918413889,0.96865584,0.996601693,1.15950029,1.10082439
188.14,0.932502767,0.917917231,0.973383961,1.003921493,1.169329914,1.106507386
188.16,0.937291063,0.902638612,0.978935462,1.007745122,1.154174004,1.090433533
188.18,0.940141306,0.903165728,0.984180931,1.015795695,1.163287757,1.094580964
188.2,0.92598278,0.888915744,0.990377798,1.020184824,1.146878481,1.096182961
188.22,0.929280664,0.890339743,0.996171818,1.028900893,1.155097396,1.098703616
188.24,0.915919417,0.876981971,1.003045199,1.033792489,1.137396371,1.098492055
188.26,0.919777408,0.879285095,1.009417669,1.043084099,1.144650849,1.099603986
188.28,0.907205548,0.866788807,1.01699725,1.048392982,1.125538391,1.097837649
188.3,0.911626849,0.869958255,1.023976927,1.058142999,1.131681056,1.097765101
188.32,0.89982901,0.858297075,1.032290304,1.063758936,1.111069654,1.094705256
188.34,0.904811601,0.862324515,1.039903681,1.073819267,1.115984603,1.093670411
188.36,0.893767664,0.851476405,1.048974901,1.079604484,1.093826738,1.089573032
188.38,0.899306467,0.856357965,1.057244742,1.110695341,1.097437067,1.087789741
188.4,0.888993731,0.84630517,1.046191747,1.116279216,1.10130696,1.082898947
188.42,0.895082311,0.852041395,1.055441203,1.119968938,1.10376243,1.080712706
188.44,0.885477172,0.84266911,1.045019396,1.125117297,1.106500916,1.075394736
188.46,0.892109765,0.849164381,1.055115591,1.128376449,1.107622095,1.07298603
188.48,0.883189895,0.840465545,1.045174716,1.132922421,1.109211535,1.067443127
188.5,0.890361314,0.8477305,1.056122643,1.135605194,1.10899733,1.06497109
188.52,0.882105147,0.839700196,1.046647835,1.139367393,1.109451358,1.059381716
188.54,0.889811814,0.847748483,1.058446741,1.141318055,1.107935963,1.05698401
188.56,0.882199721,0.840385241,1.049417198,1.144106118,1.107297579,1.051502363
188.58,0.89044016,0.849234095,1.062058556,1.145163044,1.104547499,1.049295471
188.6,0.88345491,0.842539743,1.053445692,1.146782974,1.102885618,1.044052135
188.62,0.892230096,0.852209817,1.066910838,1.146783689,1.098995077,1.042132517
188.64,0.885857162,0.846189273,1.058676163,1.147044271,1.096399861,1.037235976
188.66,0.895170753,0.856704388,1.072933618,1.145831347,1.091485051,1.035681835
188.68,0.889398516,0.85136538,1.065026361,1.144551395,1.088062485,1.031220571
188.7,0.899257005,0.862752179,1.080028876,1.141978936,1.08225517,1.030093994
188.72,0.894076861,0.85810487,1.072383428,1.138995034,1.078121331,1.026138908
188.74,0.90448967,0.87039234,1.08806485,1.134935407,1.07156233,1.025488165
188.76,0.899896095,0.866448817,1.080598146,1.130109697,1.066837813,1.022095135
188.78,0.910875623,0.879667635,1.096870287,1.124460124,1.05967083,0.998004211
188.8,0.906866177,0.876441236,1.089479307,1.117687652,1.078428472,0.995404375
188.82,0.918309441,0.890622891,1.106229057,1.110376195,1.070490214,0.972451729
188.84,0.914766204,0.888126744,1.098788729,1.101707976,1.088294569,0.970786548
188.86,0.926697044,0.903301195,1.115875758,1.09281602,1.07973508,0.948968718
188.88,0.923629555,0.901547053,1.108238141,1.082223827,1.096717968,0.948241958
188.9,0.936074664,0.917742484,1.125494803,1.071747445,1.087683937,0.92754261
188.92,0.93349462,0.916739874,1.117488898,1.087148145,1.103975199,0.927749077
188.94,0.946482826,0.933980788,1.106820801,1.07522712,1.09474137,0.908142666
188.96,0.944403958,0.933735138,1.118971471,1.08909277,1.110603505,0.909271819
188.98,0.957966108,0.931218663,1.107860142,1.075723802,1.101292779,0.890728011
189,0.956404023,0.946876177,1.119771116,1.08817634,1.089618322,0.892766414
189.02,0.955179185,0.944670879,1.108061513,1.100646036,1.080535704,0.875109909
189.04,0.954296057,0.960874877,1.119663088,1.111393011,1.069385538,0.877829232
189.06,0.953644021,0.958889356,1.107367631,1.121839016,1.060784604,0.860957955
189.08,0.953438675,0.97563235,1.118645386,1.130934118,1.050275336,0.864353964
189.1,0.953359871,0.973843811,1.105625286,1.139443773,1.042239632,0.848242401
189.12,0.953832614,0.991109612,1.116418717,1.146976029,1.03246067,0.8523106
189.14,0.954329438,0.989485818,1.102537071,1.153673158,1.025052008,0.83693274
189.16,0.955482481,1.007245978,1.112687199,1.159759234,1.016069476,0.841669242
189.18,0.956558964,1.005742642,1.097813971,1.164796536,1.009331293,0.826999433
189.2,0.958395989,1.0239542,1.107168787,1.169573902,1.001191937,0.832401632
189.22,0.960057385,1.022512997,1.091186243,1.173124944,0.995152794,0.818415215
189.24,0.962583014,1.04111617,1.099606515,1.176744954,0.987887913,0.824482311
189.26,0.964835297,1.039662764,1.082414823,1.178996301,0.982564884,0.81115609
189.28,0.968054445,1.058578723,1.089779931,1.181617627,0.976194044,0.817889473
189.3,0.970903682,1.057020978,1.071302557,1.18276154,0.971595813,0.805202049
189.32,0.974820751,1.076149891,1.077515948,1.184544287,0.966130204,0.8126056
189.34,0.978272336,1.074376453,1.082262937,1.18477232,0.962259796,0.800537586
189.36,0.982890222,1.069037572,1.086911812,1.185998852,0.957705159,0.808617886
189.38,0.986947912,1.067386657,1.090223425,1.185614481,0.954562905,0.797152042
189.4,0.992142183,1.062072327,1.093106934,1.186427088,0.950923249,0.805918522
189.42,0.996687221,1.060438119,1.094931207,1.18559797,0.948508638,0.795039191
189.44,1.00245692,1.055054386,1.096001839,1.186127114,0.94578702,0.80450299
189.46,1.007489003,1.053317537,1.09631184,1.185007171,0.944099715,0.79419612
189.48,1.01382732,1.047760285,1.095552466,1.185370424,0.94229999,0.804371382
189.5,1.019340366,1.045789923,1.094347233,1.184098266,0.941341172,0.794625034
189.52,1.026232632,1.039945848,1.091771684,1.156238918,0.940469476,0.805528849
189.54,1.032212857,1.037601192,1.117236816,1.155091781,0.940104626,0.796332999
189.56,1.039634191,1.03134955,1.112586247,1.12791984,0.940032292,0.807984609
189.58,1.046057845,1.048578667,1.135946516,1.127169152,0.940276588,0.799329465
189.6,1.034022729,1.042027947,1.12937726,1.100794738,0.941026345,0.811750005
189.62,1.040862394,1.059117203,1.150772009,1.100539974,0.941899643,0.80352783
189.64,1.028870345,1.052042139,1.142374576,1.07504605,0.943499222,0.816639965
189.66,1.036068485,1.068842659,1.16187857,1.075364539,0.945025576,0.808841669
189.68,1.024040599,1.061117266,1.151775266,1.050809133,0.947507599,0.822668831
189.7,1.031525904,1.077476739,1.169495237,1.051758611,0.949715978,0.815284665
189.72,1.019370414,1.06897637,1.157834678,1.028178529,0.953119885,0.829850542
189.74,1.027056877,1.084743669,1.173903032,1.029800426,0.956045448,0.822869077
189.76,1.014667506,1.075349625,1.16085354,1.007215062,0.960418447,0.838196522
189.78,1.022452571,1.090379983,1.175421705,1.00953778,0.96410338,0.831603296
189.8,1.029021859,1.07998447,1.161164545,0.987952788,0.969501475,0.828398054
189.82,1.036888793,1.094247102,1.174396381,0.990994777,0.973995917,0.845519268
189.84,1.043404022,1.082858053,1.159119738,0.970405437,0.957035595,0.842755324
189.86,1.051261968,1.096239417,1.171186332,0.974177971,0.962328534,0.860587926
189.88,1.057740717,1.083787726,1.155079239,0.954455771,0.946032481,0.858153687
189.9,1.065464365,1.096196909,1.166152377,0.958848082,0.952137712,0.87672636
189.92,1.071789732,1.082638654,1.149398448,0.939976356,0.936494286,0.874623917
189.94,1.079234218,1.094010553,1.159644784,0.9449921,0.943430358,0.893961638
189.96,1.085272467,1.079329311,1.142417935,0.926950423,0.928433053,0.892187709
189.98,1.092274657,1.089627331,1.151996493,0.932591119,0.936224799,0.91230999
190,1.097876242,1.073835823,1.134458311,0.91535704,0.921872468,0.910854048
190.02,1.104256552,1.083053185,1.143517757,0.921623448,0.930551377,0.931772727
190.04,1.109258259,1.066193464,1.125815293,0.905173906,0.916848498,0.93061467
190.06,1.114823811,1.074352982,1.134492172,0.912067146,0.92645314,0.952331156
190.08,1.11905219,1.080376345,1.116756703,0.896379583,0.913410132,0.951438456
190.1,1.099720184,1.087106993,1.125287103,0.903902035,0.923986631,0.97394038
190.12,1.103540376,1.091852437,1.107744999,0.888955849,0.911620213,0.973142292
190.14,1.083367594,1.097070823,1.116231044,0.89711296,0.923222767,0.996282943
190.16,1.086646434,1.100577193,1.098972375,0.882890133,0.911555704,0.995514834
190.18,1.089313822,1.104342951,1.107502459,0.891689804,0.924245934,0.995447912
190.2,1.091649955,1.106780483,1.090602101,0.878174833,0.913307543,0.995006661
190.22,1.093444184,1.109286643,1.099253023,0.887627886,0.927043172,0.995266617
190.24,1.094573621,1.110724264,1.082773187,0.874808227,0.916755509,0.995067624
190.26,1.095373059,1.112062569,1.091611408,0.884928251,0.931618072,0.995583627
190.28,1.095155311,1.112580478,1.075602035,0.872793552,0.922026511,0.995519506
190.3,1.094844782,1.112855091,1.084684465,0.88359727,0.938107045,0.9962014
190.32,1.093150716,1.112542231,1.069184911,0.872140838,0.929264602,0.996139463
190.34,1.091626055,1.111866008,1.078560354,0.883649016,0.946663794,0.999702146
190.36,1.088343463,1.110816955,1.063601088,0.872868064,0.935803485,1.00307794
190.38,1.085544885,1.109307825,1.073311681,0.885105794,0.951062977,1.008761288
190.4,1.080632411,1.107619973,1.05891591,0.874972939,0.938893474,1.015168818
190.42,1.07652177,1.105397983,1.068998483,0.887922369,0.952325093,1.022739532
190.44,1.069946583,1.10316913,1.055183535,0.878414464,0.938985671,1.031843266
190.46,1.064508362,1.100353375,1.065670492,0.892082285,0.950820364,1.041089926
190.48,1.056268352,1.097679326,1.052448956,0.883182936,0.936403507,1.052584676
190.5,1.049513992,1.09438544,1.063369537,0.897582618,0.94681142,1.063304566
190.52,1.039641827,1.091358124,1.050750618,0.88928147,0.931373318,1.076899531
190.54,1.03161268,1.087696295,1.062131943,0.904432696,0.9404773,1.088889701
190.56,1.020178155,1.084402362,1.050122567,0.896724881,0.92404498,1.104297836
190.58,1.010946835,1.08047589,1.061990569,0.9126531,0.931929983,1.117349554
190.6,0.998057196,1.076995743,1.050596345,0.905538786,0.914506262,1.134281247
190.62,0.987727078,1.072900101,1.062976577,0.922274822,0.921226038,1.125136754
190.64,0.973525099,1.069307353,1.052202629,0.9157588,0.925833706,1.14383855
190.66,0.962121803,1.065129708,1.065120975,0.933338472,0.930766362,1.136527055
190.68,0.946675944,1.061490488,1.05497266,0.927537722,0.933113769,1.156765295
190.7,0.934365714,1.057308547,1.068455956,0.946108016,0.936312531,1.150956841
190.72,0.917887068,1.053681641,1.058939996,0.941025657,0.936444348,1.172387457
190.74,0.904854553,1.049565074,1.07301766,0.960621733,0.937934062,1.167766103
190.76,0.918391263,1.046002859,1.064142641,0.956265343,0.960693842,1.159235275
190.78,0.904870374,1.042176134,1.078845963,0.952096869,0.960612275,1.15573946
190.8,0.917723655,1.038881049,1.070623073,0.948470669,0.981554634,1.147982442
190.82,0.903691118,1.035393176,1.085856568,0.944864281,0.979642788,1.145396053
190.84,0.915971888,1.032399705,1.078173222,0.941941261,0.998809493,1.13824285
190.86,0.901566245,1.02929141,1.093973952,0.938870703,0.995077447,1.13636702
190.88,0.913384982,1.004666837,1.086845521,0.936623078,1.01249466,1.129664532
190.9,0.920701246,1.002500085,1.103148468,0.934063125,1.006940393,1.128320067
190.92,0.900786386,0.979107176,1.096489491,0.93246283,1.022621794,1.152783067
190.94,0.907151882,0.977829483,1.113344573,0.93038733,1.015233962,1.151721535
190.96,0.917316118,0.95549642,1.107182445,0.929404893,1.029337191,1.145547708
190.98,0.923031098,0.955265275,1.124640329,0.927786799,1.020253006,1.144785128
191,0.902160079,0.934129588,1.119004038,0.927391238,1.032618681,1.150083742
191.02,0.907287454,0.934771347,1.137119017,0.926202904,1.040671731,1.149403679
191.04,0.886258495,0.914651031,1.132039182,0.926359466,1.051206202,1.154846874
191.06,0.89103632,0.91615476,1.129922084,0.925667345,1.056913888,1.154207236
191.08,0.870035087,0.917968788,1.125831538,0.92632421,1.065595175,1.159639002
191.1,0.874619528,0.919815416,1.125010802,0.925986008,1.068934413,1.156680852
191.12,0.853909656,0.922073337,1.122015495,0.927096423,1.077987636,1.178060269
191.14,0.858512335,0.924288889,1.122497642,0.927069444,1.062835957,1.174875048
191.16,0.8382786,0.927020716,1.120601075,0.953353003,1.070152365,1.177182495
191.18,0.8430948,0.929630326,1.097642242,0.953634224,1.071579281,1.171619944
191.2,0.823342716,0.932864662,1.096869734,0.980599174,1.079188512,1.19007923
191.22,0.828338317,0.935761747,1.074818003,0.9811229,1.061884905,1.184407235
191.24,0.809205558,0.939399195,1.07514308,1.008861107,1.067669322,1.183801805
191.26,0.814540571,0.942607165,1.05395345,1.00951891,1.066863711,1.175897271
191.28,0.795989667,0.946674405,1.055352744,1.037891397,1.072767637,1.191682737
191.3,0.801596882,0.950215579,1.056011661,1.038709775,1.052998696,1.183855887
191.32,0.783728516,0.933709028,1.058111665,1.067875892,1.056929528,1.180735554
191.34,0.789741591,0.93806363,1.059206799,1.068811821,1.087250505,1.170888212
191.36,0.772382272,0.922374041,1.061910948,1.064918497,1.090677407,1.184552049
191.38,0.778612065,0.927532776,1.063452072,1.066629132,1.101952011,1.172664468
191.4,0.76184594,0.912633972,1.066609705,1.063354333,1.105109288,1.184297919
191.42,0.768393924,0.918589276,1.068445165,1.065710824,1.116199476,1.170386473
191.44,0.752206172,0.90445786,1.072068754,1.062929004,1.119027397,1.180110904
191.46,0.759070603,0.91120392,1.074210014,1.065877836,1.129871811,1.164304152
191.48,0.743439622,0.897818449,1.07830874,1.063549532,1.132314009,1.1722542
191.5,0.750614555,0.905352509,1.080764608,1.067023985,1.142854765,1.154692665
191.52,0.735514341,0.892694426,1.085344412,1.065099228,1.144862232,1.161013153
191.54,0.742991062,0.901016835,1.088120735,1.069018411,1.155047648,1.141846312
191.56,0.728392776,0.889070496,1.093183284,1.067436035,1.156581929,1.146689189
191.58,0.736160962,0.898184727,1.096282027,1.071704412,1.166369323,1.126072384
191.6,0.722034184,0.886937405,1.101823494,1.070391817,1.167405637,1.1295937
191.62,0.730082815,0.896850044,1.105241639,1.074899425,1.176764018,1.107685018
191.64,0.716396515,0.886291906,1.111251284,1.073772954,1.177294035,1.110041989
191.66,0.724714578,0.897012615,1.114979565,1.078396485,1.186206435,1.109558577
191.68,0.711437855,0.887136663,1.121438117,1.077362556,1.163681046,1.110902595
191.7,0.720125832,0.8986781,1.125459582,1.081967454,1.172260442,1.109647914
191.72,0.707340867,0.889480612,1.132337444,1.080814574,1.149063706,1.110010154
191.74,0.716387409,0.882825341,1.13662588,1.085144948,1.157334353,1.108104798
191.76,0.723096849,0.874353165,1.143780761,1.083766821,1.133546056,1.107627769
191.78,0.732351422,0.887727978,1.148200623,1.087676703,1.141543873,1.10528083
191.8,0.720324419,0.88001497,1.155676195,1.085965683,1.117257639,1.10419517
191.82,0.72993916,0.894252247,1.16027499,1.089311678,1.12503026,1.101421326
191.84,0.718333243,0.887204505,1.167997817,1.087165295,1.100351508,1.099761638
191.86,0.728301178,0.90232908,1.172709859,1.089813022,1.10795567,1.096666809
191.88,0.717089412,0.895953357,1.180587911,1.087137853,1.082996158,1.094558296
191.9,0.72740444,0.91199177,1.185331734,1.088967668,1.090494583,1.091242038
191.92,0.716561865,0.906296262,1.193253375,1.085684276,1.065369519,1.088802525
191.94,0.727219704,0.923276263,1.197930625,1.086597276,1.072828586,1.085357702
191.96,0.716723248,0.918270145,1.205763634,1.082644784,1.047652735,1.08269731
191.98,0.727721341,0.936220062,1.210258504,1.08256811,1.055139674,1.079209966
192,0.717549693,0.9319129,1.217849857,1.077908002,1.030023726,1.076430992
192.02,0.728887078,0.950860838,1.222029269,1.112983489,1.03760406,1.072980392
192.04,0.719020511,0.947261852,1.19302138,1.106880254,1.012836871,1.070177384
192.06,0.730697645,0.967234702,1.197628578,1.140460246,1.020744052,1.06683718
192.08,0.721117802,0.964181376,1.168453635,1.13268105,0.996406255,1.06409892
192.1,0.733136364,0.98503342,1.173393444,1.164682651,1.00468287,1.060937223
192.12,0.723825159,0.982538787,1.143957902,1.155202719,0.980841856,1.058345202
192.14,0.736186132,1.004298353,1.14912559,1.185569304,0.989523261,1.055424099
192.16,0.727125519,1.002372064,1.119332295,1.174388604,0.966233542,1.053052988
192.18,0.739830689,1.025062207,1.124616538,1.203090388,0.975347708,1.050429043
192.2,0.731003238,1.023709117,1.094366424,1.190233566,0.952651068,1.048347275
192.22,0.744054855,1.04734577,1.099651067,1.217267185,0.962218901,1.046072093
192.24,0.735443371,1.046564306,1.098084978,1.202782613,0.940145107,1.044342514
192.26,0.748843762,1.041914604,1.103460748,1.228311851,0.950181129,1.042463351
192.28,0.740430856,1.041631012,1.101880205,1.212417351,0.928749768,1.041143898
192.3,0.754036531,1.037300135,1.107101688,1.236488288,0.939264449,1.039704299
192.32,0.745655691,1.037477287,1.1054357,1.219273911,0.9184863,1.038847976
192.34,0.759465997,1.033429907,1.110403048,1.241951761,0.929485675,1.037886967
192.36,0.751095695,1.034023285,1.108580446,1.223523518,0.909363451,1.037542545
192.38,0.765107919,1.030219024,1.113195192,1.244890264,0.920850228,1.037096705
192.4,0.756724219,1.031177477,1.111146775,1.225366791,0.901380112,1.037310143
192.42,0.770933003,1.027570309,1.115314742,1.245517852,0.913354765,1.037414185
192.44,0.762508957,1.02883538,1.112975594,1.225026904,0.894527898,1.038229262
192.46,0.776905643,1.025373135,1.116609929,1.244067747,0.906989699,1.03891659
192.48,0.768410628,1.026878536,1.113921797,1.222742697,0.888793568,1.040375499
192.5,0.782982524,1.023502564,1.116945986,1.240785538,0.901741526,1.041678708
192.52,0.774381509,1.025173869,1.113859571,1.21876202,0.884161207,1.043822593
192.54,0.789111071,1.02181892,1.116210249,1.235922736,0.897594886,1.045773932
192.56,0.780363818,1.023573552,1.112687272,1.213335561,0.880614136,1.048643351
192.58,0.795227753,1.020167932,1.114316661,1.229730919,0.894534362,1.051275114
192.6,0.786287965,1.021915509,1.110331563,1.206711356,0.878136555,1.054910426
192.62,0.80125626,1.018381584,1.111209366,1.222456627,0.892546013,1.058255264
192.64,0.792070678,1.020024698,1.106750524,1.199130138,0.876714932,1.062696915
192.66,0.807105579,1.016279778,1.106865153,1.214337135,0.891618659,1.06678807
192.68,0.797613067,1.017715251,1.101935503,1.190821586,0.876339148,1.072076757
192.7,0.812668023,1.013672916,1.101294539,1.205597156,0.891744949,1.076948174
192.72,0.82913912,1.014793566,1.095911569,1.182001526,0.877003456,1.05678441
192.74,0.844316412,1.010505923,1.094541419,1.196446469,0.892922241,1.062452557
192.76,0.860805535,1.011339749,1.088737266,1.172870036,0.878566762,1.042738657
192.78,0.875943861,1.006721293,1.086683393,1.187078445,0.89487783,1.04919783
192.8,0.89242843,1.031329957,1.080503485,1.163609722,0.880898698,1.029906033
192.82,0.883323907,1.025931669,1.077939716,1.177667295,0.897619173,1.037148615
192.84,0.900262493,1.049906789,1.071554565,1.154384646,0.884008352,1.018124957
192.86,0.891180376,1.043519304,1.068550456,1.168371208,0.901158079,1.026024829
192.88,0.908546298,1.066748125,1.062018989,1.145343767,0.887908698,1.007241674
192.9,0.899448555,1.059286275,1.058653445,1.159332313,0.905509206,1.015792633
192.92,0.917208171,1.081660422,1.052040203,1.136619889,0.892615862,0.997219825
192.94,0.90805203,1.073046306,1.04839905,1.15067699,0.910691731,1.006413623
192.96,0.926165582,1.094464798,1.041771703,1.128330771,0.898151196,0.988018035
192.98,0.916903412,1.084630409,1.03794464,1.142517129,0.916730161,0.997843804
193,0.935324786,1.105002519,1.0313716,1.120580502,0.90454148,0.979588805
193.02,0.925904124,1.093892118,1.027449314,1.134951595,0.923654508,0.99003238
193.04,0.944580765,1.113139914,1.020997574,1.113461037,0.911819054,0.971877204
193.06,0.934944527,1.100712041,1.017069169,1.128067809,0.931500409,0.982920321
193.08,0.953817561,1.118772486,1.010802472,1.107053804,0.920021922,0.964819337
193.1,0.943904482,1.105001488,1.006953316,1.12194337,0.940309199,0.976438707
193.12,0.962909087,1.121828009,1.000930708,1.101431306,0.929193785,0.958340602
193.14,0.952654419,1.10670503,0.997240744,1.116647656,0.950127911,0.970506875
193.16,0.97172049,1.12226848,0.99151555,1.0966587,0.939384002,0.952353757
193.18,0.96105701,1.105801861,0.988058106,1.11224337,0.96100918,0.965030367
193.2,0.980110145,1.120090864,0.982677308,1.092795285,0.950647439,0.946756809
193.22,0.968969478,1.102305957,0.979518373,1.108787997,0.973011017,0.959898746
193.24,0.987932312,1.115326643,0.974522365,1.089895907,0.963044174,0.941430803
193.26,0.976246588,1.096265058,0.971720302,1.106335166,0.986196412,0.954983337
193.28,0.995040482,1.108040238,0.967142965,1.088012251,0.976638988,0.936237605
193.3,0.982744311,1.087758577,0.964748573,1.104935898,1.000632679,0.950135028
193.32,1.001291357,1.09832642,0.960617611,1.087194026,0.991500592,0.966898273
193.34,0.988324071,1.076894578,0.958674494,1.104639741,0.980510012,0.984112397
193.36,1.006736609,1.086306888,0.95501196,1.087490037,0.968953962,0.968593486
193.38,0.9932563,1.06380702,0.953557096,1.105312184,0.990743497,0.985386198
193.4,1.011332568,1.072129158,0.950380058,1.08855728,0.980084058,0.969270644
193.42,0.997117035,1.048652659,0.949443558,1.106928236,1.002862539,0.986131016
193.44,1.01477543,1.055957801,0.946762941,1.090757493,0.992679493,0.969322754
193.46,0.999792045,1.031601621,0.946369578,1.109736085,1.016489386,0.986141315
193.48,1.016980825,1.037969869,0.944194371,1.094161444,1.006787912,1.004639631
193.5,1.001211314,1.012835036,0.944365645,1.113788864,0.995544399,1.024554685
193.52,1.018080585,1.018351226,0.942702203,1.098823003,0.983250315,1.010395507
193.54,1.001736535,0.992541512,0.943456205,1.118956476,1.004840978,1.032883115
193.56,1.018128363,0.997294986,0.942308869,1.104401513,0.989995235,1.02208861
193.58,1.001077273,0.970913955,0.9436601,1.125217462,1.008271043,1.046792185
193.6,1.017017533,0.97499315,0.943029941,1.111234127,0.991255983,1.038708036
193.62,0.999324456,0.948141362,0.944990766,1.132742218,1.006739813,1.065181459
193.64,1.014850355,0.951633746,0.944879509,1.119313582,0.987827046,1.05927541
193.66,0.996592889,0.924407904,0.947461644,1.14153031,1.000907176,1.087137474
193.68,1.011752743,0.927398418,0.94787047,1.128645143,0.980288628,1.082963261
193.7,0.99302068,0.899889942,0.951084754,1.151592513,0.991256311,1.11187833
193.72,1.007873493,0.902459731,0.952014823,1.139244176,0.969065712,1.109052685
193.74,0.988767382,0.874753662,0.955871805,1.162948694,0.978140288,1.138718982
193.76,1.003381498,0.876979109,0.925710841,1.151134285,0.954467721,1.136906935
193.78,0.984010346,0.880767183,0.930273562,1.175472447,0.961813961,1.143144935
193.8,0.998461391,0.882512835,0.901125355,1.164034554,0.960620098,1.142717048
193.82,0.978986754,0.885760531,0.906545865,1.189044078,0.965582923,1.150754069
193.84,0.993403063,0.887112766,0.87837241,1.178100042,0.961415845,1.151480828
193.86,0.973948037,0.889924325,0.884639279,1.20392988,0.964169555,1.160921508
193.88,0.988418572,0.890965984,0.857403098,1.193476609,0.957203704,1.162495395
193.9,0.969105137,0.893439789,0.864507042,1.220155848,0.957882643,1.172991142
193.92,0.983717505,0.894248636,0.838171909,1.210192034,0.985902698,1.175143141
193.94,0.964662901,0.896476764,0.846105075,1.20009886,0.984919087,1.186575256
193.96,0.979501035,0.897125246,0.820635979,1.190516564,1.011160231,1.189262151
193.98,0.960815962,0.899193287,0.829189484,1.180553507,1.008451768,1.201361833
194,0.975960033,0.899748499,0.804358339,1.171302578,1.033064817,1.204380076
194.02,0.957746576,0.901734524,0.813527269,1.16142481,1.028741757,1.216913604
194.04,0.97326951,0.902256395,0.789301178,1.15245274,1.05185592,1.200153838
194.06,0.955618588,0.90423133,0.799081742,1.142615255,1.065948228,1.210548344
194.08,0.971478979,0.904774833,0.805394286,1.133868535,1.0899425,1.212007078
194.1,0.954346965,0.876837766,0.815781919,1.124276942,1.084370982,1.222740173
194.12,0.970677587,0.877600575,0.792517648,1.115974521,1.106891801,1.224347905
194.14,0.954094002,0.879898473,0.803384858,1.106360955,1.099708472,1.235273601
194.16,0.970810444,0.880753385,0.780666317,1.098185779,1.120755344,1.217335409
194.18,0.954983607,0.883184577,0.792166807,1.088486217,1.131606944,1.226025427
194.2,0.972176547,0.88417265,0.769965683,1.08037688,1.153465103,1.225891878
194.22,0.957031654,0.886787098,0.782100438,1.070643311,1.144963487,1.234779537
194.24,0.974810065,0.887946354,0.79012847,1.062656677,1.165369766,1.234721469
194.26,0.960488301,0.861051033,0.802928586,1.052907078,1.155268336,1.243703864
194.28,0.978893805,0.862534582,0.781562826,1.045020223,1.174229049,1.22444108
194.3,0.965276386,0.865774154,0.794877605,1.035037641,1.181805348,1.231227798
194.32,0.984081573,0.867472074,0.803752069,1.027025886,1.201517481,1.229472322
194.34,0.971219446,0.841221278,0.817780277,1.016996362,1.190062919,1.236440737
194.36,0.990667914,0.84326543,0.79723276,1.009051746,1.208357793,1.215504766
194.38,0.978530546,0.847203121,0.811810448,0.998694317,1.214621791,1.220374701
194.4,0.998399147,0.849493435,0.821589965,0.990482002,1.233620344,1.217127726
194.42,0.987025484,0.823876659,0.83693214,0.97996487,1.220746583,1.222285157
194.44,1.007552032,0.826527286,0.817192961,0.97166875,1.238294306,1.219245717
194.46,0.996902003,0.831215833,0.833120914,0.960703633,1.22384641,1.224627825
194.48,1.017960344,0.834137655,0.843868054,0.951978779,1.239968643,1.202875054
194.5,1.008183391,0.809129919,0.860611897,0.940625379,1.242916335,1.206318365
194.52,1.029833761,0.812421336,0.841674762,0.931529091,1.25973461,1.201996083
194.54,1.020663687,0.81789949,0.859038385,0.919666872,1.243988117,1.205802107
194.56,1.042836161,0.821482072,0.870813275,0.910064977,1.259454131,1.182854614
194.58,1.034520227,0.79704793,0.889040461,0.897691633,1.261172469,1.184862586
194.6,1.057287589,0.801003853,0.901324079,0.887536773,1.277328692,1.179517085
194.62,1.049556094,0.776869683,0.920293513,0.874663605,1.260339922,1.182017927
194.64,1.072847504,0.781187998,0.902517273,0.863969285,1.275160279,1.158142612
194.66,1.065798655,0.787920864,0.922158651,0.850296531,1.275712423,1.158986409
194.68,1.089537226,0.792539079,0.935561969,0.879002952,1.291236178,1.152855508
194.7,1.083202504,0.795689056,0.91583569,0.865059249,1.273311569,1.154313208
194.72,1.080827131,0.800692115,0.929786178,0.89383508,1.287742929,1.148671543
194.74,1.075255332,0.776946577,0.910213143,0.879306708,1.268724623,1.15053694
194.76,1.100342894,0.781967313,0.924544476,0.907996473,1.282142747,1.126746724
194.78,1.095405261,0.785202425,0.904957069,0.892834248,1.280625861,1.127124751
194.8,1.093972999,0.790399813,0.919787525,0.921381477,1.295048125,1.12075755
194.82,1.089646518,0.79362014,0.900296256,0.905650204,1.275683851,1.119432358
194.84,1.088733135,0.798858431,0.91559734,0.934113577,1.291468083,1.111706292
194.86,1.085067351,0.802068589,0.896171926,0.917710264,1.273011111,1.108638222
194.88,1.051039509,0.807352038,0.911913975,0.94596024,1.290190012,1.13319565
194.9,1.047957018,0.783086665,0.892523981,0.928877474,1.272691033,1.128293873
194.92,1.075378124,0.788197766,0.908527696,0.956882429,1.291471748,1.117875733
194.94,1.072938938,0.791310311,0.888999849,0.939116372,1.275152402,1.111485175
194.96,1.040254311,0.796597897,0.905379232,0.966847287,1.295384919,1.133122077
194.98,1.038303826,0.771983964,0.885825671,0.9484008,1.280120012,1.125022758
195,1.033857207,0.777076412,0.90239798,0.975834218,1.302007104,1.145164826
195.02,1.032429205,0.779890747,0.882644158,0.956713674,1.288012846,1.13555898
195.04,1.000994697,0.784973516,0.899521431,0.983829333,1.311576353,1.154431167
195.06,1.000118949,0.787587868,0.879679546,0.964048598,1.29889388,1.143248055
195.08,1.001785075,0.792516799,0.896824076,0.990833847,1.324155403,1.128244321
195.1,1.001458965,0.795105772,0.876862469,0.970413313,1.312823579,1.115659163
195.12,0.970921156,0.800046728,0.894236214,0.99686109,1.339630015,1.132076816
195.14,0.970876806,0.802432689,0.874125825,0.975826979,1.329517789,1.14205585
195.16,0.940763836,0.807211212,0.891690313,1.001935188,1.334018883,1.157374433
195.18,0.941230403,0.781076809,0.871401526,0.980317654,1.325338754,1.166522303
195.2,0.97212674,0.785608894,0.888965012,1.005975319,1.331000528,1.148486776
195.22,0.973065885,0.787815065,0.868323431,0.983690347,1.323763008,1.15711158
195.24,0.943664568,0.792470874,0.886001389,1.008905527,1.330401601,1.170497256
195.26,0.944875189,0.794448056,0.865129543,0.985993659,1.324446996,1.178414874
195.28,0.94796698,0.798903245,0.882884023,1.010780563,1.332221259,1.158687954
195.3,0.949651962,0.80081809,0.861756011,0.987285698,1.327718179,1.166050722
195.32,0.920838679,0.805230629,0.879549575,1.011663477,1.336438578,1.177613697
195.34,0.922713816,0.806903126,0.858143432,0.987634973,1.333218889,1.184382233
195.36,0.926250626,0.811095462,0.875940007,1.011627157,1.289433377,1.162996271
195.38,0.928530045,0.812690361,0.854234587,1.040719711,1.28730497,1.16901784
195.4,0.900114966,0.81681835,0.87200009,1.064408095,1.297926658,1.178705473
195.42,0.902505843,0.818154246,0.850276248,1.039575407,1.297345432,1.184230955
195.44,0.906362868,0.822038885,0.868258833,1.062936537,1.255884579,1.161058205
195.46,0.909090314,0.823281243,0.846201324,1.090867055,1.25639214,1.165921471
195.48,0.913032184,0.827080223,0.864088563,1.113973516,1.268854858,1.141793732
195.5,0.915904844,0.8282206,0.841981466,1.088528097,1.270878958,1.146308762
195.52,0.887722768,0.831920088,0.860024715,1.111380023,1.284186696,1.153711026
195.54,0.890605944,0.832776526,0.837562242,1.085663264,1.287436592,1.157842956
195.56,0.894705913,0.83619922,0.855456558,1.108296786,1.249282976,1.132373796
195.58,0.8978423,0.836937463,0.832631814,1.134817308,1.253596747,1.135936069
195.6,0.869666068,0.840238895,0.850355944,1.105966125,1.268630255,1.141867994
195.62,0.872744993,0.840675876,0.878781707,1.079474539,1.274158814,1.145109773
195.64,0.876897332,0.843675968,0.896774863,1.10155228,1.237925714,1.118109142
195.66,0.880171312,0.844259991,0.873739852,1.127151507,1.244488271,1.120830349
195.68,0.884290588,0.847387151,0.89153483,1.097559238,1.20924031,1.092969527
195.7,0.887572117,0.84782897,0.920005236,1.12240118,1.216668628,1.095183864
195.72,0.859116044,0.850801439,0.938038394,1.14409932,1.23349609,1.098995563
195.74,0.862255166,0.851201519,0.915077073,1.117568433,1.242317999,1.100945803
195.76,0.866292661,0.854112847,0.933166352,1.1392475,1.208798182,1.071622018
195.78,0.869557744,0.854359715,0.909846374,1.163959657,1.218594065,1.073096491
195.8,0.840802313,0.857102521,0.927711793,1.185672857,1.236944277,1.109793338
195.82,0.843869223,0.857015474,0.904325837,1.159266451,1.213932588,1.113975767
195.84,0.847917076,0.859412151,0.922227405,1.129044303,1.179511423,1.087195716
195.86,0.851262706,0.859166426,0.950489832,1.152959457,1.187380687,1.090419476
195.88,0.85523054,0.86138648,0.968318179,1.174408942,1.204498023,1.062699239
195.9,0.858496759,0.861265702,0.944747334,1.147869503,1.213758784,1.065652242
195.92,0.862350197,0.863575407,0.96261238,1.169416771,1.181065132,1.037272137
195.94,0.865522912,0.863291292,0.938717647,1.193535967,1.191127914,1.039682553
195.96,0.836119972,0.8654154,0.956353144,1.163101788,1.209609296,1.043507011
195.98,0.839040663,0.864788519,0.984562288,1.136464501,1.220766058,1.045614982
196,0.842654686,0.866552931,1.002395249,1.158092137,1.189568423,1.050200281
196.02,0.845614215,0.866050529,0.978379692,1.182164056,1.167071274,1.054787472
196.04,0.849249346,0.867903316,0.995998492,1.151840827,1.183909642,1.027977987
196.06,0.852265547,0.867240754,1.024144148,1.125281547,1.192949811,1.031823556
196.08,0.822333682,0.868909041,1.04198162,1.146899405,1.160418678,1.037696239
196.1,0.825075327,0.868195519,1.017901635,1.17083433,1.170235863,1.040889374
196.12,0.828468173,0.869782883,1.035547403,1.192691162,1.1885887,1.012282665
196.14,0.831236101,0.868916651,1.011488902,1.166832232,1.19990918,1.015137181
196.16,0.834465466,0.870326951,1.029210139,1.188916189,1.169012154,0.985784351
196.18,0.837076006,0.869313617,1.004903716,1.213207027,1.181052188,0.98803266
196.2,0.806378829,0.870553194,1.022441335,1.183265427,1.200661925,1.0264996
196.22,0.808673735,0.869215438,1.050496214,1.157491856,1.178654343,1.031465452
196.24,0.811757018,0.870114065,1.030922963,1.179893096,1.14606923,1.004608198
196.26,0.814249971,0.906295338,1.006492629,1.204100119,1.15572894,1.00853299
196.28,0.817192232,0.907291156,1.024128621,1.17408899,1.17380118,0.98057778
196.3,0.819709098,0.90596768,1.052289075,1.148277739,1.184509187,0.98409459
196.32,0.822674811,0.906827352,1.070205328,1.170629065,1.153182042,0.955325135
196.34,0.825027311,0.905679999,1.046026756,1.195096243,1.16456831,0.958169248
196.36,0.793685449,0.906687122,1.063805687,1.165359002,1.183596361,0.997251338
196.38,0.795721086,0.872283746,1.092120153,1.139865273,1.161194048,1.002700274
196.4,0.831511001,0.872876636,1.07255674,1.162566355,1.128107687,0.97623985
196.42,0.833704726,0.909161368,1.048158426,1.186982804,1.137114306,0.98075273
196.44,0.836359065,0.910059827,1.065965496,1.209638469,1.154614517,0.953314914
196.46,0.838598412,0.908753417,1.041837566,1.184527146,1.164891196,0.957368961
196.48,0.806923797,0.909547765,1.059789993,1.154814952,1.13322182,0.963452563
196.5,0.808873864,0.907971683,1.088096605,1.179226471,1.143881542,0.966757601
196.52,0.811450804,0.90849467,1.068561004,1.20220821,1.162476606,0.937350926
196.54,0.81342909,0.944707382,1.044402487,1.177172909,1.174531197,0.940235819
196.56,0.815847656,0.945409516,1.062596932,1.200231544,1.143861594,0.945326703
196.58,0.81785847,0.910633951,1.038427731,1.225241078,1.121184484,0.950640204
196.6,0.853837003,0.911152856,1.056334232,1.195755313,1.137926397,0.92368763
196.62,0.855863963,0.909712845,1.08495638,1.170507135,1.147165519,0.928344004
196.64,0.823697746,0.910335602,1.06552984,1.193679808,1.11455574,0.935340192
196.66,0.825470617,0.946645915,1.041156373,1.218544404,1.124411885,0.93922678
196.68,0.827876487,0.947297993,1.059325663,1.188782178,1.142405648,0.910439346
196.7,0.829902513,0.945855224,1.088255641,1.163474016,1.153383955,0.913896866
196.72,0.797598141,0.946464022,1.106807378,1.186687971,1.121752662,0.954021733
196.74,0.799356199,0.911444675,1.082756907,1.211714398,1.098355778,0.959805248
196.76,0.835550328,0.911982677,1.063146116,1.181987864,1.114460993,0.933339134
196.78,0.837539452,0.94849371,1.092026618,1.156420289,1.122915448,0.93844558
196.8,0.83998654,0.949164132,1.110668455,1.179438372,1.139603561,0.911287445
196.82,0.842086371,0.948057639,1.086566407,1.154205696,1.14902074,0.915951716
196.84,0.809654266,0.948975432,1.105104333,1.177401805,1.116333549,0.922959068
196.86,0.811521793,0.913753096,1.08077161,1.202241879,1.126362407,0.926912001
196.88,0.847898702,0.914314242,1.060900182,1.172103003,1.144344199,0.897878171
196.9,0.849843366,0.951095493,1.089792762,1.146435636,1.155481143,0.901628196
196.92,0.85221481,0.951801101,1.108369939,1.169522563,1.123809628,0.907363843
196.94,0.854279765,0.950749057,1.083923186,1.194152167,1.100177813,0.913524568
196.96,0.856945468,0.951700039,1.102366513,1.163724829,1.116061637,0.887133337
196.98,0.859153254,0.950613317,1.131659975,1.137884016,1.124485632,0.892493483
197,0.826479737,0.951525911,1.112071417,1.160821754,1.091093027,0.900595845
197.02,0.828480688,0.988890985,1.087443627,1.184967961,1.100177577,0.905281851
197.04,0.831063637,0.989888222,1.106034279,1.20787093,1.117363662,0.877055392
197.06,0.83338544,0.988868799,1.08158561,1.182312452,1.127851745,0.881403146
197.08,0.836095851,0.98983416,1.100257631,1.151383502,1.095882232,0.852452845
197.1,0.838363832,0.988782151,1.129461954,1.175125499,1.106751273,0.856228294
197.12,0.805412392,0.989710078,1.148162078,1.198002657,1.124745846,0.897580783
197.14,0.807434927,0.954010404,1.123656452,1.172442164,1.101143948,0.904088308
197.16,0.84489015,0.954811568,1.142219464,1.19544169,1.067472603,0.87771251
197.18,0.847239136,0.953775344,1.117215565,1.21938235,1.076197978,0.883361369
197.2,0.849965971,0.95468153,1.135553787,1.188259379,1.092971725,0.856143535
197.22,0.852287213,0.953578302,1.164558504,1.16223478,1.102715686,0.861484753
197.24,0.854971283,0.954393959,1.144102927,1.184978737,1.070434248,0.833547723
197.26,0.857261458,0.992531654,1.118756639,1.20855732,1.080914279,0.838339329
197.28,0.823789393,0.993568486,1.136996823,1.177226602,1.098622567,0.845552188
197.3,0.826015619,0.992454791,1.165762949,1.151076495,1.110111976,0.850111286
197.32,0.828761178,0.993197162,1.14499105,1.173580087,1.079133073,0.856599982
197.34,0.831108957,1.031470384,1.119426612,1.196876376,1.055526981,0.86369901
197.36,0.833968453,1.032418393,1.137465439,1.165457088,1.071504415,0.837433938
197.38,0.836642393,1.031465303,1.165851123,1.139087922,1.080768241,0.843774125
197.4,0.839672287,1.032287789,1.183994197,1.161200996,1.048464183,0.816756146
197.42,0.842292813,1.031526911,1.158379537,1.184260255,1.058563211,0.82256526
197.44,0.845266685,1.03249011,1.176180554,1.152857781,1.075936212,0.794564071
197.46,0.847824315,1.031608606,1.204096058,1.126674841,1.087136756,0.800127391
197.48,0.813733747,1.032406691,1.182456856,1.148820453,1.056101534,0.844106063
197.5,0.815956035,1.034829999,1.1563427,1.171750263,1.032449542,0.852183534
197.52,0.855048295,1.035339142,1.173576944,1.140506027,1.048333891,0.826618748
197.54,0.857802365,1.034262356,1.200707597,1.114272497,1.057661225,0.834067356
197.56,0.860957112,1.034742529,1.178381204,1.136138297,1.025759066,0.807893177
197.58,0.863629247,1.073349799,1.151762018,1.158850035,1.036014065,0.81481384
197.6,0.866713415,1.073896532,1.168565732,1.127705234,1.004961392,0.787603434
197.62,0.869479739,1.072782098,1.195025143,1.150206315,1.016138747,0.794004025
197.64,0.872678789,1.073070141,1.211794248,1.172060948,1.034098874,0.765746966
197.66,0.875324678,1.072043232,1.185346965,1.146614496,1.046736795,0.771895932
197.68,0.878418347,1.072331451,1.201973767,1.116150275,1.01700717,0.779414711
197.7,0.880922519,1.071084111,1.227730916,1.139111035,0.993757442,0.788120257
197.72,0.88408867,1.071073181,1.204434768,1.161298262,1.010105494,0.762228384
197.74,0.886642724,1.109493032,1.177527411,1.136052335,1.020704211,0.773270525
197.76,0.889721915,1.109441037,1.193687066,1.106024438,1.035107346,0.750740421
197.78,0.89234101,1.10801024,1.218750827,1.080725893,1.042525711,0.763777893
197.8,0.856483531,1.107621007,1.195084275,1.102871914,1.006747951,0.783004502
197.82,0.858629131,1.107972215,1.167717088,1.12643635,1.011611511,0.797563267
197.84,0.899152823,1.10703619,1.182979216,1.097039469,1.023444192,0.779839809
197.86,0.901606723,1.105074956,1.207210105,1.072095628,1.026727379,0.795932832
197.88,0.904785541,1.103954181,1.183085693,1.043100209,0.98897048,0.780227733
197.9,0.907081881,1.141322068,1.206718973,1.066760902,0.99028872,0.797206251
197.92,0.910180297,1.140050832,1.221654241,1.089013031,1.000271342,0.782773219
197.94,0.912497461,1.138040475,1.194350787,1.064672718,1.000723599,0.800704963
197.96,0.91570675,1.136634308,1.209231302,1.036341461,0.96158776,0.787550774
197.98,0.917835993,1.134316924,1.232564704,1.060725523,0.960569955,0.806052636
198,0.920948212,1.132505317,1.208209217,1.032870957,0.969665174,0.793728648
198.02,0.922869268,1.169141948,1.231340927,1.008561259,0.967944036,0.790300158
198.04,0.925869321,1.167133744,1.207245701,1.031224027,0.950218361,0.779521502
198.06,0.927646429,1.165247827,1.179851083,1.056332582,0.946830404,0.77789356
198.08,0.968867069,1.162800112,1.155565623,1.029105049,0.97664556,0.76829293
198.1,0.970532029,1.19855742,1.178400385,1.00506194,0.972170637,0.768652412
198.12,0.973513328,1.19583023,1.192848326,1.028093812,1.000542552,0.760484994
198.14,0.974997773,1.192904194,1.165718243,1.004608241,0.995154049,0.762436404
198.16,0.977925908,1.190046693,1.179989505,0.978174367,0.972650078,0.755342905
198.18,0.97902548,1.148477574,1.202655519,1.004550782,0.965821798,0.758455724
198.2,1.020045098,1.145036446,1.178584822,1.028381608,0.991944617,0.752038017
198.22,1.020764089,1.179821742,1.151466185,1.005384938,0.984700936,0.756589213
198.24,1.023191508,1.176390976,1.127865972,0.979826274,1.010156356,0.751175626
198.26,1.023665895,1.210577436,1.150459604,0.956566207,1.002107221,0.756841301
198.28,0.982829242,1.206712576,1.127151844,0.980689601,0.975780661,0.795299312
198.3,0.982572411,1.202108826,1.100385405,1.008708256,0.96674067,0.801946155
198.32,1.022784881,1.197693434,1.114430767,0.983818476,0.990904542,0.797843841
198.34,1.02244975,1.193491383,1.137419247,0.960976996,0.981656378,0.805565662
198.36,1.024289888,1.189019124,1.114671849,0.985838462,1.005207898,0.783697879
198.38,1.023451505,1.183971162,1.088313704,0.963257088,1.014049915,0.792328083
198.4,1.062878055,1.179269619,1.065698063,0.938954948,1.037104516,0.771452179
198.42,1.061587391,1.211759343,1.088748147,0.91609553,1.044822938,0.781149187
198.44,1.062726558,1.206960275,1.06657999,0.941396087,1.014184786,0.761331753
198.46,1.061005722,1.201542333,1.040548558,0.971868838,1.02047081,0.771529282
198.48,1.099592273,1.196623431,1.054915053,0.948331489,1.042129228,0.752189785
198.5,1.09739004,1.154691746,1.078759339,0.925971767,1.047666098,0.763231017
198.52,1.090661126,1.149779711,1.057201498,0.952352076,1.068778619,0.789519708
198.54,1.087328126,1.144322834,1.031525842,0.930256984,1.073590289,0.801531002
198.56,1.124410342,1.139376714,1.01018613,0.907260304,1.094698292,0.784017607
198.58,1.120822694,1.170863128,1.034308634,0.884720616,1.098827779,0.796656591
198.6,1.075353819,1.166000868,1.013542846,0.911682945,1.119498383,0.824805609
198.62,1.070949683,1.16048404,0.988291772,0.889343445,1.12299331,0.837996336
198.64,1.106814039,1.155516614,1.003316863,0.866504151,1.14375411,0.821687566
198.66,1.102203193,1.114593299,1.028334415,0.843781026,1.146637745,0.835290497
198.68,1.137491772,1.109870278,1.008078544,0.871480111,1.109574786,0.819419395
198.7,1.132289748,1.141258035,0.982952566,0.90635191,1.111004445,0.833040013
198.72,1.085629425,1.137010557,0.963142946,0.884180133,1.130694777,0.862327148
198.74,1.079802383,1.132148228,0.98935921,0.861536476,1.131539927,0.876133328
198.76,1.113820211,1.12769584,0.970333736,0.89038779,1.151111511,0.860562296
198.78,1.107920791,1.123469937,0.945971404,0.867845836,1.151554663,0.874463478
198.8,1.141425525,1.119566048,0.962199858,0.897210549,1.171059479,0.859066953
198.82,1.13526412,1.080742083,0.937861388,0.874663491,1.170875801,0.872973734
198.84,1.123564171,1.077259987,0.919165651,0.904735317,1.190336388,0.902404972
198.86,1.116725043,1.07380766,0.894584644,0.881998936,1.189531466,0.916309116
198.88,1.14905661,1.070441484,0.910967777,0.859876168,1.209193378,0.901143658
198.9,1.142338718,1.032607653,0.939110349,0.836434211,1.207743463,0.91485897
198.92,1.130118341,1.029713744,0.921041061,0.867340645,1.227120331,0.943826025
198.94,1.122929636,1.027468501,0.896568151,0.843884989,1.225039186,0.957305558
198.96,1.110578192,1.025023191,0.87869633,0.875347237,1.24463745,0.985819545
198.98,1.103448025,1.023106436,0.854082553,0.851588211,1.24214592,0.998940354
199,1.134638871,1.020871686,0.871193184,0.883623747,1.261972218,0.983513948
199.02,1.127866763,0.984734575,0.84650343,0.859706642,1.259057814,0.996203282
199.04,1.11592195,0.983025744,0.828816585,0.892508636,1.278899738,1.023516632
199.06,1.10900171,0.982210709,0.803733435,0.868246663,1.275330429,1.035682042
199.08,1.097319378,0.980749992,0.821066332,0.845420312,1.295416379,1.062204159
199.1,1.090755856,0.945413366,0.85207891,0.820081055,1.291136017,1.073764042
199.12,1.079633985,0.944265803,0.835011973,0.853627991,1.311177005,1.099407178
199.14,1.073346392,0.94468896,0.809930163,0.828105566,1.306433616,1.110298557
199.16,1.104069568,0.944119174,0.828088662,0.862249161,1.326720777,1.09364351
199.18,1.098402679,0.910068337,0.802835443,0.83639335,1.321504316,1.103940048
199.2,1.088346385,0.910031286,0.821157608,0.871321104,1.341834932,1.127829076
199.22,1.082873993,0.876326515,0.795531009,0.845101707,1.335928695,1.137404053
199.24,1.073474472,0.876587958,0.814021566,0.8808193,1.356523538,1.160294731
199.26,1.068478241,0.843188602,0.787992796,0.854200776,1.350138402,1.169131386
199.28,1.059806141,0.843729914,0.806654099,0.890710253,1.371007474,1.191016311
199.3,1.055336919,0.810593136,0.780191403,0.863656988,1.364144995,1.199115505
199.32,1.047449412,0.811393785,0.763102691,0.900957545,1.307290786,1.220005652
199.34,1.043547871,0.846327773,0.735959674,0.951273027,1.298064235,1.226979541
199.36,1.004557705,0.847446945,0.755075505,0.926898865,1.317887568,1.246491463
199.38,1.001536894,0.814611266,0.791911311,0.898989848,1.308224639,1.252612841
199.4,0.995636683,0.815839521,0.812552938,0.938095871,1.327979791,1.271039896
199.42,0.993202603,0.783539493,0.78614304,0.909891304,1.317792108,1.27650562
199.44,0.988144761,0.785365219,0.807046877,0.949768757,1.337829399,1.294063837
199.46,0.986317166,0.753196323,0.780079561,0.920889339,1.327161146,1.298919462
199.48,0.982126838,0.755254295,0.801245671,0.961501688,1.347512752,1.315672019
199.5,0.980922843,0.754927864,0.773672334,0.931890225,1.336417856,1.306163007
199.52,0.945847883,0.757274668,0.795267408,0.973193653,1.370927252,1.322431972
199.54,0.945283567,0.725105057,0.767200179,0.942792381,1.359159531,1.312688319
199.56,0.942883211,0.727489423,0.789040793,0.98479823,1.393640233,1.328454493
199.58,0.942872399,0.727186852,0.760254423,0.953614346,1.381280704,1.318686975
199.6,0.909401121,0.729850671,0.782501115,0.996263114,1.415781698,1.334184962
199.62,0.910003084,0.729514229,0.753099621,0.964236713,1.402922278,1.322347345
199.64,0.877295439,0.732298339,0.775736322,1.007466146,1.34994363,1.335710872
199.66,0.878461008,0.699826822,0.745651248,1.064041438,1.336233389,1.321248221
199.68,0.87853209,0.702609738,0.768481541,1.109488747,1.37303668,1.332098455
199.7,0.880181678,0.702246835,0.738004785,1.077537758,1.361310874,1.330730066
199.72,0.848718955,0.705300919,0.761677689,1.12340086,1.385367007,1.339845826
199.74,0.850931852,0.704891971,0.730389598,1.090453365,1.375296517,1.336943454
199.76,0.854496356,0.708058223,0.754397529,1.136596362,1.401204636,1.309778508
199.78,0.85727478,0.707791886,0.722214533,1.1025469,1.392902111,1.305570329
199.8,0.826801188,0.711252807,0.746523607,1.065348623,1.3282764,1.311218779
199.82,0.829894051,0.71093871,0.796909798,1.119891467,1.319240244,1.30514825
199.84,0.799904372,0.714515091,0.823518589,1.165572278,1.34658089,1.308641256
199.86,0.803443285,0.714624533,0.792064747,1.128716136,1.340131327,1.301293185
199.88,0.773851136,0.718775735,0.819557392,1.17423744,1.27746544,1.320354302
199.9,0.777789541,0.685447837,0.787039877,1.227980633,1.254317299,1.313298913
199.92,0.815776952,0.689519261,0.814680384,1.274530845,1.282286519,1.28182596
199.94,0.820319474,0.689685324,0.781369754,1.236276885,1.276962575,1.273833187
199.96,0.79137822,0.694204758,0.809786593,1.282290849,1.306859481,1.292332135
199.98,0.796141221,0.694299775,0.775208785,1.242581764,1.286638504,1.285296689
