Time,Agent[1],Agent[2],Agent[3],Agent[4],Agent[5],Agent[6]
0.0,1.0471975511965976,1.0471975511965976,1.0471975511965979,1.0471975511965974,1.0471975511965992,1.0471975511965974
0.02,1.0471657024689651,1.0458816104550825,1.045915397885727,1.0472293026160955,1.0485114841884808,1.0485135204309879
0.04,1.0484008768163382,1.045826303116132,1.0446111603753745,1.045957197375841,1.0485258833270539,1.049841475032582
0.06,1.0495934932831201,1.0457182728390058,1.0432908567831287,1.0447005769960938,1.0485519136601784,1.0511806469698008
0.08,1.0507500428895475,1.0455583549854792,1.0419489612524004,1.043452920406693,1.0485892619207906,1.052530324043719
0.1,1.051870356356165,1.0453473748859723,1.0405865717921388,1.042214336180141,1.0486376547065213,1.0538898737151392
0.12,1.0529542283166529,1.0450860508218682,1.0392046979926923,1.04098496583185,1.0486968944907087,1.055258710627137
0.14,1.0540014122713206,1.0447750221763403,1.0378042930764058,1.0397649849803217,1.0487668625171365,1.0566362977095745
0.16,1.0550116149114879,1.0444148438420073,1.0363862528779975,1.038554604833407,1.0488475215959596,1.0580221473022355
0.18,1.0559844905967457,1.0440059809625994,1.0349514149733827,1.0373540736734501,1.0489389189857743,1.0594158223001626
0.2,1.0569196357950519,1.0435488038238356,1.0335005579507262,1.036163678349618,1.0490411893764966,1.0608169373294984
0.22,1.057816583465316,1.0430435828746312,1.0320344008150086,1.034983745787018,1.0491545579884392,1.0622251599610903
0.24,1.0586747973591157,1.0424904838587465,1.0305536025175663,1.0338146445227223,1.049279343803816,1.063640211968889
0.26,1.0594936662160856,1.0418895630361973,1.0290587616023146,1.0326567862791882,1.0494159629477124,1.065061870639961
0.28,1.060272497825443,1.0412407624731792,1.0275504159607505,1.0315106275860173,1.0495649322364091,1.0664899701426638
0.3,1.0610105129240797,1.0405439053788603,1.0260290426882954,1.0303766714614033,1.0497268729118678,1.0679244029592443
0.32,1.0617068388995932,1.0397986914671806,1.0244950580350833,1.0292554691650158,1.0499025145821328,1.0693651213887883
0.34,1.0623605032645622,1.0390046923217466,1.022948817444941,1.028147622034508,1.0500926993884194,1.0708121391260752
0.36,1.062970426866261,1.0381613467420159,1.0213906156769865,1.0270537834182556,1.0502983864206978,1.0722655329214712
0.38,1.0635354167938191,1.0372679560492002,1.0198206870050597,1.0259746607174272,1.0505206564047809,1.0737254443264899
0.4,1.0640541589425765,1.0363236793307,1.01823920549102,1.0249110175509482,1.0507607166850894,1.0751920815291038
0.42,1.0645252101930112,1.0353275286023793,1.0166462853288265,1.0238636760575002,1.0510199065286185,1.0766657212822075
0.44,1.0649469901591244,1.0342783638686335,1.0150419812572604,1.0228335193492457,1.051299702777034,1.0781467109278715
0.46,1.0653177724585357,1.0331748880609486,1.0134262890401664,1.0218214941326331,1.0516017258753285,1.079635470519178
0.48,1.065635675453753,1.0320156418365298,1.0117991460141025,1.0208286135123563,1.0519277463071255,1.0811324950403094
0.5,1.0658986524111276,1.030798998219609,1.0101604317044188,1.019855959995276,1.0522796914684616,1.0826383567244173
0.52,1.0661044810208573,1.0295231570691743,1.0085099685119303,1.0189046887120186,1.052659653013789,1.084153707467335
0.54,1.0662507522180866,1.028186139358189,1.0068475224735622,1.0179760308748804,1.053069894709953,1.0856792813335474
0.56,1.0663348582416141,1.0267857812508296,1.0051728041016097,1.0170712974917184,1.0535128608361344,1.0872158971488641
0.58,1.0663539798630128,1.0253197279659312,1.003485469307587,1.0161918833566337,1.0539911851700623,1.0887644611719862
0.6,1.066305072715045,1.0237854274166986,1.0017851204180395,1.015339271339537,1.054507700603346,1.0903259698344803
0.62,1.0661848526441648,1.0221801236188168,1.000071307291143,1.0145150369980356,1.0550654494314768,1.0919015125355465
0.64,1.0659897800076383,1.0205008498614667,0.9983435285444568,1.0137208535365905,1.0556676943669387,1.0934922744743565
0.66,1.065716042831406,1.0187444216383832,0.9966012329058183,1.012958497139555,1.0563179303269212,1.0950995394984897
0.68,1.0653595387403072,1.0169074293390723,0.9948438207010444,1.0122298527064792,1.0570198970504299,1.0967246929420513
0.7000000000000001,1.064915855567723,1.0149862307036588,0.9930706454939267,1.0115369200200366,1.0577775926030029,1.0983692244213294
0.72,1.0643802505471367,1.0129769430485829,0.9912810158958583,1.0108818203790424,1.058595287830908,1.1000347305491545
0.74,1.0637476279836584,1.010875435274614,0.9894741975644554,1.0102668037313771,1.059477541830515,1.1017229175213572
0.76,1.0630125152992895,1.0086773196733874,0.9876494154125957,1.0096942563440945,1.0604292185025228,1.1034356035197712
0.78,1.062169037341784,1.0063779435540203,0.9858058560515497,1.0091667090507492,1.061455504264842,1.1051747208657376
0.8,1.0612108888435183,1.003972380717316,0.9839426704941885,1.0086868461188985,1.0625619270021849,1.1069423178460562
0.8200000000000001,1.060131304914066,1.0014554228117714,0.9820589771467176,1.0082575147839377,1.0637543763347477,1.108740560119366
0.84,1.058923029448375,0.998821570613055,0.9801538651199944,1.0078817354988203,1.0650391252926923,1.1105717315948294
0.86,1.057578281331921,0.9960650252769272,0.9782263978941979,1.007562712952942,1.066422853487417,1.1124382346564943
0.88,1.0560887183252818,0.9931796796248187,0.9762756173735005,1.0073038479174548,1.067912671874769,1.1143425895853127
0.9,1.0544453985137032,0.9901591095314941,0.974300548370385,1.007108749978483,1.0695161492091723,1.116287433006308
0.92,1.0526387392129146,0.9869965654955208,0.9723002035624195,1.0069812512243912,1.0712413402911576,1.1182755151602528
0.9400000000000001,1.0506584732313207,0.9836849644856684,0.9702735889675731,1.0069254209580518,1.0730968161135443,1.1203096957670464
0.96,1.0484936024014626,0.9802168821699597,0.9682197099875789,1.006945581510363,1.0750916960135477,1.1223929382112354
0.98,1.046132348311171,0.9765845456489242,0.9661375780724195,1.0070463252367854,1.077235681938875,1.1245283017382626
1.0,1.0435621001880961,0.9727798268306691,0.9640262180626635,1.0072325327845997,1.0795390949351642,1.1267189313025199
1.02,1.040785625308925,0.9687942366027464,0.9618846762701669,1.0075093927248076,1.082012913959379,1.1289517792669939
1.04,1.037784308773872,0.964619001412715,0.9597120293615267,1.007882422649196,1.0846688171185201,1.1312343732915453
1.06,1.034562781312566,0.9602601028817999,0.957507394519173,1.0083574918399316,1.087519143795551,1.1335499241263536
1.08,1.0310880561514721,0.955703740687734,0.9552700156382326,1.0089408456282971,1.0905770438566176,1.1359031801058936
1.1,1.0273713474992703,0.9509581004650811,0.9529991774401267,1.0096391315309767,1.0938564043323593,1.138272940744784
1.12,1.0233990817805165,0.9460281678198637,0.9506943301277735,1.010459427350734,1.0973720088523526,1.1406392286714393
1.1400000000000001,1.019141009751897,0.9409030120071649,0.9483550884480176,1.011409271299415,1.101139461613804,1.143020360070782
1.16,1.0146093927558373,0.9355953547070097,0.9459811687238986,1.012496694803771,1.105155235589577,1.1453832385329292
1.18,1.009766976839312,0.9300959721552531,0.9435725254599237,1.0137302566367685,1.109439839505729,1.1477463354250599
1.2,1.0046267748398576,0.9244203968534861,0.9411292606952499,1.0151189800834985,1.1139871323820953,1.1500736766634825
1.22,0.9991772600194396,0.9185612685548215,0.938668406119969,1.0166725083563075,1.1188163021206234,1.1523314763188326
1.24,0.9934044195624878,0.912520649142023,0.9361866459582364,1.0184010919861137,1.1239430231105327,1.154535654775426
1.26,0.9872988938954199,0.9063205617575261,0.9336860374976248,1.0203156526555808,1.1293575887291745,1.1566428392210693
1.28,0.9808229539591976,0.8999564331939514,0.93118774648396,1.0224278342043682,1.1350777433389387,1.158668598630756
1.3,0.9758937123871098,0.8934326859150434,0.9286914100092987,1.024750015477741,1.1410900085727977,1.1586649199247772
1.32,0.9725276631850887,0.8867597388321564,0.9262215356535779,1.0272953873811512,1.1474098401167998,1.1565980512104375
1.34,0.97075671976071,0.8799525863882951,0.9237803385285805,1.0300779714429829,1.1540098046182248,1.154442171753849
1.36,0.9686016126549962,0.8730225991546245,0.9213743048853926,1.033112706745992,1.1588794907546154,1.1541841886165196
1.3800000000000001,0.9680463319783003,0.8659976235707787,0.9190328741666351,1.0363894442674875,1.1619599510128467,1.1517504442853888
1.4000000000000001,0.9691121469947757,0.8607205849819111,0.9167619774126265,1.039915462861547,1.165317362866598,1.1492009006130122
1.42,0.9679752197365814,0.8553736875258231,0.9146040723576898,1.0437198916378865,1.1668145467563908,1.148504716671371
1.44,0.9684731370719764,0.8517990356640683,0.9125438818006111,1.0478180025107897,1.1664527828356093,1.1476788923682326
1.46,0.9687799542806401,0.8481887250993299,0.9106036268329083,1.0521872361084528,1.164177790351392,1.1467184351681565
1.48,0.9707633716512021,0.846407026199056,0.9088204844910397,1.0568355053247327,1.1620045940659294,1.1433834449894626
1.5,0.9705445521213203,0.8464702678948521,0.9072148053663249,1.0597182033262218,1.162122863966757,1.1419110865816444
1.52,0.9701463185850212,0.8465244580004243,0.9057807476956676,1.0608234281484679,1.1602079512036285,1.140247073378596
1.54,0.9714725809645877,0.8484584458543574,0.9045504104449189,1.062239924497602,1.1583673581270624,1.1383798181183322
1.56,0.9705824866492132,0.85039385434035,0.9054414089821301,1.0618334684586452,1.1565955947960562,1.1361290784812326
1.58,0.9714422241195693,0.8523187856052714,0.906554214034764,1.0615849380470497,1.1571234009639175,1.1336557994221053
1.6,0.9700724063689032,0.8542936484674906,0.9078283072858566,1.0615269707327215,1.1555075632688974,1.1330967949435484
1.62,0.9705038332205387,0.8562720130215666,0.907298771392655,1.0617945646388796,1.1539002505862186,1.1323140158835985
1.6400000000000001,0.970869136063303,0.8583106239144587,0.9089573624426399,1.0622218456769916,1.152270713154464,1.128913610673431
1.6600000000000001,0.970912158844284,0.8603876109306698,0.9088338370094529,1.0607709453973175,1.1530182578989034,1.1274351607125035
1.68,0.9708816091897927,0.8625358347287966,0.910937510633461,1.0594750417823544,1.151427354895568,1.1257426049368144
1.7,0.9705622127366753,0.8647572662423708,0.913208744407298,1.0606515366649347,1.1497825723636375,1.1259925222015983
1.72,0.9701556752162652,0.8650907823195788,0.9136666645273253,1.0598743849888406,1.1480527079654133,1.1235633657719153
1.74,0.9716527197128848,0.8675004695755457,0.916397809069109,1.059258672552101,1.1487213711960864,1.1209011830700257
1.76,0.9708977790029303,0.8680463290867002,0.9173059216411166,1.0587767391247374,1.1469036787202462,1.120224237983488
1.78,0.9720878853239845,0.8706895646746826,0.9183881477881681,1.058672590139782,1.144965938240543,1.1167695227201109
1.8,0.9710317600910432,0.8714632113174918,0.9197809419515286,1.058697187552541,1.1454260512237449,1.1152946001964588
1.82,0.9719368351572706,0.8743758147912293,0.9213562587745718,1.0588488991783525,1.145763707292379,1.113598628484663
1.84,0.9706284807816237,0.875413069800091,0.9210857464141102,1.0569028033903107,1.143459920313223,1.1139130729308184
1.86,0.9713097205805556,0.8766438400540317,0.9232003871280865,1.0575579120997167,1.1409669508286715,1.1114141680581788
1.8800000000000001,0.9717554348809869,0.8780038697995547,0.9234356159873642,1.0583027590417586,1.1408875100885174,1.1109210656263349
1.9000000000000001,0.9722439941570666,0.879581613003054,0.9238662633887507,1.0568719855850137,1.1406269470762291,1.110222221191911
1.92,0.9725039882016078,0.8812901223970373,0.9246656716317396,1.0555168281987672,1.13759794605342,1.1089654979909946
1.94,0.9728283808871474,0.8832200650616948,0.9256549186195357,1.0568132469514246,1.1369529654905302,1.1074918039506114
1.96,0.9730022640574294,0.8852833236385633,0.9267955525539548,1.0558348015716383,1.136114109950955,1.1080613084195763
1.98,0.9732467930669517,0.8854881536989554,0.9283350365565486,1.0548864679358934,1.132369983926445,1.1058019400457242
2.0,0.9733626831404276,0.8879741672237542,0.9300588155894491,1.0566584706408246,1.1310427748726717,1.1055834951470382
2.02,0.9735452415701498,0.8885966802344409,0.9298098962668142,1.0560486455931857,1.1294587423435658,1.102517268854236
2.04,0.973609060282735,0.8914910508966485,0.9321264206630389,1.0554495810564308,1.130316129003825,1.1015620070094652
2.06,0.9738147603342382,0.8925385208446786,0.932492380954586,1.0548641154608136,1.1281420542513234,1.1004871066129052
2.08,0.9739111539641052,0.8938785313835735,0.9330112015779175,1.0545370039653328,1.1256473230737738,1.098796599197313
2.1,0.9761701393724396,0.8953929549578676,0.9361464650630742,1.0542052384839042,1.12561327684181,1.0969863442496215
2.12,0.9763321944648,0.8950775426013466,0.9372505268561433,1.0538319975672374,1.1252569671607395,1.094585399428574
2.14,0.9764308814190259,0.8971046206886282,0.938497766625285,1.0509217308972492,1.1244795361601545,1.094330761142842
2.16,0.9767215056823582,0.8972857320823024,0.9401815117823027,1.0508010203488247,1.123393964456219,1.0939792126240089
2.18,0.9769711291258432,0.8998548134135316,0.9419656068566793,1.0505794377042612,1.1219875063120632,1.0930427822234712
2.2,0.9774282423870058,0.9005733603329138,0.9416747106033139,1.0502916623554563,1.120118181043708,1.092072067790821
2.22,0.9778883475844462,0.9037056124324967,0.9414885189621867,1.0501809740681542,1.1179162145011088,1.090517640136968
2.24,0.978556791919774,0.9049689242304462,0.9440369595448992,1.0499322302984364,1.118183080625662,1.0889480077441849
2.2600000000000002,0.9792397492236153,0.9064051269590911,0.9444184044529136,1.0495533044842782,1.115121832190372,1.0868589224459395
2.2800000000000002,0.9779417622817985,0.90825191373454,0.9449012459497368,1.0493403952438616,1.114533062441326,1.0869958184210178
2.3000000000000003,0.9789094673702436,0.9102616654025364,0.9458357857145199,1.0489201679893352,1.1136081119959484,1.0843576476444028
2.32,0.977911424419597,0.9126919962891429,0.946873517576365,1.0483459970252529,1.112115974649384,1.0840217696963714
2.34,0.9792189497046624,0.913237999002825,0.9479671496273987,1.0506309554932223,1.110285288860252,1.0809700099777095
2.36,0.9806128426000504,0.9139702073286364,0.9467583352859226,1.0499155223776784,1.110924957485267,1.0802339210009784
2.38,0.980027139003143,0.9151641928037004,0.9483854458354406,1.0489612375617892,1.1081077043537695,1.0790337341777194
2.4,0.9818020842075152,0.916519733954503,0.9500520610931158,1.050915672172552,1.1078007028392363,1.0779561231096193
2.42,0.9816120729003317,0.9159860306145635,0.9493195058729693,1.0497201737036779,1.1071500227811342,1.0764265015643308
2.44,0.983789354406646,0.9180172750683697,0.9514804116570073,1.048271113679431,1.1058346622743986,1.0750523849402926
2.46,0.9840267927233355,0.918135069024502,0.9512068473850626,1.0497179331607418,1.1042192542166882,1.073284703941275
2.48,0.9844049075200552,0.9208501286807422,0.9509004889033505,1.0479100371773944,1.1051520295333028,1.0739214402089887
2.5,0.9850730480981245,0.9216338091450336,0.953521555114115,1.045726727343017,1.1025594378584005,1.0719561992403226
2.52,0.9859408891570705,0.9225445180244449,0.9536345497032377,1.046481595142727,1.1025202202627273,1.0724479181605853
2.54,0.9871300310773092,0.9239956310982285,0.9536933501392824,1.0469036050516607,1.098962145257757,1.0703560206051073
2.56,0.9885198423669572,0.9255745621422662,0.9536622294425792,1.0471735782167553,1.0979851785326498,1.07072736423885
2.58,0.9880421963882227,0.9272740112138491,0.9540569779707253,1.0470879228461838,1.0967762507615706,1.070763932366312
2.6,0.9879113111129394,0.9295156607784172,0.9543505995433259,1.0466147621573318,1.0948528243090316,1.0710593258572336
2.62,0.9880194307841967,0.9318681459670488,0.9545377990003283,1.0459349303360537,1.0927829753941114,1.0710615122200124
2.64,0.9884697230645973,0.9321863870038056,0.9551464244646537,1.0448445603507786,1.0899891634750911,1.0685651003306753
2.66,0.9892072768603599,0.9351576888922075,0.9555747564365182,1.046682157564093,1.0898396514100517,1.0685915432949793
2.68,0.9880771553431229,0.9360806766633223,0.9558684531867243,1.044903635731938,1.0895604034878674,1.0683643923102148
2.7,0.989452418634861,0.9370616675050636,0.9565374103760931,1.0427201494534422,1.0886193691371255,1.0684650269745095
2.72,0.9889689774194683,0.9385752368402436,0.9569526837889333,1.0434469381173541,1.0875666410833886,1.068370808882404
2.74,0.9909894033182809,0.9401887970017864,0.9571521490730097,1.0404956321907277,1.0858244338661538,1.0659106226378534
2.7600000000000002,0.9911490164334706,0.9396725659569043,0.9603713174354516,1.040455143781917,1.0867837111679794,1.066038497474393
2.7800000000000002,0.9938137104417506,0.9392057482567546,0.9606279496088099,1.0399653563605267,1.0842738718864493,1.0638288316377307
2.8000000000000003,0.9946388618841757,0.9415294336927937,0.9605978380114708,1.0391204598544004,1.0844968339510106,1.0642053812388919
2.82,0.9935899468441836,0.9416724780787176,0.9636262090598118,1.0378039795064655,1.0813260821326636,1.0644296483885327
2.84,0.9950978345637451,0.9418009487804477,0.9635672606347585,1.039443449525756,1.080902258729263,1.0623617320253933
2.86,0.9947381320653061,0.9425212956788958,0.9631870273495755,1.0372565672015757,1.0798316261219445,1.0629255161177418
2.88,0.9969259148646272,0.943223108785026,0.9658620754962666,1.0380128929319596,1.0788277327933256,1.0612220564244659
2.9,0.9972426717090133,0.9439090666470822,0.9653482788569026,1.0383329339597624,1.0771893370173753,1.0621482068987458
2.92,0.997862150213384,0.9451520338735584,0.9644517711131586,1.0381829497238526,1.075662759127622,1.0608544247186384
2.94,0.9988851215846992,0.9463631738621876,0.9666398248893753,1.0376377875881913,1.0735690837588356,1.0595176844358862
2.96,0.9980304537713023,0.9474898527791424,0.9655009955656109,1.0365517705530174,1.0742722037331756,1.060844451597052
2.98,0.9974850140338676,0.9491343377120538,0.9674592738310146,1.0350795501820014,1.0717145731496722,1.0599777442267562
3.0,0.9973808452112749,0.9506769075144721,0.9689946135084551,1.0366509813197116,1.0720279063552451,1.0617193610811002
3.02,0.9975825991868206,0.949779295122946,0.9670593271877825,1.034247208779306,1.0691710237502854,1.0612776101655155
3.04,0.9982050123999926,0.9517678198753892,0.9682463899289413,1.034876724107639,1.0691917866553355,1.060858506838101
3.06,0.999079102542491,0.9535919173244407,0.968934352125034,1.035160663903839,1.0687486424916313,1.0609627261396066
3.08,0.9980502214013214,0.9529167476015479,0.966074559887157,1.0348945957453584,1.068531092479354,1.0611155018472131
3.1,0.9996668724672277,0.9551182839987069,0.9663008092292205,1.0342964807859234,1.0678669267294412,1.0617721322726408
3.12,0.9993179104711354,0.957126961294092,0.9660228202195511,1.0331334303577517,1.0674466142152,1.0625287850515424
3.14,0.9992300009270272,0.956514193788939,0.9688584856968846,1.0317306946354239,1.0665971998448152,1.0611447657039883
3.16,0.9996041386577987,0.9556489083689126,0.9680131424268267,1.0297674614325472,1.0686948789240538,1.0624932734908894
3.18,1.0002108694744152,0.9576812108838189,0.9702695723293547,1.0275372201824957,1.0677357284148843,1.061756644345762
3.2,0.9988240387146687,0.9569758774125505,0.968801155191422,1.0284624156865756,1.0664255125048663,1.063754678479632
3.22,1.0001516317311703,0.9591825225756248,0.9667278458372002,1.0287642487057935,1.0654499077391906,1.0636414376084002
3.24,1.0016699525115227,0.9611120695034003,0.9678041771326902,1.0288520509839632,1.0641574134930791,1.0614570380696184
3.2600000000000002,1.0011676776539886,0.960223715597599,0.965103622466745,1.02838722309565,1.0658702434435088,1.0620373835621177
3.2800000000000002,1.0033619060192143,0.9622343488774483,0.9654821648029897,1.027685829278118,1.0646524701968771,1.06054807270921
3.3000000000000003,1.0034656502843333,0.9639337620570547,0.9653240239588251,1.026447337403048,1.063186187038394,1.061827156560334
3.3200000000000003,1.0037398703272746,0.9626961215584791,0.9650099530063231,1.028326871760597,1.0621508579766687,1.0610202923873913
3.34,1.0044887358618872,0.964381449010002,0.9640800082619827,1.0264194565174378,1.0608987824976785,1.0604235154496888
3.36,1.0053487018861782,0.9656852368844637,0.9662596587921655,1.0276377184865733,1.0626332064823676,1.0603257982334284
3.38,1.0040767195082898,0.9639668116681648,0.9645323701029426,1.0251144923296984,1.061608076126762,1.0604655386354849
3.4,1.0055445768899443,0.9651543134053551,0.9659505920117696,1.0257383675397296,1.063565356746615,1.0610856901920478
3.42,1.0071094253841624,0.9658736838885815,0.966819347118265,1.022650907661093,1.0627833396905397,1.0596503452940405
3.44,1.0064585530888541,0.9635074755226949,0.9674420736547062,1.0227930286584166,1.0618415420051113,1.0610266679428348
3.46,1.0085281508942572,0.9640618253488187,0.9674969824132051,1.0224923395180827,1.0613909032922866,1.0603150577108007
3.48,1.008299963390625,0.9641355218140273,0.9672226966631139,1.0221842838652233,1.0608120710076876,1.0598829929396887
3.5,1.0081096004889538,0.9671422121187412,0.9664221044518096,1.0214469754716728,1.063307610802942,1.0599351153673533
3.52,1.0079480738542177,0.9668939118146778,0.9687870654560409,1.020726949102594,1.063100397842545,1.0579232459535621
3.54,1.0081964595597563,0.9660773258935276,0.9672199741151289,1.0196226527644834,1.0628342369678214,1.05872114083994
3.56,1.0084541117126289,0.96816770976924,0.9688014194310861,1.0217436652572864,1.0630837758722653,1.0574335850480319
3.58,1.006285633834442,0.9669282981136089,0.9664038586497377,1.0203059828937042,1.0633042983918672,1.0590157265858942
3.6,1.0068758426917936,0.9685825781018853,0.967227617291146,1.0220957732546596,1.0640325258364265,1.0584496025343455
3.62,1.0074235846172739,0.9696322233832044,0.9640739723251377,1.0204199942575696,1.0647876055340237,1.0583567166607244
3.64,1.005492084431566,0.9707449655201001,0.9641027562995792,1.0183728228914606,1.0629609602736902,1.0585508651939293
3.66,1.0063507729259733,0.9712237503870638,0.9673164683108044,1.0196206051014647,1.0642212669886093,1.059143494716614
3.68,1.0071046681193065,0.9711023230039593,0.9665797515836989,1.0174587621994853,1.062966801591306,1.0576275387601228
3.7,1.0052728165887492,0.9709641209575737,0.9690407083615975,1.0185894028910019,1.0647968738574636,1.058987781674734
3.72,1.0061996273773097,0.9702016447555821,0.9675662535512544,1.0163998477120484,1.0641078491038933,1.058171407346217
3.74,1.0069967513778835,0.9723614972458,0.9692367216867579,1.017496831859522,1.0635042175238532,1.0577167157501384
3.7600000000000002,1.005085141668733,0.9709612262768397,0.9670081002065485,1.0183461819878095,1.0634638348511434,1.0575807654764606
3.7800000000000002,1.0059703996666647,0.9724651545530011,0.9679843104407801,1.0159061656019155,1.0635259074601504,1.0577887817499052
3.8000000000000003,1.0066434589258595,0.9733332257281907,0.9686761092203908,1.0168031915495161,1.0641240438742843,1.0557464512191492
3.8200000000000003,1.0045576295497582,0.9740770299750967,0.9690042960174607,1.0144590263301403,1.0648356273286828,1.056610872202791
3.84,1.0052274477299754,0.9741851403229405,0.9690523417798063,1.0154922765337275,1.0630516994937116,1.0551934012426027
3.86,1.005676244345958,0.9741894692013259,0.9688168138629607,1.0163219860021253,1.0644487000105358,1.0540662106811958
3.88,1.0062421652982048,0.9735155933739874,0.9683079728817237,1.0174561523658991,1.0634093707896608,1.0558759560958064
3.9,1.0065574029596043,0.9757388086786106,0.9675548625092403,1.0184572702331667,1.0629150643042466,1.0553223055205967
3.92,1.0065802772067727,0.9742923682546717,0.9665537317466366,1.0163289639458704,1.0625995034816462,1.0550471304782443
3.94,1.006702496321335,0.9756824047259657,0.9687696342412004,1.0175496757877842,1.0628452181625376,1.0550269966254584
3.96,1.0065016069680066,0.9764485848071741,0.9672990955884062,1.0156817987496485,1.0632719337751229,1.0552813035629809
3.98,1.005988340288158,0.977038901039612,0.9691140953482793,1.0171568320700577,1.0612189113557742,1.0531217767430432
4.0,1.0054879087415696,0.977008866047222,0.96727581862988,1.0185975697935388,1.0623858189961815,1.0539020157949732
4.0200000000000005,1.0045950099581367,0.9767842068998488,0.9687209740044784,1.0169564936976738,1.0610717136298011,1.0548925927401527
4.04,1.0064557501496667,0.9759515267665954,0.9699964989463883,1.0187253585033904,1.060274868335945,1.0533606157993143
4.0600000000000005,1.005185546124661,0.9780164151054024,0.9711054051348462,1.0174956746711485,1.0597209917655501,1.054767960473077
4.08,1.0035054454811982,0.9763885099751883,0.9720737513780198,1.0196551625648311,1.0596636634140744,1.0536236328402628
4.1,1.0045519426743486,0.9776419481868348,0.9729445237945189,1.018832587788106,1.0598175005969104,1.0526555048245143
4.12,1.0023922957928355,0.9752247988406926,0.9736877556277186,1.0214399026088006,1.0604632046085243,1.0546062781146626
4.14,1.002889804572129,0.9756899130255419,0.9709517237333891,1.021078719856503,1.0586148012592291,1.053952658407284
4.16,1.0029673917314412,0.9758942997164357,0.971544158837236,1.0208189995898693,1.0599912936842868,1.053409116052305
4.18,1.0029196790009194,0.9755904221660445,0.9720147102272714,1.0209881416312676,1.0588481795598916,1.053017732253938
4.2,1.0023899743686226,0.9750757830579893,0.9724888762315036,1.0212889582130833,1.0609364633759508,1.052724961916458
4.22,1.004506825644221,0.9740402178832839,0.9728564701290354,1.0220066881613148,1.0604484037878317,1.0524880649360941
4.24,1.003311256452271,0.975929108484161,0.9732393613844001,1.0228672155525746,1.0604419945337966,1.052337034103985
4.26,1.0016340532446721,0.9742250205480283,0.9735968639846928,1.020877420052769,1.0606836790872123,1.0522160946049626
4.28,1.0026244418150712,0.9754292025012679,0.9739219778640718,1.0223338931283479,1.0613386986920563,1.0521155414643468
4.3,1.000266199679468,0.9763938915585824,0.9742765837408536,1.0209922969429557,1.0593922653507635,1.0520277946156629
4.32,1.0005693225974526,0.9769600951740298,0.9746306543146015,1.0230935816104179,1.0607361058989806,1.0519337844526735
4.34,1.0003977504530193,0.9773437225947996,0.9750232055533274,1.0223364599201896,1.059413689282633,1.0488964767681237
4.36,0.9999302194501334,0.9773643002481305,0.9754802765842414,1.0218528267402376,1.0614080919051831,1.0487534546697725
4.38,0.9989758274908901,0.9772089740941667,0.9759971202417295,1.0217754603378193,1.06068688556139,1.0485656055224304
4.4,0.9976988164920546,0.9799658516933742,0.9766109228437712,1.0219358117244566,1.0603179028954512,1.0483206388618038
4.42,0.9959564604950106,0.9792575713271572,0.9773655275528217,1.022540912783291,1.0601860116564605,1.047947589161204
4.44,0.9968724516719906,0.9814605858913472,0.9782140742392804,1.0233851766496374,1.0604018476792945,1.0474945077554798
4.46,0.9943248714201253,0.9803026424516312,0.9792160330966637,1.0246161509663758,1.0578720605386511,1.046911555370829
4.48,0.9944332714945392,0.9789863850537903,0.9771710000176648,1.0261036625884383,1.0586900977504312,1.0461662545408839
4.5,0.9971523588799062,0.9806356786326205,0.9785076409976674,1.024748899950731,1.0597867168021429,1.045291025546855
4.5200000000000005,0.9963742761921615,0.9789745368700993,0.9800238659387008,1.023849148368945,1.0580733501654258,1.044260311678019
4.54,0.9982210634716592,0.9802743184243363,0.9816615339914456,1.023260033791006,1.0596737453721081,1.0430172269503588
4.5600000000000005,0.9966270791867948,0.9783181708081208,0.9834769773969967,1.0230500027318392,1.058436503123625,1.0446259295036375
4.58,0.9976554491284072,0.9793184752969517,0.9822860604066825,1.023166292624917,1.057443033349882,1.042953320512039
4.6000000000000005,0.995264665653432,0.9802734739640266,0.9844584603119375,1.023637895578621,1.0566029693685328,1.044114535978725
4.62,0.995549483446545,0.9810423609836607,0.9836570091145593,1.024437269922081,1.0559981745434124,1.0450394067813136
4.64,0.9954361825614189,0.9817788507819514,0.9862614893629411,1.0255850092933958,1.0555830805002184,1.0426437739673284
4.66,0.9949448111887624,0.9793773995301751,0.9859053184561302,1.0238968384925915,1.0553122854787844,1.0430858069213818
4.68,0.9970949177555044,0.9799788769271314,0.9858578607100403,1.0257037634564004,1.055190954327263,1.0401147653467564
4.7,0.9958260840681681,0.9805662569816871,0.9860138708258281,1.0246506297431974,1.055155837278292,1.039992022287357
4.72,0.9972001290189458,0.9810648019215753,0.9865058162614497,1.0271645121160944,1.0552607362957698,1.039634659529937
4.74,0.9951955267329187,0.9815631227456363,0.9871893830987362,1.0268069142330765,1.0554776843361857,1.0388869181120415
4.76,0.995851945379006,0.9819843227862735,0.9881742507601716,1.026784944330771,1.0557471507504568,1.0378983570048947
4.78,0.9931544756760458,0.9825151761302906,0.9863145352642935,1.0271002120410229,1.056102057791807,1.0397442374029704
4.8,0.9931259460846344,0.9830994996894282,0.9878749465160195,1.0277284265994826,1.053237872975476,1.0380146079111476
4.82,0.9927481122899497,0.9836620078425331,0.9865972134615699,1.0287092657686925,1.05373903909729,1.0390434913687443
4.84,0.9920971110693109,0.9843062165100003,0.9887360352273689,1.0299303154587118,1.0543053173708241,1.0398400384002549
4.86,0.9911039583443311,0.982068728947846,0.9880444613394319,1.0281906996128614,1.05154755816244,1.0400896924788559
4.88,0.9927978854962958,0.9828787594287354,0.9907550877895481,1.0300503463205999,1.0521064209344333,1.0400401139811462
4.9,0.9912379395815789,0.9808459716919913,0.9906227389271707,1.0289152865436684,1.0492937106934175,1.0394854072165147
4.92,0.9923656209902161,0.981848152349452,0.9909182065037188,1.03140699481094,1.0497533799347076,1.038637246123673
4.94,0.9903286839858931,0.9830587233831118,0.9913948661590655,1.0308666460017566,1.0502123952623386,1.0405598632652748
4.96,0.9909787463329187,0.9814475540883021,0.9923298955894007,1.0305111834094314,1.0472153253490921,1.0388951681990033
4.98,0.9913378645763415,0.9829037390794562,0.9934278684446678,1.0304979121960267,1.0475238055720437,1.0399812498501326
5.0,0.9915736154965828,0.9816184455953212,0.9949836103004697,1.030645992994419,1.0477991957256663,1.0374347259597148
5.0200000000000005,0.991531124795201,0.9833880755193523,0.9966945363665802,1.027674836194043,1.0478966816495277,1.0377117221834893
5.04,0.9913850130090185,0.9824332333993815,0.9988795478315855,1.0283620764456511,1.0478742138588943,1.03775327771986
5.0600000000000005,0.9910272035204175,0.9817699524647154,0.9982352327990185,1.0291547748510528,1.044244418739554,1.0371431606245465
5.08,0.9933515240296296,0.9841504932204996,0.9977635461860395,1.0302851702161488,1.0439378391104217,1.036355035406177
5.1000000000000005,0.992671479822754,0.98388236175313,0.9978214334968527,1.0314790678421488,1.0434795067280387,1.0349167375412989
5.12,0.9917505499935424,0.9839099137146619,0.9980417186310193,1.029456638997889,1.04277046263398,1.036271974536284
5.14,0.9935540015819666,0.9840027453760309,0.9987464457642288,1.0310816361419324,1.0418811358011713,1.0340385891531643
5.16,0.9924710435602204,0.9844630861183794,0.9995880056475226,1.0294018939702019,1.0442768933074777,1.0345608710660892
5.18,0.9941057813983742,0.9849833212622654,1.0009848523047182,1.0277813210623998,1.042909824251194,1.0315279627158622
5.2,0.9928853837119815,0.985881723211564,1.0024638211068506,1.0298053685773487,1.044807932649519,1.031311593242735
5.22,0.9943763038009195,0.9842019929624057,1.0011028495787997,1.028460776145545,1.0428606430563592,1.0310479044555023
5.24,0.9957213173023698,0.9856251364448418,1.0032374752414839,1.0307663797145326,1.040686761337711,1.0301389283486404
5.26,0.9942512143613107,0.9844741326469593,1.002474427380255,1.0296644135560893,1.0418083614146776,1.0320092438209902
5.28,0.995548326306869,0.9864075687913312,1.0052283636710957,1.0285174961218013,1.039043685138395,1.030399383729629
5.3,0.9941193318255452,0.9857731638551703,1.0050727052605666,1.0310104943082061,1.0395098689549547,1.0315696323959131
5.32,0.995447258559679,0.9855808445794678,1.0049783654112083,1.0299572044118914,1.036076885117987,1.029287944535822
5.34,0.9967157004926279,0.9855474955510637,1.0054538571125935,1.032545820295109,1.0358710559332658,1.0298440434012899
5.36,0.9952396781797028,0.985962586971314,1.0059822791498867,1.0315433417712665,1.0354567142967905,1.0297938886626818
5.38,0.9965609498203816,0.9864677036023002,1.0070965565951315,1.0304253644205446,1.0345324447481086,1.0297434988490661
5.4,0.9952727909336074,0.9874336604070542,1.0082539834012145,1.0329770371425049,1.0333996745160592,1.0291033057167025
5.42,0.9967683195678192,0.9858727268556806,1.0063918293915766,1.0318257796325643,1.0355035431893487,1.0284875647845992
5.44,0.9982864177344801,0.9874767094472223,1.008143661221248,1.0305253344281073,1.0336294294998898,1.0273133346776762
5.46,0.9971746712372234,0.9865496619823255,1.0068543794086402,1.0292706227352495,1.0349688522266438,1.0289998697226763
5.48,0.9988805717422613,0.9887312606075125,1.009138448672469,1.0278556852840692,1.0322610774244136,1.0273433931747378
5.5,0.998036813315403,0.9884300260063377,1.0083579959740563,1.0301059429853803,1.0327796629545731,1.0285460347604118
5.5200000000000005,0.9999974956115905,0.9912423034035358,1.0075329289121377,1.0285195334155723,1.02925993153432,1.0264993212775833
5.54,0.9994275219792708,0.991526596317303,1.0072999224224954,1.0305904283510285,1.028972813833763,1.0273074959692248
5.5600000000000005,0.9990077552215189,0.9923323215977553,1.0070105454680647,1.0287124112725285,1.028539147802955,1.0275899641598596
5.58,1.0013806734498285,0.9932100689479291,1.01031807202114,1.026606028992532,1.0274182886798133,1.0246762772257616
5.6000000000000005,1.0012994728918199,0.9915827634885912,1.0104756416321177,1.0281937758097808,1.0295530723980988,1.0246353895664502
5.62,1.0013726858018193,0.9931180914330184,1.0104840087648794,1.0257833257252829,1.0276807934133476,1.0241639662097557
5.64,1.001636357575849,0.9921300543509313,1.0110282346455834,1.02700620355433,1.0290050975466987,1.0239010728975706
5.66,1.002078935801507,0.994253239698029,1.0114120437994085,1.0279772019683655,1.0263460165266989,1.0232227194184733
5.68,1.0027508701759937,0.9938484838421697,1.0084957549857974,1.0287732399379523,1.0269023513112066,1.0227655590485836
5.7,1.0036113684507866,0.9966186085833328,1.0092358982381198,1.0292908362134465,1.027417102268046,1.0219087253308698
5.72,1.0020833881249636,0.9968344285636439,1.009772728975352,1.0256698118311227,1.0272491789677505,1.0239688166310383
5.74,1.0034010936910231,0.9970943768520737,1.0108354868857647,1.025698540286998,1.0269872751200908,1.0229837855961765
5.76,1.0023538085362187,0.9979170144549938,1.011645832501455,1.0254869610686892,1.0260527747222425,1.0216795844980635
5.78,1.001540858014565,0.9987769452581015,1.009043203979493,1.025028782490414,1.0283585906486479,1.0232675589225986
5.8,1.000977190209361,1.0002001023589067,1.010090281526697,1.0242447011820484,1.0267013063924546,1.0219319435984455
5.82,1.0006708435551444,0.999007809340605,1.0076343695963557,1.0231980922850592,1.028298576721195,1.0235323312567162
5.84,1.0032324345014745,1.0010540056132466,1.008833705701738,1.0218243773074929,1.0259691026980635,1.022237736128146
5.86,1.0034387708090984,1.0004848653408311,1.0097105021978479,1.0241076708642036,1.0268946169305648,1.0238800672827328
5.88,1.003959093924656,0.9999057808578806,1.0070029085943268,1.0221063543499525,1.0239448803155689,1.0252066974587026
5.9,1.0047603590106169,1.0025360308771214,1.007938499188123,1.023739382267581,1.024311953310419,1.0237214664819425
5.92,1.0032415571799986,1.0025082035673103,1.0085260545336334,1.0210007812249868,1.023988223246898,1.0251668861544188
5.94,1.0046124182965155,1.002388283503909,1.0094863005647055,1.0219120972161497,1.0237785679385645,1.023828904500006
5.96,1.0037095381752237,1.0028959544834777,1.0100672686324375,1.0225327893407126,1.0229507444189543,1.0254107988303662
5.98,1.005634976423941,1.0033033912112987,1.0069195437821943,1.0226919033172468,1.022278001282117,1.0242778206107594
6.0,1.005288624294299,1.0043496391126636,1.007444946157702,1.0225515627652437,1.0209975454610134,1.0229730696507722
6.0200000000000005,1.0052566368375149,1.0052654293431118,1.007538575833295,1.0219889769458104,1.0229733065936224,1.0246147929109015
6.04,1.0054872954962755,1.003430550936434,1.0078906918697905,1.0211542428319857,1.0212142101768027,1.0235515016778058
6.0600000000000005,1.0061016462426045,1.0048326048412308,1.0077823925931684,1.019890911734442,1.0227830284008739,1.025423827306955
6.08,1.0069080782364028,1.0034615377381648,1.0079090752524102,1.018306958651585,1.0206530573697692,1.024656571051164
6.1000000000000005,1.0081102679972789,1.005301915023706,1.00756294959396,1.0203650596138574,1.0218458872522889,1.0237911744487556
6.12,1.0095434174760478,1.0070055629349044,1.0067557506754419,1.0180656301279385,1.0224809830701775,1.0233695569913088
6.140000000000001,1.0086635100780015,1.005840200470912,1.006168501375181,1.0193410782399934,1.0233490941441992,1.0229208930874472
6.16,1.0082057474089359,1.0078941336723135,1.005091807962251,1.016281582139023,1.023674903855725,1.0253927641197769
6.18,1.0079420639174108,1.0070409314686684,1.0042094532770722,1.0168603728798467,1.0204521226812486,1.02530743692926
6.2,1.0080784429818337,1.0093791869687445,1.0027614834247238,1.0169105006766,1.0205600404758361,1.025189950354334
6.22,1.0084485965947625,1.0087828724840993,1.004971610663703,1.0167338137718742,1.0202068600985368,1.0255384359978246
6.24,1.0092152322967447,1.007905514107585,1.003114825651848,1.0160417999652156,1.020147859413901,1.0258809183825988
6.26,1.0101639975857895,1.0103171309353112,1.0048322576897064,1.0151620517550624,1.019643589653319,1.0266762554071258
6.28,1.008779341469614,1.0096902540548118,1.0059991211178112,1.0137611714020176,1.0194923777303706,1.0274769598116285
6.3,1.0103298536771543,1.0088178516373745,1.0071824792624844,1.0122150643800085,1.018910368192298,1.0257847562578322
6.32,1.0095382856338553,1.0084484101282056,1.0078492919657336,1.0142754363074413,1.0216131345147326,1.027072739059573
6.34,1.011662473583832,1.0077151390300623,1.004371902396018,1.0121125327773224,1.0209427509123485,1.0258908601020713
6.36,1.0114379796249917,1.0102570101480568,1.0044975535124743,1.0135478980925465,1.019927381202077,1.0277276413853604
6.38,1.0113664077517992,1.0096042080542018,1.0040729120350158,1.0144053123850525,1.0192991114401915,1.027081922981243
6.4,1.0117457680505657,1.0086195793268162,1.0036216249656047,1.0151960225694734,1.0183587805273695,1.0265034052278672
6.42,1.0122249992851957,1.00804960530074,1.0026145163270206,1.015411473302391,1.020739841207095,1.026417585804627
6.44,1.013133211481799,1.0070766051359668,1.0015538684550758,1.0155870271207745,1.019883962179982,1.0264238764801075
6.46,1.014134885212079,1.009345606790542,0.9999408174016722,1.0152728986845776,1.0223367904456828,1.026912594557038
6.48,1.0127357294869004,1.0083408345446365,1.0019220753434552,1.0149411531843526,1.0215809877403088,1.027503503237594
6.5,1.0142932160501354,1.0068482090468995,0.9996689101371264,1.014145128407955,1.0205405799960254,1.0285065423796742
6.5200000000000005,1.0133872041212681,1.0086294766959902,1.0009879061375977,1.0169975848230564,1.0199962083022336,1.029652271697854
6.54,1.0125592453166163,1.0070154050089855,0.9980733459539118,1.0157443962954102,1.019198115507086,1.028356300126172
6.5600000000000005,1.012158636432301,1.0086083056916442,0.9987452529504517,1.0181327311013442,1.0217386620065478,1.0300348230151641
6.58,1.0117661462666954,1.006769103244709,0.9951799827222398,1.0164526079342564,1.0211897366736218,1.029333417420439
6.6000000000000005,1.0143672193590954,1.0081414629255203,0.9951967902707443,1.0184229932626827,1.0239672033486533,1.029050496054991
6.62,1.0143853441966124,1.008999448160112,0.9946973713020908,1.0164254395934407,1.0236751708709,1.0289812345684082
6.640000000000001,1.014459927840294,1.0063902103713955,0.9940371281309263,1.0140543621941993,1.023193690814256,1.029321059718424
6.66,1.0149033550878102,1.0070013470047563,0.9968922560648671,1.0153248144659108,1.0231843315113238,1.0298524255737953
6.68,1.01527727394347,1.0070894319212043,0.9954706714514362,1.0126948962891653,1.0230162972917682,1.030830320947123
6.7,1.0130424454940385,1.0074227120169548,0.9976540235776447,1.013698369696636,1.0233154918174518,1.031962694105653
6.72,1.0137413060924958,1.0071471720443697,0.9955693419996491,1.0109036758215089,1.0235159870842305,1.0306957397853482
6.74,1.0144213644803886,1.0070929656919398,0.9970213808890944,1.0117309510875123,1.0235648624513045,1.0298350547164938
6.76,1.0154004682062236,1.0064344259525058,0.9942826288307969,1.0122303968377002,1.0241385753734873,1.0291646038075006
6.78,1.016338402848043,1.008949304306662,0.9950774534509621,1.0128568894249916,1.0246262988799475,1.0288923520516464
6.8,1.014533251772785,1.0078502679167622,0.9954863098455846,1.0131698884703062,1.0255754247265707,1.0288198899495953
6.82,1.0156464129445624,1.0061521613462883,0.9956972191382147,1.0136959440292088,1.0264513619038285,1.0291234745816924
6.84,1.0166486408145978,1.0076315529232824,0.9955212930984134,1.0139217617107077,1.0278306837865858,1.0269758808332412
6.86,1.0148114692895494,1.0054320675287585,0.9951594800799315,1.0105319298484412,1.029149056208022,1.0278896115191172
6.88,1.0159470315521606,1.0063922565988161,0.9982676750524526,1.010803143037661,1.0275624510767,1.0263250736029965
6.9,1.014211914177352,1.003704669528484,0.9972214152398171,1.01087598404738,1.0293398303277859,1.027816611504596
6.92,1.0154058880983978,1.0041928386862913,0.9997034119486032,1.0111653502890805,1.0282384581623938,1.0267688466251963
6.94,1.0164109063779403,1.0040751470522535,0.9980772660798738,1.0112696826953966,1.0304917543798116,1.0260782832183901
6.96,1.0145010516800825,1.0040001616849041,0.999992221965609,1.0116471928022817,1.0298730792190267,1.025578496351688
6.98,1.0155364996421543,1.0033057441498952,0.997889048948301,1.0118521817365078,1.0325948644680198,1.0253646469814202
7.0,1.0136241692246015,1.002627179475241,0.9993218628938114,1.0123305747362021,1.032498363692509,1.025347401330012
7.0200000000000005,1.0146083143453364,1.0013347392534866,0.9967671114573176,1.0126496520315573,1.0324225088910395,1.0256102782332697
7.04,1.015377289976965,1.0032050268045403,0.9977443017981527,1.0127860840092273,1.0328914242606202,1.0261549226763558
7.0600000000000005,1.0130972371231408,1.001347970526356,0.9985565431206855,1.0132261856268747,1.0305276515577293,1.0268815759557475
7.08,1.0137405606877996,1.0026333945811767,0.9991263575960196,1.0135772414583446,1.031533743517345,1.027805303727769
7.1000000000000005,1.0141028984416058,1.0001451598571056,0.9994770221366285,1.0142663488495294,1.0297555322198715,1.0261158652853224
7.12,1.0145751271006729,1.0008110149285985,0.9996099722604759,1.0148780866785385,1.0313489966193892,1.0274479115850559
7.140000000000001,1.014741628901593,0.9977002306047241,0.9995923814002559,1.0121169804108736,1.0301421475066883,1.0261469844559432
7.16,1.0149984358318882,0.997738527662662,1.0030808484660427,1.0129864057684568,1.0322910755615462,1.0278822899276303
7.18,1.014882256233106,0.9972144894299952,1.0027147713677886,1.010521800016054,1.031584817153584,1.0269127998301908
7.2,1.0144816823914518,0.9966206367223599,1.002204548712494,1.0117292897080872,1.0342918022178642,1.0261379294333004
7.22,1.014128594036718,0.9991924016930159,1.001576830106464,1.0095997640276164,1.0341395914804954,1.028381643654181
7.24,1.0134115183552366,0.9979617423987881,1.0008949614264713,1.0111316254727658,1.0311876962043893,1.0278628361943953
7.26,1.0127545311977286,0.9998342080974346,1.000108098744842,1.0126208594363795,1.0316525749930285,1.0303447924230564
7.28,1.011724775816548,0.9979747756989807,0.999277294372404,1.0107900983879996,1.0292721912164815,1.0300407343813127
7.3,1.0135831412344556,0.9992164837484829,1.0019940882591118,1.0126573545731468,1.0302976686246321,1.0298419512649737
7.32,1.0121357019960042,0.9967564550726946,1.0009864112271107,1.0112365547089714,1.0284702106594272,1.0297728978613483
7.34,1.0135601605599376,0.9974705785966218,1.0035183172859683,1.013503349297515,1.0299903241262687,1.0297986363058689
7.36,1.0145907301362234,0.9977254271136176,1.0023602857620721,1.0125464320034738,1.0286495195275318,1.026900693589658
7.38,1.01230621241709,0.9979095817347581,1.0048056958148703,1.0152668632090593,1.0307214224756978,1.0270615300450512
7.4,1.0128828691220986,0.9976342986212723,1.0035938927511605,1.0147716865033334,1.0299067140929914,1.0272658993737274
7.42,1.0100689360981039,0.9972878374426049,1.0024339629932735,1.0178910402330295,1.0295047351729387,1.02750607436906
7.44,1.010129789757219,1.000041485935907,1.001290542392721,1.017786710854459,1.0292519725656346,1.027765363998923
7.46,1.0098227873290662,0.9991761892611319,1.0002259522106836,1.0177407295183856,1.0294017478351911,1.0250085060729575
7.48,1.0093442995537065,1.001421912996882,1.0027192999262486,1.0180640416742786,1.0296352525454804,1.0252818786283067
7.5,1.0084866252394473,1.0000748884158255,1.0017002820231102,1.0185303137048205,1.0302482959067092,1.0255760685091184
7.5200000000000005,1.0074379032517438,1.0018535963793282,1.0042287047254095,1.0193547175932856,1.0278839078830497,1.0258186429789289
7.54,1.006030266954288,1.000065258883295,1.0032722074574694,1.0203335930121118,1.02894204802692,1.0260573203158163
7.5600000000000005,1.0074927983066624,1.0014543626080608,1.002390500373091,1.0216428601832157,1.0270048370948581,1.0231488130001551
7.58,1.0055019365943476,1.0027802716020346,1.001613387880682,1.0231022046750944,1.0285064919323421,1.0232879682502043
7.6000000000000005,1.0063643663874284,1.0037527137717606,1.0009951037527491,1.024882807496256,1.030308318567024,1.0233748965557234
7.62,1.0038427869542006,1.0046676723532189,1.000476353010888,1.023496406055345,1.029077275317853,1.0233277744008076
7.640000000000001,1.0041311371520212,1.0020806845873476,1.0001254729741405,1.0223146722968441,1.0312844377055557,1.0232062382595721
7.66,1.004204012071106,1.0026492037043637,1.0033208226669887,1.0214200826099091,1.0304205597054485,1.0229304294392314
7.68,1.0038642408702683,0.9997652726695252,1.0032059651836787,1.0207582417033043,1.0329565360557433,1.022589204209294
7.7,1.0063571127067115,1.0000493919025737,1.0032472501079788,1.0204285336063732,1.0323993528955002,1.022199197041009
7.72,1.0054225611046037,1.0003622548470847,1.0033646677528325,1.0203246478779446,1.0320725075385084,1.021627540098165
7.74,1.0072629144051202,1.0004490243801698,1.0036668607158497,1.0205415153915869,1.0317805362214774,1.0209846447063757
7.76,1.0057013476883832,1.0005727812981962,1.0040433451825788,1.020979133719628,1.0317121441859651,1.020139211095886
7.78,1.0069149209439319,1.000481765718514,1.0046155462245343,1.0217259097724796,1.031675471915384,1.0192152673911208
7.8,1.004736283417544,1.0004365817022216,1.0052602444446577,1.0226473538874608,1.0318545983924992,1.021306980698717
7.82,1.0053908754488914,1.0001884907997,1.0061677186637792,1.02386999254783,1.0321873529831755,1.0199960121866782
7.84,1.0026805022475003,0.9999955755019436,1.0038273261455668,1.0219120109785873,1.03255711571871,1.0217023143476274
7.86,1.002803483823489,1.0029787953175333,1.0051173432864302,1.023624066589731,1.0330563738907443,1.0199800757673791
7.88,1.002660314849233,1.0026519970191803,1.003223834382704,1.022144775868293,1.0335858632434238,1.0181372958685921
7.9,1.0022579625764159,1.0024478361009153,1.0049518495705358,1.0243496592271057,1.0342362908731841,1.019319821725422
7.92,1.004652699680534,1.0020633286614644,1.0034870665234918,1.0233513259290064,1.031541389886562,1.0170651077202213
7.94,1.0037451156987092,1.0018267540493624,1.0055857748039414,1.0260505623136433,1.032291958311042,1.0177768964055274
7.96,1.0056331455563539,1.0014705785667677,1.0044992814031537,1.025516892555129,1.0331686831508904,1.01503432612806
7.98,1.0042383903819465,1.0012707311161306,1.0069745466616102,1.0251916964744963,1.0339746514522092,1.015275556013222
8.0,1.0056391326005476,1.000956143481253,1.006271520393665,1.0251075212062517,1.0348811141877468,1.0154438526298828
8.02,1.0037773286884104,1.0008069744542238,1.0059183400962146,1.0252234785805427,1.0323063870409372,1.015231556354153
8.040000000000001,1.0047841843962546,1.000849614516269,1.0056793028351816,1.0255710755634988,1.0332051774567788,1.0148759090883743
8.06,1.0054967342280845,1.0007986224426744,1.0058019481102152,1.0260933791203657,1.0305918514160552,1.0141235605545313
8.08,1.0060409046429406,1.0009634681945592,1.0059770006967161,1.026854002884419,1.0314606009771357,1.0132491878521603
8.1,1.0063541133675655,1.0010874617730443,1.0065245730974124,1.0277242263891457,1.032370745968218,1.011964865620439
8.120000000000001,1.0065160389243335,1.0014352143345264,1.0071739538353048,1.0252521764663385,1.0331014020848048,1.0105851334361966
8.14,1.0064547226793719,1.0017398446320342,1.008206234483135,1.0265104369125693,1.0338488669377321,1.0121700637737407
8.16,1.0062596825875156,1.002276896836745,1.009312377443714,1.0244053228984153,1.0310108003938625,1.0103115871921267
8.18,1.0058665963250357,0.9998370901765536,1.010812615098497,1.0260458307954625,1.031557022732648,1.0113979213417847
8.2,1.0083436121463933,1.0006087757604312,1.009152411294783,1.0242836978338472,1.028489876599342,1.0089856563503534
8.22,1.0076450616969834,1.0016443177198715,1.011092977425852,1.026265607526895,1.0288117625198279,1.0095326622911562
8.24,1.0067972933702167,1.0026693575323664,1.0098865777073054,1.024761350682101,1.0291646132443164,1.0096003918454814
8.26,1.0058698330038798,1.003951825161963,1.012346699593146,1.0233444101053149,1.0292742914662876,1.0095787963613922
8.28,1.0048174103545942,1.0052194968247106,1.011653607746494,1.025651145189645,1.0294052952058763,1.0090705199384224
8.3,1.0036999802734978,1.006754207614096,1.0110344639303763,1.0244298392988025,1.0292924633358025,1.0085458598386947
8.32,1.0024664391752687,1.0053481889423033,1.0108283165961351,1.0269292713132039,1.0291350373188868,1.0109524977678819
8.34,1.0041593233662742,1.0071661741292899,1.010671597087737,1.0258762423233847,1.029016833514877,1.0098482583735906
8.36,1.0028348758115837,1.0060684211136732,1.0109370582009332,1.0248322056295232,1.0285680126064158,1.0117502675499237
8.38,1.0044304600546727,1.0081907870606708,1.0112426253028524,1.0239631389341843,1.0280802550834462,1.0101537558597378
8.4,1.0030313674932558,1.007406683207524,1.0119605885763612,1.0230938177136162,1.0272420848368564,1.0115629650300857
8.42,1.0045471088393727,1.0069973008133353,1.0126581449024084,1.0223940891986913,1.026366434724607,1.0095464622376424
8.44,1.0059863361783248,1.0066193758342283,1.0137625645647894,1.0216831007549727,1.025060479418488,1.0104788321087057
8.46,1.0045034339272534,1.0066379599727817,1.0148406139291062,1.0248002491061508,1.02372282640109,1.010954907888346
8.48,1.0059275165901225,1.006664495344574,1.012668931689479,1.024200312879472,1.025820634612997,1.0113907708007261
8.5,1.0044668600604298,1.0070953692756386,1.0141759011257552,1.0234962479919592,1.0240744244981497,1.0113922835416522
8.52,1.0059053905411086,1.0075078080967494,1.0124786683211484,1.0228953987318326,1.0257446462860305,1.0113720557419525
8.540000000000001,1.0044810235185593,1.0082831224019349,1.014451982850555,1.0221847115975669,1.0235547397886653,1.010921049958804
8.56,1.005998253593822,1.009036295039857,1.0131505066175572,1.0215653795888127,1.0247828361284634,1.010524347859427
8.58,1.004670084763799,1.010215142136186,1.0155340219722886,1.0208290812897713,1.0221434185691984,1.0097014683814456
8.6,1.0033988517682508,1.0085704448942328,1.0146246245480395,1.0238589627030938,1.0229220744514136,1.0118255162066994
8.620000000000001,1.0050091429704948,1.010175236706206,1.0136478682409304,1.0230491198189373,1.0198437017397137,1.0106594728138578
8.64,1.003856064282958,1.0089708561840762,1.0130958218519357,1.0259937136700472,1.0201381839231018,1.0124520289930563
8.66,1.0055785062358749,1.010996991483926,1.01241488687576,1.0250712970698572,1.0204460086073532,1.0109770827401392
8.68,1.0045551402765405,1.010216522262024,1.0121608796683104,1.0240350911379492,1.0202863662316792,1.012477692902337
8.700000000000001,1.0064514438187864,1.0126697744378537,1.0117711703560612,1.0229636103316713,1.0201288854844435,1.010733304945827
8.72,1.0056159615920675,1.012313423332679,1.015054315852268,1.0217734725007546,1.0194934093081145,1.0119632368408822
8.74,1.004868741473084,1.0119307833326894,1.0149009874358699,1.024373803363373,1.0188689948814154,1.0127963811535408
8.76,1.0042643573714813,1.0120302891158288,1.014592158250104,1.0229963177882544,1.017776314226636,1.013783663486702
8.78,1.003753947606926,1.0120464368197677,1.0146998196334973,1.025395717911434,1.0166629545875536,1.0143829619938358
8.8,1.0034321810531943,1.0125342803372694,1.0145900473313798,1.0237903300613418,1.0150732473193786,1.0151470719334716
8.82,1.0032111421046945,1.012985324564041,1.0148965127629221,1.0259674979879367,1.0135421509169094,1.0155331063742947
8.84,1.0031734304851234,1.0139162271898359,1.0149778722815403,1.0240479973582604,1.0154408464014364,1.0127620883878614
8.86,1.003243961484225,1.012031396113926,1.0154740271314786,1.022003387906972,1.0167965572945799,1.0130163737190703
8.88,1.0062460781687546,1.0133852846336033,1.0157221228622886,1.0237128322264248,1.0181720845767603,1.010153454170983
8.9,1.0066002681899864,1.0119282273863286,1.012454848221318,1.021378799878585,1.0190202018009817,1.010382595701897
8.92,1.007117783608225,1.0137187152152212,1.0128840894066773,1.0227842147506543,1.0199084094496649,1.0102801637413448
8.94,1.0077940437318746,1.0126550770150633,1.0131237017058252,1.0200600663394364,1.0202669301204044,1.0104488828273852
8.96,1.0086555388365324,1.0114951206826133,1.0136931165703018,1.021161195285226,1.0206953886904135,1.0102961188495807
8.98,1.0096689512207213,1.01086774287453,1.0139823151242533,1.0181142453473506,1.0206588487133685,1.0104214078324718
9.0,1.0108071969876478,1.0101341967617241,1.014596007591428,1.0188289378397333,1.0207043459571434,1.0102866532331398
9.02,1.012094826065879,1.0098878576033101,1.0149218850125754,1.0153824910280496,1.0202860918935293,1.010433268639904
9.040000000000001,1.013566628972868,1.0095266521154906,1.0155648661022756,1.0156993299515826,1.019962280397087,1.0103850013681877
9.06,1.0124547187732111,1.009657647590938,1.015910990359214,1.01584243643705,1.0191209510827326,1.0100999520395866
9.08,1.0142972462358646,1.0096518397021566,1.012566270506973,1.0157225135299441,1.0216576123384804,1.0100841631254087
9.1,1.0135559085529806,1.0129332635141175,1.0129639760704308,1.015479611749534,1.020446514818851,1.0098575433993404
9.120000000000001,1.0129771642724243,1.0132325676115101,1.01302745518975,1.0149751864926737,1.0226757339694148,1.009904482438496
9.14,1.012647051716376,1.013380654517789,1.013381602941804,1.014307133669777,1.0211752052359702,1.0097363384489229
9.16,1.0124716827223952,1.0139602632699178,1.0133775079236642,1.013364441429939,1.0231109940943302,1.009900550745011
9.18,1.0125327568435134,1.01438213926306,1.0136529165844559,1.0122684889830966,1.0212820559427445,1.0099093409088233
9.200000000000001,1.0127414781780413,1.0152381732700615,1.0135624299483448,1.01095362200532,1.0228875118338714,1.0102465656677828
9.22,1.0131937479871769,1.0159290494016595,1.0136709481976869,1.009493040519568,1.0208176018631547,1.010436804283311
9.24,1.0137868487957014,1.0170561392075772,1.0134090490327958,1.011792309620528,1.0221762444006546,1.0077786244992661
9.26,1.0146302883286156,1.017959979656415,1.0127795500484273,1.0098685615781577,1.0230778083889758,1.0081962532775575
9.28,1.0128958319554568,1.0157999742772095,1.0123577875614505,1.0117015456292262,1.0241718141311298,1.0085390946981612
9.3,1.0141457960154292,1.016920692880979,1.01154693468997,1.0093311627325023,1.0248175417509728,1.0092076844139282
9.32,1.0128087921357674,1.0149575537956501,1.0109296196048927,1.010718366665194,1.02568209677392,1.0098092749792698
9.34,1.0144610524714874,1.0162869640705026,1.009919200932778,1.007973598498968,1.0261072665000113,1.0107304179228356
9.36,1.0135206990717807,1.0173668911596314,1.0090202757449447,1.0089844650727429,1.0229394475781985,1.0115923060901912
9.38,1.0127187560623296,1.0188709174337252,1.007743095513085,1.0096938411500906,1.023209553136259,1.012748837264596
9.4,1.0122121201427552,1.0201019141306933,1.0101924760000722,1.010270148475855,1.0199955054275995,1.0138399737560273
9.42,1.011785195055464,1.0181249962545413,1.0086848576479754,1.010492900421127,1.020211790567891,1.012166572021456
9.44,1.0116585909543128,1.0194821163752508,1.010888048347153,1.0105995872842009,1.0200711091365529,1.0135256500966339
9.46,1.011571922685877,1.0176110194786432,1.0091153740715613,1.0103494165977815,1.0202471319862432,1.0121419394295579
9.48,1.0117902989545415,1.019082427415916,1.011056313183425,1.010083565150924,1.0200749194433087,1.0137878965631453
9.5,1.012042142713316,1.0173042270957495,1.0089364927567264,1.0094593431284815,1.0202230484808816,1.012696626133665
9.52,1.012603393240238,1.0188246137942416,1.0105330951857066,1.0088332016655246,1.020032226591256,1.0146321956622382
9.540000000000001,1.0132430827272527,1.0199890210198381,1.0116845642120302,1.0078479728416472,1.020165735580771,1.0138358522124342
9.56,1.0112280567392409,1.0179455704427962,1.0129137951802885,1.0068933601517218,1.0199694915549102,1.016115378505833
9.58,1.0121856347203115,1.0191961500012807,1.0137420258163576,1.0056490310437358,1.0201018955626884,1.0156508218608788
9.6,1.0104599660793463,1.0171575436003586,1.0145659855235218,1.0044464114502298,1.0199143115294236,1.0182597240347224
9.620000000000001,1.0117145390979214,1.0184193047975132,1.0149946459669457,1.00295556029183,1.0200603168993578,1.0181260958349836
9.64,1.010274790418194,1.0163709821002564,1.0154070834552904,1.0015162504461597,1.0198958205353366,1.0180116929708554
9.66,1.0118220908002051,1.0176278425581033,1.0154319508983782,0.999790716636775,1.0194127580048713,1.0181909230170993
9.68,1.01064806386686,1.0185155624564501,1.015429395100262,1.0018360757957774,1.0193312938760188,1.0183921059185086
9.700000000000001,1.0094541274912663,1.019726999947193,1.0150623357549342,0.9998415084657566,1.0189591952622612,1.018933205672278
9.72,1.0112555858726946,1.0205461344997762,1.018423020883546,1.0016819735157245,1.0189889198280158,1.0167590102946584
9.74,1.0102779932690948,1.0179468419004927,1.0176433415476795,0.9995199366170595,1.018799915354121,1.0176846153958707
9.76,1.0122913198050218,1.0186839593469923,1.0205724089629151,1.0011237343317299,1.0189955393259016,1.0158915727466318
9.78,1.0114927002294438,1.0159829353936543,1.0193637467807943,0.9987481144660895,1.0189812242092646,1.0171988097270166
9.8,1.0136939302171708,1.0166218265832914,1.0218645109644249,1.0001332097126123,1.0193473150402297,1.0157299611877368
9.82,1.0130683354760741,1.0168155172864957,1.0202923533648476,0.9975624145028141,1.0195656481607305,1.0173649959509428
9.84,1.0124375074775243,1.0172547239752037,1.0224429093284497,0.9987483173820049,1.020156832314571,1.0162200361755538
9.86,1.0120148972931498,1.0172320771646053,1.020524474282301,0.996069543901037,1.0206084210397788,1.0181678915186154
9.88,1.0115791853611293,1.0174434705936832,1.0222595962387546,0.9971398953037869,1.0178092426699545,1.0173317288953854
9.9,1.0113490101195577,1.0171921435134266,1.0199347159348378,0.9979850200990614,1.0184793092290376,1.0195741606492685
9.92,1.0110453097083747,1.0171632382203706,1.02126300255592,0.9989521307753599,1.0159249775759256,1.0190800337450518
9.94,1.0137258230708674,1.0166701334669617,1.0185597652329443,0.9997014164848745,1.016835874081051,1.0188346762112719
9.96,1.0135728756362452,1.019466894788924,1.0195102595386778,1.0005771011525604,1.0145815830350506,1.018612999281995
9.98,1.0133311025617981,1.0187648741391495,1.0164548182960416,1.0012426971075854,1.0157742286544078,1.018637373281968
10.0,1.0132331953995513,1.0213391155937899,1.0171160627437514,1.0020398307558285,1.01380540186558,1.0187260853102336
10.02,1.0130419900218053,1.0203384303043,1.013782775820165,1.0026351967875629,1.0152799226865832,1.0190545038194099
10.040000000000001,1.0129885468134603,1.0226153485491387,1.0141642415634644,1.0033677360738813,1.0135967076349206,1.0194506272147121
10.06,1.012836825255901,1.021307139832999,1.0142837313204784,1.0039067590072221,1.0153534803012976,1.0200794110785383
10.08,1.012816093334556,1.0195572010606606,1.0143601534617677,1.0046073419762047,1.0139560342263523,1.0207788391181705
10.1,1.0126915735501072,1.017987634749114,1.0142270384763754,1.005122127066112,1.0159953465742948,1.0217034101813773
10.120000000000001,1.0155108627432963,1.0159191289689817,1.0140502484372516,1.005804137699947,1.0148837893967286,1.019862572943496
10.14,1.0153598848250027,1.0171547890495218,1.0136725438171088,1.0063081341044615,1.0172057921633266,1.0211138675685039
10.16,1.0150265455350276,1.014810722696562,1.0132678364816579,1.0031368584949751,1.0163657660821137,1.0195334035613879
10.18,1.0148068020750562,1.0157553642459096,1.0165195995783818,1.0037508373332624,1.0154494107983565,1.021036583619427
10.200000000000001,1.014401121236146,1.0131158212691678,1.0158323624924406,1.0042671960467184,1.0148950556446068,1.0196771050639475
10.22,1.014100706296813,1.0137238360713268,1.018796570667757,1.0050167057227477,1.0142883534019633,1.0214085502321186
10.24,1.0136104318096253,1.010747653969613,1.0178605592698842,1.0056762534251553,1.0140378660978673,1.0202637985403067
10.26,1.0161018530566617,1.011019551237823,1.0168791889747306,1.0065642963142527,1.0137406125784687,1.0193317172608714
10.28,1.0155454135505257,1.0114142785260039,1.015749422067628,1.0073517170857458,1.0137935493377643,1.0183774491980628
10.3,1.017958740663727,1.0113655706283156,1.0145965693606989,1.008363823096631,1.0137904011580794,1.0176310693648976
10.32,1.0172694702257399,1.0145875380529463,1.0133069637689005,1.0092834694521038,1.014131118875535,1.0168599164088867
10.34,1.0163980174464102,1.0141924959415791,1.0120137379436787,1.0104243247394584,1.0144204803618537,1.0162369397982136
10.36,1.0156073615736343,1.0170528290878296,1.0105951748013544,1.011480691225322,1.0151012481489836,1.018667827590927
10.38,1.0146303418366358,1.0162993430662057,1.0092394008325916,1.0127550995486958,1.0126371519948094,1.0181732325300645
10.4,1.013740627190388,1.0187402063142148,1.0077659099104646,1.0139533542441157,1.0136409066460557,1.0207221636066137
10.42,1.0126603684553324,1.0175748030467515,1.0063587190880776,1.011544410726775,1.0114348560446835,1.0202774827699326
10.44,1.0145898110750071,1.01966273952368,1.0086472834327531,1.0129176156450077,1.012736020230423,1.019952567656623
10.46,1.0133121141460633,1.0181680887437172,1.0071972019617306,1.0107088467639311,1.0108186501649703,1.0195897500290867
10.48,1.0150319301508333,1.0199457082825085,1.0094373375813057,1.0122812170588102,1.0123990719091962,1.0193424835172076
10.5,1.0135333699020024,1.0181497013179703,1.007952619323707,1.0102764578851282,1.0107521165803597,1.019052230385241
10.52,1.0150350002584205,1.019626476065096,1.0101535240085382,1.01205168942557,1.0126080977516896,1.0188727078001918
10.540000000000001,1.013307138092844,1.0175974184076713,1.0086431711234822,1.0102542381342272,1.0112274772062637,1.0186448202645941
10.56,1.0145238736902462,1.018839329235629,1.0108146764080037,1.0122355642815934,1.0133546139845038,1.0185224348806576
10.58,1.0125617931904969,1.0165848486270175,1.009288561625445,1.0106483002590583,1.0122355142818478,1.0182875568492307
10.6,1.013545375928753,1.017599724745616,1.011440967513165,1.0128385375563864,1.0145704472484995,1.0181549268837617
10.620000000000001,1.0143212229728604,1.0151279765044021,1.009909098100911,1.0115221413161337,1.0136483915845798,1.018099426748564
10.64,1.0150405729667353,1.0159397726203658,1.0120527592599267,1.0139820072930057,1.0130148133746912,1.0179609474060127
10.66,1.015555942233235,1.0132744828514173,1.010525529854149,1.0129341856331542,1.0123136560482981,1.0178803153236995
10.68,1.0160082757460622,1.0138926155246553,1.0126714793552414,1.0156460187612684,1.0118960147639786,1.0177096400894463
10.700000000000001,1.016259861669239,1.0110432507961151,1.011159532522309,1.0148491841467697,1.0114106795338058,1.0175933465621645
10.72,1.0164423099844182,1.0115346057545143,1.0133185230526798,1.017811443225976,1.0112032741376282,1.0173798607929356
10.74,1.0163709529284786,1.0085683033039103,1.0118324003320427,1.0172638016110933,1.0109276922721842,1.0172171090441333
10.76,1.016283657240511,1.0089395732748379,1.0105039653250119,1.0204746606805877,1.010924013784682,1.0168910010048524
10.78,1.015948391926207,1.0093746533408008,1.009152349618586,1.0201565679857572,1.010851312304208,1.0166145214982514
10.8,1.0155929304035305,1.0095180134164248,1.007981321879155,1.0235970365642943,1.0110436879041975,1.0193967800667618
10.82,1.0150121555709992,1.0097287515158768,1.0067846774496476,1.0235075084048249,1.0115131501925525,1.0189706157705283
10.84,1.0174362822876444,1.0096605566894044,1.0057728913190287,1.0198626875045997,1.0119022626538845,1.0185969196040192
10.86,1.0165984072252188,1.009737271320663,1.0084690451072484,1.0200142132323502,1.0125246144140299,1.0181165145530375
10.88,1.018693469563595,1.009544154641109,1.007603982125533,1.016624671053556,1.0129916192057777,1.0176851366519646
10.9,1.0175885429375386,1.009518174417652,1.0104415336814254,1.0170342723771526,1.0136883777879744,1.0170818091661413
10.92,1.0194164569884678,1.0092302364272772,1.0097245223643765,1.01389714820061,1.0142270629543502,1.0165267377888823
10.94,1.0180501533942732,1.009113080597836,1.0127053152285908,1.0145613684826431,1.0149917060205285,1.0157919791822074
10.96,1.019616909797819,1.0087418704696742,1.0121378922132696,1.0116728070362004,1.0155949833560793,1.0151051844176706
10.98,1.0179952467794362,1.0085451458060768,1.015263737556578,1.0125875913750555,1.016360632278844,1.0142312499108082
11.0,1.0193076654620137,1.0081022429687914,1.0148473706033543,1.010002532172389,1.0169608666401118,1.0134048916322789
11.02,1.0174375222013428,1.0078375504496222,1.018119976435055,1.0112228473744729,1.0177228992584109,1.0156681566387666
11.040000000000001,1.0185032323449212,1.0073344757405351,1.0178562953419616,1.0089324853156594,1.0150305086104598,1.014665915884529
11.06,1.0164087461215974,1.0070133239239358,1.0212777971829348,1.0104502279668077,1.0158283159310706,1.0167399705533051
11.08,1.0172523117686092,1.006461539867539,1.0211103678077262,1.0084297393696184,1.0131562433665984,1.015539465038781
11.1,1.0149413988765286,1.0061535710599596,1.0211492307792125,1.0102200228173643,1.0139823099700527,1.017419260737783
11.120000000000001,1.0156283312560888,1.009097519496649,1.0211230829619202,1.0121219336286726,1.0113225963764405,1.015958580362136
11.14,1.013167120336038,1.0087529354678457,1.0176465971004705,1.0140614663573686,1.012187202159133,1.0175827934812998
11.16,1.013720714666816,1.0117144147500996,1.0178982801596623,1.0160893784296938,1.0132250859767016,1.0159226423835173
11.18,1.0110777263992325,1.01137792961207,1.014696498547511,1.0144810437648042,1.014087899546161,1.0173679404340243
11.200000000000001,1.0114506146899414,1.0143439543000201,1.0152221517033189,1.016620498282676,1.0151018973755326,1.0155254116351227
11.22,1.0086376882188344,1.0140219500084586,1.0122724163383432,1.0151148922687359,1.0159351665083873,1.0167897250332836
11.24,1.008841432478562,1.013925856231285,1.0130494757109934,1.017363225609353,1.0169165458953424,1.0180913571522936
11.26,1.0090025590436305,1.0136600613314277,1.010332072325951,1.0159572954513685,1.01438300899959,1.01908344650135
11.28,1.0090710342302833,1.0136405972370728,1.0113411349237724,1.0183110894260912,1.015370391321495,1.020118385354359
11.3,1.0090993751079818,1.0134513541367336,1.0088522079164055,1.016984190097638,1.0128300071117255,1.0208403758145241
11.32,1.009041776238639,1.0135128791142085,1.0100894533107385,1.0194229177511769,1.0138132098645123,1.021613280342487
11.34,1.008946770883454,1.0134045682115138,1.007824800674313,1.0181710482429942,1.0112556586236758,1.0221304151288058
11.36,1.008772653509363,1.0135512739695627,1.0092859099352989,1.0206904838768942,1.0121645624967934,1.0227030624159585
11.38,1.0085642973858426,1.0135280615184858,1.0072409013635246,1.0195089749525525,1.0095237114686446,1.023018341724467
11.4,1.0082840048782737,1.0137639114447428,1.008921221841971,1.0221039602961568,1.0103517529942412,1.0233934609770121
11.42,1.0079727239831626,1.013829696664371,1.0070908773289795,1.020986953406938,1.0113547801594533,1.0235100267142
11.44,1.0075966814968593,1.0141583760033397,1.008985414403444,1.0199180160059615,1.012062419769431,1.0237098562571807
11.46,1.0071929450377517,1.014316743740444,1.0073051142239278,1.0189114751512722,1.0129278274206373,1.023650022231082
11.48,1.0067316691931305,1.0148008941139701,1.0093341574890111,1.0179470884384827,1.0134921071019267,1.023678210825581
11.5,1.006246094549753,1.015110469941976,1.0077831138581121,1.017042172584353,1.0142161691416254,1.0234459315101616
11.52,1.0057666914823216,1.0157495330054194,1.0099457402160157,1.0161732030396253,1.0146336202615183,1.0232505143168416
11.540000000000001,1.0052665510356,1.0162092443392883,1.008522592529058,1.0153607037947836,1.0152130057531934,1.0227945710779978
11.56,1.0047753957980197,1.0170022475340637,1.010817184652125,1.0145778847689044,1.0154803009746274,1.0223854114847988
11.58,1.0042669256537984,1.0176111700615946,1.0095198774733385,1.0138484795977156,1.015911588139642,1.021715782317676
11.6,1.0037703114544403,1.0185569723894612,1.0119441532693756,1.0131424664159123,1.0160256465738027,1.0211621919607
11.620000000000001,1.0032597329333126,1.0193139795039499,1.0107699711069067,1.0124867729264624,1.016246734471979,1.020348978049779
11.64,1.0027641865714343,1.0204112308016784,1.0133210166647793,1.011848198454806,1.0162122689655861,1.0196574261117104
11.66,1.002258225597782,1.0183103580627493,1.0122666198389716,1.0150318357130725,1.0162882681988434,1.0187076166318292
11.68,1.0047750144155456,1.019534898029257,1.011083961673826,1.0143521678128744,1.016124562940296,1.0178856176768196
11.700000000000001,1.0042877318348071,1.017575694320016,1.0101851862624995,1.017479518747093,1.0160732923171425,1.0168220674914188
11.72,1.0068221547699343,1.0189237700909435,1.0091519664052795,1.0167346061504157,1.0157789339269458,1.0158925886387626
11.74,1.006357585781401,1.0170872890162062,1.0084019747773665,1.019801375312415,1.0155992913443892,1.0147232781104527
11.76,1.0089140024250027,1.0185594228596635,1.0075110291003737,1.0189867196919034,1.0189748541628654,1.0136943992796321
11.78,1.0084761329106455,1.0168457537417739,1.0069024955391521,1.0181873779861306,1.0186304502974517,1.012446572515216
11.8,1.011058706104735,1.0184418860708968,1.006088188493477,1.017353657583933,1.0218257928884777,1.0113452346443468
11.82,1.0106514923957555,1.0169087350678274,1.00553548230062,1.0165335830109559,1.0212991929628086,1.0134395149042026
11.84,1.0132644099867916,1.0186869414645425,1.0047748785603474,1.0156744822001516,1.0209039339809118,1.0122962703181342
11.86,1.0129090732658437,1.0173294974825793,1.0077683745864991,1.0148272902421338,1.0201919824822423,1.0109828112922674
11.88,1.0155738698155128,1.0157911097434549,1.0070834720262631,1.013937039543487,1.0229668538733412,1.0098212837807963
11.9,1.0152576005751146,1.0145961170017408,1.010138848411449,1.013057229905578,1.0220892932407952,1.0085086871585385
11.92,1.017944331099769,1.0132163322067385,1.0095065281824862,1.012080913045044,1.0246994367759945,1.0073499181003591
11.94,1.0176540801350114,1.0121796811125217,1.0126180776795266,1.0111180510229607,1.023661240299373,1.0060422072393842
11.96,1.017423378525022,1.0109541557312243,1.0120321552080078,1.0100531751058783,1.0261116226360276,1.0078342208091362
11.98,1.0171954305758506,1.010056591678305,1.015193485984918,1.009005312359574,1.0249176347829847,1.0064886069135306
12.0,1.0170447349265546,1.008966200839878,1.014647312262082,1.011770874198243,1.0272284180686333,1.008242532523162
12.02,1.0168958251165359,1.0082034996303548,1.0139311514293325,1.0106018495462727,1.0259179304754924,1.006865089494815
12.040000000000001,1.016826422295395,1.0072439142694547,1.0134721552994321,1.0132319341425458,1.0281135428203392,1.0085875197576826
12.06,1.016757680231076,1.0065919354725459,1.012836264741721,1.0119224435531138,1.0266909072803534,1.0071845749449593
12.08,1.01677043718177,1.0057392692955789,1.0124561124043892,1.0144181910883001,1.0287761464484682,1.0088820520682105
12.1,1.016782462006836,1.0051939153533471,1.011892094565484,1.0129694113743755,1.0272460870420854,1.007459762344367
12.120000000000001,1.0168776172555654,1.0044438994230669,1.0115824156823185,1.0153323479343332,1.0292261775280829,1.0091386138832696
12.14,1.0169704723887008,1.0070052259741242,1.0110820657325172,1.0137458753345698,1.027593838392004,1.0077029024126585
12.16,1.0141433105987008,1.0063225250579624,1.0108497332806774,1.0159779484438929,1.029474376956459,1.0093691825990017
12.18,1.0143623741602568,1.008937326381071,1.010419851259539,1.0142559054881637,1.027745263326352,1.0079106447544595
12.200000000000001,1.0116603601259984,1.0083036132428296,1.0102563768810136,1.0164251458653706,1.029532160500994,1.0095554399761566
12.22,1.012002865020504,1.0109689652173088,1.0098231513649942,1.0146363784275902,1.0277123291663466,1.0080800997445047
12.24,1.009422716728603,1.0103809845420102,1.0096544703440005,1.0167414658301117,1.029412256676714,1.0097094792755064
12.26,1.0098854229774132,1.0130932740752856,1.009214609150077,1.01488528063878,1.0275082321906759,1.0082229319825706
12.280000000000001,1.007423543054096,1.0125467808533797,1.009036722341877,1.016926054134288,1.0291280076615326,1.0098425102602406
12.3,1.008002893320917,1.015301784714481,1.0085863183617612,1.0150023971872693,1.0271464425874324,1.008349884439907
12.32,1.0056553680980982,1.0147923048055327,1.0083955210955615,1.0169793081340734,1.0287577756863908,1.0099647860107166
12.34,1.006347488662418,1.0175315317385358,1.0079309939238792,1.0149239377732355,1.026770837636827,1.008471034014872
12.36,1.0041641520657318,1.017000694499072,1.0112737185123049,1.016772903454955,1.0283759284768428,1.0100865122914424
12.38,1.0050183106666761,1.0161734241380023,1.010756853894673,1.0146098138575503,1.0263856915066647,1.008596623741064
12.4,1.0029904503618314,1.0156716361949956,1.014033113275624,1.0163545144116135,1.0279871418103186,1.01027650829033
12.42,1.003981170662013,1.0148717958586246,1.0134436096758481,1.0140890953986696,1.025937408871783,1.008854008584783
12.44,1.0020838559547207,1.0143956567470047,1.016651666736763,1.0157352749373512,1.027479438716832,1.0105983171352886
12.46,1.0032046861193682,1.0136195903349057,1.0159879028233165,1.0133728392179453,1.02537747863615,1.0092425191328278
12.48,1.0014312714795128,1.0131654521419957,1.0191264729376304,1.0149259325609838,1.026867432832681,1.0110507472351804
12.5,1.0026755932101885,1.0124094776318735,1.0183873059403021,1.012471804780919,1.0247200138927715,1.0097606368859138
12.52,1.0010192749304956,1.0119736935140944,1.0214555857376686,1.0139375414731286,1.0261649084692257,1.0116319309852178
12.540000000000001,1.0023803206750275,1.011234165977303,1.020640377848606,1.0154634029442988,1.0239784622328498,1.0104061453397
12.56,1.0008341588959215,1.0108131533873168,1.0195720007089903,1.0168741304564604,1.025405267742228,1.0123392850851118
12.58,1.0023050352370024,1.0100865273492623,1.0186746401358375,1.0183263865244512,1.0232061167671729,1.0111761986332297
12.6,1.0008619802295478,1.0096564629028846,1.0175292733401529,1.0196654284740851,1.0246208584878143,1.013169786544843
12.620000000000001,1.002435696024456,1.0089191320703659,1.0165527256876867,1.0210481213028468,1.0224143152028953,1.0120674969497556
12.64,1.0010885181729083,1.0084769969477616,1.0153331686121232,1.0223196748466528,1.0238224488180552,1.0141197430059639
12.66,1.0027578156291046,1.0077260531925907,1.014280583472463,1.0236371152652415,1.0216133544664974,1.0130759617933838
12.68,1.0044243855262955,1.0103382311928595,1.0129900324695047,1.0248456183695094,1.0230198375306738,1.0122594391268414
12.700000000000001,1.0030830764202978,1.0096134666689762,1.0118803226120472,1.0261023243071938,1.0208125300317223,1.0113159017283162
12.72,1.00477573521216,1.0122382238866,1.0105378155721931,1.0272524714589828,1.0222071500395438,1.0105802573269327
12.74,1.0034569964838465,1.0115195471217389,1.0094385735903342,1.0284532596233824,1.0199911644254538,1.0097169109125064
12.76,1.0051722663904261,1.0140888467578675,1.00810823752159,1.0295501827979217,1.02137842289638,1.00905731803077
12.780000000000001,1.003872362930955,1.0133121528199514,1.007021152943104,1.0307004222372549,1.0191575390046763,1.0082691162675732
12.8,1.0056062895251205,1.015824934326444,1.0057034540799512,1.031749517138938,1.0205412562731415,1.0076805152548776
12.82,1.0043208090315252,1.0149903145223291,1.0046292676899782,1.0328545586090787,1.0183186508483812,1.006962185129582
12.84,1.0060691184881252,1.0174470101844006,1.0033251629198532,1.0338611660442516,1.0197020301533777,1.0064392927544703
12.86,1.0047936885763757,1.0165549352790961,1.0022650964268756,1.0349262729304889,1.0174802644808731,1.0057853469024725
12.88,1.0065521713302301,1.0189563617915436,1.000976000008269,1.0358956172685754,1.018865882269803,1.005322674773105
12.9,1.0052825217786596,1.018007715584634,1.0035396186651284,1.0369259049725608,1.0166468944259495,1.004727433651194
12.92,1.0070470889382817,1.0167472014115297,1.0022309268518266,1.0378811000988974,1.0180366952053856,1.004319313042307
12.94,1.0057791085373502,1.0157977802954132,1.0047601699593658,1.0388991876270948,1.0158218875319291,1.0037769318896737
12.96,1.0075278076974996,1.0145367585794682,1.0034175131830985,1.0398442931458574,1.0172173615107645,1.003417543656552
12.98,1.0062399801179334,1.0135865494154475,1.0059168967899934,1.0408540017049184,1.015075919197154,1.0029219551164066
13.0,1.007969960881156,1.012325059287373,1.004544725478846,1.0417244072906109,1.016542602675372,1.0026055290194344
13.02,1.0066594712460484,1.0113743977371676,1.007018988194782,1.0426649357611468,1.0144718516646156,1.0021511507311969
13.040000000000001,1.0083681375453333,1.01011301093404,1.0056216118758834,1.0434672754974363,1.0160053757421443,1.0018721510605628
13.06,1.0070324655583454,1.0091627650573063,1.0080750055269667,1.0443464041389316,1.0140003747521482,1.0014533073363223
13.08,1.0087175340557177,1.0079025774388422,1.0066565870380486,1.045088256273759,1.0155960779134872,1.0012061180499296
13.1,1.0073545087100317,1.0069541332946503,1.0090935373022794,1.045913052146099,1.0136516138113691,1.0008170783246086
13.120000000000001,1.009014060214212,1.0056967471794622,1.0076583927941065,1.0466012593960996,1.0153045461355474,1.0005960531788345
13.14,1.0076219091992087,1.0047519921041603,1.0100834498928088,1.047378052867638,1.0172283298138938,1.0002310839469173
13.16,1.0092544363312488,1.0034994978860239,1.008635988902389,1.04420550319373,1.0188937731450913,1.0000496696993926
13.18,1.0078318312956132,1.0025607994845753,1.0110537681631862,1.0449984176957194,1.0208077586342696,0.9997217949247199
13.200000000000001,1.0094363771551693,1.0013157513140916,1.0095793636854418,1.0418423484061665,1.0224630812380036,0.9995736359423626
13.22,1.0079826623491286,1.0003859310104022,1.011975872940523,1.0426538831730845,1.0243641681731552,1.0025715490458413
13.24,1.0095588505164281,0.9991512228214788,1.0104798351400937,1.0395858724154734,1.0227108086218593,1.002418422788172
13.26,1.0080903756556454,0.9982333369582892,1.0127905630736516,1.040482788881945,1.024644275746867,1.0053949155038273
13.280000000000001,1.0096545242922819,0.9970122591715895,1.0112133158702887,1.0374835476765298,1.0230197473088585,1.0052157037115457
13.3,1.0081710071386256,0.999219306973125,1.0134476561136594,1.0384462620353028,1.0249806909704708,1.0081667828114238
13.32,1.0066133226965457,0.9980417160879362,1.0118141413637933,1.035512390292257,1.0233794923423187,1.0079575000583016
13.34,1.0051037639673828,1.0002781271627263,1.0139969977064023,1.036537884313876,1.0253625657500636,1.010863806368973
13.36,1.0035236408612018,0.9991295932835852,1.012315853374619,1.033665768135617,1.0237789546748233,1.0106052387209257
13.38,1.004959616102262,1.00139695793242,1.0144558193422757,1.0347507067905783,1.0257784969335888,1.0104949552569087
13.4,1.0033314064863879,1.0002939977497718,1.0127349815024922,1.0319363407016455,1.0242063750067634,1.0102275118469466
13.42,1.0047632410572112,1.002608916333695,1.0148400836176008,1.0330769770620072,1.0262016141561063,1.0100505081146727
13.44,1.0031318599955448,1.001553291482749,1.0130869772433222,1.0303159501861154,1.0246202309812253,1.0097152196329588
13.46,1.0045604395543295,1.003918070128381,1.0151646369002836,1.0315080409106803,1.0266054805252236,1.0094722192352759
13.48,1.0029276394293092,1.0029120979619317,1.0133859914923071,1.0287953841025859,1.0250085828862154,1.0090689685884575
13.5,1.0043551372575257,1.0053293507028611,1.0154429201481332,1.0300341903819268,1.0269777905844677,1.0087600108704962
13.52,1.002723232747102,1.0043756265077413,1.0136447385729566,1.0273645251443053,1.0253590981610494,1.008289051945197
13.540000000000001,1.0041523606727418,1.0068482181947311,1.0156869072250179,1.0286448851733465,1.0273061902741922,1.0079145729795487
13.56,1.002524204356062,1.0059495523389308,1.0138744367213555,1.0260124258584131,1.0256594477656336,1.0073765820512994
13.58,1.0039581923086782,1.0084805361939737,1.0159070489369741,1.0273287608729516,1.0275783877519942,1.0069374623423544
13.6,1.0023371499820932,1.0076398898985777,1.0140847552009626,1.0247273241860562,1.0258974260941498,1.0063335835797211
13.620000000000001,1.0037797201751646,1.0102324438249224,1.0161122228234296,1.0260736503441525,1.027782276995615,1.0058311896440504
13.64,1.0021696409060632,1.0094528639726954,1.0142837670901765,1.0234966709617188,1.0260610779259878,1.0051630741747726
13.66,1.0036249769076484,1.012110225981656,1.0163096889011838,1.0248666173540149,1.0279060678355805,1.0046583072294801
13.68,1.0020301581296303,1.0113947793191638,1.0144779082957922,1.0223071698951394,1.026079817353362,1.0039873791900007
13.700000000000001,1.0035031641457466,1.0141201824094017,1.0165050519129069,1.0236940029292616,1.0278204684687289,1.0034784183796175
13.72,1.0019289007800887,1.0134718909482043,1.0146719433548048,1.021144535342517,1.0258882048562734,1.002803315855954
13.74,1.0034251331578117,1.016268502155422,1.0167022306665077,1.0225406018542968,1.0275233721968569,1.0022892600968047
13.76,1.0018770326248991,1.0156902813498319,1.0148689371818809,1.019993000958872,1.0254838251629863,1.0016094066918217
13.780000000000001,1.0034023388360132,1.0185611374097774,1.0169034292714079,1.0213904065221775,1.027012536217966,1.0010901264131231
13.8,1.001886277519632,1.0180557297932105,1.0150702277788648,1.0188363539335454,1.0248646751319228,1.0004057245309737
13.82,1.0034467515962708,1.0210036715061168,1.0171091174768399,1.0202270023089897,1.0262862125878884,0.9998818542138723
13.84,1.0019688271583007,1.020573580882723,1.015275415943488,1.0176580208761523,1.0240981420533446,0.9991938747029296
13.86,1.003570761929149,1.0236011880219094,1.0173180265210342,1.0189648481392695,1.025476868655259,0.9986671433590777
13.88,1.0021372427287552,1.0232486144750275,1.019180987874373,1.0203347661790296,1.0232451869825105,0.9979779736971919
13.9,1.0037870810836549,1.022659519643597,1.0171647465034952,1.0215321667088944,1.0245969527378858,0.9974511399890176
13.92,1.002404358229835,1.0224386613578837,1.01903669246223,1.0227743347541791,1.0223373074336637,0.9967639481789963
13.94,1.0040901532709068,1.0219582619443384,1.0170218970446903,1.0238390771247343,1.0236578545659292,0.9962406195821591
13.96,1.0027466124738016,1.02184884493279,1.0188995076434262,1.024950696871974,1.021366059351534,0.9955592207756041
13.98,1.0044756527928995,1.0214770330796201,1.0168819813075118,1.0258798610996935,1.0226517972539524,0.9950434335119445
14.0,1.003178340148685,1.0214787603838595,1.0187610193007925,1.0268578934571555,1.0203244833169993,0.9943721627586353
14.02,1.0049577646513896,1.021214981435411,1.016735885059243,1.027648355173913,1.0215726252956188,0.993868539062503
14.040000000000001,1.0037136428146056,1.021327081907155,1.018673498402825,1.0284896168577276,1.0192072696482368,0.9932123076614285
14.06,1.0055504866287324,1.021108202603283,1.016697543872147,1.0291384591900425,1.020415860864678,0.9927260153017929
14.08,1.0043663769784374,1.0212673470797349,1.0186837496108425,1.0298403437019203,1.0180108118937525,0.99209026805908
14.1,1.006267204079248,1.021096455215983,1.0167471036634241,1.0304163798444916,1.019178756320616,0.9916269753856151
14.120000000000001,1.0051491099950507,1.0213044129620008,1.0187007943291668,1.0310429898430087,1.0167336127251332,0.9910176415585177
14.14,1.0071199871413823,1.021182708475787,1.0167268838751418,1.0315403623920627,1.017861377557792,0.9905834653093972
14.16,1.0060737059156235,1.0214400233914898,1.0186416425032871,1.0320850803034967,1.0153769482917623,0.9900069076996885
14.18,1.0081204690330676,1.021367151623569,1.016624014702554,1.0324972142371616,1.016465833878212,0.9896083636852707
14.200000000000001,1.007151523361305,1.0216731729125543,1.0184936125879345,1.0329538621853214,1.013943778769975,0.9890713251156869
14.22,1.009279711931286,1.021647940650642,1.0164252892152041,1.0332746693680646,1.01499591566835,0.9887152717034351
14.24,1.0083932843181815,1.022001161040274,1.018242978108137,1.033637593283502,1.0124387421391337,0.9882248166029997
14.26,1.0106080804695157,1.0220215205322716,1.016116520628505,1.033861553368106,1.0134570854951672,0.9879183955434123
14.280000000000001,1.009808953980858,1.0224195576486679,1.017875100543837,1.034125702408324,1.0108681367704655,0.9874818491768571
14.3,1.0121151241017035,1.0224825905227473,1.0156826825672507,1.0342479423599924,1.0118564522500924,0.987232424470541
14.32,1.0114076239672676,1.0229221723102149,1.017374576950659,1.0344089462031691,1.0092398870661228,0.9868573104615006
14.34,1.0138094610260773,1.0230240778087967,1.0151080641461574,1.0344253170627233,1.0102027284429882,0.9866724058671212
14.36,1.0131973970910397,1.0235010325662692,1.016725402465576,1.034479559682608,1.0075634924380426,0.9863663825876221
14.38,1.0156986636677776,1.0236371207035875,1.0181323038302565,1.0343867091501515,1.0085723723233482,0.9862536183127852
14.4,1.0151852736908789,1.0203905084732665,1.019633110715203,1.0342840123622494,1.005983288268693,0.9860247458584396
14.42,1.0177891457085644,1.0206079262232701,1.0209029242056058,1.034031114865396,1.0070394721867535,0.9859924378998743
14.44,1.0173582145323317,1.0174334732270824,1.0222612152320862,1.0337740473773716,1.0045018902246579,0.9858490840928199
14.46,1.0199923037649195,1.01772420562614,1.0233868807835833,1.0333639448479133,1.0056073118734652,0.9859618826981011
14.48,1.0195905289905944,1.0177623169563152,1.0245955013500705,1.032955678896312,1.00312350411148,0.9859678133697296
14.5,1.0191121690686678,1.018087434503638,1.0255857205741021,1.032391940647937,1.0042812549472675,0.9862289789088646
14.52,1.018790232379798,1.018139164900154,1.026653038714736,1.0318364771623214,1.001854903324248,0.9863727971225823
14.540000000000001,1.0183930569758615,1.01847422041895,1.0275639347375756,1.0311236069073244,1.003069128583813,0.9867712919903592
14.56,1.0181536600415941,1.018467231745317,1.0285464212419329,1.0304964401330992,1.0007045661160463,0.9870580413118634
14.58,1.0178395904142268,1.0187393985629214,1.0292959452917105,1.0297119962273404,1.001980302882271,0.9875988559725307
14.6,1.017683974643804,1.018668958268603,1.0301112664952212,1.0290146629204457,0.9996831668650605,0.9880334949966316
14.620000000000001,1.0174533098837606,1.0188718184554402,1.030693964894529,1.0281602445501434,1.001026416177778,0.988721497524362
14.64,1.0173814141578827,1.018730632683,1.031336745408578,1.0273949630392822,0.9988028876181207,0.9893088326512098
14.66,1.0172334827160219,1.018856574118467,1.0317475262889992,1.026473202098642,1.0002201559081545,0.9901487000479521
14.68,1.0172442390510774,1.0186365969581126,1.0322128512393736,1.0256431983400383,0.9980768864079219,0.990893317468226
14.700000000000001,1.0171773555989785,1.0186772699952549,1.032447148134339,1.0246577435207733,0.999575116092993,0.9918894703117167
14.72,1.0172686555078787,1.0183697782365622,1.0327306797243896,1.023767230208418,0.9975191554028263,0.99279566969966
14.74,1.0172800915582956,1.018316176259328,1.0327845645632099,1.0227227216650956,0.9991056546842999,0.9939522067784181
14.76,1.0174487576256412,1.0179118545366568,1.0328826549467163,1.0217768678382573,0.9971443778673101,0.9950239349366248
14.780000000000001,1.0175347156892154,1.0209570051888814,1.0327529464806489,1.0206789023764395,0.9988267503168342,0.9963445677643339
14.8,1.0145738768175727,1.0204184856568435,1.032747465815154,1.0196837938229022,0.9969677850843959,0.9975853520393898
14.82,1.0147730783398399,1.0232462063185985,1.0325126298700784,1.0186124179067209,0.9987538595368964,0.9990572855046409
14.84,1.0149421222023185,1.0224836477014314,1.0323252313859426,1.017644659075854,0.9970053820386555,0.9974269005091896
14.86,1.0152192080186304,1.0251034881740093,1.0319105042039167,1.0166042241289048,0.9989037742133149,0.9990378208474027
14.88,1.0154465309067193,1.024126578586975,1.0315395175177438,1.0156666438500253,0.997317651583369,0.9975434309770528
14.9,1.0157784968202375,1.0265325884631724,1.0309456585716559,1.0146603291532212,0.9993802135220508,0.9992988623467838
14.92,1.0160557936617933,1.0253347446287724,1.034179811611514,1.0137569620642406,0.9979606887149046,0.997944682185063
14.94,1.0164338624403637,1.0237944571160367,1.0333694340376454,1.0128082747763028,1.0001927135816933,0.999848529089201
14.96,1.0166904455328583,1.0224890216303852,1.0363656580081875,1.0119627744301471,0.9989452100253083,0.998637863266685
14.98,1.0170241323722573,1.020838018212304,1.0353903496035963,1.011076267737649,1.0013523253264807,1.0006928182114723
15.0,1.0172347177002035,1.0193476307351483,1.0382154030593274,1.0102939239370183,1.000282443723674,0.9996273075565245
15.02,1.0175172132459793,1.0175140118299786,1.037076931537623,1.0094755039232508,1.0028703433243455,1.0018346358764105
15.040000000000001,1.0176740165233191,1.019080552837281,1.0397330608862934,1.0087626328262598,1.0019836931475612,1.0009148702262747
15.06,1.014648224763671,1.0170290652927303,1.038450134367464,1.008018884402187,1.0047580679662897,1.0032748771525
15.08,1.0147871977656662,1.0183590049208924,1.0409566466348776,1.0073824948015835,1.0040601976185357,1.002484164060358
15.1,1.014812768062062,1.0160682627286128,1.0395322617567313,1.0067207565561551,1.0069642562827656,1.0018980245861482
15.120000000000001,1.0148969458599106,1.0171728776990707,1.038127071252661,1.0062308732131164,1.0063986720937628,1.0012763646678333
15.14,1.0148482304015505,1.0184196190220298,1.036604799755315,1.005701708636309,1.009428288132641,1.0008555633441412
15.16,1.0148512601874042,1.0192977262324394,1.0351217076153478,1.0053417204571247,1.0089896154964764,1.00039893259485
15.18,1.0146748078555907,1.020311035434279,1.0335254086472752,1.0049495346834725,1.0083978717160211,1.0001387520495353
15.200000000000001,1.0145424372605447,1.020956592874966,1.0319696182157037,1.0084811869732953,1.0081335570080707,0.9998229669519354
15.22,1.014229778180277,1.0217313259065204,1.030305136477434,1.0081744534894856,1.0077409668325272,0.999698780248282
15.24,1.013952376939471,1.022139677844474,1.028701703391656,1.0117924629052046,1.007676469015676,0.9995179334967448
15.26,1.0134933466059555,1.0226715582236796,1.0269941977095272,1.0115795408875357,1.0074889652345875,0.9995233546891948
15.280000000000001,1.013060438475049,1.022839076111003,1.0254174355072507,1.015292721669844,1.0076297529950327,1.0028345584489453
15.3,1.0124442130360913,1.0230570630186833,1.0237379020001471,1.0151829156102352,1.008049491929357,1.0029311515204196
15.32,1.0149998441628463,1.022917545234117,1.0221914076135672,1.0152401524267314,1.0084107643074787,1.003202910315785
15.34,1.0142676572826654,1.0229048185450251,1.0205423055990694,1.0152826195980533,1.0090313009864016,1.0033648600782326
15.36,1.016624571003915,1.0225403305868541,1.0190106154286367,1.0115543965225609,1.0095827209751849,1.0036990669799684
15.38,1.015684987684104,1.0222990733962432,1.0213152744591918,1.0118006126249441,1.006607623868036,1.003918872492929
15.4,1.0178322010539387,1.021710686672213,1.0197409051882262,1.0120668734505698,1.0073044307038475,1.0042882135339197
15.42,1.0166748864272188,1.024531339890733,1.0219989771632383,1.0124845143389674,1.0082615218387148,1.004537853721485
15.44,1.015333044957238,1.0237067409595264,1.0204943673910751,1.0091578383800561,1.0091573812759516,1.0048898342450978
15.46,1.0139974387280413,1.0262715065139698,1.0228189696409693,1.0097450637858074,1.010354028170668,1.0050992790478492
15.48,1.0124755103572718,1.0251979940366853,1.021368876369852,1.006593002892338,1.0114941235399997,1.005410045949977
15.5,1.0141216374589965,1.02751230401769,1.0237455854254582,1.007360797603901,1.0129283825830793,1.0023992770534877
15.52,1.0124432015614553,1.026274581106664,1.022355104962383,1.0043943452831274,1.0142441067113237,1.0026404392468597
15.540000000000001,1.0138491075198988,1.028419459604553,1.0247899505996916,1.0054203444733307,1.0158359223961198,1.0029830798619948
15.56,1.0119265961636699,1.027020233520826,1.0234659797386945,1.002711645661969,1.0138761457219807,1.003180933855718
15.58,1.0131013036197931,1.0289987847365065,1.02596664075869,1.004002160330006,1.0156080213174512,1.003459973114603
15.6,1.0109437433057926,1.0274416703447642,1.0247175774037327,1.0015400301382502,1.0137794492961665,1.00358576847988
15.620000000000001,1.0118798003062182,1.0292585035923372,1.0272928139439337,1.0030837689501366,1.015651780403758,1.0037889530949986
15.64,1.0094795687074893,1.0275485765769492,1.026127665994581,1.0008739264098834,1.0139539143787506,1.0038299259905745
15.66,1.0101700766322503,1.0292096209216002,1.0287867132526545,1.0026764693004357,1.0159658203976696,1.0039440024295296
15.68,1.0075203235879941,1.02735330323911,1.0277149951737545,1.0007242661427873,1.0143967998282812,1.0038864060149058
15.700000000000001,1.0079591877940768,1.0288657743199918,1.0304676363714993,1.0027908394888516,1.0165460444154126,1.0038972073706343
15.72,1.0050539962973755,1.0268707904600225,1.0294993521247555,1.0011012036865958,1.0151026022049097,1.0037264076792711
15.74,1.0052995449684268,1.025064374783451,1.028714251533625,1.003436624401797,1.017385546742342,1.0035554968988163
15.76,1.00537703083495,1.026677752870837,1.0278852258590891,1.001995816729866,1.0160629654534703,1.0066868782085678
15.780000000000001,1.0053096707547828,1.0247974373178366,1.0272663958237827,1.0045865518887487,1.014979464387518,1.0063088877925375
15.8,1.0083066143023318,1.026331620862937,1.0266048004711341,1.0033992231221769,1.013817661903142,1.0060145036128798
15.82,1.0079315640101703,1.0244005159644818,1.0261617570715018,1.0062323842382244,1.0128213944293587,1.005445001599524
15.84,1.010601785405937,1.0258794308582555,1.0256772511476533,1.0053530206186096,1.0117257852354022,1.0049575334877154
15.860000000000001,1.0099035827119192,1.0239055113954088,1.0254197078284006,1.008501805324923,1.010793702567411,1.004182090289142
15.88,1.0123109222682078,1.0253378319518145,1.0251222530176693,1.0078607324327724,1.0136395739060484,1.0034249388323357
15.9,1.0113534614907636,1.023330499659763,1.0251306294696803,1.007377647532745,1.0127997912885545,1.0024548784567262
15.92,1.013496400156349,1.0247266286407912,1.0250955689693653,1.0069612622560387,1.0156572745352528,1.0015026697664173
15.94,1.0122797295954644,1.0226969900179732,1.0253567818726905,1.0067027030304831,1.0148140146660705,1.0038714088014538
15.96,1.014159825243783,1.0240689436772383,1.0255704243992663,1.006515232343599,1.0141270658278096,1.0026796529691726
15.98,1.0127037490418092,1.0220292107817217,1.0260902571262607,1.0064843004270776,1.013318356264587,1.0047888523888626
16.0,1.0143415183528441,1.0233896751895548,1.026558505709088,1.0065107173942098,1.0126606000269662,1.0033273009744943
16.02,1.0127137473185508,1.021352867484942,1.0273428832568354,1.006691938316066,1.0118733132704452,1.005100692903644
16.04,1.0141737436369826,1.0227155901023117,1.028011518174812,1.0069344004847227,1.0112307823473983,1.003297232130496
16.06,1.012374881850051,1.0207560612857511,1.0290068426400478,1.0072608797866098,1.0104499876399395,1.004727835448949
16.080000000000002,1.013658028057712,1.02225385489443,1.0299557476797645,1.0076507386476299,1.0098064967705103,1.0026439947704877
16.1,1.0116307914919815,1.020438047948855,1.031241893196176,1.0081261215235595,1.0089467636482485,1.0037904055502591
16.12,1.012682800013014,1.0220747063173565,1.0288991815987798,1.008666233035947,1.0082203142487516,1.0014176518561086
16.14,1.0104383642715167,1.0239864100465574,1.0305218355613466,1.0092739971323625,1.0112285720256908,1.0022707257078256
16.16,1.0112703987747746,1.0225669178287768,1.0285315023930204,1.0059844411852492,1.010370590208395,0.9996197902548363
16.18,1.0119825838233947,1.024614349316991,1.0304974098046427,1.0067774376233936,1.0132301438008042,1.0001909481438007
16.2,1.0126317069118773,1.0233579142445617,1.0288281187252404,1.0076530163446666,1.0122053535447852,1.0008016572424587
16.22,1.013164001096606,1.0255651336012566,1.0271271849328454,1.0085921161465556,1.0113270934660359,1.0010721545781527
16.240000000000002,1.013657491929326,1.0244799563582596,1.025839812294191,1.0095913190864807,1.0101228767350565,1.0013671242372562
16.26,1.0140384379252518,1.0268355982107282,1.0244515002752514,1.0106356378692456,1.0090652452570152,1.0013147223697452
16.28,1.0143875275566545,1.0259729425372486,1.0234856561141366,1.011736657694248,1.0076662469598698,1.0012904369165145
16.3,1.0146287090241621,1.0285490861173017,1.022416099778646,1.0128813909839014,1.0064134650165606,1.0009121820727032
16.32,1.0148458507794107,1.0279140097887305,1.0217776385910617,1.01407839252632,1.0048035904811106,1.0005664852287275
16.34,1.0149605475099133,1.0307163673076423,1.0210321007562375,1.015316994328637,1.0033393105427493,0.999860854772181
16.36,1.0119273686913983,1.0303148719952384,1.0207260354386953,1.0166024015153639,1.0055569511878817,1.002325291332423
16.38,1.0119666151661457,1.030250672913631,1.0203089149295033,1.0138715369999183,1.0038338131825535,1.0012601959297465
16.4,1.0119736700022797,1.0300513439179628,1.020323891965816,1.015286931394039,1.0057903282969662,1.0034292183580398
16.42,1.0119744183226729,1.0302149069594513,1.020202838082395,1.0126635074719004,1.003721756917893,1.0020885937349453
16.44,1.0119492832791392,1.030244529261408,1.020522141768759,1.0141966227862755,1.005335498898945,1.0039765378903667
16.46,1.0119845062030404,1.0306466909918768,1.0207004151035142,1.0116666551599796,1.0029100815658767,1.0022988540146436
16.48,1.0120005080533767,1.0309162317754608,1.0213269667837777,1.0133028292245805,1.0042418147163565,1.0038462095382812
16.5,1.0120772974519037,1.03156824325065,1.0218067654556402,1.0148854087406005,1.001521504022243,1.0018397823526195
16.52,1.0121419438192554,1.032088789699193,1.018569549367755,1.0165025331517992,1.002576917361694,1.003056091064229
16.54,1.0122685927500132,1.033067066621064,1.0193420830163764,1.018040188030735,1.0036936631633644,1.000799794613501
16.56,1.0123905675171958,1.0338904300359752,1.0163859345442177,1.0154769844831693,1.0043562463051643,1.001781601329295
16.580000000000002,1.0125771002969302,1.0351826854621233,1.0174520503489712,1.0170087294822858,1.005064419635843,0.99930365844995
16.6,1.0127673949464313,1.0332676547936732,1.0147559660448922,1.014415546557565,1.0053041046848294,1.0000580233360585
16.62,1.0130149039342875,1.0348563839896747,1.0160793714913254,1.0159237275201458,1.0056678622325506,1.000424883623471
16.64,1.013332836985037,1.0332396492727367,1.0172449074532157,1.013209644794777,1.005550322858527,1.0009227478082625
16.66,1.0137321100829926,1.0315169580760077,1.0187919370003995,1.014620489830413,1.0055743035214872,1.0010363204220107
16.68,1.0142010256879672,1.0302588337384404,1.0201575291398113,1.0117870920117653,1.0051051206083095,1.0012904460377756
16.7,1.0147419179420183,1.02889270653639,1.0219085894847892,1.0130826139140892,1.004780071895028,1.00116433383777
16.72,1.0153527043714607,1.0279999485419369,1.0234721205383874,1.014316495214493,1.00395051143739,1.0012538725423736
16.740000000000002,1.016044814831277,1.0269965644658505,1.0211533945930593,1.0154446202157539,1.0032247891792867,1.0009676699167276
16.76,1.0168078333993602,1.0265403593950717,1.0229037773987892,1.016485993527747,1.0020618941265598,1.0009023388850862
16.78,1.0176620235457348,1.025945040029187,1.0207517972014517,1.0173277560766363,1.0010089601343308,1.0004671760599884
16.8,1.01858876406705,1.025907475721141,1.0226846864624122,1.0180825540367113,1.0036844466525636,1.0002593716059902
16.82,1.0196168304988587,1.0257230794290357,1.0206931951223082,1.0144450606675495,1.0022605426031808,0.9997090816549097
16.84,1.0177223814156149,1.0260463695579116,1.0228013788847004,1.014956863627547,1.0045394149114228,1.0023897426252963
16.86,1.0190329908349876,1.0262034483722118,1.020940564430239,1.0110541460208622,1.0027222876607587,1.0017525610583027
16.88,1.0174445625200879,1.0268788250934926,1.0231936817103122,1.0113042280248825,1.0045539990748082,1.0043387665138823
16.9,1.0190593138965984,1.0273842966046836,1.0214529823260556,1.0114955780170107,1.0023740370829515,1.0036265215054545
16.92,1.0177828218703855,1.028418324041568,1.019460912318357,1.0114320043822,1.0038577720875068,1.0026391203851155
16.94,1.0197078692452965,1.0292780733572904,1.0215317333267642,1.011288986801548,1.0048329226111843,1.001906939665263
16.96,1.0187321563072314,1.0269292806483235,1.0195910158895325,1.0108918413792671,1.0059143063595206,1.0009257941674319
16.98,1.0208995946161885,1.0281147951700913,1.0217045037236283,1.010434295481847,1.006484538107662,1.0002613684941766
17.0,1.0202158007566209,1.0260830309469995,1.0197826600580018,1.009704056094714,1.0071722979533693,0.9993548812293707
17.02,1.0197249416918517,1.027599107150216,1.0219247000130878,1.008914558356408,1.0073476486114803,1.0017194231404583
17.04,1.0193767327365397,1.0258731586709244,1.0200061660606279,1.0078339290323344,1.0076530432996478,1.0008468061913796
17.06,1.0192470225717427,1.0277083608441653,1.0221606954472966,1.0066955589961966,1.0074603632653396,1.003240122528445
17.080000000000002,1.0192569004421022,1.0262910860530279,1.0202277911523199,1.0096992176429467,1.0074826604912772,1.0024133257489787
17.1,1.0194955095496927,1.0284478183778551,1.017925365759106,1.0081648613172063,1.007029428750391,1.0048484806683629
17.12,1.019870595204096,1.0273406367860682,1.0197445650870658,1.0107470027817511,1.0067984532359198,1.0040813344195403
17.14,1.0204845722950986,1.0259928006562429,1.0173541269294266,1.0088032507405895,1.0060937706230373,1.0065727281589272
17.16,1.0212318303153038,1.0251589530744172,1.01907258586435,1.0109725846490414,1.0056197107918532,1.0058798183429838
17.18,1.0222713445603386,1.0240788123976199,1.0165552352124707,1.0086087237713146,1.0047496984997517,1.0050457381689943
17.2,1.0233807258735275,1.0235166299492713,1.018152979963002,1.010280589945896,1.007510581916053,1.0045428801227994
17.22,1.0247773574353143,1.0227021310891873,1.0154873176748587,1.0074990518068478,1.006422760145087,1.003925370505545
17.240000000000002,1.026241810756385,1.0255124755979896,1.016861625805884,1.0087637763567248,1.008957663430059,1.0036379200992638
17.26,1.0249013924117962,1.0249333435337264,1.0139641732036804,1.005577090362082,1.0076642552008792,1.0032457083298896
17.28,1.0238505163786473,1.0279774971810232,1.015109490397585,1.0064298050649647,1.0099868182783558,1.0060886397741085
17.3,1.0229468662912413,1.0275984795386264,1.0158593668969944,1.0028333178346074,1.0085019018930925,1.0058696775621065
17.32,1.022356866449999,1.0269560328739047,1.0167273513542785,1.0032905319842076,1.010641777251612,1.0088840530098189
17.34,1.0218497898144616,1.0268172175118968,1.0171775864651864,0.9993008229699303,1.0089950204829679,1.0089101051171483
17.36,1.0216457686734053,1.0264048704173927,1.017727096407877,0.9993609819890894,1.0068920900314042,1.0088315048631848
17.38,1.0215234456416018,1.0264321847739755,1.017855883208986,1.0034837034107937,1.0084832781038235,1.0091317905940504
17.400000000000002,1.0217605108953942,1.0261772797291147,1.0136335157854086,1.0031172497144967,1.0063511969002779,1.009355688621456
17.42,1.0220745403629288,1.0263594952886845,1.0134938014958323,1.0067251627720744,1.0079038045308089,1.0099555182767364
17.44,1.0227586665130508,1.026157250045451,1.0129588932384732,1.0058568788736375,1.0057559368694475,1.0104908765926954
17.46,1.023513703964007,1.0255958796057567,1.012499894417013,1.0089779825960514,1.0072822723320858,1.0113994609049244
17.48,1.021403238473257,1.025459580272523,1.011639448443074,1.0076376435007202,1.0051312480534893,1.01231633222626
17.5,1.0225637327881714,1.0249409802709315,1.0108349661140394,1.0103585572515046,1.006644988385574,1.0135249784555487
17.52,1.0208497439400024,1.0248405015375632,1.0095516816775874,1.0086334109828083,1.0045648261426665,1.01475530256611
17.54,1.022419816930698,1.0243492003028782,1.0083045812187539,1.0109606119360057,1.0061400064815889,1.0129923857993783
17.56,1.0211052395031623,1.0242677203684276,1.0065839359212556,1.008859277258205,1.0074238599794851,1.0145867714743952
17.580000000000002,1.023070906377446,1.0237851822563648,1.0089206946430944,1.0108033414841184,1.009015979173066,1.013211052264778
17.6,1.022141289219553,1.0229093359742385,1.0067891918006282,1.0083735262490654,1.0103283381830197,1.015195124080905
17.62,1.0211961505901188,1.0223688418531953,1.0087069545533245,1.0099831373556043,1.0079995380156044,1.014274762934281
17.64,1.0206123111344343,1.0214116089433851,1.0061445494151044,1.0112690854695963,1.0094047677565579,1.0166808131160519
17.66,1.0200083955286006,1.0207762053870741,1.007548737533308,1.0125619092804845,1.0072101282113195,1.0161853976076591
17.68,1.022733919311125,1.0197160028094623,1.004487444929322,1.0135341483851024,1.0087429149472502,1.0159976359994891
17.7,1.0224439394907519,1.0222785649396897,1.00538915401504,1.0145222842056612,1.0067562480037164,1.0159163389952433
17.72,1.0221827875548564,1.02108385505962,1.0018368409644336,1.015193939882951,1.0084750633375839,1.0161405998417679
17.740000000000002,1.022229649218383,1.0235010296303182,1.0023181681810072,1.0158920984633184,1.00669029391433,1.0164663073553544
17.76,1.0222984157099129,1.0220571569932684,1.0024452500526122,1.0162793374410004,1.0086052608842584,1.0170952740168382
17.78,1.0226783841777614,1.020126252581731,1.0024637889331913,1.0167255604030974,1.0070327068517102,1.0178372210669857
17.8,1.0230117567520425,1.0184639611633504,1.0021146166483703,1.0168666928302956,1.0091544618930266,1.0189396611197719
17.82,1.0236373747162921,1.0163076992002646,1.0016431657967209,1.012821135972315,1.0078050609657456,1.0201665388540877
17.84,1.0242102366764185,1.0177776656201805,1.0051418346697547,1.012860587567081,1.0062703356957154,1.018505290045884
17.86,1.0216992797563713,1.015343519726922,1.0041180710414181,1.0126134769080073,1.0084279124737099,1.0201773806457344
17.88,1.0224600363366907,1.016540415734922,1.0070582065156728,1.0125158929649434,1.0071994382664347,1.01895727289686
17.900000000000002,1.0231501084973562,1.0138092629451272,1.0055052852361515,1.0121567576802146,1.0096590343505931,1.0180475236260595
17.92,1.0240642977103054,1.0147220428257944,1.0079113505474497,1.0119547582422381,1.0087453543577385,1.0173150366142052
17.94,1.0248864420580146,1.0151036016745687,1.005910505543759,1.011500534835049,1.0115007588005147,1.01688736548411
17.96,1.0225066530591809,1.015604700961514,1.0078781087072128,1.0112122417147544,1.0108961588959091,1.0165831151176048
17.98,1.0234909007874124,1.0155564444447958,1.0054509353347427,1.0106818208947326,1.014020696211226,1.0165636970522396
18.0,1.0212471882276009,1.0156053553542623,1.0069847050640304,1.0103267475591604,1.0137947908996017,1.0166769485979317
18.02,1.022314445453465,1.0151051618056384,1.0041364392011394,1.0097402733239766,1.0135176856986674,1.01713576640832
18.04,1.0232212987275822,1.014751283991051,1.0053160251520428,1.0131891192133775,1.0136558373783455,1.014621398829336
18.06,1.0243246570928783,1.0137885902689496,1.0020560678821049,1.0126412092777795,1.013775333420034,1.0155168433456034
18.080000000000002,1.0252431494053846,1.0164360208434036,1.0028340922885581,1.0161157320039642,1.0142920936820772,1.0134295755785219
18.1,1.0228635073873926,1.0149665303863253,0.9992139188788887,1.0156173933842005,1.0148034033492979,1.0147020742063784
18.12,1.0238171425899636,1.0170853010910927,0.9996227657046495,1.0149580571978296,1.015770876836692,1.0129632479663764
18.14,1.021444123308648,1.015145746468527,0.999905013189851,1.014577404198202,1.0167255892558935,1.0145997973561214
18.16,1.0223374124173872,1.0167124198187438,0.9999562301245879,1.0140696513085983,1.018129786735701,1.016498205265845
18.18,1.022971533031988,1.0142360392519394,0.9998832702817753,1.0138397764127172,1.0162503817020088,1.0153768513418724
18.2,1.0237096226736626,1.0152743302560392,0.9995931941493019,1.0134951091260396,1.0181455946012825,1.0176944154559793
18.22,1.0241663003622277,1.0157932511446766,0.9991825545532782,1.0134117445967377,1.0167442884812323,1.0169751011924493
18.240000000000002,1.0211795138868545,1.0162635847747845,0.9985875328612837,1.0132264492392489,1.0191203908873487,1.0196499967577357
18.26,1.0214788641461592,1.0162047334670201,0.9978759678117219,1.013303150032944,1.0181968660558407,1.0192516236132323
18.28,1.0215240453275358,1.0161524585057595,0.9970661275948913,1.0133577865621284,1.0173448112199694,1.0190444731715542
18.3,1.0216115687950955,1.0155222036203222,0.9961449445138939,1.0133173786698082,1.0169494985410445,1.0189164050172408
18.32,1.0214209612346519,1.0148849909090565,0.9992025542699325,1.0136121352300478,1.0166210378857232,1.0189753413845948
18.34,1.0212520166876384,1.0136829418572209,0.9980339059324024,1.013846735601338,1.0167416711737083,1.019113056797417
18.36,1.0207960693587164,1.012481168390285,1.0008333337649136,1.014412340070037,1.0168729408034969,1.019432279302845
18.38,1.0236136207080464,1.0107991801468197,0.9994378561232722,1.015000940374156,1.0174498242809054,1.016555400272599
18.400000000000002,1.0227685427951103,1.0126867528843322,1.0020015372502113,1.0159121197476542,1.0180500275082636,1.017164406559559
18.42,1.0216158532122055,1.0105089422137974,1.0004918545349488,1.0168603965042513,1.0190768588188461,1.0179350530359952
18.44,1.0203870355137674,1.011804755075742,1.0029271533895932,1.0181227324966688,1.0167565024815437,1.0187761901096133
18.46,1.0188633971444143,1.009049722965755,1.0013205108216008,1.0194367028880955,1.0182864129714622,1.0196892035764447
18.48,1.0206369245198461,1.0098334727984914,0.9997088665581098,1.0170009008245546,1.0165268639726648,1.0172704698659185
18.5,1.0186897331810818,1.0105353650175193,1.002111781638816,1.0186347385309373,1.0185435186768446,1.0182848533712745
18.52,1.0200192758259705,1.01076364468023,1.000496085033002,1.0166193480872314,1.017243675749426,1.0159389391566598
18.54,1.0176258948041195,1.0109981569530415,1.0028821911527848,1.0186727083288778,1.0197382763734673,1.0170381385443492
18.56,1.0184325950567583,1.0107729354306754,1.001276456443886,1.0170853753537061,1.018905330707953,1.018209441007059
18.580000000000002,1.0154983434958345,1.0105513793155927,1.0036616179440019,1.01956642786783,1.0184215514052708,1.019349429825482
18.6,1.0157774637311427,1.0098841832066556,1.0020819758504205,1.0184154593594543,1.0181029646317468,1.0205358994596643
18.62,1.0157615640123692,1.0092193792145316,1.0044830706863257,1.0213151953565969,1.0181257770669647,1.0182143511660144
18.64,1.0155387537749343,1.0081418169265781,1.0030154269612748,1.0205919941355828,1.0182538208430423,1.0193642173066224
18.66,1.0150036131097586,1.0069977638320688,1.0016832943272531,1.0200878272243126,1.0187010130506344,1.0169734999604318
18.68,1.0142406855954778,1.0093626969263063,1.0042235212946604,1.0198981396159486,1.0192421676985572,1.0180619893628808
18.7,1.0130970596179205,1.0078312116084547,1.0029589836803048,1.0198896169732787,1.0200979233312715,1.019127326131251
18.72,1.0152243603292934,1.0098204538529272,1.005632337900363,1.0201875433693055,1.0175030921720742,1.0166046776530235
18.740000000000002,1.0135405307464724,1.0080258956269539,1.0045240859821893,1.0206819933860927,1.0187401051355662,1.017503869425871
18.76,1.0150323838852544,1.0097411508118777,1.0073468994693178,1.0215274001737216,1.0164874856378001,1.0147819072712139
18.78,1.0127111936408926,1.007697286168879,1.0064103591523859,1.0225860891748466,1.018089086525755,1.0154854869358765
18.8,1.0135611772186461,1.0091527595334409,1.0093985998740118,1.0239167768420727,1.0199873673124904,1.0161514193445376
18.82,1.0106707940328032,1.0068744231420643,1.0087181339659566,1.0216684173164081,1.0183010051040426,1.016621013324313
18.84,1.0109637651466539,1.008086842895466,1.0082167395085664,1.0235476925083082,1.0204766515916686,1.0170265054200294
18.86,1.0109768415060945,1.0093311909544758,1.007831512435085,1.0218066843947953,1.01904450591514,1.0137537961651981
18.88,1.0106797287829368,1.0103360858140977,1.0076579797694158,1.0242065696791745,1.0214924599289459,1.0139140590237519
18.900000000000002,1.0100485422680352,1.0113798350513319,1.0075959579472666,1.0229817752732329,1.020290485779888,1.0140393726426784
18.92,1.0091693538208188,1.0087570667796975,1.0077591327416848,1.0259108527280005,1.0193108455697226,1.0138244858403285
18.94,1.0114244765769618,1.0096625555644554,1.0080124457173227,1.0252104201978876,1.0183728281817244,1.0135519023844242
18.96,1.0099253156657628,1.0069479256679923,1.0085049029457505,1.0286579302752714,1.0175775370211269,1.0129296796850804
18.98,1.0115562980373882,1.0077511559176315,1.005416670552276,1.0284714525119372,1.020726506367656,1.012244961850445
19.0,1.009445554290398,1.0086305778126627,1.0063687379782658,1.028524990981323,1.0201464191246168,1.0149432231181579
19.02,1.01053332220084,1.0092832682887716,1.0037680506097386,1.0288193116253688,1.0197663728562834,1.0137405732818752
19.04,1.0079305890276427,1.0100239236129545,1.0051813388676447,1.02547513153767,1.0193336151637036,1.015971167047331
19.06,1.0085205502917294,1.0106163380589326,1.0069256270071572,1.0263547822277996,1.019002737278071,1.014275769631221
19.080000000000002,1.0054439603233485,1.0113074399541482,1.0087433634159673,1.0274124331040773,1.0186073796079134,1.015935575337629
19.1,1.0055543381251688,1.008534109972178,1.0070967116835283,1.0287936727117972,1.0183272134177863,1.0136487163204588
19.12,1.0053646534631682,1.0092598706687559,1.0058359765642135,1.0303279857439918,1.0219737603873669,1.0147128918339074
19.14,1.004949845844469,1.0101489768902523,1.0046983985579439,1.0281755994353026,1.021695526592847,1.0156658045464373
19.16,1.0042373348515046,1.0109254805575452,1.0039790945038307,1.0302215228945746,1.0215197434683252,1.0161234499489322
19.18,1.0034263466725193,1.0118771995207947,1.0033537620642174,1.0285634440796436,1.0212417430194756,1.0164555650055838
19.2,1.0023211819577584,1.0127207264266058,1.0031611144143227,1.031106389132315,1.020984088758357,1.0162685716795843
19.22,1.0011318913144063,1.0137520315077841,1.0030536243876444,1.0298545633473328,1.020604609469471,1.0159625632275664
19.240000000000002,0.9996531208245623,1.0114127214686883,1.0034655634840126,1.0328297951482521,1.020236772480628,1.0151150371951974
19.26,1.001373151115314,1.012584817440131,1.0039321927287002,1.0319884469743519,1.0238403334983266,1.0141560760795656
19.28,0.9995540900772442,1.0104286775707871,1.0048704904069843,1.0312842641387734,1.023303902697168,1.0165532702022602
19.3,1.0009260166960114,1.0118390044471637,1.0058551949139498,1.0309019413360438,1.022774234257513,1.0149432668033915
19.32,0.9988075929108549,1.0099410574130454,1.0073083048557436,1.0306473293654035,1.0219891321082888,1.0166647247912044
19.34,0.9998729864780183,1.0083869639693956,1.0052613961051047,1.0307020732559748,1.0212050374195338,1.014453859002245
19.36,1.0006908600830675,1.0103410930681775,1.0072657192133636,1.0307837073557848,1.0200602733454884,1.015567527924932
19.38,1.00148045076571,1.0090664960133395,1.005792920590734,1.0311797966090988,1.01891359727247,1.0126989549127918
19.400000000000002,1.0020505564047388,1.0113579821104146,1.0083843775068937,1.031594167319109,1.0216893596164915,1.013149589961582
19.42,1.002603132918944,1.0104370180030982,1.007493142619154,1.0280106032507814,1.0201984621675444,1.0096478072588244
19.44,1.0029475118847726,1.0130744938231384,1.010681204162621,1.028718044807468,1.02260890714177,1.0094616889966472
19.46,0.9999584325872588,1.0125148220986593,1.0103591211570044,1.0294460209910654,1.0207157856163271,1.0125722014942653
19.48,1.0001444932169017,1.0123464250476555,1.0100180321468717,1.0304050112253864,1.0188332153680584,1.0117381436388344
19.5,1.0002077786962227,1.0121831166008108,1.0102457716935758,1.031355808466123,1.0208256905328228,1.0141769396915663
19.52,1.0003659877832503,1.012419619959909,1.0104477784311194,1.0282040396077976,1.0184910790441801,1.0126551519269391
19.54,1.00041184118379,1.0126578054747803,1.0112349807240502,1.0293903628145311,1.0200092275134298,1.0144777219896488
19.56,1.0005544333181007,1.0133095257112654,1.011967110131109,1.0264367012256521,1.017093079332517,1.0123608470692078
19.580000000000002,1.0005962874727166,1.0108528415975657,1.0133007935690725,1.0277650153414783,1.0180297758552852,1.0135829466748962
19.6,1.003845056714936,1.0119702099840113,1.0146311613191936,1.0290625207836115,1.0145024696068385,1.0109648144531285
19.62,1.0038425240900724,1.0100054539635919,1.0123639394492026,1.0305626719447085,1.0148535287871567,1.0116926986156534
19.64,1.0038107724101453,1.0116774310411292,1.014207200990063,1.031914964781572,1.0151368323438121,1.0118317745715961
19.66,1.003829062295182,1.010236396619012,1.012439721757501,1.028961133932551,1.0148502143637756,1.0120435802486885
19.68,1.0038476220496335,1.0123706812838784,1.0148191732423755,1.0303171265772382,1.0144957216506736,1.01167041819396
19.7,1.0039828648514506,1.0114627530567692,1.0135459412744678,1.02732126094025,1.0135413411382883,1.0113872455511856
19.72,1.004129574612274,1.0110730484170212,1.0164484428605551,1.0286524224014628,1.0126072809954576,1.0105245205451903
19.740000000000002,1.0042822699096865,1.010743558443536,1.0156610379050952,1.0297761632290734,1.011047252571109,1.0130177237884483
19.76,1.0045611372159131,1.0109467648613815,1.014803317233622,1.0309424801395242,1.0094597562219247,1.0117202753762502
19.78,1.0048756797541563,1.0112010346084068,1.014551882283265,1.031872552991302,1.0117349090478123,1.01377228045458
19.8,1.0053194701062367,1.0119817011470689,1.0142183827734583,1.028322616383758,1.0094651100317047,1.012161441044288
19.82,1.005877183320285,1.0127452106669548,1.0144349325121533,1.0290780409214975,1.0110377550533323,1.0138242218539757
19.84,1.00662222787399,1.0141203678227892,1.0145363677880295,1.029595293147334,1.0080639681782433,1.0118605343644091
19.86,1.0074915960020991,1.0154719925361069,1.014460110526869,1.0301129550722234,1.008948329259935,1.0131629581876869
19.88,1.005450316855125,1.0138195650281552,1.0149326481274685,1.0303793563873782,1.0052867758304629,1.0139673279124182
19.900000000000002,1.0066171268637802,1.0157779285152557,1.0152019686031826,1.0306185702237043,1.0054799986055176,1.01115831383908
19.92,1.0048893431785126,1.0146682073505833,1.016024813810315,1.0305955686865276,1.0050180413505503,1.0116957548279082
19.94,1.0064043954944948,1.0141590166396568,1.0166350735090632,1.0304283014331128,1.0045547867288267,1.0087472771612802
19.96,1.0080633337915943,1.0136377351822539,1.017717637690302,1.0300105753687356,1.0078954391891886,1.0091348159348694
19.98,1.0068411434396294,1.0138167705162366,1.0185796144098078,1.0293558592104124,1.0067513253602316,1.0091496543360625
20.0,1.0088616022961192,1.0139574455940166,1.0154251131739658,1.0284545531905236,1.0094020887651975,1.0093889316309532
20.02,1.0080327444161632,1.0147535171789004,1.0165558011269407,1.0272945168811694,1.007600586618965,1.0092692669597998
20.04,1.0105027640454356,1.0154808339146326,1.0173727290838412,1.0258502699248813,1.0095869182557813,1.0093845804461754
20.06,1.0101355162252472,1.013139764779037,1.0187332282556834,1.0241670631003505,1.0071382712563208,1.0091554765177948
20.080000000000002,1.0100664835444315,1.014507474292048,1.0197475924539368,1.0268282412321001,1.008473020812171,1.0122344973609358
20.1,1.0101887206850348,1.0127811939852964,1.0166369117453793,1.02464250915199,1.0053470462676026,1.011931387762803
20.12,1.0105741065351648,1.0147213542275568,1.0177967364570266,1.0267759829684975,1.0061007969397746,1.0113436553699833
20.14,1.0112071910226248,1.0135329513356814,1.014791511967609,1.0239462933524197,1.0060639205481738,1.0110978700779008
20.16,1.0120985741373976,1.016032600807075,1.016074844722358,1.0254340064615644,1.0061881196364642,1.0105999332643787
20.18,1.013231088465901,1.015391089014817,1.0169894024744193,1.0219488214707093,1.0056101459480056,1.0104446459790513
20.2,1.0146363761581192,1.0146191174882895,1.01834505412342,1.0227125140986035,1.0052118887031494,1.0100512353888345
20.22,1.0133332089368867,1.0145123430076899,1.0192272707632068,1.023256069954015,1.0041169166815083,1.0093714509905594
20.240000000000002,1.0153438351557904,1.0143234309413287,1.0157602083577548,1.0233282783101694,1.006818229210256,1.0090941713781216
20.26,1.0145852374982078,1.0148146032676808,1.016546855902455,1.0231651123722525,1.0052027202758982,1.0086258831546946
20.28,1.0171451242950913,1.0151894730354598,1.016868349753934,1.022517560142211,1.0074574335337685,1.0085576510306078
20.3,1.0169409467505348,1.0123276175670444,1.0175780810425041,1.0215837824272542,1.0054313327101463,1.00831276107375
20.32,1.017143339231788,1.0131746329721347,1.0177880110422803,1.0202274759617063,1.0072633273231562,1.0113833669053411
20.34,1.0175837998284962,1.0138382695057415,1.0182736563123256,1.0186002443515423,1.0048520151830829,1.0113228701139878
20.36,1.0153085334197742,1.0151192768858655,1.0182620487383054,1.0212842895583107,1.0063035868513852,1.011149104193107
20.38,1.016395626504511,1.016194345592596,1.0177525514552759,1.0189165923273666,1.0071363700364513,1.0113821915778587
20.400000000000002,1.0147482987906706,1.0138830076287317,1.0175167872556887,1.0207693206178834,1.0082676589563162,1.0115342370227998
20.42,1.016472127337349,1.0153263261444307,1.0167505678706075,1.0176825118704969,1.00879373413097,1.0120885827381318
20.44,1.0155029802847046,1.0133553490580505,1.0161390214761505,1.0188079809323014,1.0096303036909617,1.0125759325943946
20.46,1.0178557633694914,1.015165582828279,1.0149891760092422,1.015003166704032,1.0098763525800676,1.0101005545574502
20.48,1.0175124363734,1.0135302260893395,1.013960007568119,1.0154041227622619,1.009512264672522,1.011038291510479
20.5,1.0204888686461613,1.0157009040757674,1.0123844088623355,1.0152380970840031,1.0094974555260467,1.0090236918968785
20.52,1.0207658474369055,1.0175713714123185,1.0150358489531444,1.0149482254809143,1.008993789335987,1.0104102314654317
20.54,1.0183031699950251,1.01592854946905,1.012920417268305,1.0140172164615278,1.0088484948470642,1.011755870789302
20.56,1.0192218720396977,1.018124357710179,1.0150885480116987,1.01298738115835,1.0082303132360844,1.0135945842375411
20.580000000000002,1.0173880011596985,1.0166930828229406,1.0124515393273525,1.0114013097342474,1.0079928190056195,1.0154075750844864
20.6,1.018952434195265,1.01905464448578,1.0140013408187385,1.009739864334895,1.0072987320447648,1.014302562231146
20.62,1.0177597554747226,1.0209925513807843,1.0149358574912908,1.0075180243564112,1.0103945825215375,1.016635890212036
20.64,1.0167275330083143,1.0192573945311882,1.0158219865299363,1.0052644076652468,1.0096469833629422,1.0160785475174559
20.66,1.0162055622222355,1.0213370817527374,1.016072882314806,1.007250085833654,1.0084692953817118,1.0189397228274732
20.68,1.0158157057857842,1.0197011413215926,1.011452530921023,1.0086878671622914,1.0077721445447319,1.0188988703470498
20.7,1.015951921996419,1.0218989080344474,1.0110495111136335,1.0100422979541994,1.00676229131661,1.0189813030744674
20.72,1.016151228214021,1.023546455604596,1.0100772675340157,1.0107719287942931,1.0095223344859994,1.0195709936661037
20.740000000000002,1.0135598520414915,1.0214065820998997,1.00900496730705,1.011468460874461,1.008630117853878,1.0202504895211353
20.76,1.0143762375791665,1.0230336575776882,1.0073478194262564,1.011561942019469,1.011552732989351,1.0214124498043367
20.78,1.0152994596700036,1.0208287101748579,1.0055564317404033,1.011735200664944,1.0108531512079395,1.0197451099845507
20.8,1.0166902086305354,1.0224177337802485,1.0031858050925302,1.0113110019040379,1.009871760900725,1.0215303942835932
20.82,1.018106609200657,1.0234370867807008,1.0050181010232508,1.010351864149298,1.0094180157635373,1.0205307901535816
20.84,1.016613036113278,1.020482319225788,1.0066222585756845,1.0094420539049231,1.00869524103455,1.0196744983850725
20.86,1.0185670509735314,1.0213423777994644,1.0076257448987618,1.0080313445174527,1.0118046470210107,1.0193098851584272
20.88,1.0175511962480002,1.0182043955457338,1.0083718546686424,1.006696129411373,1.0113532758715564,1.0191208549749755
20.900000000000002,1.0200079723895965,1.0188882594860136,1.0086131423582394,1.004886912936536,1.0107287983607165,1.0194158141826124
20.92,1.0194076811964827,1.0189178570958113,1.0085722332129694,1.0072521004137318,1.0106158918305397,1.0199461935283196
20.94,1.0188322639301524,1.019281570740167,1.0079718686494887,1.0050892301926329,1.010365542926392,1.0208889486293509
20.96,1.0186822326415292,1.0189595832661889,1.007173143474028,1.0070867594639061,1.0106790626895235,1.0220681821277593
20.98,1.0185485317690801,1.022379632288191,1.0058349704060028,1.004692899972902,1.0108692324557458,1.0236546319029516
21.0,1.0183484866444283,1.0216324767576688,1.0086418859685562,1.0064404803399745,1.0116099451773408,1.0224658852203319
21.02,1.0185905732375597,1.0201899912299504,1.0065506064834544,1.0038670801456826,1.0121707162212283,1.0247272137274177
21.04,1.01874180942424,1.0189465626174856,1.0085704621840055,1.0054875584335914,1.0093811574255966,1.0241468822976303
21.06,1.0192467173241666,1.0170005356036,1.0057152323991145,1.0067077701577434,1.010428032489072,1.0238531263013324
21.080000000000002,1.0196516798134665,1.0188192392635793,1.0069624576517304,1.0081467631027854,1.0113852426789047,1.0239738423559717
21.1,1.0198770817992289,1.0163058279637975,1.0033960290076465,1.0092025204932398,1.012890669769897,1.0213255350750674
21.12,1.020523820183442,1.017550486953371,1.0040056462061226,1.0060151792199354,1.0143229128742215,1.0221888848194298
21.14,1.020963522279097,1.0144210641766809,1.0043143504080332,1.0070096887957636,1.0162574737904018,1.0202082994274684
21.16,1.0217414235457323,1.015043473274054,1.0042185719758416,1.0039101714655354,1.018201934486088,1.0217581804613969
21.18,1.0222997881269649,1.0149589454815229,1.003732984236965,1.004968320163382,1.0168430323788595,1.020453352021627
21.2,1.0226640267509537,1.0149214039867758,1.0028955830261106,1.0057674105491374,1.0192905394069622,1.0194625348668374
21.22,1.0233371060393792,1.0141708440590893,1.0017527200109226,1.006902474218447,1.0185297814036782,1.0187755109076144
21.240000000000002,1.023785954659187,1.0171409066359742,1.0003085908095457,1.0077946104632325,1.0215592472946384,1.018398497064519
21.26,1.0207354686558987,1.0156611776662343,0.9985797285948328,1.0046713423778177,1.0213883038997256,1.021597232167413
21.28,1.0212028370016286,1.0178742707137305,1.0010080198259894,1.0057322642775457,1.021727183737264,1.0217924793694617
21.3,1.0213692986650091,1.01553564139191,0.998724253402778,1.002834600574861,1.0221797440736244,1.0222840477191861
21.32,1.0218201621162697,1.0169204176365931,1.000584456773474,1.004082478718364,1.0194585480822846,1.0230153659206385
21.34,1.0219364213085789,1.017591933120035,0.9977782392996914,1.0051405312810004,1.0205653436322977,1.024021990014522
21.36,1.0184635072866,1.0181810107964373,0.9991245606166927,1.0065908836147717,1.0185195558149367,1.0252789522036794
21.38,1.0184554801315322,1.0180467998137428,0.9959514943945686,1.0078690899451805,1.0203065851909026,1.0267879753659537
21.400000000000002,1.0181117925154006,1.0177998545879596,0.9969157457709565,1.0053170675495773,1.018942943534575,1.0251913531886152
21.42,1.0178388587393927,1.016859919400391,0.9976225767380491,1.0068905082624848,1.0214622819560415,1.0271777938740132
21.44,1.017200645864572,1.0157844874560062,0.9981518561022256,1.0046833696069282,1.020743538020922,1.0260330811536618
21.46,1.0199499702464072,1.0140530014554408,0.9984359640006497,1.0066525086860931,1.0239212112739309,1.0251487343259655
21.48,1.0189552420875891,1.0160042237905804,0.9986429437832598,1.0048626952288267,1.0238598071465987,1.0244870361879495
21.5,1.0175078861046938,1.0134678151631933,0.998636576987944,1.0030999436015122,1.0239976129485275,1.0240108826613228
21.52,1.0160607382914675,1.0145867978858965,1.0027007840765787,1.0054845598113777,1.0246798243105397,1.0271056361894955
21.54,1.01414962604911,1.01123282603419,1.002355021583604,1.004175069424032,1.0221434388756299,1.0269699049573107
21.56,1.0156518757250548,1.011625505655454,1.0018728714804208,1.0069929835903917,1.0235696191091557,1.0269819708576313
21.580000000000002,1.0132258994665677,1.0117896205897416,1.0013732829499293,1.0060983173188343,1.0217690185921942,1.0271203960137076
21.6,1.0141910873458664,1.0114013157192812,1.0007726195178295,1.0093239272762349,1.023863738535423,1.0273987109184128
21.62,1.014687938510669,1.0107750276574352,1.0002407124610366,1.0089243193014519,1.0227226086227337,1.0277743601371725
21.64,1.0150726117992344,1.0095624825641316,0.9996212708530106,1.0086038431337574,1.0220448262657031,1.0283172249065982
21.66,1.0149795239661366,1.0081884069484603,1.003108134239178,1.0087615245421369,1.021577695141953,1.028928821387824
21.68,1.0181810327464764,1.0062590500295334,1.0024124763682485,1.0090191780268802,1.0215684459101944,1.02617264479405
21.7,1.0173552219283208,1.0080345805085429,1.0017135793399472,1.0097411133318515,1.0217868617346404,1.0270332680143435
21.72,1.016041769558325,1.0095836714641617,1.001044788231356,1.0105598647622172,1.0224389880606601,1.0244091572489147
21.740000000000002,1.014477699616771,1.0106373167744014,1.0004085023925562,1.0118303652277292,1.0232636767235237,1.025397899720549
21.76,1.012447761046726,1.0114661616315148,0.999809602326053,1.0132878076324672,1.0245185596035922,1.026345219104539
21.78,1.0137293902900466,1.0119021957978855,0.9992573280532548,1.0111606309195955,1.0224736490871051,1.0237404418395202
21.8,1.010871365546286,1.012134349621567,1.0028414885669656,1.0132435904231465,1.0243619264442503,1.0246987522138715
21.82,1.0113768738402267,1.0119248646545476,1.0024615191258164,1.0118217174155015,1.0229122364200725,1.0255955649873698
21.84,1.007724358771883,1.0115394151045631,1.0022308838589407,1.0146105855522634,1.0218107755511328,1.0264308212090465
21.86,1.0074450732892704,1.0109299102719485,1.0020936303756525,1.0138777810242259,1.0210037217555388,1.0271742108256912
21.88,1.0105027656295578,1.0100089697195234,1.002120754629006,1.0172696614436403,1.020536844378549,1.0240931518489313
21.900000000000002,1.009349111265649,1.0089129441457674,1.0023065989085556,1.0171452399189844,1.0241615634531618,1.0246236294048314
21.92,1.011504453823501,1.0075332686641412,1.0026696304681648,1.0173718121526123,1.024281868457833,1.025014345354041
21.94,1.0094421629265833,1.0060696758324355,0.9993098422649762,1.01792118827205,1.0247192902287592,1.0252885096955406
21.96,1.010621902407622,1.00821614544176,1.0000502260554391,1.014974138516103,1.0253775687827353,1.0254638499709507
21.98,1.0113631440143518,1.0063434543105947,1.0010003553638223,1.0162144557962676,1.0262531084758129,1.021710988613786
22.0,1.011637252062994,1.0080876505371617,1.0020768791328436,1.0139748808176356,1.0273566327651986,1.0215865176082826
22.02,1.0114735668083492,1.00595070886905,1.0033798564758936,1.0159368007829856,1.0286520766748475,1.0212919089626311
22.04,1.0109050808503879,1.0074182083886347,1.0010103765163372,1.0144145480174056,1.0263717940777424,1.0207183978886358
22.06,1.0099358737956203,1.008838442406204,1.0027310326656327,1.0170885736813509,1.0281199226377606,1.0199446007860486
22.080000000000002,1.008548543532032,1.0100590407348777,1.0008197116810162,1.0162553868806714,1.026180394910627,1.022716804530429
22.1,1.0068052758590023,1.0112455230461572,1.0029849831446647,1.0197105438515421,1.0244330402441788,1.0213151407150747
22.12,1.004655061148645,1.0086372229513536,1.001539312287057,1.019577538939585,1.0267934107157903,1.0234370287358159
22.14,1.0057814570428079,1.0096701886513264,1.0042128193672282,1.0198041651348355,1.0253776047854255,1.0214403135595433
22.16,1.0065385446501498,1.0069694159167355,1.0032913694654644,1.0204097552694005,1.0279974470621416,1.0192563564418164
22.18,1.0068141841331117,1.007985769389946,1.002764053948594,1.021294858079829,1.026798689845883,1.0206395352182436
22.2,1.0067342656627671,1.0090024696592579,1.002475825478598,1.022561755782351,1.0256858052903999,1.017774863217717
22.22,1.0061921882585372,1.0064207575483977,1.0026147175441862,1.0241031744161322,1.0287206115131218,1.018452899114052
22.240000000000002,1.0088731160278535,1.0074354770598362,1.0029562099196463,1.0220111370612253,1.027786477100178,1.014947938178958
22.26,1.0075750003360913,1.0049111166498284,1.0036728249925295,1.0242482909192063,1.0308444915325432,1.0149162924059594
22.28,1.0094963272084865,1.0060334163982922,1.000927088269928,1.0228366977141987,1.0298840621278256,1.014704269995557
22.3,1.0074766370385353,1.0072845641360981,1.0023333167703703,1.0257687219119054,1.028903158612788,1.0139008157069376
22.32,1.008771163318369,1.0084611660977219,1.0002994662770277,1.0250303090867385,1.0279264229544491,1.0128222995553915
22.34,1.0061812118081344,1.0097824046576216,1.0024145059907075,1.0286501909977355,1.0269165051495106,1.0152743027862794
22.36,1.0068983327390049,1.0076166435088822,1.001025065452752,1.028577220029353,1.0258948487646933,1.0133589300043622
22.38,1.0072882421158322,1.009147674936747,1.003770329554544,1.028655299285266,1.024757759162823,1.0148878063944378
22.400000000000002,1.0074888927752603,1.0072390073902548,1.0030889381764865,1.0292058482449793,1.0235774425497235,1.0120544675890133
22.42,1.0073731012803524,1.0090102932704763,1.002951076768202,1.0298985466365997,1.0264910569492751,1.0126602659932913
22.44,1.0070903423126074,1.0110146339104542,1.003009756302113,1.026820770362445,1.0250875793521907,1.0089998544302028
22.46,1.0064345691778378,1.0096981566225187,1.0035812198609326,1.0281566707855296,1.0276841715918081,1.008772890881679
22.48,1.0090719542032174,1.012018454827441,1.004300540945521,1.0256900586520328,1.0259047967233688,1.0083528670764212
22.5,1.0080117067068857,1.0110597320600112,1.0055535026363343,1.0276716910162107,1.0239810992585974,1.0072814501146743
22.52,1.0066703187349555,1.0104263168642245,1.0069453735849219,1.025736502470519,1.0261056117911118,1.0095978996522996
22.54,1.0086033005243449,1.0098639696826988,1.008955178102683,1.0239004338875808,1.0237788152794098,1.0076158882732322
22.56,1.0069270528065282,1.0096566178117534,1.0110273348255179,1.0264793293656982,1.0254989805041053,1.0090340733273164
22.580000000000002,1.0085911738659226,1.0095786957612551,1.009670275609046,1.0250686104363909,1.0227338957868017,1.0060875652014794
22.6,1.00669004297667,1.009867772707075,1.0124655898948163,1.0280853181360556,1.0240170308175607,1.0066241936339457
22.62,1.0081153760624826,1.0070286816092135,1.0118253669293327,1.0270729179231846,1.0251503063415246,1.0070057101729333
22.64,1.0092466825250668,1.0078449474286328,1.0117999787348966,1.0260446624746589,1.021643830087287,1.0066655171836159
22.66,1.0069370729601568,1.0091043385761216,1.0118453139781287,1.0253640809958946,1.0222042430716858,1.0097571097825844
22.68,1.0078868739928586,1.0104562989869759,1.0126037799185628,1.0246328961317568,1.0180820212205717,1.008567108249225
22.7,1.0054756302173793,1.0122649368816383,1.0134219115348484,1.0283250663037506,1.018042607219495,1.0108053403042314
22.72,1.006385119660031,1.0109921105512807,1.0107389217820149,1.0277619859467628,1.0178777589405086,1.0088005424752806
22.740000000000002,1.007136810405437,1.0134031301483997,1.0123042741903203,1.0270492371592823,1.0171015902868952,1.010242704877979
22.76,1.0080330565165427,1.0127380582355077,1.0103521378972569,1.0266583961877425,1.0161791572730192,1.007493884895907
22.78,1.0087878782011392,1.0157520243829548,1.0125874362506277,1.0261029997857842,1.0146915782210786,1.0081885005318654
22.8,1.0063172317663138,1.0157654318852638,1.0112876544686886,1.0257634878769517,1.0130581394364246,1.0081040963516434
22.82,1.0071474844509298,1.0163252552980715,1.0142084281641084,1.0252451958079405,1.015490018763478,1.008100604048849
22.84,1.007916610574016,1.0169806533137025,1.013559464600357,1.024561245390716,1.0130141051310035,1.0073499345774586
22.86,1.0088650997442308,1.0182156189723282,1.0128528664091252,1.024070922821302,1.014596768062296,1.006722000639746
22.88,1.009767625970854,1.0195358989607466,1.012817317067697,1.0233779843454918,1.0113381320457075,1.005441188528608
22.900000000000002,1.0076221044927722,1.021502088033357,1.0127156012162064,1.0227607039171418,1.0120467347308248,1.007533942789025
22.92,1.0087901343396641,1.0204503157248719,1.0169184879022888,1.0219271990743528,1.0126445743422074,1.0056265699801283
22.94,1.010028885074595,1.0194997941207804,1.0173857751038362,1.020833195883038,1.0124427789138646,1.0071915307185169
22.96,1.0082483378903317,1.019211476188913,1.0177526495383746,1.019865022787589,1.0120645654708125,1.008066475335415
22.98,1.009759859590659,1.0189969835324137,1.0187982939039888,1.018598050392272,1.0109479949643032,1.0091608616257401
23.0,1.0082942807142468,1.0194400697751647,1.019732738499963,1.0173301399049288,1.0096913057845063,1.0095821138625567
23.02,1.0101078453381094,1.0199461918373571,1.0212909086569866,1.0157505889958514,1.0076689269933619,1.0061988391776806
23.04,1.0089695797977605,1.0211353891664423,1.0227283004581802,1.0186704136419529,1.0095695637542592,1.0063353232580425
23.06,1.0079637517322695,1.0193366629608893,1.020261278286314,1.0167031766550596,1.0065068040371417,1.0059096192518817
23.080000000000002,1.0102921754841443,1.0213047858535638,1.022161375637939,1.019241428942578,1.0074585711523705,1.0057480346421928
23.1,1.0096892610203119,1.0202780541979295,1.0201159459216287,1.021353545552103,1.0083145945676595,1.0050584793355597
23.12,1.0124731975318033,1.0230373618053177,1.0178570285819761,1.0185005427538298,1.0083309440185166,1.004671671527162
23.14,1.0123436328921258,1.0227943528563972,1.0200229266784087,1.0200859563973186,1.0083445907667503,1.0038550044982015
23.16,1.0124791280494883,1.0225190305266443,1.018156899935125,1.0165749168961344,1.0074259446119713,1.0064591562892975
23.18,1.0129373093576877,1.0230165935259792,1.0207346762037761,1.017595180516377,1.0065358354001503,1.0054790367551014
23.2,1.0136697067431497,1.0234744304970942,1.0191416305879568,1.0182104580922462,1.0048175552943457,1.00401814977426
23.22,1.0116381161375103,1.0247283581500184,1.017281181567511,1.0184954811887765,1.0070651956431664,1.0060320362627282
23.240000000000002,1.0129263709224747,1.025918464214067,1.0198266090695118,1.0183520073452543,1.004521370290373,1.0045377707231813
23.26,1.0114784514456923,1.0240011002007945,1.0182278664747177,1.017866954595243,1.0059520622226978,1.0065020475865545
23.28,1.0134084624683886,1.0258937212813377,1.0210441249974767,1.0169549861334053,1.002626470834202,1.0050744530179845
23.3,1.012590811607509,1.0246664417932354,1.0195870200733004,1.0205125338075676,1.0032863492218729,1.0032934103484301
23.32,1.0121238676335735,1.0273526520516438,1.0177135928001046,1.0187641726495293,1.0030501928689954,1.0050266482448684
23.34,1.0119625971794064,1.0268871052420225,1.020258270646654,1.0214538852093544,1.0029272189894725,1.0033640430357105
23.36,1.012182040426218,1.0263415566035923,1.0184152352585754,1.018843779334611,1.0020276252467726,1.0051935500947948
23.38,1.0126953460914994,1.0266018529398153,1.0209939696209696,1.02056958670586,1.0012712267893473,1.0037287924249823
23.400000000000002,1.0135851827115105,1.0267721874088318,1.0191247721420016,1.0169691626695068,0.9997490381598739,1.0057340621961268
23.42,1.0117801109050801,1.0277040573101544,1.0216990714464784,1.017796274394315,0.9983988565479951,1.0074572446693608
23.44,1.0134528559388374,1.0285232251578105,1.0237109896785386,1.0182738418232957,0.9962955681700425,1.0059415247883994
23.46,1.012446870473298,1.0260777407524777,1.0211201059192825,1.018169728267349,0.9981775335243626,1.0078741256685166
23.48,1.0148387870840962,1.027597238011944,1.022977681724456,1.0176175582619256,0.9955903888691715,1.0066816458749202
23.5,1.014534405697581,1.025799260139873,1.0201678848743962,1.0164641570681647,0.9969745995372925,1.0053148223782946
23.52,1.0146869808731735,1.027935118805297,1.0218215423107622,1.01498615207531,0.997545038820256,1.0074545169366926
23.54,1.0151163810028336,1.026708180810612,1.0228104944915217,1.0179433807823908,0.9984013767131605,1.0065154077994611
23.56,1.016036665366816,1.0252840097634097,1.0190191982991785,1.0155368214396887,0.9985937472674467,1.0090622588337848
23.580000000000002,1.0172264192042473,1.0278292867580312,1.0196525934747278,1.0175373013294546,0.9990910434919718,1.0085529705640646
23.6,1.0157456125493405,1.02695363069016,1.019605840825641,1.014183734553539,0.9989438315740164,1.007995766491427
23.62,1.0177266228553568,1.02575843556511,1.0198130984581928,1.0152507707987466,1.0026351766882273,1.0079586352425478
23.64,1.0170193266239718,1.0253032450123842,1.0193050989217922,1.011079311284675,1.002114989045535,1.0079687728027213
23.66,1.0197697873562626,1.0245169320139609,1.018907713934114,1.01133613284646,1.0009565976426869,1.0084822885881861
23.68,1.0198274912683656,1.027700900900288,1.0177863020076865,1.010839027456913,1.000252854535935,1.0089649706669952
23.7,1.020074784566246,1.0272923732958512,1.0210977462742172,1.0101286059125947,0.9990242952847534,1.006563015203345
23.72,1.0208882326653337,1.0265146852056275,1.019412616680973,1.0086749160675446,1.001694502157184,1.007621302769539
23.740000000000002,1.0189346449092782,1.026410302023705,1.0221330485942852,1.0071449736984572,1.0003496933086842,1.0087589578541072
23.76,1.0205108388063286,1.025838379459847,1.0197089876525767,1.0099867126231103,1.0028846878574855,1.01036586811221
23.78,1.019395599054905,1.0292352397190583,1.0165795982357362,1.007635691525592,1.0014924120531257,1.0120676009804392
23.8,1.0184664133495565,1.0288290977738508,1.0179057352522216,1.0096232993687488,0.9995588477231117,1.0109140990029344
23.82,1.0181714282915202,1.027922304015222,1.0140487366030784,1.0108798672349906,1.0015867434090833,1.0131925289402957
23.84,1.01803673472132,1.027658856656259,1.01462068197102,1.0120757375963771,0.9998250087072647,1.0126448896923435
23.86,1.0184687760564852,1.0268761943982954,1.0099856309057,1.012472456796507,1.0019970072726592,1.0155925200328986
23.88,1.0190547215393362,1.0300252971764214,1.0097737858817584,1.0128474070032167,1.0004170578271534,1.015722607661422
23.900000000000002,1.0168362517057423,1.0292288632873254,1.0088882337066392,1.0125280760117006,1.0027434379673483,1.016016849744339
23.92,1.0181251510559925,1.0278160553517015,1.0077467965312579,1.0122424492213238,1.0046852766227934,1.016857338776532
23.94,1.0195495033721003,1.030443291184493,1.0059240669493446,1.0112727746148709,1.002940836640584,1.0149221066953484
23.96,1.0180429065660026,1.0289841288418606,1.0039101888395292,1.014627879091095,1.0051367595987122,1.0165171501568326
23.98,1.0201326286108527,1.031471555507637,1.001229126467707,1.0129834307966412,1.0036863871839827,1.015321866852565
24.0,1.0192703728501455,1.029813858011774,1.002968314761333,1.0107549027251617,1.0061506272698022,1.0143664207565148
24.02,1.0219720274591113,1.0274845395100707,1.0043886756742668,1.0086612395509809,1.0082705146601754,1.013957610739489
24.04,1.0216818291022391,1.0290830021301316,1.0051173007584335,1.0060241543176813,1.0068621386474517,1.0138219694106305
24.060000000000002,1.0214215401955693,1.0264587428810041,1.0055125265036944,1.0076976907903497,1.0093277195670929,1.0142014772975672
24.080000000000002,1.0217200740951988,1.02774753042948,1.0052385017274816,1.0046245818999564,1.0083140767609509,1.0148546872350064
24.1,1.022039902648748,1.0283596362720577,1.0046221905782637,1.0059418768995103,1.0111517026208352,1.0160132462290752
24.12,1.0192558525895372,1.0292660390835642,1.0033776700128794,1.0025719272851283,1.0105380050014139,1.0174668111085454
24.14,1.0201237689163434,1.0293674148540393,1.0064626377484398,1.0035709009818774,1.0097868560972927,1.0194001184011754
24.16,1.0209384999483055,1.0287706161604175,1.0042226056327275,1.0039991759897067,1.0096266668959348,1.018544745600175
24.18,1.0185840623938298,1.0284369909780935,1.0063866163396922,1.0047369268363475,1.0093669438794457,1.021218992987221
24.2,1.0198281988697802,1.0272822704338127,1.0032667600048768,1.0050165610648651,1.0097368896647159,1.0210834241817939
24.22,1.0178673135305947,1.026347709153013,1.0044486644996748,1.0056098426909506,1.010023257177885,1.0212316699250858
24.240000000000002,1.0195308852664144,1.0245800270001912,1.0004733490188258,1.0057649334309362,1.0102340647041523,1.0218017634904157
24.26,1.0210145589302808,1.0266587859299579,1.0007891401913467,1.0054679306088534,1.0111411965790382,1.0195903722306747
24.28,1.0192124265986524,1.0241322810831086,1.0007327222753437,1.0055306356489275,1.0119865248544717,1.0209837476312407
24.3,1.0210003032333792,1.0254245740717773,1.0001581364533365,1.0051866866170123,1.0134946604602777,1.0195666600575402
24.32,1.0194570475459104,1.025916360276831,0.9992050150385934,1.0052093552506776,1.0149598686006696,1.0217787493898616
24.34,1.0177006232644947,1.0264585577066443,0.9978821469080357,1.004935361928875,1.0131141118288325,1.0211010292750256
24.36,1.019575957551674,1.026083440242127,0.9960900772699413,1.008983815067678,1.0152557059715006,1.02080934554018
24.38,1.0179714810479954,1.025728584864937,0.9939718101882606,1.0087922095746853,1.0141166050287127,1.02088161474183
24.400000000000002,1.0200015640279707,1.0244560095742021,0.9915009634762244,1.008338108625538,1.0169433270111956,1.021268041958161
24.42,1.0217840239321232,1.0269830032593523,0.9932975156312072,1.0083114660478047,1.0165427050836569,1.0187524114463122
24.44,1.019998833947493,1.024764099377168,0.9901205325234548,1.0080650478160598,1.020104087296162,1.0198645806166347
24.46,1.0217994895166687,1.0263378427844128,0.9912004525006646,1.008238668303508,1.0204281560352206,1.021361156343917
24.48,1.0199786310639212,1.027108322859068,0.9873656671958644,1.008211504625697,1.0175076566425973,1.0231614105233697
24.5,1.0178044814007006,1.0277607733125418,0.9878871169882544,1.0080484209759826,1.0185890461899083,1.02524073156901
24.52,1.0192449688288896,1.027508587340399,0.9879835096274894,1.0083048531356864,1.0164923907715049,1.0242482815619462
24.54,1.016924755722441,1.027119418773466,0.9879185128744163,1.008466104851581,1.0183990531823839,1.0269378274972514
24.560000000000002,1.0182079152574612,1.0259509005665914,0.9875332821149341,1.0090362868762535,1.0171112704529857,1.0265317415124133
24.580000000000002,1.019016045975258,1.0285454646765673,0.987015544999629,1.0095295873528443,1.0197600984248507,1.0264102039720187
24.6,1.0159636369069074,1.0263528571633076,0.9862127066969197,1.0061746623305794,1.0192165378033256,1.0266274997809588
24.62,1.0164672457771697,1.0278942273974803,0.9896220489015661,1.0071428239881426,1.01881660100422,1.027100788357962
24.64,1.016541369342964,1.0246543140586528,0.9883568038331001,1.0080760454498208,1.0189646528556695,1.0243426948367693
24.66,1.016668010610719,1.025268465778682,0.9913715365607203,1.009546475205318,1.0193676614392373,1.0253537745238352
24.68,1.0162419900769626,1.0210283416989103,0.9897924410417893,1.010999815204575,1.020294287992357,1.026543722985131
24.7,1.0193781176081176,1.0206368261669283,0.9924706500777987,1.0086768383474656,1.0180527573995002,1.0245136975914146
24.72,1.0183963144496375,1.0195915998880771,0.9949092159837054,1.0106355989783902,1.0197899369491847,1.0262181085543398
24.740000000000002,1.0168725030887598,1.0182846264148928,0.9929006653594188,1.0088446014272507,1.0182610973309987,1.0245129410585085
24.76,1.015301417312489,1.020759290333066,0.9951372633208004,1.011371744875542,1.020806268927489,1.0265508502979137
24.78,1.0131743830893165,1.0185602466874863,0.9930011183144574,1.0101664359498035,1.0200759564716837,1.028660850890538
24.8,1.0145368245992992,1.0201351097372306,0.9951713861371321,1.0132646743736196,1.0199202354359758,1.027348968243507
24.82,1.0116891247341053,1.0170050611481969,0.9930192617152409,1.0126479605103411,1.0200401979835558,1.0297611787861825
24.84,1.0123032425938816,1.017730491372708,0.9951451699869942,1.0122042203286736,1.0206351666118099,1.0287054251107524
24.86,1.012282351255577,1.013794536107584,0.997098779730524,1.0122950409950644,1.0215070214345574,1.0276903888687916
24.88,1.0120744125617755,1.0137241087001305,0.9948709175391839,1.0125960376159187,1.0228493910840666,1.0304262478709587
24.900000000000002,1.0112103475779244,1.0133992814630375,0.9968089595954037,1.0133876084065843,1.02086074716212,1.0295561103256357
24.92,1.0138025740554353,1.012589833403723,0.9946383388106188,1.0143294934133684,1.0229855317511696,1.0286052091405171
24.94,1.0120704537707401,1.011549768662559,0.9966886420402492,1.011701803121745,1.0217608580118238,1.027704427032853
24.96,1.013763145459814,1.0100585648191869,0.9987007551703071,1.0134062272314996,1.0246447954663533,1.0267097166968862
24.98,1.0111047802887962,1.0083442141403989,0.996735382412945,1.0115666849973775,1.024158194238548,1.0294560324537514
25.0,1.011860507081086,1.0103865508801002,0.9989577111000774,1.0140341093073313,1.024023726534102,1.0284354314987745
25.02,1.0120065319429195,1.0079875487382646,0.9972637879600654,1.0129582004884838,1.0241713064132287,1.0273161769698858
25.04,1.0118124901136558,1.0093567166222313,0.999804693596591,1.0161750655012107,1.024667778401661,1.0299349323356486
25.060000000000002,1.0110002108404843,1.0064320480210505,0.9984615882447434,1.01585065482765,1.021663680533041,1.028641491407341
25.080000000000002,1.0097462562700805,1.0072639841298408,0.9972945273239633,1.0158627144099772,1.0228175523958563,1.0310742193120355
25.1,1.00797906172631,1.007890704833776,1.0002538378495798,1.0163116380183674,1.0204224107661943,1.0294484235497543
25.12,1.009629268566823,1.0082269729667583,0.9993901954346436,1.017059416190994,1.0222184538635413,1.0276649211093343
25.14,1.0068939867696436,1.0084125050696056,1.0027131153754816,1.0182334080905364,1.0242576151255678,1.0295775613470415
25.16,1.0075495875693186,1.0084130165409464,1.002240964112704,1.0159048778944002,1.022688203723594,1.027436042222369
25.18,1.003760848251006,1.008276933919447,1.0019961546515077,1.0179405180822232,1.025254942790738,1.0289722821464942
25.2,1.0034482636588447,1.008049241302345,1.0019637630670966,1.0164286155520206,1.0241776514844014,1.0302552277939467
25.22,1.0064982250954957,1.0076014012198264,1.0021757597992291,1.019220844020317,1.0233221227916407,1.0273208525070348
25.240000000000002,1.0051662932201673,1.0071179854726884,1.002663929580164,1.0184610181486746,1.022688117806299,1.028093596665221
25.26,1.0072584767262054,1.006515418095617,1.0034117725867138,1.0220876298814967,1.0222460452111388,1.024590015043385
25.28,1.0049075624227974,1.00589292402426,1.0005681720280486,1.0221530376548087,1.0259615172757242,1.0247894851616697
25.3,1.0059791523974573,1.0090165423423407,1.0019125158922262,1.0186588200235358,1.0258152483981333,1.0247352528297213
25.32,1.0027277076364367,1.0082060137023134,1.0036312465764003,1.0195535153195308,1.0257626454606434,1.024213439084967
25.34,1.0029346767238598,1.0073844888722254,1.0055833550030078,1.0168939750792572,1.0258957618488176,1.0234102639211224
25.36,1.0025918571025985,1.0064973847867371,1.00790829941738,1.0186295667288257,1.026109987164153,1.0262118565756069
25.38,1.0019754361831419,1.005635682961767,1.0066784351637783,1.0167158628973825,1.022378568469943,1.024520686748668
25.400000000000002,1.0008320220815605,1.008570053458742,1.0096738121344648,1.0192090800645042,1.0228720856715912,1.0264904899400795
25.42,0.9993685590990378,1.0077719480911806,1.0091436119486437,1.0180158702915623,1.0234388165719297,1.023927568456548
25.44,0.9974935964041887,1.0071027446306786,1.0128319653215156,1.0171030912545675,1.024071347184663,1.0249479784423796
25.46,0.9989767248495687,1.0064430425895603,1.0129847899753273,1.0166891283985406,1.0246590206606823,1.0256207027104582
25.48,0.9963390274423833,1.0059457372226586,1.013622381541234,1.0165497281054927,1.021069709903336,1.0256494250661885
25.5,0.9970776856138075,1.0091666690899315,1.0144998494645676,1.0208955659269745,1.0216790872657708,1.0254025490635343
25.52,0.9937455292006927,1.0088576780183773,1.01191902238212,1.0214668767751385,1.0222643439507344,1.0244696890033254
25.54,0.9938922388871525,1.0086971944483807,1.0136015347857275,1.0222602565561314,1.0228499833957678,1.023203920371535
25.560000000000002,0.9935670538032344,1.0086241098783795,1.0118088917773467,1.0234910433122597,1.0233732174238943,1.0256007722930844
25.580000000000002,0.9930941864214828,1.008733484093594,1.0142590994864353,1.0248598254859074,1.0237492352013855,1.023376853509697
25.6,0.9922733502340852,1.0054354273865078,1.0132409277895316,1.0224125375514244,1.0240101396659824,1.024720600337778
25.62,0.994824218898529,1.0059527684697152,1.0128073915408398,1.024473416361992,1.0240893707104122,1.021436782027414
25.64,0.9934786353090628,1.0067542833452636,1.0125789910084462,1.022664099825276,1.0240104915707144,1.0217344092011142
25.66,0.9955784966750905,1.0076338192189072,1.0129761142071754,1.025406557445734,1.023823411549822,1.021766792648478
25.68,0.9938532328567522,1.0088117671684502,1.0135622796390562,1.0240688074606283,1.0234844525385123,1.0209957402191545
25.7,0.9955806206299247,1.0066554912519443,1.0148077425817967,1.0228312395085333,1.0229136021594174,1.0199897293875901
25.72,0.9969412165436502,1.0083417182683734,1.0162100954437656,1.021983520546484,1.0221529941581164,1.0182519760689992
25.740000000000002,0.9945436765022571,1.0067320663830177,1.0182760879375614,1.0212269835071504,1.021021529763663,1.0200463804458693
25.76,0.9955751940602218,1.0089246038931208,1.0204165709346653,1.0250316153556565,1.0196889745480444,1.017299773796533
25.78,0.9929217113873907,1.0079096572336157,1.0190824391629367,1.0247230826251053,1.0225961496380318,1.0181733562830164
25.8,0.9937656576892522,1.0073531763288712,1.0220269907797874,1.0243714802964026,1.0205592490706703,1.0144715252006993
25.82,0.9942992141852329,1.0069572370220545,1.0214710153193973,1.0245238088423991,1.0227384667355177,1.014386917195159
25.84,0.9949217299160926,1.0070484892373073,1.0215732073923127,1.0246154437107613,1.0247116256453075,1.0142509291971225
25.86,0.995334343016582,1.007626577687171,1.0217556680690216,1.0245714156404202,1.021701802129889,1.0132501132503764
25.88,0.9955496820342535,1.0083524679161693,1.018447814928812,1.0249124023101506,1.0229250700561732,1.0158076697273248
25.900000000000002,0.995967069058378,1.0095782567129392,1.0194904543638368,1.0250615723737515,1.0191164460564242,1.0138532241965983
25.92,0.9962227749768502,1.0109171649600954,1.0169502079504664,1.0255862668358122,1.0195551327104129,1.0154576267690256
25.94,0.9966819728349217,1.012846082379812,1.0187938863047339,1.0259031530685485,1.0198268425703532,1.0126875773932822
25.96,0.996996352211907,1.0116562318748625,1.017034478433484,1.0216682445460643,1.0194109896751709,1.013497739032422
25.98,0.9972375141197807,1.0142666179913742,1.0196777563847321,1.0220721836064817,1.01880784533461,1.013476406224525
26.0,0.9976915514483604,1.0137640663303649,1.0186722527924668,1.0222861143354214,1.0174687336678532,1.013568891954976
26.02,0.9981053617072204,1.0170602266001043,1.017607842886344,1.0227172538098643,1.0159024605805822,1.0128423344522526
26.04,0.9987305835218949,1.0173227602949204,1.0210124309111666,1.0229192485697602,1.0185669908126003,1.0122602233031488
26.060000000000002,0.9993311310282342,1.0145196699730863,1.0206407230509926,1.018317753940532,1.0160783817391525,1.0109888257128636
26.080000000000002,0.9999052509199817,1.0155550208199908,1.0247441475593158,1.0184345967488135,1.017698553501508,1.0132923286598912
26.1,1.000750236625036,1.0135243102689884,1.0250188181791755,1.0182345572612834,1.0141519304019235,1.0114635449111011
26.12,1.0016020980820617,1.0153358983981478,1.0251840624125095,1.018198335244088,1.0147500487422616,1.0132003785109989
26.14,0.9993665430804528,1.0141529158470672,1.026085359577525,1.017803734527475,1.0102733794543597,1.0142106390854853
26.16,1.0005589520587108,1.0136417577780514,1.026867308739178,1.022065698286284,1.0099361823984037,1.0112116291891002
26.18,1.0018434966732395,1.0132416481507063,1.023755487028752,1.02130079721063,1.0137183349230021,1.0117911627373672
26.2,1.003391935228093,1.013548866641214,1.0251873457628506,1.0201681423032332,1.0123842153186593,1.0084776053851057
26.22,1.005047303844683,1.0139320342302447,1.0226091318418145,1.0189306539039467,1.015135407358689,1.0087305004745115
26.240000000000002,1.0036871931100384,1.0150511488900322,1.0245926569881867,1.0173173122876311,1.0127810168087317,1.0084143900575686
26.26,1.005839093255183,1.016218982180692,1.0263286927788506,1.0203257496095048,1.0145068126591816,1.0083987532331573
26.28,1.0050106714316778,1.0143396432848601,1.0240583454567265,1.0181726492826928,1.0110968095972268,1.00783509172469
26.3,1.004452506123,1.0163493919470143,1.0263249976302835,1.020716955476431,1.0118654993546494,1.0108091697447223
26.32,1.0041858920102442,1.0152643031514421,1.024444667361934,1.0179349471187278,1.0075256420910357,1.0099684429614753
26.34,1.0042173484424035,1.0180218048964462,1.0271386923434345,1.0198499913260735,1.007375691842431,1.0085880485116876
26.36,1.0045905627418863,1.0176778424154518,1.0255575375284778,1.021289101300566,1.0113639924318276,1.0075716242880342
26.38,1.0051820195668522,1.0181639424522455,1.0236779793292117,1.017341802115976,1.010318959691098,1.0061541960924814
26.400000000000002,1.006066426112289,1.0186186012879321,1.0263364545833706,1.0180346762431052,1.0133791864724495,1.0083432828496726
26.42,1.0072874160926126,1.015972266520207,1.024701577841506,1.0133089321276234,1.0113603016670174,1.0069484094623862
26.44,1.0088322666272047,1.0172568127683457,1.027620565256194,1.0132214368658587,1.0134613320032466,1.0091366975489802
26.46,1.0075619229706638,1.015424543672222,1.0261874036572562,1.0127073897167076,1.0106293318324822,1.0109035539297055
26.48,1.0097256249812931,1.017535718610666,1.0242965238748067,1.0117656633120315,1.0119344863172115,1.0092015418215254
26.5,1.0091005157251214,1.0164428654895752,1.0270136559381684,1.0103800445526105,1.012290480110141,1.01107926955582
26.52,1.011957134661421,1.015266724924889,1.025198103630855,1.0085358283499106,1.0128715944568025,1.0095451977851067
26.54,1.0120323149666133,1.0149425826408163,1.0279971536498693,1.0061817983310783,1.0125135688818236,1.0115703983892521
26.560000000000002,1.0124948733435373,1.0144547097678753,1.0261991552177032,1.0084816189271577,1.0124089689734808,1.0132930171537193
26.580000000000002,1.013298784064697,1.0179865881335426,1.0238778259446488,1.0052077814676492,1.0114044306322478,1.011668798554049
26.6,1.0113606586662893,1.018155689659129,1.0261613982745654,1.0065550699419403,1.0145224780046762,1.0136422559944203
26.62,1.0129396812784996,1.0181946023883777,1.023738352723233,1.002328247323332,1.0129527465334052,1.0123043062727017
26.64,1.0117777396043133,1.0190301746749952,1.0259164753217513,1.0027416258734836,1.0154907370370765,1.0145441480125976
26.66,1.0141152819038153,1.0196569272883658,1.0232183463591222,0.9975753177861746,1.0133972646563594,1.0135806496499207
26.68,1.0137816331203249,1.021098539673529,1.0251319331213518,0.9970407287293925,1.0104300958998609,1.0124448026938984
26.7,1.0139260024502796,1.0223221062526164,1.0263659127619627,1.001087806797608,1.0115711595867438,1.0148421851433609
26.72,1.0143771274728355,1.020099829240479,1.0226668494519342,0.9995008563718333,1.0082870133283741,1.0140898781266205
26.740000000000002,1.0153400840792681,1.0219499323229468,1.0236041074960718,1.0024839475883827,1.0091078772082627,1.013181750241439
26.76,1.0165778938221204,1.0202185184826187,1.023777477329999,0.9998435422311793,1.0092302713738794,1.0128767631239217
26.78,1.0183348805596957,1.0182570168732012,1.02423719554141,1.0017883725794219,1.009694251429643,1.0125180201934123
26.8,1.020358694814104,1.0203334086653024,1.0238967983135625,0.9982544136902485,1.0094820223488963,1.0127465387421042
26.82,1.0196208824239479,1.018861855983399,1.0237010595935696,0.9992965609703628,1.0097224044265865,1.0129359484490017
26.84,1.0193866654896349,1.0214481030211382,1.0226960705755248,0.994791440815975,1.0093086399880953,1.0131711140240605
26.86,1.019429701660855,1.0204275589819707,1.0262546854784258,0.994855804994554,1.0129412649202676,1.0139629084543476
26.88,1.019993865422467,1.0190265162583412,1.024598344169641,0.9947514978827705,1.012300424202536,1.014832564598753
26.900000000000002,1.0208287727571703,1.0216708422120457,1.0221592082354842,0.9939681446016282,1.0110611307352837,1.0162404983324094
26.92,1.0189045152846323,1.020543227037792,1.0242958568758675,0.9976747994175748,1.0103264384922213,1.0176446272490223
26.94,1.0205660315627523,1.0189060106845753,1.0210852580210035,0.9959748376062265,1.0091124735833548,1.0161168520454795
26.96,1.019456240687226,1.018031196005377,1.02244775969177,0.9987582004792408,1.0119175823879987,1.0181659179609102
26.98,1.0219175579759663,1.016626395053947,1.0185078741193174,0.99617606127127,1.0106828230574534,1.0173119998640898
27.0,1.0215259861520274,1.0193262220760029,1.0191353215070453,0.9981926110349271,1.01353260230597,1.020094203663242
27.02,1.0212921694420845,1.018014942352052,1.0189845400354902,0.9948022268315562,1.0123884453428902,1.0199806149723216
27.04,1.0216704112603268,1.0161617670495597,1.0187193103628984,0.9960261123717427,1.0108151849470044,1.0200281297260463
27.060000000000002,1.022199020623535,1.0184399931777,1.0176604512853245,0.9964911125205616,1.0132991720798445,1.0205924587609037
27.080000000000002,1.0198186875517683,1.0166376295325334,1.0164463380629827,0.9969767750001663,1.0119518534450496,1.021352496273962
27.1,1.0210462543907046,1.0188726190935915,1.0144762113869312,0.9967328417871331,1.0146328061000345,1.0226687733627537
27.12,1.0193456477807756,1.0169688788462397,1.0170515213121192,0.9965457579171968,1.0135209917217471,1.024198017828323
27.14,1.0212834705539062,1.0143701550499906,1.0141139641479966,0.9956656810861935,1.012044414965116,1.022865667302364
27.16,1.0232766467069518,1.0159651529373876,1.0156916182860138,0.9993425853564428,1.0146492572033505,1.0221162135470843
27.18,1.022203147581466,1.0132428833415816,1.011757006257493,0.9978855301288077,1.0135349279640202,1.0216392251254032
27.2,1.0247968908137277,1.0146112251823318,1.012352314490213,1.0009840681673765,1.0164592941211748,1.0217127286215724
27.22,1.0242984197237928,1.0152610781417057,1.0074347760531368,0.9990133029035455,1.0156974335805842,1.0220764147994041
27.240000000000002,1.023840142866244,1.0163330890231803,1.0070574019289613,1.0015817600861059,1.0146974542968188,1.0229763479339122
27.26,1.0239548817960404,1.016647115010147,1.006016810640499,1.0034959065933684,1.0143620023725184,1.0240745227823393
27.28,1.0240995322933129,1.0162222061197217,1.0046290496464474,1.0005266493796983,1.0138971625922277,1.0223376468893806
27.3,1.0210306539096747,1.0160837418551103,1.0077118151453845,1.002074319083265,1.0174162241406206,1.0242981200510144
27.32,1.0216987162767481,1.0151713954239652,1.0052459090365335,0.9988295100371554,1.0173996329682655,1.0233454806413835
27.34,1.022290797786824,1.0145272675998451,1.0073399968979349,1.0000960600629547,1.0172698930050457,1.022932090490265
27.36,1.0234576385696172,1.013012069497834,1.00390884952607,1.000880816197693,1.0177556399927727,1.0227909648664968
27.38,1.0245188412743982,1.0156416325511688,1.0049284088266788,1.0019964036716988,1.0181519004884891,1.0231117376599488
27.400000000000002,1.022161972516047,1.0135359773088615,1.0006020819604782,1.0026505445823979,1.0192212532714824,1.0237993922195643
27.42,1.0235570300879737,1.0154478534091846,1.0007177361142805,1.0036385138126382,1.020218498328552,1.0249233439916754
27.44,1.0247401876329802,1.0164719041556078,1.0004106259417824,1.0041867701033755,1.017804278355352,1.0231856149704512
27.46,1.0225362246168728,1.01272733887272,0.9997273184119493,1.0043062322015768,1.0194629267299389,1.025140526079406
27.48,1.0240218736418942,1.0129223396882954,1.0034903500279881,1.0047903645944016,1.0177044761788014,1.0241313340747695
27.5,1.0220479554711908,1.0122703066685186,1.001939628074937,1.0048928742214978,1.0200756173122532,1.0268425928245213
27.52,1.0198261864205795,1.0116848746609888,1.0048434505579946,1.0053661487404266,1.0190399007527469,1.0265775191722952
27.54,1.0213356082256322,1.0102317635151112,1.0024809632663727,1.0055743585021872,1.0220441946821457,1.0267081342901092
27.560000000000002,1.0192285576764406,1.0088167084033888,1.0045622061224222,1.0014969285147952,1.0216541038257607,1.0272164939619823
27.580000000000002,1.020855273460958,1.0064419497651413,1.0061645838557887,1.0018803795744384,1.021287855623498,1.028042153674908
27.6,1.0221996575699102,1.0081148006749268,1.0074664233801442,1.002015329018544,1.0216354248999193,1.0258561126844052
27.62,1.0198375687694163,1.0048967736449166,1.0084143003262982,1.0026283821986004,1.0220453877532085,1.027402962121209
27.64,1.02115700128576,1.0055990740210916,1.0090186951517008,1.0030118518889726,1.0230581295812908,1.0258989944679797
27.66,1.0187157733286538,1.0013968905308577,1.0092807981604262,1.0039385449528435,1.0241540704313103,1.0281560475140155
27.68,1.0199663411829718,1.0011970044297431,1.00446994652948,1.0046531103512475,1.0258438451530312,1.0272663457232805
27.7,1.0207857944311929,1.0049752899889248,1.0041537322437053,1.0013180231295369,1.027711526962792,1.0266899633003388
27.72,1.0176840127143825,1.0037680686969215,1.0035257438159784,1.0024134312185344,1.0262253362079883,1.0299128562722701
27.740000000000002,1.0183068857332507,1.006408885192367,1.0027261963738647,1.003427143273103,1.0253480924894869,1.02991584571239
27.76,1.0185071523183207,1.0040882558743731,1.0016310620131854,1.0049348936333642,1.0246403822428476,1.030193116973399
27.78,1.0188824461795205,1.00571963669416,1.0004149407773477,1.0063613457684522,1.024531954172666,1.0307194294696123
27.8,1.0187035695565165,1.0065740877746245,0.998919972614031,1.0038303684406804,1.0246688138364797,1.0315146632395218
27.82,1.0180834461728145,1.007169150486246,1.0017881210519954,1.0056506104827951,1.0253685611582164,1.0289655550618273
27.84,1.0175003637658193,1.007100855541025,0.999957695863916,1.003563577499099,1.026335317983519,1.0302904187609538
27.86,1.0163514696010862,1.0067746948897165,1.002564477024472,1.0058091343721012,1.027832695491219,1.028233698944982
27.88,1.0151958638922194,1.0057208544849745,1.0005261804512227,1.0041747466328381,1.029540960400099,1.0300072866966308
27.900000000000002,1.0134620120838225,1.0044897076001424,1.0029015073216616,1.0025908208329541,1.0279678539224584,1.0319370504089704
27.92,1.0153726475074896,1.0025634001973653,1.005028567789533,1.0054326138994178,1.0269520402038728,1.030312695275716
27.94,1.012992438172852,1.0004673861782534,1.0025954191508903,1.0044193133672015,1.0262045860961426,1.0325567437440357
27.96,1.0142306577280125,1.0022561090622695,1.0045450171268566,1.0078543144366763,1.02598512435308,1.0312014111244645
27.98,1.0148945729700256,0.9992522829222912,1.0020129874458377,1.007451360069772,1.0260556339243456,1.029976852188451
28.0,1.0154126703684003,1.0002422205172472,1.0039302952348166,1.0114804946544953,1.026644570978282,1.032574030452602
28.02,1.015234132056162,1.000582613705821,1.0014194853223595,1.0116878764905963,1.0238559077927376,1.0315985550694453
28.04,1.0145120430597965,1.0006781732501917,1.0033490757274741,1.012008132293753,1.0252054121786942,1.030625574478063
28.060000000000002,1.013591591127799,1.000253181553667,1.0052072151251856,1.0128694216188499,1.0231393649921787,1.0297796458747412
28.080000000000002,1.012016004633805,0.9995840343318818,1.0027999737073632,1.0138853596786759,1.0252218316944077,1.0289208539429562
28.1,1.0102005852596871,1.0028214231885189,1.004776432607641,1.015402929372407,1.0238713994737763,1.0318535975797287
28.12,1.0077342755887493,1.0014527147813048,1.0025529109482418,1.017095851612128,1.0230150353104597,1.0309730679724374
28.14,1.0088465270990428,1.0039782773923074,1.004686692953877,1.019274227476202,1.0224247241406386,1.029972567363313
28.16,1.0054800131509452,1.0019688229035637,1.0026628658468377,1.0217136039435395,1.0223193005236961,1.028957402468873
28.18,1.0056636222395614,1.003843622575106,1.000706739015997,1.0203987620240436,1.026432880909628,1.0278069465420185
28.2,1.0053064873413216,1.0054992364329767,1.0031831951185506,1.0195918401577497,1.0270148539406503,1.0265564773071358
28.22,1.0046054491962075,1.0026897529264378,1.001544195393512,1.019062184135391,1.0279508003132958,1.0252469754774438
28.240000000000002,1.0074059514434213,1.0038433461656426,1.0042725494589355,1.01902440741776,1.02905962658045,1.023803930138409
28.26,1.005663216642262,1.0006072981123806,1.0030052978581985,1.0193464581233385,1.0305185979178606,1.0262309048671985
28.28,1.007415290477565,1.0012365567759005,1.0019218074312342,1.0200603713489538,1.028216913655379,1.0245439824542153
28.3,1.0046423375277422,1.0016908987323498,1.0010894457443476,1.0211376232987392,1.0302424474681091,1.0267130155013908
28.32,1.005452997190436,1.0019326928279604,1.0004752909237213,1.018477429891127,1.0284725781369692,1.0246139619567556
28.34,1.0057025808027857,1.002016091258402,1.0041955533026519,1.0203502297052283,1.0309627955146006,1.0223455749013985
28.36,1.0054771073731068,1.0019283765114855,1.0039826880339966,1.0185828937074226,1.029617982625128,1.0238788682175493
28.38,1.0047902799806394,1.001719451113547,1.0040253675904562,1.0212810346278667,1.0284958184403887,1.021066251823643
28.400000000000002,1.0036321156148142,1.0054197025724818,1.004363064567407,1.0203085328055679,1.0317010650377338,1.022034552789135
28.42,1.0020396849012583,1.0049628138325977,1.0049930318601552,1.0196905224668789,1.03097785566829,1.0227455775625005
28.44,0.9999921963574998,1.0044719435738614,1.00589870241116,1.0195540667056129,1.0304737385963536,1.0230885555428024
28.46,1.0014865279501262,1.0038565612552777,1.0070727897504166,1.0197572972354463,1.0300664952663663,1.0231450674202356
28.48,1.0025655012727137,1.003244417724452,1.0085056138281834,1.0203611734280673,1.0298687749733633,1.0187644159885205
28.5,1.0031948685589258,1.0025432019374723,1.010308622298278,1.0212948428006452,1.0297591702296178,1.018097605928077
28.52,1.0034179795400204,1.0018614280674631,1.0083351959807039,1.0226520486290724,1.029739659277785,1.0171774502289237
28.54,1.0031907610719983,1.005119379290199,1.0107480990464572,1.0243968029564403,1.0298230175238596,1.0157192829521224
28.560000000000002,1.002609723010858,1.0044784429566445,1.009416875534914,1.0223373947287258,1.030063525755434,1.0140087660841286
28.580000000000002,1.0015159174309334,1.003963940335419,1.0124621939658789,1.0247591593224916,1.030369891984673,1.016093323810089
28.6,1.003984485636062,1.003435728630853,1.0118166475721297,1.0233590585855596,1.0263491775223645,1.0135300410235533
28.62,1.0021055236725251,1.0030676304260124,1.011668245999116,1.0265644169134374,1.0267090919828643,1.0147538871624575
28.64,1.0037843446784542,1.0065564768966535,1.0117622129353663,1.025883967626458,1.0270495180585604,1.0112988527682982
28.66,1.0012584015708166,1.0062738402221587,1.0123116131552898,1.0254772752457195,1.0274061096650744,1.0115557212768223
28.68,1.0023002147218643,1.0062200777095711,1.0130883691706618,1.0254831532670428,1.0277069058736483,1.0115798326181973
28.7,1.0028719698945538,1.006173306695766,1.0143857400284721,1.025753475362615,1.0235278468938458,1.010913687518093
28.72,1.0032652521807224,1.0063873863731212,1.0158927985201962,1.0264557654410646,1.0236973361909136,1.0100244139964318
28.740000000000002,1.003202559368436,1.0029746484386557,1.0179429031705334,1.0273904676076169,1.0238188224969957,1.0084090821580363
28.76,1.0067100654251968,1.0035197713625719,1.0162844678324932,1.0242798839919551,1.023788443606334,1.0065225925259074
28.78,1.0060729512271074,1.004370340041298,1.019051109246254,1.0258247995524457,1.0236740311210748,1.0039960755660688
28.8,1.0050852442029674,1.0052748281578197,1.0181917367604552,1.0275066947404599,1.0232698902067376,1.0051315627276995
28.82,1.003989124556826,1.0064786607073781,1.01754743031006,1.02963470532911,1.022790855977998,1.0060802323537392
28.84,1.0025792905519335,1.004189773197595,1.0175469841705278,1.031868658341213,1.022171596572392,1.006292196268344
28.86,1.0047361959007963,1.0057866122753403,1.0176497504219346,1.0299267997619277,1.0212295973816223,1.0062496356520132
28.88,1.002985090015244,1.0040083296740008,1.0184207568890575,1.0327335064380643,1.0202128040126168,1.0054703453837694
28.900000000000002,1.0047873012411914,1.0060933506419198,1.0192593627475026,1.0312245534907658,1.0235396349694925,1.0044658133573323
28.92,1.0027349125273854,1.0048211514054692,1.020790036408985,1.0297034583462912,1.0220499168413344,1.0027320237213484
28.94,1.0042243172885437,1.0039367528765482,1.018688390812676,1.0285747381618884,1.024883084336647,1.0008998687581423
28.96,1.0054528031631875,1.0069180611949418,1.0210033314678386,1.0274054430311264,1.0227436911239542,1.0027419557430264
28.98,1.0029879037011211,1.0065599095903675,1.01969087195569,1.03100779581307,1.020427736024236,1.0037694107217767
29.0,1.0041412808011403,1.0100383402566364,1.0184397454509062,1.0301482046103039,1.022500511331542,1.0046995227250592
29.02,1.0016629058739612,1.010192898770174,1.0179771531196877,1.0292184582131374,1.0195628266972427,1.0048349594507844
29.04,1.0027828759413104,1.0107609464213432,1.017558470982622,1.0285531449279008,1.020987176015661,1.0049062220377625
29.060000000000002,1.0037053747869793,1.0114621546298106,1.017831945895298,1.027807508286391,1.0173577817506603,1.0042800986978255
29.080000000000002,1.0047499671566955,1.012688669562782,1.0181360354851117,1.0273133939659154,1.0179893930594903,1.0036341090851275
29.1,1.005697796774025,1.0140317625743522,1.0191558579204905,1.0267258750003099,1.01847206708731,1.0022119274072008
29.12,1.0031327960748326,1.0159160057336987,1.020193856081528,1.0259650121997925,1.0182449435774492,1.0044681619301548
29.14,1.0040983562075203,1.014477460678312,1.0174395374362637,1.0255315893963775,1.0178760154600548,1.002325962367002
29.16,1.0050169273491578,1.0169783322090098,1.0191487246440678,1.0248841054174838,1.0168739718416182,1.0039502455489435
29.18,1.006129721434709,1.0162365529506707,1.0170428479245697,1.02444258022761,1.0156443815803975,1.0011556675300772
29.2,1.0072098005146595,1.0194319101296765,1.0194338030939594,1.023771718099638,1.0137421811325251,1.0021216674366489
29.22,1.0049337862570527,1.019388459947709,1.0179850755779918,1.0279239666431375,1.0116266982384183,1.0022669516054794
29.240000000000002,1.0062422975707337,1.0199004150634918,1.0164232663500825,1.0271634822260203,1.0138969902521886,1.002548268851811
29.26,1.007607596818886,1.0205150565571253,1.0194322622719174,1.0261487058231205,1.0109894107204846,1.0021450400914427
29.28,1.0056870557586661,1.0179329407302848,1.0184391463832598,1.025199239202213,1.0123407232285535,1.005415523229444
29.3,1.0073832075684974,1.019318464232024,1.0220105969397104,1.023983682269506,1.008508242829293,1.0044550291890415
29.32,1.0058191011484148,1.0175045233372586,1.0215478051036604,1.0275636963898522,1.0089476160722883,1.0071608073182015
29.34,1.007849252951,1.0195928110516617,1.0209205096472838,1.0260770700272839,1.0042223537805044,1.0056903085281883
29.36,1.0067163670496884,1.0184802532894324,1.0210354155591683,1.0293752735874073,1.0038728728241937,1.003644356300792
29.38,1.0057491489068742,1.0180003735544783,1.0209708787725964,1.0274363702178468,1.0077520333127623,1.0052615197031267
29.400000000000002,1.008333215544221,1.0175972048487385,1.021562765633208,1.025134799656802,1.0064090601175781,1.0028950080337031
29.42,1.0077990202748932,1.0179440299052227,1.0219618829248944,1.0276691534833793,1.009282137364207,1.004195771006331
29.44,1.010796621483724,1.0182801135573163,1.0181056570319824,1.0249134903262505,1.0069708738791192,1.001565424129212
29.46,1.0107692815100924,1.0193877173487111,1.0189844822213705,1.0269787072323004,1.0089783521365954,1.0025910041862298
29.48,1.0109289115380866,1.020449532057796,1.019547806158302,1.0235859802865188,1.0058189881441795,1.0030639688382506
29.5,1.011380341674526,1.0183004488260539,1.0208711556723737,1.0250416174904453,1.0069732635117266,1.0039503334125932
29.52,1.0120494759996088,1.0201274985254314,1.0218393375242623,1.026117247170799,1.0030231726681516,1.004302119700851
29.54,1.0096917647638273,1.0186596468352367,1.0183534200408282,1.0268809344730392,1.0034058576866354,1.004199620594183
29.560000000000002,1.0109767294576284,1.0212587637206576,1.0195753684699937,1.027240503781063,1.0028834879368,1.0044538880253224
29.580000000000002,1.0092405871364922,1.0205227881616497,1.016289111864431,1.0272383226566641,1.0024575589379223,1.0042954132716932
29.6,1.0111352553645356,1.0238811105293193,1.01774334666902,1.0268568958325006,1.0011258670449834,1.004502147613234
29.62,1.0100190689929478,1.0238879460347285,1.018752383466199,1.0260637537689448,0.9999244861753409,1.0043156658892851
29.64,1.009218051496928,1.0238243678874819,1.0203915737104667,1.0249160315521775,0.9978187292877667,1.0078074732348368
29.66,1.0087675760280648,1.0245386135919534,1.0215457257642462,1.0286098111131952,0.9959839246309974,1.0076291562268125
29.68,1.0086410063193072,1.0251723530647519,1.018018026634949,1.0266289553829022,0.9932944319925054,1.0071656511687035
29.7,1.00885170958059,1.0266050191136364,1.0192302518695509,1.0294583550390985,0.9948512697443572,1.0071596209281557
29.72,1.0093804950468295,1.0279191470456128,1.0199257745960049,1.0265845459236673,0.9915633102488783,1.0069055021030593
29.740000000000002,1.0102347679718713,1.0257535475077366,1.0211366826656803,1.028449088206432,0.9925119994173786,1.0071025097806796
29.76,1.0114977832841006,1.0277278267917602,1.021791561615479,1.0299824755104123,0.9886713596573733,1.0070677321426285
29.78,1.0098048260781436,1.0261967318296183,1.0175458934895758,1.030935915616892,0.9890831925726511,1.006795445014851
29.8,1.0117549321137613,1.0287479834037128,1.0180671082834198,1.0315496555493802,0.9886880907740698,1.0070602387576404
29.82,1.0108211575250068,1.0277387068729067,1.0179652278016742,1.0315478359665216,0.9886478794264795,1.0071236045172371
29.84,1.0135347667198649,1.0265098034726763,1.0182877132260324,1.031166986484664,0.9878181619498001,1.0077131389861718
29.86,1.0133624302196031,1.026068473292096,1.0179485929646872,1.0302504478212207,0.9873651148905331,1.0081176531591325
29.88,1.0167512929613531,1.0253953770349091,1.017887045540562,1.0289829219340327,0.9861408789567019,1.005278888392831
29.900000000000002,1.017254238297793,1.0288872276085992,1.0171518865939144,1.0271532921023345,0.9891454341883685,1.0061573008506448
29.92,1.0148044796023914,1.028740906143085,1.0211263875817154,1.0249999708321793,0.9875936916016022,1.006973092907911
29.94,1.0159839151907075,1.028229172330268,1.0199395059533218,1.0275782687315091,0.990250041992712,1.0083427333430874
29.96,1.0142981857968314,1.0285407888692117,1.0180688287352258,1.02456229342663,0.9884503668023052,1.0096636156296706
29.98,1.0162353594763207,1.0284720998892611,1.0164092589487685,1.0262404623051555,0.9908374289501989,1.0077792663395932
30.0,1.015300000746986,1.029110088193284,1.014060338526995,1.0223514216984695,0.9925650313482048,1.0095783988438995
30.02,1.0179857480644845,1.0293536194723458,1.0164469008096426,1.0231497172166897,0.9898725980310275,1.0082082894703124
30.04,1.0177909253532809,1.0291979524305992,1.0135465608796692,1.0233004454882026,0.991457517626996,1.0104848234167838
30.060000000000002,1.0177739565285016,1.0297625722534551,1.0153777599496605,1.023193758077137,0.9886948602732177,1.0096093481980948
30.080000000000002,1.0182717530614132,1.0298950045421686,1.0118953474151131,1.0224283411065302,0.9901890150148702,1.008750994820968
30.1,1.0189393434089993,1.0307467027228858,1.013146811483034,1.0215544150776124,0.9911556096249825,1.0084789726919874
30.12,1.020121108315229,1.0310676952289688,1.0136041813153427,1.0199172213246737,0.9926065413418792,1.008257104710551
30.14,1.0214743353970468,1.0309622709004955,1.0140941947308715,1.018255345457045,0.9935501049115878,1.0086757020227612
30.16,1.019822321260464,1.0314717369975983,1.01388287895025,1.0159442680698776,0.9949786358552393,1.0091579019267432
30.18,1.0218903910005488,1.0314234884561198,1.0135463670671006,1.0136449924063955,0.9959208976588867,1.0065549089108528
30.2,1.0209362347416888,1.0319766900689227,1.012516420894154,1.0106998858763365,0.9963933168515346,1.0076942597655674
30.22,1.0237110779128251,1.0319557574028106,1.0160945857161514,1.0124451274120236,0.9974296494243031,1.0057498850668578
30.240000000000002,1.0234453026104713,1.0313776440013758,1.0141899344370016,1.0088563658225844,0.9980401161585828,1.0075428188800872
30.26,1.0233001553826953,1.0313787161053383,1.0169077384692349,1.0099493081105448,0.9992087173688686,1.0062590307690735
30.28,1.0236667435052007,1.030785410251211,1.0141158766978298,1.0057604499805715,0.9999710821582184,1.0086909990247976
30.3,1.0241457132980056,1.0307524470156766,1.016045393986082,1.0063537321271951,0.9968290066375101,1.0080502573970866
30.32,1.0251515170119283,1.0300036707686773,1.0172010616499327,1.0062514204638964,0.997899540555764,1.007548578221062
30.34,1.0261866430559206,1.0286582042242762,1.0181804665276322,1.0063164441049706,0.9986760587389485,1.0076545924729001
30.36,1.0240120395796597,1.0277440019271324,1.018522332844321,1.0058118866322143,1.0000192030715533,1.0079342307171455
30.38,1.0256047450381083,1.026099968501745,1.01854432741523,1.0055137543141743,1.0010868736980463,1.0087124481199166
30.400000000000002,1.023959122380207,1.0286522063706531,1.0179561461130948,1.0046612694942132,1.0027880614264042,1.0096817602674806
30.42,1.0223147176866436,1.026648416401592,1.017038802419374,1.004033669584592,1.0042313327363264,1.0111418785812378
30.44,1.0244881334488762,1.0288289093262075,1.0155428100819286,1.002867556531772,1.0019012994690542,1.0095356130623392
30.46,1.0233679311301376,1.0264131772223588,1.0137994001263966,1.0063379192588622,1.003786770410164,1.0116879560957814
30.48,1.0260033436701634,1.0281704054103242,1.0115054208237035,1.0048087125694645,1.0019277152461656,1.0108458697426652
30.5,1.0252208801404812,1.0291772000514374,1.0139039736169497,1.0079002617045978,1.0042608293735178,1.0137736661509504
30.52,1.024326560936954,1.0255065418348397,1.0108207359235735,1.006074688341843,1.0028722286698981,1.0136231802590678
30.54,1.0239115344059493,1.0260566065791972,1.0123996490810114,1.0038542208279653,1.0014363123443317,1.017240848473647
30.560000000000002,1.0233483877139653,1.0218811858058312,1.0136180908181922,1.0062355811293084,1.0006285753426134,1.0177516047906998
30.580000000000002,1.0266099001381734,1.0218231513849925,1.01429529680125,1.0038855153609783,0.9997197165434932,1.0151759825659494
30.6,1.026340070822779,1.0210285753868393,1.0146245297773193,1.006203152259408,1.0029511339939927,1.0164374821636124
30.62,1.0258961141275593,1.0204341286764458,1.0144697512237064,1.0038371050799917,1.0024980235001302,1.0145392789045569
30.64,1.0258129176880746,1.0190767544526387,1.0139602876686853,1.0061316105586053,1.0062554765684182,1.0164773429338323
30.66,1.025462369179833,1.0219174942803342,1.0131055657156933,1.003787031692453,1.0063426718780355,1.0153228719195324
30.68,1.0248499039760626,1.0198312763012658,1.0119137193323127,1.006079784607845,1.0064344360756134,1.0145260200392563
30.7,1.0245911907108556,1.021935328152134,1.010407649419113,1.007975711959963,1.007202252576794,1.014039467787507
30.72,1.024040571404444,1.0190819672761067,1.0086695761734923,1.0053008829166972,1.0079956220287443,1.013903244781949
30.740000000000002,1.0238281402537228,1.020309462796258,1.0115713671068427,1.007227402944081,1.0094190795873876,1.0140937768164304
30.76,1.0233085539460682,1.020769304335075,1.009242053745547,1.00475784561376,1.010798547852034,1.0146259448547688
30.78,1.022413080825955,1.0211898245356936,1.0114558861783287,1.0069463242155798,1.0127968052353864,1.0155586218586894
30.8,1.0218214015486637,1.0208503145895351,1.008493903289474,1.0047737129247336,1.0111959924506788,1.016744757406435
30.82,1.0208403551862917,1.0204367810795891,1.0100656265224508,1.0072263822118588,1.0096869019194645,1.0182284980490564
30.84,1.0237103542769388,1.019275072778016,1.0065187185531457,1.0094590413757247,1.0088393238746012,1.0163882393948853
30.86,1.0225853204515092,1.0181253332656786,1.0075947153399456,1.0073489384073957,1.0081194302593994,1.0184472099737785
30.88,1.025205728171322,1.0161404388441655,1.0083670758551353,1.0098450844316416,1.0079997810327224,1.0171556645806217
30.900000000000002,1.0237796875998866,1.018333874369457,1.0089149354667475,1.0080588753311908,1.0079379741635843,1.0197930614384325
30.92,1.021913625756008,1.0155134860009296,1.0091922629321015,1.0109365323518507,1.008464833849356,1.0190507371568363
30.94,1.0238629679508575,1.0168441975192684,1.0092783047041145,1.0095598031781767,1.0090673590207413,1.0185743696365872
30.96,1.0216724239623396,1.0132804710502983,1.0092061986812348,1.012818388726541,1.0102486420047874,1.0183095763064236
30.98,1.0232726933605716,1.013760589561869,1.0089672228492104,1.0118495685191764,1.011587830182207,1.018214389371717
31.0,1.020686785414485,1.0093626523909895,1.0085835209517713,1.0108132138235337,1.0134105979078352,1.022024146927743
31.02,1.0218913453067806,1.0090024324423688,1.0080114377192304,1.0103134160279783,1.0116964532180834,1.0222778596763735
31.04,1.0226384477352504,1.0127439308342394,1.0074108140637756,1.0097612171315662,1.0141938727836177,1.0226874902091274
31.060000000000002,1.0191601343715582,1.0115794653425185,1.0066823006776398,1.0097123976231313,1.0131460741981728,1.0232992646709875
31.080000000000002,1.0194152486568764,1.014487307964024,1.0059387723832858,1.0096288202631367,1.0163073144708596,1.0240354304790942
31.1,1.0192127911246085,1.012512869320494,1.0051808947623266,1.0100350589717169,1.015914838630136,1.0211620341773302
31.12,1.01891246190509,1.0145257754577726,1.0044132510588488,1.0104242865754116,1.015667758522933,1.0222485587560488
31.14,1.0181306291869956,1.0116898677014463,1.0036446495101057,1.0108933041215784,1.0158768450176705,1.0233692966361208
31.16,1.0173074369325414,1.0129352458140275,1.0073470422718973,1.0118454337890155,1.012538360851575,1.0245650730645117
31.18,1.0159181786642617,1.009369350563702,1.0065192210167258,1.0129173134212197,1.013480912802858,1.0257677130212808
31.2,1.018342128811145,1.009901216792743,1.0055975092737066,1.0144344014627842,1.010857715315329,1.0231420846024726
31.220000000000002,1.0162863922628178,1.010321520443167,1.0047977905718684,1.01606634113717,1.012537890998655,1.0244450355376609
31.240000000000002,1.017919924699374,1.0102008674559952,1.0039436874819447,1.018126266305611,1.010523924597279,1.0218726652577486
31.26,1.0150714232596814,1.0099704037298372,1.0032173802086461,1.0203191939909297,1.0128400108319988,1.0232475610887017
31.28,1.0159081847426195,1.0092290724715651,1.002542248789572,1.0185436135032853,1.0155622632067403,1.024616149631818
31.3,1.0163012382675602,1.0083813034764315,1.0063758204532807,1.0172428969226792,1.014542325308531,1.021965749568578
31.32,1.0164065809729559,1.0070746179098284,1.0058101197543268,1.0161791323853113,1.017863255972414,1.0232858090875823
31.34,1.0160540412813148,1.005688625432378,1.0053053235409077,1.0155524814283237,1.0173983469684036,1.020536945049507
31.36,1.0153842020670867,1.0083771752799136,1.0049112243282536,1.0151569355480197,1.0213034292616467,1.0217725265394915
31.38,1.0141701795020817,1.0064979987409837,1.004616228912857,1.0151812221196894,1.0213091273029526,1.0229064188484904
31.400000000000002,1.0167532558325147,1.0086828654265299,1.004431784730068,1.0154513357007984,1.0216992716276398,1.0198772384258659
31.42,1.0147782972679136,1.0064626825927867,1.004451689385398,1.0161260813155053,1.0222195015380253,1.0207842844016661
31.44,1.0164769449746935,1.0082907148061704,1.0045747601312085,1.0170466992535618,1.0230961730362884,1.0174788347109405
31.46,1.0136213466511852,1.0057583779641233,1.0049172869368483,1.0183577925747649,1.0241103597610635,1.0181175556334643
31.48,1.0144368745631223,1.0072586463061555,1.00106670321356,1.0199348246839022,1.0254714629487744,1.018613235990364
31.5,1.0108041831649093,1.0087314853980756,1.001799233309245,1.0175595760289835,1.0228551290346035,1.0189119274310081
31.52,1.0108592944682808,1.0098530133199235,1.0026915963689218,1.0198304473363335,1.0245335989360465,1.0190373833267983
31.54,1.0105683965800498,1.0109604810930932,1.0037648742492538,1.018140845315389,1.022198054669183,1.019034213762489
31.560000000000002,1.0099547518517982,1.0078205624280212,1.005105979056018,1.0211131009470091,1.0200142137931487,1.018680009557258
31.580000000000002,1.012972442811435,1.0087822581402426,1.0065949455548129,1.0201128876800718,1.0222780129342603,1.018174411701167
31.6,1.0115350746366234,1.0055622363922696,1.0083689848662023,1.0194672378457188,1.0203489972566264,1.0173229548954086
31.62,1.0137244425331504,1.0064232221876237,1.0061045104409234,1.0191937967482005,1.0228750730145286,1.016317211772714
31.64,1.0114847539696772,1.0073194601508009,1.0083542297988408,1.0191496091606143,1.0211652159182805,1.0149280690545135
31.66,1.0128702589124767,1.0080229479584366,1.0066907054938858,1.0194967322229125,1.0239382240719848,1.013381724173736
31.68,1.0098740605732575,1.008775964199855,1.0095251443088613,1.020063977582615,1.0224293362299952,1.0157183749683756
31.7,1.0105977107654889,1.009352164387427,1.0084545682431378,1.021040844101381,1.0211262340932854,1.0134757063462856
31.720000000000002,1.0069889625012491,1.0099930766503418,1.0118675356158358,1.022227619445167,1.0242684708997043,1.0151903078451041
31.740000000000002,1.0070949085229186,1.006561676520981,1.0112997214761847,1.0193917578304295,1.0230527213314233,1.0123183608564692
31.76,1.0069087271561195,1.007259142863643,1.011112475012732,1.0212315801747254,1.0262814594049874,1.0133022405905705
31.78,1.0064444993624129,1.0081083739115018,1.01106694126938,1.0190082906577973,1.0251062739370478,1.0140794039917091
31.8,1.0056014026615125,1.00890830183417,1.0114385972831457,1.0214821092736501,1.0240117998998115,1.0143028714692814
31.82,1.0045526662034385,1.009872891829735,1.0119399732901848,1.0197788270089336,1.0228939602993856,1.0143076972435279
31.84,1.0031317371073234,1.00696410242164,1.012967253725335,1.0227776385087624,1.021842716764073,1.0137265911220124
31.86,1.0053594306678653,1.0081102999134988,1.014086919196313,1.0215755951744365,1.0253040707764285,1.0130363390431216
31.88,1.0033260637910946,1.005435819046526,1.0157505340642048,1.020548485244017,1.0241352138264879,1.0162278677128938
31.900000000000002,1.00503337251127,1.0067933184444184,1.0134801519638768,1.0199013501604435,1.0230186082832753,1.0147439047858056
31.92,1.0025476505906168,1.008370576210183,1.0157249312163685,1.0193054763078844,1.021725719093045,1.0171170175806674
31.94,1.0037939731872667,1.009962427210188,1.0141473338531546,1.0190749798170748,1.0204745124418029,1.0148087158154495
31.96,1.000912106213634,1.011787833125405,1.0170912092436235,1.0188882853483474,1.0190191038315684,1.016454578416771
31.98,1.0017547669318763,1.0099163840499887,1.0162062487431882,1.0235073411836013,1.0174963963251602,1.013416791068718
32.0,1.002313907200147,1.0120526341435427,1.0153977037785935,1.023691478990389,1.0204596684641287,1.0142348427996866
32.02,1.0028060337701818,1.010535405411332,1.0151611170099368,1.0239931310279335,1.0186254847468637,1.0104191688505546
32.04,1.003028403857436,1.0130701078549338,1.0149868232838375,1.0245703529590746,1.021261986579784,1.0104587152226951
32.06,1.0032035777990869,1.0119687867580316,1.0153792465820963,1.0252543637951141,1.0190516795848659,1.0105015102927224
32.08,1.00312350897834,1.0112708995439643,1.0158211218646591,1.0262171689455126,1.0166928312709391,1.0098355402383055
32.1,1.0027712477139792,1.0105534467318344,1.016829781290309,1.0271812361470447,1.0188313190610216,1.0130691431997905
32.12,1.0025087110052375,1.0102504599964197,1.0179674641251943,1.0235945581806885,1.0159874353701341,1.0116581616989215
32.14,1.0021022316601194,1.0099232145655528,1.0196923513053908,1.0248568639995779,1.017644265098204,1.0140510470441306
32.160000000000004,1.0017904919031535,1.0100235448077095,1.0214232366229885,1.021519794958516,1.0143800205317537,1.0119253365798118
32.18,1.0013473495698273,1.0101754840725439,1.023763837154717,1.0229575091203365,1.0155169345412811,1.0136000116786503
32.2,1.0010029945490961,1.0107666519657215,1.026098027989341,1.0243662725030322,1.0166006796360123,1.010785335227272
32.22,1.0005406995560406,1.00784086257752,1.024445876541834,1.0210261905100677,1.017176315113193,1.0117928820976392
32.24,1.0037401260294718,1.0089726132008376,1.0274264305882879,1.0225825941239735,1.0176777114290294,1.0083402861681758
32.26,1.0032124006558583,1.0065912764073768,1.0263765966279323,1.0193409161375748,1.0176355663460792,1.0088246624351722
32.28,1.002568514330755,1.0082579486244614,1.0260003293661362,1.0210227343218912,1.017425919511699,1.0086439694142797
32.3,1.002049992528045,1.010383737064839,1.0255108736979601,1.017834810296136,1.0166369646962914,1.0085576447586933
32.32,1.001449180766608,1.0090034977472162,1.0297249693737465,1.0195959641043202,1.015713766466125,1.007810734258884
32.34,1.0045887232857638,1.0076613605058182,1.029762037929195,1.021211405055269,1.0193120661882786,1.0071812751585805
32.36,1.0041729108583812,1.0068878659436837,1.0297527947672789,1.0178780801148792,1.0177518029890198,1.0059551001982596
32.38,1.0074565709830763,1.006140353120633,1.0303520473190004,1.0194487507787566,1.0205837792458432,1.0048717843751431
32.4,1.0072126127210126,1.005951141128898,1.0307838860106626,1.016021374638716,1.0182456184791748,1.0032016226497147
32.42,1.0069952228245995,1.0058577965492572,1.031838398986778,1.0175159024095617,1.0202992725621125,1.0053516162882943
32.44,1.0068985551259244,1.006317851598204,1.0327158988719118,1.01395994088662,1.0171734444238658,1.0032859557307097
32.46,1.0068611148981876,1.0067788907237736,1.034228003113863,1.0153434736862663,1.0184597693664625,1.005032186738556
32.480000000000004,1.0070247931736303,1.0078099949137354,1.0355513979344693,1.01652673590669,1.014672462198658,1.00259799833682
32.5,1.0072591560936583,1.0088324443482584,1.0326156605151393,1.0176183107596972,1.0153206087896636,1.0040644063619855
32.52,1.0040963118649948,1.0104405627641606,1.0344363730848498,1.018479968759081,1.015929422974727,1.0049803573629301
32.54,1.0046597483188933,1.0085325959926021,1.031962334361342,1.0140875401469334,1.0158007025580682,1.0061478388811462
32.56,1.0053180967141877,1.0107214303718424,1.0342554268638193,1.0146589986141827,1.015651445901149,1.006778931901092
32.58,1.0061777687418543,1.0094078103336652,1.032099438074621,1.014947728536125,1.0148569103222798,1.007691319697689
32.6,1.0071453623394238,1.0122106918491776,1.0297203025364234,1.0150549262445128,1.0140865737768365,1.0080816252375095
32.62,1.0083896345850665,1.0115018953851524,1.0320714225945276,1.014857340898093,1.012658480786702,1.0044350036913672
32.64,1.0097546793564511,1.0107531475478893,1.030006766200342,1.0144619916540325,1.0156057646943744,1.0046692800414219
32.660000000000004,1.0078545498712153,1.0106799034312053,1.0326831906732497,1.0138713179425691,1.0134745797734324,1.0044365356444738
32.68,1.009627974387457,1.0105358029112748,1.0307938850853904,1.0130722883940422,1.0157174653550571,1.004589746587409
32.7,1.0081669636623531,1.0110832293833663,1.0336721393001778,1.0120750723444236,1.0128230673032803,1.0042913492381373
32.72,1.0103694553471607,1.01154582984948,1.031944484555782,1.0160011771175497,1.0144115370699858,1.0043827580791875
32.74,1.0093504128188575,1.0126334933233208,1.0298449936884007,1.014425799305985,1.010919131058742,1.0040385685128035
32.76,1.0086100883252822,1.0136271417208456,1.0283156932396644,1.0177508515449305,1.0119023137084922,1.007546135197817
32.78,1.0080768995523037,1.0152170344787885,1.0263992190712483,1.0155448332645842,1.007835482083883,1.0071955155169414
32.8,1.0078516752807545,1.0167043112787237,1.0293247431483814,1.0182429166967961,1.0082564416692623,1.006489805620026
32.82,1.0078248443601303,1.014522431226067,1.0275365394931786,1.015401458472411,1.0079649133210387,1.0062076138535323
32.84,1.0080965056221103,1.0165590939174467,1.0305915350937154,1.017465611296339,1.007878952125779,1.0056069770173561
32.86,1.0085371025456498,1.0149083332938693,1.0287739264704578,1.0192791608493192,1.0070862234518412,1.0054297825893315
32.88,1.0092887164797886,1.017415313067301,1.0264401780238241,1.0206769740971722,1.0065455523169478,1.0049485746797036
32.9,1.0102809330170484,1.0163063408941482,1.0245313121977841,1.0218103620491532,1.0053044318403472,1.0048912936096999
32.92,1.0115964441910001,1.0193545608584405,1.022098629453434,1.0224992904892263,1.0043360896580191,1.0045446790370143
32.94,1.0097467752406513,1.0187607134377197,1.0244824473846164,1.0229379529397975,1.0026742297620457,1.0080161397612395
32.96,1.0115892779767361,1.0179198516969528,1.021990208241657,1.0229268870129253,1.0013067744075652,1.0078403329756958
32.980000000000004,1.0102842807906256,1.0177746818422952,1.0243080146799213,1.0226813294303696,0.9992703993861358,1.0074046620099928
33.0,1.0126541189603437,1.0173697854387416,1.0217030633754907,1.0219604860259381,1.0017215930693748,1.0074650177283582
33.02,1.0118562054258133,1.0175824035655356,1.0239224446375896,1.021030931708125,0.9993728801355681,1.0073008583076692
33.04,1.0148237326676401,1.017525655365599,1.025552432786733,1.0196265411755734,1.0014978660991174,1.0076270385133874
33.06,1.014619775825003,1.017143201622699,1.0274910364756629,1.0180577811616867,0.998862772065543,1.0077430078134109
33.08,1.01464036159788,1.0174534314488994,1.0288287518156758,1.0214087495074597,1.0006893666454681,1.0083444541221738
33.1,1.0150541309436802,1.0174085053265294,1.0250344623295446,1.0191630936407048,0.9979308237502975,1.0087319994850201
33.12,1.015678332142525,1.0180609057984362,1.026114440768159,1.021809880348644,0.9996130654400526,1.0056295957334775
33.14,1.016628309883683,1.0183178049494757,1.0219091470377055,1.0188791141749052,1.0007211799230928,1.0064351241121994
33.160000000000004,1.01440200066388,1.0192757663489047,1.022586349848552,1.0208330125582368,1.0022017703898358,1.0071429276826294
33.18,1.0159113560906636,1.019805877363431,1.0225679724205632,1.0172525231965208,1.0031240355642845,1.0083317320382823
33.2,1.014253830039089,1.016413594532192,1.0227862991439132,1.0185739816944048,1.0044435930889364,1.009435804175826
33.22,1.0163415848752524,1.0172517254205675,1.0222870011601892,1.0143833287314887,1.0052202597609492,1.01101122823835
33.24,1.0152308668381107,1.0176850798294117,1.0219938250615632,1.0150910445446995,1.0015216048018063,1.0125148925606235
33.26,1.014320512098124,1.0187030134670385,1.0210023658732248,1.0153094005282597,1.002238425177203,1.010568438393223
33.28,1.0138030951524355,1.0192848198710478,1.02006672220335,1.0154487593792307,1.0024315680155516,1.0125676764339782
33.3,1.0134543521563353,1.0204477877230125,1.018569791972936,1.0150958966654242,1.0030649166893797,1.0111460812806463
33.32,1.0135109411229706,1.0210569266445133,1.021848379698517,1.0147060724826593,1.0031908287165558,1.0135750982976877
33.34,1.0137255236399572,1.0174877951729533,1.0197932391116051,1.0138462534315078,1.003850554745096,1.01259180656551
33.36,1.014356518330658,1.0181565754480855,1.0224897001646043,1.0129722608719165,1.0040178085627547,1.0154573275823424
33.38,1.015028812967487,1.0183516527656762,1.0198307941039495,1.011627981773497,1.0047197725496977,1.0149989264406842
33.4,1.0123826943729315,1.0190306866937053,1.0219443012761915,1.01040519036885,1.0050460319862582,1.018387710039707
33.42,1.013559250782352,1.0192049442870208,1.0185692299001854,1.0086144314493266,1.0011668764217232,1.018436387669581
33.44,1.0113962337135005,1.0198499149294373,1.0200718090957968,1.0117009899282952,1.0016249348203425,1.0184940875094552
33.46,1.0130761451470038,1.0198724690456955,1.0209239707556867,1.009504353866884,1.001743822045853,1.0190752766864604
33.480000000000004,1.0147815496471282,1.0193274987762004,1.0217959239622112,1.0121979231397535,1.002306818113488,1.0162912981208492
33.5,1.0130875048995602,1.019223720994296,1.0220273743491757,1.009661910046514,1.0025454638246876,1.01738857637229
33.52,1.0152321979250223,1.0185244511422717,1.0222555147236765,1.01200573408825,1.0032984235327103,1.0151012202135996
33.54,1.0139539429965703,1.0182470311309633,1.0218597352398877,1.0092700068351022,1.0037414468748116,1.01669970749836
33.56,1.0164526671224003,1.0173642597430939,1.0213227836090093,1.0113958248568329,1.0046953213719547,1.0149929882809456
33.58,1.0155031090558642,1.0168830265448898,1.0202933195842987,1.0084776352049492,1.0053545076108357,1.0171764494058693
33.6,1.0183532350329707,1.0156815491103508,1.019104416116385,1.0104020822039752,1.0065217407360967,1.0160486570307241
33.62,1.0177275664621679,1.0187921825219055,1.0174465331387887,1.007318311991133,1.0074095756078867,1.0188164743706691
33.64,1.0169880711200683,1.0173147474876738,1.0156329333387726,1.0090598863843336,1.0042120826881957,1.0182668909064838
33.660000000000004,1.0166264924829993,1.0201334326865936,1.0133751169432212,1.0104194936036466,1.0054001460818371,1.0215755337688304
33.68,1.0161423436735233,1.018331295340106,1.0158739229089626,1.0119155984272146,1.0025466742327698,1.0214760933217233
33.7,1.0195351779894501,1.0159019417938482,1.0130106547455933,1.0130666528732206,1.0041506422313242,1.0217453061146078
33.72,1.0192655437897975,1.0178231082511524,1.0149786139691939,1.0143663951712778,1.0017253012716725,1.0221471703879264
33.74,1.0188503582240478,1.0149848978227194,1.0116192198433485,1.0153340758034233,1.0037278655147046,1.0191366263592716
33.76,1.018787010832594,1.0164818876819806,1.0130836807496495,1.0114151022305968,1.0054866639650957,1.0200632997860457
33.78,1.0185474386213742,1.0131935406644823,1.0142867138921332,1.0123953080587142,1.0078038668465454,1.017585874621329
33.8,1.0186552349399185,1.0142434742616016,1.0150646568347694,1.0085708509763194,1.0098932784825734,1.0190544175614094
33.82,1.0184882377273414,1.0105069088225043,1.0156831920457678,1.0096191526412346,1.0080541630658235,1.0171040434177012
33.84,1.018661179501816,1.011003307327429,1.01590348565741,1.010377131735221,1.010630350821477,1.0190920337954743
33.86,1.018548976991395,1.0108827748443905,1.0159630420409096,1.011422559878671,1.009309122423954,1.017644033686262
33.88,1.0181869581166691,1.0108769970519385,1.0156934199354222,1.0121921770174405,1.0123943850514656,1.016543618150161
33.9,1.0180339298265246,1.0102575288911342,1.0152620666080523,1.0132525141273163,1.0115880563052766,1.0194192201525358
33.92,1.0176071742332478,1.0097298840875633,1.0145272748803116,1.0140515855029122,1.0113628028544164,1.0187962040852967
33.94,1.0173935242558425,1.0085952000714262,1.0136306742563237,1.0151449910342336,1.0110092242800066,1.0221479436606176
33.96,1.0168988725201427,1.0075304582962348,1.0124568823251145,1.0160682389280273,1.0112271648536617,1.0219810407755106
33.980000000000004,1.0202842376311225,1.005866300507686,1.01112206246313,1.0123227701124415,1.0113291949745649,1.022123064780025
34.0,1.0196746341534006,1.0084302367057534,1.0145963189747818,1.0134442794828873,1.011969789499451,1.0223623115197127
34.02,1.0187791518524003,1.0061134879833369,1.0128853459850324,1.009948089860723,1.0125759735233715,1.0229026614574417
34.04,1.018060408599927,1.0081265935529764,1.0159695756552765,1.0112992039523725,1.013707269973946,1.0235236435971324
34.06,1.0169498404019763,1.0052586256737608,1.0139076215939244,1.0080578813879102,1.0148191739408587,1.0244376727883913
34.08,1.0197528062110206,1.0067158544460826,1.0166292363034222,1.0096452192379264,1.0120648535173724,1.0216797688885315
34.1,1.0184712121094677,1.0033120219384681,1.0142431030692833,1.0110423283527874,1.013736254446795,1.0228901440918539
34.12,1.0210890380260933,1.00423101568517,1.0166303247874398,1.0127977912504313,1.01144304855289,1.0204058020776767
34.14,1.0195913861389845,1.0002908834938342,1.0140735713107256,1.0144754698645668,1.0135822283345812,1.0219045699178508
34.160000000000004,1.021997597025552,1.0005690718950557,1.0162705285690272,1.0116843700715386,1.0117510377081294,1.0196841729136277
34.18,1.0202565323357393,1.000318110088358,1.0183787343050508,1.0137141747713994,1.014337073802344,1.0213731482382902
34.2,1.0181065540116796,1.0000313978598303,1.0155718816010388,1.0113149683945615,1.0130350230124225,1.0232343195193883
34.22,1.0198869382988098,1.0040043155179674,1.0175090062834231,1.0136972942935705,1.0122417847113232,1.0213066512353053
34.24,1.0174132945208578,1.0031046133203372,1.0145943244650857,1.0116664523075942,1.011429265565107,1.023403007097905
34.26,1.0188782313845204,1.0064608832198534,1.016407121168534,1.0143838463483805,1.0110966686064333,1.0215917952732751
34.28,1.016061551305254,1.0050646494663056,1.01340580731185,1.0127038507160049,1.0108446554578832,1.0238236574026245
34.300000000000004,1.0170850342343427,1.0079158385246574,1.0151169295111595,1.0157586748286391,1.0109651438960958,1.0221151012741414
34.32,1.013806097957708,1.0060355093498448,1.0120511440751994,1.0145233686675061,1.0111774567806413,1.0244678099018474
34.34,1.0143690910380543,1.00839463073551,1.0136835670213626,1.0180109159533475,1.0117538039182907,1.0228449495848637
34.36,1.014627133772152,1.006043385262684,1.0105758182441908,1.0172154785172791,1.0124321190930756,1.0212832721651979
34.38,1.0147803690266874,1.0079456889918097,1.012153140034914,1.0164617259194755,1.0134651385434224,1.0237109035963616
34.4,1.0146103809470732,1.005159184424822,1.013797645159075,1.016063451262058,1.0105347664796227,1.0221359145893647
34.42,1.01433670368184,1.0065215132454597,1.0154505884537555,1.015743432210427,1.0120277847324946,1.0245431449462705
34.44,1.0137419268074606,1.003250194331554,1.0171828076799745,1.0157498587375358,1.0095386349641733,1.0229157495777041
34.46,1.0130244158883008,1.0042223814653797,1.0143335060819991,1.0158471774023015,1.0114875899145368,1.0252834970970124
34.480000000000004,1.0118912659106298,1.005177901276035,1.0161226981357876,1.0162392835030372,1.0094347133604242,1.023583355681077
34.5,1.0146008996220077,1.00579760482864,1.0133786877972923,1.016734705929444,1.0118340378174921,1.0219064999336296
34.52,1.0129182888416457,1.0064236731529688,1.0152638872677304,1.0175163061176304,1.0101116559152625,1.0201587914358607
34.54,1.0151536195091793,1.00672698435827,1.012640280663316,1.0185127596761374,1.0128408313884356,1.0183318743492773
34.56,1.0129914205174395,1.007041076809256,1.014731241375718,1.0197803807811678,1.0114241786359717,1.0205710481107175
34.58,1.0147443242110068,1.0069523783096042,1.0123375261455472,1.0212781465275276,1.0103255133973643,1.0185440070281135
34.6,1.012117026038716,1.0069807036905747,1.0146386065826505,1.0230305863478988,1.009259867588625,1.0205719132124704
34.62,1.0133024537753514,1.006625043105993,1.0124798331776148,1.0249080247308988,1.0085025236027594,1.0183017209048284
34.64,1.0101121984972936,1.0063918242461618,1.0150967418008268,1.027033037222859,1.0122612991620343,1.020096015900927
34.660000000000004,1.0107340503121436,1.0057918723219332,1.0132685546211846,1.0248145862565048,1.0117984300205058,1.0175815612874963
34.68,1.007089205868902,1.0053205566563328,1.0117617256313283,1.0273779815901898,1.0158490284328752,1.019038123661351
34.7,1.007252924340417,1.0089386614432305,1.010299284995381,1.0255689967925012,1.0156489311827013,1.0204189011574276
34.72,1.0071901990658434,1.008172490278107,1.0091912409452481,1.023957919910782,1.0157195439851123,1.017458100419343
34.74,1.0069065304804132,1.0115086229939356,1.0127062269141316,1.0226132786689552,1.0157955433915977,1.018588197903699
34.76,1.006388855464368,1.0104969152789014,1.0118205096258306,1.0214785028692508,1.016014149833059,1.0153523168421965
34.78,1.0056431861029758,1.0096250590794273,1.0155514738213436,1.0205982154199407,1.0162354276346135,1.0162102398523505
34.800000000000004,1.0087533746536046,1.0085543785265045,1.0148764537683383,1.019936223906311,1.0165913754077769,1.0126783203878889
34.82,1.0075869944909188,1.0077518218519153,1.0188144381155328,1.019515652989011,1.0169449833725612,1.013164269682771
34.84,1.0101709298856258,1.0067512517072812,1.0183622386459625,1.0192175123602354,1.017424268769953,1.0135833628519868
34.86,1.0085005188269331,1.0060257292592665,1.022623646236003,1.0191535516239136,1.0134492948230513,1.013651745085919
34.88,1.010597886160241,1.0051012344081212,1.0225033326316166,1.0193226591352376,1.0139858997156237,1.0136368812388543
34.9,1.0084647434672798,1.0044594142218592,1.02275909317897,1.0196938182581001,1.0146617360359387,1.0132510438079674
34.92,1.0100963214606038,1.0079552236494846,1.0230301276810538,1.0156578721538312,1.01520727864891,1.0128113860373906
34.94,1.0075208876431976,1.00732887840274,1.0237119224261106,1.0164947501411559,1.0158644904758658,1.0119809416001488
34.96,1.0087302391469546,1.0108277513286836,1.0243739819317863,1.0129022314134812,1.016379058134354,1.0111032827431083
34.980000000000004,1.0057553645941955,1.010229970525871,1.0254592107069944,1.0141995369864858,1.017000299931218,1.0098158317124342
35.0,1.006659678095307,1.0097985004651502,1.0265132616526564,1.015676776352749,1.0174659223029883,1.0084945159235956
35.02,1.0073503060189166,1.009292113283374,1.0233504622663847,1.0173853678259814,1.017954272951612,1.01118452456386
35.04,1.0078959968060266,1.008981511169294,1.0248437276115292,1.0192368403692365,1.0138338706347985,1.0094015882606517
35.06,1.008254576755462,1.0085749193027054,1.0221219966603146,1.0213283219029685,1.0142270283668173,1.011606889821275
35.08,1.008483891984718,1.0083736310879408,1.0240522213157712,1.0235257648206586,1.0147511969660878,1.0093355424293247
35.1,1.0085306676002475,1.0080792046877516,1.021675371053548,1.0210971291328401,1.0151008265530672,1.0110775466370088
35.12,1.0084640662702782,1.0080927207417973,1.0240561017587502,1.0234918278932068,1.0155499916060848,1.0083397106552723
35.14,1.0082200821895482,1.00800756110195,1.0220979503026897,1.0212372617175078,1.0158106333655046,1.009718314277562
35.160000000000004,1.0078795351611909,1.008240374949704,1.0249056774092964,1.023825003971443,1.0160621523371622,1.0066166471300817
35.18,1.0074662330731163,1.0083691511103279,1.0233657335546071,1.0217395914665426,1.016108973049323,1.0075300801916045
35.2,1.0069662308243705,1.0088261086157093,1.026599598805888,1.0245143119991245,1.0161456519329106,1.0039719375753053
35.22,1.0064002928281273,1.0053385152927348,1.0254767755472662,1.022590400753993,1.0159598225406685,1.0044272208552547
35.24,1.0095925913822876,1.006074686602422,1.0248624293099593,1.0255438758072568,1.0157622047660628,1.0004206240838034
35.26,1.0088211629097055,1.00715206173611,1.024184444669105,1.0237507260111047,1.0201960004244177,1.0004465305337913
35.28,1.0118007302658532,1.0081196743726917,1.0240473905611183,1.0219803389308413,1.0197069665946676,1.0005396238772155
35.300000000000004,1.0108650887991688,1.0094376691680922,1.023830822690814,1.0203697637969364,1.0193366829663262,1.0001312037996168
35.32,1.0097891341164873,1.0106426734371863,1.0240443033453415,1.0187735162383005,1.0185755124251648,1.0037887696176968
35.34,1.0087760604946538,1.0122844712861696,1.0241685140351315,1.0173093937115572,1.0178360187941329,1.002968084096282
35.36,1.0076508217295022,1.0138042086484487,1.024731484968282,1.0158500458686501,1.016707356657807,1.0062086144491635
35.38,1.0065981336876995,1.0157716234311003,1.025197148761161,1.0193299726528422,1.0156088766499254,1.0049851711702855
35.4,1.0054415242191839,1.0138469166164898,1.021296774834217,1.017954304926782,1.0141250505415487,1.0078199290881082
35.42,1.008126441816195,1.0160962595470657,1.0221452141715346,1.021510230133034,1.0126798680362166,1.006205297981051
35.44,1.0070773894872609,1.01445284239856,1.0186121634623246,1.0201787917979388,1.0108293365542669,1.0085698654682504
35.46,1.0098571344802707,1.0169855706175903,1.0198387810118585,1.023795381098806,1.009026213640459,1.0066114278140086
35.480000000000004,1.0089194165828088,1.0156304224265165,1.0166677046724917,1.0224918764974191,1.011815230934923,1.0086245685861934
35.5,1.011797542569191,1.0184531718463128,1.0181738769006137,1.0210314545834653,1.009617576186038,1.0063657413897786
35.52,1.0109751744956395,1.0174853914438624,1.0195531589808562,1.0196935817961026,1.0119857127098473,1.0080708994822913
35.54,1.0139567260201012,1.0164088219412497,1.021364963604107,1.0182154627269178,1.0093633024568924,1.0055290846987832
35.56,1.0132552283008787,1.0157963114327981,1.0230173905886752,1.0168475703616529,1.0113074835323075,1.006944782771626
35.58,1.0125455237245653,1.0150693407698466,1.025014158641381,1.015333982958662,1.0082572544598523,1.007918072724074
35.6,1.0119965226480625,1.0148886315829193,1.0268471000561765,1.018854212705044,1.0097758177068314,1.0089980331421007
35.62,1.0114672050303213,1.0145800135971215,1.0240904118835006,1.0172464653286557,1.0063399018838268,1.0096409675449651
35.64,1.0110945763959798,1.0148276384948676,1.0261655789780817,1.020659578791057,1.0074754682748672,1.0104077400876124
35.660000000000004,1.0107501496447533,1.0149092232827637,1.0236278642931231,1.0189150018311492,1.0036521114178272,1.0107434857038307
35.68,1.0105588100302052,1.0155572383242149,1.025939356763109,1.0222038011142929,1.0044041771163217,1.0112202987633
35.7,1.0104038591497932,1.0160261296249327,1.0236136644331153,1.020304594194465,1.0003105162521235,1.011272325381018
35.72,1.0103985917739529,1.0170713215863096,1.0261540237582576,1.0233342354515855,1.0007910461371763,1.011578897638178
35.74,1.0104376872322618,1.0142287654462605,1.024032065933245,1.0211521718831729,1.0014154250707223,1.0114669474611988
35.76,1.0106260366158795,1.0156193241061273,1.0267734572141314,1.0188231017806064,1.001478916227307,1.010949933365061
35.78,1.0109415544489275,1.013114031297755,1.0248258683028717,1.0164190087112597,1.006062601020746,1.0107206974992717
35.800000000000004,1.011411582621152,1.0148503408639304,1.02773135263612,1.0138714559056545,1.0056357220959962,1.0101169998561907
35.82,1.0119996727460503,1.0126825506894015,1.0259208560960285,1.01633523163955,1.0097288772518542,1.0098086970113513
35.84,1.012751063479813,1.0147642284573961,1.023896622157523,1.0135401589641173,1.008848936270823,1.0091339112493625
35.86,1.0136119793733593,1.0129328854136233,1.0222724911359968,1.01574046091299,1.0124900604011309,1.0087624443816727
35.88,1.0145536847796617,1.0153329671138869,1.0203250865391826,1.0126586792609857,1.0112827765778505,1.008123626226201
35.9,1.0156035762815756,1.0139073979857942,1.0232140439383652,1.0144693838049128,1.014589204588404,1.007789406105105
35.92,1.0167431122073851,1.0122815139667427,1.0213942828990876,1.0110065662805132,1.0130630091719395,1.0071956981172034
35.94,1.0179911356987894,1.011214078067449,1.0244032624238706,1.0124437046740695,1.0160439317133374,1.0069072837074184
35.96,1.01931561678377,1.0099355737506466,1.0226741893440305,1.0085943598748788,1.0142080001526361,1.006367204660572
35.980000000000004,1.0207485298071137,1.0091265779414424,1.0257879133215404,1.0096533159186922,1.0168739928650714,1.0061334204268713
36.0,1.0223595182846188,1.0081001972482884,1.0241330969434306,1.0054127027654212,1.0147388285955952,1.0056556152692435
36.02,1.0204513911156534,1.0112648250993947,1.0273345119509263,1.0062030976922083,1.0171016641338673,1.009107691902126
36.04,1.018676587778405,1.010436311308324,1.02564153195523,1.0069058710837715,1.0146795728501337,1.008640897292696
36.06,1.0171711303058275,1.0137929963089412,1.0235933300071896,1.007379675608822,1.016797518228751,1.0120812620718604
36.08,1.0157881022198019,1.0131430393606162,1.021915247610814,1.007746624478088,1.0141457222022625,1.0116206304119197
36.1,1.0146803328595477,1.0166642605329639,1.019874712585903,1.0078730444189885,1.016031646108913,1.015063951047324
36.12,1.0136840183577065,1.0161650129527,1.0181951199418262,1.007900748157034,1.013162793074173,1.0146236884015671
36.14,1.0129685270205497,1.0198488904159162,1.0161453804610114,1.0076770134273572,1.0148302451395104,1.0138407333413326
36.160000000000004,1.012353468807672,1.0194976484930631,1.018997805220609,1.0073633061959115,1.0160014472679624,1.0134837408575557
36.18,1.012003416682432,1.0187905164628197,1.0168839771615041,1.0068107102413926,1.01750003668844,1.012814322186367
36.2,1.0117433124559132,1.0186437219728166,1.0196594693447367,1.0060929091052238,1.0185063458663546,1.012573121003177
36.22,1.0117312604661115,1.0181323725931197,1.0174432366552204,1.0051257727391785,1.0198434821455509,1.012027989954463
36.24,1.0117992229357688,1.0181826095482605,1.0201265541418674,1.0040139231638707,1.0206948516119692,1.0119129870654602
36.26,1.012031183571744,1.0178587596826167,1.0177919007813263,1.0026404853026625,1.021881234616778,1.0115920241806098
36.28,1.0123392896079526,1.0180968981973948,1.0203673803368587,1.001256900381696,1.0225885343207954,1.011696253459906
36.300000000000004,1.012816607375442,1.0179503941347567,1.0177845732163262,0.9996041911506595,1.0236366630622866,1.01160259381055
36.32,1.0133670462482063,1.0183659150948183,1.0201196131419024,0.9979518738471969,1.0242135163028543,1.0119284088118432
36.34,1.0140914937425736,1.0183851333940432,1.017280250969785,0.9960240431151073,1.0201490199619752,1.0120641632841687
36.36,1.0148854669420837,1.0188693107718843,1.0193660026937592,0.9990961744803979,1.020667877036911,1.0125889277820035
36.38,1.0159539780028324,1.0189497926047606,1.0209228139471302,0.9968152410275195,1.0165895377091427,1.0129318130918026
36.4,1.0170825202724252,1.0148289227056306,1.0227395755878783,0.9995571272182504,1.0170874149894544,1.0136594674222614
36.42,1.0184921517031884,1.0150194502830656,1.0240074649997473,0.9969553742943935,1.013006142955578,1.014213713828425
36.44,1.019927007690143,1.0148294556625674,1.0255227275592604,0.9993770697032289,1.0134946381566055,1.0151484532274329
36.46,1.0178031447306366,1.0150883089282328,1.0265124372724688,1.001788715541835,1.0094216167459829,1.0159178172192218
36.480000000000004,1.0195887206769467,1.014940615116096,1.0224128873942582,1.0038522485846428,1.009939029514027,1.0129039918332765
36.5,1.0178018573837586,1.015237517517523,1.023191957230413,1.0060025462375144,1.0100515098144767,1.0139224413912025
36.52,1.0198232553050663,1.0150942343693576,1.0187554443668563,1.007803566910714,1.0105385724904918,1.011270356448209
36.54,1.0182581928768568,1.0153910360968093,1.0192068033228328,1.0097168862072552,1.010628250372105,1.01264570727725
36.56,1.0205142842159374,1.015239654347623,1.014436040141502,1.0112827499872354,1.0111000272591344,1.0103481540691273
36.58,1.0191685515874624,1.015523095174915,1.0146639008671454,1.0129659303174172,1.0111823861280715,1.0120746453451266
36.6,1.021656244220357,1.0152458047994761,1.0096665952292545,1.0143043972346275,1.0116541096955673,1.0101257591745616
36.62,1.0205262450571642,1.0193263530050087,1.0096672533675726,1.0104763790992415,1.0117441042427542,1.0121976645756954
36.64,1.0193094853250668,1.0189787299707382,1.0145265586763488,1.011654510119504,1.0122039636217544,1.0105915707683624
36.660000000000004,1.0183447883595684,1.018196954612924,1.0141931360110137,1.013012597273529,1.0122901448009456,1.0129833700480144
36.68,1.0172904306864818,1.017838284301264,1.013414101177641,1.0140313118306592,1.0127800655279442,1.0116941420735681
36.7,1.0164622860445642,1.01703820936471,1.012808566167052,1.0099334213763624,1.0129035331699914,1.0143996958176142
36.72,1.0155414944004728,1.0166279727433754,1.0170433144132978,1.0108337959620322,1.0134105495233268,1.0134209652833288
36.74,1.0148451729903103,1.015769431566922,1.0160827503941459,1.0066570560258192,1.013558537439148,1.0164337889820096
36.76,1.0140524393994217,1.0153210192977844,1.0199670687071136,1.0074748143418457,1.0140965487264104,1.0156627118546986
36.78,1.0171433849536478,1.014416936619948,1.0186557944996655,1.0032276079607083,1.0143786914114443,1.0152258008315447
36.800000000000004,1.016437517733565,1.0139346900704216,1.0221952085086947,1.0039718248964125,1.015049226404269,1.0147139895586907
36.82,1.0196045651620975,1.0129893296822239,1.0205390074862777,0.999663613482169,1.0154534999117644,1.0145306994540584
36.84,1.018961092437678,1.012459024798738,1.0238441729173315,1.0003447703985149,1.016243984574948,1.0142755199157771
36.86,1.0221982444095072,1.0113544483671504,1.0219559301326253,0.9959862995937296,1.0167762356197034,1.0143426937410163
36.88,1.0216105431832907,1.014660510955581,1.0250275530017419,0.9967296671762744,1.0128493722771366,1.0143406821739294
36.9,1.0209067836122103,1.0133559265099192,1.0228156407510252,0.9972921051360757,1.0135689869866302,1.0146303370863068
36.92,1.020421372560775,1.0164457396372928,1.0255603672844646,0.9980223059188083,1.0098598617581365,1.014833628334973
36.94,1.0198130898094444,1.0149145874840166,1.0230617598339933,0.9985790307876927,1.0107941194934364,1.0153228425294782
36.96,1.0194192351763092,1.017782139489153,1.0255167827702651,0.999302111783952,1.0073044485611873,1.0157286658302471
36.980000000000004,1.0188952206297492,1.0160184442446294,1.0227432835436243,0.9998593302871415,1.008454966959545,1.0164142739222997
37.0,1.0185815451172435,1.018658564661532,1.0249214571069354,1.0005819968471235,1.0051858985884639,1.0170190871743667
37.02,1.0181301991162823,1.016657157516354,1.0218855002504776,1.00114629589146,1.0065538365676159,1.0178971649080935
37.04,1.0178849532973913,1.0190653701966768,1.0238002146123275,1.0018755311231224,1.0035060365993254,1.018696668734969
37.06,1.0174943558431373,1.0168218689231643,1.0205148139273463,1.002453752538167,1.0050920778011467,1.0197625498411367
37.08,1.017305491153646,1.0189944934383477,1.0221799422876625,1.0031967010761091,1.0022657147359912,1.0207517048164176
37.1,1.0169634770131184,1.0165053973559277,1.0187706620939245,1.0037958274383483,1.0040700548164345,1.0219999996170512
37.12,1.0205708873201527,1.018327602646898,1.0203053003181903,1.0045602487282412,1.0014647886999337,1.0194208826924331
37.14,1.0202338531488588,1.0196958004600134,1.0167811829516156,1.0051883768394196,1.0034871286111269,1.0208027636279655
37.160000000000004,1.0196431835959783,1.0212518556109154,1.0182132742016963,1.0059824705743798,1.0011761207181347,1.0183455140935722
37.18,1.019238645484366,1.022341331819221,1.0146020080861424,1.006647658198779,1.0034904204362025,1.0198381049559118
37.2,1.018579256651611,1.0236130910076997,1.0159393716124212,1.007479976422335,1.0014660167271319,1.0174780603311009
37.22,1.0180984900234153,1.0244268775179148,1.012248239046265,1.0081908861234492,1.0040661264515096,1.019077133058368
37.24,1.0173613667790176,1.0254179357921873,1.0134990758315165,1.009070011732641,1.0023218445299147,1.0168096270355211
37.26,1.016795543620018,1.0259598442099773,1.0097358559501144,1.0098349255140144,1.0052013520637502,1.0185101604840279
37.28,1.0159718463077212,1.0266745743369148,1.0109087611463146,1.0107690190057426,1.0037305171520405,1.0163297452257471
37.300000000000004,1.0153123426358004,1.0269492228579784,1.0070816262659736,1.0115957907811977,1.0068828248631683,1.018125983083717
37.32,1.0143935022856105,1.0273927987135698,1.0081854905795096,1.0125925422812703,1.0056785436143723,1.0160264929427854
37.34,1.0136319944735375,1.0274056247743824,1.0043029032468613,1.0134885519128076,1.0090968420656914,1.017912007026575
37.36,1.0126098070518772,1.0275840288490397,1.005346817127002,1.0145551410896054,1.0081519783908444,1.015886626164062
37.38,1.0155661227173125,1.0273412863808957,1.0014174308322668,1.0155272555925716,1.0118292219263152,1.0140266276146694
37.4,1.0143988910451904,1.0272804929103287,1.002410592371504,1.011618561829741,1.0111363750828068,1.0163029246582749
37.42,1.017197780989624,1.0268080926171486,1.0034950090938999,1.0127318234253615,1.0108390133485172,1.0145185913389958
37.44,1.015881211789508,1.0266200964798617,1.0043628062976566,1.008999093076629,1.010406709066529,1.0168586899915435
37.46,1.0184329466389035,1.0260492474359877,1.005325841438296,1.0102601723937639,1.010255675761772,1.015121165800125
37.480000000000004,1.0168630177680078,1.025761955090121,1.0060825098140134,1.0067851988830607,1.0099730312579847,1.0175164566199109
37.5,1.019167153650733,1.0250928188536177,1.0069385004562363,1.0082981079702964,1.0099683902518224,1.0158158990430413
37.52,1.017345250127677,1.0247067923825064,1.007598479069645,1.005073093396753,1.0098336928475735,1.018256516570471
37.54,1.0194036790139056,1.023940531471693,1.0083622753918187,1.0068322868042654,1.0099732682842448,1.0165829403827629
37.56,1.017331596649678,1.0234573187676732,1.0089400192842497,1.0038514784352859,1.0099840082899945,1.0190589137416874
37.58,1.0191466312030797,1.0225960356322563,1.0096259112147807,1.0058514463910857,1.0102648654226687,1.0174022623266734
37.6,1.016928772450802,1.0220180962245928,1.010135291009064,1.003109094515827,1.0104177843791073,1.019801468986492
37.62,1.0186002981564428,1.0210652630188433,1.0107569638451226,1.005344319403731,1.0108362692883854,1.0180551227231849
37.64,1.0201343385157724,1.0203968729801236,1.0113128573611059,1.0028346358446387,1.0111268886706304,1.0164732447923206
37.660000000000004,1.0216232836775725,1.0192750834438886,1.0119858078747281,1.0053000617637586,1.0116776792761748,1.0146891957935176
37.68,1.0229581694354244,1.0184383895539506,1.0125910709029053,1.003018194047582,1.0120808564094357,1.013070541187926
37.7,1.0242447238006105,1.0171624863670488,1.0133190670145664,1.0057091223975005,1.0127389488555354,1.011242492962241
37.72,1.0253804778898417,1.0161708674600156,1.013977618569709,1.0036498901505433,1.0132493263085183,1.009580561667296
37.74,1.026465119985621,1.014753901929855,1.0147643430011604,1.006561205606288,1.0140090805613584,1.0119967902262386
37.76,1.0274025882734086,1.0136206124275056,1.015479952600156,1.0047190963483938,1.0103261898246865,1.0102492115585484
37.78,1.028308142386793,1.0120754895501705,1.0163289283188481,1.0078454523790583,1.0112391137088403,1.0125653702307655
37.800000000000004,1.0290701609820925,1.0108137075690493,1.0171051563805422,1.0061931773980284,1.0076945080828812,1.0107061172383904
37.82,1.0297980261206714,1.0091533377043937,1.0180196900508065,1.009507949291864,1.0087523303251045,1.0129184138915726
37.84,1.0303862698210016,1.0077760970217655,1.0188597309224905,1.008040316519493,1.0053373275475106,1.0109437111009583
37.86,1.030938561820677,1.0060131112895494,1.0198426535142637,1.0115384597008459,1.0065313412975354,1.0130486364006326
37.88,1.0313555239729935,1.0045331306759318,1.0207493019495395,1.0102499563662355,1.0032370639903752,1.0109550416061293
37.9,1.0317351627683413,1.0027798418900673,1.0218031496139899,1.0139261089632388,1.0045583990919815,1.0129494430283494
37.92,1.031884103394069,1.001311092931516,1.0181371563549977,1.0126977357649338,1.0062236974492884,1.0107339204986832
37.94,1.0319936539718304,1.0042140463101257,1.0194315038160353,1.011570468675221,1.0076160055974954,1.012638890326794
37.96,1.0318866739973114,1.0026840083953585,1.016028208893627,1.0104498507596644,1.0093219612262199,1.0103217582776538
37.980000000000004,1.031864574818682,1.0055200555636592,1.017555838698593,1.0094296083703163,1.0107528692433254,1.0121320742093731
38.0,1.0316331498855416,1.0039378016284397,1.0143826469840782,1.0084160653842233,1.0123904360485434,1.0097175025108682
38.02,1.0314867969375818,1.0067171339692287,1.0161361318717432,1.0075015067345492,1.0137484462484623,1.011429260241496
38.04,1.0311368972410495,1.0050919037807118,1.0131853878857424,1.0065929291421256,1.0153153025436228,1.008914943824117
38.06,1.0308725248533914,1.0078241848364984,1.015157436630313,1.0057810518260948,1.0165974987278399,1.010526610426386
38.08,1.0304105204436649,1.0061648140228217,1.0124215924000302,1.0049742260227164,1.0180905067610801,1.0079109075009844
38.1,1.0300347410745205,1.0088592511066734,1.0146049940529123,1.0042615038572082,1.0192938592090064,1.009421585865391
38.12,1.0294673471090015,1.0071741247609154,1.012076557883007,1.00355270436229,1.0207098260955227,1.011085989280962
38.14,1.0289870870453193,1.0098394284165684,1.0144641388542632,1.002935132806799,1.0174488178398002,1.0124555831035327
38.160000000000004,1.0283432612086516,1.0081364400559787,1.0121356377746076,1.0023201724843085,1.0188463451979426,1.0139605440591426
38.18,1.027787229448757,1.0107808982175133,1.0147202267580833,1.0017714016545025,1.0155568411782823,1.0151689290519355
38.2,1.0270733161274492,1.009067630563619,1.0124775634988108,1.001224227859614,1.0169311878597056,1.016517054532799
38.22,1.0264479043950923,1.0118056797380435,1.0151524480302934,1.000739814983622,1.013608191694595,1.017567176674412
38.24,1.0256703107399394,1.0101880161414751,1.0129930849174538,1.0002553318963192,1.0149546857607352,1.0187616215327484
38.26,1.0249825888503716,1.0130211849310546,1.0157581450550817,0.9998300191717948,1.011593533319021,1.0196569685556534
38.28,1.0241488499864912,1.0114982370383458,1.0136816112275981,0.9994028748543489,1.0129078469181252,1.0207014305354543
38.300000000000004,1.0234064116303454,1.0144258513710707,1.0165361391148457,0.9990311981764608,1.0095042587388132,1.021446029872906
38.32,1.0225240146319603,1.0129966540825688,1.014541363284273,0.9986558551379647,1.0107824609390885,1.0223447415092322
38.34,1.0217343667077454,1.016017936179038,1.0174840740616082,0.9983322018774781,1.0073325930247754,1.0229431428562932
38.36,1.0208106797024668,1.0146813961892605,1.015569410102499,1.0030658965181587,1.0085711980428647,1.023700846118011
38.38,1.0199811829857621,1.0177954162982292,1.013535567824263,1.00273864041971,1.0050970700098385,1.024158092484745
38.4,1.0190233970584908,1.016550266122179,1.011770102717703,1.007451830159861,1.0063180183793965,1.0247801323599663
38.42,1.0181612090109713,1.019730546471088,1.0098806473832451,1.0070920755782349,1.0028158932062445,1.0251019737627294
38.44,1.0171762832574522,1.0185505657608172,1.0082590560828002,1.0117818015283317,1.0040157148715392,1.0255942470490567
38.46,1.0162881784967137,1.0217968508451827,1.0065083196408402,1.011386487060121,1.0054770610469221,1.0257868321154513
38.480000000000004,1.0152825401833425,1.0206813720268368,1.0050247437928619,1.0110549417540877,1.0066088389007226,1.0262828342621608
38.5,1.014374872180559,1.023993075071988,1.0034068037747257,1.0106899380305565,1.0078770019221612,1.0264807326913168
38.52,1.0133552694208205,1.022941086199729,1.0020301858507674,1.0103853574809158,1.0088120764564348,1.026978350640115
38.54,1.012435322202041,1.0263172687402518,1.000514457446338,1.0100450980273745,1.0098955064974886,1.0271802739832738
38.56,1.0114087192890908,1.0253272796712949,0.9992395041663771,1.0097612631874822,1.010641361747251,1.027678740907378
38.58,1.010483285759185,1.0287663983760058,0.9978206406055359,1.0094396581035667,1.0116551083273904,1.027884048428609
38.6,1.009456141118,1.0278364405341658,1.0012862482442437,1.0090628686486505,1.012328504625088,1.028383722075338
38.62,1.0085314902951596,1.0266921875472828,0.9999149874948492,1.0086687964936196,1.0132711960584695,1.0285934143141624
38.64,1.0075097257439438,1.025886906834785,1.0034105756683172,1.0082256990268657,1.0138733137542668,1.0290956462402532
38.660000000000004,1.0065683242980352,1.0248609519291128,1.002059066352829,1.007759633344123,1.0147465026322338,1.0293111072605114
38.68,1.005534632726203,1.0241750688038311,1.0055805811410958,1.0072504219164249,1.0152791519066993,1.0298174774033395
38.7,1.0045826945443341,1.0232619424061185,1.0042446443667028,1.0067128879163656,1.0160848775284013,1.0300401829354398
38.72,1.0036418546762862,1.0226897467318792,1.0077878738498915,1.006137971969126,1.0165503484170824,1.0304534710583768
38.74,1.0027855087045214,1.0218842795322076,1.0064631998579145,1.0055297237612404,1.017291116032173,1.0305850816626645
38.76,1.0019356642353632,1.0214208674164031,1.0100238292987147,1.0048897794742273,1.0176916596400507,1.0309147507529932
38.78,1.0011722749334213,1.0207181563447145,1.0087060419679095,1.004211849768959,1.0183694240653107,1.0309646681432358
38.800000000000004,1.0004108842297397,1.020358353891517,1.0122797178684833,1.0035078622658928,1.0187072712050238,1.0312197923356674
38.82,0.9997376748219331,1.0197532294345637,1.0109644354948655,1.0027615977469626,1.0193244887229547,1.0311969936797523
38.84,0.9990620269374082,1.019491610087492,1.0145468233048707,1.0019948916104084,1.0196023542799675,1.0313862069309234
38.86,0.9984760434401814,1.0189786590592669,1.0132297181080139,1.001181986742059,1.0201619388136196,1.0312992045594616
38.88,0.9978832263770228,1.0188095678829652,1.0168165612533442,1.0003542572711561,1.0203829753961564,1.0314306612929114
38.9,0.9973813074244955,1.0183831602414009,1.015493419789404,0.9994767830907452,1.0208882497510334,1.0312874641160885
38.92,0.9968681820790044,1.0183007423377572,1.0190805994615952,0.9985901197617557,1.0210559966480117,1.0313688019247413
38.94,0.996446934473175,1.0179550620345736,1.0177473833078285,0.9976505446747974,1.0215106394536289,1.0311768790892302
38.96,0.9960101141471682,1.0179532950643804,1.02133097831695,0.9967074466241606,1.0216289674941361,1.0312151839737034
38.980000000000004,0.9956658940300747,1.0176823748793393,1.0199838842768045,1.0009259933790036,1.0220369564578053,1.0309814312138785
39.0,0.9953017294253083,1.0177551056190082,1.0183428858819985,0.999994969986981,1.022136152553486,1.0309832057618529
39.02,0.9950306290049028,1.0175528658830824,1.0169388817820524,1.0041973702610196,1.0225279198101758,1.0307140457880068
39.04,0.9947351986493935,1.0176677806586893,1.0152475629619921,1.0032507967469697,1.022612423207132,1.0306854412929463
39.06,0.9945330390968304,1.0175019971202093,1.0137884653112512,1.0074362387990554,1.0229922984975293,1.0303867936959161
39.08,0.9943020168285963,1.0176528342600617,1.0120483612305184,1.0064732583019227,1.0230665244214174,1.0303333201656288
39.1,0.9941640881316463,1.017517377596379,1.0105360083883062,1.010641562679913,1.0234389128312538,1.0300104440939784
39.12,0.9939927482369157,1.0176979165187217,1.0087488459358545,1.0096619586815612,1.0235073240573662,1.0299369463437422
39.14,0.9939140769189128,1.0175867206992217,1.0071852831512356,1.0138135542875029,1.0238766453545534,1.0295944189270188
39.160000000000004,0.9937974324639607,1.0177908302660237,1.0053530292943846,1.0128177228921493,1.0239436906800465,1.0295050588080281
39.18,0.9937727904191251,1.017697943408694,1.0037405551721967,1.0169536191201387,1.0243143182592815,1.0291467597741715
39.2,0.9937056054063766,1.017919634161339,1.0018654584306868,1.0159425361177745,1.024384370831119,1.0290450033397107
39.22,0.993729524284579,1.017839271578144,1.0002066643114156,1.0200642898052759,1.0247605708778131,1.0286741040066723
39.24,0.9937063312733531,1.0180727499469677,0.9982912890876059,1.0190394726477021,1.0248378669634208,1.0285627131212838
39.26,0.9937731224260932,1.0179993487654053,0.996589091084298,1.023149150000871,1.0252237383864946,1.028181669937446
39.28,0.9937882456086977,1.0182390726001236,0.994636344630119,1.022112614903726,1.0253123171209628,1.0280626984917323
39.300000000000004,0.9938920255735278,1.0181673472772887,0.9928940081296931,1.021016869376691,1.0257117327596168,1.0276732512953153
39.32,0.9939396092668966,1.0184080819758161,0.9961030392606411,1.0200217839929322,1.0257893444927513,1.0275480461879543
39.34,0.9940743307308116,1.0183330799561177,0.994247537313433,1.024190906671223,1.0261803700225505,1.0271510909317598
39.36,0.994148373201106,1.018595912709004,0.992155178038272,1.0232132163933687,1.0262775860097166,1.0270200412367378
39.38,0.9981975329427729,1.018538445060897,0.9950491103063861,1.0273762030529703,1.0266901642178734,1.0227261077662373
39.4,0.998254597637259,1.0140320049425575,0.9929930338649089,1.026416363925859,1.0268101624532786,1.0226460835057312
39.42,1.0022674634142672,1.013944527314444,0.9958962468262498,1.0306009427699392,1.027227771787972,1.018399154228577
39.44,1.002259892635455,1.009408999668364,0.9938523079172294,1.0296626150385961,1.027354416310967,1.0183673813037384
39.46,1.0062088292463929,1.0092918995960491,0.9967651799034236,1.0338725992012145,1.0277805290841915,1.018595632097445
39.480000000000004,1.0061326204526573,1.0047274763706198,0.9947337385438324,1.0329593130191546,1.023485222182253,1.0185669495932341
39.5,1.0100359951337372,1.0045813621679165,0.9928920188898345,1.0371985817503422,1.0239863803848115,1.0187763564229608
39.52,1.0099088582901012,1.0088087244365331,0.9909218167793421,1.036268047849175,1.0197611213227296,1.018726392168104
39.54,1.0097071168308598,1.0085245859145715,0.993948374481143,1.040495559955513,1.020337240998928,1.0189150713971367
39.56,1.0096066993773662,1.0078352937914503,0.9920346876113464,1.0395773865722973,1.01618107522743,1.0188213893540488
39.58,1.009426901670825,1.0074700542946307,0.9950920852880323,1.043822786813104,1.0168313862868485,1.018967206551131
39.6,1.0093215131325404,1.0067057948805247,0.9932114475748932,1.042921888047986,1.0127430201570453,1.0188282142507366
39.62,1.009132588281859,1.0062635588556343,0.9915476468613753,1.047190208189602,1.0134661824494895,1.0189291865404764
39.64,1.0090155897675077,1.0101818546722954,0.9897492730636954,1.0462875071089366,1.0145275785793588,1.018742489028802
39.660000000000004,1.0088111777245294,1.0095954638972366,0.9929439842967107,1.0454764529361915,1.0152746462325286,1.0189231025035146
39.68,1.0087000202968943,1.0086233934369293,0.9912040351993836,1.0446735508562393,1.0162327894299779,1.0188129934839254
39.7,1.0084979599937183,1.0079713135224169,0.989660662058347,1.043960413716575,1.016876433848223,1.0190607936758105
39.72,1.0083631412621639,1.011686850098768,0.9879800158115946,1.0432346787813707,1.0177406029061329,1.019016342093118
39.74,1.0081347764948199,1.0109028492230099,0.991267247803155,1.0425962870884105,1.018287329485454,1.0193206439063212
39.76,1.0079957615912079,1.0097466642741493,0.9896241831062733,1.0419724952441642,1.019063083875369,1.0193308056365427
39.78,1.0077603098746757,1.0089095522833769,0.9881848163437463,1.0414332317288695,1.0195182599094696,1.0196810434983914
39.800000000000004,1.0075884227344434,1.0124480764173733,0.9866068208920438,1.0408876813856756,1.0202103004184346,1.0197351491175861
39.82,1.0073181149461532,1.0114924144438429,0.9899992271982212,1.0404240469613235,1.0205781819789639,1.020120892746125
39.84,1.0071337102376399,1.0101780703258787,0.9884652603779815,1.0399810640134692,1.0211899031654115,1.0202081924879487
39.86,1.006848699213064,1.009183313544996,0.9871427426677415,1.0396169321641073,1.0214736767758144,1.0206191835197975
39.88,1.0066241564487917,1.0125733414584008,0.9856806572406427,1.0392523002708343,1.0220076850539002,1.020729360716392
39.9,1.0062977747507154,1.0114749873261357,0.9844579470554247,1.0389635952460408,1.0222095016095398,1.021155542220622
39.92,1.0060545613644722,1.0148660456079588,0.9830942835600376,1.0386773060541232,1.0226671757122299,1.021278272580788
39.94,1.005608699935769,1.01377308963546,0.9867072056282389,1.0384639304083025,1.022788081822016,1.0217098388037247
39.96,1.005244893276096,1.012433389156254,0.9853982517665454,1.0382793063858315,1.02316986475215,1.0218348189376716
39.980000000000004,1.0046862470174647,1.0114190078345544,0.9843136391719076,1.0381639430059009,1.0232100913580249,1.0222613838604802
40.0,1.004183444311204,1.0148877112644463,0.9830882161693459,1.0380555595828103,1.0235157735178895,1.0223781932895073
40.02,1.00349424390529,1.0138816336686096,0.9868462817959633,1.0380128536162498,1.0234746557885037,1.022789693421183
40.04,1.002882957697174,1.0126259527828352,0.9856850525506191,1.0380029474387635,1.023702942074236,1.0228881449640994
40.06,1.00209310901834,1.0117022666954236,0.9847575210965847,1.0380545860850612,1.023578980608204,1.0232750136413165
40.08,1.0013556433157782,1.0152575365130256,0.9836887905219305,1.0381167067846668,1.023842249875675,1.0233456888080614
40.1,1.0004481283906137,1.0143474711420053,0.9876113593154132,1.0381220522054315,1.0237500013137104,1.0236994759030797
40.12,0.9996157520042095,1.0131862575216157,0.9866156320587507,1.038161036391731,1.0240371455736932,1.0237344549307477
40.14,0.9987213729041406,1.0123647740213384,0.9858622296399346,1.0381495089430253,1.0239663949275337,1.0239477473383813
40.160000000000004,0.997878737722822,1.0160207547932782,0.984965869378609,1.038144903489389,1.0242675505908343,1.0238389005663366
40.18,0.9969741439338207,1.015221390661741,0.9890683275035785,1.0380954871089285,1.0242074616167725,1.0239126744305662
40.2,0.9961459846554459,1.0141712358410486,0.988250477473569,1.0380738048435818,1.0245114151593597,1.0236606266769621
40.22,0.9952557597770997,1.0134704252356506,0.9924121729917843,1.0380119091024955,1.0244506129896853,1.0235957657952282
40.24,0.9944190993379158,1.0125184406905228,0.9916523657768961,1.0379740536550823,1.0247464151268704,1.0232017033936887
40.26,0.9935213477180072,1.0119202582443219,0.9958773062596364,1.0378996985730513,1.0246736851873601,1.0229994537477884
40.28,0.9926788665445976,1.011070382720951,0.9951789800156803,1.0378453691123344,1.0249504481975518,1.0224647301939624
40.300000000000004,0.9917766704446445,1.0105789006611108,0.9994707444947117,1.037757534077489,1.0248546636637457,1.0221266706486458
40.32,0.9909317797859645,1.0098352733082483,0.9988368611028635,1.0376853742405903,1.0251016130824602,1.0214531332023384
40.34,0.9900289170511476,1.0094547466272048,1.0031985398131669,1.0375820256409538,1.0249717909386633,1.020981369247215
40.36,0.989185717760972,1.0088216477528134,1.0026315270556792,1.0374896536855571,1.0251783264467962,1.0201714275064566
40.38,0.9882866200928015,1.0085564540046872,1.007065664102761,1.0373677773206484,1.025003693160842,1.0195686536396134
40.4,0.9874498583924454,1.0080382457662838,1.0065673591871205,1.0372518214439497,1.0251594573323062,1.0187370715842243
40.42,0.9865595650112775,1.0078928248885655,1.0110758964124358,1.0371074604184214,1.02481778873294,1.0181117495212983
40.44,0.985735143083522,1.0034683020648019,1.010647490993268,1.036963599958538,1.0248081755361782,1.0172575056078308
40.46,0.9888859182049634,1.0034909508663716,1.0152115330292943,1.0367913399952489,1.0242945871508495,1.0166059806674297
40.480000000000004,0.9880167656013534,0.9992568158817439,1.0148337614996779,1.0366131734290374,1.0241176051865528,1.0157458861111202
40.5,0.9911238395243842,0.9994697421031749,1.0194547526300415,1.03640606825706,1.023430125454746,1.0150851978659112
40.52,0.9902200881037215,0.9954271254394733,1.0191282971940705,1.0361863364115207,1.0230839784245596,1.0142159829079391
40.54,0.9932941145463854,0.9958317550681395,1.0238069490927115,1.0359367546108054,1.0273987342794593,1.0135436422812836
40.56,0.9923663593884684,0.9919817290818678,1.0235316178124432,1.0358064128092197,1.0268342342662902,1.0126890632143386
40.58,0.9954182144159245,0.9925794143008035,1.0229511087224505,1.0355295855547657,1.0309307197270183,1.01202910141064
40.6,0.9944773797792288,0.9889229316393067,1.0227765785495295,1.035344539153068,1.0301486192256775,1.011187252143206
40.62,0.9975183633148732,0.9896883145268847,1.0222908943144677,1.035005234955449,1.034027556129733,1.0105384953399121
40.64,0.9965756338679364,0.986200010870653,1.022213631428592,1.034757078994839,1.0330282024406032,1.009708618661322
40.660000000000004,0.9996170117761896,0.9871349602811987,1.0218185613105,1.034346615179386,1.0366904620868689,1.0090709978595176
40.68,0.9986833781043933,0.9837102623419609,1.0218339614194667,1.0340265213760542,1.0354745958296756,1.0082534428797132
40.7,1.0018422540018972,0.9847161205832222,1.0215239637676499,1.033535806758588,1.0389214486496974,1.0076279500400798
40.72,1.0010284126284992,0.9853849736186513,1.0216255715515068,1.0331345956631166,1.037490312285638,1.0068246558609855
40.74,1.0002865160125634,0.9864323905090426,1.0214140011185773,1.0325542053251606,1.0408371996067116,1.0062143177499618
40.76,0.9996541501503695,0.9871285190239254,1.0216144039196404,1.0319488599400746,1.0393076063497644,1.0054091164473826
40.78,0.9990890265484449,0.9882065814179537,1.0214929592886977,1.031154929251008,1.0425468363755992,1.0047993604886476
40.800000000000004,0.9986401714758331,0.9889389259571217,1.0217827836533866,1.0303466665112813,1.0409133902490204,1.00399854085533
40.82,0.9982539287479022,0.9900563715928596,1.0217411997732624,1.029337370793891,1.0440405468513692,1.0033960310707801
40.84,0.9979907934523373,0.9908328499130272,1.02210981858918,1.0283239478712258,1.0422989382271193,1.0026065405152678
40.86,0.9977858684269458,0.9919973561381337,1.0221371995699062,1.0270970533046935,1.0453107315939634,1.002018551376683
40.88,0.9977109709850498,0.9928248155735577,1.0225733152198337,1.025875930404293,1.0434578532702985,1.0012479404948622
40.9,0.9976900580133408,0.9940429590613604,1.0226581054715407,1.0245608388158285,1.0463521475422217,1.0006823011352552
40.92,0.9978061530787854,0.9949271407635365,1.0230178520793816,1.0232527911831275,1.0443867760185401,0.9999386652542199
40.94,0.9979721328599931,0.9962043610767877,1.0230250361288613,1.0218434761393,1.0471638799915324,0.9994037029772924
40.96,0.9982821394958177,0.9971492032921514,1.023299814449726,1.0204388491776188,1.0450866087588506,0.9986956296254572
40.980000000000004,0.9986380083217212,0.9984884968713672,1.0232234819010575,1.018925670928767,1.0477479410776278,0.9982001160764011
41.0,0.9991449349645531,0.9994961805712013,1.0234070570243583,1.0174153180737502,1.0455605082252473,0.9975366223254194
41.02,0.9996937247790507,1.000899407296397,1.0232403083609327,1.0157892087562759,1.0481085837819235,0.9970897071368228
41.04,1.0004005887079455,1.0019709900676128,1.0233254584592997,1.0141646095902805,1.0458138701746964,0.9964801714683382
41.06,1.0011452946967836,1.0034388510978367,1.0230604865961679,1.0178435249673599,1.0482522966704884,0.9960913143576708
41.08,1.0020550517768374,1.004574230010589,1.0224480429741067,1.0160425852187949,1.0458814866737014,0.9955454074451819
41.1,1.002998563420821,1.0012709293626525,1.022113342453805,1.0195390309380319,1.048241546493911,0.9952244457645989
41.12,1.004114037792279,1.0025102372434826,1.021406224035418,1.0175531122795582,1.0457986816536722,0.994752327993055
41.14,1.001385344889071,0.9992988613221225,1.0209681567563396,1.0208624816689738,1.0480850397573813,0.9983588729182715
41.160000000000004,1.0027268869240764,1.0006191997162066,1.020156917564573,1.0186868294137235,1.0455752453901628,0.9979099595606384
41.18,1.000136439735103,0.9974760440930472,1.0196056822458832,1.021805116624669,1.0478128184604292,1.0016472054162686
41.2,1.001624745577958,0.9988727681112497,1.018680184282063,1.0194358178383813,1.04526097714718,1.001333196205842
41.22,1.003039702799449,0.9957918102020225,1.0180054048800569,1.0223599400652335,1.0474559611050789,1.0013464419575682
41.24,1.0046450564522278,0.9972781541222853,1.0169551134032455,1.0197942095323869,1.0449891008702377,1.0012292650922987
41.26,1.0061602737633342,0.9942713249600468,1.0161461393666236,1.0224022505932688,1.0472387379895904,1.0014363051469615
41.28,1.0078712479568237,0.9958394157831378,1.0149604279732045,1.0195300548140365,1.044837511264027,1.001521185529728
41.300000000000004,1.0094944095174503,0.9970477940660176,1.014005848802995,1.0218300385050314,1.0471417570036823,1.0019272159435504
41.32,1.0071684206620324,0.9986507262855806,1.0126935573706044,1.018788739712239,1.0448064244554978,1.0022194141238066
41.34,1.0089649149277067,0.9998674426050442,1.0114730359068131,1.0209078704858519,1.047167145119836,1.002809015838416
41.36,1.0068048802103933,1.0014763963836684,1.009904559046987,1.0177000845047437,1.0449004477593058,1.003293667296485
41.38,1.0087780052004343,1.002692594422384,1.0084128570856001,1.0196402514383902,1.0422590717790747,1.0040731971216847
41.4,1.0067863526315382,1.0042975851554843,1.0065840942994693,1.021329686088073,1.0400049489837855,1.0047314053171723
41.42,1.0089382589591658,1.005502708075542,1.004817332516815,1.0231280900422428,1.037406240272127,1.0056819123860778
41.44,1.007116290385098,1.0070926615904625,1.0027496080021459,1.0246770102852814,1.0353176550233503,1.0065201531292294
41.46,1.009447882600683,1.0082751034742357,1.0057023415460815,1.0262144692313178,1.0328918235890585,1.0076487854981617
41.480000000000004,1.0077957241776714,1.0048649311457192,1.0033505272776209,1.0275272479587336,1.0309705044059672,1.008674781479718
41.5,1.0103068699655662,1.0060783197154421,1.0061067174194238,1.0288374919575776,1.028719193678426,1.0056783150956363
41.52,1.0087986653175376,1.0025665467221874,1.0035539701998208,1.029923314636082,1.031278404869588,1.0069446869014729
41.54,1.0114421079936031,1.0036850516184312,1.0061029377680804,1.031016454432516,1.02913754952703,1.0042115466246866
41.56,1.0100548528232167,1.0000646733566336,1.0033407042107227,1.0319074587352262,1.0317998339112866,1.005744019588196
41.58,1.0128288409793287,1.0010783078467727,1.0056749112817465,1.0328154528436102,1.0297762102004842,1.0032773862679099
41.6,1.0115599405378362,1.0015875148460127,1.0026955896308294,1.0335219481832363,1.0325491808199474,1.005079198563867
41.62,1.0102123775714977,1.0024515832806866,1.004829780989926,1.0342555523734664,1.0306503608947652,1.0028819236449147
41.64,1.0091130506679908,1.0027896185384249,1.001647765743617,1.0347889217423791,1.0335421441765278,1.004832131031228
41.660000000000004,1.0079284246457112,1.0034726973293437,1.003575689112672,1.0353600319554852,1.0318787780011185,1.002781411777394
41.68,1.0069913011736027,1.003629374393795,1.0001847288892576,1.0357326869339931,1.0350017229692696,1.0048907641648608
41.7,1.0059608780877278,1.0041209730214677,1.0019010955450502,1.0361545830757861,1.0335740273359693,1.0029969242418808
41.72,1.0051767482191618,1.0040854068753535,0.9982961449453209,1.036380827041949,1.0369292613287389,1.0052752574992851
41.74,1.0042907351357027,1.0043743667219998,0.9997968528730183,1.0366680612361212,1.0357387158660423,1.0035474739050496
41.76,1.0036492914957602,1.0041351180066693,0.9959741832415523,1.0367628974101608,1.0393281933613379,1.0060035037998514
41.78,1.0028967957702477,1.0042097698254788,0.9972564239332034,1.0369306685672237,1.0383770330651894,1.0044497670702164
41.800000000000004,1.00636185349377,1.0037550078801143,0.9932137160079908,1.0369097371581435,1.042203433026657,1.003115786327232
41.82,1.005694943522509,1.0036232409299806,0.9942760598358533,1.0369738211711237,1.0414945434506118,1.0017986175221045
41.84,1.0092339133460646,1.002960553582128,0.9901352544305666,1.0368533257462387,1.045434397962719,1.0007005677522214
41.86,1.0086214795682658,1.0068410141182027,0.9910928093533686,1.0315852717957994,1.0448451473615865,1.0039583260500935
41.88,1.0078692731878443,1.0059189900907546,0.9922242670114205,1.0315466085915235,1.044552355124297,1.0030540800390852
41.9,1.0072665689654832,1.009514314479921,0.9930090075675442,1.0265272218315493,1.0441353261008497,1.00647274350602
41.92,1.0065210527724036,1.0083303137151924,0.9938336890248434,1.0267062146833528,1.0391040239188962,1.0057211865189046
41.94,1.0059162100670171,1.0116594672843107,0.9943219566012993,1.0268274299744489,1.038923281984971,1.0092786666417455
41.96,1.0051649123175297,1.0102037061130522,0.994847956773453,1.027144600056337,1.034154664652685,1.0086572766700472
41.980000000000004,1.0045449755383844,1.0132570999504917,0.9950771123413888,1.0274147096308726,1.0342437751999518,1.0123559061113534
42.0,1.0037741686307813,1.0115196203067205,0.9953416509749353,1.0278714878396227,1.0297458839585119,1.0118661496444288
42.02,1.003124903109522,1.0142883190178238,0.9953240345891128,1.0282923966211515,1.030112601444237,1.0157070870288507
42.04,1.002319767708058,1.0122601289512199,0.995340083377962,1.0288917351379694,1.0258928894800081,1.0153490588462235
42.06,1.0056826664360345,1.0147360531696417,0.9950890259907681,1.0294665992397194,1.0265444147044076,1.0152752783199759
42.08,1.0047955683687118,1.0124293579737818,0.9948705528027384,1.0302125678710659,1.0226097087421921,1.0150997741230467
42.1,1.0080600405786688,1.014625378667597,0.9944004627336223,1.0309456456709825,1.023532311680892,1.0152036056271685
42.12,1.00705534674288,1.0120325784660809,0.9939626075989927,1.031843290361011,1.0198688650387604,1.015206105498029
42.14,1.0102064664734556,1.013941955367021,0.9932889257651363,1.0327396999706484,1.0210692447774736,1.0154820975467844
42.160000000000004,1.0090682600805625,1.0110566361619593,0.9926477459252379,1.033794709000969,1.017683202308234,1.0156565565120452
42.18,1.0120901128971693,1.0127877493221136,0.9917867851398019,1.0348603024245695,1.0191673256217486,1.0160979342728087
42.2,1.0106877620422923,1.0141365443503778,0.9909597596765338,1.036079088863441,1.016064027285685,1.016436932228002
42.22,1.0090325569308574,1.015637965649526,0.9900653189755704,1.037320429657104,1.0178370925022717,1.0169298187896292
42.24,1.0074186415784718,1.0166186929744752,0.9892084419884162,1.0387106954862393,1.015126188032668,1.0172940864997324
42.26,1.005553459828443,1.0177453489150492,0.9882881772820529,1.0401362969652244,1.0172992236901166,1.0178118318843792
42.28,1.0078547869707768,1.0183626791066491,0.9874094730702696,1.0365692325734512,1.0149779366907783,1.0140543109674303
42.300000000000004,1.0057298540284938,1.0191399028932797,0.9916102296099587,1.0381279360580122,1.017412151574387,1.0146450661430126
42.32,1.0077527726119804,1.0194194282851028,0.9907542577638755,1.0348426381804523,1.0153175504225755,1.0109352677535677
42.34,1.005332917722046,1.0198781590968224,0.9949687188535914,1.0366915033811206,1.0179985155063411,1.0115876302179974
42.36,1.0070638551957574,1.0198511825164918,0.994139236670669,1.0336962722734855,1.0161367263650138,1.012407121917489
42.38,1.004448224586156,1.019997598545591,0.9983729928978384,1.0358438550469629,1.0145756267784805,1.0130694541122374
42.4,1.0060028059016155,1.0197809512115235,0.9975762417813225,1.0331474910052871,1.0128993306881044,1.0138713046278687
42.42,1.0030883579512255,1.019733651397856,1.0018368044243449,1.0355798557165246,1.0115267311075744,1.0145082037423965
42.44,1.004340384841413,1.01932711811877,1.0010814501368555,1.0331684788573767,1.0100399429722549,1.0152789962472069
42.46,1.0011201448875608,1.0190883039575718,1.0053779498566011,1.0358937900376075,1.0088588403415386,1.015875790869341
42.480000000000004,1.0020612140746707,1.018495192334742,1.0046735159105609,1.0337756076864024,1.0125293590890987,1.0166001468650068
42.5,0.9985262692113255,1.0180687913885846,1.0090159861752381,1.0318366140542903,1.011493780941457,1.0171656415433734
42.52,0.9991484872229274,1.0172940785203433,1.0083729522698737,1.0300917212685863,1.015299289119941,1.0178513756701992
42.54,0.9995054408084447,1.0166856973186527,1.0127475531994024,1.0285188268450454,1.0143873789509517,1.0141527436647308
42.56,0.9997640193477789,1.0157570399511717,1.0121530829724086,1.0271510131633548,1.018330980316681,1.0148400939248399
42.58,0.99974318174168,1.0149944460201044,1.0117653994152,1.0259475477484061,1.017523355974694,1.0111203359837413
42.6,0.9996117390578942,1.018726311074747,1.011292295812643,1.0249361239660537,1.0215856403478973,1.0117886494230124
42.62,0.999208829572513,1.0177335786029305,1.0110610111628944,1.0240815940327588,1.0208828365084672,1.0126016613406303
42.64,0.9987076584031002,1.0212298730397544,1.0107441139368767,1.0234306506952198,1.0204879763221255,1.0131910521761451
42.660000000000004,0.9979657704239813,1.0201328587145375,1.010679275899494,1.0229289465397873,1.0199496581245775,1.0138940362259037
42.68,0.9971156844775855,1.0235108287895316,1.0105294765524007,1.0226193191151909,1.0197157012447873,1.0142456185803663
42.7,0.9960365446412118,1.022315645378737,1.0106425808890749,1.0224513990281423,1.019336601617737,1.0147098958472394
42.72,0.9948398132475971,1.021267394206601,1.0106713893846968,1.0224872009552124,1.019256450435508,1.0148061364705598
42.74,0.9977393950313171,1.0200310634453893,1.0109523581166315,1.0226567485850335,1.0190282411786429,1.0150155025279977
42.76,0.9961265497009313,1.0189689119214647,1.0111502573380053,1.0230413841102592,1.019092585711574,1.0148614510666936
42.78,0.9986038705565918,1.0177201258847237,1.0116118355222978,1.0235512313026103,1.0190052339772295,1.0148202338188266
42.800000000000004,0.9965802412217544,1.0166508578099762,1.0119916159919993,1.024164619347565,1.0192031899681169,1.014397762012739
42.82,0.9986422307386109,1.01539740998959,1.012769299756831,1.0249041224955882,1.01924451637925,1.0140877720783679
42.84,0.9962148942243951,1.0143292537556379,1.0134557763454648,1.025754685694352,1.0194444743745743,1.0133785229649463
42.86,0.9978699645595281,1.0130808564651317,1.0145551376638302,1.02685113404742,1.019477587910714,1.0127809088274202
42.88,0.9950476325111755,1.0120244697155183,1.0155528151360653,1.028069748413122,1.0196687010065748,1.0164655312260424
42.9,0.9963057809885352,1.0107924656554235,1.0169789792897257,1.02952588490463,1.0201381345874676,1.0155263528697287
42.92,0.9973828609882758,1.009759491530089,1.013612421460302,1.0259591601018823,1.0204476883297655,1.0146141140939533
42.94,0.9983476717110813,1.0132589907392933,1.0153165256863055,1.0276740388172465,1.0209998028214287,1.0132705014396983
42.96,0.9991174589181784,1.0123150190332137,1.0122281794716734,1.0243537483147822,1.0213636955541334,1.0119637030520927
42.980000000000004,0.9997972195799627,1.0158974818615452,1.0142206042220936,1.0263302571725,1.0219584017854961,1.0102061154914685
43.0,1.0002901276711105,1.015049468346919,1.0114223691571906,1.0232583490775609,1.022356872372721,1.0086110729467572
43.02,1.0006924366045133,1.0187228133438628,1.0137145674714958,1.025497983559867,1.022858218022101,1.0065499710881876
43.04,0.996678659446651,1.01797930676,1.011217739518817,1.0226747428659086,1.023151392355035,1.0088923015788196
43.06,0.9968582001726396,1.0175606499672263,1.013820615364502,1.025176898677385,1.0235431822252776,1.0064498113128333
43.08,0.9968306284804231,1.016963204657821,1.0116149440446094,1.0225998194714077,1.0237341937172788,1.0084074899503819
43.1,0.9967463678192747,1.0167223407241721,1.0145182936871295,1.0253616380561832,1.0240183062833967,1.0103776598145289
43.12,0.996574750624539,1.0163008948817085,1.0126147098273228,1.0230264873913502,1.0193033317178415,1.0118062543470774
43.14,0.9963755202933677,1.0162468970099963,1.0158292475823796,1.0259225744376286,1.0195219372868731,1.0132358661266905
43.160000000000004,0.9960927091491005,1.016011720819729,1.0143590230168513,1.0236743905913679,1.0199964156996373,1.0141109854500736
43.18,0.9957845680617883,1.0161550784829836,1.0180191991533691,1.0213971956466033,1.0200823784605957,1.0150302523645627
43.2,0.9953971225825176,1.0161176171915396,1.0169848941889592,1.0193031256514171,1.020391562059852,1.0153824516785988
43.22,0.9949879857851629,1.0164704471645702,1.0210677397660906,1.0171784426416037,1.0202939881454536,1.0159105012429124
43.24,0.9945045570964148,1.0166430179892898,1.0204467181809598,1.0204967677321335,1.0202988585120436,1.0158616918267098
43.26,0.9940047358610942,1.0172175085851785,1.019692366568659,1.0184736229087799,1.019903122886377,1.0159963638760483
43.28,0.9934367717161421,1.0176122907463783,1.0195583009054472,1.021891043607149,1.0196133857189307,1.015546908808411
43.300000000000004,0.992858607802539,1.0183943623576974,1.019274410525946,1.0199353229088208,1.0188999205918328,1.0152898239634471
43.32,0.9922189180972021,1.014924207653821,1.0196271039785874,1.0234440143597583,1.0182956435868757,1.0144421632843594
43.34,0.9956495755664614,1.0159758018579779,1.019792581522414,1.0215461830831316,1.0172443182142603,1.0137969171531753
43.36,0.9948829635376017,1.0128106920447872,1.0204991511000383,1.0251359440945746,1.0163053415052912,1.012575842540414
43.38,0.9981806513474902,1.0142744308668914,1.021010711237274,1.0232833608593133,1.0203292596176843,1.0115678139679103
43.4,0.9973055606243704,1.0115261294647038,1.0220772096274224,1.021507122309611,1.0189979793775388,1.0101297072607947
43.42,1.0004901504142296,1.0134045311075606,1.0229414956466991,1.0197491980848223,1.0224845246422616,1.0089077879912351
43.44,0.9995278672693719,1.0110748094248332,1.0243469436969521,1.0180595981918854,1.0205998915075907,1.0072537628833027
43.46,1.002621832267343,1.0133699070321889,1.025542433309547,1.0163772705303122,1.0235375838544911,1.0058172866967403
43.480000000000004,1.0015948235524328,1.011460853616855,1.0272924365603089,1.0147533772464339,1.0210900533892997,1.0039474956447045
43.5,1.0005505462915552,1.0140748140653075,1.0288236552548637,1.0185885213200212,1.0235969625136159,1.006368606053551
43.52,0.9996300953588872,1.0124692786486063,1.025458061577976,1.0168439304978314,1.0207360285602762,1.0042174313911316
43.54,0.9988330627087794,1.0153959749302257,1.0273912106080019,1.02054727791554,1.022845902917532,1.0062386672538528
43.56,0.998151526327753,1.0140805165692774,1.0244052871042246,1.0186386499236164,1.0195783756766117,1.0037137821268076
43.58,0.9976030457279488,1.0173072569247985,1.0266277176075214,1.0221922514537614,1.0212778752473126,1.0053564845367549
43.6,0.9971599881858024,1.0164056141557856,1.0239053012071242,1.0200992806558933,1.0175898149481863,1.0024815288177211
43.62,0.996859769604852,1.0160566839993015,1.0264185880252272,1.0234821121168425,1.0188665994833472,1.0037704618220125
43.64,1.0006572801099165,1.0156192014409333,1.023938794189064,1.0211819781234066,1.0203125441242653,1.000570175351201
43.660000000000004,1.0005438417856616,1.015771104388378,1.0267216889686468,1.0188043921956096,1.021112266883467,1.0016927745559414
43.68,1.000554198151717,1.0158226278166795,1.0244823632925817,1.0219583870521163,1.0219475254442882,1.0023176988739912
43.7,1.0005815251312367,1.0164596329817481,1.0218898913293106,1.0193753132090526,1.0221476875165987,1.0033212139929661
43.72,1.0007649416900857,1.0169842754335816,1.0199280237127786,1.0223107095148816,1.022551166326325,1.003834373476241
43.74,1.000970706832605,1.0180820851350854,1.017601208600694,1.0193415563884134,1.0223048034457958,1.0047264971353438
43.76,1.0013446895492564,1.0189536288076066,1.0207287668720681,1.0219043425253889,1.022272589382754,1.005137139453153
43.78,1.0018483022428857,1.0155939626672241,1.018616980614433,1.0186967164258194,1.0215794162161276,1.0059284450915937
43.800000000000004,1.002532176733118,1.0168891353873226,1.0218212669063176,1.0210217102323687,1.0211132398345002,1.0062481785292188
43.82,1.003317309686036,1.0139425555942019,1.0197587254992655,1.0175525541277985,1.0199766514014263,1.0069519489879037
43.84,1.0042963867949468,1.0156682230116818,1.0230300286834542,1.0196148346838645,1.0190811289165869,1.007194364261021
43.86,1.0053731575209124,1.0131401511812381,1.0210069688007355,1.0158580198966776,1.0175066898248375,1.0078250272025837
43.88,1.00665756544758,1.0153012927740797,1.0243350856094589,1.0176324577650342,1.0161886353188494,1.0080049503554904
43.9,1.0080362721897558,1.0131960778226814,1.0223391675655753,1.013561899527125,1.0143218644112588,1.0039666661412014
43.92,1.0096363105153596,1.0157966703405954,1.0257113221503475,1.014885778248888,1.0173291323119171,1.0041595656360283
43.94,1.007423567794798,1.0141175457270348,1.0237275915377086,1.0161350886167497,1.0150924604993512,1.0040619357479574
43.96,1.0093735724461603,1.0171409466386088,1.0213417664982671,1.0169676879062002,1.0177460960331233,1.0042410437761413
43.980000000000004,1.0075399473394255,1.0158707359458532,1.024388306812801,1.017708545945152,1.0151933707086138,1.004141283506037
44.0,1.009868110493592,1.0143280336445972,1.0220253988345211,1.018030541814852,1.0175193468152044,1.0043263107864582
44.02,1.0084216131015764,1.0133895342150536,1.0250868296086137,1.0182732597033584,1.0146571259603705,1.0042445152635513
44.04,1.0112201607790894,1.0121729325702367,1.0227001409857692,1.018070315588562,1.0166639720319832,1.0044557596282204
44.06,1.0102462615844772,1.011568383241066,1.0257542163363587,1.0178009105086914,1.0135015211956884,1.004412780219286
44.08,1.0134205664794362,1.0106808667009224,1.023319576813587,1.0172076306033393,1.015200175230032,1.004877485614919
44.1,1.0128240071252645,1.0104122110365337,1.0261938101595627,1.0165521794988959,1.0116427534454109,1.0050983141452048
44.12,1.016388028378095,1.0098538794244778,1.0235468451573908,1.0155554889714353,1.01294253672475,1.0058128707415683
44.14,1.016181987491676,1.009919919898965,1.0262164043352149,1.0144973662184855,1.009020815670304,1.0062973687333288
44.160000000000004,1.0201484124667552,1.0096875560812029,1.02333373546643,1.0130806872766622,1.0100774538381392,1.002804087343376
44.18,1.020345368720776,1.0141709462163844,1.0257752903229758,1.0114789681787708,1.010408015598718,1.0036153824206098
44.2,1.0167876431029539,1.0142262331838028,1.0277737796265614,1.0154015616672007,1.011155948920999,1.0043178881453434
44.22,1.0174729127257303,1.013856303510451,1.0240443074646706,1.013252366298485,1.0112176953877738,1.0053974094956803
44.24,1.014421069142415,1.0142173537243941,1.0258266184692335,1.0165917027546314,1.011729560377666,1.006382305547766
44.26,1.0155941977062808,1.0141108202240936,1.0218427801399708,1.0138649615539173,1.0115649387101167,1.0077357854786801
44.28,1.0130278842355978,1.014740981262137,1.0233813541412284,1.0166232860597777,1.0118637996096522,1.0090089687535162
44.300000000000004,1.0145929638046542,1.0148895246555911,1.0191138739306524,1.013467205000652,1.0114962593773567,1.0107440455512129
44.32,1.0124149257303348,1.0157791548046182,1.0202342383253846,1.0157825295118479,1.011606747030441,1.0123054467282966
44.34,1.0143845287116529,1.016171170580753,1.0155203173579863,1.012196975004312,1.0111704049017778,1.0099759473773782
44.36,1.0126059776438687,1.017192589859211,1.0161987693007064,1.0140689567360142,1.015563596415534,1.0118922324848887
44.38,1.0150828587319651,1.0177037775965907,1.0162983029774466,1.010054522838764,1.0151229849971974,1.0099493263509611
44.4,1.0138002753911657,1.0177554809446079,1.016479179416748,1.0114078374889997,1.0141453487866499,1.012251659278577
44.42,1.012595186415445,1.018401739878767,1.0162073321359228,1.0122468581502564,1.0136522830866919,1.0106787009810154
44.44,1.0118370730819155,1.0184319213828417,1.0159893148982613,1.0131286609334664,1.0126619002983768,1.0133294800151433
44.46,1.0111458385665975,1.019048932079274,1.01534462412182,1.013490343897456,1.0121629604886073,1.0121162648970454
44.480000000000004,1.010914408459639,1.0190448349720125,1.0147282575178367,1.0139103623227894,1.0111791616281627,1.0151264989868594
44.5,1.0107377094289829,1.0196161726146649,1.013684802466569,1.0138061226437733,1.0108155137169144,1.0142840106243751
44.52,1.0110333528789006,1.0195596506458253,1.0126443384663517,1.013792786338733,1.0099807306753719,1.017665241012811
44.54,1.0113708745789127,1.0200660654130722,1.0110401909968318,1.0132553469191345,1.0097585441283896,1.0172055130029505
44.56,1.0120850797691778,1.0199360815215996,1.0148044917676167,1.0128275673530673,1.0090803535272879,1.0168145590468174
44.58,1.012833422588491,1.019292531233634,1.0125904106494024,1.0119039048151934,1.0132713042580335,1.0167959239201854
44.6,1.0096142625984355,1.01909722361043,1.0157360695250737,1.0111091678075825,1.012792605660584,1.0168832299140553
44.62,1.0107793005599754,1.0183566687538637,1.0128937874112887,1.0098415478383282,1.0171649064851915,1.0173172066619833
44.64,1.0079530219495396,1.0180470188468682,1.0155367939107132,1.0087227751585173,1.0168907523394175,1.0178728784738102
44.660000000000004,1.0095345447458994,1.0170541444459165,1.0121864400899856,1.0071340700685898,1.0163163631210916,1.0187708935418658
44.68,1.0110062656105239,1.016470180935758,1.0143119041905115,1.0108498209209327,1.0163245617688839,1.0158737881696296
44.7,1.0129695207979132,1.0152204913862715,1.0104404939763505,1.009011145918674,1.0160744068163932,1.0172730518493465
44.72,1.0147917704857718,1.0188079018083736,1.0119203670637016,1.0124537991454534,1.0163755236953111,1.0148772592260649
44.74,1.012660356328836,1.0172466007932552,1.0074359714054397,1.0103855377375284,1.0164347017275017,1.0167863193011577
44.76,1.0148770189783516,1.0205087671831432,1.0082939519483678,1.0135745486026728,1.017034733043543,1.0148775218927275
44.78,1.0131116750588767,1.01858258244319,1.0086814229661656,1.0112957734678107,1.0174092128394747,1.0172821792877675
44.800000000000004,1.015715029604463,1.016007573305056,1.0088794679286928,1.014279494167433,1.0183148028266786,1.0158682524582021
44.82,1.0141952879661646,1.0137556590285999,1.0087309119078007,1.0118375599896314,1.0190112244428966,1.0188870678671726
44.84,1.0170424140339716,1.0108466404927017,1.008375338700243,1.014637524256063,1.0152402787470791,1.0179720955285054
44.86,1.0156084851203717,1.0128044776847218,1.0076909976164357,1.017043609951763,1.0163222546004986,1.02148562500874
44.88,1.0139954654809777,1.009507889402753,1.0068104454936861,1.0140559045655473,1.0129732921552956,1.0210538914296592
44.9,1.0167111802852302,1.0110530023385116,1.0112989305006084,1.0164122868718972,1.0144478355397144,1.021025174147037
44.92,1.0151909968348347,1.0073370794503744,1.0098278434443375,1.0134352066860304,1.0115025887071196,1.0211103030082294
44.94,1.0179981551301038,1.0084902962004698,1.013716316937792,1.015784859893377,1.01336017048031,1.0215905135939858
44.96,1.0165350769817865,1.0043539793969551,1.0116674378303767,1.0128323752178994,1.0108097580852693,1.0221984292593147
44.980000000000004,1.0194176708665283,1.0050860220634812,1.0149711064457363,1.0151901714419331,1.0130616405790285,1.0231925411289442
45.0,1.0179936060006138,1.0051587517350389,1.0124958788698772,1.0122773968268768,1.0109173493839219,1.0243279258287599
45.02,1.0162733142486218,1.005398986078679,1.0153802231718543,1.0146599373352365,1.0135745998405974,1.0257364804113314
45.04,1.0189179681341063,1.0049608393481244,1.0125137144649266,1.011804460133567,1.0119508081973119,1.0231541962228015
45.06,1.017110643154818,1.0046854938396041,1.0149905815613096,1.0142300273945728,1.0151277708129944,1.0250131953924528
45.08,1.0196590806073065,1.003737111124798,1.0117451395698773,1.011450750990159,1.014006165096336,1.0228604270228212
45.1,1.0177198984577043,1.002926640002829,1.0138291216090785,1.013939172038047,1.0128084323937525,1.0251739408181324
45.12,1.0201476885700878,1.0014491062206026,1.0102199541340418,1.0162656966325625,1.012252937759928,1.0234290465721845
45.14,1.018049898430161,1.0048018715430933,1.0117969413392298,1.0134307718769184,1.0116645161616984,1.026175217419702
45.160000000000004,1.0156131824806884,1.002740959652538,1.0132135907211386,1.0158367853919783,1.0115609962632401,1.0248401158894582
45.18,1.017621850677778,1.005482611619621,1.0145160783003249,1.013257093834914,1.0114410058944858,1.0237618752895354
45.2,1.0150235106582164,1.0028511807079035,1.0156617052636845,1.0159076837784893,1.0118029072505283,1.0228572061260222
45.22,1.0167321446373414,1.005011278983854,1.016699433572954,1.0135940791879365,1.012143496245315,1.0221988189600983
45.24,1.0137996917012222,1.0018068886540727,1.0175886816618953,1.0165008833666733,1.0129625383366427,1.0217192007788762
45.26,1.0151789165191554,1.003380821772101,1.0183780596197982,1.0144652765676723,1.013776647419391,1.0214731666921075
45.28,1.0118818033163395,0.9995987805440083,1.0190279398625135,1.0176402167164618,1.0150650783911601,1.0212934285096962
45.300000000000004,1.0129010961938034,1.0005842781553413,1.019587495484183,1.015894808811444,1.0164816708722597,1.0213385808741187
45.32,1.0135583439496951,0.9962225831839091,1.0200170836458908,1.0193501692175286,1.0183618190602273,1.0215062828022505
45.34,1.0142790379099391,0.9966419022049409,1.0150810497865783,1.017908007824794,1.0159814825603704,1.0217308502205533
45.36,1.014628883651159,0.9970098329298966,1.0153794557797715,1.0163391259101986,1.018491047334643,1.022053890094912
45.38,1.0150176193327745,0.9967724459159901,1.0156670037039688,1.0152342691400964,1.0167033698222214,1.0224265256100544
45.4,1.0150512540749401,1.0012503675884235,1.0157868705998436,1.0140472261207392,1.019818906644316,1.0228944579122432
45.42,1.0103177822962208,1.000475623614416,1.015930026510635,1.0133177994628086,1.0185095305933825,1.023403487042411
45.44,1.0099382822914518,1.0043803550686905,1.016043699095984,1.0126408505762354,1.022126652694615,1.023978103371606
45.46,1.0092039591352218,1.002926306131532,1.016192440542723,1.0124054058400072,1.021305683638289,1.0201447651514712
45.480000000000004,1.0083510054526872,1.006164135900515,1.0163123237779308,1.0122426375667106,1.0254353479335858,1.02086014537666
45.5,1.0071212359413313,1.004076167111299,1.0164805425205135,1.0125047814981336,1.0250905935439452,1.0216706337180241
45.52,1.0057419228580333,1.0066709347798322,1.0166218761384873,1.0128596985682083,1.0251770491228083,1.0224728388983628
45.54,1.004009625821839,1.0039728376518962,1.016824898198915,1.0136233471034255,1.0253722259010942,1.023337466991487
45.56,1.0066126789524772,1.0060716216812426,1.0170039702957037,1.0144769454589322,1.0259886754118952,1.019664997400759
45.58,1.0042005824412352,1.0029339517835114,1.0172587289711017,1.0105863966903006,1.0267286181130633,1.0206089436860184
45.6,1.0062207859718515,1.0045758466448171,1.017572543881088,1.0120124047582002,1.0277174570878067,1.0168504982855477
45.62,1.0032122506205199,1.0060768478772877,1.0178742338470537,1.008687709991487,1.0288434014433028,1.0177232581426345
45.64,1.0046283916571546,1.0072128097133237,1.0184051923873327,1.0106814959478423,1.030215171891581,1.0185162755034902
45.660000000000004,1.0010296203672113,1.0082098693680515,1.0189198311453538,1.0079237757909936,1.0270688721492345,1.0192601257993656
45.68,1.0018727152268618,1.0088670476385238,1.0196793967057975,1.0104932888758702,1.0288787673972006,1.0198924612523594
45.7,0.9976886172909673,1.0095155764176662,1.020415786529537,1.0082872702681143,1.026143230466662,1.0204524377242663
45.72,0.9978159647065374,1.0098385582558904,1.021413422592512,1.0114173323996432,1.028391837127514,1.0208912699063815
45.74,0.9975228675203158,1.0101591023470458,1.0223824879102992,1.0097714345216007,1.026065900807379,1.01662637295167
45.76,0.9968995298623734,1.005531663326599,1.0236289509578205,1.0134702051879736,1.0287513623518034,1.016890380612745
45.78,1.000636712915973,1.0056237208723195,1.0199134105452128,1.0123924827761739,1.0268082800368141,1.0170737236428646
45.800000000000004,0.9992841358139901,1.0057377326179087,1.0214636246602837,1.016643314210123,1.0251110635138199,1.0169955556134571
45.82,1.0023071630985934,1.0055566360846195,1.0181051369027165,1.0161173113293573,1.0234691985408153,1.0168108100176791
45.84,1.0002736628230418,1.0054062763103961,1.0199932983077677,1.0209178228164149,1.0220646041113923,1.0163299167863409
45.86,1.0026086838253705,1.00497992515723,1.0171163414846935,1.0209342063220932,1.025772593252455,1.015739505345349
45.88,0.9998955064715875,1.0045938810902628,1.019467625590956,1.0212452767562201,1.0246170691702137,1.0148430452926043
45.9,1.0015462984503116,1.003952115382392,1.0170689502813777,1.0218774468660339,1.028584235946071,1.0138333724542439
45.92,0.9982914844480051,1.0034852630098294,1.0198586373571379,1.0227920048210457,1.0276420094506085,1.0172912470084312
45.94,0.9992672699552563,1.0027728394468922,1.017915216095644,1.024050353516242,1.0269143120074276,1.0156715166265773
45.96,0.9953885425494926,1.0022457453467606,1.0163916470859546,1.0255778403690927,1.0262213834359741,1.0186215247881092
45.980000000000004,0.995730527011556,1.0062371209150336,1.0149743262826996,1.0274232743738247,1.0256075739585082,1.0164613280542427
46.0,0.9958795464739298,1.0055786268713436,1.0138990931709357,1.0295247314154734,1.025016813775018,1.014235392610825
46.02,0.9957127248165123,1.005096197119372,1.0129231466553819,1.0319664018450005,1.0244984419649166,1.0114440196927426
46.04,0.9998105356479174,1.004522484842088,1.01228360735782,1.02956126262118,1.0292012998675562,1.0085980980249285
46.06,0.999044971331932,1.0041607185281953,1.0168277991576944,1.0272944406878137,1.028670010169793,1.0102549660009865
46.08,1.0025302941287801,1.0037050235118015,1.0166872520070593,1.0305854552059142,1.028303859603386,1.006782978417519
46.1,1.0012126245548385,1.0034993643021308,1.0166036133013283,1.02884952162999,1.0277881152514041,1.0077858839187228
46.12,1.0041344727703574,1.0031982862728164,1.0170221210970203,1.0326548610984307,1.027428740611148,1.0036379752448152
46.14,1.0022884598780968,1.0031344704084164,1.0128127799755622,1.0314061738627363,1.0268989842824636,1.0040936817565849
46.160000000000004,1.0000929471212452,1.0076451342046244,1.0138583085585786,1.03570990868515,1.0263858712905263,1.003961983411942
46.18,0.997794052539078,1.0076293685689097,1.0103010058318294,1.0349317081308298,1.031070358132263,1.0037757595272279
46.2,0.9953281182711453,1.0078567489729546,1.011998621171971,1.0343444248701,1.0303662798885593,1.0080142107995294
46.22,0.9970909042790639,1.0079728096220997,1.0090727947745295,1.0340964017755994,1.0297056185054405,1.0070356525741322
46.24,0.9943171452755193,1.0083695394237089,1.011375705284165,1.0339038908671494,1.0288089597324923,1.0104730016704484
46.26,0.995755657393276,1.0086588068688132,1.009064057066786,1.034035590817794,1.027948878470494,1.0086915174738107
46.28,0.9926954711939495,1.0093584815958883,1.0119941187502959,1.034216757359073,1.0268203987146736,1.0113235666108142
46.300000000000004,0.9938331574205241,1.009945009682303,1.0103012830026428,1.0347293349681808,1.025720275296373,1.008735342287836
46.32,0.9905107786825618,1.0109577089223802,1.0138681238872636,1.0352832911745464,1.0298792776515722,1.0106912432443802
46.34,0.9913740299773357,1.0076363035804148,1.0128038429279824,1.0306137755172013,1.028333365340849,1.0074588277952516
46.36,0.9920308724517914,1.0090283660189359,1.0169958979340148,1.0315969923826662,1.0320315466365972,1.0087626950274284
46.38,0.9926878554846748,1.0061292652299874,1.0165212093061182,1.0273090885510134,1.0299743631036318,1.004787692854921
46.4,0.9931502150364739,1.0079282745243279,1.0213216078124185,1.0287119414205277,1.0331730058603892,1.0053440874166693
46.42,0.9936213909499423,1.0054576723709503,1.0214475407054007,1.0301354141901253,1.030709549933576,1.0058649120760772
46.44,0.9939112289959544,1.0076700965418621,1.016812451834582,1.031758901970293,1.0283095730556417,1.0056476730088904
46.46,0.9942457001198992,1.010347293891889,1.0175574924588568,1.033344954419519,1.0254963462122495,1.0055261433224991
46.480000000000004,0.9944117941184007,1.0088781515230374,1.0135486689687658,1.0350969569106745,1.0226115794337702,1.004656723334049
46.5,0.9944253416538782,1.012062077948047,1.0149239347144805,1.036805012926493,1.0250328711832917,1.0082464598315528
46.52,0.9944967183658853,1.0111108492702954,1.0115283052125692,1.0329153834889988,1.0215942936331197,1.0067085875808246
46.54,0.9944522382881469,1.0148023431257776,1.0135413468918886,1.0347922492532051,1.0234555997383448,1.009622709760775
46.56,0.9944775589972861,1.0143713757200268,1.0107367885981393,1.0310205752622075,1.0194207648464046,1.0075721250031573
46.58,0.9944013864618761,1.0185734949919532,1.013252830868601,1.0330432047800704,1.0205529839259944,1.0099573008839644
46.6,0.9944078862086814,1.0186706318925354,1.0155693603089375,1.0293627642583765,1.0157643897659518,1.0074098334500772
46.62,0.9944358040270922,1.0147375724258367,1.0185559531903579,1.0313882944579937,1.016143339008559,1.0092826984695127
46.64,0.9943376189899826,1.0154923259373279,1.0214333031976484,1.0332169441759156,1.016484668663458,1.0104945067223143
46.660000000000004,0.9944462935987897,1.0122158003331942,1.01943349162985,1.0294140292178833,1.0160831031076083,1.0118469950898505
46.68,0.9944672701140305,1.013629368660939,1.0228021681900907,1.0313383895541222,1.0157942587315651,1.0125432652567457
46.7,0.9946981288385905,1.0109847177480318,1.0212385156383181,1.0274332751179065,1.0147269708481348,1.0134004647135664
46.72,0.9948577945353847,1.0130323803975259,1.025076169381852,1.0292753342261012,1.0137834138772104,1.0136082339264636
46.74,0.9952306007638598,1.0110223966518186,1.0239547216981952,1.0252356715414797,1.0120302131083152,1.0141219430006068
46.76,0.9956623527778015,1.0137069117056874,1.0281548959019107,1.0269588164635435,1.0102901652585536,1.0138797553757033
46.78,0.9963002295125407,1.0123394594709003,1.0273655553367664,1.0284634353729132,1.0077114908087421,1.0139635118118664
46.800000000000004,0.9971179097057719,1.0117147916536195,1.0262176224539052,1.0299912491729666,1.005203429463915,1.0133050111784245
46.82,0.9980052714231213,1.0110454498992594,1.0258077148769251,1.0312595040732226,1.0079975607181875,1.0120371826815056
46.84,0.9990881215463987,1.011111794673302,1.0250302153189903,1.0263477113932913,1.009860695624679,1.011144925557809
46.86,1.0002532678037643,1.0111183765594234,1.0249988003685768,1.027268213640455,1.0118708940993444,1.0096814626664106
46.88,1.001611938790877,1.01188247651681,1.02455730475873,1.0219836620861846,1.0129301720483324,1.0086046859889413
46.9,1.0030700700700796,1.0125715317078718,1.0248687118966853,1.0225409331184325,1.0141576984119747,1.0069699998817092
46.92,1.000699116042504,1.0140398237271917,1.0247559284385428,1.0227355479471771,1.0144162862478816,1.0097553164563866
46.94,1.0025204108030397,1.0153973457844518,1.0243687915540658,1.022857758201213,1.014895870705935,1.0079005727830994
46.96,1.000556324252455,1.0125848875892354,1.024596147142824,1.0226092276608096,1.0145626948833155,1.0105760388501506
46.980000000000004,1.0028814264228894,1.0145479962699904,1.024509537548771,1.0220947241600613,1.0143414831759725,1.008654767500257
47.0,1.0014115249542406,1.0123291625043391,1.0250398570986103,1.021219458082362,1.0133004279897058,1.0112390459503438
47.02,1.0042210176096371,1.014909799701357,1.0252381013567549,1.0200285271628198,1.0123989672098836,1.0092713835587603
47.04,1.0032495092180422,1.0132956590054434,1.0260537536471581,1.0184882431504683,1.0106701000992582,1.0069355829511686
47.06,1.0026210670257294,1.0165045120990017,1.0263958697985354,1.0226670500747126,1.0139605052584162,1.0089395492472297
47.08,1.0021841831020066,1.0156064955233353,1.0212649301620829,1.0205421841823532,1.0115032913762612,1.0066135568552381
47.1,1.002125594428266,1.019455889494993,1.0216405140087383,1.0241274370825173,1.01407855596906,1.0086071142812525
47.12,1.002350140893475,1.0191467641121097,1.0215375599531908,1.0213739063232725,1.0109425717529161,1.006314035797824
47.14,1.0028601902790375,1.0185722275388036,1.0218885722717355,1.0243534607786255,1.0129772196171483,1.008429976215186
47.160000000000004,1.003642598786989,1.0189199680500272,1.021729116020352,1.0208157156507054,1.009341922115098,1.0062932616972713
47.18,1.0047042731382962,1.018986163561884,1.0220007598672511,1.0230071242709835,1.0108591172831378,1.008546766383315
47.2,1.0021689986529814,1.0199988064962247,1.0217523416611956,1.0186617499425425,1.006749452353917,1.0104412325264711
47.22,1.003844060385621,1.020692939039578,1.0219096246445591,1.0200424328901159,1.0077767548542784,1.0080923114865739
47.24,1.0019468082368408,1.022357934192419,1.0215347993509374,1.0211248658421632,1.007923976621765,1.0101532827438282
47.26,1.00423771222429,1.0236859903479987,1.0205221286295059,1.0217908980357007,1.0084527844773874,1.0080292521413292
47.28,1.002961737980074,1.020653386506579,1.019870864452865,1.0221884860124675,1.0082601712999906,1.0102969226973504
47.300000000000004,1.0059895614757202,1.0225308347897721,1.0185520561718802,1.0219890641131204,1.0084619680824818,1.0084141780395108
47.32,1.0053161860632875,1.0200102149349073,1.017556865582641,1.021547036920456,1.0079551600480978,1.0110133878577088
47.34,1.0089615199116686,1.0224397595773693,1.0158887876401526,1.0204755538425803,1.0078533611959366,1.0094875767134597
47.36,1.0089035647547653,1.0204312515555714,1.0198872371347054,1.019192035404119,1.007056810346022,1.0078695097105834
47.38,1.013180404936179,1.018029591575763,1.0179327174481712,1.017275516590379,1.0112353055585122,1.006775556205017
47.4,1.0137290351043031,1.02055173060835,1.0216287319054977,1.015179709756175,1.0100861936668206,1.0056282500259424
47.42,1.0106910660249975,1.0185347544747918,1.0193358386494946,1.012445752039334,1.0138942763280903,1.0088000482446575
47.44,1.0119290061924264,1.0214312767156208,1.0227033640806145,1.0097234721708028,1.0124264853800304,1.0080414900406103
47.46,1.0094847748469569,1.0196353518086747,1.0198657921461671,1.0127070081195841,1.0101784848823594,1.0116961945703147
47.480000000000004,1.0114510201831157,1.0227876905257354,1.0163284823507759,1.0150498438499254,1.008551774750479,1.0114090484746958
47.5,1.0097219028660875,1.0212011885892984,1.0185216406594917,1.0172114394971163,1.0063392880075899,1.0110802952824112
47.52,1.0124290738621626,1.0190295005255745,1.0144747626788164,1.0185977749720183,1.0091922369042505,1.0113313911813586
47.54,1.011403864952852,1.021889690127657,1.0161356065933758,1.0198435168390407,1.0069507576978012,1.0115829467437205
47.56,1.0105884407004737,1.019900820396554,1.0115256419177014,1.020323056381594,1.0097421343149047,1.0123968314286729
47.58,1.0102962991182443,1.0229578709253309,1.0126291645714096,1.0208562846798053,1.0074921765299938,1.013208793317681
47.6,1.0100962825149873,1.0211117777206953,1.007260202867296,1.0206148157822539,1.0102452458032678,1.0145641335280908
47.62,1.0104399124879215,1.024345403677109,1.0076094104370976,1.0204569514976747,1.0081168259749953,1.015938773712056
47.64,1.0108692428119666,1.022617298776507,1.0073054314757184,1.0195215772777768,1.0109610604797066,1.0134965291810154
47.660000000000004,1.0118614254123086,1.0201444724724054,1.0069782666008242,1.0187310897679962,1.0133126818054552,1.0154999316304272
47.68,1.0129099141420879,1.0227795714050414,1.0059775787558225,1.017162614334538,1.010717671198722,1.0137164243022565
47.7,1.0101525302664545,1.020269927242583,1.0049337014448243,1.0212594563896373,1.0131932242417538,1.0163487143066572
47.72,1.0118490873022177,1.0228695012829796,1.0032259524983365,1.0191689715267978,1.0107923351657662,1.0151805890615409
47.74,1.0097161085022375,1.0202665279185057,1.0013018062806367,1.02271731028578,1.013435340783957,1.0184271656007247
47.76,1.0120665062126566,1.0227952636026663,0.9987410821338742,1.0201337250698037,1.0112438580929002,1.0178820588441742
47.78,1.0104489234490517,1.0245279289229803,1.0018939779843292,1.0231630258583915,1.014070419185174,1.0218639505472131
47.800000000000004,1.0088806779822352,1.0209477437422576,0.9985940919111544,1.0201452697056381,1.012104020002198,1.0220570577205823
47.82,1.0117378919419782,1.0224271297869523,1.0009650469358278,1.022717489978392,1.015131285453117,1.0184752663929673
47.84,1.0106647673827842,1.0185597700712563,0.9968814003548028,1.0192976663498738,1.017777719125633,1.0193853802677513
47.86,1.0140100441393,1.0197630545335539,0.9984589206231851,1.0214469833509896,1.0157757960712899,1.0165398142689495
47.88,1.0133934754286766,1.0201415062020587,0.9935803865375121,1.0229388215393385,1.0187534008322991,1.018168978719018
47.9,1.0126502262531591,1.020998489516849,0.9943796750675794,1.0184702441951365,1.0171395412421296,1.0160402449923387
47.92,1.0125372432855304,1.0209958216858173,0.9950501162507537,1.0195787887375851,1.0204520211966548,1.0183732911423373
47.94,1.0122822305366022,1.0212804421747945,0.9951340530458326,1.014977723100785,1.0192035213537691,1.0169464188490975
47.96,1.0125524164734907,1.0207330481315315,0.9949063654589725,1.015925083999718,1.022861398923181,1.0200012798952551
47.980000000000004,1.012667338229761,1.0251317558888164,0.9941223887062012,1.0112209728661656,1.0220958060294616,1.0192881205243012
48.0,1.0126400644432918,1.023970415631714,0.9989265127644837,1.0120323276879115,1.0211029747013325,1.0190474582915714
48.02,1.0131339314755232,1.0218579917993207,0.9972615151675324,1.0123939666289496,1.020894033906778,1.019057990767534
48.04,1.0134519325365208,1.0201107640346336,1.00114484970939,1.0130279436017622,1.0204852974372698,1.01953100511564
48.06,1.0142635481772198,1.0175400673810377,0.9987629618162477,1.0132302992181068,1.020838003761182,1.0202779508502182
48.08,1.0147516214505208,1.0199663263200474,1.0019098080944182,1.013720322552214,1.0210119092933763,1.0214764865544943
48.1,1.0109078009324888,1.0167294872624881,0.9988524528445302,1.013797496517086,1.0218098971961118,1.0229708517802987
48.120000000000005,1.0115947578373676,1.0184590273683778,1.001305573085923,1.014294092144668,1.0224517227346461,1.0248797422157612
48.14,1.0120593008695211,1.0144906968525522,0.9975915817795311,1.0143941996119081,1.0187131705131613,1.022835597150916
48.160000000000004,1.012894943264981,1.0155053654359463,0.9993735340601988,1.0140771213039956,1.0200159251787162,1.02538081156609
48.18,1.0134727253327664,1.0107862872199582,1.0008632518238822,1.0142088403922038,1.0169224912396673,1.02395395917996
48.2,1.0144081570063292,1.0110479052288521,1.0020545499229356,1.0141245204501783,1.0188657637743366,1.0271481907623299
48.22,1.0150686867830796,1.0103957147909068,1.0028019434196718,1.014476745815427,1.0164227361604095,1.0263500791923557
48.24,1.015364984899426,1.0098700473754558,1.0033112067631926,1.014632792453046,1.019012649566991,1.0258374287473604
48.26,1.0159634147697734,1.008442860338826,1.0033809186073597,1.0152102423443177,1.0173344453011492,1.0255856012925495
48.28,1.0161616293140323,1.007102075059127,1.0032533463716644,1.0156112991968307,1.0206649051591414,1.0256164579320748
48.300000000000004,1.0166367341766174,1.0048751098251958,1.0026916085261302,1.0107990737745909,1.019729433081828,1.0259206191442374
48.32,1.0166959003549056,1.007733174362739,1.0075956262673211,1.011398004405518,1.0187635712009406,1.0265026733339129
48.34,1.0163272668732173,1.0047920151544374,1.006645822591272,1.0118658389887578,1.0184924523533283,1.0229851121484836
48.36,1.0160974843763793,1.006801916698472,1.0111332293525728,1.01274138645925,1.018238662769734,1.0241177367999486
48.38,1.0154111773646122,1.0030222307223884,1.0098429845243129,1.0135068605609283,1.0186454276269776,1.0211170568703665
48.4,1.0148258921534632,1.004179157189792,1.0082741344498576,1.0146753258014232,1.0190922034228964,1.0227999914225068
48.42,1.0137750172311097,1.0052453563204335,1.0067376797160565,1.015726330748592,1.0201868873010254,1.0203137906012154
48.44,1.0172618099341681,1.005449738564018,1.0049650581812308,1.017176689349859,1.0213441263211527,1.0180679811097644
48.46,1.015806360890675,1.0055579850616567,1.0032354719606866,1.0185314031047334,1.023019964080465,1.0204472267115143
48.480000000000004,1.0188722922330413,1.004837352773373,1.0012829873088793,1.0149474122481816,1.0204424744789566,1.0185880135036536
48.5,1.0169583493950194,1.0091104213673048,1.0048368629092703,1.0168165854232365,1.0228402376206382,1.0213703762012036
48.52,1.014456295113405,1.0075753424535816,1.0027963211083053,1.0137732109837212,1.0209727435941156,1.0198686732319588
48.54,1.0165467746031185,1.0108794931364284,1.006227131994582,1.0161664925285336,1.024107040252951,1.0184257439692797
48.56,1.013562001065931,1.008433489292881,1.0041192604951652,1.013668672054708,1.0229639160702373,1.0171568592756408
48.58,1.0151422014492668,1.0108166024604948,1.0074460900656645,1.016591183812885,1.0268255392166523,1.015938973173511
48.6,1.0116017122061634,1.007488522179391,1.0052896620070255,1.0146442671785865,1.0263967461687518,1.0194562147503037
48.620000000000005,1.0126219231932991,1.0091183762062736,1.0085333732655704,1.0181014792152978,1.0264263699747467,1.0184137892618574
48.64,1.0083619318539365,1.005078592182563,1.0063494340059682,1.016710968592324,1.0267753805591564,1.0221125359628331
48.660000000000004,1.0086578630729761,1.0059802543970395,1.004157575363399,1.0154108819214538,1.0275662840942932,1.0211999401342826
48.68,1.0083660164778157,1.0066322111683557,1.0073196234849457,1.0146105162127999,1.0285512179896337,1.0203284844883704
48.7,1.0078706719386616,1.006757493039451,1.005138607731543,1.0140703317059034,1.0299712657892677,1.0195670420626808
48.72,1.0067971119010763,1.006801039525319,1.0082812227332596,1.0140014369686754,1.0315827552994872,1.0188300155008703
48.74,1.0054721745511745,1.0063453172260213,1.0061382304439666,1.014215766849485,1.0336229692816365,1.0227644986463433
48.76,1.003582845819289,1.0058095284534636,1.0092911071955823,1.014873148482279,1.0311542030001313,1.0219649413165168
48.78,1.006235961179781,1.0048013953821568,1.0072146799780692,1.0157071296195865,1.0338735756920832,1.02101981783765
48.800000000000004,1.0034975314911132,1.0037404053935195,1.0053303448567275,1.016947414514648,1.0320582259517659,1.0201497048959585
48.82,1.0052696465329198,1.0074418355211114,1.0035428504236612,1.018362110563929,1.0353193784019927,1.0191191425951187
48.84,1.0016340239342478,1.005783608146255,1.0019901754425633,1.0151439852867568,1.0340161208443153,1.0229669621070432
48.86,1.002530575524295,1.0088753629777893,1.0056735973526254,1.0173426462143462,1.032972491716503,1.0217789569670437
48.88,1.0030510151753318,1.0066609525755732,1.004366240479008,1.0149315706017332,1.0322132347554884,1.0204392066712664
48.9,1.003181715665011,1.0093673412983342,1.0082712729310948,1.0179184816158289,1.0317054857100372,1.0189419518281841
48.92,1.0027913573719782,1.0068198105857906,1.0072260717290744,1.0162928510523614,1.0314687227710095,1.017285032307825
48.94,1.0019847767579302,1.0091679997931227,1.0063153110811824,1.0200709633188794,1.0314725818752049,1.020389361475341
48.96,1.0006857541025307,1.0113724070931307,1.00562281140665,1.0190782809370074,1.0267979736639399,1.0183431987779707
48.980000000000004,0.9989678883530057,1.0084059256929114,1.0052392954027258,1.0235079510219514,1.0273554612205862,1.0210428715856663
49.0,1.001703074103807,1.0102665407447633,1.0050309582208201,1.0231389420111885,1.0281535529658399,1.018529251385659
49.02,0.9991586301370619,1.0070393286306683,1.005151244785404,1.0232503085083318,1.0290947064305875,1.0206741342898562
49.04,1.00105785103999,1.008620786910099,1.00542838853944,1.0237088063697053,1.030245095742126,1.0175477536937787
49.06,0.9976949942249282,1.0051719544705935,1.0060288757483264,1.0246268554498892,1.0315378290636872,1.0190816572208756
49.08,0.998766540328955,1.0066422462259932,1.0018655980803048,1.025922934445095,1.0330309885975293,1.020434558587972
49.1,0.9994108698875377,1.0080427342157612,1.0030255644735129,1.0224162311947875,1.0295168310382898,1.0164766771322817
49.120000000000005,0.9996629711272369,1.0093500594290794,1.0046866669536931,1.0244664677535384,1.0312208916668437,1.0171768429524717
49.14,0.9995207250297002,1.0106063687646127,1.0064748729631825,1.0216939572070336,1.0278374904908292,1.0125277525273004
49.160000000000004,0.9989799092990153,1.0071050916747093,1.0087869618058396,1.0245134168361574,1.0297041306807744,1.0125302895451567
49.18,1.002780681674188,1.008344701569572,1.011177342316437,1.0224884717231788,1.0317406421057465,1.0123948431323693
49.2,1.0013815476616663,1.0049056098812263,1.013995905467302,1.0207748818061901,1.0284606741695086,1.0116772725425065
49.22,1.004342954119905,1.0062992049776422,1.012099884803649,1.0246904209343022,1.0306207045294515,1.010799852164124
49.24,1.0021476043240405,1.0078367026655997,1.0103574497035677,1.0236762858984942,1.0274251084917356,1.0092913116636566
49.26,1.004441744348568,1.0093049723253738,1.0091363394915445,1.028302028776948,1.0297038107524505,1.0074962210775362
49.28,1.0016479861404146,1.0109090671772445,1.008054277594916,1.0278424314624326,1.0265575984051205,1.010529915482885
49.300000000000004,1.003327777673972,1.0078897411625913,1.0076430278280828,1.033071147089128,1.0234092780777724,1.0079022118241925
49.32,1.004551116298167,1.0096476014770506,1.0073212583152267,1.0331825592960486,1.0256926140054654,1.0100684403819975
49.34,1.0055889744571294,1.0068486368110436,1.0076956593719428,1.0334960770175732,1.0224315770902699,1.0066041466821236
49.36,1.0063171153375259,1.0088027241345907,1.0081343392569555,1.0342168838248424,1.0245968596779225,1.007790141766193
49.38,1.006878820652179,1.00624283359031,1.0092671387748302,1.0351292923576851,1.0211498099365084,1.0033391973748473
49.4,1.0071417534441967,1.0084129709467664,1.0057673360127168,1.0364676806445017,1.0231502851705478,1.0035352961709276
49.42,1.0024703207141397,1.010905295589509,1.0076049035358605,1.0379616046498228,1.0251149496946326,1.0030309734672302
49.44,1.002236300896789,1.0090244158578314,1.0048321846513746,1.0342508250211715,1.0267164307941536,1.002325670408292
49.46,1.00158537564089,1.011834714790003,1.0073867201997388,1.0362561144202669,1.0282715082892597,1.0063711354952003
49.480000000000004,1.0009813064163646,1.0103244595680048,1.0054307407435932,1.0330071217722665,1.0239337663354906,1.004739840618748
49.5,1.0000028648618422,1.0134862456374485,1.0088178164209758,1.0355267001994193,1.0250943697139157,1.007825176297939
49.52,0.9990926088683703,1.012357352800552,1.0076831306279983,1.0327102243407191,1.0202910878827183,1.0052396632991754
49.54,0.9979603341371832,1.0115696760747488,1.0119100772988574,1.0357142112055984,1.0210011683181488,1.0072322480942608
49.56,1.0012189420213895,1.0108969640686647,1.0114643451689718,1.0333252800351023,1.02155322371316,1.0037268273724487
49.58,0.9998736774881762,1.0107227352391979,1.0164096192533583,1.0309270499071994,1.0215791179995426,1.0048436048155502
49.6,1.002894075076787,1.0106438661884374,1.0166706567655535,1.0344317026851932,1.0214193199689492,1.0004924498242644
49.620000000000005,1.0013663562051724,1.0110810747218424,1.0168985538827426,1.0324445482726485,1.0207003585172636,1.000755429472709
49.64,0.9996075429019902,1.0073747217758582,1.0179200169570093,1.0363829741500332,1.019800448869705,1.0001552747643525
49.660000000000004,1.0022125457162065,1.008435088843969,1.0188711628307239,1.034764150214845,1.024333617540917,0.9995041451715461
49.68,1.000323491191864,1.0053887634656737,1.0206463308952909,1.0330669091759805,1.0227914223020709,1.003562808607387
49.7,1.0027778389771478,1.0070898462821622,1.0222236767000386,1.0316958312330886,1.021125348676149,1.0021742808862772
49.72,1.0008211094782289,1.0048105205366413,1.0246252680436978,1.0300881854188626,1.0187933612718385,1.0054543354691425
49.74,1.0031885204262174,1.0072596774126095,1.026963597666077,1.0343710650421185,1.0163482502682568,1.0033275302611553
49.76,1.0013253553628227,1.0056196443138394,1.0245472526146981,1.032911044539146,1.0132112304629461,1.0057330943479272
49.78,0.9994490296955076,1.0045929024688909,1.0275739564907225,1.0373491927233873,1.0099735880524168,1.0072064752300172
49.800000000000004,1.0018573051748585,1.003607572467061,1.0258008662305125,1.03597668180256,1.0122307395140955,1.0089580257148745
49.82,1.0000984069326861,1.0032753366508032,1.0295065147629616,1.0342958449486996,1.00817622669291,1.0098357891839127
49.84,1.0027258622193087,1.0029690313215207,1.0282668075917467,1.0328749523748924,1.0095813803181704,1.005445433514901
49.86,1.0012248164553528,1.0034557569849873,1.032519272336625,1.0311300814004625,1.0101055403547194,1.0057081530239205
49.88,1.0040502616655962,1.0039439143639863,1.0317949508872823,1.0352638190803765,1.0105417476275682,1.0007939765975125
49.9,1.002787890795802,1.005248621204199,1.0309579655781373,1.0332595528181345,1.0100824154406967,1.0005191156502553
49.92,1.001562820842691,1.0024919639318175,1.030964128257538,1.0371347186029807,1.0095573716770598,0.9993889387170793
49.94,1.0046558395725782,1.0045058960702273,1.0308179246011635,1.0347888987040097,1.0144630260940257,0.9986775756685449
49.96,1.0038231121838863,1.002477003916105,1.0315429788988677,1.0319840925932589,1.0129622977529826,0.9971829473246754
49.980000000000004,1.0072804851103636,1.0052318750694496,1.0319740186550312,1.0351503153113244,1.016846393513302,0.9961273943828839
50.0,1.0068402547352888,1.0040618615474353,1.0272681956012848,1.0319898423992253,1.014368091297849,0.9943086221194426
50.02,1.0065130292487146,1.0076916586816402,1.0281503571349715,1.0347809627749909,1.0172641008518766,0.9971010347924629
50.04,1.0064169770711966,1.0073356557355595,1.0238464037710466,1.0311796794434747,1.013812639644196,0.9950298166900211
50.06,1.006473639277219,1.0117969425922055,1.0251766610784117,1.0335402691867666,1.015749761258487,0.9975480358625908
50.08,1.006760024079374,1.0121497381436004,1.0261745993383373,1.029439552672617,1.0113549582375532,0.995392347824585
50.1,1.007328560479864,1.0124410844093568,1.027911616970652,1.0313363287387733,1.0123658023897775,0.9977925402189909
50.120000000000005,1.0040388867745036,1.0135779699543264,1.0292785268792048,1.032752741720364,1.0070847741414992,0.9996466419779679
50.14,1.0051596440537436,1.0106179479737056,1.0251776871759377,1.0339290819499802,1.0072268592168545,0.9967401446976432
50.160000000000004,1.0064611917923076,1.0125781395857585,1.026942504681708,1.0346016381985148,1.006268596155586,0.998511403668942
50.18,1.008066657053504,1.0104148596027098,1.023175339579681,1.0349710415855362,1.005495423446636,0.9956219243803579
50.2,1.0098725592481665,1.0131971045559967,1.025321292116308,1.0348700484640057,1.0036125209729372,0.9973777864980193
50.22,1.0079749510023328,1.0117223802483108,1.0269277405793886,1.034401958925851,1.001961765172983,0.9985224474681096
50.24,1.0104716249788486,1.0101450385895996,1.0294061227506095,1.0334960343673967,1.0057714166751675,1.0002046618968725
50.26,1.0092961406609189,1.0094054023204588,1.03129296749918,1.0322030788779157,1.0033974009414717,1.001332661163349
50.28,1.012477666427456,1.0085527374220034,1.027433423720015,1.0305167996463311,1.0064639974180742,0.9980533188946272
50.300000000000004,1.0119962668020062,1.0085612553579448,1.0294339950162241,1.0284275385027333,1.0083483993185385,0.9992687876512063
50.32,1.015836390153253,1.0082988119417982,1.0254833364653653,1.0258898641650067,1.0106074713081254,0.996151634130011
50.34,1.0160259627202173,1.0090579030034776,1.0274282833661141,1.022990979973301,1.0118514535211098,0.9976139953406311
50.36,1.0166330270611028,1.0095331053309486,1.0285956111406476,1.0194284975940135,1.007169182457358,0.9986890593434015
50.38,1.0175565697141513,1.0098528366425246,1.030422534630354,1.0218872102012693,1.007878543977511,1.0003045420447698
50.4,1.0148733582236784,1.011069907754874,1.0314476223178382,1.0238293303643111,1.0027740739614857,1.0015547595669583
50.42,1.0165870416979068,1.0120957815284788,1.0265051559800273,1.0251285439197884,1.003067409181635,0.9985295851392633
50.44,1.0146941101215208,1.0140479563930764,1.027434159895952,1.0260813763006102,1.0023979179628109,1.0000250865050702
50.46,1.0171761744867283,1.0157587614625259,1.0275655677394528,1.0263439974263462,1.0022152071095816,0.9973096447904748
50.480000000000004,1.0159425401142,1.0130036613666853,1.0282940721204676,1.0263411210728735,1.0010864005226108,0.9992007543781187
50.5,1.0152413021837323,1.0152016539760904,1.0281818986539335,1.0256069520624354,1.0004695465959619,1.0007649267057692
50.52,1.0148177530744795,1.0128762514256096,1.0286304222732863,1.0246392550614947,0.9990864292400161,1.0029870362697473
50.54,1.0149679248522716,1.0155464879507123,1.0282184748015997,1.0227399008774711,0.9982457322689766,1.0049051819899293
50.56,1.0153790971566954,1.0136522394993683,1.0283288951239342,1.0206579069340047,0.996657764326883,1.0028307968111898
50.58,1.016387503924749,1.0167953087560164,1.0275563725729295,1.024552906392797,1.0002583488580572,1.005186461881407
50.6,1.0176170698075042,1.0195466264899862,1.0259301346568455,1.0214982404311412,0.9984309385538901,1.0036015576996045
50.620000000000005,1.0151398613907654,1.0175188963077142,1.024640585989606,1.0244241501502367,1.0017619807511169,1.0065369106931916
50.64,1.017143901544702,1.020695158500791,1.0224660954955214,1.0204305923072403,0.9997286540178281,1.005529372865591
50.660000000000004,1.0154032150929444,1.0190400307023113,1.0205738362817818,1.0224079007457978,1.0028262191501387,1.004481432152244
50.68,1.0181684148094616,1.0225119401173126,1.0177927432559584,1.017675385513443,1.0051626028091922,1.0041152397050555
50.7,1.017275032798266,1.0210926772093645,1.020830922831757,1.0188918954646051,1.0020716501524545,1.003749546071285
50.72,1.02091584806577,1.01907528932884,1.0171998884939852,1.0193952678888631,1.0042305160395344,1.0040123358126292
50.74,1.0208825510200423,1.022287606616782,1.0193581280197914,1.0198101282042067,1.0012119188286634,1.0042944971725234
50.76,1.0209136932664107,1.020491790061393,1.0148485062311663,1.0193517074474316,1.0034014836977727,1.0051793594178617
50.78,1.0216665785382917,1.023948828983987,1.0162802840868246,1.018853923499382,1.000587806971022,1.0060829598048193
50.800000000000004,1.0224725318667423,1.02217504605622,1.0169160342365462,1.01748027300385,1.0029352698488148,1.003149919368556
50.82,1.0240286173356843,1.0197736008939557,1.017545994987352,1.0161524719098871,1.0047527501850606,1.0047431435257415
50.84,1.025602224133845,1.022538415261904,1.0173552660520624,1.0139481231184402,1.0015115385597348,1.0025327567807363
50.86,1.023431507419458,1.02014654263904,1.0171291135842915,1.017701793845311,1.0035193385019636,1.0048129722864103
50.88,1.025799352581969,1.0229291016639284,1.0159246156919868,1.0148005086827927,1.0005483085873594,1.0032780881848393
50.9,1.0242846188256323,1.0204850159445025,1.0146580227854005,1.0178300826138003,1.0027847259812241,1.0063421529938394
50.92,1.0273509421757918,1.0232434896239972,1.0124426798862785,1.0142794329500087,1.0000916069575867,1.0055942995638278
50.94,1.0265059885365542,1.0253215277658079,1.01620087596276,1.0166359486574277,1.0025665849892946,1.0049896597712489
50.96,1.0256635463953865,1.0218930476224557,1.0130983789886536,1.0125161444555726,1.0046146406967829,1.0049782921499468
50.980000000000004,1.02552354163016,1.023734313382965,1.0159279078515542,1.0142827584101393,1.0019172700100283,1.0051316520222087
51.0,1.0253418165531034,1.019997661164834,1.011886316909556,1.0152915463621348,1.0043563154540611,1.005838101850589
51.02,1.0258840206899338,1.0215490777604082,1.013596139905345,1.0165830176123496,1.0021137424566007,1.0067322418195253
51.04,1.0262539719507036,1.022216058127973,1.008472211860771,1.0171369503284904,1.004972123064082,1.008281446129987
51.06,1.0225979323574848,1.0234032691505837,1.00911498848513,1.0179958736552863,1.0031841166718714,1.0100437609774335
51.08,1.0235657401961689,1.023662396699219,1.0029359686971704,1.0181378876295355,1.0064635931494434,1.0123088229037638
51.1,1.0244843597657756,1.024399345165122,1.0026805802252974,1.0121882621358558,1.0052420610903594,1.0107949272768515
51.120000000000005,1.0260217273185503,1.0240459421248405,1.0082721213102226,1.0120471800109283,1.00376031616312,1.0138457784732324
51.14,1.0274767287285762,1.0228077612704531,1.0069667052721718,1.011215531087705,1.0029940816817153,1.0130834767199968
51.160000000000004,1.0246447414808273,1.022013377544486,1.011488811037639,1.0109225922173817,1.0020165410979947,1.0126075354787742
51.18,1.026498508145834,1.0202964827188374,1.0091672904436215,1.010129593480246,1.0060441338085178,1.0126339908314659
51.2,1.0239971066212084,1.018978556259394,1.0126506781470066,1.0098654203784942,1.0055127512328,1.0129919131811116
51.22,1.0260942360599827,1.0165688483555555,1.0093410449307427,1.0091453900941074,1.009975024596407,1.013843429519513
51.24,1.027935039872176,1.0195426582402185,1.0118181446767216,1.0089411402438802,1.010020248332586,1.0109000647960498
51.26,1.0251984585044314,1.01638380282584,1.007585721974314,1.0083027412448784,1.0099081276082638,1.0126368782882968
51.28,1.0272593196002253,1.0185796446122768,1.0091258584316882,1.0133115393631944,1.01058869548182,1.0105065101709032
51.300000000000004,1.0246800584173759,1.0145893601477876,1.0041811710342332,1.0126696920581386,1.0111622829350608,1.0130914881375537
51.32,1.0269367167624432,1.0157851977963492,1.0050104942158924,1.0115780821079499,1.0125072741305803,1.0117881863670721
51.34,1.0287616776752095,1.016072761258484,1.0054745729335934,1.0110439425464461,1.0137384847170448,1.0109599329318666
51.36,1.0258467080971974,1.016371772096968,1.0055365640528897,1.0101148269942715,1.0157216357311527,1.0104148973420228
51.38,1.0276745480313894,1.0157799025879224,1.0052338819731577,1.0097375005544023,1.0177164079863643,1.0103094355323323
51.4,1.0246988388951106,1.0151481243631697,1.0045737571513365,1.0089876677201843,1.0152893932615377,1.0105083482597985
51.42,1.026489685390655,1.013638673155413,1.0035513068838382,1.013933518081898,1.0179980270518674,1.0111132761826456
51.44,1.0278080962279121,1.0173038145934266,1.0022170389345613,1.0134075427048246,1.0163156516010052,1.0120271896338506
51.46,1.0242314923514453,1.0148389756873173,1.0005761784204072,1.0127064254435796,1.0153904862829197,1.013361409837981
51.480000000000004,1.0254795794551708,1.017662900803391,1.0046547727330337,1.0125076199369074,1.014468207563433,1.014944729764669
51.5,1.0216138432258415,1.0141857122416487,1.0024778675293493,1.0121638184142219,1.0142864759896653,1.016971617648772
51.52,1.0225908446603462,1.0160140815225764,1.0059918759772586,1.012308099305514,1.0141311377614701,1.019233653920506
51.54,1.0229235696736891,1.0115435268879178,1.0033224685588988,1.0123287201799434,1.01469950704052,1.0173003939470808
51.56,1.0235577339593016,1.0123893911010067,1.0063182426110167,1.0128243350700612,1.0154402132813432,1.0201713542462327
51.58,1.0235086131148012,1.0122997339506448,1.0033576276933796,1.0132172090123674,1.0167379989811747,1.0188056916305026
51.6,1.0229783663334215,1.0119696497066166,1.0060483201279011,1.0085520434302988,1.018238668095992,1.017668725508524
51.620000000000005,1.0226646874441743,1.0108971815324204,1.0084941839630683,1.009529305024928,1.0153108974786296,1.0167490899328122
51.64,1.0216779812935313,1.0095540662544826,1.0049131245568392,1.0104504509770025,1.0175934588295572,1.016026503701398
51.660000000000004,1.0208672937055843,1.013425954800237,1.007072438660038,1.0119236698257925,1.0154647349666872,1.0155214926463145
51.68,1.0193702884000881,1.0110065004869315,1.0033354430144135,1.0133653943641394,1.0185651940450482,1.0150789857764506
51.7,1.0227654536690507,1.0137910396863592,1.0052996924956759,1.0153365918961832,1.017370699674081,1.014709188276865
51.72,1.0207042175810992,1.0105048961984595,1.0014401948742773,1.0173010860076523,1.0167110873982237,1.0145524273280868
51.74,1.023373290912259,1.0124061239009254,1.0032457142399651,1.0144483776905733,1.016360298917494,1.0144382676250698
51.76,1.0205327511696236,1.0082795238525621,1.0047492765080674,1.0171279591061921,1.0165038730635914,1.0145282110516947
51.78,1.022417141105028,1.0093234964638131,1.0063216636829133,1.0150335948218179,1.016986139679032,1.0146497477651044
51.800000000000004,1.0236035154085128,1.0044101320630336,1.0077615931022756,1.0184445864100584,1.0179493463257039,1.014826104974567
51.82,1.0246299786747268,1.0045319328998497,1.0036545814999998,1.016957273238734,1.0145564652640005,1.0151785713984296
51.84,1.0249580104039793,1.0097479341446107,1.0051413710536452,1.0209373676233136,1.0163756037372664,1.015548503966623
51.86,1.01970006251516,1.0091256332133742,1.0011892231570272,1.0200138377149668,1.0136820221862282,1.0160814554867867
51.88,1.0192180446716486,1.0082016666167142,1.0029395789335513,1.0193685694191656,1.0162427126131695,1.0164414399880553
51.9,1.0234492116677598,1.0067563177124481,1.0045900501540301,1.0192226682014072,1.014235366245245,1.0119610515289388
51.92,1.0220130435121901,1.005067187760534,1.0064753404479574,1.019409323799521,1.0175272690218904,1.012347417823479
51.94,1.0252537075277663,1.0029347602052359,1.0082840880777808,1.020067630010149,1.0161962323729679,1.0127350982564467
51.96,1.022798816182539,1.0007224625423667,1.0049125752727313,1.0210852211347787,1.0153000678908972,1.0130794363734248
51.980000000000004,1.0248781748516218,1.003511107534175,1.0069806749342205,1.0225204516300725,1.0147076036129086,1.0133858565687
52.0,1.026326579862407,1.0007075007393407,1.0039466673213364,1.0243181183697376,1.0144063941928838,1.0085346900237102
52.02,1.0273736336442152,1.0029060418402485,1.0063110765627168,1.0266390848834015,1.019513466036324,1.0086099254366774
52.04,1.027787081328587,0.9995848677761545,1.0036223158343764,1.0241323092766734,1.0197526157310532,1.0085432658559883
52.06,1.0277619776441655,1.0012448427985554,1.0064282502433395,1.027282869729507,1.0203699133280546,1.0083392015068107
52.08,1.0271533468613399,0.9974560232009972,1.0041894225037615,1.0255975019182615,1.0211775451223044,1.007955245446956
52.1,1.026071573914355,0.9986301806318172,1.0022065717290367,1.024377901551488,1.0223566290671995,1.0073879769685652
52.120000000000005,1.024433511129008,0.9996281968124698,1.0056781587726227,1.0235390211329785,1.0237122506344924,1.0066262746553205
52.14,1.0222904654833092,1.000404395314979,1.0041741720624318,1.0232223518027475,1.0254304140513524,1.0108471752026595
52.160000000000004,1.0196617295630346,1.0010460176205833,1.0080888816570264,1.0232619153447278,1.0221227393545256,1.0094674256115335
52.18,1.0217189392566073,1.0014904635537945,1.0070643420573275,1.0237145685413918,1.0244282668462503,1.0078668121222627
52.2,1.0181070563375045,1.001843665002283,1.0114415770459546,1.0244840809427247,1.0216504990246245,1.0112991656088146
52.22,1.0191460456213262,0.997122956767984,1.0109067390064967,1.0256946903331992,1.0189159221725568,1.0091748325456702
52.24,1.0195943696362066,0.997422234644926,1.0106934364544822,1.027348319091871,1.0217189190613638,1.0120594961876894
52.26,1.0197164020758414,0.9977667544447284,1.010704754435169,1.0240963887007624,1.0193398310517932,1.0092266330132482
52.28,1.0192382135380813,0.9979633622468764,1.0110864308600127,1.026512694394433,1.0225115452422253,1.0114029439857524
52.300000000000004,1.0184931025613129,0.9982222289627343,1.0116498391391002,1.0240080271378345,1.0202992457810245,1.0078084698662584
52.32,1.0171417316323006,0.998479020093316,1.0126056046255356,1.0272126789844815,1.023682747435017,1.009221724795099
52.34,1.0154258231569755,0.9988132772488862,1.0138572755359356,1.0254703594901908,1.0216101794839476,1.0103043356870676
52.36,1.013262183054327,0.9991392702177455,1.015525725371329,1.029486907760547,1.0196836893833527,1.0107182311784122
52.38,1.010808037085217,0.9995607390279382,1.012550558352579,1.0285259134919364,1.0233000833267747,1.0107859087639581
52.4,1.0079083924597692,1.0000982927046707,1.0150039159969566,1.0277896340129304,1.0214941325340225,1.010152689827718
52.42,1.0095456804164495,1.0006012658840735,1.0128213709752418,1.0276273651515826,1.0252457280162943,1.0093441381340769
52.44,1.0058803707307435,1.0012631037129416,1.0160281049491457,1.027673744534967,1.0233421146679582,1.0134301933851604
52.46,1.0067430368596013,1.0018905522761177,1.0144799690266444,1.0283244065699684,1.0214078515094158,1.011703828936978
52.480000000000004,1.0023929513723397,1.0028212905488325,1.018323300708241,1.0291645792153359,1.0194185290110997,1.0148373984403833
52.5,1.0027111092837535,0.9990492355130436,1.0174212302952497,1.030466448164967,1.0173872557266082,1.0119813180242483
52.52,1.0025366043472719,1.000323940658915,1.0172125149135605,1.0319469792125373,1.021023226554993,1.013980507143335
52.54,1.0022594604060255,1.0017787664107907,1.017145874408138,1.0281278159697003,1.0188158184844118,1.0100298481149639
52.56,1.0015043513051536,1.0033329746487518,1.0178264224424742,1.0302926065896632,1.0222772572527363,1.0110899390304353
52.58,1.000705381943811,1.0050866788976265,1.0185937532600606,1.0271088794578596,1.0196507585839347,1.0119470014244203
52.6,0.9994439429006401,1.0024019336338514,1.020137770781484,1.0299664898311072,1.0169643690911396,1.0120211415987312
52.620000000000005,1.0027304466344922,1.0045364701493185,1.0217200325075795,1.0274235120761341,1.0198712242421486,1.0118866726877305
52.64,1.001095030199485,1.002292022275817,1.0239833059812877,1.0250013712869581,1.0167464404756945,1.0108414477373402
52.660000000000004,1.0039833022173656,1.0049623267407077,1.0262717735643658,1.0285362679876409,1.0192054139273843,1.0096281448153348
52.68,1.0020152300088339,1.0032775723937681,1.0238252545204123,1.0267175890228284,1.015577406476119,1.0074745392075433
52.7,1.0045466511902572,1.002063618299816,1.026872267544972,1.030882715094065,1.017552828449153,1.0053547436200188
52.72,1.0067014318397596,1.0009718312714546,1.02515525790154,1.0294896354752812,1.0193372126733982,1.0022757322019382
52.74,1.003965280309553,1.0003885376081394,1.0291004434635722,1.028004567186823,1.0207391715749128,1.0041825618156612
52.76,1.0058059162132968,0.999759254484196,1.028264898848164,1.0269198457400357,1.0219152043596649,1.0059888490207156
52.78,1.0029687666303455,0.9996565735792657,1.028213939338018,1.0257354681455393,1.0168493398594167,1.00689965248063
52.800000000000004,1.0047134413108578,1.0043800713355124,1.0281727174844804,1.0249185762047919,1.0174570149293156,1.0078693412947222
52.82,1.0019712263643799,1.004812797815379,1.028972978515374,1.0239623363299613,1.0116094040676464,1.0077924167421344
52.84,1.0037993863989105,1.0057669255087132,1.0297638837072443,1.0290189246728962,1.0114396351954595,1.0078169596308617
52.86,1.0054846981768288,1.0068055998198182,1.0257521997622892,1.0282396341465594,1.011139233857911,1.0067952643032796
