Time,Agent[1],Agent[2],Agent[3],Agent[4],Agent[5],Agent[6]
7.95,14.56716451178214,9.996021664874352,10.90820031781637,14.740900929036854,17.95586374598946,17.1582526126217
8.0,14.557637626117513,9.987051775100536,10.911676620746832,14.74299236924421,17.95898736429129,17.15190972794749
8.05,14.548086993754374,9.978062809000136,10.915184325860478,14.745102760133188,17.962137349217947,17.145557114461553
8.1,14.538575243562374,9.969108391971846,10.918608917855307,14.747154011267728,17.96521833697175,17.13922972598663
8.15,14.529211258365066,9.960280093175056,10.921650803288689,14.748925034015953,17.967964134398017,17.132967733135256
8.200000000000001,14.520016560836243,9.951581937185626,10.92401601441004,14.750164988785752,17.970087235901055,17.126724897887563
8.25,14.510889596790669,9.942903849749461,10.925521441812428,14.750674279997169,17.97137570056103,17.120355401487913
8.3,14.501657585522848,9.93407538542364,10.92607840576824,14.750321216418534,17.971703707890928,17.113670366664675
8.35,14.492133286682401,9.92491620411731,10.925630546806264,14.749016306535554,17.97098891203269,17.10648651051869
8.4,14.482146204546027,9.915263957318146,10.924127421099591,14.74669283649867,17.969181757695544,17.098656271440195
8.450000000000001,14.471547973058794,9.90497790506552,10.921517710786617,14.743290814702151,17.96624691442325,17.090062737385878
8.5,14.460219714329083,9.89394129970672,10.917758485614463,14.738764004888871,17.962148940899244,17.080612242228497
8.55,14.448061665715882,9.882061363857794,10.912814829598112,14.733078596814702,17.956860288868715,17.070231587238528
8.6,14.43499336603814,9.869259071343109,10.906652110344137,14.726202659671104,17.950351015565566,17.05885201986779
8.65,14.420948196218056,9.855472277579134,10.899246573808314,14.718117053696945,17.9426022757575,17.046422787434135
8.700000000000001,14.405861904877586,9.840640268331148,10.890565561321125,14.708787246531436,17.933587137947633,17.032892638314276
8.75,14.389678467890057,9.824700639059662,10.880563397837687,14.698173121973452,17.92327634695424,17.01821016400883
8.8,14.372359301879955,9.807620468963234,10.869223665989704,14.686257528245227,17.91165473400406,17.002339536161024
8.85,14.35386725954488,9.789369442124892,10.856537827196917,14.673049635172674,17.898727545732555,16.98526108181107
8.9,14.334194578914547,9.769958430553324,10.842507761809497,14.658608674652974,17.884539950430575,16.966992261347496
8.950000000000001,14.313397196536714,9.749466157271462,10.827178420549584,14.64305017698608,17.869202844860855,16.947615229792323
9.0,14.291587852335024,9.728016473346276,10.810653483706181,14.62651887239557,17.85286643082567,16.927251973262127
9.05,14.268897428737262,9.705744490179201,10.793078837709311,14.609151901658388,17.8356777072953,16.90603763559087
9.1,14.245452069285495,9.6827698782118,10.774601966382805,14.591064202613689,17.817756050634987,16.884091975285433
9.15,14.22135828558715,9.659190040156172,10.7553497690699,14.572352471258577,17.79919868547571,16.861518266820013
9.200000000000001,14.196703884296957,9.635085637703085,10.735431118956384,14.553095406340981,17.78008953916514,16.838403132447066
9.25,14.171561099645164,9.610523370101548,10.714938072980429,14.53335702967524,17.76049767551799,16.814816663402237
9.3,14.145990489735917,9.585560551563695,10.693947547914645,14.513194021285418,17.740479960745,16.790817306545197
9.35,14.120042413518755,9.560246146914723,10.672526775896134,14.492653983059483,17.720085826928205,16.766455236077558
9.4,14.093758812889972,9.534618373425582,10.650731393168819,14.471775818979859,17.699357777049208,16.7417711615556
9.450000000000001,14.067176994360757,9.508711133964063,10.628611484049166,14.450596666045396,17.678333180310357,16.716800015710064
9.5,14.04032662291,9.482553624330064,10.606208556326626,14.429144348193672,17.65704378551614,16.691570850861048
9.55,14.013232049133446,9.456170726806171,10.583557682649403,14.407438113368242,17.635514003344397,16.666107460902662
9.600000000000001,13.985915155482344,9.429584405006832,10.560690386890812,14.385498611811842,17.613766043957735,16.64043137890881
9.65,13.958394903807337,9.402811964728997,10.53763493702055,14.363345275785493,17.59181995435933,16.61456043993293
9.700000000000001,13.930687413018292,9.375866805408535,10.514414239144832,14.34099252356805,17.56968928251968,16.58850764778778
9.75,13.902805866660419,9.348761874389101,10.491047403075816,14.318453676716802,17.5473887231115,16.562285757181243
9.8,13.874761571806536,9.321508381407979,10.467549595427888,14.29573964699167,17.5249316576358,16.535906690237912
9.850000000000001,13.84656296284431,9.29411457712447,10.443932424942663,14.272857506641168,17.502326568064078,16.509378668772495
9.9,13.818217516517937,9.266588433739258,10.420208551648917,14.2498151390897,17.479583173911518,16.482708981424242
9.950000000000001,13.789733159934976,9.238937512968478,10.396390715433359,14.22662109660282,17.45671041757973,16.455905571226012
10.0,13.76111641035228,9.211166672659877,10.372485954818883,14.203279834155442,17.43371324335529,16.42897377834302
10.05,13.732371991079566,9.18328013592394,10.348499317751651,14.179795360610127,17.410595693349663,16.401917151173528
10.100000000000001,13.703503489496402,9.155281657857222,10.324437655328273,14.156172233916042,17.38736236839522,16.374739283277098
10.15,13.674514437915956,9.127174557024432,10.30030139892792,14.13241397272935,17.364017339026123,16.347443537391637
10.200000000000001,13.645408388452491,9.098963186591746,10.276079811927788,14.108525077058786,17.34056587068913,16.32003384340672
10.25,13.61618863700333,9.070650691767979,10.251754451203254,14.084509597861492,17.317012188778374,16.29251446517925
10.3,13.5868577786665,9.042237955510393,10.227301869739113,14.0603680416339,17.29335659826658,16.26488637475187
10.350000000000001,13.55741728683887,9.013725728234027,10.202700813606072,14.036100748399981,17.26960075288069,16.237149542255796
10.4,13.527868673126445,8.985115168152436,10.177937885892199,14.011710309006387,17.245747063127457,16.209305756733496
10.450000000000001,13.498213199565654,8.956407827514276,10.153004472787321,13.987198644391542,17.22179673677137,16.181356607476463
10.5,13.4684521214769,8.927606158550503,10.127897333843059,13.962567669819217,17.197750541516267,16.15330397400473
10.55,13.438587340789345,8.898712805524257,10.102619193470519,13.937820887621603,17.173610668523715,16.125149729868188
10.600000000000001,13.40861983493852,8.869727323626837,10.077174141884635,13.912958563033579,17.14937853460815,16.096893920644067
10.65,13.37855060482404,8.840649128836809,10.051567889316306,13.887981402342469,17.125054430428072,16.068537104183388
10.700000000000001,13.348381119968721,8.811479804538473,10.025810538261295,13.862892692275347,17.100639510066,16.040081564046826
10.75,13.318111225019912,8.782219478425144,9.999907756312107,13.837692475488428,17.07613312960555,16.011527146295787
10.8,13.287741116082271,8.752868565743755,9.973858203962232,13.812380735477241,17.051534784939964,15.982873445691341
10.850000000000001,13.257271800505842,8.723427364909385,9.947659207812759,13.786959709275672,17.026845862334834,15.954121613816246
10.9,13.226703602222019,8.693895407839669,9.921309910777776,13.761429921278998,17.00206646698289,15.92527177385791
10.950000000000001,13.196037081192948,8.66427417724684,9.894817713260961,13.735793356208028,16.977196410181694,15.896324384361359
11.0,13.165273599163697,8.634565533500519,9.868196394503224,13.710052396155982,16.952230160139734,15.867280484081137
11.05,13.134413115552439,8.604769173359822,9.841459269088224,13.684205335453694,16.92714842475618,15.838140193802483
11.100000000000001,13.103455930527554,8.574885019083931,9.814619996260264,13.65825352534552,16.901923880648397,15.808904037163646
11.15,13.072402009606517,8.544912743607261,9.787689899486587,13.632199642254989,16.87652674098582,15.779572422320356
11.200000000000001,13.0412510601406,8.51485156871959,9.760675816849027,13.60604261450062,16.850928142872924,15.750144713321168
11.25,13.010003607960341,8.484701941486025,9.733584128557169,13.57978203236103,16.825109704857184,15.720621007564738
11.3,12.978660473120696,8.454464260744786,9.70642094449477,13.553419223847037,16.7990621743598,15.691001679541625
11.350000000000001,12.947221544530189,8.424139274671312,9.679192415448593,13.526954244838942,16.77278219627529,15.661287055874782
11.4,12.91568715225498,8.393727992811439,9.65190559264254,13.50038840080761,16.746273211367075,15.631477942392019
11.450000000000001,12.88405791228148,8.363230451507887,9.624565015244949,13.473723265177023,16.719545490886542,15.601575090285273
11.5,12.85233366263029,8.332646478260456,9.59717167878208,13.446957134476133,16.692609259844,15.571577957031746
11.55,12.82051451121267,8.30197023405159,9.569728086629569,13.420089914205782,16.665477154600325,15.541486806453168
11.600000000000001,12.788601147252704,8.27118184613617,9.54223919399223,13.393124205063566,16.63816484621048,15.511303269968577
11.65,12.756593378949253,8.24024911733864,9.514705922888018,13.366058939744534,16.61068437769128,15.48102736589866
11.700000000000001,12.724491219339107,8.209137323576712,9.4871267907345,13.33889201491098,16.583047375826126,15.450658093422469
11.75,12.692295683242918,8.177816275819156,9.459503586797963,13.311625099861155,16.555267695436275,15.420196116182375
11.8,12.660006639132167,8.146263434768969,9.431832703248501,13.28425828723945,16.527358614216155,15.389642035040557
11.850000000000001,12.62762376375324,8.114465899320614,9.404101346705684,13.256792225310551,16.499332772126284,15.3589967003244
11.9,12.595147166430914,8.082420904582598,9.376289137569186,13.229227418387909,16.471201308911063,15.328261086936081
11.950000000000001,12.562576279575207,8.050130481991639,9.348371239226323,13.201560765146722,16.442973630469073,15.297435374547076
12.0,12.529910908504165,8.017601540303435,9.320326848717093,13.173790898118808,16.414659018368916,15.266521694462623
12.05,12.497151725734794,7.984844226185293,9.292140649199395,13.145920041545132,16.386266206675547,15.235511351397887
12.100000000000001,12.46429908349591,7.951870287437959,9.263801731764582,13.117950250815152,16.357801418170656,15.20437430138457
12.15,12.431352678371152,7.918694148819134,9.235305476302603,13.08988227658001,16.32927008365684,15.173071104526084
12.200000000000001,12.39831244875916,7.8853311023516675,9.206652520885743,13.061716044750145,16.300678020214246,15.141567319346834
12.25,12.36517750424792,7.8517944097785985,9.17784662694204,13.033449777154525,16.272028662070934,15.109841067174663
12.3,12.331947003239963,7.818096839753488,9.148893988090602,13.005081986038052,16.24332465610515,15.07788412625891
12.350000000000001,12.298620503932916,7.784251818389341,9.11980265424448,12.976613780444515,16.214570582647124,15.045698682065884
12.4,12.265197294678517,7.750272463701382,9.090580900689414,12.948046469407377,16.185768878016322,15.013291749317993
12.450000000000001,12.231677126150156,7.716172010134045,9.061238254196226,12.919380972279402,16.156920164200265,14.980672950403726
12.5,12.198059988839567,7.681961926026734,9.031784513737714,12.890618335626728,16.128026788575315,14.947854250096313
12.55,12.164345220839355,7.6476471568559266,9.002227921586867,12.861758590811617,16.09909039000155,14.914847756272245
12.600000000000001,12.13053281121314,7.613221797314224,8.972570630473655,12.832802374559092,16.070111242585064,14.881666587286647
12.65,12.096622726327714,7.5786728233905265,8.942803418296887,12.803750829306933,16.041089443014656,14.848323948380058
12.700000000000001,12.06261366853033,7.543989372459421,8.91291081689663,12.774602350026015,16.01202387388824,14.814832374851395
12.75,12.028504512559142,7.509167960189516,8.882881746195128,12.745355263871392,15.982914047923497,14.781203342271956
12.8,11.994295210175537,7.474212831455408,8.852716026081817,12.716012333409056,15.953760722666814,14.747449058517132
12.850000000000001,11.959985940913594,7.439132519459907,8.822419863311072,12.686576006868128,15.92456215782262,14.713581469259587
12.9,11.925577461646993,7.403936968788414,8.792002289741857,12.657047649928767,15.895317498454679,14.679611518462092
12.950000000000001,11.891069739166493,7.36863462331682,8.7614733191393,12.627428340592054,15.866025912929453,14.645547934638438
13.0,11.856461622330198,7.333232161908714,8.73084117417884,12.597715090061811,15.836685393847942,14.611398134573674
13.05,11.821753044576049,7.297736950393471,8.700113355414818,12.567905900836209,15.807295730084704,14.577170404715828
13.100000000000001,11.786945201182915,7.2621573311818794,8.669297018164722,12.538004859902763,15.777856459823035,14.542869752657257
13.15,11.752038130219175,7.226499644505824,8.638397434464352,12.508013364591259,15.748365008494169,14.508494543921715
13.200000000000001,11.717031833813332,7.190770886196649,8.60742272913059,12.477930631615584,15.718820893432941,14.474038393812892
13.25,11.681926810337334,7.154977679859425,8.576379074770154,12.44775775308001,15.68922272895729,14.439491568929428
13.3,11.64672295631738,7.119123913739171,8.545265945903674,12.417491254143568,15.659566008733442,14.404839757430768
13.350000000000001,11.611421062112429,7.083215134561998,8.514082299920101,12.387129014507511,15.629849725009851,14.370070212192687
13.4,11.576023042060106,7.047257513240047,8.482824197837866,12.356673296157492,15.60006401440244,14.335176858164496
13.450000000000001,11.540529085288213,7.01125379864997,8.451482965024036,12.326123462491667,15.570174329767408,14.300157106521192
13.5,11.504939387419908,6.975203991107366,8.420049894654838,12.295478635733968,15.540133984235247,14.265013064885853
13.55,11.46925494322997,6.93910149053255,8.388516507927422,12.264740287659432,15.509905158337958,14.229750126929629
13.600000000000001,11.43347624035086,6.902931262258171,8.35687463971037,12.233909220850407,15.479464755757277,14.194373492456135
13.65,11.397603439969473,6.8666750182149245,8.325120934725753,12.202985522088415,15.4488026666547,14.158888857564266
13.700000000000001,11.361637376213524,6.8303154509698905,8.293258548542914,12.171969365386245,15.41792001515188,14.12330321179246
13.75,11.325578523029181,6.793837082733332,8.261292076823294,12.140858727293246,15.38682210349138,14.087623333054145
13.8,11.289427556858321,6.757230245809399,8.229225829010804,12.109652497473665,15.355514391167166,14.051850140379415
13.850000000000001,11.253185472234758,6.720490845149808,8.197065345019727,12.078353368443915,15.324006092286641,14.015974492733235
13.9,11.21685276944475,6.6836186850923145,8.164816342314257,12.046961847719409,15.292307734769254,13.97998086227081
13.950000000000001,11.18042955261603,6.646616481499882,8.132485135302113,12.015475616812303,15.260431354406023,13.94385718043936
14.0,11.143915673527783,6.609489370916822,8.100078255366732,11.983893755705413,15.22839184447623,13.907600610805172
14.05,11.107311549711676,6.572244440273842,8.06760182258901,11.952218937683087,15.196207123406907,13.871217401169442
14.100000000000001,11.070617620032257,6.534888704672826,8.035060917083984,11.920454335183976,15.163895394643909,13.83471700567501
14.15,11.03383416127249,6.497429791375577,8.002462633504862,11.88860168216436,15.131471836153617,13.798109424810852
14.200000000000001,10.9969606697526,6.459873803814167,7.969804249918569,11.856658236710308,15.098944521625842,13.761402746361993
14.25,10.959997041251658,6.422228572861861,7.937066198863788,11.824622157985452,15.066316611136015,13.72460377278866
14.3,10.922943549895283,6.384496647066961,7.904220664629491,11.792494140147918,15.033589364651089,13.68771969447765
14.350000000000001,10.8857992569092,6.346668289683956,7.87124462559628,11.760273758175186,15.00076451638889,13.650757339351815
14.4,10.848563535835954,6.3087276155267205,7.838129347518047,11.727962819843022,14.967848383354644,13.61372320660519
14.450000000000001,10.811236238887755,6.270663202174465,7.804875442418483,11.695563071020095,14.934847021808114,13.576623009698924
14.5,10.77381661740719,6.232470036342034,7.77148563460121,11.663073144922,14.901764937553086,13.53946170202217
14.55,10.73630452637936,6.194151181710647,7.737965972106177,11.630493358924097,14.86860869822076,13.502244501942155
14.600000000000001,10.698701373566253,6.155715449999099,7.704325596542625,11.59782713733192,14.835386279156317,13.46497708176611
14.65,10.661006501046296,6.1171686653332085,7.67057083408398,11.565072061925777,14.802100961756548,13.427661100255884
14.700000000000001,10.623218832410585,6.078517697295778,7.636708766719648,11.532225061629871,14.768754654750232,13.390299033098307
14.75,10.585338812123393,6.039771720483651,7.602747687582844,11.499289526366526,14.735353589648822,13.352895559078917
14.8,10.547366125688043,6.000937891018127,7.568692984048283,11.466266308069047,14.701900842810804,13.315451557164714
14.850000000000001,10.509300772643694,5.962023218509187,7.534550272111211,11.43315309772498,14.668397137251889,13.277963747315486
14.9,10.471143104448663,5.9230342486974425,7.500326619953394,11.399949972024404,14.634845227998861,13.240422215291218
14.950000000000001,10.432892993397777,5.883976137761629,7.466027331250458,11.366656708546211,14.60124650456838,13.20280899324913
15.0,10.394551614558056,5.844856625260402,7.431657233326808,11.333274331134607,14.567602632481046,13.165104123924083
15.05,10.356119851342902,5.80568262379406,7.397220923835966,11.29980452892692,14.53391423218645,13.127288504004575
15.100000000000001,10.317597445559217,5.766457950043986,7.362716927345418,11.266244279034433,14.500180655618355,13.08934464402374
15.15,10.278984649155026,5.72718702695636,7.328138230451445,11.232591412518559,14.46640205859064,13.051261157855922
15.200000000000001,10.240282597539414,5.687872481815753,7.293475857307856,11.198847848027889,14.432578399834043,13.013033799757066
15.25,10.201492028713538,5.648508038903915,7.258718242415228,11.16501511421621,14.398707664829121,12.974662108029625
15.3,10.162613165472589,5.609079931078244,7.223855295967153,11.131091841104952,14.364790013973602,12.936149327779058
15.350000000000001,10.12364615692041,5.569570430578276,7.188881209713227,11.09707562855766,14.330817476701874,12.897501907520247
15.4,10.084591461172524,5.52996156446173,7.153793677109786,11.062966214913848,14.296759590163498,12.858726996533099
15.450000000000001,10.045450023101912,5.490238286071222,7.118592821256939,11.028763803818292,14.262574176654168,12.819831607961712
15.5,10.006223012141882,5.450392910013674,7.083283079587784,10.994469939413104,14.228226457160334,12.780820719841271
15.55,9.96691107246886,5.410421924253882,7.047870535154054,10.960085994204805,14.193695505505248,12.741690584613531
15.600000000000001,9.92751393247171,5.37032399276018,7.012360909990597,10.925610225569233,14.158973227226552,12.702431027030645
15.65,9.888032089374523,5.330101759883465,6.976761862578753,10.891043826284621,14.124060377038678,12.663037335285502
15.700000000000001,9.84846593740996,5.289760453615643,6.941080434765551,10.856386623908934,14.08896195888935,12.62351315387653
15.75,9.808815184310264,5.249306376635008,6.905321604566683,10.821636847341004,14.05368519726853,12.583867133035456
15.8,9.769080207821588,5.208745808894325,6.869492287992362,10.786795976450712,14.01823863320495,12.544111346000168
15.850000000000001,9.729261456223638,5.1680856173773915,6.8335999635930635,10.751864782961963,13.982631147528858,12.504257919632146
15.9,9.68935806793216,5.127330721165983,6.797648246857633,10.716842352281995,13.946871024366455,12.464314145168782
15.950000000000001,9.649369484245547,5.086488401360318,6.76163472531389,10.681729369208412,13.910970635433854,12.42428724452317
16.0,9.60929605330198,5.045567462890234,6.725542677914962,10.646529034501498,13.87494638213851,12.384186268178276
16.05,9.569138134800793,5.004569805953896,6.689346370856212,10.6112426972877,13.838812783540078,12.344019144707357
16.1,9.528895026317691,4.963482793533291,6.65302356755564,10.575867954270649,13.802579044066624,12.303790812261541
16.150000000000002,9.488566333986318,4.92228870927889,6.616564772795781,10.540404580985442,13.766250959720653,12.263506387187594
16.2,9.448151730974322,4.880974374641625,6.579971212044648,10.504854481434359,13.729830486481358,12.223172166315354
16.25,9.407650918568908,4.839534235094878,6.543247331377394,10.469219410192428,13.693316260458257,12.182792012746564
16.3,9.367063768062897,4.7979678475233,6.50639787209406,10.433500141654653,13.65670883916789,12.14236712948401
16.35,9.32639022954267,4.756281293285584,6.4694303353289415,10.397696334822525,13.620012562640175,12.101900178304668
16.400000000000002,9.2856298641876,4.714478772608463,6.432351921907334,10.361806561246683,13.583233757697355,12.061393445082276
16.45,9.2447821917093,4.672596357485136,6.395167839727313,10.325829743446082,13.546379161165445,12.02084936416187
16.5,9.203847216121334,4.630745511644343,6.3578834481777236,10.289767063060289,13.509454104617758,11.980266330794182
16.55,9.162825000520746,4.589097046869352,6.320506795348649,10.253619833860853,13.472461923778093,11.939633325106602
16.6,9.121715951362273,4.547838842574927,6.283045925797947,10.217387978422979,13.435406476138093,11.89893157502577
16.650000000000002,9.080520290453297,4.507145185020932,6.245507565370503,10.18106978220055,13.398292581865581,11.858139473005611
16.7,9.039238484419304,4.467166499882911,6.2078970241752,10.14466488339043,13.361124590018811,11.817235745547025
16.75,8.997870964567976,4.428028667332623,6.170218724555273,10.108174371908186,13.323905992949205,11.776203304466755
16.8,8.956417972949831,4.3898351299655065,6.132474665451013,10.071598500495506,13.286638993559597,11.73503095596439
16.85,8.914880254276067,4.352674499341799,6.09466386373712,10.034937342758889,13.249324262915211,11.69371320945569
16.900000000000002,8.873258582473303,4.3166221830291125,6.05677898589781,9.998189405185485,13.211962782567557,11.652249396621862
16.95,8.831553356750211,4.28174848749601,6.018810134843909,9.961352726022994,13.174556109833873,11.610642733853503
17.0,8.789765145202875,4.248113561292003,5.980746550811542,9.924427762711712,13.137105945188907,11.568899456528595
17.05,8.747895250258773,4.215767749193329,5.942580440724347,9.887416768803535,13.099614605294027,11.52702774310014
17.1,8.705944861717676,4.184746984514152,5.904306811189933,9.850320656501024,13.06207470849661,11.485036615540418
17.150000000000002,8.663914810272274,4.155078587344564,5.865922744099788,9.81313774283521,13.024458156057596,11.442929497555912
17.2,8.621805894292057,4.126784475728442,5.8274278998132605,9.775866950550522,12.986726010552738,11.40070054941362
17.25,8.579618187773299,4.099880568646151,5.788824358383834,9.738507300360391,12.948845323981912,11.358340819477196
17.3,8.53735226849192,4.0743829750836404,5.750119156778453,9.701058135663446,12.910797215648296,11.315846711233194
17.35,8.495009178982706,4.050307682935698,5.711320423192314,9.663520978963508,12.872574995933501,11.273222704030907
17.400000000000002,8.452589712675064,4.027665372254577,5.672434311147388,9.62589762866606,12.83417957351656,11.2304795840539
17.45,8.41009440452596,4.006467067300359,5.6334685480781,9.588189149089784,12.79561650754694,11.18762967869043
17.5,8.367523342244287,3.9867211352436724,5.594430333152465,9.550394859744044,12.756893261903047,11.144683322189934
17.55,8.324876369512868,3.9684357856942247,5.555325113002065,9.512514349250804,12.718018832715222,11.101650389205583
17.6,8.282153875936055,3.9516144180824435,5.516158482596937,9.474549159583926,12.679001218814541,11.058540012989873
17.650000000000002,8.239356260340413,3.9362655957282118,5.476930185120843,9.436501275940191,12.639847709638877,11.015360662069071
17.7,8.196483338008361,3.922390983522966,5.437625093359284,9.398370265309353,12.60056916462383,10.972119628407423
17.75,8.153534982183995,3.9099978628799494,5.398219267021089,9.360155017508124,12.56117881559659,10.928821571311747
17.8,8.110510626119696,3.8990859526785218,5.358691471425825,9.321855195645302,12.521688506786134,10.885469961735225
17.85,8.067410306926268,3.8896618207311837,5.319032510348916,9.283472666592727,12.482106006785465,10.842070771915482
17.900000000000002,8.024234335339122,3.8817212684848483,5.279243460900973,9.245010217771513,12.4424345785931,10.798630001403952
17.95,7.980981949879996,3.875213896261118,5.239327737464153,9.206467092640898,12.402672748734705,10.755149795089423
18.0,7.937651969576471,3.8700319594433106,5.199290865516947,9.167842384043112,12.362818691531013,10.711630825574744
18.05,7.8942441191895485,3.866035381827849,5.159141598291159,9.129136880922381,12.3228755651683,10.66807626025808
18.1,7.850758344370668,3.8630774444264446,5.1188884832693775,9.090350939830511,12.28284852200859,10.624489388289001
18.150000000000002,7.807194348959662,3.8610285850316637,5.078536210538034,9.05148507689674,12.242740925522487,10.580870627797415
18.2,7.763551667933646,3.8597767430994625,5.038090604705881,9.012539903221434,12.202557068415588,10.537219892559579
18.25,7.719830178565465,3.859227605638419,4.997559599726412,8.973516141655958,12.162302769867194,10.49353405134754
18.3,7.676029744567046,3.8592984688250382,4.956950166861245,8.93441461292973,12.121983323531854,10.449799957283222
18.35,7.632150090649896,3.8599169956414427,4.916266973579511,8.895235459306905,12.081603477393374,10.405995930547881
18.400000000000002,7.588191436098243,3.8610167089941236,4.875514077946773,8.855976937524748,12.041166392563238,10.362096586222647
18.45,7.544153775696597,3.8625399462006365,4.8346969443341985,8.816637033807408,12.00067451238818,10.31807824179242
18.5,7.500037155601984,3.8644357612889886,4.793821156092189,8.77721560108172,11.960132839792358,10.273922444093138
18.55,7.455842159686492,3.8666600658295676,4.752889438553869,8.737714322411648,11.919545303839538,10.229616421887757
18.6,7.411569196250663,3.869174734775702,4.711892797779245,8.698133417979625,11.878913545600092,10.185154623429035
18.650000000000002,7.367219221419315,3.8719466554674637,4.670855225655037,8.658473393972614,11.838238824004167,10.140537627065713
18.7,7.322793287581463,3.8749480382314943,4.6298883976919205,8.618734293689956,11.797523934186863,10.095769645269831
18.75,7.278291905847774,3.8781530610896353,4.589164934635208,8.5789142158105,11.756761594417666,10.050856839060414
18.8,7.233715635293946,3.8815404751814695,4.548870855401917,8.539013008730501,11.715924307257918,10.005806675628476
18.85,7.1890656887699596,3.8850914615919883,4.509169094234009,8.499031922529012,11.674975610073645,9.960627385838947
18.900000000000002,7.144342647598686,3.8887911853740458,4.470197345063628,8.458970292882183,11.633885433052843,9.915327771239227
18.95,7.0995477151631405,3.892627227270824,4.4320686494501365,8.41882774705509,11.592636126895894,9.869916215479687
19.0,7.054681996766166,3.896586613964956,4.394877974418509,8.378604505444818,11.551222356085717,9.824401692679885
19.05,7.009746302037068,3.900667466427187,4.3587061428594325,8.338300220176128,11.509647417117188,9.77878886507669
19.1,6.964741848508233,3.9048823317326327,4.3236249692997655,8.297916216466131,11.46791693390553,9.733070634813899
19.150000000000002,6.919669729858511,3.9092502729396013,4.28969599946318,8.257454461176287,11.426037267704562,9.687233961497268
19.200000000000003,6.874530899247023,3.913785720211401,4.256970136157228,8.216914677118105,11.38401595573721,9.641268895948711
19.25,6.829326104736078,3.918495170099046,4.225496790908294,8.176296159946462,11.341861297809126,9.595174099769885
19.3,6.7840563572307415,3.923379809350631,4.1953120573914084,8.135599978494122,11.299582089540792,9.548955912279608
19.35,6.738722187349881,3.9284053006706863,4.166445625872328,8.09482574869808,11.257186878717494,9.502623806090986
19.400000000000002,6.69332480945275,3.933468667258174,4.138927579114711,8.053975325505972,11.21468506206714,9.456188000247735
19.450000000000003,6.647864570445806,3.938409997321457,4.112770002328701,8.013050263600787,11.172084098901419,9.409657080219517
19.5,6.60234233441463,3.943056281468487,4.087989260465106,7.972050309710427,11.129390117718613,9.363038965078637
19.55,6.556758528912482,3.9472469785457722,4.064607296262131,7.930976526749656,11.086609059217235,9.31634232730588
19.6,6.511113890619187,3.9508450381125186,4.04264059212861,7.889830827170269,11.04374305819244,9.269575239389816
19.650000000000002,6.465408961612927,3.953734330654676,4.022110780401468,7.848614401847056,11.000790658736598,9.222744306389412
19.700000000000003,6.419643763105523,3.9558162071085605,4.0030292850518805,7.8073253105482925,10.95774911292928,9.175854633404322
19.75,6.373818611100802,3.957005545096376,3.9854098740735657,7.765963735853454,10.914615429290668,9.128912047270994
19.8,6.327933721967834,3.957224475275887,3.9692583518303564,7.724533114703766,10.87138841179098,9.081922755664571
19.85,6.2819895148835405,3.9564653297857877,3.954583926270579,7.6830352473726,10.828069269847715,9.034891610636711
19.900000000000002,6.235985929387307,3.954866874709689,3.9413935291243174,7.641469135249434,10.784661676761543,8.987821058647059
19.950000000000003,6.189923521262352,3.9526853066348226,3.929687350192736,7.599833471738345,10.741170876829724,8.940713195268586
20.0,6.143802377842053,3.950216367591721,3.9194685322043035,7.558128846932684,10.697604631841878,8.893571310808076
20.05,6.09762293769859,3.9477396010882404,3.9107415092328983,7.516357017544308,10.653970071031583,8.846398746565118
20.1,6.051385784807895,3.9454937765409257,3.903507196628896,7.474516925114791,10.610273047925023,8.799197076258595
20.150000000000002,6.005090860956859,3.9436772432309803,3.8977258852996557,7.432607167346777,10.566517479706768,8.751967411877255
20.200000000000003,5.958739190980639,3.942454150121201,3.8932822370969893,7.390628257600424,10.522706440894584,8.704705961246576
20.25,5.912331146903543,3.9419626838853348,3.8900098178558187,7.348581827981995,10.47884410722824,8.657400370798678
20.3,5.865867445773617,3.9423164764331013,3.8877322390633466,7.3064676686252055,10.434934049270876,8.610028993288505
20.35,5.8193492082878135,3.9435805242320856,3.886303543771488,7.264284692800329,10.390979590150968,8.56256661438897
20.400000000000002,5.772777341191014,3.9457356661378724,3.8856246103165715,7.22203330540297,10.346984460999021,8.51498962456067
20.450000000000003,5.726153338654664,3.948700623216402,3.885625631386326,7.17971488185665,10.302952395772692,8.467280591902012
20.5,5.679478009520661,3.9523702182703584,3.8862470951733674,7.137330251339112,10.258882385171134,8.419427439357458
20.55,5.6327525572679304,3.9566428587263562,3.8874279181433162,7.094877445519334,10.214772109323146,8.371423027712664
20.6,5.585978031807138,3.961405484286599,3.889110354600486,7.052354174953938,10.170624067533382,8.323266320729592
20.650000000000002,5.5391563745637855,3.966492617969659,3.8912378893316353,7.009761911555324,10.126431692361985,8.274960677669553
20.700000000000003,5.4922888215954915,3.9717024030456805,3.893761065088693,6.967103235308297,10.082168679089246,8.226512347364068
20.75,5.445376892466284,3.9768282216520814,3.8966326963236195,6.9243784350251785,10.037795836556995,8.17792818012082
20.8,5.398421934738267,3.981683337023565,3.8998158750211958,6.881587320723106,9.99328052063985,8.129215125506274
20.85,5.351425786339976,3.986106219527039,3.9032730397890005,6.838727498185263,9.948604528397459,8.080381352371017
20.900000000000002,5.30438947271848,3.9899649455922264,3.9069749377325964,6.79579647324688,9.903761934972746,8.031436134681806
20.950000000000003,5.257315247590697,3.993153810954587,3.910896769310726,6.752796730474864,9.858754217869011,7.982384628342762
21.0,5.210204412802313,3.9955850775970037,3.9150179310605586,6.709731874558434,9.813586028962693,7.9332216122742825
21.05,5.1630588553002355,3.997180918227816,3.9193192981023803,6.666604767401142,9.768264254380126,7.883936615558202
21.1,5.115880431448517,3.997869753907379,3.9237845291251805,6.6234149760487195,9.722797685725912,7.834523804845866
21.150000000000002,5.068670887913048,3.9975870295011826,3.928402461746131,6.580163229132503,9.677194334894907,7.78498478433734
21.200000000000003,5.021431987768332,3.996277123000031,3.9331300517976437,6.536849927645163,9.631461476188859,7.735325520573297
21.25,4.974165485310878,3.9938860891882557,3.9378601790754733,6.4934764277141745,9.58560893987194,7.685556894602471
21.3,4.926873722100239,3.990425501086633,3.9424338013130376,6.4500449707082925,9.5396470055515,7.635690281652849
21.35,4.8795578760881,3.986045896268293,3.946681142424572,6.4065548196584645,9.493582939436365,7.585735335130993
21.400000000000002,4.832217128926678,3.9810096367438352,3.9504495954406855,6.363006656665486,9.447424193433589,7.535701907995622
21.450000000000003,4.784882441281712,3.97561640913783,3.953606813001816,6.31940175138565,9.40117891662538,7.485597854292336
21.5,4.737661291988621,3.970148270033671,3.9560404542125704,6.2757412542967925,9.35485272057806,7.43543020204634
21.55,4.690725196181036,3.9648489769473443,3.957660206021014,6.232027063217266,9.30844706550254,7.385205347907484
21.6,4.644265874460279,3.9599211427256,3.958393949772654,6.188261195491951,9.26195975195228,7.33492930398101
21.650000000000002,4.598465015733795,3.9555331689351094,3.958177419280747,6.144446315625561,9.215384894134184,7.284609206376952
21.700000000000003,4.553480444889037,3.95182556725534,3.9570191725284345,6.100583838866398,9.168714876114674,7.234250479816787
21.75,4.509448488516218,3.948916073337407,3.955083274925301,6.056673931657978,9.121945205423534,7.1838573707427384
21.8,4.466481412945309,3.9469039654706735,3.9526509104071494,6.012715374046893,9.075075620537078,7.133432278246409
21.85,4.424675008721182,3.945873598240381,3.950025254090794,5.968709433867841,9.0281095330385,7.0829778786081015
21.900000000000002,4.384107868225239,3.945891827480278,3.9474742884993086,5.92465896367294,8.981052716303042,7.032498062158156
21.950000000000003,4.3448517834079965,3.94702055688304,3.9452165739411997,5.880566308470727,8.93391170031406,6.981996491994347
22.0,4.306964678141558,3.9492924640868905,3.9434270399616556,5.836428833936337,8.886690586213119,6.931474100656506
22.05,4.270500003003778,3.952683317995138,3.942245709894223,5.79224432347458,8.839391896826644,6.8809291067754765
22.1,4.235502841021094,3.957108329441716,3.9417959975324726,5.748013850324351,8.79202168481808,6.8303610136785275
22.150000000000002,4.202010819945507,3.962452953252165,3.9421915172004596,5.703741542869012,8.744587226773742,6.779772289362975
22.200000000000003,4.17005751531472,3.968569293127399,3.943494923424678,5.659430110254067,8.697095606686771,6.729164248544383
22.25,4.139674741448615,3.9752526726944493,3.945685336078617,5.6150795846047545,8.649552022988015,6.678532200969908
22.3,4.110886532690711,3.9822632389245367,3.9486721349451517,5.570689057207336,8.601960590027462,6.627858849377129
22.35,4.083719455324385,3.9893597201242,3.952345196217044,5.526259611961649,8.554325284044488,6.577117842360619
22.400000000000002,4.058190680318798,3.996326103966912,3.9566234437314196,5.48179298368087,8.506649276651226,6.526280244922506
22.450000000000003,4.034321133297391,4.002978356075856,3.9614192975189013,5.437291628511748,8.458935222714269,6.475320081859477
22.5,4.012125563104836,4.009160587297947,3.9665741249708577,5.392755198453712,8.41118569655289,6.424215664934851
22.55,3.99162082532222,4.0147428479491465,3.9718706643054564,5.348183624994082,8.363393682815376,6.372952451286758
22.6,3.972818120024982,4.019616506000074,3.977084167391244,5.3035762369743225,8.315534670606487,6.321522741082804
22.650000000000002,3.9557342422018316,4.023689873269822,3.9820174492957787,5.258933149861588,8.267573096063595,6.2699246495969945
22.700000000000003,3.940365839828761,4.02688594300952,3.986511172602455,5.214256128342259,8.219479086099835,6.218161977723031
22.75,3.926661816312573,4.029140682361172,3.990435118346408,5.169548015212351,8.171235625576758,6.16624018823984
22.8,3.914519333049808,4.030399244711152,3.993678653249811,5.1248092604574556,8.12283772915448,6.114166630477842
22.85,3.90380981401747,4.030617236013781,3.996149840829497,5.080041099747483,8.074288909592555,6.0619514110414405
22.900000000000002,3.8943948571566778,4.029755558546123,3.99776907073736,5.035245525975779,8.025595475833349,6.009604461790538
22.950000000000003,3.8861511512151226,4.027783189296242,3.9984665018996863,4.990425287736624,7.9767640548416265,5.957134684016443
23.0,3.878970391061681,4.024673792941925,3.9981832205123946,4.94557927186792,7.927800104861548,5.904549342884625
23.05,3.872756017636861,4.020400154990629,3.9968690415857724,4.900709004854793,7.878711607460343,5.851858035513964
23.1,3.867424527204798,4.014997750241405,3.9944766385656387,4.855819238608122,7.829505539465615,5.799070790927803
23.150000000000002,3.8629035091579347,4.0086362380819,3.9910306970401757,4.810911994655432,7.780190649973332,5.746191449800101
23.200000000000003,3.859129521485329,4.001596059027021,3.986712754072395,4.7659841793493785,7.730777851830962,5.693213387618258
23.25,3.8560430649758803,3.994193688225013,3.9818195649450705,4.721075574246222,7.681275410323827,5.640122562797412
23.3,3.8535957409225667,3.9867269694316785,3.9766670702652767,4.67631500730553,7.63168986455991,5.586907086210862
23.35,3.851742626556412,3.9794551921335177,3.971536981892104,4.631897107789833,7.582027886379869,5.533564760342283
23.400000000000002,3.850444238124566,3.9725954824435945,3.9666593572347617,4.588027211281618,7.5322956865728,5.480101242132738
23.450000000000003,3.8496663814295,3.966329830920475,3.9622203767260897,4.544881779296482,7.482498748413155,5.426524588713541
23.5,3.8493790792494593,3.960811387697082,3.9583772480825417,4.502603091509729,7.432641002296991,5.37284554846787
23.55,3.8495562315270466,3.9561684958816796,3.9552592045819286,4.461304048215017,7.382720675311943,5.319073636795841
23.6,3.850174910785976,3.952513149541839,3.9529748109787004,4.4210810566793795,7.332731199087411,5.265218033495167
23.650000000000002,3.851215537419235,3.949941458811774,3.951613998964056,4.382021977254557,7.2826613878880355,5.211286812161043
23.700000000000003,3.8526610454999526,3.948536253774619,3.951256611146855,4.344199940284014,7.232500475726548,5.15728849682182
23.75,3.854495234363326,3.948349729517516,3.9519771712222487,4.307678803667616,7.182238983680059,5.103231127658365
23.8,3.8567033326409224,3.94939757901666,3.9538246530960626,4.272519133727426,7.131868672504179,5.049123122728885
23.85,3.8592752542427844,3.9516566982215156,3.9567882997063437,4.238771823017744,7.081385872744904,4.994971549062599
23.900000000000002,3.86220009922712,3.955080899846151,3.9607914809943012,4.206482078498391,7.030792342840037,4.9407796523571985
23.950000000000003,3.8654694414608723,3.9596105560159165,3.965728494379781,4.175687397540671,6.9800923029886315,4.88658268140877
24.0,3.8690769116331447,3.965184206556502,3.971457680093501,4.146423525460955,6.929292709926886,4.832491910400642
24.05,3.8730162350557116,3.971697343276221,3.977770937582009,4.11872195678722,6.878401282840462,4.778678249965836
24.1,3.8772799154834185,3.978965327012296,3.9844175563401056,4.092612255580077,6.82742400314682,4.725331884178228
24.150000000000002,3.8818644880567725,3.9867365170430467,3.991147120671884,4.068119969246519,6.776367264505366,4.6726264044328065
24.200000000000003,3.8867658040053854,3.994746292691897,3.997741274505466,4.045264292171756,6.7252385955390634,4.6207116969608535
24.25,3.89198219911956,4.002749949123019,4.0040174465482945,4.024064315935971,6.674045216791721,4.5697142153081165
24.3,3.8975103153695336,4.010537142808517,4.0098264008944575,4.004538043764874,6.622794255124757,4.519741741344207
24.35,3.903347925972531,4.017931057288433,4.015045625139259,3.98670338728204,6.57149172037938,4.470883669628863
24.400000000000002,3.9094950067269267,4.024783188663896,4.01957447305318,3.9705756363381726,6.52014217149355,4.423216987109676
24.450000000000003,3.91592403025137,4.030968669470529,4.023326869972428,3.95617147248426,6.468749556633955,4.376807216585244
24.5,3.9225438491165145,4.036381794783493,4.02622614174162,3.943486042082102,6.41731878211324,4.331710196104699
24.55,3.9292087038295267,4.04093305799218,4.028204065443782,3.932457275486826,6.3658536329483795,4.287977211495179
24.6,3.9357572724190537,4.044545979663651,4.029199336513636,3.9229700958669924,6.3143566852348245,4.245657672390096
24.650000000000002,3.9420377786714984,4.047156296298171,4.029159703142567,3.91488522381623,6.262821083974599,4.204793785833224
24.700000000000003,3.947921081783367,4.048711792990096,4.028039937029633,3.908070862627897,6.211222054511516,4.1654170819665
24.75,3.9533008972704877,4.049170961353045,4.025803425499564,3.9024161296017454,6.159525256831091,4.127549352193293
24.8,3.958089467192488,4.048500938202341,4.022419211679371,3.897827431553456,6.107701130152066,4.091207571489536
24.85,3.962214686254507,4.04667451316059,4.017854793400865,3.894220627743018,6.055732702212989,4.056400528389775
24.900000000000002,3.96561910148382,4.043670484867452,4.0121493680823255,3.8915195563993685,6.003615356708857,4.023133406260896
24.950000000000003,3.968255485985632,4.03946984248196,4.005496761979167,3.8896538771224303,5.951351164959085,3.991411767326853
25.0,3.97008286810561,4.034052981837413,3.998206609141313,3.888565324645352,5.898947626976924,3.961243422230181
25.05,3.971068161505065,4.02745915254502,3.9906090372910294,3.888199538330123,5.846412977729529,3.9326340509292046
25.1,3.9711865092401593,4.019861293718809,3.9829943152073417,3.888505392174219,5.7937533871900895,3.9055860657524883
25.150000000000002,3.970412739973536,4.011541547065778,3.975596922660978,3.889437947089732,5.7409737887597165,3.880100705872115
25.200000000000003,3.968784393297126,4.0028184791032295,3.9686058871490673,3.8909607129051444,5.688081903228135,3.856181480328019
25.25,3.966480220694804,3.99399323965458,3.962178642279974,3.8930383715331103,5.635086661127162,3.8338274326157387
25.3,3.963790230119939,3.9853299332228764,3.956455178205789,3.8956399566406015,5.581995377219532,3.8130433666514065
25.35,3.961038532380622,3.9770498334070807,3.9515551265345956,3.8987374678420825,5.528816594600368,3.793812939962992
25.400000000000002,3.958526600456337,3.969338324455903,3.947583382081658,3.9023064148272,5.475560212966195,3.7760702548195884
25.450000000000003,3.9565106947957065,3.9623517987874677,3.9446310258863244,3.906324274318697,5.422234539510888,3.7596874499876236
25.5,3.9552055341340724,3.956220094360511,3.942772882319249,3.910771535628392,5.368844397605059,3.744494704640414
25.55,3.9547880716432013,3.951057678888574,3.9420820577068425,3.9156320943635197,5.31539588665741,3.7303249298815904
25.6,3.9554067982722754,3.9469609763150793,3.942605158362008,3.9208910740965823,5.26189443832545,3.717027650877486
25.650000000000002,3.957190378355527,3.9440129877831875,3.944333659571718,3.9265391802357645,5.20834446673,3.704472346452084
25.700000000000003,3.9602327228062526,3.942286210385064,3.9471942790133108,3.9325367053375437,5.154750069566818,3.69255405021896
25.75,3.964574266342376,3.9418432232167904,3.9510704048110625,3.938763043004466,5.101114058373554,3.6811806469647688
25.8,3.9701937518095702,3.9427136554772746,3.9558539145241682,3.9450397996433693,5.047436764709988,3.6702749082962716
25.85,3.9769956628276844,3.9448808562495405,3.9614243986701236,3.9511879308142968,4.993722545124131,3.6597743753342225
25.900000000000002,3.9847906234364667,3.94827548948902,3.9675946056060987,3.9570564780565207,4.93996605872484,3.6496252230638286
25.950000000000003,3.9933392300473183,3.9528123654206517,3.9741200135532417,3.962525238287417,4.886191121439088,3.639781144075121
26.0,4.002394987594253,3.9584036757414296,3.9807530738359858,3.9675011458611826,4.832510507464999,3.6302037122344935
26.05,4.0117343468348405,3.9649346216954293,3.9872788583060093,3.971907361655311,4.779103114842292,3.620861580022426
26.1,4.021169546335453,3.972220960118077,3.9935199955608063,3.9756757907537628,4.726158775744797,3.611726115431886
26.150000000000002,4.030545742308379,3.980027487322111,3.9993329099226353,3.97874747350503,4.673846119042523,3.6027742860511895
26.200000000000003,4.039732936202941,3.9881058789330446,4.004598040119711,3.9810762505979467,4.622308264239727,3.5939916296355476
26.25,4.0486210384485615,3.9962249419811458,4.0092091639289515,3.982625405294196,4.571662908826985,3.5853748167353894
26.3,4.057117990218547,4.004182357263844,4.013072111086682,3.983362362722275,4.522005183670586,3.576926783274755
26.35,4.065149375741691,4.01180603505105,4.016106213419581,3.983259687583541,4.473417618919936,3.5686578290446107
26.400000000000002,4.072654532333651,4.0189508014299244,4.018240953046735,3.982289390184047,4.425970508644317,3.560576286699805
26.450000000000003,4.079583284021392,4.025494197878053,4.019414449848778,3.9804952119526917,4.3797266999726885,3.5526889484885467
26.5,4.0858940477892745,4.031332001112182,4.019575289651579,3.978078665741388,4.3347429200853425,3.544997737081768
26.55,4.091553903206536,4.036375428513452,4.018676610002375,3.9753562610874194,4.291060820629416,3.5375015112054626
26.6,4.096534482075736,4.040547542194125,4.016677944775959,3.972663143791728,4.248724033619454,3.530194722244795
26.650000000000002,4.10081361311149,4.0437819428464605,4.013546705526752,3.9702917344441646,4.207768611343929,3.523070894580175
26.700000000000003,4.104376189678076,4.046023294684488,4.009244561519345,3.9684718897941704,4.168217875626121,3.5161202549612804
26.75,4.10721124168972,4.047226028735068,4.0038089935866035,3.9673904666086672,4.130098223197775,3.5093328706811784
26.8,4.109310963907594,4.047353460021748,3.997442921829488,3.9672082507703994,4.093437212127275,3.5027034111885325
26.85,4.110674463019718,4.046378966632985,3.990460182663515,3.9680594748339413,4.0582484648473915,3.496221591072738
26.900000000000002,4.111313248232571,4.044279680435076,3.983187821731747,3.970065048713407,4.024554325612885,3.4898808586539087
26.950000000000003,4.111249742749611,4.041035694152138,3.9759131203516156,3.973316731234931,3.99236955151595,3.4836764491211354
27.0,4.110520672287609,4.036634575584511,3.9688618271946337,3.977845198317119,3.9617068292593416,3.4776017412901896
27.05,4.1091660309486,4.031059589275953,3.962217677322501,3.9835804590723973,3.9325773834862194,3.4716528367084383
27.1,4.107227581042502,4.024355016526728,3.9561330632873655,3.9903275072173603,3.904993498364777,3.465826214494993
27.150000000000002,4.104748491558473,4.016699096804561,3.950740317254104,3.997817183136744,3.87896013640505,3.460116128785901
27.200000000000003,4.101769021817092,4.0083788166104375,3.946159484661479,4.005787805604918,3.8544837907379663,3.4545230990964315
27.25,4.0983296435273875,3.9997171740965545,3.9424944383765976,4.014015185604234,3.831561081470924,3.4490499629447315
27.3,4.094458098017843,3.991021900670846,3.9398338697308817,4.022320451894809,3.8101947549053614,3.443710395750597
27.35,4.090145925371648,3.9825606315030306,3.938256062007055,4.030560816563709,3.7903666969712186,3.4385267627673635
27.400000000000002,4.085359032916819,3.974558816891225,3.9378311653147855,4.038621423449989,3.7719989927930833,3.4335161585755376
27.450000000000003,4.080062595970027,3.9672050622163075,3.9386155973633663,4.046402401346663,3.754953020570883,3.4286846162911773
27.5,4.074229611712403,3.960660819563421,3.9406592362522552,4.053815690807534,3.739076154378878,3.4240282178973973
27.55,4.067899668474763,3.9550612183382485,3.944011055625742,4.060788684299069,3.724221577614997,3.419540421521443
27.6,4.061244034740713,3.950519416871826,3.948670675559262,4.0672602658901775,3.7102663797941995,3.415211333884533
27.650000000000002,4.054532848646762,3.9471304036932744,3.9545671607923265,4.07317849761832,3.697099119865756,3.411030350612205
27.700000000000003,4.048048381073563,3.9449723563778565,3.961550572403043,4.078500615649484,3.684629705167478,3.406987633739207
27.75,4.042031310369201,3.9441072604150706,3.9693765015461753,4.0831922729624415,3.6727757804037653,3.4030738665120572
27.8,4.036676193381352,3.9445865259492696,3.9777573915300186,4.087223956780401,3.6614570792661616,3.399276937878374
27.85,4.032137443971693,3.9464539379620867,3.986426309447111,4.0905741655570855,3.6506095909378247,3.3955886936100454
27.900000000000002,4.028536659523861,3.9497441908148487,3.9951574905269727,4.093227065751785,3.6401746204415573,3.3920018416060627
27.950000000000003,4.025977702094741,3.954483842950319,4.003764229603121,4.095159319091643,3.6301017267333093,3.3885078879459676
28.0,4.024543034977483,3.9607041694635474,4.012096772693126,4.096341525723905,3.620349683691024,3.38510295577245
28.05,4.024306508114625,3.9683650918755395,4.0200293775714915,4.096741487144184,3.610878864080295,3.381783103087085
28.1,4.0253281566208825,3.97729418499258,4.027452302653982,4.096327463658884,3.601655737182983,3.3785527229807357
28.150000000000002,4.0276638873549615,3.9872088304609097,4.034272412500853,4.095070166403172,3.592653482384625,3.375423931249
28.200000000000003,4.031294707433694,3.9977888097832723,4.040411852036364,4.092942494716121,3.583845087555166,3.3724101566464895
28.25,4.03603916139174,4.00873383936655,4.045804017169503,4.089918776819995,3.5752087012722154,3.369526209235104
28.3,4.0415926934863,4.019781055268848,4.050393778192093,4.085978906370504,3.566727669563822,3.366784727039163
28.35,4.047632058393189,4.030708406169489,4.054136850921409,4.081103042155325,3.558394899914033,3.3641953167959544
28.400000000000002,4.053873760458062,4.041331041058798,4.056994215622009,4.075271674011016,3.550220810846053,3.3617606076210294
28.450000000000003,4.060090607879894,4.051494449592873,4.058927789844307,4.068459438753618,3.5422229370992486,3.3594798679781888
28.5,4.06609731514053,4.061067663659848,4.059904618689004,4.060707451054845,3.5344147501675245,3.357351397643951
28.55,4.0717388154551175,4.069939117200406,4.059895611188851,4.052201574035296,3.526799558733826,3.3553715078642417
28.6,4.076879523877271,4.078012184464803,4.058875284789731,4.043239729221285,3.519373935738977,3.353539900095133
28.650000000000002,4.081402514785837,4.085203878851429,4.056823629645852,4.034141888400234,3.5121279759565014,3.3518511492149092
28.700000000000003,4.085208034748309,4.09144645998818,4.0537208169076555,4.025188800236952,3.505050613975465,3.350300631036898
28.75,4.088207805372522,4.096686609744673,4.04954352024966,4.016611991553865,3.498128331271062,3.348884936224326
28.8,4.090324359610553,4.100883909509056,4.044265713771838,4.008599269242063,3.491350433638186,3.34760037215824
28.85,4.091491512362892,4.10400294565829,4.037931180024149,4.001305821894748,3.4847042714160867,3.3464445390091213
28.900000000000002,4.091650546629738,4.106013765160729,4.030742958429875,3.9948635234730823,3.4781848378645392,3.345414619842824
28.950000000000003,4.09074969380327,4.106889230534915,4.023017086260929,3.9893816256033374,3.471784354676974,3.3445133737775836
29.0,4.088754418624993,4.106605835403848,4.015083472521683,3.984950622479483,3.4654983108593465,3.3437552866321285
29.05,4.085685640328047,4.105146391027879,4.007222863928114,3.9816508607577306,3.459321991111815,3.343155843510366
29.1,4.081645004057505,4.102496049004145,3.9996590160335295,3.9795455760466667,3.453252294614171,3.3427298695158734
29.150000000000002,4.076780509283589,4.09864720447392,3.99256943706143,3.978687547915014,3.4472837301556423,3.3424799381459116
29.200000000000003,4.071243283852496,4.093593854739242,3.986101238951316,3.9791201226291384,3.441416124245548,3.342404104034262
29.25,4.065156074083599,4.087333567824661,3.980376236248903,3.9808766359374683,3.4356444514455586,3.3424923226744965
29.3,4.0586452532113455,4.079860991651947,3.975498663831218,3.9839830059565315,3.429964028961572,3.3427343261724376
29.35,4.051888553960549,4.071229074888682,3.971561380554668,3.9884700098231587,3.424376021923975,3.3431222548379607
29.400000000000002,4.045102893246511,4.061625856150998,3.9686482536790435,3.994298187331595,3.418881937260277,3.3436456746899474
29.450000000000003,4.038503855451546,4.051345359412109,3.9668210831617094,4.00128608757918,3.4134829559149065,3.344292458486999
29.5,4.032279888831412,4.0407074547662845,3.9661405736257107,4.009141135779024,3.408188817716839,3.3450545518569736
29.55,4.026581923065409,4.030007927489809,3.966649845429697,4.017541426352582,3.4030139399497044,3.345922227578568
29.6,4.021531537921293,4.0195045583751865,3.968384345587788,4.026189665417694,3.3979714351057693,3.346886810941701
29.650000000000002,4.0172318362849895,4.009412882345528,3.971384306295688,4.0348366736364945,3.393077044789138,3.347941923340998
29.700000000000003,4.013766109532725,3.99991277524004,3.9756847647224136,4.043276202823468,3.3883398933412643,3.3490821727775653
29.75,4.011213462318213,3.9911500109456335,3.9812405695834485,4.051335315127846,3.3837596580316984,3.350300599519396
29.8,4.009636301651433,3.983247838384426,3.987855735879633,4.058869023028478,3.379341920517429,3.3515945498920843
29.85,4.009089719058487,3.976306856103984,3.995213377969719,4.065749573006745,3.375079240616258,3.352959620230231
29.900000000000002,4.009625723720687,3.9704146975013987,4.002983831624505,4.071863800056747,3.370964446677475,3.3543922866903397
29.950000000000003,4.011282626638027,3.965642853104002,4.010884222903463,4.077117899093257,3.366988983354767,3.3558909462025404
30.0,4.014091509762518,3.962046373585562,4.018688628197842,4.0814340512122085,3.363144033562927,3.357459089822294
30.05,4.0180210871149935,3.959669937697158,4.026212188809457,4.084742868217761,3.359419068643253,3.359110102163198
30.1,4.022880135440119,3.958556429792575,4.033306567238011,4.086983345122279,3.355808863778563,3.360867196687752
30.150000000000002,4.028350449092974,3.958733237168189,4.039843371482636,4.088105342150968,3.3523044887004483,3.362754779434001
30.200000000000003,4.034110669396191,3.960228458531733,4.045703141737094,4.088062655326375,3.3488969890637055,3.3647954798490174
30.25,4.039880514773227,3.963062501878419,4.0507825423330495,4.0868207740809535,3.345583332422489,3.367007067630363
30.3,4.045434108555384,3.967250670164023,4.054991836995436,4.084386798789264,3.3423543979639625,3.3693978210410873
30.35,4.050593787195468,3.9728135300712437,4.0582556094423685,4.080830396299547,3.3392115085625043,3.371972639130832
30.400000000000002,4.055208239417931,3.979707187841677,4.060511101558152,4.076271321764176,3.3361723120325757,3.374731461811442
30.450000000000003,4.059163624522505,3.987747957621121,4.061704398947314,4.070844516464337,3.3332664360102067,3.377674937995245
30.5,4.062419519536382,3.996635976726009,4.061786488825578,4.064672363837305,3.3305071525930763,3.3807954110602916
30.55,4.064990864704487,4.006049187648831,4.060717676800357,4.057894044734747,3.3279070325588513,3.3840913596516122
30.6,4.0669091289207095,4.015686225562078,4.058470296965343,4.05070370932848,3.3254669327709827,3.3875565261265614
30.650000000000002,4.068210180794321,4.025293963668917,4.055016937416511,4.0433347073928445,3.323180223662442,3.391186209831674
30.700000000000003,4.068921933758624,4.0346595401502805,4.0503378009117155,4.036020637876463,3.321041923833972,3.3949838124590936
30.75,4.069070273422275,4.043604227918418,4.044412757923529,4.0289671734601376,3.3190475476863135,3.3989525395282847
30.8,4.068683717187413,4.05198044047881,4.03728889455454,4.022344055299625,3.3171872710958583,3.4030900901789156
30.85,4.067791032717383,4.059661908643964,4.029178550141334,4.016305557519091,3.315467413004781,3.4073981821133277
30.900000000000002,4.066405377565258,4.066543674613915,4.020341958562467,4.010905595891219,3.3138451318342033,3.4118376696573574
30.950000000000003,4.064520522602689,4.072542486025822,4.010896323053983,4.006054961203279,3.3122103589641507,3.416307960629479
31.0,4.062110646443234,4.077590422412556,4.0008000487030735,4.001532897203261,3.3103991536766997,3.4206529617708337
31.05,4.059156926099184,4.081629861484402,3.989935677517046,3.9970836448718488,3.3082380755798244,3.424703682288524
31.1,4.055654540087175,4.084606272840299,3.978191031305896,3.992472903784007,3.3055841785848665,3.428308083978157
31.150000000000002,4.051611747436517,4.0864708464551285,3.965483878565437,3.9875054591545362,3.3023226329148945,3.4313351716020173
31.200000000000003,4.047043292289705,4.087178963073502,3.9517535681652207,3.9820300832614692,3.298357694643525,3.433677658965026
31.25,4.041974010457797,4.0866901423040085,3.9369500073269963,3.975952426080608,3.2936108183657318,3.4352477278495024
31.3,4.036439123220271,4.084979595483711,3.921049233898065,3.9692356931990194,3.288008028689939,3.4359702136725194
31.35,4.030478703165938,4.082029454183565,3.9040856048048247,3.961889414472019,3.28148080926228,3.435781957097183
31.400000000000002,4.024130316152801,4.077822308172209,3.886165205535369,3.9539528160601867,3.2739746483318273,3.4346310159705213
31.450000000000003,4.017429318027582,4.072343242711895,3.8674277719968955,3.9454765270451797,3.2654466481165247,3.4324747428939344
31.5,4.010410454779615,4.065579916235133,3.8480055029954894,3.9365139925118284,3.255858662691449,3.429277803480268
31.55,4.003107594269047,4.05752339028242,3.8280080187814307,3.927117675260668,3.245179051208067,3.425010803843485
31.6,3.995558738499426,4.0481665791775026,3.8075210084499607,3.917336319460605,3.2333788580452785,3.4196492780765384
31.650000000000002,3.9878020471612627,4.037526943720982,3.786612352905296,3.907216270941138,3.220431232201743,3.413173690208776
31.700000000000003,3.9798677738724106,4.025683587612446,3.7653382192333003,3.896802794046552,3.206308256961205,3.4055685690680284
31.75,3.971786103465602,4.012774920994329,3.7437488997997725,3.886140689199874,3.191051853449246,3.396822091672672
31.8,3.963588954345083,3.9989659614531847,3.721885805200254,3.8752702934867784,3.174852135286657,3.3869252004949075
31.85,3.9553061324113177,3.9844145839973857,3.6997837841786314,3.8642285402541385,3.158010100018022,3.375871642012312
31.900000000000002,3.9469611488194567,3.9692541865459208,3.677472766146876,3.8530524190746904,3.1408542794949117,3.363657443703459
31.950000000000003,3.938576465267866,3.9535939006310805,3.6549820733204665,3.8417756021590574,3.1236757899462333,3.350281061721399
32.0,3.9301740986282616,3.937525055383204,3.6323364973622585,3.8304290576057185,3.106712545220111,3.3357431533541124
32.050000000000004,3.921769667892445,3.9211237577429703,3.6095559487494624,3.819041879837317,3.0901574591960115,3.320045484113367
32.1,3.9133803610680045,3.9044539464711163,3.5866526671948833,3.807639847512543,3.0741693597520094,3.303191323839074
32.15,3.905022503246303,3.887572617460322,3.5636372807821792,3.7962444063870606,3.05888278081217,3.285185322090209
32.2,3.8967068537037655,3.870525723548022,3.5405246238494934,3.7848778439811492,3.044423687636365,3.266028556004877
32.25,3.8884475692816167,3.853353066028391,3.517325939715752,3.7735590529235488,3.03089567009285,3.2457793122679544
32.300000000000004,3.8802587952509557,3.836089196961791,3.49404810563238,3.762303524800441,3.01837397355639,3.224627945226408
32.35,3.8721490865265342,3.818762793805683,3.470696962690009,3.751125436174612,3.0068803910866415,3.202872425032431
32.4,3.8641228456357974,3.80139623368688,3.447278869503897,3.7400399619904636,2.9963835395993748,3.180845893383566
32.45,3.8561855563879446,3.7840085886602606,3.423797524574534,3.7290588100651565,2.9868166200679718,3.158864100680222
32.5,3.848345500820115,3.7666186944176374,3.4002532510216725,3.7181914533408476,2.9780996605790895,3.1372026467603713
32.550000000000004,3.8406097658441496,3.7492408482378514,3.376680683048876,3.7074463222786966,2.9701579435920324,3.1160942860419927
32.6,3.8329812972574215,3.7318874076047837,3.3531949421115463,3.6968297194530164,2.962924712999664,3.095737528051797
32.65,3.825462034454585,3.714569411517559,3.3299720941690296,3.6863485997707173,2.956340940537834,3.0762937966205093
32.7,3.81805198096624,3.6972929676436994,3.3071918369287334,3.6760092575179546,2.9503566833828545,3.057900250299434
32.75,3.810752782892035,3.6800667466671024,3.285008225683125,3.6658148134996176,2.9449251434762513,3.0406659727350323
32.800000000000004,3.8035682899439154,3.6628985913554413,3.2635413763364634,3.6557687366104954,2.9400006471724676,3.0246800401990828
32.85,3.7965007857087225,3.6457934999207926,3.242892273758446,3.6458751183848497,2.935547083123691,3.0100175444033823
32.9,3.7895491700077,3.6287537496703615,3.223139970982881,3.6361351601191263,2.9315275086903516,2.996734836000864
32.95,3.782711675640325,3.611783660594055,3.2043568721054916,3.6265518369596,2.9279120299599133,2.984882771166936
33.0,3.7759877045336534,3.594885949967691,3.18660498479165,3.6171211038532998,2.9246732422699364,2.974496328121687
33.050000000000004,3.7693801456194733,3.5780643119924256,3.169936219455656,3.6078253440019346,2.921783154655533,2.965607580772476
33.1,3.762887715420235,3.561321354847089,3.1543952735469807,3.5986368981398695,2.91921798336132,2.95823675744869
33.15,3.7565092712392762,3.5446578674895974,3.140022185539299,3.5895241532339086,2.9169559857476863,2.9524032800841895
33.2,3.750244071782943,3.528074054058104,3.1268509185174658,3.580458245269618,2.914977517014882,2.9481165121926622
33.25,3.7440887436993697,3.5115716309095446,3.1149149620138967,3.5714143135747527,2.9132656995015744,2.945385457315048
33.300000000000004,3.7380433938751225,3.4951514374593287,3.1042346229627245,3.5623755431922706,2.911804300625996,2.9442122626973015
33.35,3.732105671030006,3.4788142019076562,3.0948345361636274,3.5533313411906353,2.910580455332638,2.9446008760241194
33.4,3.7262717644377603,3.462557145137609,3.086732020426153,3.5442765318321645,2.909582343294771,2.9465405379533873
33.45,3.720543433355292,3.446382367823843,3.0799451080686775,3.5352087745801772,2.9087971812448252,2.9499755960546543
33.5,3.714919064392465,3.4302910320143103,3.0744885639475044,3.5261293544092926,2.908212250665409,2.954794695015516
33.550000000000004,3.7093975883082035,3.4142820529615845,3.070375445351417,3.5170410708754805,2.907819033172643,2.960852976704804
33.6,3.703974197616748,3.398352988417489,3.0676217963768693,3.507947701596996,2.907611926434447,2.967972637668041
33.65,3.6986470604932404,3.3825039678720703,3.0662310490011833,3.498853527115406,2.9075813577699314,2.9759134753478933
33.7,3.693417764168866,3.3667356726472084,3.06621496763445,3.489763123033145,2.9077214195862773,2.984401300839391
33.75,3.6882863033124775,3.3510477413708775,3.067501690061776,3.4806805222007897,2.908024645637959,2.993163426267972
33.800000000000004,3.6832496635540495,3.335440704132611,3.069872316915054,3.4716110689968342,2.908485462826151,3.0019518151140994
33.85,3.6783055549176686,3.319913318256715,3.0730064454629433,3.462559038648925,2.9090994319086945,3.010553495679481
33.9,3.6734551410847796,3.30446401099345,3.0765754094909545,3.4535293252518398,2.909864093553553,3.0187885406850463
33.95,3.668695371307499,3.2890924772959083,3.0802983861733764,3.444524458646776,2.910773739047075,3.026505743650929
34.0,3.664025705849534,3.273794451742773,3.0839502136249295,3.43554855418583,2.9118242265258703,3.0335774377291465
34.050000000000004,3.659443925865185,3.258602761191384,3.0873490989498027,3.426604278725814,2.913012588280097,3.0398955632557434
34.1,3.6549473204382146,3.2436360598080998,3.090340937071001,3.41769373391849,2.914335077607594,3.045368653279596
34.15,3.6505330374188456,3.2290781604241516,3.0927905210865845,3.4088193534965834,2.9157882868079925,3.049918830571409
34.2,3.6462009990485673,3.215123711645878,3.094580642248141,3.3999809591593455,2.917370147742346,3.0534794816859123
34.25,3.64195255424952,3.2019417001784216,3.0956146047864297,3.391181212254603,2.9190775645048843,3.0559938224662164
34.300000000000004,3.637785438474279,3.1896721226410576,3.0958169996328655,3.3824195604886227,2.9209114950169854,3.057412934475109
34.35,3.6336966569285236,3.178427509104293,3.095128987867112,3.3736968121300936,2.922868983794816,3.057694643673857
34.4,3.6296849427679274,3.1683049154463623,3.0935071095951203,3.3650118465430836,2.9249492707184896,3.05680335735069
34.45,3.625746775952527,3.1593934639351917,3.0909232908834214,3.3563648903612084,2.9271498144595673,3.054708837248052
34.5,3.621883229131379,3.151766804611293,3.0873536483168653,3.347754725247661,2.9294700266958675,3.051385149628452
34.550000000000004,3.618093341855108,3.1454909120683685,3.0827628421087376,3.3391801892037867,2.9319078808603223,3.046810157728526
34.6,3.6143763984209634,3.140624486615915,3.077105639055241,3.33064060294568,2.9344612243578414,3.0409592737112434
34.65,3.610731103232449,3.1372280821856062,3.0703296980341577,3.3221328937083596,2.9371286788102218,3.0338675419643684
34.7,3.6071551161664654,3.135289878976637,3.062456926825592,3.3136567609356247,2.939910822734541,3.025706037227798
34.75,3.6036481776604674,3.134640022878093,3.053672333003521,3.305209071635432,2.942807326804723,3.0167580270505807
34.800000000000004,3.600208831858674,3.134988590919933,3.0442759542334636,3.2967886236279096,2.9458189368604524,3.0073441543756996
34.85,3.596834210073356,3.136032814005217,3.0345873191584167,3.2883929686685764,2.9489485410607057,2.9977648628211564
34.9,3.593524497577422,3.1375003109060593,3.024879128746685,3.2800194032864285,2.9521657653665274,2.9882782094261273
34.95,3.5902811614423524,3.139167352333998,3.015371139358797,3.2716660283099306,2.9553651807048387,2.979097772075971
35.0,3.587098838299751,3.1408461674403987,3.006238439577885,3.2633301479024555,2.9583886283133025,2.970402058325409
35.050000000000004,3.583977386802192,3.1423807198058142,2.997625658543723,3.2550095734111935,2.9610668257924524,2.9623384292463193
35.1,3.580917392947715,3.143640077320679,2.989656395138471,3.2467010703721755,2.9632540768377655,2.9550326896578865
35.15,3.5779154309375265,3.1445083764925386,2.9824369929424845,3.2384028226091655,2.96483228068416,2.9485931053569283
35.2,3.574970542843387,3.1448828000816635,2.9760663019013243,3.230112209487912,2.965706445139699,2.9431121113192287
35.25,3.572080303805259,3.1446761925157634,2.970618264539407,3.221825425188444,2.965789861286168,2.938666832485919
35.300000000000004,3.5692430643951907,3.1438139852807856,2.9661614071071427,3.2135415668959397,2.965067708848663,2.9353318281413223
35.35,3.5664621078742744,3.1422279239201343,2.9627551443430273,3.2052581512954292,2.96368224649329,2.9331642758780037
35.4,3.563736461639045,3.1398680675389214,2.9604493978620883,3.1969716521579343,2.9618958674005573,2.9322128658367386
35.45,3.561063582595352,3.136714773233418,2.95928936143958,3.188679748340172,2.9600003805027986,2.932524016026175
35.5,3.5584425842740566,3.132777669732229,2.9593151280192846,3.1803816963488343,2.958259626119863,2.934134157016494
35.550000000000004,3.555871493333402,3.128085992267286,2.9605561635107693,3.172073552772821,2.956858650163815,2.9370770674311486
35.6,3.5533468703846562,3.1226742984677087,2.963037411006823,3.1637532003032036,2.9558918802050242,2.9413796129699383
35.65,3.5508660340838665,3.11657490694637,2.9667857435999,3.1554180549302244,2.9553865624184303,2.9470668489941567
35.7,3.5484245483727133,3.109820424734479,2.971829774371851,3.1470636173821074,2.9553410339061745,2.954169114456633
35.75,3.5460266598165746,3.1024435491204585,2.9781289004673606,3.1387129030367658,2.9557361069880774,2.962649062066402
35.800000000000004,3.543671981629444,3.0945213912995198,2.985478127558068,3.1304521143838304,2.9565531551384026,2.972336551003942
35.85,3.5413599432175182,3.0862319139483736,2.993565730571925,3.122421100854477,2.9577751213580967,2.9829553807074554
35.9,3.5390854246145045,3.0778194359515365,3.0020608277157397,3.1147775366476904,2.9593852443633484,2.994195724124355
35.95,3.5368471245884643,3.0695320803150454,3.0106817946637348,3.1076663669198337,2.9613679595573226,3.0057680542595477
36.0,3.5346422606221477,3.061578525499957,3.019197504608238,3.101215250809997,2.963710523040846,3.0174232105919994
36.050000000000004,3.532465954197731,3.054128342816169,3.027428242979387,3.0955326843013102,2.9664040204253985,3.0289548360171628
36.1,3.5303187288680093,3.0473182123588987,3.035223543841663,3.090705397322975,2.969403672990796,3.0401912754046063
36.15,3.528202342655579,3.041262271672855,3.0424535167928695,3.086807208676373,2.972580277754842,3.050991379184797
36.2,3.526112609604282,3.0360554135256574,3.04900764890936,3.083898736358216,2.97575536500466,3.061236095791699
36.25,3.5240478525999923,3.0317747470238188,3.054789667756805,3.082035448453272,2.978738338338712,3.0708257427483647
36.300000000000004,3.5220076470278867,3.0284933264001044,3.0597206305012583,3.0812139672805454,2.981365962364905,3.0796768729923594
36.35,3.5199871450445666,3.026264867447119,3.0637310468307586,3.081286301192393,2.983506510662707,3.0877191382141085
36.4,3.517987147729615,3.025142497358559,3.066753872705116,3.08199919539615,2.985047309801854,3.094895318967432
36.45,3.5160068206494186,3.025173173477123,3.068727079942101,3.083057951069477,2.9858985676517578,3.1011596185428645
36.5,3.514042575654085,3.026397314352827,3.069600033941355,3.0841788621047197,2.985986374724805,3.1064733149086594
36.550000000000004,3.5120941937918766,3.028780102919307,3.06932932628921,3.085131074274395,2.985246004601616,3.110804912540995
36.6,3.510165343164727,3.0321328925161577,3.0678786081797855,3.085762690427802,2.98362043034311,3.1141294036228984
36.65,3.5082536426958852,3.036141687198817,3.0652203968626806,3.0859916604684106,2.981121389450126,3.116426115854476
36.7,3.5063531481151147,3.040476826207009,3.061327160281921,3.085778853396887,2.9779060158076716,3.1176797287345606
36.75,3.504459160050473,3.044857182367018,3.056173026744107,3.0851082121647657,2.974247015149479,3.1178799568653397
36.800000000000004,3.5025757936131785,3.0490615535906067,3.049731967560787,3.0839742400175387,2.9704482445817852,3.1170211717247276
36.85,3.5007054506806123,3.052915606925426,3.042044751044651,3.082376683948512,2.9667903144511234,3.1151021097517098
36.9,3.498848920718337,3.0562721017838324,3.0333090813461707,3.0803188735470832,2.963495333370909,3.112123178077337
36.95,3.497003240982483,3.058997491041589,3.0238463638721864,3.077807878706354,2.960715077537471,3.1080810913950407
37.0,3.495164600796229,3.0609753619412055,3.0139884433624617,3.0748518134538294,2.9585305435676457,3.1029688788309104
37.050000000000004,3.4933307505267615,3.062106864215847,3.0040249336497284,3.071463246814805,2.956983262063065,3.0967769731855648
37.1,3.49149520403785,3.0623039069727778,2.994188355443225,3.0676555618112764,2.9560877110145967,3.0894962086551425
37.15,3.4896611991803947,3.0614943378952972,2.9846574552089353,3.063443158890985,2.955843448716161,3.0811172544129395
37.2,3.487828808228671,3.059618468404844,2.9755836944842327,3.0588387968068185,2.956241667847395,3.071690978525611
37.25,3.4859966673170613,3.056624744147789,2.967102174478452,3.0538874191462098,2.957271329224321,3.061404913767225
37.300000000000004,3.4841637700246273,3.0524698681666838,2.959326479910175,3.048706565459257,2.95891570739085,3.050554630348711
37.35,3.48232241709831,3.047135392290909,2.9523628701024043,3.0434752702146026,2.9611531088376912,3.039463785204043
37.4,3.4804419520678613,3.0407060532523396,2.9463038065122986,3.0383886217116647,2.963964676137641,3.0284275175685793
37.45,3.4784847339942777,3.0334160755014405,2.9412205995576084,3.033632506430915,2.967326991162565,3.0176949445044148
37.5,3.4764122084620297,3.0255863081912233,2.937182628447106,3.0293676618261998,2.971181673891873,3.0074697409545377
37.550000000000004,3.474184918041126,3.0175261738069787,2.934250266244649,3.025730889112903,2.975399887170559,2.9979207757297446
37.6,3.471769876117227,3.0094908251440358,2.9324695183812954,3.0228329046647624,2.979783262120635,2.9891805234798254
37.65,3.469146871668587,3.0016922479926054,2.9318872211609923,3.020768200689959,2.9841288479235195,2.9813617748048684
37.7,3.4663017547026373,2.994298619961949,2.9325367107045253,3.0196182725422758,2.9882599347236596,2.9745618893479757
37.75,3.46323425230905,2.987455972142768,2.9344033138902215,3.019448670554025,2.992026069491751,2.9688569470790034
37.800000000000004,3.4599481264657985,2.9812934315918156,2.937442183310617,3.0203167967860276,2.9953067037061762,2.964313286336754
37.85,3.456445604100581,2.9759186175334866,2.941589910502622,3.0222788818841377,2.9980055866739406,2.960981636407527
37.9,3.4527325713094728,2.9714259518228086,2.9467733444827724,3.025325481967852,3.0000394186487305,2.9589007978071447
37.95,3.4488155647486494,2.967904831114192,2.952933958003601,3.0293136146598547,3.001338913818275,2.958111187236647
38.0,3.4447099751509738,2.965433364814977,2.959970276432998,3.033994322289568,3.0018479461794003,2.958641031898278
38.050000000000004,3.4404284690411298,2.964082520046133,2.967688655658423,3.0390867344805135,3.001520072045125,2.9605120429125016
38.1,3.435982786156276,2.963903934453725,2.975820717325162,3.044331784588931,3.000317271488891,2.9637403825458013
38.15,3.4313843880809625,2.964945847220468,2.9841083672927398,3.049513742461341,2.998204505131102,2.968343503226973
38.2,3.426642528219132,2.9672502060696986,2.992320276120238,3.054458764334569,2.9952104610530843,2.974328817880547
38.25,3.421767775541709,2.970860619509871,3.0002702255455085,3.0590356469750484,2.9915064236731026,2.981651889886388
38.300000000000004,3.4167685312165403,2.9758165234193683,3.0078090358464853,3.063142571757352,2.9873773271029247,2.990119416984059
38.35,3.411654302944023,2.982085363353803,3.014809227420378,3.066704145604407,2.9831399727203616,2.9994281346550085
38.400000000000006,3.4064344806888616,2.9894764449494615,3.0211594442493013,3.0696661325696155,2.9790899969932387,3.0092532213796663
38.45,3.401116879929651,2.997688561702874,3.0267699421502305,3.071989516866938,2.9754686924160123,3.0192941520034773
38.5,3.39571017383286,3.006400682478964,3.031566497355652,3.0736509770926568,2.9724752036273347,3.0292994955679227
38.550000000000004,3.3902155660290614,3.0153376997373793,3.0354807830360095,3.0746370369599783,2.970263209723721,3.0390591655905066
38.6,3.3846228157707055,3.0242820464469378,3.0384538404814747,3.0749432100816176,2.9689628464052227,3.0484007750459927
38.650000000000006,3.378917679068481,3.033060818960326,3.040443001744775,3.0745731401605387,2.9686793494587196,3.0571763818439823
38.7,3.3730940207613367,3.041530485405292,3.04142110388188,3.0735372812813115,2.969502649190781,3.0652594726909332
38.75,3.367151599934475,3.0495708663516727,3.041369251669409,3.071848296043137,2.9714950200138914,3.0725433948657788
38.800000000000004,3.361101108612195,3.0570786705567117,3.0402774137940556,3.069524574881698,2.974680846287636,3.07893645444216
38.85,3.35495528151491,3.0639589140840244,3.0381454265795247,3.0665857401940566,2.979049711121386,3.0843616114798005
38.900000000000006,3.348730046131863,3.070128085581868,3.0349787271788005,3.0630539307364852,2.984519170472293,3.088762833276907
38.95,3.342440715258406,3.075512219688149,3.030784583312323,3.058951731628111,2.990900099743203,3.09209849816685
39.0,3.336101055417908,3.0800410340590196,3.025638390403761,3.0542998318307277,2.997926129878737,3.0943276822973376
39.050000000000004,3.3297199378118743,3.083650538991136,3.0197437725162883,3.0491515552891264,3.0053143373848177,3.095409104821821
39.1,3.3233077520957433,3.0862829725129792,3.0133926204435553,3.043641701284234,3.0128076954125778,3.09530438645061
39.150000000000006,3.316873108744904,3.0878883920340843,3.0068884123303796,3.0379667538698047,3.0201824276313833,3.093980698949013
39.2,3.310425377786085,3.0884295112553297,3.0004830380251972,3.0323413919274014,3.0272527691280127,3.0914167945061903
39.25,3.30397510276424,3.087868415046869,2.994378217320486,3.0269722477778953,3.033862032521428,3.0875964209708417
39.300000000000004,3.2975278226489673,3.086189566243594,2.988742838147526,3.0220329469790888,3.039879901122074,3.0825036745159737
39.35,3.291089591750629,3.083441961372167,2.9837128445377212,3.017674551582847,3.045193730168721,3.076126442155002
39.400000000000006,3.284669653085492,3.0797259912827286,2.979406548279451,3.014021473907618,3.0497085379172018,3.068449945620983
39.45,3.2782688015908104,3.0751504931362628,2.9759254087557108,3.0111763869077257,3.053343137067578,3.0595238131464106
39.5,3.2718931833492735,3.069815122835365,2.9733521425757425,3.0092281501941196,3.0560268245334514,3.0495483190193586
39.550000000000004,3.2655457572586517,3.063798780749565,2.9717583142695827,3.0082532399829103,3.0576989850467227,3.0388377298486278
39.6,3.2592267305969314,3.0572004821732865,2.971211460749453,3.008316772407265,3.0583089570461692,3.027728519133156
39.650000000000006,3.252939448046627,3.0501995076181827,2.9717563257868145,3.009469739256747,3.057811605669797,3.016520439725681
39.7,3.246688440611978,3.0430350035926077,2.9734512933483916,3.0117695355233276,3.056169936994773,3.005468428811065
39.75,3.240475233257233,3.0359352635568677,2.9763256960473297,3.015197924424038,3.0533514312381747,2.994778468050068
39.800000000000004,3.2342938355354285,3.0291019021153858,2.980427223435518,3.019605782899331,3.049328457037085,2.984627836157831
39.85,3.2281240190076796,3.0226957818426627,2.985720969460974,3.0247334385922233,3.0440715202390347,2.97516436088434
39.900000000000006,3.221940579555567,3.016852993304537,2.9920204036154745,3.0302897470563184,3.0376112824138066,2.966518975130563
39.95,3.215708843929814,3.011684171873227,2.999021883831265,3.0359979961138435,3.0301122998841836,2.958801111504341
40.0,3.20939479409126,3.0072863447686347,3.006405127287115,3.0416287842035965,3.02185068892468,2.9521089577616637
40.050000000000004,3.202971233773729,3.003737875033134,3.013891708320668,3.0469936232418577,3.013133491670263,2.946525190739483
40.1,3.1964220757499464,3.0011165186066067,3.0212646909775978,3.051947607998671,3.004253020744691,2.9421290991495885
40.150000000000006,3.1897360657131397,2.9994826212189833,3.0283533146509134,3.0563785404926747,2.995461971334819,2.938986408015547
40.2,3.1829069591452357,2.9988876738934156,3.035017045190378,3.0602005640465624,2.986970860825731,2.9371499324500276
40.25,3.1759296108218833,2.9993697670721517,3.0411329120205286,3.063349614843081,2.978952991651768,2.9366527867255057
40.300000000000004,3.1688029536333624,3.0009679799868536,3.0465942804870343,3.065781338155396,2.9715545484165866,2.9375244868086825
40.35,3.1615315494927727,3.0037197327196528,3.0513107594241924,3.0674652809744347,2.9648937229066386,2.9397835777528605
40.400000000000006,3.154121819292293,3.007594651680084,3.055205368260431,3.0683847261272224,2.9590793082544566,2.9434549716721268
40.45,3.1465801658902777,3.0124028941200987,3.058212924427814,3.0685330173495196,2.9542002204771194,2.948559028299257
40.5,3.138908115528632,3.01783767402439,3.0602771528817843,3.0679113252024575,2.9503400745489547,2.955117232479229
40.550000000000004,3.1311024442164244,3.0235739318583628,3.061351284731922,3.0665288526117753,2.947566945448615,2.9630799232493334
40.6,3.1231891839203345,3.029325392758968,3.0613976183966916,3.0643996899184183,2.945944387448624,2.972241144607076
40.650000000000006,3.115270565393216,3.034861629812866,3.060386397922447,3.0615420198122854,2.9455207496608495,2.982287218795762
40.7,3.107504300047943,3.040000206830999,3.0582836806594766,3.0579767898573484,2.946337690196637,2.9928823665484874
40.75,3.1000714761341484,3.0445982316707427,3.055055450598993,3.0537276877205026,2.948438902075561,3.0037281125580324
40.800000000000004,3.0931356345349683,3.048531133928726,3.050677999943558,3.0488164292170974,2.9518540494045706,3.0145694686692375
40.85,3.0868402453390056,3.0516971370078165,3.0451209059997466,3.043301600897402,2.9566054216472386,3.0252030693673992
40.900000000000006,3.0813047638546522,3.054009679401218,3.0384248806817835,3.0373275852285517,2.9627335686038663,3.0354605130734456
40.95,3.0766320894465102,3.055388256691095,3.030789946312183,3.0311090078826193,2.9702017475640634,3.0451931867580164
41.0,3.072903057803044,3.055766986413622,3.022523568339645,3.024876709463107,2.9788492266112794,3.0542765304521433
41.050000000000004,3.070189584128574,3.0550861274132406,3.013954355636109,3.01885147203022,2.9884114248536013,3.062601142685842
41.1,3.068551988357661,3.0532977220198974,3.0053622442912182,3.013220732491921,2.998574882707808,3.070067806328911
41.150000000000006,3.06806109618083,3.050364003179325,2.9969699626571398,3.008144982185065,3.0090531304803947,3.0765980799862027
41.2,3.0687123576188378,3.046281988822914,2.98895562381045,3.0037584391673455,3.019594466766071,3.082121393338949
41.25,3.0703575922475346,3.0411288003087984,2.981464612086395,3.0001747751694676,3.0299901594222347,3.0865736055432933
41.300000000000004,3.0727255541930374,3.03507800518461,2.974623677715946,2.9974875597278383,3.0400656233512344,3.0899013356709832
41.35,3.075506710528323,3.028386458822271,2.9685378283878086,2.995777986950813,3.04967800538906,3.0920620551635682
41.400000000000006,3.078413988625971,3.021348287478949,2.963303657099637,2.995118150880087,3.05870572857035,3.0930180130592593
41.45,3.0811951025821305,3.0142347642068628,2.958999445350117,2.9955598095404765,3.0670488149268986,3.0927342279762433
41.5,3.083643585935451,3.0072771144980828,2.955696680885863,2.997147298534262,3.074623335832004,3.09118048258813
41.550000000000004,3.085588355727385,3.000667922539206,2.9534536981256827,2.9999151349622366,3.081358811462198,3.088330922894862
41.6,3.0868831157407506,2.994571118564887,2.952321088961732,3.003829037406254,3.0871971808080345,3.0841648406906605
41.650000000000006,3.0874058844307353,2.9891247393277505,2.9523371153105544,3.008729589868371,3.0920899011623635,3.078703130817394
41.7,3.087051363301429,2.984446020290842,2.953535617937552,3.014351938853476,3.0959970379676545,3.072046755157913
41.75,3.085728453607731,2.9806414641769114,2.955950803967734,3.020399891481948,3.0988864324487286,3.0643435025536507
41.800000000000004,3.08337944570148,2.97780224522053,2.95961503721497,3.026594462332487,3.1007329256857794,3.0557748919598295
41.85,3.0800096248331577,2.9760068715890315,2.964556127127134,3.0326979174500495,3.101515841806639,3.0465766161417505
41.900000000000006,3.075689108342249,2.975325064942882,2.970732863843631,3.0385152698479847,3.1012181629987827,3.037019857031918
41.95,3.0705240939443814,2.97581850555044,2.9779393192699843,3.0438920586152047,3.099822954464768,3.0273681034869697
42.0,3.0646217436412946,2.977547223332076,2.985865929588666,3.048706631527126,3.0973131122828343,3.0178541781062704
42.050000000000004,3.0581115552330536,2.9805525760354894,2.994179916247294,3.0528656337551205,3.09367104787384,3.008663414906379
42.1,3.0511758426489544,2.9848700132001906,3.002595426317852,3.056297502889413,3.088879755774325,2.9999482898251113
42.150000000000006,3.0440421979957972,2.9904569549869704,3.0108861820143082,3.0589503386590047,3.082923311486142,2.991839469946621
42.2,3.036939181180137,2.997116211725293,3.0188715051227897,3.0607876323847676,3.075781181180447,2.9844484214404416
42.25,3.030079154095572,3.004537890508868,3.0264058024763636,3.06178780101825,3.06749033696751,2.9778779100157786
42.300000000000004,3.023643165428197,3.0123957319359205,3.033363897209636,3.061939523821195,3.058219183951977,2.9722130504906197
42.35,3.0177839818766925,3.0203998643002863,3.0396367515886342,3.061241294727126,3.048244146782091,2.9675291755332793
42.400000000000006,3.012626025269802,3.0283095320530196,3.0451292201251525,3.059700389221594,3.037874881866466,2.9638860333134245
42.45,3.0082779702347833,3.0359277728320797,3.0497594606264617,3.0573291062003816,3.027404948752582,2.9613397893366002
42.5,3.0048353011267386,3.043094489865245,3.05345966463565,3.0541460627481483,3.01708795491599,2.959945244961781
42.550000000000004,3.002374416005264,3.0496706150737114,3.0561705184068715,3.0501720016484937,3.0071349118672552,2.959745937111851
42.6,3.0009632665963157,3.0555333811190417,3.0578420012540977,3.0454278862135045,2.9977208226107903,2.960778022195049
42.650000000000006,3.0006622858916416,3.060577524846688,3.05843206309743,3.0399763001931124,2.9889863009135826,2.9630727997738395
42.7,3.0015205963239855,3.064713116265233,3.057904468200345,3.0339736401476327,2.9810531277577934,2.96666343874159
42.75,3.0035815242739354,3.067860228253952,3.056231483500225,3.027652776916455,2.974020129960339,2.9715804669138737
42.800000000000004,3.00689196621455,3.069951286893039,3.053390366285554,3.021263941776017,2.967969816070494,2.9777846260877934
42.85,3.0114312758604793,3.07092960440153,3.0493602147116587,3.0150406605640137,2.9629720644999513,2.9850885614485727
42.900000000000006,3.0170479649554935,3.070744863862383,3.044118179706697,3.0091855769982336,2.959085339274335,2.993185345102386
42.95,3.0234768447465674,3.069350916889627,3.037715088164452,3.0038671167776005,2.9563575469321526,3.0017526548146414
43.0,3.030415397282562,3.0667168783923135,3.030356672370407,2.9992271479169506,2.9548308502175775,3.010509065847346
43.050000000000004,3.0375874987462117,3.062866462723754,3.022362368142248,2.9953880256211862,2.954532602710135,3.019227457563044
43.1,3.044749159812703,3.057895865883437,3.014067030053917,2.992447694748273,2.9554982981050584,3.027729615589927
43.150000000000006,3.0517003738845756,3.051941956122324,3.0057646237607547,2.990494831494678,2.957747252432234,3.035865511118157
43.2,3.058268537363902,3.0451785600061205,2.997693007406294,2.989596082914074,2.9612996457358904,3.0435078389092607
43.25,3.0643061212961924,3.0378338105618945,2.9900423417495543,2.98980440592015,2.9661734339813197,3.0505501561329447
43.300000000000004,3.069682326904319,3.030161401257845,2.9829740527776307,2.991157962960764,2.9723371905532754,3.056900667388623
43.35,3.0742853186152743,3.0224019799609163,2.9766246028707144,2.9936773139450725,2.9796140620585985,3.0624804634943175
43.400000000000006,3.078018778303864,3.014766598354984,2.9711168504927117,2.9973797436728193,2.987729540471238,3.0672181273690504
43.45,3.080800747498653,3.0074340638653623,2.966556744424432,3.002215500572289,2.9963656366842817,3.0710452820820824
43.5,3.0825626936333874,3.0005617742694115,2.963044918392628,3.008021877369198,3.0052228172439444,3.0739040571990444
43.550000000000004,3.083243493220919,2.9942851506704504,2.9606595905850512,3.0145331192784415,3.014044641688532,3.0757461227276774
43.6,3.0827893978241447,2.9887188307569916,2.9594670969531283,3.0214586933402567,3.0226134187057405,3.076533297712797
43.650000000000006,3.081175444838722,2.9839649640961508,2.9595320488890224,3.0285215617285712,3.030749713212944,3.0762278308139233
43.7,3.078438538060717,2.9801097100810505,2.9609101402690747,3.0354845080954718,3.03830078283168,3.0747956828667187
43.75,3.074666076962035,2.9772288112247587,2.9636302161268606,3.042148391089316,3.045141672519969,3.072210052604148
43.800000000000004,3.069966619746013,2.975390029109072,2.967708303504739,3.048354987024824,3.0511700444679986,3.0684444719012034
43.85,3.064445878878535,2.9746480137031868,2.9731494968665237,3.053978875637625,3.0562988450502617,3.063493230538854
43.900000000000006,3.0582259900397797,2.9750485990323408,2.9798781742583844,3.058920281752752,3.0604548739671515,3.057407983445116
43.95,3.0514894055031765,2.976633912099834,2.987681342894108,3.0631031300842415,3.0635736443739465,3.0503354903435698
44.0,3.0444613932913063,2.9794418897475152,2.99624688605486,3.0664703370895996,3.065599856948338,3.0425270231677475
44.050000000000004,3.0373750639806247,2.983507337292921,3.005243906688387,3.0689814049748585,3.066487652917217,3.0342874651631115
44.1,3.0304466434175215,2.9888068517872304,3.0143939661772317,3.0706101102456933,3.0661998452662105,3.0259060172213035
44.150000000000006,3.0238615771869677,2.9951616421758196,3.023472565342886,3.071344185104552,3.06470362875284,3.017617540160334
44.2,3.0177738510958165,3.0022796301991006,3.032295260288469,3.0711791333299003,3.061971718305878,3.0096106510826224
44.25,3.0123146852130787,3.0098478432007907,3.04070721335427,3.0701194650592565,3.05798235669876,3.0020414941861078
44.300000000000004,3.0075888706963188,3.0175838799765473,3.0485735587133753,3.068176864326956,3.052717984198852,2.995041806053484
44.35,3.0036873181520494,3.025258302979317,3.0557737187822402,3.065367126300668,3.0461589532104925,2.988721995295912
44.400000000000006,3.0006900041884634,3.032687490100259,3.062208067846772,3.061711529505226,3.0383452042978365,2.983183200376363
44.45,2.9986622500331954,3.0397176831757466,3.067789154825237,3.057233953389276,3.0294504015108332,2.9785064540303043
44.5,2.997666754996424,3.0462198453126677,3.0724409610131738,3.0519576850735737,3.0197582672932053,2.974762684964032
44.550000000000004,2.9977558961311503,3.052080781454291,3.0760958243947285,3.0459483312215876,3.0095874472012722,2.972009765453939
44.6,2.998974804623967,3.057205824274045,3.0786983020255647,3.039373048152125,2.9992401170630845,2.970302548810693
44.650000000000006,3.001364066198777,3.061516764542437,3.080200564369186,3.0324753268885547,2.9889758312931463,2.9696803869595807
44.7,3.004963422505574,3.0649535584294925,3.08056058138832,3.0255172383315774,2.9790176656942227,2.9701833049857247
44.75,3.0097559195667096,3.067464491314587,3.0797432552901953,3.0187405474220155,2.969547345597954,2.9718403215413356
44.800000000000004,3.0155808140258604,3.0690045147466845,3.0777174290282905,3.012349680159302,2.960721889292631,2.9746804617057707
44.85,3.0221754979621687,3.069531999456003,3.074453917930856,3.006515309761566,2.952668914786694,2.9787297782737023
44.900000000000006,3.0292369352495983,3.0690174120344436,3.069929245699584,3.001380663149082,2.9455043088538146,2.9839480292697647
44.95,3.0364805847734835,3.067464436810661,3.0641248204730056,2.9970704812872877,2.9393201430239095,2.990133163073411
45.0,3.0436547428462415,3.0649175243466655,3.0570151851033383,2.99368551889284,2.9342071646018577,2.9969757241804476
45.050000000000004,3.0505540429460134,3.0614445787278686,3.048645905632217,2.9913096990795447,2.9302274123673113,3.004139704862514
45.1,3.057007956741463,3.0571198219705096,3.039213582540842,2.990009027630109,2.9274460795044392,3.011344399396685
45.150000000000006,3.0628755572195288,3.052005766862677,3.0290272122869926,2.9898311744016017,2.925921807987617,3.0183660124721836
45.2,3.0680393944010134,3.0461926586772257,3.0184153417764263,2.9908150787536836,2.9256937370713065,3.025021293861825
45.25,3.072400987261987,3.0398512901763426,3.007659543219741,2.9929777823875052,2.9268045761115906,3.0311577050720677
45.300000000000004,3.075877586839437,3.0332134141104747,2.9969874767396263,2.9963312037379377,2.9292903011010387,3.0366484042359096
45.35,3.078402229533337,3.0265216806801942,2.986588234603656,3.0008318046657743,2.9331794222414955,3.0413834987068276
45.400000000000006,3.0799164128170604,3.0199966213734366,2.976621373801008,3.006304572151082,2.9384955461129203,3.0452703395605094
45.45,3.0803918227006193,3.013824793474527,2.9672302778293704,3.0124913103936866,2.945265340918489,3.0482251978883994
45.5,3.0798601377471218,3.008154155470587,2.9585444089066777,3.0191069317758723,2.9534459249364824,3.0501712159569596
45.550000000000004,3.078406317291825,3.0031053955370193,2.9506694902012107,3.025879073851601,2.962859216061923,3.0510472162829188
45.6,3.07613940838242,2.9987937842427987,2.943706005294803,3.0325720519039274,2.9732227477924367,3.0508048970856234
45.650000000000006,3.073166430252025,2.9953118664876217,2.9377319502372172,3.0389909937829125,2.9842160176449273,3.0493994498637345
45.7,3.0695801080622065,2.992732924265873,2.932814508211071,3.0449773787139813,2.9955402594371976,3.0467924757500633
45.75,3.0654604823336915,2.9911201740283,2.9290121444986683,3.050403941352315,3.006932667847856,3.0429509653640006
45.800000000000004,3.0608701622297065,2.9905288495270104,2.9263833160275134,3.0551696342993098,3.0181724197374167,3.0378532930002025
45.85,3.0558921735447235,2.991005841730553,2.9249678549408182,3.05919489055152,3.029071429689513,3.0315743044787107
45.900000000000006,3.05067505066611,2.992594822987894,2.9248071294894857,3.0624190916927216,3.0394777876506387,3.0243436681173828
45.95,3.0454242135265344,2.9953380426638385,2.925939282155465,3.064800296983108,3.0492572186086067,3.0164777386139265
46.0,3.040354740007872,2.9992018640721616,2.9283887722635304,3.066308888250795,3.058295402265645,3.008295666243369
46.050000000000004,3.035670430531735,3.0040192500851814,2.932183609611323,3.0669272326428754,3.0664953672052806,3.000071965260703
46.1,3.0315521799759693,3.009508905710656,2.937349988862109,3.066647717699976,3.0737736687302712,2.9920258513800326
46.150000000000006,3.0281476702632615,3.0153575951906153,2.943913069049332,3.0654738079908888,3.080057557883871,2.9843319008955236
46.2,3.02557369179048,3.021277363924871,2.951836742719036,3.0634170051584313,3.0852862439430915,2.977133981760647
46.25,3.0239357701046425,3.02702410130474,2.9609324503672863,3.06049504219909,3.0894062119857493,2.970564005076567
46.300000000000004,3.0233088921496987,3.032396010556554,2.9708929612591572,3.0567238374536623,3.092372396958263,2.9647381105926485
46.35,3.0237623053626095,3.0372247361179836,2.9814019573083232,3.0521270663721958,3.0941465293069284,2.9597626412447045
46.400000000000006,3.025356749338983,3.0413694528255055,2.9921769199144097,3.0467280749836565,3.094694984115998,2.9557226998952024
46.45,3.0280865161992865,3.044717776609948,3.002983115982938,3.040594955008471,3.0939911453436744,2.9526955405488295
46.5,3.0318064819763015,3.0471770238948728,3.0136390377134945,3.0339062124598057,3.0920100169097537,2.950753008571771
46.550000000000004,3.036262853286076,3.048670499625588,3.0239918637850476,3.0269209681920115,3.088728699965516,2.949947259861805
46.6,3.041155334398118,3.049136207209837,3.0339113739481043,3.0199099396228206,3.08412877680013,2.950327677420921
46.650000000000006,3.0461985404890077,3.0485173058417203,3.0432863025087586,3.0131184956497252,3.0781941206075563,2.9519419041319908
46.7,3.0511421909804137,3.046763162621206,3.0520228253885553,3.006752067335056,3.0709050322253555,2.9548278048522056
46.75,3.0557772723086076,3.043835057439809,3.060037765314032,3.000979160199076,3.0623038426613145,2.959018497155275
46.800000000000004,3.0599296643277016,3.0397076284965694,3.0672645109582057,2.9959405733024917,3.052569395471428,2.9645515230969073
46.85,3.063453813577167,3.0343973944331664,3.073650547796681,2.991761081902254,3.0419943899915762,2.971387329450786
46.900000000000006,3.066225798814591,3.028024604684255,3.0791521448914203,2.988537206342756,3.030904921577206,2.979328275922182
46.95,3.0681421979126777,3.020824416882832,3.083732230451552,2.9863512300664494,3.019606509107981,2.988059772802964
47.0,3.069114345782011,3.0130909527457685,3.0873569131566736,2.9852701739575123,3.0083559602425107,2.99725144351951
47.050000000000004,3.069066177210657,3.0051162418227855,3.0899877430699982,2.9853361773240654,2.997360288434786,3.0066115384978827
47.1,3.0679340703331963,2.997160496341183,3.0915865572594505,2.9865852195199567,2.9867949181054607,3.015909254366517
47.150000000000006,3.0656616458867583,2.9894380680008705,3.09211657900773,2.9890293157732906,2.976806378041458,3.024957150216067
47.2,3.062208161931224,2.9821317638033227,3.091542394001462,2.9926723375428144,2.967522822517769,3.033597588937023
47.25,3.057576456722174,2.9753938725288536,3.0898350710423923,2.997463641975938,2.9590504177019707,3.041693620325729
47.300000000000004,3.051832913845833,2.969360053003461,3.086972851529817,3.0032309276653595,2.951487439582272,3.0491228648228397
47.35,3.0451255649367717,2.964139614974837,3.0829354833867426,3.009710284474177,2.944905678474071,3.0557778760866405
47.400000000000006,3.037684087694342,2.9598325667966288,3.0777022956857802,3.0166162597488397,2.939379772789972,3.0615684158101053
47.45,3.0297847409071776,2.956520107163893,3.071257727111998,3.0236831913607825,2.9349686578503444,3.0664117632732255
47.5,3.021703696422019,2.954278814293493,3.0635800771325177,3.0306808989153886,2.9317232055620184,3.070241424917089
47.550000000000004,3.0136832874361623,2.953172147851886,3.054710300187999,3.037418316019063,2.9296898329023366,3.0730020920610515
47.6,3.005937150979077,2.953256591167072,3.0448398699509895,3.0437456403803913,2.928912588740643,3.074636682810215
47.650000000000006,2.998638441732461,2.9545769292555937,3.034269379306308,3.0495388417659175,2.929417857658721,3.075099139298638
47.7,2.9919378540587447,2.957179086416842,3.023319516150512,3.054698311777627,2.9312424749027186,3.074356269794263
47.75,2.98596260935633,2.9611011548938726,3.0122796944646355,3.059144701292917,2.934413574719675,3.0723741162527043
47.800000000000004,2.980818896124923,2.966377606098722,3.0013857891705094,3.0628172216247957,2.938946582485445,3.069118853324567
47.85,2.976599442745244,2.9729836763616015,2.990836900488613,3.065673281860611,2.944869710930367,3.0645855908646076
47.900000000000006,2.973385760645912,2.9807523043445454,2.980791053850493,3.0676846983591846,2.9522037852928693,3.058844964707924
47.95,2.9712461773844887,2.9894147027040243,2.971386242776636,3.0688328031397285,2.9609155089015777,3.052035458287393
48.0,2.9702404432713725,2.9986695912760717,2.9627331578203435,3.069108641386624,2.9708253692676476,3.044347271343248
48.050000000000004,2.970421790560464,3.008231143501019,2.9549371306498244,3.0685115305742507,2.9816563172158457,3.0360274109287024
48.1,2.9718304343867903,3.01784499711414,2.948073439561798,3.0670483232962904,2.993086321414993,3.0273480295627735
48.150000000000006,2.9745076712620317,3.0272968300585976,2.942216840765248,3.0647322115922906,3.004832282091723,3.018571311167171
48.2,2.9784975148019988,3.0364038082257965,2.937428568466052,3.06158174318539,3.0166447555719498,3.0099162886905417
48.25,2.9837763362237344,3.045010563361399,2.9337604832536517,3.057621088025851,3.0283191633354822,3.0015662450688767
48.300000000000004,2.990189550396005,3.0529844131698334,2.9312538240553083,3.05287036625684,3.039685593158197,2.99367258110574
48.35,2.9974733953384183,3.0602119253352367,2.929946245672927,3.047401569016066,3.0506042215815277,2.9863701200998776
48.400000000000006,3.005324905660565,3.0665932149502915,2.9298655059443357,3.0414026481879883,3.060956105354918,2.979769042464562
48.45,3.0134627677261134,3.0720472207536598,2.9310400044852414,3.0351415715319163,3.070638206002116,2.9739693532476843
48.5,3.021637381306175,3.076505427917027,2.933488948837189,3.0288942699076196,3.079562440290013,2.96906127504061
48.550000000000004,3.0296489960313497,3.079905331968083,2.937229544701693,3.022912116917836,3.087645461266728,2.9651227100959816
48.6,3.0373279334232386,3.08219284922641,2.942267343835386,3.0173949644311557,3.094817523062568,2.962214438635365
48.650000000000006,3.04453808690635,3.0833226326912198,2.948616054088198,3.012513827896874,3.1010224980778447,2.9603997049933
48.7,3.051167971410256,3.0832536162194186,2.9562379930946605,3.0084078818507574,3.1062110752586163,2.9597224488818235
48.75,3.0571369313204264,3.081952070349928,2.9649421842851416,3.005192193369915,3.110344333785194,2.960224644122583
48.800000000000004,3.0623922433555837,3.079388237377031,2.9744514466291596,3.002963839865754,3.113388948086675,2.9619554597746807
48.85,3.0668866414236384,3.075562585214597,2.984448591131174,3.0018076193095493,3.1153119805546847,2.96494370409342
48.900000000000006,3.070569469347299,3.0705383858013073,2.9946516344421776,3.0017786093813337,3.1160844465036117,2.9692222369706824
48.95,3.073401365740389,3.0644232912909906,3.004824654207009,3.0029239962209973,3.115679018680337,2.974826660512498
49.0,3.075351481520356,3.0573707830431793,3.014773884341782,3.0052762931484676,3.1140705217591855,2.981714848419045
49.050000000000004,3.0764023282335913,3.049599778351544,3.0243355502082787,3.0087983313553295,3.111237799599341,2.9896891057004233
49.1,3.0765481374397514,3.041374552165528,3.033375090356343,3.0133165171760368,3.1071621325619336,2.9984460304724974
49.150000000000006,3.0757922549243695,3.0329578110143456,3.0417757536882317,3.0185626309836073,3.1018257688804787,3.007662013873551
49.2,3.0741457779325945,3.024587138078966,3.0494394115421395,3.024239913076292,3.0952125191482636,3.0170576269916456
49.25,3.0716281876881686,3.0164597312258308,3.0562835926949963,3.0300865828806174,3.087304285499213,3.026412048983714
49.300000000000004,3.0682624182362987,3.0087432798579887,3.0622381594867463,3.0358835335947214,3.0781471680586368,3.0355499719668626
49.35,3.0640772355898793,3.0015785298603093,3.0672433353076065,3.0414554550311546,3.0679288412612187,3.044323729364254
49.400000000000006,3.059106153924956,2.9950956322135047,3.0712511192127425,3.0466617605750197,3.056946209448052,3.052609783971176
49.45,3.053381983729766,2.989406281548309,3.0742227884751263,3.0513932078803214,3.045517420719154,3.0602994871378835
49.5,3.0469766270813037,2.9846046654569354,3.076124867130056,3.055556854353776,3.033932642761832,3.067302028720843
49.550000000000004,3.040049336225208,2.9807777117706444,3.0769305490972494,3.05907936707371,3.022439304412665,3.0735435023076043
49.6,3.0328279077226563,2.977993483160115,3.0766185481835286,3.061905622838282,3.01123504188682,3.07895774080562
49.650000000000006,3.0255564733614384,2.9763140639273598,3.0751716602883423,3.0639943963220078,3.0004821938553987,3.083490704975991
49.7,3.0184555313960284,2.9757919940784654,3.0725777603495508,3.0653184592853067,2.990323267297859,3.0870917111048404
49.75,3.011724650846199,2.9764720373493825,3.0688272544637853,3.0658640694317807,2.9808723210123826,3.0897098871212942
49.800000000000004,3.0055284874284887,2.978392391974658,3.063927428693328,3.0656253712585433,2.972232455554526,3.0912962541345577
49.85,3.000007780956342,2.981586861602326,3.057924691262291,3.0646041357859706,2.9644883398554764,3.091808890935492
49.900000000000006,2.995276934393682,2.986091298595051,3.050946240675938,3.062807761896163,2.9577123556238405,3.0912087655558915
49.95,2.9914300183646856,2.991881454545745,3.043223103158634,3.0602470142574933,2.9519615975514,3.089480996568242
50.0,2.9885464900796874,2.9987957236242524,3.03505099327019,3.0569392997993172,2.9472889426562334,3.086660322424892
50.050000000000004,2.98670065578707,3.006564400949978,3.0267332944661454,3.0529073496102117,2.943738519964691,3.082823969958253
50.1,2.9859530262998986,3.0148819636396933,3.018543818075812,3.0481681266473006,2.9413536204008826,3.0780666185028522
50.150000000000006,2.9863547750785697,3.023463372711555,3.0107185569989903,3.0427900550978846,2.9401827870366035,3.072477096190063
50.2,2.987956772015419,3.032062782522192,3.0034566046915923,3.03696247230453,2.9402578485745092,3.066124427868779
50.25,2.9908004734609563,3.040475129900168,2.9969277313345195,3.0309553840391206,2.941604464525958,3.0591074442580695
50.300000000000004,2.9949285454372703,3.0485351050656697,2.9912832376981338,3.0250461409567517,2.9442440722571455,3.051610087840345
50.35,3.0003234390328495,3.056103864104791,2.986649908317776,3.0194742270773713,2.9481873522408892,3.0438724366543726
50.400000000000006,3.0068177557605775,3.0630662951905587,2.9831367996635945,3.0144305151355444,2.9534502590008893,3.0361381492403647
50.45,3.0141454190939907,3.0693254167475583,2.980828522456056,3.0100782594101054,2.960053623594358,3.0286204397257444
50.5,3.0220009154460983,3.0747996335160015,2.9797907332657774,3.0065506878375654,2.9679504385678697,3.0214896572529555
50.550000000000004,3.0301032246161803,3.0794241683425354,2.980068285349287,3.003965050276951,2.9769552461998594,3.0148844453771515
50.6,3.0382182200494934,3.0831685529189317,2.9817037537922415,3.0024180432192304,2.9867690050873703,3.008924331479685
50.650000000000006,3.046147050321635,3.086045594745558,2.9847206166402636,3.0019922216579324,2.997070617201179,3.0037065100780986
50.7,3.053729364108459,3.0880898627741287,2.989151194730455,3.002744459234806,3.0075737687538595,2.9993198952659004
50.75,3.0608303780705133,3.0893201160164097,2.9949568155166575,3.004718585193606,3.018037128018773,2.9958393731744213
50.800000000000004,3.0673404685323096,3.0897357153407317,3.00196602923953,3.0079452098599493,3.0282637754415593,2.993329357719659
50.85,3.073180532103545,3.0893256542507643,3.0098931002307565,3.0123804133082617,3.0380903710435794,2.9918401777826142
50.900000000000006,3.0783081886277324,3.0880804299590765,3.018420848275653,3.0178420667896675,3.0473807683612986,2.991420524510651
50.95,3.082710408485825,3.0859974680394413,3.0272531225874904,3.0240469421485114,3.0560200900550445,2.9921108857877035
51.0,3.0863929317816217,3.0830833995027676,3.036132382486934,3.030695424190706,3.06391098515392,2.993944249829383
51.050000000000004,3.089373996277363,3.079353393852095,3.0448453680129877,3.037525847852937,3.070970695762921,2.9969537328554967
51.1,3.0916780606968017,3.074830888154809,3.0532149238764412,3.04432866104335,3.077130624733404,3.001098081455709
51.150000000000006,3.0933299564606216,3.0695426840379336,3.0610875114778837,3.050936323234044,3.082333501798899,3.0061850501141287
51.2,3.0943524953507335,3.063517117129784,3.068334857286451,3.0572177805529654,3.0865330103026647,3.0119143093216096
51.25,3.0947734013492427,3.0568205251588276,3.0748463372246553,3.063068305139444,3.089689825477972,3.0179671215875814
51.300000000000004,3.09461857865703,3.0496046419619947,3.0805276964327084,3.0683972148141962,3.091772368071501,3.024069425427294
51.35,3.0939133318140253,3.0420890409618075,3.0852989153737993,3.073135832228428,3.0927547814301772,3.030001729408672
51.400000000000006,3.092682482638249,3.03451082128964,3.0890896730473565,3.0772306005641785,3.092614731523928,3.035586368587285
51.45,3.0909497070869354,3.0270918316028155,3.0918402957627,3.080639532949999,3.0913384279389553,3.040677375208405
51.5,3.08874080252308,3.020024721781535,3.093500689254872,3.0833374046978994,3.0889141099723822,3.0451503594901794
51.550000000000004,3.0860781453664163,3.0134699856039924,3.0940273325214585,3.0853083691965546,3.0853561121786734,3.048896553487745
51.6,3.0829821296057216,3.007560840573635,3.093381854197164,3.0865425441611913,3.0807373284864727,3.0518253355773313
51.650000000000006,3.079473270606137,3.0024079888162873,3.0915321260642794,3.087039813556445,3.0751777159402507,3.0538586675149246
51.7,3.075573041506405,2.998105541890599,3.088449698801513,3.08680702308163,3.0688049228297487,3.0549278865994856
51.75,3.0713003353598576,2.9947299592261265,3.084108659863021,3.085854316600956,3.0617749939191587,3.0549764519808247
51.800000000000004,3.0666705746579574,2.9923572085040524,3.0784885234568984,3.0841975082530197,3.0543141876185027,3.0539574931040283
51.85,3.0617371297959393,2.9910499015576795,3.07157048555144,3.0818570928246825,3.0466855639729262,3.0518278195790494
51.900000000000006,3.0566415880426745,2.9908625878708897,3.063399985323043,3.07885158042299,3.0391494328756274,3.0485691348597825
51.95,3.0515955311239753,2.991844853946935,3.0541605683736757,3.075202238299173,3.0319295732215727,3.044227348499049
52.0,3.0468191143869543,2.9940392266144906,3.0441474807643822,3.0709324005926257,3.025209582800452,3.0389143963561116
52.050000000000004,3.0425128202706113,2.9974889276546537,3.0336874082252554,3.0660664595066573,3.0191425706783095,3.0328072524441874
52.1,3.038839062373652,3.0021744385868723,3.0230879978845944,3.0606244904886624,3.013855617571849,3.0261483419191473
52.150000000000006,3.0359388761581245,3.00794334776968,3.012614181470484,3.054676868700289,3.009454725274996,3.019212241856535
52.2,3.0339236275593118,3.014533732528018,3.002489410625101,3.048401187516116,3.0060278366047104,3.0122597957942836
52.25,3.032895983726608,3.021646032812518,2.9929036259808597,3.042053345748031,3.0036501919367544,3.0055210335770797
52.300000000000004,3.032939487405768,3.0289951087839118,2.9840135682572213,3.0358917482187286,3.00238186649287,2.9991854253884815
52.35,3.0341370011494084,3.0363347353550805,2.9759545555478457,3.03013993661619,3.002269871034042,2.9934180585133436
52.400000000000006,3.0364857888140477,3.043461043476576,2.9688465932184753,3.0249843891298642,3.0033611165170986,2.988360457704869
52.45,3.0398334174347874,3.050203832660388,2.9627872310369847,3.0205810654773426,3.0056937864296214,2.9841309136330514
52.5,3.043904072253883,3.056424291232977,2.9578653350425603,3.017050517727498,3.0092339826264314,2.980833125459756
52.550000000000004,3.0484003555134103,3.0620079051810527,2.9541588045520393,3.0145100577741153,3.0137993766876296,2.9785615382093056
52.6,3.0530532148134233,3.0668575930761772,2.951728915631282,3.0130577640749623,3.019087058001606,2.977391762074703
52.650000000000006,3.0576382515141938,3.070894408008291,2.950634107019755,3.01277486519758,3.0247731287917623,2.9773956547763896
52.7,3.06197242839461,3.074054393454674,2.9509279564748137,3.0137371454561697,3.0305716382529346,2.9786395889242754
52.75,3.0659022324020277,3.0763071249318825,2.95265089247294,3.0159987531121257,3.036246762104814,2.9811733789199395
52.800000000000004,3.069294323527059,3.0776692495342837,2.9558424374544177,3.0195312757801345,3.0416097986081727,2.9850541050306587
52.85,3.0720321262573327,3.078192070619763,2.9605343137085636,3.024152555610381,3.0465043552162996,2.9902705421169764
52.900000000000006,3.074017641707049,3.077941260920691,2.9667639246081006,3.029570267769718,3.050797114341805,2.9966568144863537
52.95,3.0751676966430725,3.0769836758827,2.974501315449216,3.0354803374041355,3.0543760842232386,3.0039207659258924
53.0,3.0754071770213036,3.075379937078957,2.9835786397894144,3.0416272017536996,3.0571519213982135,3.011740437145394
53.050000000000004,3.0746846617032006,3.073184576581366,2.99371249379624,3.047807277933376,3.0590463475162215,3.0198283070707443
53.1,3.073005863280401,3.0704338578742236,3.0045793930310567,3.0538634349648284,3.059993053734348,3.027943141070414
53.150000000000006,3.0704416607998875,3.067132597475502,3.0158735295257593,3.059673525184983,3.0599332645772024,3.0358861094387466
53.2,3.0670936508458237,3.063261895571373,3.0273280986135678,3.0651363406349916,3.0588125939613025,3.043487682404222
53.25,3.0630601699598983,3.058793858965848,3.038714247181873,3.0701682158145513,3.0565890240087357,3.0506034632866963
53.300000000000004,3.0584267889129744,3.053705279293587,3.049843335121916,3.0747043513410546,3.053229242516144,3.0571079370398833
53.35,3.053262708724701,3.0480228595365606,3.060554474783245,3.078696028656744,3.048704595460356,3.0628917377298137
53.400000000000006,3.047658758038389,3.041879610360607,3.0707112490862656,3.0821048550212633,3.0430294366273927,3.0678617243309345
53.45,3.041787581407517,3.0354942762834063,3.0801970550613578,3.0849033536542554,3.0363305971045524,3.0719368825099678
53.5,3.0358794058708907,3.0291128210239275,3.08891197057737,3.087073901657809,3.0288667455003124,3.0750489270879324
53.550000000000004,3.030168465900239,3.0229673209434234,3.0967699649586358,3.088608719887699,3.0209585555727894,3.07713670301038
53.6,3.0248617036569474,3.017261884418221,3.1036976338822853,3.0895107671792696,3.012914784591214,3.078146705662557
53.650000000000006,3.020132077170848,3.01216543940627,3.1096314614911664,3.089786133464973,3.0049954354698376,3.078033215454028
53.7,3.016112885701698,3.007821956203066,3.1145169073250023,3.0894390594115895,2.9974178039469104,3.076756223091143
53.75,3.012924603168937,3.0043545032378507,3.1183074478279793,3.088480351893684,2.9903610026975853,3.074301217140815
53.800000000000004,3.010672561160984,3.001864279066694,3.1209652324076473,3.0869281491766887,2.9839741026466555,3.070707942089305
53.85,3.009447006557453,3.0004420878956632,3.1224614264843997,3.084800789828278,2.978386163389551,3.066064617928363
53.900000000000006,3.00932582058078,3.0001665503717985,3.122775317239176,3.0821190197831103,2.9737152586091278,3.0604744990628383
53.95,3.0103857693070455,3.001104524370261,3.121892413230998,3.078905369512756,2.9700572852596703,3.0540696754453984
54.0,3.012689177979258,3.0033055091678555,3.119801209777371,3.075178798951577,2.9675002656220832,3.0470515363557675
54.050000000000004,3.016232950506348,3.0068188835887733,3.1165108820393375,3.0709632424340336,2.9661280727461774,3.0396703199820276
54.1,3.0208606575812857,3.0116266813227885,3.1120808177125965,3.0662834709657165,2.966005551361759,3.0321708723955187
54.150000000000006,3.0262946276525446,3.017569940888079,3.1066195974170765,3.0611560426873443,2.967188255814781,3.0247726598916267
54.2,3.032236194840284,3.0243835696408334,3.1002596830735047,3.055638867428888,2.9697220105054063,3.017669110746772
54.25,3.0384279555848774,3.0317619060719543,3.093128733311568,3.0498910032093285,2.973637755648029,3.0110294994912064
54.300000000000004,3.044666130342026,3.0394105594262344,3.0853709538677014,3.044141710476513,2.978968949240489,3.0049979220745846
54.35,3.0507977850030477,3.047076693193762,3.0771903206964666,3.038633342203227,2.9856799588896203,2.9997051680897524
54.400000000000006,3.056707231829002,3.0545455029007473,3.0688360680321747,3.033581145326037,2.993573440347118,2.995258585097109
54.45,3.06230058369051,3.0616342182151977,3.060562160113772,3.0291637161409524,3.0023373983134936,2.991756024819971
54.5,3.0675061862876993,3.068194474657014,3.052607347276955,3.025533044109571,3.0116387471878605,2.989279390010617
54.550000000000004,3.0722669314031825,3.0740983982771475,3.045176222560951,3.022816967737409,3.021187510269594,2.987899148450772
54.6,3.076538904455553,3.079237004595396,3.0384421991882,3.0211220243567705,3.030746204076586,2.987674524475704
54.650000000000006,3.080290731320849,3.083516488356388,3.0325513550753613,3.020544193956626,3.0401244546500217,2.9886605504069825
54.7,3.08350032553713,3.086857057654923,3.0276322936539963,3.0211679177046005,3.0491624636875247,2.9909018193097663
54.75,3.0861570697207874,3.0891918852220908,3.02379252151486,3.0230766863113057,3.057718170446894,2.9944450082424896
54.800000000000004,3.0882555740213924,3.0904690689296452,3.0211215404689002,3.026275347067366,3.0656705262901185,2.999271333647542
54.85,3.0897978433667967,3.090648478160843,3.019704930439898,3.030603658565986,3.072912335805769,3.0052173465643293
54.900000000000006,3.090789198547958,3.0897091052468566,3.019608152276896,3.0357865694909396,3.0793512177278104,3.012006384461877
54.95,3.091239169777145,3.0876780286323635,3.0208867910171713,3.0415258555656055,3.084905722531242,3.0193352681133954
55.0,3.0911605610178046,3.084636231166053,3.0235881560631412,3.047568717428854,3.089505433915483,3.026928197223312
55.050000000000004,3.090567107552501,3.0806946935865676,3.027693047045017,3.05371543880021,3.093089299219317,3.0345547564344972
55.1,3.089473811202296,3.0759706891736918,3.0330439574793338,3.0598096924028764,3.095605144409011,3.0420273600641514
55.150000000000006,3.08790246578343,3.070574575889443,3.0393729586677627,3.065728941692034,3.0970047952408546,3.0491911225074095
55.2,3.0858698502414996,3.064597054557192,3.0463692961790745,3.071372253568697,3.097250629506304,3.0559142780693436
55.25,3.0833948708935366,3.0581479418711597,3.053739313890678,3.076659580997673,3.0963132162074736,3.0620913479517964
55.300000000000004,3.080495361554754,3.0513995141732195,3.061224172558252,3.081525273112925,3.0941683023254845,3.0676534503665334
55.35,3.0771896245420147,3.0445728460436805,3.068606272829207,3.085917733732732,3.0908308187723925,3.0725778838835844
55.400000000000006,3.0734953625862396,3.037901957617058,3.0757036731505982,3.0898014179062945,3.086391854801707,3.0768590900447803
55.45,3.0694347951492977,3.0315996273822634,3.082361749056373,3.093152782605678,3.0809985855308124,3.0804762688263985
55.5,3.0650184698294543,3.025845484751762,3.088449941378509,3.0959533577399156,3.0748083696404094,3.0833912417886236
55.550000000000004,3.060301093036803,3.0207923913297487,3.0938567299299646,3.0981956323740296,3.06799328125716,3.0855600892695736
55.6,3.055435181161391,3.016573641170369,3.0984867827771816,3.0998774121647603,3.060772144465856,3.086944665929819
55.650000000000006,3.050637970382114,3.0132919274103114,3.1022581771258277,3.101002895510603,3.0534025510558824,3.08752041126916
55.7,3.0461379534397426,3.0110467355887818,3.1051006262866014,3.101581130761447,3.0461343187592163,3.0872743719952123
55.75,3.0421337601781264,3.0099239784218543,3.1069524186169026,3.101626252147621,3.039181592109142,3.086203954885674
55.800000000000004,3.038780233045655,3.009989887904073,3.1077626242389598,3.101148729997897,3.0327255113838163,3.084318125860024
55.85,3.036207645375442,3.0113120289427275,3.1074939722065817,3.1001628041727787,3.02691900450682,3.081633841595983
55.900000000000006,3.034525404546549,3.013946765632348,3.1061231401393634,3.0986871035425354,3.02189154415654,3.0781723166220774
55.95,3.0338312520607764,3.017889261220878,3.103665472945421,3.0967392439225288,3.0177493812631364,3.0739609144870164
56.0,3.0342144945180407,3.022996626412585,3.1001923981504373,3.094340563242564,3.0145947015088534,3.0690300582476495
56.050000000000004,3.03569154972327,3.029007186190195,3.0958137237021526,3.091511559528351,3.0125118481098547,3.0634085589271947
56.1,3.0381165355017012,3.0356284235274607,3.090650569092255,3.0882701287340364,3.011575282506341,3.0571639858672746
56.150000000000006,3.0412242118578687,3.042585564274322,3.084818470201856,3.084637315019989,3.0118560409946626,3.0504489773082244
56.2,3.04474537818493,3.0496374148785974,3.0784150605487777,3.080635580336153,3.013412784071612,3.0434788505033703
56.25,3.04845480787615,3.0565789416322753,3.071555759590836,3.0762835470876513,3.016301554660049,3.036481172772877
56.300000000000004,3.0521854272509596,3.063239022640209,3.064420961864773,3.0715974044602943,3.020507914805311,3.0296670323408104
56.35,3.055816535327477,3.0694753233318974,3.057241483180304,3.066592414615837,3.025854537077825,3.023228727010056
56.400000000000006,3.0592541035129397,3.075166791355744,3.0502553476958436,3.061316775792277,3.032044073314391,3.0173268719285673
56.45,3.062424600291446,3.080209417494829,3.0436798672362735,3.0559066122243235,3.0387633935149405,3.012106128954567
56.5,3.065268805744878,3.0845134220187065,3.037702225972337,3.050563140620298,3.0457341133852314,3.0076913712130224
56.550000000000004,3.0677411276234983,3.088000272528971,3.0324750822324544,3.045505754380137,3.0527346037175604,3.0041856648530536
56.6,3.069801660417882,3.0906094252482865,3.028134775890072,3.0409342951809775,3.059585050923455,3.001679772951155
56.650000000000006,3.071425618879432,3.092303024731694,3.0247923298924997,3.0370266216788746,3.0661334074504594,3.0002509141732108
56.7,3.0725983368705143,3.0930661596085236,3.022548517136654,3.033930925032718,3.0722450955284817,2.9999646348344093
56.75,3.073312710136035,3.0928989773229913,3.0214871232429354,3.031773706208871,3.0778010487230705,3.0008813960744716
56.800000000000004,3.073561406281727,3.0918102597785517,3.0216794518100194,3.03066131349093,3.082697369961253,3.0030485866146077
56.85,3.0733450918357383,3.0898182609486824,3.023198877035763,3.0306881628266584,3.086842406047407,3.006518035273422
56.900000000000006,3.0726689443043926,3.086945568846387,3.0260356392775867,3.031940268305419,3.0901575125378247,3.0112755877101742
56.95,3.071539850428831,3.0832220693914283,3.0300367576449663,3.034434910023258,3.0925727471869564,3.017171801255408
57.0,3.0699682140572953,3.078682668158665,3.0349291592164693,3.0380398524194203,3.0940247249871815,3.023941945826028
57.050000000000004,3.0679669863026766,3.0733627155658674,3.040409557269526,3.0425129663196744,3.0944605572124186,3.0312895786303553
57.1,3.065551226989736,3.067296046298102,3.046196978050885,3.047588460056225,3.0938496045843755,3.038937609184308
57.150000000000006,3.062735680386482,3.060562363016901,3.0520521965015353,3.0530286376406415,3.092203129652898,3.0466503607962587
57.2,3.059534909500536,3.053337006566192,3.0577715443003814,3.058637624462736,3.0895749416922103,3.054231121182409
57.25,3.0559608240585496,3.0458682466692006,3.0631859536685613,3.0642573105419793,3.0860423860894453,3.061518077782626
57.300000000000004,3.0520226685746996,3.0384139139740727,3.068150691483126,3.0697602196636677,3.0816847230543227,3.0683868164172394
57.35,3.047775406800221,3.0311992803582832,3.072541196498511,3.075045284086429,3.076571780181272,3.0747572386584974
57.400000000000006,3.043370829882777,3.0244150457815477,3.07625196793058,3.0800344502951096,3.0707668741697787,3.080586020194425
57.45,3.0390262547890434,3.0182143960262477,3.0791916003585027,3.0846649047059316,3.064374696859819,3.0858504238873516
57.5,3.0349687707458384,3.012728246567056,3.0812801176541584,3.088888263786128,3.0575868966789037,3.0905384690915563
57.550000000000004,3.0313909251903755,3.0080695243882194,3.0824489375605997,3.0926692094619286,3.0506492491823396,3.0946437842475683
57.6,3.0284571958280653,3.0043377467247,3.0826375555671612,3.095983489204254,3.0438073566591273,3.0981643829786862
57.650000000000006,3.0263018575203913,3.001619616360806,3.081809940311577,3.0988173289646537,3.0372691745105653,3.101093967233159
57.7,3.025033117680499,2.9999894858114318,3.0799873895767456,3.1011614028198355,3.0312137912360497,3.10340601399011
57.75,3.0247502236012425,2.9995142770258223,3.0772524687280285,3.1030134840162673,3.025788640526312,3.1050578666018738
57.800000000000004,3.025540703200465,3.00025519271964,3.0737181774947633,3.1043780463873514,3.021119643850869,3.1060047735725385
57.85,3.027488971320121,3.002260458940437,3.0694987802243348,3.1052630922572866,3.0173104640966897,3.106209286253974
57.900000000000006,3.0305989786660557,3.0055832582938917,3.0646955058721317,3.1056785194752234,3.0144597254199876,3.1056481000689042
57.95,3.0347222151755475,3.0102071887579323,3.059388613136608,3.105636854868501,3.0126494150964946,3.1043091148532103
58.0,3.039589018204195,3.0159720172837994,3.05368145177114,3.105155054671076,3.0119583461664385,3.102194323992632
58.050000000000004,3.0449180900744994,3.0225968212769856,3.047746222818328,3.104247083150201,3.0124445121946573,3.0993116680181805
58.1,3.0504724664373395,3.0297779646970167,3.041810580923398,3.102929850492321,3.0141670709036745,3.0956787177368206
58.150000000000006,3.056071274484083,3.0372417296772753,3.0361082799206747,3.1012218650846433,3.01718414836051,3.0913256660528936
58.2,3.0615791834658714,3.044761133770589,3.0308463057755404,3.0991408290202465,3.0214761137723314,3.086307002815819
58.25,3.066885536856705,3.0521543922550722,3.0262000400915428,3.0967031207972493,3.0268716293233533,3.0806958951956656
58.300000000000004,3.0719065242797154,3.059283582890436,3.022311685672634,3.0939284393602704,3.0330830350909985,3.074568063817314
58.35,3.0765718204836388,3.0660454550527994,3.0193085735452834,3.090832668594237,3.03980043985819,3.068023553828934
58.400000000000006,3.0808278187148397,3.072361878276681,3.0172967116901956,3.0874328312299504,3.046757682000513,3.061222394077819
58.45,3.0846302442942677,3.0781760953639594,3.016371735774851,3.0837437143105055,3.0537449904385228,3.05437180069145
58.5,3.0879476440497844,3.083449005400323,3.0166151825256597,3.0797815867660447,3.060598337228501,3.0476905481390117
58.550000000000004,3.0907604611216004,3.088144514305115,3.0180969035042957,3.075562051888058,3.0671830848303334,3.041381479596373
58.6,3.0930593046729737,3.0922119998497926,3.020885156119639,3.0711014878887726,3.0733910780263836,3.0356237559641928
58.650000000000006,3.094839095795258,3.0955854472322555,3.0249734360196,3.066409508659645,3.0791263301274876,3.030568006494868
58.7,3.096096919829681,3.0982021140677576,3.0302000895512413,3.0615270943470008,3.084304692801615,3.0263421744285037
58.75,3.0968368846586927,3.1000121465885324,3.0362789040965987,3.0565734699048326,3.088855914797048,3.02305530164068
58.800000000000004,3.0970714256303906,3.1009852891316494,3.0428997511051246,3.0517307100974347,3.092722752384279,3.020800789430822
58.85,3.0968109345283104,3.101104056793591,3.0497821509119842,3.0472002445281916,3.0958585074805716,3.0196576868972063
58.900000000000006,3.096067271604405,3.100363622074701,3.056696255597864,3.043178499148811,3.098232616062093,3.0196979729688946
58.95,3.0948547828994957,3.0987693921118247,3.063453524515003,3.0398341252602363,3.0998248334924607,3.020980074019862
59.0,3.093188099866474,3.0963318326386107,3.0698945302150378,3.0373126378042565,3.1006282190348355,3.02356151044161
59.050000000000004,3.0910855194860303,3.0930850440383315,3.0758836309445794,3.0357401896660217,3.1006461837906767,3.0274420340072448
59.1,3.088566868363939,3.0890960419251625,3.0812993970929727,3.0352212130208898,3.099888735300482,3.0324798436925895
59.150000000000006,3.0856460455865133,3.084450764904525,3.0860384503362805,3.0358467694340505,3.0983714769945845,3.0384217272042386
59.2,3.0823421847211065,3.0792380860110637,3.0900111875542446,3.0376494401054965,3.0961123322661495,3.044981876819231
59.25,3.0786695406265703,3.0735275692417505,3.093139097417256,3.0405079142985274,3.093133311099332,3.051884132327115
59.300000000000004,3.0746450144858852,3.0674143460746657,3.0953550666240965,3.0441967588695653,3.0894656682534336,3.0589034940374096
59.35,3.0702867271699223,3.0610686694915885,3.096598688647548,3.0484587572331687,3.085140796112814,3.0658621518372264
59.400000000000006,3.0656047574704495,3.0547099662829327,3.09683489620181,3.053060783642497,3.0801953309739694,3.07262268618441
59.45,3.060651528199087,3.0485669317982764,3.0960700893007442,3.0578176702488724,3.074682957134096,3.079083663309228
59.5,3.055566067960943,3.0428411886076088,3.094356406110107,3.0625814185191094,3.0686981015763277,3.0851658094009706
59.550000000000004,3.050550531512518,3.037696154415131,3.0917947345575025,3.067235421463372,3.062415939058576,3.0908076332975805
59.6,3.045821246564881,3.033272511938137,3.088507603559479,3.071688530465483,3.0560615169986454,3.095967024895392
59.650000000000006,3.0415750159463952,3.029682083541556,3.084608942297802,3.0758697291408086,3.0498626771548545,3.1006015347241145
59.7,3.037971533559802,3.0270251550977876,3.080192416948746,3.079723435245777,3.044026416326062,3.1046566566711964
59.75,3.0351510562076918,3.0253943315877936,3.075331632540228,3.083210382593693,3.038718753553009,3.1080672884713074
59.800000000000004,3.03322494173199,3.024870995551949,3.0700805342524777,3.086301313415269,3.034084056613811,3.1107703951902628
59.85,3.0322897547551486,3.0255205681980786,3.064521113982234,3.088976196086109,3.030246009070493,3.1127128134250843
59.900000000000006,3.032433377369647,3.0274125799261284,3.0588137306054706,3.0912236377105637,3.0273163273391557,3.113859411518862
59.95,3.0337399080022496,3.030541169104936,3.0531755507771074,3.093038758008295,3.0253793919836,3.114187514649081
60.0,3.0362151282879735,3.0347401162264043,3.047828146919857,3.094421830698603,3.0245194674512033,3.113689103736562
60.050000000000004,3.0397128499077324,3.0397342170949195,3.042968451274636,3.0953762321290563,3.0248045345716337,3.112366192837384
60.1,3.043972584863903,3.045223270626347,3.0387558084696353,3.095910119999488,3.0263042929659445,3.110230344606137
60.150000000000006,3.048723298398257,3.050950945197915,3.035321467247722,3.096033785938268,3.029012958395267,3.1073092229000183
60.2,3.053733164889306,3.0567181292764554,3.0327747201615867,3.095759199158106,3.032773827419203,3.1036607182278857
60.25,3.058823371315169,3.0623797918056654,3.031215678360401,3.095100486822623,3.037313493290658,3.099365336674421
60.300000000000004,3.06385505920836,3.0678220319823293,3.030726991248788,3.0940723013751006,3.0423371890559316,3.0945055855088484
60.35,3.0687173775237344,3.0729597914040445,3.0313977386450515,3.092687849320822,3.04758356681362,3.0891584257681703
60.400000000000006,3.0733217442950185,3.077727508013012,3.033229308285751,3.0909651278460917,3.052838086536718,3.0833878877783563
60.45,3.07759340118553,3.082063633839578,3.036074380962218,3.0889180651610664,3.057943708615468,3.0772754311458788
60.5,3.081475039382746,3.0858903237437167,3.039663083958082,3.0865628112603383,3.0628047654244868,3.070968964219979
60.550000000000004,3.084923489031292,3.089119041043722,3.0437042361272475,3.0839150355465645,3.067370006702757,3.0646683681873124
60.6,3.0879084196044717,3.091671633145955,3.047947898843479,3.0809883575891504,3.0716038651187185,3.0585842162530246
60.650000000000006,3.090409232975028,3.093487063042824,3.0522117386233774,3.077798028529913,3.075478430797819,3.0529146148834263
60.7,3.092415713117982,3.0945259555415423,3.0563792520608026,3.0743576405382353,3.078957904205546,3.0478344628879372
60.75,3.0939207872383423,3.0947618002171247,3.060358900335159,3.070679993595307,3.0819835874827217,3.0434869394791217
60.800000000000004,3.094920310411159,3.0941796547627294,3.064054011784801,3.0667778831409285,3.084484984593371,3.0399956553987066
60.85,3.0954196826433162,3.092775172282187,3.067357768604404,3.0626602669155445,3.086395882393759,3.037465331258694
60.900000000000006,3.095426943960449,3.090566453387751,3.0701741937990445,3.0583668806493582,3.0876657064128232,3.0359874685513226
60.95,3.094956174863726,3.087611038335199,3.072426793070917,3.0540156425786322,3.0882558132557425,3.0356379112794287
61.0,3.094017987569562,3.083991746817232,3.074060619803586,3.0497856643670915,3.088144680404223,3.0364935227103245
61.050000000000004,3.092626893895236,3.07979243825388,3.075037173365164,3.045877162102056,3.087324877613901,3.0385603240226158
61.1,3.090795914687518,3.0750826869974035,3.0753315325081125,3.0424810629117274,3.0857948756604263,3.041706003195088
61.150000000000006,3.0885403156909366,3.069909844209224,3.0749294135452505,3.0397640201580756,3.0835705799086237,3.0456890333572
61.2,3.0858740405647755,3.0643557239453485,3.073828276635787,3.0378672896388292,3.080696597632316,3.050225417357752
61.25,3.0828185162664137,3.0585876498040268,3.0720314285791304,3.0369120302136237,3.077235408965464,3.055053955815238
61.300000000000004,3.07938896152241,3.052829772777341,3.0695484767138326,3.0369971162229823,3.073259069133538,3.0599612606394047
61.35,3.0756009642367665,3.0473107205300347,3.0663970695686573,3.038217046512382,3.06883867044866,3.0647860609862128
61.400000000000006,3.0714729726334538,3.0422288490019374,3.062597711852879,3.04059787618718,3.0640323827121576,3.0694114985041656
61.45,3.0670169929739752,3.0377495518498474,3.0581848435509613,3.0440205627698447,3.058918659715965,3.0737495103802144
61.5,3.062281381744158,3.0340026845693036,3.0532159685352362,3.0482599931072363,3.053642869424999,3.077736198406676
61.550000000000004,3.0573972913252936,3.0311054774039,3.047802656145511,3.0530506026696713,3.0484038305520174,3.081324505592285
61.6,3.0525598970187016,3.0291513500066096,3.0421317003696853,3.058154758363165,3.043410322300014,3.0844789447487475
61.650000000000006,3.0479811147581577,3.02822951027902,3.036438198719334,3.063379700555606,3.0388567844872405,3.0871749237849615
61.7,3.043859075951837,3.0284223012746962,3.0309497385309117,3.068575302591698,3.0349081618674907,3.0893984257430716
61.75,3.0403641079205914,3.0298068272828793,3.0258622797149557,3.073628189598609,3.031707535573199,3.0911418081275936
61.800000000000004,3.037637601406416,3.0323759420381333,3.0213335785711557,3.0784523499412635,3.029374313808134,3.0924017855261132
61.85,3.035798927412483,3.0359675970856195,3.0174990435932343,3.082981956947275,3.0280128406959763,3.093181457573803
61.900000000000006,3.0349516533028544,3.040304855274213,3.0144702006963175,3.08716822240117,3.0277126442552156,3.0934883443125294
61.95,3.0351885046351255,3.0450951949887446,3.0123471388652168,3.0909739680552737,3.028552997796278,3.093333027023364
62.0,3.0365933344338476,3.050095025355018,3.011217852899036,3.094373804623518,3.0305467149338035,3.092729044244119
62.050000000000004,3.0391775803376286,3.055121424467659,3.011161368468604,3.0973498565110855,3.0335590764055116,3.0916888346949922
62.1,3.0428064460259074,3.0600442624527577,3.012249441946877,3.099894344504649,3.037343956798259,3.090228292471368
62.150000000000006,3.0472356997062087,3.0647668648677158,3.0145511452736273,3.102004285797344,3.041614717864231,3.08836355412631
62.2,3.052196605237468,3.0692092248907015,3.018056245230652,3.1036807242075684,3.0461228610187696,3.086110195596943
62.25,3.0574575984146555,3.073298007743712,3.0225998991146987,3.1049300582426502,3.050687469762662,3.083487764344
62.300000000000004,3.062830449219713,3.07694541905391,3.0278922915316318,3.1057602642290094,3.055185729114811,3.0805103190402625
62.35,3.0681637363907917,3.0800545686472263,3.0336320209414693,3.1061811438888034,3.059528110935013,3.0771952922375783
62.400000000000006,3.073334908519084,3.0825394374840935,3.0395560650078837,3.106206618576403,3.0636469822666226,3.0735596881071268
62.45,3.0782466273664486,3.08433391304333,3.0454632805437805,3.1058514179774,3.0674861177470034,3.069619508712427
62.5,3.082820816188955,3.0853890356491585,3.051217738484868,3.1051284884213435,3.070988303719749,3.0653893826493754
62.550000000000004,3.086999277006564,3.0856729630658104,3.05673143536964,3.1040543672806136,3.074083518937751,3.0608809037545575
62.6,3.090737972485734,3.0851684859825412,3.061946553219397,3.10264282238002,3.0766920157769486,3.056141302078526
62.650000000000006,3.0940035400411823,3.083876323561938,3.0668225113386125,3.100909891211111,3.078738452739859,3.051298607529961
62.7,3.0967726343315296,3.0818429764603152,3.0713294567534235,3.098871293679136,3.080164698228991,3.046548519704906
62.75,3.0990355373125507,3.0791403373887274,3.0754402626862727,3.0965416304969042,3.080922346387635,3.042101502288551
62.800000000000004,3.100782984385295,3.075843844285437,3.079135314856902,3.0939338975412722,3.0809820086235717,3.0381483944363414
62.85,3.1020159140851487,3.072020858872898,3.0824009844046083,3.091063467644944,3.080339349665819,3.034857500389351
62.900000000000006,3.1027392454677774,3.067725998535523,3.085232548367663,3.087940132961655,3.079020121180892,3.032363619138357
62.95,3.1029611819204894,3.0629940932267954,3.087630876612602,3.084578374608062,3.0770791279805167,3.030777892731586
63.0,3.102691454299212,3.0578971542293942,3.089601805788408,3.0809919047407046,3.0745808183250665,3.030202314555854
63.050000000000004,3.101945196796449,3.052597307697046,3.0911357133435815,3.0771900099615115,3.071591030319848,3.0307200115877966
63.1,3.1007350595919854,3.0473170354095034,3.092194348110228,3.0731829920999294,3.0681663759994557,3.0324123016545705
63.150000000000006,3.0990791573081067,3.042290160863469,3.092724683193986,3.068981183340069,3.06435614836875,3.0352959696288067
63.2,3.096991854315435,3.0377090055516014,3.0926730591273683,3.064588442139613,3.0602018615705484,3.0392322306158963
63.25,3.0944912900753505,3.0337340393493903,3.0920160384322752,3.060046743759023,3.0557690958850143,3.0439726937823504
63.300000000000004,3.0915964522824964,3.0305016267592175,3.090776633650184,3.0554749454653303,3.051189476472874,3.04924074529548
63.35,3.0883234789043783,3.0281246839471265,3.08900866021427,3.0510555337029657,3.04665194533173,3.0547841524735513
63.400000000000006,3.0846901376632374,3.026703780071603,3.086775443225594,3.0469889244902624,3.042361485146341,3.060400811280987
63.45,3.08071417059231,3.026328668910723,3.08412820423055,3.04345932675159,3.038513274740901,3.065937373123378
63.5,3.076410357683629,3.0270738731446283,3.081108122799907,3.0406237088603487,3.0352789959932696,3.0712750941411464
63.550000000000004,3.071793702091299,3.0290102372400516,3.0777490603033106,3.0386117647641324,3.032800877909952,3.076324770726534
63.6,3.0668777984786564,3.0321485168556337,3.0740806621332557,3.0375363538890854,3.0312042839877886,3.081021490120799
63.650000000000006,3.061707625966146,3.036322194368934,3.0701260752518427,3.0374881298298955,3.0305902386165173,3.0853131075061824
63.7,3.056404125065215,3.041251046244245,3.065908988918188,3.0385575295418303,3.0310505993712438,3.089146845333965
63.75,3.0511554739370284,3.0466462348364884,3.0614464448825274,3.0407648478910834,3.032668173672697,3.0924583916784223
63.800000000000004,3.046164154968112,3.0522678070508054,3.056793466949246,3.043978905495852,3.0354572643273547,3.095170924550436
63.85,3.0416297476742664,3.0579364667689504,3.052088356017783,3.0479620337301045,3.0392895707412806,3.0972117272552713
63.900000000000006,3.037721663839154,3.063521871393373,3.0475365726258516,3.0524418454932674,3.0439304151389956,3.098526207726852
63.95,3.034586834915608,3.0689168415326584,3.0433411303506372,3.0571740069564424,3.0491012101673096,3.0990874857973534
64.0,3.03234623496302,3.0740329353396647,3.039685738508905,3.0619709394480554,3.054562607605674,3.0989173177740237
64.05,3.0311076198266704,3.078794059634685,3.036719631680573,3.0666936013261616,3.0601259230132705,3.0980753751539005
64.10000000000001,3.0309601152535173,3.0831114694143724,3.034562117166076,3.071238004069829,3.0656467464965824,3.096628518130033
64.15,3.0319888061820066,3.0868844766458716,3.03331480306671,3.075532222633967,3.0710136774046513,3.0946356829100976
64.2,3.034208825757684,3.0900268091801024,3.0330726754670914,3.079521608345165,3.0761406318285456,3.0921472718598815
64.25,3.0374940171417357,3.0924669201932917,3.0339206150155476,3.0831662751644187,3.0809566729305247,3.0892037274439423
64.3,3.0416071016196895,3.0941547552386854,3.0358703489346492,3.086436328817566,3.0854083476360405,3.085838944403122
64.35000000000001,3.046287375767794,3.0950613610622955,3.0387730451996116,3.0893094238428014,3.0894580433701764,3.0820878230811988
64.4,3.0512967399544046,3.0951653995613797,3.042349441922638,3.0917699026144687,3.093076749494391,3.0779770005148426
64.45,3.056436793966789,3.0944544894056834,3.0463169200307325,3.0938122470561686,3.0962463264446947,3.0735341145563497
64.5,3.061550554833703,3.092929083921957,3.0504530865306165,3.0954346483988577,3.0989557295865877,3.06878072392865
64.55,3.066509187149567,3.090608486498285,3.0546091978240573,3.096639843732414,3.1012023471561316,3.063770826734986
64.60000000000001,3.0712110813624345,3.087544190946658,3.058689500874949,3.097434422345005,3.1029882247071763,3.0586446688737468
64.65,3.0755813818531483,3.0838143123066564,3.0626246273332756,3.097827349133703,3.104317072391131,3.0536122842499194
64.7,3.07955664160017,3.079493496055134,3.0663497680759706,3.0978270245839887,3.105198170013629,3.048884170267081
64.75,3.083092837176876,3.0746516375735182,3.0698163848367344,3.0974470360510447,3.105642251002178,3.0446505758269886
64.8,3.0861593284660382,3.069350450614288,3.0729805794662743,3.0967000837359557,3.1056634066344264,3.0410762831938807
64.85000000000001,3.088734408479061,3.063672998251774,3.0758078396837703,3.095597518628527,3.105274937742665,3.038286610293157
64.9,3.090803394914172,3.057770932232116,3.078278237040289,3.09415653286159,3.1044915591407047,3.036388168542698
64.95,3.0923633157612143,3.0518670577511298,3.080374736083557,3.0923914302292235,3.1033295591963657,3.0354836106641296
65.0,3.093412062252214,3.0461862891404388,3.0820863828535185,3.0903129004633976,3.1018043336551786,3.035653352897867
65.05,3.093956106304124,3.040926051524374,3.0834094683438975,3.0879362604922855,3.099932019935348,3.036980327670307
65.10000000000001,3.0940043453249753,3.0362539428681776,3.084347083678787,3.0852747584241187,3.0977282061864537,3.0394706918998717
65.15,3.09356791679583,3.03230363423052,3.0849008049897946,3.082342394429869,3.09520871058099,3.042978196865716
65.2,3.0926590125171787,3.0291887823882147,3.0850764788750777,3.079150504509622,3.092387100285417,3.047239516602616
65.25,3.0912956053829252,3.0270224321214507,3.0848825491806346,3.0757083412158877,3.089280685879317,3.051975221913118
65.3,3.0894922719957103,3.0258925999077473,3.0843236401954965,3.072025598165611,3.085900639984536,3.0569384365481085
65.35000000000001,3.087266493703969,3.025871173577423,3.083411074250428,3.068116657592644,3.082260467129004,3.061937759193147
65.4,3.084636196285417,3.0270387887310464,3.082156609649961,3.063989258312922,3.078375187402714,3.066834151790191
65.45,3.081619033493162,3.02939237847551,3.0805709639499366,3.0596839483265583,3.074253455119498,3.071524102037377
65.5,3.0782309535430405,3.0327747730272296,3.0786699941188465,3.0553334282955587,3.069909590627243,3.0759263038630658
65.55,3.0744922453631816,3.036917130554595,3.0764663803012984,3.0511318016875824,3.0653521477987655,3.079983609474656
65.60000000000001,3.0704172161486114,3.0415244009754754,3.0739686824571653,3.0472837524640863,3.0606181689061294,3.083644648062707
65.65,3.06602130569454,3.046358195592796,3.0711908727004733,3.043974765474261,3.055820540735942,3.0868736086763384
65.7,3.061348650284141,3.0512459680471715,3.0681465745565,3.0413565240087985,3.051134538560369,3.0896459519444117
65.75,3.056524185949753,3.0560615419273636,3.0648452448455266,3.0395520133908946,3.046754431206324,3.0919442950005793
65.8,3.0517338562509475,3.060704474361685,3.061298075114418,3.038666827456195,3.0428663876289415,3.0937627017514227
65.85000000000001,3.0471881866936434,3.0650955673019986,3.057513202978327,3.0388017926044206,3.0396362023270305,3.095102226714857
65.9,3.0430851098099536,3.0691605601611225,3.0535319593332573,3.0399772336351822,3.0372003341085967,3.0959605300838127
65.95,3.0396011853821934,3.0728437903682186,3.049484487412887,3.0420670664516667,3.0356770047749513,3.0963428457942563
66.0,3.036884414806655,3.0761061484795587,3.0455637317708395,3.0448206824895157,3.0351673472811256,3.0962601993181287
66.05,3.0350614555150868,3.0789184621086876,3.041972926416717,3.0479685536200543,3.035761792609281,3.0957257065437003
66.10000000000001,3.034238722569307,3.081258990089156,3.038896545858551,3.051285491745264,3.037481978133362,3.0947502562040077
66.15,3.0345076524752224,3.083113822410321,3.036492272070078,3.054610847760903,3.0402135190748325,3.093347877988002
66.2,3.035951589995661,3.084476643075808,3.03488697821356,3.0578312778632313,3.0437259268781234,3.0915337527065536
66.25,3.038590080128898,3.0853459110905352,3.034189036574804,3.0608687577796183,3.0477533987190424,3.08932192515371
66.3,3.042303276972455,3.08572697288606,3.034503307648436,3.0636651636892274,3.052058157953504,3.0867289411274363
66.35000000000001,3.0468582891358573,3.08562704757157,3.0358512357304925,3.0661770538068334,3.0564534916814226,3.083773496347399
66.4,3.051994878832011,3.0850587520660055,3.0380970618458463,3.0683708395004596,3.0607941427530103,3.0804703704966983
66.45,3.0574638050644145,3.084034769873745,3.0409879377224103,3.070220662354475,3.0649704201647694,3.0768363029407735
66.5,3.063059225760497,3.08256768486034,3.044258818946899,3.0717090746085662,3.0689009491544095,3.072885621834068
66.55,3.068613305988047,3.0806744692892716,3.047706856145036,3.072823917547653,3.072523463025088,3.068635491365351
66.60000000000001,3.073997418017437,3.0783699859520106,3.0511924768281173,3.073559086389825,3.0757887792922194,3.064093790613207
66.65,3.079108297732764,3.075669597913819,3.054618321176301,3.0739150471252525,3.0786640396607097,3.0593110393149776
66.7,3.083867721453896,3.072591169313267,3.0579086930917048,3.0738945665898707,3.0811244561514215,3.05442944099057
66.75,3.088216375478672,3.0691518908173046,3.060997743559637,3.0735018288000404,3.083154603338989,3.0496623379457297
66.8,3.0921109679538605,3.0653663855220064,3.0638302506221065,3.072745165790982,3.084746327676008,3.0452225536175734
66.85000000000001,3.0955200790691118,3.0612497830810095,3.0663648046915366,3.071632488439895,3.085896741290823,3.0412989550630334
66.9,3.098422955564327,3.0568123308328325,3.0685670877748468,3.070176183144224,3.0866074905581087,3.0380451886900626
66.95,3.100808500377187,3.0521057817236548,3.0704142376620744,3.0683867051204023,3.08688563359585,3.0355867542328037
67.0,3.1026716197489765,3.047260314080158,3.0718888069407577,3.06627565089118,3.0867401817083153,3.0340300053356923
67.05,3.104015160975832,3.0424751531209266,3.0729819307949824,3.0638540790398503,3.0861803873340263,3.033470567377599
67.10000000000001,3.104843511174953,3.037961421761858,3.073688740503145,3.0611323393370937,3.0852203863729737,3.0339961134073588
67.15,3.105166533592155,3.033914960232078,3.0740104301780953,3.058121575973179,3.0838727006856232,3.035620852147826
67.2,3.1049967071944695,3.0305022973603326,3.073951553463117,3.054833760803577,3.082151423460825,3.038192933613595
67.25,3.1043492599398856,3.027864373954302,3.0735189081671557,3.0512772277208056,3.080071427727339,3.0414513044095366
67.3,3.1032403148903915,3.0261153493186854,3.072717405905584,3.0475014934368057,3.077646670327778,3.0451127883101603
67.35000000000001,3.1016865810014944,3.025361262097558,3.0715575920210676,3.0436464706686404,3.074891675721666,3.0489514223194054
67.4,3.099706737483932,3.025690328816359,3.070050163419454,3.0399169882682204,3.0718239069233735,3.05280365020158
67.45,3.0973175334967737,3.0271863324800634,3.0682066171860063,3.036524315149901,3.0684552114619126,3.0565493620651165
67.5,3.0945371378909114,3.0298640484169668,3.066039996522755,3.033656472509739,3.064800409098697,3.060100268131151
67.55,3.0913843784660533,3.0335804531878248,3.063559548894774,3.0314682434019105,3.0608726014594496,3.063387209388625
67.60000000000001,3.087875403915214,3.038085372909791,3.060776792999127,3.030081882074648,3.0566818311952573,3.0663548845693556
67.65,3.0840298807998314,3.043112408115377,3.0577068189445065,3.0296014790518466,3.0522692409157735,3.0689577180088077
67.7,3.0798631023728724,3.0484269000479562,3.0543607097272587,3.030124887771997,3.0477590253493085,3.0711619285563327
67.75,3.0753905466217732,3.0538436594330056,3.0507485815706867,3.031670939006677,3.043334120334458,3.0729440139431117
67.8,3.070626762696485,3.059216238698688,3.046909858014701,3.0341068775875324,3.03919755205391,3.074288049435115
67.85000000000001,3.0656163300479315,3.0644263900160276,3.0429683996530867,3.0371771873418294,3.0355424336703063,3.0751872711864987
67.9,3.0604840629093832,3.0693716974860976,3.039114310007341,3.0406122386215166,3.032530101890096,3.0756393966652857
67.95,3.0554191621589335,3.0739428610756887,3.0355512831271714,3.044194449247359,3.0303027874134756,3.0756463712180504
68.0,3.05063035912562,3.078030812279605,3.032469493564025,3.047770494570271,3.028977002380613,3.0752104229878467
68.05,3.046315732806255,3.0815369916456805,3.030027366404379,3.0512352165890886,3.0286499190368876,3.0743387326443035
68.10000000000001,3.0426401428437124,3.08438148640588,3.028365447577473,3.05451121200679,3.0294157563582678,3.0730448729047835
68.15,3.039747007706648,3.086501520398523,3.027597569580569,3.057539485877918,3.0312980027648035,3.0713400625039817
68.2,3.0377589400722758,3.0878516862967667,3.027822173524715,3.0602743670927515,3.0341773163643437,3.069235189452628
68.25,3.03677903413606,3.0884010282038057,3.029137120451909,3.0626770936979986,3.037821898509526,3.066745600999666
68.3,3.0368934219397796,3.088131287921019,3.0315577695404885,3.064718424891786,3.0419660280137832,3.0638840422638354
68.35000000000001,3.03818465633629,3.087038640519802,3.034956216936743,3.066378994536069,3.046371544107317,3.0606667382685457
68.4,3.0406682788235146,3.0851252606237742,3.039083235344349,3.0676466876026787,3.050844293564168,3.0571072257965874
68.45,3.0442215511436177,3.082409728074331,3.043677181541594,3.0685151199915763,3.0552386190371212,3.053213210209578
68.5,3.0486059533327206,3.0789418473304955,3.0485168084318786,3.068983727615339,3.0594463707416635,3.049038876039611
68.55,3.053551177255481,3.0747925585041345,3.0534352388548553,3.0690511688480884,3.0633856266275887,3.0447332511737253
68.60000000000001,3.0588063388551414,3.0700409694398316,3.0583074422841765,3.0687230030063835,3.0669960715772726,3.0405121338734893
68.65,3.0641645975668674,3.064757802005647,3.0630278018550707,3.0680067867712726,3.070232045498432,3.0366010242198755
68.7,3.0694646763443756,3.0590397517253756,3.0675163861709867,3.0669116177284095,3.07305862545714,3.0331876127048427
68.75,3.074583531657071,3.05304376816669,3.071696298273646,3.065451091283841,3.075449694481906,3.0304245051445946
68.8,3.079424045928882,3.0469815442597445,3.0754805835647634,3.0636374373469155,3.0773935418238696,3.0284428602728917
68.85000000000001,3.0839149202414653,3.041080037786974,3.0787765080425173,3.06148126844919,3.078881423687216,3.0273533913316344
68.9,3.087998196988353,3.035541040417498,3.0814992099117777,3.0589953575956335,3.0799122623551765,3.02724796736922
68.95,3.0916356704260948,3.0305481448315463,3.0835805922049726,3.0561907964550126,3.080489051980339,3.0282222049893877
69.0,3.094784967118274,3.0262510926348947,3.084966118843264,3.05307958702092,3.08061622089604,3.030287488429853
69.05,3.097390866088022,3.022777099182066,3.0856305953042567,3.0496777901653926,3.0803037316267425,3.0332895181257373
69.10000000000001,3.0993853680552674,3.020241052529897,3.0855879559629815,3.045992626421422,3.079563025309067,3.0369656710788373
69.15,3.10070285726949,3.0187336921304455,3.08487998500257,3.04207281915222,3.0784060186461164,3.0410416428924014
69.2,3.1012919586503815,3.018339860949928,3.083566571335201,3.0380596721447803,3.076846997352545,3.045296168779818
69.25,3.101116796545413,3.019126731886912,3.081705336294314,3.0341632444659523,3.0749026963683086,3.049568166002147
69.3,3.100156380638352,3.021167306219468,3.0793502265618327,3.0305992991846726,3.072587590152172,3.0537398596202925
69.35000000000001,3.098418210196679,3.0244585379186404,3.076545467449154,3.0275546819408405,3.0699156795819067,3.0577180692278643
69.4,3.095946834070027,3.028863539911986,3.0733320537363116,3.0251807762108402,3.066903017155122,3.061432879897182
69.45,3.092814755491431,3.034122441396009,3.0697432980585746,3.0236007598070644,3.063564603686224,3.0648101898539704
69.5,3.0890995160605956,3.039950755191733,3.0658105406476093,3.0229164059252356,3.0599121463500993,3.067760611005213
69.55,3.0848709496250133,3.046100066020107,3.0615594492176403,3.0232227974414108,3.055960298561798,3.070191978135153
69.60000000000001,3.080185349967146,3.052366507590565,3.057040567654628,3.0246068423739674,3.0517528731589962,3.072017297849826
69.65,3.075092989789993,3.058588862542532,3.052383078531031,3.027081575226761,3.0474228306137743,3.0731697949935057
69.7,3.069630002469315,3.06464115626881,3.04777102883112,3.0304956168703563,3.0431677585321752,3.0736029963145897
69.75,3.0638658822726486,3.070420088149596,3.0434090389688473,3.0345800139486747,3.039199229203933,3.073289503124693
69.8,3.057941969771825,3.0758436155392874,3.039489042132505,3.039054004778663,3.035710445087208,3.072210622974969
69.85000000000001,3.0520621740660214,3.0808490409881313,3.036181959258398,3.0436963461533972,3.032865551139765,3.070376994154725
69.9,3.046440775824196,3.0853870553345986,3.033627699257201,3.048345801932828,3.0307992298804196,3.0678292648373553
69.95,3.041276282314904,3.089420829224298,3.031949961344158,3.0528929889776597,3.029622513267684,3.0646352419177822
70.0,3.036730989909785,3.0929265812430446,3.0312491146129292,3.057250881513419,3.0294378689829355,3.0608670156087032
70.05,3.0329469423045308,3.0958936399004133,3.0316170403691243,3.061348630890074,3.030333971533571,3.056590759056843
70.10000000000001,3.0300344258816843,3.098304429533785,3.0331320070406473,3.0651246078818204,3.032331577090273,3.0518542285826062
70.15,3.028100223884241,3.100124950215387,3.035811508441771,3.0685351959039964,3.0353079224965684,3.046737522446215
70.2,3.027225628785689,3.1013060715747307,3.039523926679277,3.071546183781413,3.0390194111590656,3.041401077979452
70.25,3.027491408554896,3.1017963260721655,3.044024511148674,3.0741357293544294,3.043192038141027,3.0360647720927867
70.3,3.0289714285943963,3.1015541734964054,3.0490465205744917,3.076287187199156,3.0475908004681465,3.030956653493194
70.35000000000001,3.0316691871943973,3.1005626672412983,3.054352286688788,3.077989497264948,3.052028394382414,3.0262756911990585
70.4,3.035446263079263,3.098839588622946,3.059752326654788,3.079242208005535,3.0563665343040602,3.0221815912144536
70.45,3.0400446039288176,3.096435073215472,3.065103760457173,3.0800469578753376,3.060499556069176,3.0188118961325974
70.5,3.045177424831265,3.093413067840184,3.0702932376540466,3.0804075049746262,3.0643511120059914,3.0162819042259654
70.55,3.050588674056397,3.0898374298655162,3.075226400124979,3.0803301502924993,3.0678596124317647,3.0146909961268333
70.60000000000001,3.0560762138445203,3.0857675082199507,3.079831249993226,3.0798263203055036,3.070980665947664,3.0141286325493613
70.65,3.061478202261872,3.0812536924469285,3.0840516903453112,3.0789064400632964,3.0736818111937603,3.0146725960839453
70.7,3.0666770501061302,3.076339117372312,3.087846753360894,3.077586640481617,3.0759373689709393,3.016396828001544
70.75,3.0715865131059634,3.0710589193820574,3.091188126996018,3.0758817727992556,3.077734620884605,3.019301082647671
70.8,3.076136380812795,3.065475450402838,3.094057190504808,3.073803905839478,3.079066031030633,3.023226394675503
70.85000000000001,3.080275608198713,3.0597181268957057,3.0964405481504986,3.071369570104779,3.079929627587395,3.027894469901057
70.9,3.0839651764177276,3.0539793352568263,3.0983348753911857,3.06859376815623,3.080328986171224,3.0330149618468654
70.95,3.0871783265403407,3.048468371174609,3.099741389533222,3.0654894903113914,3.080271392372246,3.0383539959995534
71.0,3.089895889797927,3.043384737641753,3.1006646635829185,3.0620663587053287,3.079765878575124,3.0437366975105538
71.05,3.092108269018608,3.038900252509686,3.101113704309905,3.0583426233063133,3.078821868458832,3.04902777989834
71.10000000000001,3.093799951928169,3.0351686305299737,3.101100319100104,3.054327932576752,3.0774540954865963,3.0541271107617076
71.15,3.094933692393874,3.032312535048142,3.1006373658776565,3.0500720823326675,3.075675705918084,3.058951037416617
71.2,3.09545116861302,3.0304367542111725,3.099738170788956,3.0457131246882017,3.0735050261982604,3.063431948654488
71.25,3.0952985563600577,3.029636925714528,3.098419382028583,3.0414579998977715,3.070955703057889,3.0675045186804004
71.3,3.0944319468097317,3.029989798532472,3.096696107064612,3.0375170035135675,3.0680424184111,3.071087528820976
71.35000000000001,3.092841940251036,3.031569649813336,3.09458524362328,3.034082783655196,3.0647807773359124,3.074096648282354
71.4,3.090563951331586,3.0343855811360303,3.092102793628173,3.0313033809252863,3.0611840057318203,3.07645153102798
71.45,3.0876650164254635,3.03830740919198,3.089265062588003,3.0293097592930067,3.0572644981682773,3.0780907954649686
71.5,3.0842158784872913,3.0430952309185186,3.086088464601571,3.028205308555742,3.053073927132518,3.078971731559035
71.55,3.0802792072011975,3.0484769979953654,3.082588321599116,3.0280837735616677,3.048751975823216,3.0790669596423963
71.60000000000001,3.075908115523954,3.054197395165714,3.078778290030536,3.0290380721412986,3.044505452376844,3.078359479323528
71.65,3.0711445319226987,3.0600522982394707,3.074675197391032,3.0310835803437937,3.0405558594361812,3.0768473855462948
71.7,3.066013891901647,3.0658698953797985,3.070290978913137,3.034064442131112,3.037096571086315,3.07454607684708
71.75,3.060584736813724,3.0715187536695847,3.0656357004447403,3.0377174259378914,3.034280723369475,3.071501340101235
71.8,3.055004795957074,3.0768936991760754,3.060753242899757,3.041766359445463,3.0322424026159633,3.0677849733036666
71.85000000000001,3.04948549691455,3.0819134878085586,3.0557600854927096,3.0459934727833993,3.031089330306493,3.063474025182638
71.9,3.044245154742735,3.0865159884951554,3.0508344112927173,3.050246186224381,3.030921847819372,3.058634294604298
71.95,3.0394799090452005,3.0906459704914413,3.046176235676649,3.0544117736646754,3.0318263242259675,3.0533577152422615
72.0,3.0353484920109954,3.094238669687342,3.041978065289103,3.0584006079252704,3.0338265442613386,3.0478120424471045
72.05,3.031982246259673,3.0972190814633036,3.03840636223676,3.062135882570933,3.0367798886048933,3.0422184153735876
72.10000000000001,3.029492267043717,3.0995169536137133,3.035606998355682,3.0655576034047956,3.0404362866320263,3.036802391089164
72.15,3.0279780006203074,3.1010740367691754,3.033698930208113,3.0686194654737333,3.044520806324946,3.031767460446999
72.2,3.0275236330794733,3.101846397940743,3.032782708519552,3.071284882301414,3.048798700747979,3.027284731312225
72.25,3.0282039113870773,3.1018085973930543,3.0329524412090065,3.073528575471563,3.053093344136844,3.0235005565066846
72.3,3.0300933972729327,3.1009467322430946,3.034283774437809,3.0753305789669985,3.0572734615425166,3.020535637615079
72.35000000000001,3.0331945338389077,3.099258188863748,3.0367945141018637,3.076683611856336,3.061239367848449,3.018492608326138
72.4,3.037350994882507,3.0967604834995157,3.040359276317869,3.077584460591245,3.0649176027082463,3.017465924092367
72.45,3.0422986721010004,3.0935028597820344,3.044745164738053,3.078035356386528,3.0682505354945966,3.017535095755578
72.5,3.0477468376564976,3.0895594588923965,3.0496856049606587,3.078039967228267,3.071191806142156,3.018768838776985
72.55,3.053443664359184,3.0850092537757443,3.0549343104185622,3.0776074878445887,3.073706616307851,3.021238112838099
72.60000000000001,3.0591891410589933,3.0799301108851593,3.0602928679539643,3.0767462298775476,3.075775515940611,3.0249395414099745
72.65,3.064836151390042,3.0743854281707157,3.0655995318092053,3.075462352136926,3.0773840803233,3.0297146770817163
72.7,3.070272914735296,3.0684606473049527,3.0707327914587736,3.073773361652643,3.0785279651338384,3.0352929605996124
72.75,3.0754181943219763,3.0623033154026387,3.0755919814318275,3.071694947192032,3.0792021803829264,3.041376212277053
72.8,3.0802094665114907,3.0561174488086604,3.0801052363125057,3.0692448676645414,3.0794081865658534,3.0477202275101023
72.85000000000001,3.084581897234065,3.050117422010722,3.0842151500490713,3.0664349897750807,3.0791536961127717,3.0541392185589142
72.9,3.088455834377212,3.044509990491948,3.08788096282057,3.063277879550228,3.0784471617631755,3.0604905789286265
72.95,3.0917432266123273,3.0394691143523684,3.091071519297318,3.059788656696551,3.0772968682698183,3.0666528738900163
73.0,3.094365844277441,3.0351480172183436,3.093770159938321,3.055983511386891,3.0757185440225303,3.072529180825569
73.05,3.096263303410879,3.031676077661596,3.095963972005248,3.0518735288215826,3.0737284137412453,3.078041603310786
73.10000000000001,3.097391454318314,3.0291573494129436,3.0976501148811666,3.0475065434927346,3.071341744105311,3.0831196889538948
73.15,3.097725285989699,3.027688512204153,3.098829856068223,3.0430168014133328,3.068570745084693,3.087683208358092
73.2,3.097254872697582,3.0273487893456696,3.0995093731655388,3.038602643049629,3.0654314409060484,3.0916442283075583
73.25,3.095974189191,3.0282046319506355,3.0996963099303025,3.0344798728663758,3.0619440243687444,3.0949248037790054
73.3,3.09389048676357,3.030327375043313,3.0994059970037187,3.030835057232302,3.0581224529687003,3.0974634650416846
73.35000000000001,3.0910295681159514,3.033716240735718,3.0986503669240792,3.0278268724209854,3.0539774306215373,3.0992147934082452
73.4,3.0874547550601052,3.038237918913466,3.0974441512587805,3.0255916437215062,3.049555435500719,3.1001461908955417
73.45,3.0832526192261778,3.043646402956255,3.095804369844265,3.0242411217763405,3.0450017552613846,3.100237951299012
73.5,3.078508406396795,3.049659722830031,3.093748688204068,3.023877282567036,3.0405319959554733,3.0994827659221627
73.55,3.0732889688134764,3.0560143203434538,3.0912933461439107,3.0245844078520747,3.036365678111385,3.0978940388092195
73.60000000000001,3.067683471922883,3.0624890552388053,3.088455095880095,3.0264429162919213,3.0326986656894874,3.095516640497449
73.65,3.061857717326375,3.0689082157773884,3.0852516427606482,3.029457597041106,3.029682711191489,3.0924217993446073
73.7,3.0560326036201713,3.0751359541357846,3.0817022923684596,3.0334797934130258,3.0274502350692556,3.0886872737782194
73.75,3.0504375159083152,3.0810651395767077,3.077819293562035,3.0382490881267006,3.026102882107465,3.0843839109351787
73.8,3.0452639876522936,3.086616448646274,3.0736205090977555,3.0434936060395024,3.0257372159434817,3.079573612087743
73.85000000000001,3.040677254424488,3.0917289102021264,3.0691229171305547,3.0489864387606427,3.026436170628296,3.0743117629717465
73.9,3.036803381880547,3.096354761054305,3.0643358671208967,3.054547649696393,3.0282843305615232,3.0686756689651813
73.95,3.033763638066862,3.100453091872362,3.0593035024987705,3.0600420659793763,3.0312818195219213,3.0628125394054764
74.0,3.0316560055430957,3.1039681051959,3.0541504029749227,3.0653587127334934,3.035278001129622,3.056930259496827
74.05,3.030567467220376,3.1068319488908784,3.0490588981516584,3.0704047267078245,3.0400035121281563,3.0512499998960934
74.10000000000001,3.0305706137126354,3.1089804288424596,3.0442352234751233,3.0751082568397283,3.0451692897556915,3.0459688028647327
74.15,3.0317448814944106,3.1103624253267195,3.0398744072641004,3.079414126246369,3.0505371123437803,3.0412638379297836
74.2,3.0340881492339875,3.1109409261284617,3.036142290811138,3.0832791535268256,3.0559235460447467,3.0372757406873894
74.25,3.0374471619969294,3.1106958616791665,3.033180636592822,3.086674771721476,3.061190915845153,3.034127306504597
74.3,3.0415411250629933,3.1096189030434673,3.0311140101172787,3.0895778739320328,3.0662411636134683,3.031927463061458
74.35000000000001,3.046073044499632,3.1077121107745405,3.03004096474702,3.0919751397036834,3.0709922648076815,3.030769043942604
74.4,3.0507986744959936,3.1049985176370956,3.0300499968675356,3.093862642956643,3.0753781861538574,3.030729736980845
74.45,3.0555352062132224,3.101533722777124,3.0312203767286015,3.095242352621375,3.079347458166855,3.031887189893908
74.5,3.060152407161241,3.097398101639856,3.0335720080203465,3.0961158518308745,3.082861855910127,3.0342476888287897
74.55,3.0645582617212486,3.0926759947779265,3.0369798917518,3.0964925545251853,3.0858961314359115,3.037667767013342
74.60000000000001,3.068681123861924,3.087442422710287,3.0412045869961424,3.0963852256486226,3.0884298529572605,3.0418848658790782
74.65,3.072466251234528,3.0817616304222977,3.0459808485338784,3.0958098526293805,3.0904539685504058,3.0466250746320873
74.7,3.0758661792431514,3.0757141018174123,3.0510580446507443,3.094779240261156,3.0919661097504596,3.051642847238123
74.75,3.0788462094123257,3.069451868910732,3.0562292094476753,3.0933091764342304,3.0929657832209316,3.0567563147875054
74.8,3.081377577407726,3.0631804398846687,3.061337303985322,3.091413475610799,3.0934638692548466,3.061822853824006
74.85000000000001,3.083442783091083,3.0571150099641295,3.06625401813162,3.089109871491724,3.093465552586722,3.0667243531590818
74.9,3.085039746615429,3.0514569358305548,3.0708849125629674,3.0864201175981525,3.09298377772124,3.0713622431912078
74.95,3.08616549009212,3.0463824722805426,3.075158110446944,3.083361577644736,3.0920332219338915,3.0756584201004853
75.0,3.086820252510304,3.042035952147567,3.0790177862154344,3.0799501128276043,3.090631835608428,3.0795532994858172
75.05,3.0869968644290586,3.038537734576706,3.082424232909046,3.0762004097592888,3.0887912745579555,3.0830014636911036
75.10000000000001,3.086659681921298,3.0359977913666896,3.085350527431409,3.0721289385459474,3.0865319619603486,3.0859733609742928
75.15,3.085750277870916,3.034500863624047,3.08777630879129,3.067750512499758,3.083868758347313,3.0884444636542
75.2,3.0842314407358726,3.034129303947082,3.089690499494302,3.0630801062252098,3.080816536395369,3.090401687482578
75.25,3.0821088018070455,3.034955913919499,3.0910910765926807,3.0581607276198506,3.0773940527293,3.091840006251729
75.3,3.0794255533895782,3.036989153792082,3.091980237417728,3.0531164094121137,3.0736170583653175,3.0927621328633634
75.35000000000001,3.0762421869274577,3.0400942791298924,3.092363060808716,3.048137650774138,3.0694994586791307,3.0931696626501792
75.4,3.072613669869786,3.0440285777766523,3.092251127854816,3.0434337855625335,3.065056776315365,3.0930731887958904
75.45,3.0685761561302627,3.0485064614064146,3.091655857247078,3.039193668026691,3.060341298019054,3.0924818051093426
75.5,3.0641638114189416,3.0532689052054116,3.090589951644574,3.035583476662791,3.0554947620210515,3.091409722154909
75.55,3.0593967178532337,3.058106336836865,3.0890727406500047,3.0327427205843915,3.050737339655995,3.0898749413264506
75.60000000000001,3.0543332352660237,3.0628574385562395,3.0871180497379473,3.030785372113783,3.046285110727074,3.087892132302217
75.65,3.0491311835056103,3.0674076810861197,3.0847429762967784,3.029817532136767,3.0423270109168388,3.0854773371011137
75.7,3.0440059465877947,3.0716658178334852,3.081965859602555,3.029927456715747,3.0390197500517018,3.08264912419372
75.75,3.0391757077083628,3.075566294898789,3.0788028804212173,3.0311939232557137,3.0364892641006573,3.07942512288386
75.8,3.0348326491539117,3.0790578616716315,3.075270868053506,3.033629730581883,3.034845010314284,3.075823226956961
75.85000000000001,3.0311361999050948,3.0821071008939316,3.071389932841822,3.0371000829959827,3.034182007704588,3.071863240575292
75.9,3.0282041182458275,3.0846870327919538,3.067176509410704,3.041349815044491,3.0345907897337536,3.0675598196284892
75.95,3.0261525262955744,3.0867826538099647,3.062641475417702,3.046114761959566,3.0360787775604394,3.0629269225483995
76.0,3.0250712694445836,3.0883828583676314,3.057831163721823,3.051162013532956,3.038499690054487,3.058012376341595
76.05,3.0250450086642426,3.089486130482087,3.052879637783911,3.0563073861545362,3.0415878200353688,3.05294117237803
76.10000000000001,3.026156322825826,3.0900945235132196,3.047984131294775,3.0614029370720997,3.0450669035494484,3.0478996481176597
76.15,3.0284170564289945,3.0902162555031065,3.0433613955983816,3.0663333235815884,3.048721170776777,3.0431016613924298
76.2,3.0316636859401918,3.089858462209642,3.039203657596385,3.071001878576069,3.0523920536167233,3.0387412712632984
76.25,3.035625415119759,3.08903541604357,3.0356743338708405,3.075333745014722,3.055958873127271,3.0349941645703624
76.3,3.0400167989586815,3.0877637276139778,3.0329194993261748,3.079270434380591,3.0593329736709896,3.0320093423779353
76.35000000000001,3.0446038396155704,3.0860559458620265,3.0310517667935963,3.082766401879239,3.062443648927005,3.0299103416650746
76.4,3.049222892903253,3.0839285902723077,3.0301700644414415,3.0857917733299725,3.0652255748755026,3.0288030415487337
76.45,3.0537488501980166,3.0813985058018307,3.030368066083269,3.0883250902536497,3.0676360908725937,3.0287812686551545
76.5,3.0580914372891885,3.0784825196828534,3.0317234599129,3.090355407823863,3.069638520716417,3.0299284494860927
76.55,3.0621682309068374,3.075200291764511,3.034251148194339,3.09187802151214,3.0712039658930896,3.032260166333404
76.60000000000001,3.065878898840513,3.0715706269221195,3.037822250762598,3.092893419126143,3.0723172072487985,3.0356517465773956
76.65,3.0691180111853056,3.0676063836451815,3.042189502646867,3.093408556608228,3.0729724541865737,3.039867596181221
76.7,3.0717886823707166,3.0633195164345723,3.0470774439209007,3.0934323867470814,3.073164709422551,3.0446478497753304
76.75,3.073812500901162,3.0587625513829195,3.0522384314093864,3.0929755166082953,3.0728991619185986,3.0497531808393177
76.80000000000001,3.0751348142177837,3.054073569962329,3.0574675811770495,3.092049707323534,3.072179752632889,3.0549817558901693
76.85000000000001,3.075722853899808,3.04945853572233,3.0626086322476085,3.0906722920639536,3.071012719164818,3.060173101139871
76.9,3.0755497709961324,3.0451365259952365,3.0675464292484116,3.088858772445074,3.069408042224029,3.065192587052506
76.95,3.0746020111144468,3.0412976941155185,3.072186680308947,3.086626637667248,3.0673775232752383,3.069908003892437
77.0,3.07287758668345,3.038109588108058,3.076460411708339,3.083993886868829,3.0649358193025544,3.0741954365243385
77.05000000000001,3.070389937175603,3.0357098480672566,3.0803146616868418,3.080976017598646,3.0620990844273024,3.0779436049022815
77.10000000000001,3.0671929990838884,3.0342100317497858,3.083707620526591,3.0775929974347482,3.058881668637265,3.0810564833629406
77.15,3.063360072510838,3.0337134295969235,3.0866128947367564,3.0738579819323224,3.055295779175423,3.083460535252042
77.2,3.058967432902889,3.0343104974115125,3.089010858462372,3.0697896841754693,3.051354761394678,3.0851002614633725
77.25,3.05407870228464,3.0360219651661233,3.0908938451861343,3.0654002697168456,3.0471118928471084,3.0859380417337006
77.30000000000001,3.0487860799368027,3.0387164927848467,3.0922565144492573,3.0607343714876762,3.042707183351376,3.0859458878588426
77.35000000000001,3.0432551267530865,3.0421572487099215,3.0931033960677015,3.055916663435067,3.038359766790273,3.0851149154924804
77.4,3.03770830286883,3.046067325175685,3.0934402745731324,3.0511341449430116,3.0342899867686173,3.083442339888526
77.45,3.032372800598078,3.050211909850002,3.0932768354904576,3.0465892910778383,3.0306900875383858,3.080944145050216
77.5,3.0274515873042476,3.0544072635860764,3.0926243129180757,3.0424846891149353,3.0277236182443774,3.0776671549203676
77.55000000000001,3.0231057413087328,3.0585132554881493,3.091499564234471,3.0389915070345155,3.025526981352942,3.0736851791082103
77.60000000000001,3.019467536830017,3.06242583167882,3.089915780416569,3.036255179372348,3.024208921717604,3.069076297885541
77.65,3.0166559511889446,3.0660686572158866,3.087890840349541,3.034400198921234,3.023866040921229,3.0639158442077012
77.7,3.0147721642726104,3.0693675405574985,3.0854413167705417,3.0335335855402676,3.024592542348179,3.058300294347809
77.75,3.0139044812534728,3.0722376770335136,3.0825846717823295,3.033741164719991,3.0264629559514287,3.052386247461474
77.80000000000001,3.0141352893435402,3.0745861849439082,3.0793376150099756,3.035113067290281,3.029484712381073,3.0463858811919677
77.85000000000001,3.015531006252678,3.076325596379789,3.0757217208572096,3.0376620583735763,3.0335122598171327,3.0405242604883616
77.9,3.018157782271188,3.0773840768007457,3.0717485451387807,3.0412616309610363,3.0382766189190678,3.0350114934593218
77.95,3.022006105304207,3.0777147926135955,3.0674405339171678,3.045679164583752,3.0435044986062763,3.030033591851539
78.0,3.0269166855179006,3.077288477698849,3.0628069895097,3.0506496461416224,3.048960227462551,3.0257464448167566
78.05000000000001,3.032607188369551,3.0760934495650525,3.0578985672183197,3.0559334012100283,3.054459224613705,3.0222827503599685
78.10000000000001,3.0387817769015375,3.074120529247443,3.05285469698725,3.0613341436246095,3.0598649858094022,3.019754187687761
78.15,3.045195383540552,3.071372949676327,3.0478863952109676,3.06669092346434,3.065066699490519,3.0182617921222947
78.2,3.0516649348651073,3.0678766487499463,3.0432092589909776,3.071874725328707,3.069978199296594,3.017882692671757
78.25,3.0580585246250593,3.063694174920746,3.0390166134284478,3.0767872595477983,3.0745289357171863,3.018693603804096
78.30000000000001,3.0642628198447617,3.058903191212785,3.0354734454984316,3.0813467359348503,3.0786643872077954,3.0207630226549327
78.35000000000001,3.0701904329137273,3.0536197103857328,3.0327094517722446,3.085493259173274,3.0823425357700907,3.0240911371900605
78.4,3.0757556322425144,3.0480307106917874,3.030834675453105,3.0891845734634744,3.085523055903226,3.0285496798214835
78.45,3.080865626860011,3.04237205438108,3.029950561188949,3.0923901886723506,3.088148846182633,3.033894040089748
78.5,3.085425443888109,3.0368782132131935,3.030140098101026,3.095088158787662,3.090145328997058,3.039841758755829
78.55000000000001,3.089350071390386,3.031756665421531,3.0314851871742214,3.0972675046598135,3.0914460111753788,3.0461370809102783
78.60000000000001,3.092562987434396,3.027172443125441,3.033995269100462,3.098923431103277,3.0920185859881912,3.0525613444795296
78.65,3.095013334694344,3.0232672833806795,3.0375296903564353,3.1000545027269295,3.091867135114209,3.058939997673529
78.7,3.096666636594247,3.020164129961225,3.041832008157263,3.100669525472359,3.0910347377711367,3.0651335865840643
78.75,3.097504393464083,3.017967605114638,3.0466177314032983,3.100779099116817,3.0895748675421273,3.0710341288811267
78.80000000000001,3.0975138121969885,3.0167697465859997,3.051638072698777,3.100393952709231,3.087540894670819,3.076557137267757
78.85000000000001,3.096693666467748,3.016655796901221,3.05670354217609,3.0995303294959844,3.084977366117133,3.0816395317689
78.9,3.0950568742638946,3.0176902986935823,3.0616662376097152,3.098203111229969,3.0819229056741557,3.086223831797999
78.95,3.092655220948425,3.0199448357349645,3.0664178189605584,3.0964295238030544,3.0784111656392645,3.0902435479688832
79.0,3.089563990361463,3.0234206481442536,3.0708761137832483,3.094227484585602,3.0744765126602935,3.093626168215611
79.05000000000001,3.0858599329744005,3.0279517458279157,3.074971263800057,3.091616478160349,3.0701509798016025,3.0963002729239046
79.10000000000001,3.0816170352568912,3.0332681528039043,3.078653126079458,3.0886122683034642,3.0654509344192853,3.0982088194660222
79.15,3.076895905875953,3.0390757364273684,3.0818788826829318,3.0852331034257223,3.0604329107960924,3.0993094615138648
79.2,3.0717452456209466,3.0451193771600997,3.0846206255835003,3.0814951722068282,3.055240219825362,3.099574617795957
79.25,3.066244890845173,3.05119985089462,3.0868615739574774,3.0774193922547997,3.0500831074605106,3.098991382182532
79.30000000000001,3.060541516008711,3.0571652582857536,3.08859103023441,3.0730183628046484,3.045178001669306,3.097566749231074
79.35000000000001,3.054848556183391,3.0629051328998393,3.089805055929436,3.0683055256193197,3.040721679252535,3.095345840757513
79.4,3.049383209714488,3.0683360879195565,3.0905088849902778,3.0633236800429833,3.036876241952479,3.092396915016902
79.45,3.0443435459640833,3.0733913387222027,3.090711160407078,3.0581981333278487,3.0337895053554877,3.0888009240920233
79.5,3.039894638374226,3.078020376757162,3.0904196706710727,3.053110486530185,3.0315681024178116,3.0846325185271537
79.55000000000001,3.0361763940588538,3.08218639060007,3.089642195777945,3.0482684646572524,3.0303218912278043,3.0799576349321733
79.60000000000001,3.0333023661175464,3.0858493472885775,3.0883917245244206,3.04386905501898,3.0301346802996045,3.074833274645885
79.65,3.031377658420117,3.0889516533305486,3.086683668117476,3.0400867114496437,3.0310892064412096,3.069302880785565
79.7,3.030490980362206,3.0914228948837943,3.0845384083946774,3.03706657668338,3.033200309376909,3.0634369516675672
79.75,3.030720822152119,3.093195710052942,3.081972315863205,3.034934920993208,3.036318601646003,3.05737602804089
79.80000000000001,3.0321349809583613,3.0942178965751013,3.0789998555958547,3.0337960691098367,3.040189828405863,3.051317845777858
79.85000000000001,3.0347429739703298,3.0944587118893407,3.0756401045498936,3.0337397581309493,3.0445448735966987,3.045476471392858
79.9,3.0383881060864915,3.0939030569256936,3.0719090310782065,3.0348482371501,3.0491520636924556,3.040051488500238
79.95,3.042807996995373,3.09255034558494,3.0678244296240282,3.0371414074892007,3.053834000089043,3.035219230501612
80.0,3.0477096761129805,3.0904045634717257,3.0633979430073,3.040497847633902,3.058456215212237,3.0311297187214006
80.05000000000001,3.0528560927100252,3.0874884871331347,3.0586835388027778,3.044683314105513,3.062906923636288,3.0279068919652627
80.10000000000001,3.058071821497955,3.083864059118601,3.0538289165350525,3.049434605154035,3.0670938479594674,3.0256562488966074
80.15,3.063228705235899,3.079615514842454,3.049051126780119,3.054507694370224,3.070944247582803,3.0244698036810553
80.2,3.0682172257828753,3.0748267751491327,3.044574205100209,3.059695606995465,3.074401376172692,3.0244295825591876
80.25,3.0729519582092317,3.0695613139302926,3.040589444966218,3.064834226655297,3.077423455175328,3.0256043134332837
80.30000000000001,3.077362028087436,3.0639087828605307,3.0372536961383645,3.0697940554173413,3.079965551939283,3.028007213293872
80.35000000000001,3.081389983023373,3.0580392299621093,3.034698265019439,3.074476458083127,3.0819729956254007,3.031510630968494
80.4,3.0849907184584513,3.052174911993096,3.033029833593646,3.0788023417953005,3.083380267384577,3.0358697899610125
80.45,3.0881234054124014,3.0465433235040917,3.0323466258268152,3.082715197071219,3.0841219515628686,3.040810495541849
80.5,3.090730515469714,3.041336188487369,3.0327316794346344,3.086172495629766,3.0841475443062767,3.046074990140816
80.55000000000001,3.0927474922768172,3.03671632532188,3.034266361761444,3.089143993544326,3.083429771436969,3.051449143215867
80.60000000000001,3.094109499427692,3.0328184642870584,3.036957427110766,3.091610048858859,3.0819852501242244,3.0567657845900573
80.65,3.0947621293601455,3.0297572034928892,3.0406565925953815,3.093558859130217,3.0798619611495197,3.0618953766367834
80.7,3.0946788868411064,3.0276248924474096,3.0450945148013497,3.0949886789751653,3.07711977813245,3.066738048949444
80.75,3.093877504627334,3.0265094525416285,3.0499867650334527,3.095900758836966,3.073816918534551,3.071218013576052
80.80000000000001,3.0924037953499153,3.026489532884063,3.055090719203413,3.09630180734448,3.0700065068683364,3.075279915321032
80.85000000000001,3.0903176465452917,3.027643978079675,3.0602232770082334,3.0962012914175636,3.065732035777462,3.07887117872668
80.9,3.087675466880457,3.029975142282133,3.0652484660476995,3.095613432346742,3.0610333117047723,3.081926121448852
80.95,3.0845288646228313,3.033318847950295,3.0700612984118956,3.094551170265979,3.0559736707292227,3.0843712972793025
81.0,3.080923479077922,3.037396468846179,3.074579872487842,3.093032400652774,3.0506970007723897,3.086134380789345
81.05000000000001,3.0768985366929305,3.0419072584683207,3.0787364612433414,3.0910737552786096,3.045407288775769,3.0871594804842846
81.10000000000001,3.0724887726452157,3.0466111980874424,3.082482179305538,3.088692235991263,3.0403252682675626,3.087407470304824
81.15,3.067722137860111,3.0513285260636906,3.085774942809377,3.085905105316771,3.0356476972624975,3.0868521709697903
81.2,3.062655532533895,3.0559333111453393,3.0885875812625474,3.082731585846661,3.031557606985264,3.0854826252282432
81.25,3.0574281610193097,3.0603306040226,3.090901921278834,3.079189652253994,3.0281958282494053,3.083310059940238
81.30000000000001,3.05223356259557,3.064449041698586,3.092710495198525,3.075293715118743,3.025687955292608,3.080381534669603
81.35000000000001,3.0472841419971926,3.068229415945101,3.094006915977094,3.071062598256226,3.0241438311656044,3.076772824321115
81.4,3.0427773528004516,3.0716259748561274,3.0947928750842615,3.0665084836330365,3.0236549283897314,3.0725642553136323
81.45,3.0388790200533915,3.0746022480201214,3.0950705497024398,3.0616771503821663,3.0242995780288853,3.067827825827351
81.5,3.035727797551795,3.0771330912498205,3.0948521845554553,3.0566964707360196,3.0261583583988454,3.0626248313989075
81.55000000000001,3.033449652692375,3.079200787655373,3.0941485546076413,3.051759625352995,3.0292348658774912,3.0570348356640817
81.60000000000001,3.032145758742385,3.0807992289847204,3.092975123296794,3.0470737077311107,3.033388951779427,3.0512100196455516
81.65,3.0319081091280067,3.081910990690731,3.091346301868154,3.0428404696249554,3.0383737406462226,3.0453651414762124
81.7,3.032818879441864,3.0824929536355907,3.0892754956925645,3.0392293618275485,3.043913267601704,3.0397201074897007
81.75,3.034892953708937,3.0824858396180197,3.0867767638873875,3.036385037176872,3.049763054210577,3.0344765854544793
81.80000000000001,3.0379965004895926,3.0818346765401587,3.0838719809120394,3.0344304015951913,3.0557282727472757,3.029815406967236
81.85000000000001,3.041881009994551,3.0804975350854806,3.080577872895547,3.033469720530628,3.06164501969138,3.0258785788891127
81.9,3.0462747703416087,3.078466240243777,3.0769114401298183,3.033591205044644,3.067383872957043,3.022790512145381
81.95,3.0509490649247417,3.075777312969728,3.0728908031506097,3.0348793853678986,3.0728467556218075,3.0206602022683273
82.0,3.05572384138984,3.0724945629105154,3.0685296587444233,3.037351316626046,3.077946434026674,3.01957791774628
82.05000000000001,3.0604577675527906,3.068689391690795,3.063840889856863,3.0408793782097217,3.0826106157478934,3.019621892112505
82.10000000000001,3.06503666142156,3.064417588042645,3.058877548118078,3.045235157055132,3.0867631559126183,3.0208644420647115
82.15,3.069367605826241,3.059720631591211,3.0537887505809804,3.050143755109517,3.09031922038978,3.023371736681706
82.2,3.0733758195489513,3.0546744238812185,3.048787419648705,3.055357883856581,3.0931999599952924,3.027143302040667
82.25,3.0769972893628,3.049440956366947,3.0440940810144927,3.0606689379892322,3.095340737311043,3.032039759898648
82.30000000000001,3.0801578390921747,3.04424083722593,3.0399011200719848,3.065912045204431,3.09669330910014,3.037806784234769
82.35000000000001,3.082774424869965,3.0392996238596517,3.0363644727737937,3.0709612415153607,3.0972255321904676,3.0441556606761493
82.4,3.084765964280787,3.034805036106134,3.0336114860873047,3.0757235273973187,3.0969219514781616,3.050820577000707
82.45,3.086068803355342,3.0309176062712044,3.0317521011213366,3.0801232446635654,3.095772929375309,3.057580793610065
82.5,3.0866369893047496,3.0277739617693364,3.0308789525821833,3.08410422552191,3.0937895890003895,3.0642635390293678
82.55000000000001,3.0864517707715686,3.02548483733916,3.0310719751524338,3.087625798382717,3.091013945181449,3.070738793009702
82.60000000000001,3.085529371334986,3.0241522327579435,3.0324197096296626,3.090655919225291,3.0875172830043374,3.0769045048568975
82.65,3.083917814779414,3.0238588139657665,3.0349222105002376,3.0931784951779293,3.0833749637395447,3.082681913477943
82.7,3.081674846579148,3.0246847589603645,3.0384231549508174,3.095183151400964,3.0786662104488656,3.08800252202839
82.75,3.0788622543399837,3.0267037262934813,3.0426520531288745,3.0966648982235245,3.0734547250960467,3.0927865409009296
82.80000000000001,3.075538386808763,3.029915261556901,3.0473239807906793,3.0976256316824293,3.067796070198592,3.096949584576351
82.85000000000001,3.0717525936798564,3.0341534079826076,3.052205260545867,3.098074933170694,3.0617671923857235,3.1004108501489953
82.9,3.067545875246097,3.03913900028161,3.0571227423014062,3.0980220880451763,3.0555154191207565,3.103107567704823
82.95,3.062949379760016,3.0445805924126166,3.06194251377032,3.097480048654645,3.049238209197784,3.1049944896573005
83.0,3.0580263476419,3.050242017433811,3.066566984961917,3.0964654307851625,3.043156294666159,3.106041412596651
83.05000000000001,3.05291521299447,3.055945979370686,3.070908589870679,3.0949903004132975,3.0374660621966916,3.106233518967495
83.10000000000001,3.0478063695946185,3.061566916825016,3.074900511872716,3.093072146097555,3.032345203758745,3.105568686129319
83.15,3.0429148631843774,3.066995583892871,3.078491275262026,3.0907313300216472,3.0279494924777004,3.1040517954528593
83.2,3.038436916325185,3.072150454896471,3.081641965520836,3.0879834685823595,3.0244000596869713,3.1017068586187864
83.25,3.03455039751438,3.076966322675974,3.0843238375976423,3.0848477479658625,3.021807368255152,3.098596974115743
83.30000000000001,3.0314065346286108,3.08138901437128,3.086519033819934,3.0813426575066987,3.0202672950657985,3.094808707851819
83.35000000000001,3.029126096894585,3.0853625805767337,3.088215248329119,3.0774836115801105,3.0198561867220732,3.0904287969121733
83.4,3.0278175926990056,3.088816613066734,3.0894065908305763,3.0732886960614754,3.0206507541358207,3.085534034562573
83.45,3.027573202730553,3.0916717580395643,3.0900940200696287,3.0687738438761083,3.0227094594982202,3.0801850577032703
83.5,3.028479376553588,3.093858930178672,3.0902826643270442,3.0639500432530142,3.026038978110159,3.074429387744058
83.55000000000001,3.0305542863783588,3.095322412505592,3.0899804374677493,3.0588642470062397,3.0304986076871874,3.0683402120539434
83.60000000000001,3.0336716679268387,3.0960238611143662,3.089202190288302,3.0536552900112786,3.0358419444093263,3.0620731056002803
83.65,3.037593889201673,3.0959413249877077,3.087958414417641,3.048517700715787,3.041789214872304,3.0558356834278344
83.7,3.042059514828269,3.095067488745469,3.0862598510852264,3.0436677387794075,3.048083661191238,3.0498482140154146
83.75,3.046835820039897,3.0934044283797575,3.0841246611374,3.0392962064594733,3.0545128142656774,3.0443091953807184
83.80000000000001,3.0517246267763523,3.0909693829630362,3.0815689494949585,3.0355685465508646,3.0609071930103187,3.039382059054792
83.85000000000001,3.056577816442642,3.087812811348983,3.078606381235571,3.032621310698863,3.06712469497576,3.0352018957482696
83.9,3.0612715098620495,3.0840094371911855,3.07526101466777,3.0305744603792317,3.07306062894286,3.0318826079982326
83.95,3.0657088703839395,3.079634851615277,3.071543613969274,3.0295213159269445,3.078623082781022,3.0295204341454354
84.0,3.0698147073675104,3.074761933719227,3.0674730581929426,3.029551524427007,3.0837477236613613,3.0282111613720333
84.05000000000001,3.073532534522106,3.0694443986445923,3.0630607311200793,3.0307458343152205,3.0883841201306432,3.0280275493426867
84.10000000000001,3.0768176073213067,3.0637624226079048,3.058358442846421,3.033116417048012,3.092496420527074,3.029043226006458
84.15,3.0796322843503288,3.057878741911564,3.053512526317539,3.036528755797048,3.0960518254902096,3.031262985303025
84.2,3.0819230107129885,3.0520089633525944,3.048736169026593,3.040738082324871,3.099003522777573,3.034539616672983
84.25,3.0836213451604735,3.046372210645587,3.044251930562283,3.0454644999227436,3.101291801818205,3.038606916503845
84.30000000000001,3.08466655087616,3.041164924109715,3.040251513563925,3.0504612648142704,3.102862075551391,3.0431772233590215
84.35000000000001,3.085006780427605,3.0365442545432995,3.0368875770911163,3.0555268390797368,3.1036624687514247,3.047995423918419
84.4,3.084602834673565,3.0326548204746735,3.0342984170996403,3.0605091090195873,3.1036623016965534,3.0528612713988497
84.45,3.083440463175411,3.029606799234229,3.032593979318852,3.0652903624797503,3.102850462245435,3.057624965094528
84.5,3.081548478068235,3.027499989333268,3.031869387422327,3.06978477262429,3.1012549764614237,3.06217906332006
84.55000000000001,3.078977382568149,3.0264243436757945,3.0322163334953203,3.073921866177128,3.0989347463789914,3.0664441558545037
84.60000000000001,3.0757932512994826,3.0264538346185685,3.0337147712717663,3.077646299014359,3.0959571628951292,3.0703517723581806
84.65,3.072064148127512,3.0276668154304716,3.0363751384711843,3.080922544134833,3.09239382111889,3.073858639483157
84.7,3.067847988923678,3.030062472007457,3.04004258983436,3.0837188914301303,3.0883080312350906,3.0769273886987145
84.75,3.0631950725102537,3.033483968476695,3.0444507581401066,3.086019127864344,3.083751021923362,3.079535631827333
84.80000000000001,3.05817616017508,3.037652835480092,3.0493192984451447,3.0878140363455686,3.078771233813623,3.0816652883923648
84.85000000000001,3.052932832927723,3.042276501184415,3.0544191086813304,3.0891004650472307,3.0734061620969837,3.0833079196300517
84.9,3.0476631087469492,3.0471182435920294,3.059572395839054,3.0898798620684778,3.067717321608504,3.0844485459096713
84.95,3.0425866248334854,3.052006014351437,3.064645331552294,3.0901608539314545,3.0618406789353503,3.085046715253106
85.0,3.037899356908984,3.056816082408333,3.0695313386571965,3.0899507939563065,3.0559704311727907,3.0850421804913606
85.05000000000001,3.0337843384649776,3.0614520724495216,3.074143401172281,3.0892634051944636,3.050315759812972,3.084393076881652
85.10000000000001,3.030394289860962,3.0658342536300047,3.0784122757472696,3.08811222444164,3.045081299647703,3.083105133034021
85.15,3.027857846465783,3.0698931610984896,3.082284225055103,3.0865128115440768,3.0404391499224457,3.081220725122713
85.2,3.026280208862446,3.073575242918364,3.0857139909127556,3.084482180284984,3.0365445738281522,3.07879548283918
85.25,3.0257614770715002,3.076840726106692,3.088666777172662,3.082036513828603,3.033520221581085,3.0758828096816178
85.30000000000001,3.0263752614582433,3.079661816159222,3.091122716919765,3.0791921936746425,3.0314751951050134,3.0725253179571084
85.35000000000001,3.028201462666551,3.082017706235644,3.093070744290937,3.0759665168390917,3.03050018463303,3.06875729346548
85.4,3.0312511091508987,3.083896899325144,3.094511092742873,3.0723799598508403,3.0306791393808368,3.0646049806377467
85.45,3.03539654165049,3.085291426715143,3.0954443491317707,3.0684477135460466,3.0320809960956185,3.0600878608990167
85.5,3.0403978285300304,3.0862020262300547,3.0958683863396126,3.0641854847091783,3.0347187695548716,3.055270542714799
85.55000000000001,3.0459889280682804,3.0866347292271046,3.095793105940796,3.0596053432975268,3.038466571923971,3.0503038101708246
85.60000000000001,3.051914215852131,3.08659572486215,3.095228394623064,3.054756628298354,3.04308162050324,3.0454029263092526
85.65,3.057966151671721,3.0860990062089235,3.0941888894755247,3.0497818111665085,3.0482949567002167,3.0407946217215196
85.7,3.063973418902153,3.0851528856442316,3.0926904146916288,3.0448906254196215,3.0538536188299816,3.036671849033937
85.75,3.069804006681625,3.083769702299896,3.0907473817646607,3.0403025288003795,3.059544234326363,3.033193284002501
85.80000000000001,3.075353403192105,3.081967195336203,3.0883755048304127,3.0362124347974633,3.065192981359023,3.0304906397380447
85.85000000000001,3.0805413030938653,3.0797622023853686,3.0855915205839772,3.0327771932455403,3.0706658349793874,3.0286716144322825
85.9,3.08530535704366,3.0771716284977804,3.0824151007323644,3.030128918849255,3.0758593456726584,3.027833693087063
85.95,3.0896017482154967,3.0742093970413173,3.0788615176970255,3.028377216283894,3.080690661925954,3.0280659030498334
86.0,3.093396988388769,3.070893305718423,3.074948115674872,3.0276168660522838,3.0850973417653362,3.0294493979943655
86.05000000000001,3.096669339433327,3.0672369936536112,3.070691980344274,3.0279353938991007,3.08903558615577,3.0319935572974437
86.10000000000001,3.099409584811041,3.0632559109475683,3.0661054088840602,3.0294122485114183,3.092471195407614,3.0355464454731864
86.15,3.1016105257588453,3.0589663802028313,3.061240884138531,3.0320534195168523,3.0953833904595576,3.039843286047438
86.2,3.103273204251714,3.0544120949812106,3.056232390350903,3.0357182059994106,3.097761506124814,3.0445978780041547
86.25,3.10440601737654,3.0497258886253555,3.0512800711994235,3.040143111605977,3.099598915247189,3.0495711938457517
86.30000000000001,3.105019130093551,3.045108238580401,3.04660189660916,3.0450465074092588,3.10089723369778,3.05458019298848
86.35000000000001,3.105124088945929,3.040766985584121,3.0423928167032965,3.0501848790371606,3.1016640148813632,3.0594934820642026
86.4,3.1047370417671476,3.0368959898205623,3.0388169576334385,3.0553685278812006,3.101909781177239,3.0642071659682393
86.45,3.103874286953943,3.033661265197626,3.036008799033407,3.060452912994589,3.101645793811006,3.0686429766709837
86.5,3.1025539189248845,3.0312005113431737,3.034085928918056,3.0653315841817106,3.1008897958959767,3.072729775562516
86.55000000000001,3.1007959007694774,3.029632412262266,3.0331540368359473,3.0699217976899313,3.0996574272213753,3.0763779160884397
86.60000000000001,3.09861827393875,3.0290571229715484,3.033294758405236,3.0741518219149824,3.097965581470394,3.0794918265563243
86.65,3.0960388040199995,3.029562753236417,3.034593448735372,3.0779712082835045,3.0958348656598926,3.0819848998485564
86.7,3.093076830187695,3.0312317390887396,3.037065134561436,3.0813455954591698,3.093284227741301,3.083788570269587
86.75,3.08975160197736,3.0340733584799784,3.0405606978190836,3.084247769800902,3.0903329134226185,3.084855213859615
86.80000000000001,3.0860802986161313,3.0379492410992204,3.044826417759571,3.086656923865547,3.086996798156477,3.0851552268571427
86.85000000000001,3.082081295546465,3.0426095575941154,3.049594552570967,3.0885651920886543,3.0832988160411543,3.084673798717446
86.9,3.077769732267357,3.047783759035647,3.054634684239908,3.0899693016682384,3.079254520080379,3.0834004767200254
86.95,3.0731614537350453,3.0532375657225357,3.059761368049248,3.090868189566012,3.0748817536398017,3.08135140389048
87.0,3.0682698212488098,3.0587906191777545,3.0648309958331703,3.0912676816092834,3.0701939517620436,3.0785820505903096
87.05000000000001,3.063138678482339,3.064297712306323,3.06973128845259,3.091179650615879,3.0652359042295947,3.0751713265782414
87.10000000000001,3.05789046511234,3.069641810855688,3.0743680492434438,3.090613232397027,3.0601388203337145,3.0711994587338003
87.15,3.0527154841574604,3.0747275430473926,3.078668585709263,3.089583995263857,3.055092181183301,3.066735261608382
87.2,3.0478141822873446,3.079480539638715,3.082574102495994,3.0881081656244884,3.0503074030230932,3.0618272321933486
87.25,3.043381686946463,3.0838301225688136,3.086039643255054,3.086201867857817,3.04598662801491,3.056554210088463
87.30000000000001,3.0395895195447924,3.0877005189887736,3.0890308897483254,3.083878389198717,3.0422938334135763,3.051079933622999
87.35000000000001,3.0365756143831666,3.091009590393774,3.0915285844877167,3.0811559556752797,3.0393794994046646,3.045627181333437
87.4,3.0344617390213346,3.093674950366311,3.0935183449710317,3.078054128748659,3.037362864813934,3.0404205125316164
87.45,3.0333487920888933,3.095631876010022,3.094996594738071,3.074588902089778,3.036351411704882,3.0356599885294813
87.5,3.0333273572122854,3.0968353498928147,3.095963104972683,3.070772134511946,3.0364292693702946,3.0315013938015576
87.55000000000001,3.0344778458507977,3.097255169121875,3.096422543435837,3.0666248165486363,3.0376844940617316,3.0280796145983886
87.60000000000001,3.036811713381484,3.0968726886951843,3.096382581189743,3.062155567978115,3.040132166732256,3.025504739030966
87.65,3.0402134934857563,3.0956831363172816,3.095852752815428,3.057418723546261,3.043647880730029,3.023875940928981
87.7,3.0444399308599652,3.093696358658523,3.0948470901084186,3.052558524414471,3.047999587423034,3.0232806336784646
87.75,3.0492275433888087,3.090959660668102,3.093381009312434,3.0477866839188743,3.0529133718762296,3.0237951334169964
87.80000000000001,3.0543263040505084,3.0875394953189463,3.0914666661338086,3.0433233719237993,3.0581385210448464,3.0254963158122528
87.85000000000001,3.0595281750053918,3.0835112189639773,3.0891256985995756,3.039368969785154,3.0634709518326195,3.0283817967554576
87.9,3.0646741080920776,3.07894396947793,3.086376236641558,3.0360752738670627,3.0687446660197564,3.0322886478767077
87.95,3.0696353840071193,3.0739041881097906,3.083232149307337,3.0335690543395626,3.0738350526827434,3.036939330281953
88.0,3.0743202504125944,3.068448635067556,3.079714963671902,3.031957746029477,3.078642582314924,3.04204146621943
88.05000000000001,3.07865336215555,3.062650825294295,3.075836031474617,3.031328953569788,3.083091710886145,3.04734864846831
88.10000000000001,3.082576744625618,3.0566581356335485,3.071616198199947,3.0317698253626686,3.0871289317953643,3.05268747842348
88.15,3.086053222257218,3.0506631824547186,3.0670678267076426,3.0333675715200012,3.0907053658614685,3.0579251744658094
88.2,3.089050034856668,3.0448804198999815,3.062237368842529,3.036120939598186,3.093751840056715,3.0629607789113162
88.25,3.0915504876090094,3.0395140877625337,3.057257539258013,3.039877689308444,3.096193691172042,3.0677210684264598
88.30000000000001,3.0935448881372993,3.034732920978167,3.0523184817272293,3.0443690692289826,3.0979611907582885,3.0721424972285174
88.35000000000001,3.0950278643502025,3.030680382802123,3.0476306391864547,3.0493097184975135,3.098996641391611,3.076174051065839
88.4,3.096001705522607,3.027481265571924,3.0433919988402645,3.0544618779485853,3.099271346266828,3.0797770790170316
88.45,3.0964775692827953,3.0252419190123714,3.039773814240051,3.059645323177936,3.0988017599132527,3.0829118556507167
88.5,3.096460940962214,3.0240502275272374,3.036918948444141,3.064724662122215,3.097639619126728,3.085518092698488
88.55000000000001,3.0959660689775474,3.02398887743727,3.0349538100121767,3.069601954874553,3.09585112872734,3.0875244409853844
88.60000000000001,3.0950077417804205,3.025131506462115,3.03398072722729,3.0741979243009236,3.0934961670190315,3.088862850500678
88.65,3.0936011733961934,3.0274792399414894,3.034084981605408,3.07844720563233,3.0906235352985716,3.089484205901207
88.7,3.09176646486854,3.03090181231463,3.0353609700022015,3.082299326950272,3.0872769534626756,3.089357662085023
88.75,3.089518204481488,3.035142455595715,3.0378178240396294,3.0857120806214295,3.0834955757009173,3.088463480608828
88.80000000000001,3.086875830406133,3.0399246204744927,3.0413242096819206,3.088658123175172,3.0793142874107797,3.0868118014824013
88.85000000000001,3.0838572789641696,3.045004526756543,3.0456414489348376,3.0911201429894914,3.074765597787004,3.0844488525857323
88.9,3.080477294574942,3.0501887244985504,3.0505020844965998,3.093085277616006,3.069872681157656,3.08144755370194
88.95,3.0767552741138937,3.055333914462832,3.0556737768848112,3.0945459071776646,3.0646926392396296,3.0778839221047813
89.0,3.072707783301498,3.060321640477829,3.0609613892775136,3.0955061844325216,3.0593634041568563,3.0738201975415915
89.05000000000001,3.068349372187612,3.065055969532178,3.066216967987555,3.095977224266119,3.054089425244696,3.0693090147874265
89.10000000000001,3.063693667321708,3.069456789551157,3.071306355587733,3.0959638354665007,3.0490867466687384,3.0643854021800814
89.15,3.058789497183431,3.0734696057931012,3.076132689342375,3.0954787580756187,3.0445488212453395,3.0591260069490462
89.2,3.0537645317441218,3.07704900378945,3.0806162916299438,3.0945301013081394,3.0406464884553213,3.053686344475156
89.25,3.048822210285491,3.080163206101898,3.0846981197308514,3.0931368765055205,3.03751417605922,3.048286307137625
89.30000000000001,3.0441691109402726,3.0827890053385003,3.0883330519269703,3.091313599178982,3.0352726961104652,3.0431441850263794
89.35000000000001,3.0399974366537275,3.084913615486879,3.091487565675614,3.0890746211842037,3.034024114139576,3.038459782139617
89.4,3.036474435401072,3.086532598617398,3.0941399090714117,3.086433218504216,3.03385378842895,3.0343902192026717
89.45,3.0337328452282293,3.087646512966075,3.096277819246504,3.0834079478786434,3.034841812419186,3.031067042322581
89.5,3.0318903761067353,3.088259736964222,3.0978956272457108,3.0800158271435834,3.0370054684791676,3.0286001060975867
89.55000000000001,3.0310468191036986,3.0883799325024985,3.0989937184885625,3.0762751207798638,3.040211713186572,3.0270910945309937
89.60000000000001,3.0312876863785174,3.08801841956394,3.099577621611784,3.072200888087469,3.0442150523746445,3.0266221393431874
89.65,3.032694673245745,3.087189875826333,3.0996563846435334,3.067806802874377,3.048735879197619,3.027268432459645
89.7,3.035277943665391,3.085910065790761,3.0992399156607044,3.0631024208732653,3.053529201562833,3.029109282430319
89.75,3.038909738131819,3.0841958295389023,3.098344387243046,3.0581415722047924,3.058389721492177,3.032145037601977
89.80000000000001,3.043339575685279,3.0820641653456753,3.0969843539668673,3.053069275053794,3.0631725609124416,3.0362105112133313
89.85000000000001,3.048291684229181,3.0795294889600764,3.0951769724386047,3.048096318448596,3.0677625970061673,3.041024960070271
89.9,3.0535199004127445,3.076613070080487,3.0929401529396445,3.043437089102058,3.072072773907933,3.046297041070316
89.95,3.0588198041698487,3.0733338446027374,3.0902929312114464,3.0392825637245884,3.0760366891794932,3.0517899679905534
90.0,3.0640375367894244,3.0697071427820597,3.0872504272160066,3.0357886580082845,3.0796032234169597,3.057328949181952
90.05000000000001,3.06905765812044,3.0657512403342673,3.083832369053677,3.033082751198751,3.0827384745811903,3.062786374373245
90.10000000000001,3.0737887193785394,3.0614783045510583,3.0800570908518217,3.031268352471874,3.0854031217760105,3.0680613046959357
90.15,3.078161601426929,3.056935095824988,3.0759404508637562,3.0304413374314976,3.0875404582171857,3.073071717928262
90.2,3.0821248507062085,3.0522419310964906,3.071501626435014,3.0306865921471844,3.089077198158244,3.0777478352287044
90.25,3.0856398927737954,3.0475856962246284,3.0667516949947156,3.0320859121462123,3.0899611923047745,3.0820351224266913
90.30000000000001,3.088678239460686,3.0431729105490604,3.0617352095868373,3.0346452018917978,3.090185939174979,3.0858903192191813
90.35000000000001,3.091220399902913,3.03920429079277,3.0565752695745,3.0382026292084414,3.0897833592401134,3.089284742647356
90.4,3.0932568141675874,3.0358507137639323,3.0514541073859403,3.042486006722652,3.088800284174196,3.092200621054866
90.45,3.0947823763265228,3.0332645664502573,3.0465821574136793,3.0472111801718906,3.087283746213034,3.094628189791709
90.5,3.095804041830083,3.0315689905361456,3.0421586587638427,3.0521542742370866,3.0852723663480948,3.09655898759024
90.55000000000001,3.0963275669912025,3.0308678180475566,3.038353838409746,3.0571412696995623,3.0827979554764116,3.0979906841064735
90.60000000000001,3.096361588429194,3.0312582766176734,3.0353202591134805,3.062042902102006,3.079891741696404,3.0989294654841086
90.65,3.0959178576795203,3.0328190896043368,3.033178355395454,3.066756962693626,3.076581153505528,3.099383346481655
90.7,3.0950091697737836,3.035567916063048,3.032034898482961,3.0712001722533606,3.072892865635593,3.099364522799979
90.75,3.09365372367702,3.039386460690882,3.0319801745669723,3.075306662476855,3.0688474038315494,3.098883717930464
90.80000000000001,3.0918683093193264,3.04404277235237,3.0331022957659024,3.0790265157407277,3.0644633853944074,3.097955320194025
90.85000000000001,3.089671342352937,3.0492723538870625,3.035413004439347,3.08231710101696,3.0597975578922676,3.0965917521532753
90.9,3.087079612167589,3.054835984930536,3.0387936263218442,3.085149661577641,3.0549947568304567,3.0948116851625103
90.95,3.084110776573715,3.0605293471458466,3.0430124265540184,3.0875077353101794,3.0502644466972484,3.0926301058004806
91.0,3.080781867189691,3.0661848825016977,3.0478036352604523,3.0893791960709303,3.0458260675405517,3.0900636956177694
91.05000000000001,3.077111050986149,3.071671995170867,3.0529284448211307,3.0907567855014366,3.0418761180233496,3.08713131770556
91.10000000000001,3.073113545312622,3.076890082051475,3.058185220886947,3.09163761918933,3.0385752965963646,3.0838472188582995
91.15,3.0688044180995013,3.081759047049017,3.0634085330270775,3.092027924643326,3.0360551173568,3.0802274915501227
91.2,3.0641929922574755,3.0862176880229306,3.0684703303893124,3.091937624404744,3.0344269837490083,3.076290091621491
91.25,3.0593319309929266,3.0902230633520915,3.073269779663124,3.0913828090143056,3.0337898983932576,3.072048330664693
91.30000000000001,3.054361590416935,3.093741259120745,3.077723500034868,3.0903690724693202,3.034234860710785,3.0675119146086933
91.35000000000001,3.0494839924886192,3.096750332678193,3.0817730244207437,3.088910395232499,3.035785219817884,3.0627316951983374
91.4,3.044921905842575,3.099241904947103,3.08537590194817,3.087024437915467,3.038302411535069,3.057842217530497
91.45,3.040860873561026,3.1012063722468275,3.0884961850018273,3.08472526793159,3.041535600047581,3.0530418919719886
91.5,3.0374591460360674,3.102648034085675,3.091117772545171,3.0820309822623067,3.045215757207548,3.0485482748009347
91.55000000000001,3.0348495949756367,3.1035724609365123,3.0932252633349355,3.0789582058455327,3.0491075331719446,3.0445473894403268
91.60000000000001,3.03313452424818,3.103987110753429,3.0948138311092594,3.075516501894261,3.0530340511428804,3.041197116643898
91.65,3.0324129043055983,3.103906436599351,3.0958864716448,3.071724246447448,3.056867177671868,3.0386357966360698
91.7,3.0327707521653084,3.1033440716618177,3.0964484365645593,3.067599175455603,3.0605075319577733,3.036969489567672
91.75,3.0342886170792,3.1023170437841316,3.0965095728763576,3.063152956132616,3.063881743769339,3.036295910548101
91.80000000000001,3.0369695605444997,3.1008399128482838,3.096079956120992,3.0584331331127106,3.0669339800624975,3.0367067900659026
91.85000000000001,3.0406764104842083,3.0989359908190903,3.095178303962919,3.0535846207806596,3.0696096849532997,3.038223125913087
91.9,3.0451433917054773,3.096618397104126,3.093816661142648,3.0488099403267883,3.0718321667862414,3.0406961841105367
91.95,3.050090983217487,3.0939085546775758,3.0920141651494903,3.044325432705557,3.073519043294835,3.043877361904847
92.0,3.055273001961531,3.09082584960082,3.0897892742122863,3.04032595119517,3.074593267078867,3.047499614160396
92.05000000000001,3.060500200750879,3.0873865719143905,3.08715747260939,3.0369679503749754,3.074991588155891,3.051349125943597
92.10000000000001,3.06562779883752,3.0836075352730035,3.0841365090569006,3.0343820355651654,3.0746764757930247,3.055266555279995
92.15,3.0705540292778255,3.079508954683332,3.080746594919329,3.032682744164816,3.073635142367051,3.05912892772687
92.2,3.075194678646147,3.075106641774271,3.077004807220417,3.0319703265388465,3.071903395127144,3.062837947455382
92.25,3.0794795655348484,3.070411234307723,3.072925443339493,3.0323262120873773,3.0695477762705,3.066316822523035
92.30000000000001,3.083356526723707,3.0654682187026814,3.068528262386947,3.03383249987689,3.0666379632839877,3.06950337833924
92.35000000000001,3.0867865826768583,3.0604008441664536,3.063822250838846,3.036496381469918,3.0632314862654124,3.072342958067323
92.4,3.0897446843438434,3.0553946112841284,3.0588567795443784,3.040170341799513,3.0593795444991008,3.07479642108949
92.45,3.092216058644484,3.050651336091514,3.053750407321788,3.0445949353891537,3.055114292950165,3.076834383456981
92.5,3.0941910471461997,3.046369605806058,3.0486924296027533,3.0494920403301498,3.050502555277479,3.0784352394341603
92.55000000000001,3.095664155826909,3.0427188840731403,3.043890226238174,3.054636449050602,3.0457066913643303,3.079592599317646
92.60000000000001,3.0966377126611215,3.039843976271489,3.0395410957993945,3.0598490772333204,3.0409456106158026,3.0802995084411147
92.65,3.09711643474735,3.037867163596598,3.0358171135287573,3.064994086316461,3.036445822820008,3.0805566252900425
92.7,3.0971093729070716,3.0368936961415582,3.032868475022611,3.0699639068219056,3.03240515406874,3.0803669976997523
92.75,3.096629780668631,3.037008739259238,3.030816473067383,3.0746689246358105,3.0289845071595014,3.079737601352484
92.80000000000001,3.095690488612474,3.0382985202460557,3.0297661122575303,3.079035942022424,3.0263171469991375,3.078680738207004
92.85000000000001,3.094307213408169,3.04077862948013,3.0298088828379828,3.0830095897837255,3.0245148814395098,3.077208468749684
92.9,3.092496991960386,3.0443269430056046,3.0310288886378545,3.086548923189615,3.023670167564212,3.0753276160775784
92.95,3.0902785468139555,3.0487126305434233,3.0334439958509996,3.0896225117858473,3.0238766732681377,3.0730549262701956
93.0,3.087667608071571,3.0536675079510323,3.0369316353924627,3.092211861744171,3.0252196698108653,3.0704055491344526
93.05000000000001,3.0846780726780376,3.0589446368607107,3.041261381596906,3.094301846068981,3.0277038967492422,3.0673962279236244
93.10000000000001,3.0813261089832054,3.064337171692427,3.046167205536243,3.0958871354767226,3.0311812786977796,3.0640399624699026
93.15,3.0776318446424296,3.069682427092868,3.0514041336989206,3.0969697679018218,3.0353833791038105,3.060354306316538
93.2,3.073611148379206,3.0748501607948433,3.0567612850650043,3.0975544305691547,3.040022157547682,3.056348628661758
93.25,3.0692797956668683,3.079744050790562,3.0620756624492476,3.0976480333624874,3.0448632732879486,3.052072535461627
93.30000000000001,3.0646478726771296,3.0842861846980907,3.0672161287651836,3.0972621380795227,3.049732547759044,3.047652980559746
93.35000000000001,3.0597651139165674,3.088419195753414,3.072083145400857,3.0964069479856957,3.054501269983801,3.0432882427851986
93.4,3.054775553523579,3.092102537975479,3.076602024045568,3.095098053600813,3.059073148613214,3.039189692265382
93.45,3.0498928531113263,3.095304070018028,3.080712563897245,3.0933506249664298,3.0633702130915346,3.035551069441389
93.5,3.045333516454009,3.0980061422853975,3.084372676263411,3.09118076722302,3.067321555336177,3.0325418171971696
93.55000000000001,3.041284386144667,3.1001951557530667,3.0875512478805027,3.088604279336188,3.070842237152595,3.030301569699876
93.60000000000001,3.0379021408745084,3.1018696158684236,3.090230687509841,3.0856418342532135,3.0738391159602094,3.0289471137596125
93.65,3.0353136751250163,3.10303188360101,3.092399710106657,3.0823115945678823,3.0762233863312733,3.0285858512980184
93.7,3.033621530698848,3.1036856790624747,3.09405184068352,3.078626594274552,3.077928244146808,3.0293093996407956
93.75,3.0329147516415507,3.103842222866931,3.095191044407422,3.074600747183461,3.0789088748432825,3.031144109970181
93.80000000000001,3.0332801403905516,3.1035141565566557,3.0958233878977692,3.0702543144945924,3.0791362977274384,3.033961072602007
93.85000000000001,3.034797862703086,3.1027165752592274,3.09595791316819,3.0655961240868628,3.07858870902677,3.0375173492533434
93.9,3.0374732992992666,3.1014654924484644,3.0956076696869017,3.0606753086362404,3.077276929695604,3.041559638193027
93.95,3.041149569963854,3.0997795463942315,3.094787602091801,3.0556212580532462,3.075243065552624,3.045872005355578
94.0,3.045558008240402,3.097673838757712,3.0935125269775567,3.0506254812147167,3.072563143200833,3.050280456376064
94.05000000000001,3.050413396389165,3.0951695648869952,3.091800759160728,3.045902208636811,3.069315997018562,3.054649169569234
94.10000000000001,3.05548023082571,3.0922835274091165,3.089666869826037,3.0416452099375597,3.0655689513059463,3.058868820225064
94.15,3.0605764138092573,3.0890330756759155,3.087128628180171,3.038017088814588,3.061372872212776,3.062850193169017
94.2,3.0655735121234478,3.085437440677616,3.08420649698701,3.0351587667256834,3.05676547735958,3.0665224976840832
94.25,3.0703733709652647,3.081514940305616,3.0809175354966256,3.0331910374314695,3.0518138632407235,3.0698293250593607
94.30000000000001,3.0748907425741967,3.077277410689988,3.07727520680389,3.032206004472084,3.0466807361516173,3.0727284349958155
94.35000000000001,3.079062066626678,3.0727453949083428,3.0732995289009564,3.032301002601002,3.041590589253165,3.0751974560572233
94.4,3.08283619284602,3.0679302016512846,3.0690060719184826,3.0335528373956384,3.0367656101290676,3.0771996872052516
94.45,3.086171419143907,3.0628729185398313,3.064404144248964,3.0359726642082534,3.0324002694813808,3.0786918430437797
94.5,3.0890436928293163,3.0577069046644025,3.0595449900902887,3.039423554631478,3.0286526973146515,3.0796148487294124
94.55000000000001,3.091434728653909,3.05261869924533,3.0545543827531394,3.0436585495445376,3.0256488549342744,3.0799073885473045
94.60000000000001,3.0933342167348363,3.047820144643579,3.0496262870516238,3.0484051181805922,3.023504863274505,3.0795221501997525
94.65,3.0947419450248197,3.0435039682066862,3.044973676354744,3.053438955179868,3.022316315510043,3.0784342706206598
94.7,3.0956576890186787,3.0398357804610603,3.040790746681439,3.0585737793090626,3.0221658304854357,3.0766585102760695
94.75,3.096081635515146,3.0369509651210724,3.037246502219555,3.0636619101333005,3.0231312414389055,3.0742407979941535
94.80000000000001,3.096021786704474,3.0349661262717373,3.034480692794062,3.0685879277284593,3.025295335823447,3.0712402311554983
94.85000000000001,3.0954971903371358,3.033989998279277,3.032618303380294,3.0732613125633814,3.0286463634241723,3.0677158937950297
94.9,3.094511430713257,3.0340986036956052,3.0317541306304676,3.0776004371352057,3.0330249641707105,3.0637205254647952
94.95,3.093082451209943,3.035377601681176,3.031982843201107,3.081546162916864,3.0381559879563893,3.059300980357232
95.0,3.0912271391920094,3.037841285665708,3.0333869473492903,3.0850568916767145,3.043743909565137,3.0545231286575256
95.05000000000001,3.088962723777522,3.0413573172124098,3.03597686217406,3.0881000674541377,3.0495469676625206,3.0495315535351626
95.10000000000001,3.086302649707555,3.045687973033849,3.0396281581868756,3.0906536297709204,3.0553856196065428,3.044525625524579
95.15,3.083268893777508,3.0505580570056403,3.044102677341864,3.0927054521140755,3.061130952818284,3.039721344929484
95.2,3.079874355783227,3.055719418906563,3.049127005185986,3.0942522027436823,3.0666809658499345,3.03531806284285
95.25,3.0761350964552094,3.0609648614901466,3.054449393858472,3.0952920765538465,3.07195480231914,3.0314907914105382
95.30000000000001,3.072064163438832,3.0661369926093953,3.059867652747104,3.0958293023663734,3.0768884280188256,3.028391365977822
95.35000000000001,3.067681238947468,3.071118732087785,3.065220500547296,3.0958733245299697,3.0814135365721356,3.0261469047494507
95.4,3.06299337133753,3.0758135116746423,3.070385774588712,3.0954342741947367,3.085451854192905,3.0248642687619847
95.45,3.0580536285780164,3.0801535098487647,3.0752732264081297,3.0945250576377217,3.088917611839779,3.0246363529444107
95.5,3.053007620575208,3.084082362393283,3.0798071434394876,3.093162563404484,3.0917299148752355,3.0255420531174937
95.55000000000001,3.0480653794676478,3.0875636621784333,3.0839375525020873,3.091362564179306,3.093830830160928,3.0276619045384323
95.60000000000001,3.043446615091182,3.0905685269442316,3.0876175662680576,3.089142695077142,3.0951775077468637,3.0309979226092167
95.65,3.0393343425410566,3.0930773118706973,3.0908206764060595,3.086515309041935,3.095742987717793,3.035420078383944
95.7,3.0358864662964327,3.095082163308328,3.0935299985116496,3.083503518133221,3.0955252391956463,3.0406830213332814
95.75,3.0332282844396072,3.096581089488269,3.0957351312923693,3.0801214877105583,3.0945633109882196,3.0465158162510853
95.80000000000001,3.0314583477895187,3.0975722434431034,3.0974306869358235,3.076384846807444,3.0929280116653777,3.052677621347677
95.85000000000001,3.030675345507524,3.098064603665926,3.0986212460351608,3.0723098924275427,3.090693125680354,3.0589662954004946
95.9,3.030958513181275,3.0980672516757,3.0993115968454066,3.0679143269302127,3.087921535156335,3.065221893776649
95.95,3.0323907166347057,3.0975925015071963,3.0995114045701286,3.063208211494406,3.084664471047311,3.0713117376506323
96.0,3.034977385660149,3.096656156471019,3.0992326275450455,3.058240339314729,3.0809621015314703,3.077132776696439
96.05000000000001,3.038562578075147,3.0952755106544982,3.098490895773561,3.053134468372194,3.0768523363074,3.0826017126522545
96.10000000000001,3.042870382541769,3.0934662516605145,3.097299214836319,3.0480729726058984,3.0723701557018392,3.0876551778381143
96.15,3.0476224842829014,3.0912452713463043,3.0956745170704694,3.043266349662554,3.067541466251534,3.092247425522027
96.2,3.0525856480603797,3.0886307090082554,3.0936336377045213,3.038910528294022,3.062431822127175,3.0963460728540193
96.25,3.0575892891163137,3.0856404006120024,3.091193109768853,3.0351736605799324,3.0571876157094735,3.099925556672778
96.30000000000001,3.062502712954562,3.0822931734664594,3.088371754341806,3.0322006085557827,3.0520192508305204,3.102974311624071
96.35000000000001,3.06722894007303,3.0786037028702298,3.0851823114541728,3.0301194719844524,3.047145943037197,3.1054849910703184
96.4,3.071681665450144,3.0745904203484673,3.081643817427731,3.0290253337840185,3.0427505505788086,3.107457180071196
96.45,3.0758003671105665,3.0702684176222226,3.0777759460869785,3.0290173574633146,3.0389975329256558,3.1088997584324507
96.5,3.079531197979165,3.065650400299398,3.0735936704808853,3.0301750497930695,3.0360110405655814,3.109818968490231
96.55000000000001,3.0828323395370982,3.0607821012552634,3.0691096393156703,3.0325128342216017,3.033898671762611,3.1102271158554067
96.60000000000001,3.085669788550748,3.055799363853577,3.064335957144048,3.035903227861016,3.032761683034656,3.1101389394783556
96.65,3.0880270220014547,3.050905321074932,3.059318509612761,3.0401077045497615,3.0326807238931344,3.1095703041822564
96.7,3.089896276640035,3.0463177037538802,3.054197965481155,3.0448693811799274,3.033742064025833,3.108539398401486
96.75,3.0912749601457556,3.042228866799999,3.0491760235467873,3.049951131985805,3.035948393300548,3.1070626989639205
96.80000000000001,3.0921608514556165,3.038792490916599,3.044464667171065,3.0551561949683155,3.0391427636275594,3.1051600709239846
96.85000000000001,3.092553040562499,3.036140193771078,3.040253167834424,3.0603278322767404,3.0430562336288065,3.1028485956209124
96.9,3.0924652893141182,3.0343916729713474,3.0367061844608365,3.065341885319297,3.0474080903030476,3.1001517093189905
96.95,3.0919085683295955,3.033641646941782,3.0339486390720958,3.070096764447336,3.051966525999249,3.0970822325553784
97.0,3.0908908789512815,3.0339735522925153,3.0320968562822417,3.0745140868590197,3.0565657652522105,3.0936608586276257
97.05000000000001,3.0894283469310246,3.035469810701055,3.0312491579825025,3.0785321132529115,3.061088885767706,3.0899044862274265
97.10000000000001,3.0875376613423198,3.0381334242206357,3.0314850049911097,3.082106941427986,3.0654415373012553,3.085829180590951
97.15,3.0852342757235505,3.0418292877107973,3.0328890131423,3.085205967976161,3.0695487578046743,3.081454100565836
97.2,3.0825391854761497,3.0463072553653867,3.0354741504945597,3.0878105525675554,3.073344976842036,3.0767961771997987
97.25,3.0794666065648912,3.0512816861484517,3.0390968932407643,3.089906526206236,3.076776388530783,3.071863070616317
97.30000000000001,3.076025688681397,3.0564999662549823,3.043504921710618,3.0914867500301733,3.079806691169885,3.0666984758305627
97.35000000000001,3.0722393018631724,3.061774215782871,3.0484223601115725,3.092554770740731,3.0824086574678233,3.0614251975030733
97.4,3.0681229391769262,3.0669570104626835,3.0535943352276544,3.093115521900001,3.0845549399694767,3.0562192174472123
97.45,3.0636871985739718,3.071936450596293,3.0588303760203157,3.093178166916112,3.0862414009576287,3.0512838457096767
97.5,3.058985711717187,3.0766273844972165,3.06398001410239,3.0927535666294625,3.0874603171614865,3.046811591386763
97.55000000000001,3.054152731886179,3.080959394492932,3.0689353197776366,3.0918556669923594,3.0882154697824653,3.0429728909273774
97.60000000000001,3.0493931346093346,3.084880647191488,3.073615340112701,3.090499898185716,3.0885127916879123,3.0399103606644697
97.65,3.0449328135793166,3.0883542675825617,3.077948930770118,3.088705374881042,3.0883579105519563,3.0377481442149983
97.7,3.040953626145361,3.0913519451790217,3.081886428126119,3.0864871086397283,3.0877583497793726,3.03658796059111
97.75,3.037617221889046,3.0938572392177464,3.085389483756638,3.08386130169255,3.0867275844300623,3.0365174085414943
97.80000000000001,3.0350578121691876,3.095858111637243,3.088431902938453,3.0808507524503055,3.0852800628973442,3.0376207801396737
97.85000000000001,3.0333821383583928,3.0973544375512274,3.0909950433501714,3.0774682744358786,3.0834278196128997,3.0399133040979103
97.9,3.032688121033302,3.0983472891277697,3.0930695914787374,3.0737325072990958,3.0811870433699036,3.0432711502093377
97.95,3.0330646610108256,3.0988435795370206,3.0946516991604986,3.0696622461728063,3.0785750967889114,3.04746506170354
98.0,3.0345905154963146,3.098852113442891,3.095742982014932,3.065267912738972,3.0756054261515113,3.0522280464672993
98.05000000000001,3.037274946058555,3.098384867972296,3.0963474152004355,3.0605953625747624,3.0722936912641514,3.057318079435528
98.10000000000001,3.0409625479991895,3.0974565734209385,3.0964758490338546,3.055769225736299,3.0686549662478364,3.062533198943957
98.15,3.0453932216407438,3.0960847570536947,3.096139554711445,3.0509753005071945,3.0647039551310478,3.0677106114059502
98.2,3.050294370726186,3.094282844363376,3.0953528495635214,3.0464197263588506,3.060450848669269,3.0727223697334707
98.25,3.055432296471988,3.0920649720850837,3.0941286337740985,3.042303497972119,3.055946811448808,3.077471288887472
98.30000000000001,3.0606380777647795,3.0894538326686107,3.092483947083388,3.0387994050418197,3.051323944467766,3.081879549549458
98.35000000000001,3.0657731677985893,3.0864637961067123,3.0904295256695966,3.0360574069932387,3.0467807718713704,3.0858899023453765
98.4,3.070732300640193,3.08311839373439,3.087986522360125,3.0342056003584243,3.042534504487131,3.0894597911542365
98.45,3.0754271652172087,3.0794294851081343,3.0851673446295256,3.033343664886655,3.038767556322414,3.0925559663518936
98.5,3.079784519150208,3.075416040059574,3.0819938282175583,3.033570816955745,3.035648505744028,3.095165110164702
98.55000000000001,3.083746751008467,3.071087804390995,3.078477229026512,3.0349641098034126,3.033306289777927,3.097268919008507
98.60000000000001,3.087269872324074,3.066456969798851,3.074636117884473,3.0375443595092495,3.031856225963049,3.098866185096914
98.65,3.0903259354722663,3.061579117801895,3.0704869428544694,3.0411925934142836,3.031398919519245,3.099957196359428
98.7,3.0928944457034913,3.056595971056647,3.0660389105979307,3.0456811140950535,3.0320239267135523,3.10055064548026
98.75,3.094964400041497,3.051715265709369,3.0613418972804625,3.050744084285382,3.03374817197758,3.100651507282991
98.80000000000001,3.096529376687292,3.0471556485150413,3.056542160562343,3.0561420978242615,3.0364373099292186,3.100275330841068
98.85000000000001,3.097591488481032,3.0431047177544484,3.051847662050095,3.061666982698406,3.0398336877233088,3.099435242428758
98.9,3.0981490759585544,3.0397158865796303,3.0474757486098127,3.067153225016194,3.043680720723607,3.098147198112762
98.95,3.0982160832402226,3.037121428643485,3.043617591124859,3.0724687075068804,3.047758528864742,3.0964262903270696
99.0,3.097800442668664,3.0354263029820605,3.0404269452188224,3.0775127265901325,3.0519092670825705,3.094293661503767
99.05000000000001,3.0969161298291574,3.034723081268757,3.038029513688605,3.0822046413343687,3.0560079905172857,3.091763440409692
99.10000000000001,3.0955782761848107,3.0351056664031417,3.036535566141205,3.0864867894677284,3.059954980689519,3.088855812276921
99.15,3.093804321157068,3.0365824214218367,3.03603606847269,3.090312643290375,3.063665371291925,3.0855877010378436
99.2,3.0916068987556145,3.0390065456601323,3.0366235233099514,3.0936524783499326,3.0670740333719255,3.0819754673609547
99.25,3.0890020911130787,3.042124747479668,3.038318220504379,3.09648338917815,3.0701293994854324,3.0780363537805946
99.30000000000001,3.0860100987985772,3.045663963166376,3.0409716873954844,3.0987956369785357,3.072790085820188,3.0737876582576447
99.35000000000001,3.0826472795057236,3.0493924272670374,3.044324246840482,3.1005852988727787,3.0750291740465974,3.0692408014779544
99.4,3.078931537059039,3.053143916928342,3.048102523327236,3.101852639033771,3.0768282306449564,3.064442545870212
99.45,3.0748788380277623,3.0567911681158817,3.052077764814405,3.1026028740105875,3.078176637464789,3.0595156229443274
99.5,3.0705067901075394,3.0602414687418813,3.0560779283310002,3.1028480907905016,3.079069056482419,3.054646624323326
99.55000000000001,3.0658234039121095,3.063426385595021,3.059986015936173,3.1025997175371156,3.07950691597074,3.0500448928301296
99.60000000000001,3.0608776807418407,3.0662863721458735,3.0637067198711962,3.1018737676878585,3.079492023220973,3.045905482436847
99.65,3.055803209553207,3.068778629576045,3.0671706203776443,3.100685079279822,3.0790302502383122,3.0423954704099754
99.7,3.0507941976940844,3.070868213283641,3.0703188426733092,3.0990515969936276,3.0781351399412413,3.0396609140556348
99.75,3.0460626501615327,3.072533227434545,3.0731088950845145,3.096991185874131,3.076819796526646,3.037821903682999
99.80000000000001,3.0417989241638717,3.0737560627868836,3.075506461298637,3.0945218709207394,3.075096248257889,3.0369814841668865
99.85000000000001,3.038163488941724,3.074527302879393,3.0774883725064472,3.0916620422838443,3.0729762404682734,3.0372331017572893
99.9,3.0352994866994543,3.074845540090281,3.079039387794789,3.0884300105208307,3.0704797380767963,3.038605616188161
99.95,3.033319418100016,3.0747135102026038,3.0801492136506496,3.0848433213397812,3.0676176778528963,3.040982089625716
100.0,3.0323225945262258,3.0741314233289048,3.080813198397787,3.080916849753271,3.0644051290440295,3.044135418840105
100.05000000000001,3.0324014280132237,3.073111204250606,3.081031565075591,3.0766708136179783,3.0608613903191846,3.0478106840456842
100.10000000000001,3.033634901439937,3.0716624268500534,3.0808119254253405,3.0721183863104495,3.0569973191037794,3.0517681533398546
100.15,3.0360348826390653,3.069796453966288,3.080158675673219,3.0672730440019054,3.0528261067419282,3.05581355507207
100.2,3.039459194028337,3.0675297244459823,3.07908482848176,3.0621799171337565,3.048393130551499,3.059799182887909
100.25,3.0436613000453976,3.0648752069726197,3.077601699943274,3.056961128773392,3.043827683635938,3.0636090796410587
100.30000000000001,3.0483736809321327,3.061845909208796,3.0757227974676624,3.0518039675807844,3.0393236296929156,3.067156590580173
100.35000000000001,3.053369379727499,3.0584598124963067,3.0734610228571215,3.046916606390042,3.0350867152287413,3.0703771185015594
100.4,3.0584619279563405,3.054730884247842,3.0708295031830595,3.0424904042411525,3.031308806232918,3.0732195014024364
100.45,3.063508748117431,3.0506659796667766,3.067838313100094,3.0386972630855107,3.0281566065172343,3.075645460561366
100.5,3.0683903649836557,3.0463238030384123,3.0645063078880113,3.0356835983289088,3.0257742723817866,3.0776329460741976
100.55000000000001,3.073013943806727,3.041849138638657,3.0608449245856293,3.0335645623174408,3.024281901055796,3.0791622468150366
100.60000000000001,3.077303635828794,3.037460617482962,3.0568672778119486,3.0324460295091886,3.023779345454313,3.08022587838168
100.65,3.081203319612551,3.0333806474709126,3.0526245979935367,3.032418031296489,3.024353342028646,3.080821605897755
100.7,3.0846646876320944,3.029799195241261,3.0482609068402184,3.0335609928032197,3.0260913830612246,3.080950820036274
100.75,3.087647082000403,3.026872376592262,3.04399094383692,3.0358906417972453,3.029007923253504,3.0806194175435744
100.80000000000001,3.0900960482081263,3.024732831898737,3.0400385700068306,3.039288256887911,3.032963649303666,3.079838933670389
100.85000000000001,3.091943697388951,3.0234804740841335,3.0365930482501136,3.043514386236327,3.0377160804323604,3.0786190110883767
100.9,3.093125016817012,3.023209416117874,3.0338107218524306,3.048306278055594,3.0430068022713783,3.076971847835762
100.95,3.09360197532727,3.024005586323491,3.031819101644716,3.05341611427387,3.0485999840074,3.074913266827541
101.0,3.0933720224530594,3.0259506120111097,3.03072345211822,3.0586331519679444,3.0543070195308024,3.0724576084564355
101.05000000000001,3.0924704930119464,3.0290565254077824,3.030616899327627,3.0637980488438394,3.059973967099236,3.069624210064388
101.10000000000001,3.0909496374534364,3.0331669120217075,3.0315903779934787,3.068784321599134,3.065481203972364,3.0664286987038953
101.15,3.0888579936910805,3.038009107092479,3.0336554850133584,3.0734954408593436,3.070725969435687,3.062885530435539
101.2,3.0862385540536525,3.0432945309874455,3.036664507387575,3.0778587608791192,3.075634353861915,3.059012051584494
101.25,3.0831360166649877,3.04878663741555,3.040356425425268,3.0818182082847283,3.0801395630618416,3.054820182600109
101.30000000000001,3.0795907049073454,3.0543116610513215,3.0444604910646733,3.085330542812658,3.084162068435327,3.050356773701427
101.35000000000001,3.0756364439539605,3.059738305964791,3.048750898248547,3.0883676060186196,3.087622404446012,3.045756399346075
101.4,3.071303366220041,3.064965814003533,3.0530678613354376,3.0909094906710424,3.0904400932940947,3.0412161661870662
101.45,3.066614601418195,3.069907110897435,3.057290328053448,3.0929459131559365,3.0925518711923647,3.0369512827068355
101.5,3.0616234492120955,3.074492380079119,3.061329708182926,3.094474580020003,3.0939112669784703,3.0331550044689495
101.55000000000001,3.056464118360492,3.0786724522772215,3.065117321272384,3.095498167540578,3.094484320962176,3.02999872232146
101.60000000000001,3.0513284032830477,3.0823997153510914,3.068590116960099,3.0960207114126193,3.0942619247199095,3.0276144814626664
101.65,3.0464249435380477,3.0856491017697265,3.0717044624548824,3.0960544312970972,3.0932746790133514,3.02612444903372
101.7,3.041954668527603,3.0884067857063755,3.074423568576843,3.095612703554492,3.091578063639121,3.025632709589143
101.75,3.038089723003653,3.090661175725416,3.076722193599255,3.0947051397476235,3.089238173645464,3.026223831480718
101.80000000000001,3.0349718935761216,3.092401083195791,3.0785818885645866,3.093351910633694,3.0863237606365637,3.027979201054346
101.85000000000001,3.032726064352937,3.093629721149446,3.07999698561256,3.091567738636407,3.082894771912642,3.030912374554559
101.9,3.0314546969229768,3.0943494678515613,3.0809608421356893,3.0893714065660185,3.0790051349878964,3.034896718915103
101.95,3.031252091791682,3.094573848661905,3.081474643175057,3.086779790295917,3.0746990467654634,3.03968650660621
102.0,3.03220243321637,3.0943109437289165,3.0815408882459843,3.0838114256053197,3.0700166767905146,3.045005829620327
102.05000000000001,3.034321375123848,3.0935764640657153,3.0811673137488063,3.0804799989625193,3.064987645985497,3.0506048149888576
102.10000000000001,3.037481673783166,3.0923853352788333,3.0803610449754077,3.0768057499003945,3.0596723481914445,3.0562822974554122
102.15,3.0414456058466155,3.0907557615481354,3.0791335612016533,3.072803043966813,3.0541996190498497,3.061879868815453
102.2,3.0459495360775244,3.0887020769311797,3.077497850310817,3.0684867443831476,3.0487588453447225,3.0672768833748263
102.25,3.050762236727917,3.086242212890303,3.0754702136209207,3.063872985748535,3.0435562540498955,3.0723806034513115
102.30000000000001,3.0556916768795093,3.083391837000464,3.0730645006954003,3.0590082682515587,3.0387892193908868,3.0771185515221835
102.35000000000001,3.060585298138063,3.0801670265990313,3.070295459758726,3.0540228802633425,3.0346238691436023,3.081436311492845
102.4,3.065319475436322,3.0765821340215433,3.0671764871406344,3.049113408162967,3.0312103157204846,3.0852908717984993
102.45,3.069798073341284,3.0726599045766956,3.0637199678077183,3.044490037765558,3.028670636665489,3.088657329700751
102.5,3.0739428890511697,3.0684163847895913,3.0599388306888327,3.040346813845418,3.0271076443695097,3.0915145120605927
102.55000000000001,3.0776937666253033,3.063863528294713,3.055847654874904,3.036848036353785,3.0266112607479267,3.093853329557944
102.60000000000001,3.081006162851897,3.0590507889036234,3.0514949332910426,3.034132828788697,3.0272645310463147,3.095671397629953
102.65,3.083852277722089,3.0541246478477655,3.047025394211326,3.032316127993133,3.0291312221981155,3.096971730611542
102.7,3.086206614334939,3.049285440461274,3.042644703771431,3.031497995411939,3.032226010761738,3.0977584088895864
102.75,3.088057949612332,3.0447574909460164,3.0385763524946414,3.0317679493944376,3.0364132389603764,3.0980444977822494
102.80000000000001,3.0894007312174105,3.0407268898594473,3.0350073832617555,3.033201353715021,3.0414501590227156,3.097838660553225
102.85000000000001,3.090235708336803,3.0373489987138402,3.0320969306337866,3.0358170831211684,3.0470681723894226,3.0971566360882767
102.9,3.0905678503606975,3.0347482567994417,3.029969185179995,3.0394834632098773,3.0530151083260497,3.0960146820396055
102.95,3.090406754827116,3.0330397884674962,3.0287364114148394,3.04395567515229,3.0590912841670015,3.0944310364868204
103.0,3.0897621072672123,3.0323131390233713,3.0284867607080246,3.0489557980534596,3.065133217046564,3.0924212665253523
103.05000000000001,3.088652471846443,3.03265950520491,3.0293149563824326,3.0542406295622375,3.071009371303841,3.0900069020688186
103.10000000000001,3.0870892662103517,3.0341605402463654,3.031233910548017,3.059602591179718,3.0766176750062635,3.0872067216273424
103.15,3.085090425015819,3.0368126496820627,3.0340910243498525,3.0648888924284923,3.0818742898527636,3.084035315156854
103.2,3.0826732603285594,3.0404715365990977,3.0376340493262473,3.0699860534130705,3.0867212618842705,3.0805127523006925
103.25,3.0798542347763997,3.04486053022085,3.041587950981931,3.074797226886057,3.0911085947711623,3.076654189489821
103.30000000000001,3.0766544729369345,3.049697932779798,3.0457370945947075,3.079257347359726,3.095003850857337,3.072474276178871
103.35000000000001,3.0730890657621246,3.054760783765942,3.0499291371170227,3.083311289988789,3.0983877105819153,3.0679862457882563
103.4,3.069176864476774,3.05987670943227,3.0540443033524802,3.086920555055233,3.101243603577216,3.063241585066657
103.45,3.0649349872839347,3.064911351699884,3.057992892936933,3.0900575347755037,3.103566575031109,3.0583784682679602
103.5,3.0603767127406694,3.069764014081053,3.0616911794595336,3.092703812865163,3.105361086090735,3.0536038008786583
103.55000000000001,3.05554747236104,3.0743467852540305,3.0650368822310052,3.094849162801731,3.106628487730894,3.049132070742495
103.60000000000001,3.050568685067348,3.078591938784682,3.067927309251913,3.0964922230660017,3.1073817003289586,3.045157072695784
103.65,3.045626831041827,3.082448287912689,3.0702687376452285,3.0976312340960344,3.1076320398220405,3.041838735261393
103.7,3.0409266274222073,3.085867407370311,3.071983918469443,3.0982743429755826,3.1073933614942413,3.039304091075468
103.75,3.036669697558509,3.0888228252359626,3.0730181071078637,3.098434662206871,3.1066816262022754,3.0376625620430575
103.80000000000001,3.0330259962684867,3.0912968395250924,3.073332688428004,3.0981233001084947,3.105516203158409,3.037013939458615
103.85000000000001,3.030145667807188,3.0932777784386,3.072915437746979,3.097348778647548,3.103912106188273,3.0374490475291944
103.9,3.0281499679363226,3.0947588472487406,3.071795393821805,3.096129595918337,3.1018904394426254,3.0389845593553115
103.95,3.027150526824638,3.0957368478684333,3.070028266080933,3.094482894477932,3.099468913632957,3.041487021051156
104.0,3.027235988918766,3.0962202339366622,3.0676783692277465,3.092424288207517,3.0966643926902773,3.0447040766725837
104.05000000000001,3.028487238040464,3.0962142733429037,3.064800103341972,3.089973096919362,3.093495685879895,3.0483645900353076
104.10000000000001,3.0309241283939357,3.095733918778696,3.061445829082124,3.0871445971239395,3.0899840316987164,3.0522392149987247
104.15,3.0344279999432575,3.0947894809857193,3.057657038035386,3.0839544881987067,3.086140908214299,3.0561468185932825
104.2,3.038771049069684,3.0933930230431113,3.053465867910084,3.0804212118214793,3.0819846629127152,3.0599548045126403
104.25,3.043689417824654,3.0915613796765333,3.0489379302561384,3.0765565319509762,3.0775314730804335,3.063568084417275
104.30000000000001,3.048942091334947,3.089312426023649,3.04422439689787,3.072380007214762,3.072793918472165,3.066911016586118
104.35000000000001,3.0543252338572464,3.0866620381751693,3.039535978456405,3.067903356371982,3.0678136969497145,3.069925683694995
104.4,3.0596712571318427,3.083631286267809,3.0350957290909917,3.0631769549389007,3.062712893514323,3.072566429681412
104.45,3.0648518250035943,3.0802321310368197,3.031096806481953,3.058339752098577,3.057670142397938,3.074799530798336
104.5,3.0697633560863196,3.0764815398225975,3.0277037816593078,3.053596157004047,3.0528869683163165,3.076598270922489
104.55000000000001,3.074325837253876,3.0723985950001294,3.0250535680923245,3.0491624674836606,3.04856413110197,3.077949599930924
104.60000000000001,3.0784768527119506,3.067998361198363,3.02325984304334,3.0452288174563242,3.04486724129359,3.0788434039643087
104.65,3.0821746208925966,3.063290209948993,3.0224255961472464,3.04195445351205,3.0419389007630837,3.07927271231819
104.7,3.0853875137104776,3.0583243463492296,3.022636176430296,3.039471128271922,3.039906700380755,3.079245618360034
104.75,3.0880933708975165,3.05323743088723,3.0239800941420145,3.0378852607959885,3.0388681679094094,3.078770620110059
104.80000000000001,3.090279308436028,3.048224496219337,3.0264609991655016,3.0372946371340235,3.0389160847333954,3.0778530222861096
104.85000000000001,3.0919408170795695,3.043505514820184,3.0299384957343363,3.03778648493488,3.040131487225973,3.076507228129072
104.9,3.09308197956316,3.03926380532607,3.034142018448997,3.0393824880180653,3.0425282592100995,3.0747382591267045
104.95,3.0937055868272365,3.035664314184053,3.0387964722260987,3.0419485767660137,3.0459905316511255,3.0725602477877927
105.0,3.0938207545958147,3.0328386819397437,3.0436742448973777,3.0452333975281705,3.0502822495484754,3.0699896611744992
105.05000000000001,3.093444389633376,3.0309056188321106,3.048609799563588,3.048963634274382,3.055140590676881,3.0670443341743785
105.10000000000001,3.0925861196538937,3.0299598269414867,3.053477132787507,3.0529025268653016,3.060321770058243,3.0637374939898048
105.15,3.091267142370657,3.030086554293623,3.058166146959535,3.0568777417483592,3.0656196218460905,3.060083926933991
105.2,3.0895013727501413,3.0313721713390636,3.0625653789694907,3.0607600094050262,3.070872661527355,3.0560953026983957
105.25,3.0873091700128943,3.033819386173901,3.0665510087287475,3.0644527727821167,3.0759537994008967,3.0518231575145958
105.30000000000001,3.0847080985706734,3.037286972353753,3.0700204366360775,3.0678819807653848,3.0807651534600033,3.0474185756934564
105.35000000000001,3.081716796858555,3.0415149907209704,3.072885093071837,3.070986504215872,3.085229822985288,3.0430906457914277
105.4,3.078353399714678,3.046225213390197,3.075076852158143,3.0737268986129553,3.0892913928313797,3.0390601028323783
105.45,3.074639182210886,3.0511934108678385,3.07654679573492,3.0760718419029285,3.0929065027915326,3.0355206860186805
105.5,3.07058769119299,3.056245418563006,3.0772595746189593,3.077995835567257,3.096047477865455,3.0326327827347708
105.55000000000001,3.0662173887642497,3.061242917639079,3.077193697549368,3.0794809491904336,3.098694669963658,3.03052573022476
105.60000000000001,3.061541515785915,3.0660737447319457,3.0763490253757473,3.080519434406649,3.1008355010993482,3.029310259522198
105.65,3.056605914659799,3.0706452958799972,3.0747621450497737,3.0811066149442183,3.1024667329166875,3.0290810681206515
105.7,3.0515337108541125,3.0748803927786708,3.0724940029521806,3.0812477241080996,3.103590460197462,3.0299216193016547
105.75,3.0465131629003337,3.078725074554703,3.0696165164841283,3.0809485706820343,3.104212747292196,3.0318578198483186
105.80000000000001,3.0417504158514124,3.082138842866949,3.066193119915586,3.0802152181883122,3.10434422875097,3.034741399990597
105.85000000000001,3.0374398007904726,3.0850871732742777,3.0622833105166722,3.0790570799581536,3.103995679868979,3.038313966327115
105.9,3.03375852354999,3.087545514877561,3.0579324850002747,3.077489934010349,3.1031819710366926,3.0423007248352003
105.95,3.0308471318915786,3.0895058986447173,3.0532181136725978,3.07552255951244,3.101918315897412,3.0464757449049515
106.0,3.0288293358349945,3.0909626887331734,3.0482862965711512,3.07316995799355,3.1002227660623456,3.0506708931810005
106.05000000000001,3.027808852503134,3.0919183295987125,3.043345451510207,3.0704471998756566,3.0981129694997254,3.054764114270467
106.10000000000001,3.0278773948528257,3.0923728324970043,3.038615113287628,3.0673679265630907,3.0956034183711876,3.058656045728232
106.15,3.0291165047304722,3.0923337704130573,3.0342953852385217,3.06394728906622,3.0927145277232744,3.0622743826846714
106.2,3.031542245311175,3.091815723153462,3.03055643934126,3.060198267204959,3.089463574735872,3.0655629197169603
106.25,3.0350347028007385,3.090829390202764,3.0275409126639037,3.0561297158231904,3.0858659766254406,3.0684748196233027
106.30000000000001,3.039366918481516,3.0893914215133007,3.025367152720113,3.0517953142319323,3.0819386547624195,3.070973079364654
106.35000000000001,3.0442696065056105,3.0875184365865405,3.024145139137643,3.047340087808603,3.07769983834927,3.073035406264596
106.4,3.0494963655214042,3.0852258555481193,3.023963222643233,3.0429764911671158,3.073161504620242,3.074644142752406
106.45,3.0548406000386965,3.0825311756510283,3.0249005995484106,3.038928631314215,3.068337533412732,3.075789494404709
106.5,3.0601353074287063,3.0794520107910843,3.0270325794948834,3.0353864451754853,3.063272948244431,3.0764708411382435
106.55000000000001,3.0652525188663042,3.0760077726022668,3.0303676769510104,3.032500225575772,3.058090530263362,3.0766873704185884
106.60000000000001,3.0700943851791047,3.072208483321901,3.034756624130937,3.0304002808595865,3.0529771860577046,3.076442450614972
106.65,3.074585420224332,3.0680729133277422,3.039939649595282,3.0291980586050693,3.0481432821198187,3.075743839846403
106.7,3.0786664659781247,3.0636180520542333,3.0456390430896993,3.028984370865837,3.0437760578626727,3.074605351444912
106.75,3.0822864334869653,3.058890713443245,3.0516195372220722,3.02984802009711,3.0400468775638347,3.0730373643401743
106.80000000000001,3.0853806554816408,3.054016277181278,3.057692158706376,3.031807367003045,3.037095681135864,3.071051745127208
106.85000000000001,3.087875071562876,3.0491865716030313,3.063712167096373,3.03471368261884,3.035039352542558,3.0686618623347504
106.9,3.089697964054953,3.0446147258401313,3.069564607001895,3.038310894990101,3.0339772535512837,3.065882831024433
106.95,3.0907932742752044,3.0404944035074024,3.0751435319277673,3.0423254123988337,3.0340012885356997,3.0627322499308356
107.0,3.0911194467592815,3.0369969178671594,3.080338918086766,3.0465324578011437,3.0351920451124994,3.0592233332046277
107.05000000000001,3.0906632929172027,3.0342612152096207,3.0850439670766185,3.050764539069303,3.037560132438491,3.055368429300601
107.10000000000001,3.0894535081133423,3.032408594103425,3.0891611782858375,3.054900352297542,3.040982799715102,3.0512180811837104
107.15,3.087547509867923,3.031545653764901,3.092609425127548,3.0588464264686195,3.045227615854283,3.0469222824139273
107.2,3.0850144660253322,3.031762145180099,3.0953257899287308,3.062530770321914,3.0500201373800313,3.0426996846876655
107.25,3.0819233727977173,3.033139423068575,3.097265025200351,3.0658988746786107,3.05511314992335,3.038772877477255
107.30000000000001,3.0783310717257133,3.0356891686489624,3.0983980861102554,3.068905069552066,3.0603018396740564,3.0353365813627393
107.35000000000001,3.07428623924008,3.039278138338158,3.0987192005826216,3.071513369403193,3.0654259340749426,3.0325436925833755
107.4,3.069828754097123,3.043662019215088,3.09825488555251,3.0736988811336627,3.0703626319905353,3.030522902687815
107.45,3.0649940606097705,3.0485831138860675,3.0970624098777297,3.075440769899896,3.0750202543083534,3.0293865541448137
107.5,3.0598429146258455,3.0538066174816625,3.0952093907259908,3.0767310014694935,3.0793241792694266,3.0292270581257346
107.55000000000001,3.0545169761551696,3.0591381996136433,3.0927630412161133,3.077573063987881,3.083221506258946,3.0301377092893222
107.60000000000001,3.0492173006621326,3.0644256848538403,3.089783423799247,3.0779631478100904,3.086671964924855,3.0321320256272846
107.65,3.044160824953602,3.0695493413978023,3.0863224927397064,3.077908417752542,3.0896465028996785,3.035061640845372
107.7,3.0395388787614244,3.074405054880073,3.082425743570254,3.077416161777924,3.092127189352379,3.038664956287238
107.75,3.0355268296134987,3.0789195127771003,3.078136331128771,3.0764941525132077,3.094104708817489,3.0426718992774506
107.80000000000001,3.0322679456321864,3.083031312060409,3.073481177067112,3.0751542411002424,3.09557549924497,3.0468613323431746
107.85000000000001,3.0298805947130414,3.0866979354553097,3.068493294222622,3.0734067325230447,3.0965424161429747,3.051071977163783
107.9,3.028468165496805,3.089884888992801,3.0632244849394366,3.0712645823085345,3.0970102527654637,3.0551848470402696
107.95,3.028119995954532,3.0925726885519156,3.057807006874248,3.068743740529033,3.0969888760420505,3.0591038178636087
108.0,3.0289211226524375,3.0947476637768876,3.05243262481248,3.0658615425637894,3.0964922089861417,3.062759229829044
108.05000000000001,3.0308872411207046,3.0964040737221192,3.0473067618259613,3.0626286316674816,3.095533748661819,3.06608649718811
108.10000000000001,3.0338914890457236,3.097542055129556,3.042623476404123,3.059062921086,3.0941298022203085,3.0690405674844445
108.15,3.0376984088981174,3.098168262312497,3.0385501319539534,3.0551757745561567,3.0922979188728164,3.07158645324968
108.2,3.0420339350819696,3.0982899635469145,3.0352305819835923,3.05101826244608,3.09005422840124,3.073695715894563
108.25,3.0466534450551093,3.0979208243656355,3.0327876347500298,3.0467338300671125,3.0874154570186203,3.0753532315027865
108.30000000000001,3.051354623820599,3.0970763080405495,3.031324753117125,3.0425355004775207,3.084397538941101,3.076548272558802
108.35000000000001,3.055983248690754,3.0957703991899845,3.0309278472156698,3.038648557493742,3.0810186931783408,3.0772764867771887
108.4,3.060421446490579,3.094020215709806,3.0316825037772683,3.035264075398681,3.0772970187194204,3.077540864984694
108.45,3.0645856185485423,3.0918459083362317,3.0336009592253594,3.032535583705085,3.0732479102862045,3.0773460257817193
108.5,3.0684071015320358,3.0892606485528527,3.0365545295674505,3.030590081196603,3.068885579291958,3.076693948351704
108.55000000000001,3.071834527567827,3.086284267886397,3.0403021964175085,3.0295329371679647,3.064224064729169,3.0755969088792305
108.60000000000001,3.07482827477974,3.082935390662032,3.0445729969887356,3.0294576317263644,3.0593116252216466,3.0740710971740413
108.65,3.0773612272086885,3.0792308718256334,3.0491317462035674,3.0304498057289235,3.05428054569343,3.072128267262823
108.7,3.0794206040805046,3.0751901795341796,3.0537991600098437,3.0325329619172385,3.0493306414214922,3.069782261571319
108.75,3.0809953574594835,3.070825952802523,3.0584245702691626,3.0355570297510885,3.044670737542814,3.0670441142971248
108.80000000000001,3.0820824821576474,3.066150167907403,3.062894001881218,3.0392586820021794,3.0404949666472,3.0639307160822353
108.85000000000001,3.082684140602096,3.0612101835159296,3.0671164573725997,3.0433637533692175,3.0369628656032974,3.0604545806569634
108.9,3.0828062486026266,3.0561282198317485,3.071018031645606,3.0476561735746612,3.0342148470679398,3.0566361047215493
108.95,3.0824587846451244,3.0510871810160065,3.07454089398547,3.0519743813713496,3.032359550934456,3.0524797783703375
109.0,3.081655109419444,3.0462952447825233,3.077641684881267,3.0562042239365113,3.0314980150302437,3.048039858807422
109.05000000000001,3.0804079047891744,3.0419507007691533,3.080293384849795,3.0602552695779766,3.031718278280373,3.0434632636485928
109.10000000000001,3.0787293071806823,3.0382231634605494,3.0824751329044533,3.064052680522469,3.033097127260864,3.0389581459461077
109.15,3.0766393627986357,3.0352576698598974,3.0841734236108937,3.0675395619827404,3.0356423857533907,3.0347403020057633
109.2,3.0741567234512224,3.033181530352297,3.0853877209261045,3.070668887449974,3.0392259183693495,3.0310084603450718
109.25,3.0712926760988264,3.032099881098699,3.0861184900389818,3.0734012422311854,3.043597497465899,3.027917420214329
109.30000000000001,3.0680672406321814,3.032097438248472,3.0863695094665387,3.075714915349832,3.0484765852562035,3.0255930100970785
109.35000000000001,3.0644966712155552,3.0332675507057725,3.086153172820305,3.0775928923872162,3.0536217771733156,3.024158168962176
109.4,3.0605942005536675,3.035620994224711,3.085477889295129,3.079020065505357,3.0588302166465566,3.0236967518959683
109.45,3.056375512921314,3.039030460765467,3.0843566467970103,3.079995098996378,3.0639529516267423,3.024296010390325
109.5,3.0518906882337586,3.0432701598327085,3.082808347110171,3.080520096879765,3.0688751503275404,3.026043214090738
109.55000000000001,3.0472745663250533,3.048076471233167,3.080844576667398,3.080594859911233,3.0735105387517097,3.028942123988409
109.60000000000001,3.0427352153668346,3.0532066934391344,3.078482039308059,3.080231355697531,3.0777889401212746,3.0328375717680647
109.65,3.038487622498792,3.058466541755345,3.0757406897044013,3.0794378572804844,3.0816587965921522,3.037466435985895
109.7,3.0347234287380647,3.0636890751661263,3.072634575650198,3.0782233126663603,3.0850818463677268,3.0425478003657203
109.75,3.031611543749386,3.0687474232848135,3.0691777369593853,3.0766028679954256,3.0880281581772953,3.047852377989441
109.80000000000001,3.0292793490037386,3.073543047616715,3.06539258679023,3.0745862612371475,3.090486356557138,3.0532114102152845
109.85000000000001,3.027838073838124,3.0779925443870404,3.0612882248351947,3.072187608196572,3.0924423947830837,3.058485961359541
109.9,3.027395421725886,3.0820386024560578,3.0568807500052184,3.069425922448197,3.093894478343779,3.063573643469244
109.95,3.0280330152979507,3.0856375335811608,3.0522142102855754,3.0663112519993376,3.094844427208813,3.068389870972383
110.0,3.029831924084364,3.088753417519602,3.047406425468357,3.062861990786739,3.095300264721143,3.0728649714331513
110.05000000000001,3.0328012706606233,3.091369700130366,3.0426426427941182,3.0590949004414436,3.0952703902627157,3.0769347633434743
110.10000000000001,3.036807550169568,3.093474223883255,3.0381316586883154,3.0550184500562905,3.0947688842944627,3.080520317054535
110.15,3.0415986485587276,3.0950592212108003,3.0340642576590877,3.050682337351316,3.0938074037678702,3.083534167231131
110.2,3.0468937401204497,3.0961292513964387,3.0306163811394082,3.046226246591148,3.0924026287282236,3.085899284068244
110.25,3.052449207717676,3.0966899574040005,3.0279328504911955,3.041855401668696,3.0905672154394677,3.0875660093291333
110.30000000000001,3.058062404395519,3.0967503534435306,3.0261392513606187,3.037786678736352,3.0883207834171595,3.088531255519869
110.35000000000001,3.0635895668233704,3.0963241609789947,3.0253387604803756,3.034210883939925,3.085677752067499,3.088828841990411
110.4,3.06891902885761,3.0954229269196682,3.0256209098387146,3.0312872809693023,3.0826560909566627,3.0885039089781405
110.45,3.07395912528734,3.094065545766435,3.027071023991305,3.02913773642715,3.0792729439793862,3.08760156925021
110.5,3.0786426123692956,3.0922690486678035,3.02970564052162,3.0278747250742692,3.075547964069887,3.0861631450651315
110.55000000000001,3.0829170812488127,3.090051175841628,3.033404009031536,3.0275949670754243,3.0714964744096056,3.084223671238983
110.60000000000001,3.086743137458948,3.087425489455046,3.037929785570186,3.028389039715143,3.0671323300280693,3.0818066748485182
110.65,3.0900845322919213,3.084416129142935,3.0430292209590943,3.0302749379840836,3.062465351331853,3.0789444447625742
110.7,3.09287757473318,3.081037357195528,3.0484539744064434,3.0331024709433527,3.0575461950169642,3.075662051271502
110.75,3.0950536396797133,3.077306606489865,3.0540049368458724,3.0366153876960356,3.052511683462111,3.071983712603177
110.80000000000001,3.0965485289801684,3.0732409251263055,3.0595159948898525,3.040550407327027,3.047575455755677,3.067933661571044
110.85000000000001,3.0973229952908654,3.068857381806412,3.0648597649910325,3.0446891973524557,3.0429500988214593,3.0635307600431254
110.9,3.097389379124529,3.0641643631059434,3.069930271717926,3.0488775250256723,3.038823884085089,3.0588259133359266
110.95,3.096801548550337,3.059212075058808,3.074655286868232,3.0530005369874,3.0353587231897956,3.0539659109603763
111.0,3.0956132525376105,3.0541191173396105,3.0789695278391975,3.0569587599054704,3.032681146807628,3.049153315371029
111.05000000000001,3.0938811309016114,3.0490709746290343,3.0828316255926733,3.0606777320054177,3.0309012150989116,3.044603070686174
111.10000000000001,3.0916504667312936,3.0442768229150583,3.086211549159185,3.0640958028268988,3.030107204382904,3.040509944474287
111.15,3.088960175094687,3.0399301589179473,3.0890868664607702,3.0671608554907976,3.030384177008014,3.037036479260964
111.2,3.085840319873727,3.0362050148102018,3.091447292952877,3.069837945981248,3.0318096151662144,3.0343140698580395
111.25,3.082323355096586,3.0332473339686246,3.0932891507478066,3.072098108645541,3.034395763426347,3.0324661770076853
111.30000000000001,3.078434084997826,3.0311856399242503,3.0946127800871532,3.0739229132290795,3.0379952498655207,3.031589881918191
111.35000000000001,3.074195373155622,3.030117295218518,3.095424045217981,3.0753028090797923,3.042348469580587,3.031769916389528
111.4,3.0696314527651984,3.030140393643667,3.095736273414739,3.076232321361779,3.0471702561706238,3.0330962228121354
111.45,3.0647620898548085,3.031332535767138,3.09555886228949,3.0767103117217554,3.052219363444751,3.03557621678216
111.5,3.0596388176317753,3.033710498034581,3.09490636819209,3.0767425108964894,3.057304454537366,3.039057225587806
111.55000000000001,3.054405985957106,3.0371601791586573,3.0937991565666083,3.0763355971942334,3.062291769297686,3.043287897665746
111.60000000000001,3.0492736100926985,3.0414443483675653,3.092249300607601,3.075496746990441,3.0670744843143622,3.0479952057128545
111.65,3.0444609923770773,3.0463045150375954,3.0902784183217196,3.074239337060892,3.0715688500769835,3.0529520355719852
111.7,3.0401511838213455,3.051491195176498,3.0879030654398005,3.0725770174968132,3.0757177167015364,3.0579881489732954
111.75,3.03650199758122,3.0567969658304124,3.085139727956692,3.070517713616844,3.0794644427333075,3.062964469285965
111.80000000000001,3.033635656934009,3.0620600079098295,3.0820088246069735,3.0680803496989535,3.0827704798838202,3.0677695934323097
111.85000000000001,3.031664545921223,3.0671495851651063,3.0785280239699087,3.0652755689494207,3.085609850441988,3.0723166527637513
111.9,3.0306784743122,3.0719646041100055,3.074712468563428,3.062120803258694,3.087968065850366,3.0765236390989985
111.95,3.0307637272932926,3.0764282185060887,3.070576837601216,3.0586326508066017,3.089832778374324,3.080296858275431
112.0,3.03200101323802,3.0804827422682477,3.0661371542638785,3.0548205567381874,3.091204797309978,3.0835432235807
112.05000000000001,3.034391213520136,3.0840862934269424,3.0614383587589447,3.0507323041568215,3.092083014893544,3.0861786872915005
112.10000000000001,3.0377842645999444,3.087205220876635,3.0565983670796126,3.04650052120665,3.0924689638386718,3.0881286683608753
112.15,3.041918204810735,3.089823749552933,3.0518109621130423,3.0423300453785123,3.092376072969953,3.089357400431803
112.2,3.046507447937083,3.091929915162417,3.0472785099479944,3.0384285314784067,3.091812351935754,3.0898672338066855
112.25,3.051316491732932,3.0935172250478162,3.0431947916519007,3.034994209566523,3.0907947252526813,3.08969101501175
112.30000000000001,3.056167503031583,3.094591465528966,3.0397366192073347,3.0321895659523648,3.0893370342461135,3.0888775729603783
112.35000000000001,3.0609231344204426,3.095158145499221,3.037046438771517,3.030146733999942,3.0874499252334044,3.0874741164109745
112.4,3.0654831481447937,3.0952271479414364,3.035244957705596,3.0289852437603857,3.085153275324416,3.085528960546628
112.45,3.069770860644114,3.094810539064607,3.034440365580818,3.0288029361078386,3.0824624958719107,3.083079592190529
112.5,3.0737299771826434,3.093923688165133,3.034714928169363,3.029696736235631,3.0793930514450523,3.0801602759746394
112.55000000000001,3.0773079275642505,3.0925838639877865,3.036160107675489,3.0316843936595603,3.0759610170208345,3.0768063187205366
112.60000000000001,3.0804661546496876,3.0908041842533565,3.038785119104958,3.034629622388175,3.0721830288106164,3.0730438521362022
112.65,3.0831797050586736,3.0886061999299828,3.042472331826795,3.038280957000123,3.068072978973048,3.0688991741237506
112.7,3.08542966156883,3.086007482645562,3.046991995195431,3.042387882529283,3.0636474810075587,3.0643986857556005
112.75,3.0872119230738067,3.0830237058197687,3.0520732072614694,3.046735254538794,3.058954445287347,3.0595910955983774
112.80000000000001,3.08852094212852,3.0796747129730715,3.057472008073219,3.0511564888073024,3.054139708429965,3.054609071634164
112.85000000000001,3.089358452608016,3.0759776417117606,3.06298271802465,3.0555256417486225,3.049417527040498,3.0496575363299945
112.9,3.0897275102113,3.071944885235058,3.0684361161123963,3.059739576494082,3.045006509060132,3.0449448061676083
112.95,3.089636532236444,3.06759769076859,3.073709778069285,3.063711284221208,3.041098061785134,3.040670041657937
113.0,3.0890962532998665,3.0629441390028127,3.0787017139746675,3.0673757955051633,3.0378445911388514,3.036998872764169
113.05000000000001,3.0881248135971973,3.058035269879446,3.0833376374928743,3.0706827375638346,3.0353729526942064,3.0340771130261315
113.10000000000001,3.086731286363104,3.0529932961782724,3.087559067743077,3.073590090600445,3.033786830027769,3.0320227211268937
113.15,3.084928906688631,3.0480138712764675,3.0913277285387832,3.076069377008786,3.0331864749379047,3.030943001982909
113.2,3.082736210332987,3.043301571936786,3.094609278669848,3.0781017527356958,3.033657825120137,3.0309289050817685
113.25,3.080164015545535,3.0390560757043845,3.0973890386927665,3.0796750372081707,3.0352146372456903,3.032061290903286
113.30000000000001,3.0772331030719475,3.0354467421394604,3.0996534030192886,3.0807870522012735,3.037708057012852,3.0343540443354953
113.35000000000001,3.073957003995966,3.032609652380947,3.1013998192742966,3.0814379339908893,3.0408780797838615,3.0376726549912862
113.4,3.070348936718433,3.030671290232297,3.1026323196345342,3.0816319980689175,3.0444514077031,3.0417692026066554
113.45,3.066424102128502,3.0297288164385443,3.103353639598191,3.081375817759701,3.0482006177289844,3.0463811858873573
113.5,3.062193337514133,3.029877135241148,3.1035785459448886,3.080680122510395,3.051966690555944,3.0512776255695426
113.55000000000001,3.057708945408492,3.031194729273806,3.1033171117294613,3.0795555897309996,3.055631770744261,3.0562746671704097
113.60000000000001,3.0531154544045207,3.0336949081352738,3.1025836259214583,3.0780120381531226,3.059103909727165,3.0612249569349532
113.65,3.048628572247467,3.0372568457355302,3.1013973983980754,3.076068663144987,3.0623174161830145,3.0660153702159323
113.7,3.0444620244950453,3.041643446768129,3.0997752625239112,3.073736660258845,3.065209890495208,3.0705460628854624
113.75,3.040810458389086,3.0465803503835,3.0977313907522537,3.0710344940017538,3.067736852917716,3.074735670603148
113.80000000000001,3.037818603662698,3.0518253345253745,3.095287360677302,3.0679787874844915,3.0698669409348573,3.0784928180463282
113.85000000000001,3.0356123054018274,3.0571684734347455,3.092460140041752,3.0645778679599314,3.0715736587061455,3.0817245229644947
113.9,3.0342988203149392,3.0624450324673282,3.0892641268834975,3.060853086653268,3.0728408903882847,3.0843438398841965
113.95,3.0339718393123434,3.067536448496041,3.085720310703627,3.0568135844526476,3.0736610079152165,3.086278251511139
114.0,3.034720716902465,3.0723480329999955,3.081844441460596,3.052503641788046,3.0740286468687974,3.0874845435792
114.05000000000001,3.0365631938864426,3.0768062750240532,3.0776493960965086,3.048051829427179,3.0739427978805116,3.087960280087671
114.10000000000001,3.039346437858776,3.080854493080766,3.0731538253335455,3.043651090029165,3.0734134476923844,3.0877411189263793
114.15,3.042804796897408,3.0844549117535203,3.0683695496385175,3.039502957028192,3.0724460207355215,3.0868749402675073
114.2,3.0466673796050237,3.0875751302931036,3.0633380024572423,3.035803430191147,3.07104842865089,3.0854082994047145
114.25,3.050720130640376,3.0902006830514095,3.058194386334138,3.0327235853010914,3.0692329864074788,3.083392939301383
114.30000000000001,3.054793395103468,3.0923186217048526,3.053126049162361,3.030402223937589,3.067016311441858,3.0808692095782977
114.35000000000001,3.058776776590074,3.093923217671428,3.048339719683234,3.028964511142739,3.0644046249388515,3.0778730711749276
114.4,3.0625802429148425,3.095021219132973,3.0440323234388855,3.0285110073581976,3.061416128889192,3.074440156032206
114.45,3.0661302198351974,3.0956187878452197,3.040367641493526,3.029133095981368,3.05806244946516,3.07060004756737
114.5,3.069373467395196,3.0957238632380855,3.037478313805537,3.0308574938667974,3.0543583309645728,3.066380616506539
114.55000000000001,3.0722629821781826,3.095351735366694,3.0354890316845866,3.0335609099797476,3.0503203571172497,3.061807237112253
114.60000000000001,3.0747595151005105,3.094514303346996,3.034495849678714,3.0370057183946084,3.0459965879542117,3.0569288270817463
114.65,3.0768395753623783,3.093226452583073,3.034580244664811,3.040940730155322,3.0415301763733913,3.051875917723476
114.7,3.078486685649426,3.091508192679159,3.0358290581698975,3.0451496925395487,3.0371369998196855,3.0468392144504577
114.75,3.0796941224262806,3.0893766394314164,3.0382542567559763,3.0494529681940246,3.033038057754153,3.0420278948889474
114.80000000000001,3.08045717957846,3.0868453483412353,3.0417217890041526,3.053715943061943,3.0294234531397786,3.037640112831576
114.85000000000001,3.08077339718997,3.0839357641933685,3.0459986221278563,3.057830388320427,3.0264592719897028,3.0338577370018562
114.9,3.0806500289804135,3.0806610537524572,3.0508059596905497,3.061703543438671,3.024266438858646,3.030820244827908
114.95,3.0800967367984713,3.0770441757410034,3.0558975602296172,3.065268036001514,3.0229541181316697,3.028652531501524
115.0,3.0791211451160057,3.0730948749286306,3.061066907026742,3.0684712528179956,3.022620116255928,3.0274667397805772
115.05000000000001,3.0777352841703105,3.068833262022775,3.0661599803584836,3.0712691452108256,3.0233452408280956,3.027350876566956
115.10000000000001,3.0759533448888425,3.0642717291386483,3.0710588248176993,3.0736356344963904,3.0252100220893907,3.028387907479818
115.15,3.0737856381564215,3.0594567198026206,3.075671360777099,3.075551650569669,3.0282261402019155,3.0305969270924975
115.2,3.071249147836403,3.0545226182121414,3.0799278434836284,3.07700872302521,3.032233801034855,3.0338515606169625
115.25,3.068356684617487,3.049672739179128,3.0837803263019277,3.078000333540043,3.0369704593829696,3.0379185181549198
115.30000000000001,3.0651179383832865,3.045113859157962,3.0871863209495145,3.0785266110385194,3.0421501023522395,3.0425369750090066
115.35000000000001,3.061553172996755,3.041044911866776,3.0901167745150424,3.078593483789045,3.047542847393585,3.0474713509325566
115.4,3.057675778706148,3.037627706696784,3.0925580197071105,3.0782083725056313,3.05297575091314,3.0525255524573964
115.45,3.053495773913649,3.034998413186546,3.094500054776168,3.077381946748017,3.05831923249482,3.0575439278489
115.5,3.049058756626484,3.0332652901419834,3.0959355302637817,3.07612842605979,3.063464275948104,3.062398247282621
115.55000000000001,3.0445080645057034,3.0325323151451875,3.0968722248729565,3.0744560316317284,3.0683292157527533,3.0669931999695734
115.60000000000001,3.0400543217339093,3.0328789707617387,3.0973141590802697,3.072383950373313,3.0728475659141434,3.071246425576026
115.65,3.035915471962806,3.034394433104835,3.097272147649969,3.0699264253793883,3.076963324849498,3.0751010650461086
115.7,3.032273092299428,3.037081810696059,3.0967572879086362,3.0671001516826966,3.0806376881534447,3.078511215571898
115.75,3.0292887842214906,3.0408103868339285,3.095786247084945,3.0639197917596808,3.0838451987447937,3.081449790226204
115.80000000000001,3.027082513972779,3.04533106067173,3.0943719907048775,3.0604004192578316,3.086563339133755,3.0838931791234048
115.85000000000001,3.0257673147657713,3.0503630223918328,3.092527067783302,3.056555974557981,3.088777140629829,3.085827732734795
115.9,3.0254373744236815,3.05566387404671,3.0902740361723087,3.052403720061959,3.090486696992613,3.087253231276806
115.95,3.0261771933758976,3.0610330373508035,3.0876306395646114,3.0479802295424117,3.0916896723712424,3.088168023141906
116.0,3.0280646264820152,3.066316180236914,3.084610143341384,3.0434105448162487,3.092387567240209,3.0885774805726176
116.05000000000001,3.0311038159684838,3.0714039678163103,3.0812303927148514,3.0388804265103055,3.0925949342965873,3.0884932286718447
116.10000000000001,3.0351397280660084,3.0762075604546024,3.077507135444634,3.0345938562040873,3.092320107898143,3.087925265368999
116.15,3.039913326992981,3.0806607715930774,3.0734553831259803,3.030747927254973,3.091571418767642,3.0868877744598184
116.2,3.0451436354261916,3.0847128743202026,3.0690953213975143,3.027515378772099,3.0903719196568193,3.085398248607802
116.25,3.050602921745543,3.0883212429512192,3.0644329543075366,3.0250417307203397,3.088729644681327,3.0834732311193904
116.30000000000001,3.05611857055484,3.0914595827784934,3.0595159944449875,3.023448412509384,3.0866607078253314,3.081126842779117
116.35000000000001,3.0615546433284817,3.094109716168231,3.05448478310946,3.0228445513430637,3.0841846956934424,3.0783823771989733
116.4,3.066812059418567,3.096261994290494,3.049544436087797,3.0233176959008046,3.081314441794338,3.075252356991852
116.45,3.0718068091303627,3.0979121974193613,3.0449045531384518,3.0249473496063963,3.078069482432768,3.0717563647597705
116.5,3.076473256569867,3.0990630370119714,3.0407550793934925,3.027756538703914,3.074462929734701,3.067910411948912
116.55000000000001,3.080743850815213,3.099723463869355,3.0372617533715363,3.0316179086994275,3.0705124696698163,3.0637327439881563
116.60000000000001,3.0845446851591323,3.0999012313496044,3.034548226984358,3.036304339543603,3.0662352980263337,3.0592345072287914
116.65,3.087786790008921,3.099607583261308,3.03273346287016,3.0415531578312036,3.0616427172100784,3.0544612301025316
116.7,3.090392660728452,3.0988569935428307,3.0319048770528725,3.047125815638121,3.056782604878695,3.049534253620289
116.75,3.0923010194510883,3.0976667928222796,3.032153814860052,3.052824450418129,3.0517927353868224,3.0446438494994776
116.80000000000001,3.093482129208373,3.0960484599184297,3.033557519091496,3.0584868142572703,3.046878565381867,3.039992867109051
116.85000000000001,3.093951734420578,3.0940229813683096,3.0361227285794414,3.0639838064821006,3.0422518471346653,3.0357785289126857
116.9,3.093750087479981,3.091607297927449,3.039719497350196,3.0692161617135323,3.0381103891366714,3.0321846511015473
116.95,3.0929335378314824,3.0888126486559186,3.0440812025983597,3.0741027676864903,3.0346081177840385,3.029349351756431
117.0,3.0915555295268793,3.0856604472362643,3.0489312984712877,3.0785847871771836,3.0318760878925004,3.027398311961443
117.05000000000001,3.089665551014226,3.0821677170462345,3.0540278226490023,3.082618517669019,3.0300247248602967,3.0264449766377117
117.10000000000001,3.087297556208889,3.078348317035222,3.0591734493631413,3.0861713139172933,3.0291542629144743,3.0265768356752343
117.15,3.08448656044003,3.074217785141474,3.064222026627432,3.089223519328915,3.0293455452727023,3.0278721526819856
117.2,3.0812612842330167,3.0697906987950434,3.069065889436925,3.091763411572496,3.0306826744691917,3.0303565651424735
117.25,3.077651558496684,3.0650755332557296,3.073622004701838,3.0937864225614566,3.0331756944101715,3.0339079180827393
117.30000000000001,3.073685963454982,3.060123140625342,3.0778231346882032,3.0952922310108733,3.036664069977597,3.0382942260214905
117.35000000000001,3.069386148160085,3.055079402692243,3.0816229020909396,3.0962874420083217,3.04089699002984,3.0432597580178307
117.4,3.064770382937722,3.050143960750803,3.084975642564564,3.0967824626527225,3.045595386744289,3.0485533409214263
117.45,3.0598937779041826,3.0455342906477134,3.0878606650174483,3.0967866396735926,3.0505405471679268,3.053974069388569
117.5,3.054888897941133,3.0414392290729366,3.090260766121094,3.0963141362399353,3.0555543014562234,3.0593526819186128
117.55000000000001,3.049961671608049,3.0380104474341256,3.0921622831764615,3.095384116103185,3.0605028239704315,3.064557255202982
117.60000000000001,3.045317799660777,3.0353780022836223,3.0935668904354388,3.094010944883393,3.065281292325039,3.0694900732160177
117.65,3.041151599353079,3.0336471028457623,3.094472460456191,3.092212980203305,3.069800068550421,3.074063558884206
117.7,3.0376204343753725,3.0329111034658833,3.0948863536294295,3.0900075682173624,3.073987889741379,3.0781838099916805
117.75,3.0348544386851106,3.03325723788503,3.0948196715734086,3.0874125070494958,3.07779287996148,3.0817620353347515
117.80000000000001,3.032967742229269,3.034757492565781,3.0942783951747117,3.084443051453375,3.0811646546546645,3.0847066221344597
117.85000000000001,3.0320586035791224,3.037426239642815,3.093282888339665,3.081122706249931,3.084080514527236,3.0869521569323877
117.9,3.0322080099482713,3.0411093449299806,3.091847998143807,3.077462281463342,3.086515979429525,3.0884382207728773
117.95,3.0334992242850705,3.0455402304932533,3.0899846599117735,3.0734786363259468,3.088458202112098,3.0891385922623273
118.0,3.0359402895244565,3.0504422641591016,3.0877129821535756,3.0691904905548686,3.0899052964225326,3.0890672490390942
118.05000000000001,3.0393897632393507,3.0555733071585225,3.0850499108722556,3.0646089743032805,3.0908550560374555,3.088272665178211
118.10000000000001,3.043579858115055,3.0607475101515913,3.082005894962202,3.059775620434163,3.0913132364208398,3.0868135535470373
118.15,3.0482415300730197,3.0658289755356667,3.0786048773978263,3.0548134898937223,3.0912878974759628,3.0847564746368237
118.2,3.0531468852593764,3.0707095819110672,3.0748584561013415,3.0499046490443646,3.0907835257926584,3.0821528281549226
118.25,3.058131481904292,3.075316421155017,3.070782492140048,3.045251950110543,3.0898121839190194,3.0790511012386115
118.30000000000001,3.0630597276350455,3.079584104798282,3.066390462829814,3.041049852239504,3.0883913688654276,3.075497211491396
118.35000000000001,3.0678259220016413,3.0834605615690838,3.0617328731670406,3.0374689748442316,3.086538024785526,3.071525180396131
118.4,3.0723421689260704,3.0869077448845306,3.0569482657870273,3.034651918929973,3.084262529443145,3.067167222299934
118.45,3.0765450592288923,3.0899018781203917,3.0522549336738014,3.0327257076562506,3.081592587854649,3.062452417664143
118.5,3.0803781691037195,3.092424496272649,3.047872895651626,3.0317895892940743,3.078534034999685,3.0574367447152353
118.55000000000001,3.0837974572727194,3.094466585339226,3.043990504974006,3.0319314501045076,3.0751031679670273,3.0522483950610857
118.60000000000001,3.0867713851736567,3.096022918286222,3.0407593678689904,3.0332357133956713,3.0713196381173984,3.0470879435040237
118.65,3.0892832222483984,3.0970946986009085,3.0383110730410157,3.0357187451030865,3.067194941159661,3.0421623727133933
118.7,3.0913169499162025,3.0976863758628825,3.036749044965389,3.0392593302971926,3.0627431062516246,3.0376732681299594
118.75,3.0928746667781164,3.09780867692554,3.0361729079310944,3.043630872582878,3.058011083851097,3.0337909642806205
118.80000000000001,3.0939519568476888,3.0974731552164547,3.0366718934312003,3.0485655527481423,3.05313689573282,3.0306655897327253
118.85000000000001,3.0945503849170546,3.0966897468504135,3.038258819359131,3.0538192587273247,3.0483091204417687,3.0284153728106378
118.9,3.0946802338201262,3.0954719242980477,3.040791451819873,3.0591929862753697,3.04374646865678,3.0271525632530025
118.95,3.0943541932165006,3.0938365631431513,3.0440115904793323,3.0645183408505616,3.0396363181214654,3.0269619362531213
119.0,3.093579530977486,3.0918000757939996,3.0476444041996484,3.069668424316942,3.036142005928481,3.0279272378276225
119.05000000000001,3.0923747181653574,3.089379250567853,3.0514607970347494,3.0745491166974985,3.033413196916284,3.0300720767258387
119.10000000000001,3.0907513922057697,3.086587451134335,3.0552916878997625,3.0790796367387157,3.0315577532752442,3.033270021522477
119.15,3.088726812093235,3.083443000241012,3.0590162937646186,3.0832060552199607,3.0306804711121025,3.0372932171819613
119.2,3.086319342627497,3.079965774411577,3.0625434910737197,3.0868865889759265,3.030872335259043,3.041871969196475
119.25,3.0835438748278103,3.0761666868876896,3.0658082387291414,3.090089726776872,3.0322169813901185,3.0467605290064768
119.30000000000001,3.080411679699945,3.072058002581863,3.068744940143447,3.0927976639539283,3.0347255537024393,3.051752648738232
119.35000000000001,3.0769432480594614,3.067655433394801,3.0713108048599587,3.094999860144911,3.0382561047975205,3.056686904637143
119.4,3.0731516943982378,3.0629696049645214,3.073473889599315,3.096693071828748,3.0425683993158827,3.061440289344332
119.45,3.0690523495707565,3.058050704298782,3.0752109106623218,3.097876471179569,3.047392246227978,3.06591589846758
119.5,3.064660770209903,3.0530447946595856,3.0765044777751593,3.098559688152122,3.0524976437954026,3.0700445421213494
119.55000000000001,3.060019793642359,3.0481569353345623,3.0773481431962093,3.098752218610228,3.0577032859872983,3.073770202980469
119.60000000000001,3.0552538657189534,3.0436041705079457,3.0777376622758266,3.0984623056257785,3.0628626421934357,3.077052086219008
119.65,3.0505505996067077,3.0395753073694354,3.0776748837396593,3.0977081554251154,3.067857084352277,3.0798626300604153
119.7,3.04612135027154,3.0362208422442993,3.0771648110754626,3.0965048347963258,3.0725931124957757,3.0821818126890888
119.75,3.04215473630879,3.033668446833801,3.0762176618623456,3.094867938776244,3.07699350189306,3.0840003072438713
119.80000000000001,3.038811515985431,3.0320118439628128,3.074839739583174,3.0928145930654556,3.0810034393130685,3.0853143415940973
119.85000000000001,3.0362380360593413,3.0313482823413698,3.0730481839406893,3.0903643006593167,3.084574375671431,3.086127546567001
119.9,3.0345440655780975,3.0317565654348653,3.0708520191945854,3.087530820345538,3.087678469643289,3.086444810040737
119.95,3.0338403396797724,3.033320888276413,3.068264363424962,3.084333655495185,3.090288271071574,3.086277263993834
120.0,3.0342119883874012,3.036042818653916,3.0653040216256504,3.0807895526191804,3.092396157799487,3.0856400796614305
120.05000000000001,3.035682419898485,3.0397628299821458,3.0619847772959683,3.0769142127850992,3.093992902264809,3.0845440450171853
120.10000000000001,3.038128211033238,3.0442138776781458,3.058317154819041,3.072724858234092,3.095080943848401,3.083006181290634
120.15,3.0413105538591303,3.049112635396212,3.0543178921511105,3.068232013420008,3.0956643571870863,3.0810449287037427
120.2,3.0449704949768774,3.0542233577199487,3.050032908029001,3.063480490983415,3.0957503376604696,3.078676034411775
120.25,3.0488934098837257,3.0593696353707114,3.0456093488286995,3.0585988430596416,3.0953501250315143,3.075916470274083
120.30000000000001,3.0529059969941446,3.0644250984554557,3.0412677193892654,3.053779225897982,3.094477131443452,3.072786390806325
120.35000000000001,3.0568763323215573,3.06929218219989,3.0372274869063145,3.0492262806071597,3.09314330705554,3.0692994291112665
120.4,3.060699603918892,3.073894522751332,3.0336824313936206,3.045134994822876,3.0913681304445335,3.0654745158916246
120.45,3.0642898581111973,3.0781675647052316,3.0307894388394048,3.0416722947136363,3.0891696018586137,3.061323110797058
120.5,3.0675776773831673,3.082059844620457,3.0286695936428374,3.038978454703878,3.086559973725854,3.056895731780477
120.55000000000001,3.070512702306841,3.085534782117538,3.027436043997265,3.0371731229396883,3.0835601796213563,3.052325331934265
120.60000000000001,3.073052909683723,3.0885639549759145,3.02718043513592,3.036354203034348,3.080185012430935,3.047811987671606
120.65,3.0751710352919117,3.09113126430349,3.0279944004517527,3.0366178710397076,3.076449758252432,3.0435696194112687
120.7,3.0768471886296203,3.0932212981803575,3.02989151957226,3.037987764694612,3.072374009641248,3.039793392360915
120.75,3.0780712838497197,3.094829195760586,3.032730437958884,3.040349171611062,3.0679739885111523,3.036655524039531
120.80000000000001,3.0788377816668775,3.0959566883218415,3.036243904867981,3.0434723939680044,3.063262737701111,3.034290933905119
120.85000000000001,3.079148577790024,3.0966083317778916,3.0401589194003575,3.0470991116060375,3.058282962208948,3.032821176154332
120.9,3.079008409229165,3.0967948493646853,3.0442561170270115,3.0509901594363313,3.0531621227834482,3.0323447316895344
120.95,3.0784273018524666,3.0965275364602043,3.0483705001983847,3.0549558303693947,3.0480823428811723,3.0329577714024563
121.0,3.0774132936264027,3.095815133356754,3.0523837926133814,3.0588499214506295,3.043253952063809,3.034683328013723
121.05000000000001,3.0759770796279606,3.094668352508808,3.0562041916449565,3.062563235252446,3.038873197216168,3.0374012186996926
121.10000000000001,3.074132748296489,3.0931042803348365,3.0597579682085776,3.06600967817565,3.0351039919348675,3.0408755341807914
121.15,3.0718999279534356,3.0911438825509765,3.06298418436639,3.0691289420425494,3.0320946185602855,3.0448469255238466
121.2,3.0692876665109763,3.088795636391401,3.0658377579516745,3.0718728338806502,3.029971537643149,3.04907524301887
121.25,3.066312945810208,3.0860765762205253,3.0682798614446036,3.074205807317752,3.02883538407493,3.0533703193574078
121.30000000000001,3.062994592216207,3.0830062966097014,3.070288619222585,3.0761025709162206,3.0287747904209428,3.0575865887756932
121.35000000000001,3.0593443077981233,3.079596845059113,3.0718452497352313,3.077550052994381,3.029877843160762,3.061615835944709
121.4,3.0553736082467435,3.075864300096505,3.072940544020178,3.078536206108399,3.0321556409064954,3.065376227904153
121.45,3.0511298192211496,3.071825026897708,3.0735720927363888,3.079061489096702,3.035479652992899,3.0687903592275925
121.5,3.0467314716834513,3.067488562506556,3.073740158500455,3.0791266550607816,3.0396212006251027,3.071776269048098
121.55000000000001,3.042369377892758,3.0628701876199615,3.073450725236439,3.078737088010924,3.0443164656119546,3.074242103164809
121.60000000000001,3.038250485470254,3.058019868757568,3.0727121289178503,3.0779022599871753,3.0493326754671597,3.0761012595268418
121.65,3.034569931264391,3.053077734025035,3.071534050080433,3.076632852963357,3.054472996742719,3.0772860146483865
121.7,3.0314951205672047,3.0482434681545674,3.0699244713735703,3.0749419255159407,3.0595850845194916,3.0777444426616083
121.75,3.029177148773155,3.04373655334195,3.0679021517149514,3.0728447973399056,3.064538470779287,3.077444450903752
121.80000000000001,3.0277402889603278,3.039741624395891,3.065477540913117,3.0703577160007187,3.0692342176799623,3.0763808153684447
121.85000000000001,3.0272861219121077,3.0364113188790722,3.0626701255971525,3.0674911091852413,3.0735904575145017,3.0745931430600506
121.9,3.0279050449268454,3.0338712449847054,3.059491527075602,3.06426535583045,3.077552863291898,3.072148597128015
121.95,3.02968258040871,3.0322208517216875,3.055956333349509,3.0606937780787984,3.081073740945011,3.0691194879218866
122.0,3.0326334034074303,3.0315597691583744,3.05207531283526,3.0567844146694414,3.0841196758882568,3.0655702004506753
122.05000000000001,3.0366373436718015,3.0319741740718817,3.047907451395295,3.052592523331331,3.086672288683847,3.0615559809624573
122.10000000000001,3.0414606596493785,3.0335412353872644,3.0435919408502117,3.0482493527045413,3.0887153993370036,3.057113940470809
122.15,3.0468442725277445,3.036265440180063,3.039344456447264,3.043960640445806,3.090247571498607,3.0523215572010005
122.2,3.052548363835821,3.0399886275813737,3.035383478765592,3.0399388460692043,3.091265450020782,3.047325336791967
122.25,3.0583755044642507,3.0444405112680473,3.0319015449588806,3.0363871645794918,3.0917742962228534,3.042345383248259
122.30000000000001,3.064162778781616,3.049344841977695,3.029057521462149,3.0334637295025795,3.09178359213092,3.0376022292631197
122.35000000000001,3.0697882559941205,3.0544767003048543,3.026984306414434,3.0313079486648347,3.0913049505096577,3.033296152921576
122.4,3.0751369186162316,3.0596601514998047,3.0257868248018007,3.0300341339254215,3.0903518038053353,3.0295916709491286
122.45,3.080101528588088,3.064771962551175,3.0255706226424883,3.0297427872011147,3.0889406498789063,3.026633090425633
122.5,3.0845786428501087,3.069712773171115,3.026421994016653,3.0305265822279552,3.087086500370924,3.024531357212228
122.55000000000001,3.0884678185127195,3.0743995312060495,3.0283568551413658,3.0324070447691014,3.0848056757545024,3.0233898587007753
122.60000000000001,3.0916874512793138,3.078764211640992,3.0312263928977226,3.035262914913076,3.0821191093829747,3.0232942851630407
122.65,3.0941744599523133,3.0827541312374684,3.034778646775338,3.038854922352131,3.0790424426348366,3.0243307049333716
122.7,3.0958815433311804,3.0863254821024606,3.0387436300686765,3.0429201432693262,3.0755959606088044,3.0265118865781817
122.75,3.096787394617566,3.0894498893673092,3.04290732791433,3.0472215662916278,3.071795996143447,3.0296993578823557
122.80000000000001,3.0969141672950204,3.092108308796829,3.047109872273734,3.051573224694695,3.067658628750391,3.0336410181414335
122.85000000000001,3.0963085567298263,3.094288150196087,3.051224721811751,3.055834202327665,3.063200248591442,3.0380597756810044
122.9,3.0950320019545736,3.095984583202822,3.0551584240544734,3.059900178949252,3.058464247592174,3.0427113545848274
122.95,3.093149766712202,3.0971988213827424,3.058836002395213,3.0636879452574073,3.0535749356785766,3.047408555125207
123.0,3.090720615099509,3.0979338655513544,3.0621912513383336,3.06713868052793,3.0487161496388806,3.0520104773566206
123.05000000000001,3.0877973399979504,3.098201889224568,3.0651726627704545,3.0702013457968835,3.044094965564152,3.056411781517081
123.10000000000001,3.0844199402493673,3.098008670001496,3.067747551286963,3.072841538483403,3.0399116648477316,3.0605360107968798
123.15,3.08062832716834,3.0973645837926536,3.0698841559997994,3.0750349888986728,3.0363402623489297,3.064316823427534
123.2,3.0764586035618713,3.0962855632341344,3.0715637788926715,3.0767657486306406,3.0335272258784127,3.0677076400957106
123.25,3.07193958779245,3.0947875943699676,3.0727815908636185,3.0780252110998587,3.0315983846773453,3.0706754953502386
123.30000000000001,3.067095755369439,3.0928871251438945,3.073533089433569,3.078812017681828,3.0306606456067207,3.0731920943227204
123.35000000000001,3.06197842320364,3.0905944636470086,3.073812457057487,3.0791272239021414,3.0308017245974215,3.07524374342666
123.4,3.056712400170808,3.0879305171021825,3.073629751343069,3.078978412304519,3.0321118170995733,3.0768210167924743
123.45,3.0514824511273626,3.084906664481158,3.0729839838130895,3.0783718804311566,3.0346035925525046,3.077919913848961
123.5,3.0464958813221363,3.0815454600185532,3.07189327956852,3.077319712344336,3.0381603674742914,3.078546441057915
123.55000000000001,3.0419486038352095,3.0778593740672013,3.0703720045413028,3.075835001545821,3.042554385854656,3.078705054117022
123.60000000000001,3.0380053949393364,3.073858258022715,3.0684275786090938,3.0739310594439186,3.047526161851451,3.078401745179537
123.65,3.034816103427675,3.069561356243193,3.06608021138889,3.0716275960864334,3.0528341867037776,3.0776501209877885
123.7,3.0325036474110942,3.0649710873884626,3.0633397119058476,3.068937549623266,3.0582706799129062,3.0764597744413655
123.75,3.031170682989647,3.0601431928612968,3.0602233209064744,3.065873674895539,3.0636679912991474,3.074849415764176
123.80000000000001,3.0309040446683366,3.055209031916379,3.0567473740358486,3.0624550829499784,3.0688989493573096,3.072834475270141
123.85000000000001,3.0317936056031827,3.0503683158658608,3.0529239846284515,3.058696689137655,3.0738606720207953,3.070429682224827
123.9,3.033845776814659,3.0458259231325946,3.0487940869415753,3.0546063467128075,3.0784716920143054,3.0676517348001227
123.95,3.0369524971346156,3.0417797747991666,3.0445098764945877,3.050236680542324,3.082672750019924,3.064518969542796
124.0,3.040876019371434,3.0383773638696634,3.0402680528114514,3.0457283192099696,3.086421124670869,3.061041065658549
124.05000000000001,3.045354670029544,3.035753586580281,3.0362928692205147,3.041293268930858,3.0896841090933242,3.057238419841374
124.10000000000001,3.0501467658794517,3.0340181431928133,3.0327816341246123,3.03715527042205,3.092442231858625,3.0531177575749564
124.15,3.055050544155764,3.0332682562629243,3.0298948644689405,3.0335019639371055,3.0946817938330584,3.0487318928965297
