Time,Agent[1],Agent[2],Agent[3],Agent[4],Agent[5],Agent[6]
0.0,1.0471975511965974,1.0471975511965976,1.0471975511965976,1.0471975511965979,1.0471975511965965,1.0471975511965992
0.02,1.0484991853705017,1.0484968488826378,1.047193275301688,1.045897877402473,1.0459001929490261,1.0471979272732597
0.04,1.0497620947720039,1.0498126715750977,1.0472421049606977,1.0446385029861154,1.04458845281331,1.0471414800723613
0.06,1.0509880898427044,1.0511444851049039,1.0473415824827488,1.0434173359021452,1.0432629759824799,1.047030837864605
0.08,1.0521788876785445,1.052491817060255,1.0474894192368975,1.0422324087514032,1.041924331384191,1.0468684430682949
0.1,1.0533361185907335,1.053854253405819,1.0476834836292417,1.0410818688192842,1.0405730172618863,1.0466565654726212
0.12,1.0544613321262746,1.055231435455775,1.0479217902023215,1.0399639690390894,1.0392094661508857,1.0463973142052392
0.14,1.0555560026011326,1.0566230571704274,1.0482024897433209,1.0388770597794192,1.0378340493137095,1.0460926485715756
0.16,1.0566215341932006,1.0580288627498686,1.0485238603011284,1.037819581366985,1.036447080690571,1.045744387877833
0.18,1.0576592656370787,1.0594486445015066,1.0488842990241467,1.0367900572668858,1.0350488204137918,1.0453542203361765
0.2,1.0586704745581494,1.0608822409612433,1.0492823147410426,1.0357870878516637,1.033639477928583,1.044923711138904
0.22,1.0596563814794582,1.0623295352507225,1.0497165212156985,1.0348093446984103,1.032219214757256,1.0444543097780405
0.24,1.0606181535314072,1.0637904536554614,1.0501856310155269,1.0338555653602113,1.030788146939124,1.0439473566778565
0.26,1.0615569078911724,1.065264964410827,1.050688449939338,1.0329245485642273,1.0293463471742252,1.0434040891997958
0.28,1.0624737149760026,1.066753076684775,1.0512238719571072,1.0320151497940495,1.027893846695335,1.0428256470723172
0.3,1.0633696014121519,1.0682548397480738,1.0517908746194726,1.031126277218545,1.0264306368894807,1.042213077291862
0.32,1.0642455527990275,1.0697703423243976,1.0523885148996626,1.0302568879335023,1.0249566706873265,1.0415673385356694
0.34,1.0651025162862184,1.0712997121142285,1.0530159254349125,1.0294059844859167,1.0234718637362012,1.0408893051221078
0.36,1.0659414029793473,1.072843115487984,1.0536723111383146,1.0285726116538916,1.021976095370262,1.0401797705497868
0.38,1.0667630901891902,1.0744007573451766,1.0543569461555815,1.0277558534578746,1.0204692093891605,1.039439450642603
0.4,1.0675684235370853,1.0759728811377949,1.05506917114437,1.0269548303813847,1.0189510146547411,1.0386689863242113
0.42,1.0683582189284786,1.0775597690573995,1.0558083908567235,1.0261686967815165,1.0174212855134595,1.0378689460420076
0.44,1.069133264405293,1.0791617423867743,1.0565740720078565,1.0253966384714084,1.0158797620506648,1.0370398278575887
0.46,1.0698943218868298,1.0807791620182834,1.0573657414169555,1.024637870458505,1.0143261501813137,1.0361820612176986
0.48,1.070642128808,1.0824124291424544,1.05818298440798,1.0238916348239775,1.0127601215802462,1.0352960084169271
0.5,1.071373570031545,1.0840658157430023,1.0590254434605963,1.023157198729916,1.0111813134537515,1.0343819657607751
0.52,1.0721217400034,1.0857074049433881,1.0598928554076006,1.0224338525421053,1.0095893281528068,1.0334401261302855
0.54,1.0728855836636653,1.08734287055524,1.0607846874311606,1.021720908440328,1.0079837322438734,1.0324675248453188
0.56,1.0736650293745216,1.0889354058676914,1.0617059796471533,1.0210176954794177,1.0063640248754018,1.0314971719354
0.58,1.0744590076388993,1.0905241115466724,1.062623660012935,1.020323612933307,1.0047299979583069,1.0305249170894655
0.6,1.0752677666036607,1.0920710317637354,1.0635439507644058,1.019637749319795,1.0030813581436213,1.0295834505843677
0.62,1.0760905246335515,1.0936158243489529,1.0644340929339378,1.0189592793536537,1.0014180923850295,1.0286674935244609
0.64,1.0769278146273304,1.0951193884585486,1.065294885313947,1.0182936329688475,0.9997354016136395,1.0278141841972737
0.66,1.0777791585528025,1.0966219314934558,1.0661259764719562,1.0176075681772794,0.9980663641315868,1.0269843083525059
0.68,1.0786450599069992,1.0980834664397434,1.0669279368597084,1.0169017383919083,0.9964109527384477,1.0262161528427791
0.7000000000000001,1.0795304617136832,1.0995396529347963,1.0677000756157655,1.0161757909635616,0.9947693870897302,1.0254699388620485
0.72,1.0803952088766655,1.1009902167291923,1.0684429741196275,1.015430409339631,0.9931416047098849,1.0247848934045853
0.74,1.0812812312533069,1.1024347311839726,1.069156289189988,1.0146652498911273,0.9915278509967624,1.024119954664429
0.76,1.0821473578380978,1.1038729620090053,1.0698406434694632,1.0138810289823739,0.9899280245013671,1.0235152903792795
0.78,1.0830364544781848,1.1053044741380624,1.070495674083303,1.0130774167432564,0.9883423956537629,1.0229288920830166
0.8,1.0839063036942864,1.1067290734148634,1.0711220458642854,1.0122551616020696,0.9867708238736665,1.0224018987304149
0.8200000000000001,1.0848007390745806,1.1081463122575095,1.0717193769602595,1.0114139484732352,0.9852136076079723,1.0218913228060291
0.84,1.0856764654460684,1.1095560369631186,1.0722883751494094,1.0105545568590093,0.9836705669136626,1.021439305848317
0.86,1.0865783162869738,1.1109577835278275,1.0728286403042187,1.0096766875602459,0.9821420311359361,1.0210018483643841
0.88,1.0874618869509822,1.1123514391661118,1.0733409237388156,1.0087811500174024,0.9806277806613664,1.0206221266449083
0.9,1.0883730432962906,1.1137365197314737,1.0738248077558337,1.007867662091505,0.9791281785075453,1.020255095796937
0.92,1.0892662389625263,1.115112953964118,1.0742810876381017,1.00693706187196,0.9776429650034312,1.019944999739448
0.9400000000000001,1.0901884049575425,1.1164802340444016,1.0747093288440799,1.0059890855212723,0.9761725395007228,1.019645714311567
0.96,1.0910928206059367,1.117838330991434,1.075110370906908,1.0050245983281823,0.9747166018001834,1.0194025845469419
0.98,1.0920275150496928,1.1191867099775072,1.0754837632024359,1.0040433560612498,0.9732755901312828,1.0191683727574186
1.0,1.0929445604401655,1.1205253851992647,1.075830389650822,1.0030462495925332,0.9718491632083932,1.018989559088408
1.02,1.0938931171844883,1.1218537916878712,1.0761497843574028,1.0020330556600072,0.9704378005581078,1.0188177577317088
1.04,1.0948240172501285,1.1231719878622939,1.076442875626865,1.0010046889313267,0.9690411191581076,1.0187006183508647
1.06,1.0957875855159127,1.1244793756883666,1.0767091831700994,0.9999609485312253,0.9676596421202928,1.0185885721536891
1.08,1.0967333807086945,1.1257760589989527,1.0769615666974273,0.9988908838011359,0.9662929439386592,1.0185304730347176
1.1,1.0977129253877855,1.1270615228924077,1.0771500860589294,0.9978437641354501,0.9649414745562059,1.0184755341488074
1.12,1.0986744732324647,1.1283355400981416,1.0773272968568768,0.9967690066487558,0.9636051429943482,1.0184738473489992
1.1400000000000001,1.099670774994702,1.1295975832606389,1.0774420405140732,0.9957171121335691,0.962284421119552,1.0184733751570514
1.16,1.100648743006814,1.130847487297717,1.0775480789971954,0.9946363522687478,0.960979159735555,1.0185254858735568
1.18,1.101662389736803,1.132084708440211,1.077593004393963,0.993578492842687,0.9596898561810532,1.018576855584869
1.2,1.1026572541473758,1.1333091442867476,1.0776318177432287,0.9924906243390539,0.9584163031366799,1.0186801635265006
1.22,1.1036886436511102,1.134520231079603,1.0776108309840091,0.9914258111735061,0.9571590266601975,1.0187807636311605
1.24,1.1047006921598852,1.1357332243057523,1.0775710220261645,0.9903299269215702,0.955917761269097,1.0189326804971168
1.26,1.105750187886433,1.1368916509435802,1.0775132779770868,0.9892572153448587,0.9546930646845295,1.0190799103430974
1.28,1.1067794195911755,1.138053834521252,1.0774368762630164,0.9881527063212028,0.9534846115601949,1.0192778589227443
1.3,1.1078465646792273,1.139161884511814,1.0773427549182795,0.9870719797346834,0.9522929965247924,1.0194691268107894
1.32,1.1088924601233847,1.1402755113123346,1.0772302034641963,0.9859587633176776,0.9511178378216942,1.0197105311402987
1.34,1.1099767023605187,1.1413353764622856,1.077100209904234,0.9848700072799987,0.9499597687482599,1.0199432424242891
1.36,1.111038645186162,1.1424026080262646,1.0769520761666602,0.9837481043300427,0.9488183501389678,1.0202255233314892
1.3800000000000001,1.112139333490017,1.1434163900749694,1.0767868391450568,0.9826514087457925,0.9476942554886945,1.0204970802350566
1.4000000000000001,1.1132166073390746,1.1444392985561966,1.0766038136808744,0.9815209454972846,0.9465869871542134,1.0208176549519425
1.42,1.1143329890023388,1.1454090115349849,1.0764040843465392,0.9804165061133028,0.9454972601138918,1.0211254560685283
1.44,1.115424775209898,1.1463895823964148,1.076186979588504,0.9792777153483598,0.9444245171062629,1.0214817375301468
1.46,1.116537470100825,1.1473171557607473,1.0759536303022514,0.978165834507962,0.94336951562609,1.0218417008817102
1.48,1.1176687698096037,1.1482571061797606,1.075703379405388,0.9770190559622294,0.9423318226731037,1.0222051731495005
1.5,1.118818524533662,1.1491444665155925,1.0754374007532908,0.975900144419549,0.9413117910807483,1.0225729798767436
1.52,1.1199844658873035,1.1500461127746355,1.0751550554424416,0.9747458253895505,0.9403089585290898,1.0229448891565651
1.54,1.1211664629098663,1.1508954780332068,1.0748575627249246,0.9736203937884617,0.9393237367635722,1.0233216729595538
1.56,1.122362286217614,1.1517609682893961,1.0745443024268355,0.9724590775501416,0.938355631332525,1.023703041363074
1.58,1.1235718170179814,1.1525743958458552,1.0742165367156469,0.9713277323817238,0.9374051105056433,1.0240897147127361
1.6,1.1247928687810456,1.1534057242065947,1.0738736649073937,0.9701600583655119,0.9364716448680253,1.0244813460510152
1.62,1.1260253286720232,1.1541851251295412,1.0735169894629744,0.969023501484469,0.9355557567599173,1.0248786056706614
1.6400000000000001,1.1272670571906849,1.1549841460514982,1.073145930126509,0.9678502042000896,0.9346568789542933,1.0252810906565113
1.6600000000000001,1.1285179417267823,1.1557312997008,1.0727618268661396,0.9667092310855545,0.9337755853239837,1.0256894224763258
1.68,1.1297758943039111,1.1564997427224386,1.0723641209360653,0.9655311377827681,0.9329112679690937,1.0261031434653087
1.7,1.1310407972960963,1.157216311675064,1.0719541868370626,0.9643866345303094,0.9320645496571176,1.0265228271839364
1.72,1.1323388464898025,1.1579275690389417,1.0715314885230507,0.963204661583283,0.9312347789520157,1.0269479625924927
1.74,1.1335947599459277,1.158633813684357,1.0710971498477664,0.9620576006170659,0.9304226247653985,1.02737935831907
1.76,1.1348845373341696,1.1593335221374466,1.0706511331479867,0.9608727458026034,0.9296273920933089,1.0278159766640709
1.78,1.1361310772917144,1.1600270924854101,1.070194558249755,0.9597241766707627,0.9288497911143738,1.0282586113675711
1.8,1.1374121300604167,1.1607129947002466,1.0697273996207433,0.9585664323834492,0.928060162218629,1.0287061881961008
1.82,1.1386487553793563,1.1613917297125997,1.0692510600047527,0.9574009739505236,0.9273335935655806,1.0291591945667733
1.84,1.139920476534014,1.1620617636022899,1.0687650702955591,0.9562287421601714,0.9265922747303437,1.0296169798572077
1.86,1.1411464987099256,1.162723701798628,1.068270855141494,0.9550511068091602,0.9259131626855658,1.030079982034812
1.8800000000000001,1.1424081465341542,1.1633760022964281,1.0677679759929366,0.9538690182820759,0.9252166607315182,1.030547503342473
1.9000000000000001,1.143622754797315,1.1640545578418897,1.0672226961766582,0.9526837493397897,0.9245816166175436,1.03101993240639
1.92,1.1448738233193634,1.1646758410962186,1.066716586750212,0.9514959121870996,0.9239266167266935,1.031496527099999
1.94,1.146076327860356,1.1653253031689654,1.066166477566555,0.9503071516474092,0.9233324166481632,1.0319776302881365
1.96,1.1473156413594603,1.165917546071776,1.0656558364810698,0.9491180679146902,0.9227157580414618,1.0324624573111283
1.98,1.1485048539066103,1.166539877085132,1.0650997601927914,0.9479301871675627,0.9221593279981262,1.0329513008293638
2.0,1.1497312284574739,1.1671050170882444,1.0645836256829606,0.946744102745859,0.9215779954685124,1.0334433377365368
2.02,1.1509059585626011,1.1677021480065728,1.0640593815165404,0.9455226117645958,0.9210563962715064,1.0339388110577694
2.04,1.1521182127344711,1.1682424862383072,1.0635287868022398,0.9443518432484862,0.9205071143987612,1.03443686375732
2.06,1.1532772833904241,1.1688166284857955,1.0629915242523889,0.9431449577905933,0.9200172272548457,1.0349376860055388
2.08,1.1544742576980471,1.1693339209188318,1.0624493460440605,0.9419900219228503,0.9194973677380895,1.0354403928577067
2.1,1.1556165163371488,1.1698868735214463,1.0619019596267498,0.9407982461481552,0.9190365845636865,1.0359451269823996
2.12,1.156797078155824,1.1703829544944384,1.0613511035623402,0.9396596510743098,0.9185435392683567,1.0364509806243172
2.14,1.157921408837556,1.1709165971220423,1.060796510473935,0.9384834746582102,0.9181092665107338,1.036958049577109
2.16,1.1590844703044278,1.1713933853169216,1.0602398981922985,0.9373617062519806,0.9176404381424081,1.0374654089715492
2.18,1.1601898122793721,1.1719096836453955,1.0596810245057329,0.9362015902642633,0.9172300877840991,1.0379731087007231
2.2,1.1612892416421317,1.1723691867384942,1.059121578977414,0.9350970975541977,0.916782881361285,1.0385253209060645
2.22,1.1624289945566963,1.1728221129524783,1.0585613440717472,0.9339534595361263,0.9163943138704278,1.0390250821921105
2.24,1.1635095751086673,1.1720422789946874,1.059228677481638,0.9328666439474538,0.9159665035813118,1.0395716280658283
2.2600000000000002,1.1646187566914374,1.1712890630195678,1.0586444926815064,0.9329706638759014,0.9155969996577502,1.0400653312534232
2.2800000000000002,1.1656556200908845,1.169318323243557,1.0592953058684471,0.9331105667400932,0.9151982003785601,1.0406072908580448
2.3000000000000003,1.1654670354518015,1.1686375861941003,1.0586897440322356,0.9344259705400297,0.9148692184055003,1.0410957525559192
2.32,1.1652287034082836,1.166719443404992,1.0593387753977903,0.9345364490650532,0.9157900746143888,1.0415718612890785
2.34,1.1637818017312611,1.1660836595670496,1.0587263084880472,0.9358421485464223,0.9167046854758025,1.0420467033710032
2.36,1.163551636118978,1.1641919064654744,1.0593750782230233,0.9359496471706859,0.9188535689922155,1.0412634702092092
2.38,1.162094917500192,1.1635880634873121,1.0587573366430147,0.9372704474191131,0.9197199049060911,1.041754637223863
2.4,1.161860933714072,1.161722641255996,1.059407376104455,0.9373865005127673,0.9218273796064755,1.0409804759858208
2.42,1.1603955718220977,1.161150419673036,1.0587861052435636,0.9387208448688273,0.9226469977929455,1.0414853677791163
2.44,1.160158757560088,1.159311236694407,1.0594389238011779,0.9388440661207476,0.9247143523747798,1.0407179706283856
2.46,1.158685938419163,1.1587704160404018,1.0588157099573574,0.9401904347013712,0.9254886248860696,1.0412341831752236
2.48,1.1584473004329172,1.1569574657316202,1.0594726644958237,0.9403194681305296,0.9275169732335957,1.0404714351550997
2.5,1.1569682264358065,1.1564479092526276,1.0588489379210901,0.9416763703141922,0.9282471053642694,1.0409967578916013
2.52,1.156728794044078,1.1546612550505928,1.0595112356670493,0.9418098835765518,0.930237404744058,1.0402367340972574
2.54,1.155244686515928,1.1541828950217878,1.0588882735086367,0.9431758518304472,0.9309244529559244,1.0407691473468617
2.56,1.1550055137001145,1.152422656010624,1.0595569747716538,0.9433125308364518,0.9328775217356791,1.0400101101250632
2.58,1.1535176141150059,1.151975479673312,1.0589359039835613,0.9446861158216651,0.933522411086976,1.0405477824990659
2.6,1.153279780298885,1.1502418168711297,1.0596119248846514,0.9448246605980177,0.9354389459637051,1.039788178563197
2.62,1.1517893502536771,1.1498258530078518,1.0589937251773267,0.9462044274883903,0.936042487024177,1.0403294642281635
2.64,1.1515539598720448,1.1481189563295904,1.0596778404319442,0.9463435492173549,0.9379230797401386,1.0395679215885139
2.66,1.1500622799243383,1.1477342624951317,1.0590633473212852,0.9477280751669204,0.9384859849665901,1.0401113573053204
2.68,1.1498304608872765,1.1460543384077875,1.0597561931372423,0.9478664943354982,0.9403311384846091,1.0393466819271722
2.7,1.1483388283657803,1.1457009888333332,1.0591461011478005,0.9492543670281295,0.940854038025547,1.0398909837789956
2.72,1.1481117295264973,1.1440482487189587,1.0598481782924336,0.9493908126181403,0.9426641821296953,1.039122155893862
2.74,1.1466214554227743,1.1437263229056702,1.059243044363693,0.9507806298314367,0.9431476390227616,1.0396662156332506
2.7600000000000002,1.1464002431573868,1.1421009721462796,1.0599547214486686,0.9509138394799326,0.9449231453057969,1.038892385641522
2.7800000000000002,1.144912648207829,1.1418105441633144,1.0593549685874435,0.9523042095934464,0.9453676700280056,1.039435266599547
2.8000000000000003,1.1446985022150942,1.1402127719603556,1.0600764856138167,0.9524329306509856,0.9471088662236262,1.0386557505157077
2.82,1.1432149122810065,1.1399539004609327,1.0594824068301452,0.9538224740267287,0.9475149305518009,1.0391966830289725
2.84,1.1430090207088086,1.138383870400364,1.060213879030628,0.9539454654389612,0.9492221141675614,1.0384109574332632
2.86,1.1415307615607762,1.1381565893678742,1.0596256415889942,0.9553328165998185,0.9495901643049989,1.0389493337571254
2.88,1.1413343155642388,1.1366144307401767,1.0603670635988305,0.9554488515356461,0.9512636155107543,1.0381570302299399
2.9,1.1398627071744474,1.1364187409747173,1.0597847136110412,0.956832662064927,0.9515940844359483,1.0386923989185062
2.92,1.138371846461103,1.134904540857459,1.0605359639932868,0.95694053121231,0.9532340781628896,1.0391983464925376
2.94,1.1369472709907456,1.1347273532236244,1.059959431373863,0.9583194732953242,0.953540428239406,1.0396913500566232
2.96,1.1355029269211312,1.1332287604245255,1.060720147212332,0.9584181190374181,0.9551596331307977,1.0401557204533816
2.98,1.1341242216932872,1.1330712306710713,1.0601490006633663,0.9597911395455094,0.9554410614445683,1.0406086531617833
3.0,1.1327253173533114,1.1315894188836926,1.06091861317292,0.959879630003163,0.9570385820113617,1.0410337457551355
3.02,1.1313914575003876,1.131452547975662,1.060352354995472,0.9612456663500861,0.9572944043953843,1.0414488759625942
3.04,1.130037044365623,1.1299885329802009,1.0611302317338236,0.9613230636531727,0.9588694671809489,1.0418369672658176
3.06,1.1287471247021763,1.129873169405534,1.0605682997067403,0.9626810529794394,0.9590991192810309,1.0422165411046658
3.08,1.1274363647743426,1.12842781172316,1.0613537466385345,0.9627464224119997,0.9606510739434869,1.0425698876880622
3.1,1.126189582492406,1.1283346539648003,1.0607955166893621,0.9640953106751198,0.9608541119455062,1.0429161314123916
3.12,1.1249217312704785,1.1269086617101154,1.0615877810325678,0.9641477296852088,0.9623824319662739,1.0432369715149417
3.14,1.1237173694699951,1.1268382609327459,1.0610325706582957,0.9654864806049055,0.9625585329102027,1.0435520926034416
3.16,1.1224917597692348,1.1254321929084874,1.0618308444709346,0.9655250476266026,0.9640628158574392,1.0438426465468877
3.18,1.1213291718355087,1.1253849559033577,1.0612779168636726,0.9668526514307141,0.9642117774739105,1.0441288336724228
3.2,1.1201451984667392,1.1239992249760211,1.062081341325927,0.9668764944630353,0.9656917447601299,1.044391303187735
3.22,1.119023793305725,1.1239754174020233,1.0615299101555449,0.968191976377395,0.9658134847761152,1.0446507251627832
3.24,1.117880898625827,1.1226102941918694,1.062337580499018,0.9682002612630303,0.9672689808601497,1.044887291739692
3.2600000000000002,1.116800126766719,1.1226100441458606,1.0617868153016357,0.9695026896870838,0.9673635357312507,1.0451220955470368
3.2800000000000002,1.1156977871097595,1.1212656610598026,1.0625977863341038,0.9694946280330505,0.9687945267256893,1.04533491791718
3.3000000000000003,1.1146571276827504,1.1212889630042655,1.0620468184519511,0.9707831223424632,0.9688620497635049,1.045547225934651
3.3200000000000003,1.1135948406794238,1.119965318635264,1.06286011062243,0.9707579790249019,0.9702686214196607,1.045738436797906
3.34,1.1125937892748659,1.1200120377065272,1.062308039637215,0.9720317169428903,0.9703093802935053,1.0459303433245826
3.36,1.111571062066143,1.1187090016184182,1.0631226455825669,0.9719888171393416,0.9716917353467311,1.0461020454263856
3.38,1.1106091194795908,1.1187788783339112,1.0625685461811019,0.9732470416199224,0.9717061089495553,1.046275612615505
3.4,1.109625457828638,1.1174961962458738,1.0633834376919422,0.9731857773145522,0.97306456381817,1.0464298742804097
3.42,1.1087021196945515,1.1175888516241017,1.0628263668995308,0.9744278028833568,0.9730530384966919,1.0465871275813545
3.44,1.1077570179992118,1.1163261510042926,1.0636405022398199,0.9743476387936028,0.9743880193377928,1.0467259778048668
3.46,1.1068717653144056,1.1164410921064682,1.0630795069538088,0.975572857295284,0.9743511844965023,1.0468689010131171
3.48,1.1059646975207928,1.1151978881796216,1.0638918384654223,0.9754733361723558,0.9756632226313835,1.0469943242100102
3.5,1.1051169880571114,1.1153345140770154,1.0633259632186034,0.9766812218778846,0.9756017657291018,1.0471248542198692
3.52,1.1042473994731972,1.114110216246024,1.064135445139411,0.9765619691383467,0.9768914924597725,1.0472387847228353
3.54,1.1034366600773309,1.114267824412185,1.0635637400205247,0.9777520831705583,0.9768061934257309,1.0473588060732544
3.56,1.1026039600838242,1.1130617430888163,1.0643693364421827,0.9776128108217056,0.9780743342720564,1.047463122471001
3.58,1.1018295798607154,1.1132395362107887,1.0637908650989223,0.9787848048632783,0.9779660593759338,1.0475744617699476
3.6,1.1010331355150047,1.112050890045717,1.0645915579887948,0.9786253146912329,0.9792134277700915,1.047670981168745
3.62,1.1002944598898385,1.1122479832432743,1.0640054056373467,0.9797789339456694,0.9790831229870387,1.0477754014764185
3.64,1.0995335904173005,1.111075906740595,1.0648002028477634,0.979599119941839,0.9803106134682744,1.047865873763814
3.66,1.0988299160696982,1.1112913351772997,1.0642054842122475,0.9807342053249668,0.9801592973856408,1.0479650690097335
3.68,1.0981038882351815,1.1101348866735758,1.0649934273998065,0.9805340553336497,0.9813678783436588,1.048051171193714
3.7,1.097434458897795,1.110367613538229,1.064389294504991,0.9816505448804339,0.9811966346608444,1.048146760697292
3.72,1.0967424832486632,1.1092257835209587,1.0651694668828657,0.9814301414578195,0.9823873406805816,1.0482300913886973
3.74,1.0961064863609475,1.1094747083526995,1.0645551166243201,0.9825280709368421,0.9821973103572209,1.0483236145475552
3.7600000000000002,1.0954477143315018,1.108346428087977,1.0639595350525621,0.9836547068382203,0.983371234221222,1.0484056886481044
3.7800000000000002,1.0948442785379258,1.1085967262731113,1.0633751917662417,0.9846932532224173,0.9831772575268314,1.0484985998530587
3.8000000000000003,1.0942176639222003,1.1074678978904782,1.0628079740256728,0.9857622713233327,0.984348520034878,1.048580979983024
3.8200000000000003,1.0936455951234945,1.1077196865680001,1.0622503371974377,0.986744272203563,0.9841505103740382,1.048674905713053
3.84,1.0930499247719578,1.1065904120945698,1.0617083225565853,0.987758449340509,0.9853190328573187,1.048759165558646
3.86,1.092508008405429,1.1068436648449016,1.0611743335340516,0.9886866609149998,0.9851170422957805,1.048855597184425
3.88,1.0919420449706645,1.1057139123102324,1.0606545977760202,0.9896486970699704,0.9862828810577016,1.0489431739949975
3.9,1.0913746017991475,1.106022916646733,1.0601414329245626,0.9905258043231553,0.9860770833452774,1.0490434681407104
3.92,1.090839706669854,1.1048899115743946,1.0596418252786686,0.991438332027926,0.9872404129161849,1.0491351187125577
3.94,1.0903032794872995,1.105196596232199,1.0591473963551827,0.9922669626949684,0.9870310816868071,1.0492399907231293
3.96,1.0897979010740997,1.10406034627362,1.0586653651255356,0.993132565176899,0.9881921683303292,1.0493369611991028
3.98,1.0892909119455787,1.1043646384906962,1.0581872228116893,0.9939152950740882,0.9879796630045705,1.0494475758529633
4.0,1.0888134842108617,1.1032250505876213,1.0577204423425368,0.9947365000968542,0.9891388616728389,1.0495509682688735
4.0200000000000005,1.0883343423851475,1.1035267832387605,1.0572563619686672,0.9954758528681489,0.988923618128069,1.0496683485907927
4.04,1.0878832836370194,1.1023836802204965,1.0568027258986465,0.9962551379716724,0.9900813572318166,1.0497791222199346
4.0600000000000005,1.0874303847336126,1.1026826081535301,1.056350700754164,0.9969535895662642,0.9898638730391445,1.049904150932872
4.08,1.0870040974813486,1.101535744674619,1.0559083153500157,0.9976933859949129,0.9910206398738248,1.0500231238048654
4.1,1.086575823697827,1.1018315603984126,1.0554665500178986,0.9983533678797741,0.99080146021313,1.0501565449725432
4.12,1.0861726955009487,1.1006806381999983,1.055033727503477,0.9990560633050571,0.9919577870507661,1.050284395619339
4.14,1.0857674167734075,1.100972986904246,1.0546006311402305,0.9996799645194867,0.9917374913130468,1.0504268165291686
4.16,1.085385822016038,1.0998176693774262,1.0541758829481078,1.0003479046627863,0.9928939421702299,1.0505640860049978
4.18,1.08500189806471,1.100106163259617,1.0537500624421443,1.0009380728210695,0.9926731312568531,1.0507159793351935
4.2,1.0846402005860103,1.0989460892851275,1.0533320923265184,1.0015735620808284,0.9938302893495412,1.0508630735515605
4.22,1.0842759837771805,1.0992303211565062,1.0529123452793883,1.0021323034277816,0.9949811339443078,1.049653219594422
4.24,1.0839188270119628,1.0980651181922154,1.0525000422402169,1.00275131926691,0.9960985035570811,1.0498514969112012
4.26,1.0835596448205862,1.0983445373985459,1.0520854868561569,1.0032939184102045,0.9972114045686883,1.0486903151254034
4.28,1.083206711797251,1.0971735706738466,1.053061553057896,1.0025139801328042,0.9982922424355856,1.0489372490822024
4.3,1.0828521852253434,1.0974613589899178,1.0526101292085948,1.0030828247561403,0.9993565554966231,1.047822253502967
4.32,1.0825031894106034,1.0962971800636827,1.0535512613407712,1.0023276514514732,1.0003907889357284,1.0481152359773265
4.34,1.082153105078951,1.0965913973192551,1.0530651747908095,1.0029210729840248,1.0014108297777937,1.047043727228753
4.36,1.0818077718135148,1.0954321960700382,1.053973485207392,1.0021891488334165,1.0024026130394526,1.0473800922157723
4.38,1.0814617889759308,1.0957310731061067,1.0534548881483516,1.0028057065577411,1.003382394049963,1.0463494563414923
4.4,1.0811197244195034,1.0945752095712795,1.0543324428895324,1.0020957278600318,1.0043355848750528,1.0467266175641872
4.42,1.080777393088648,1.0948771453465989,1.053783442141205,1.0027341854984047,1.0052788260493555,1.0457343150553735
4.44,1.0804381022130833,1.0937231467195074,1.0546322684411154,1.0020450379005454,1.0061969963163397,1.0461497555889951
4.46,1.0800988806258414,1.0940267055768473,1.0540549320249417,1.0027043413395744,1.0071071355344066,1.045193312077976
4.48,1.079761784547073,1.0928732632974532,1.0548770242400127,1.002035078205655,1.0079935812832215,1.045644575606171
4.5,1.0794250559729557,1.0931771722754275,1.0542733864432983,1.002714334326765,1.0088737840290216,1.0447215741321179
4.5200000000000005,1.0790895086199859,1.0920231391077584,1.0550707105180923,1.0020641562151331,1.009731534974375,1.0452062577442414
4.54,1.0787545975079338,1.0923262851955968,1.054442775566745,1.0027626128032603,1.010584703605832,1.0443143325002184
4.5600000000000005,1.078419901619582,1.0911706721969963,1.0552172721532604,1.0021308480256028,1.0114165322426958,1.0448300809414492
4.58,1.0780860890714408,1.0914720994413636,1.0545670166096826,1.0028478747323595,1.0122453149105848,1.043966912414155
4.6000000000000005,1.0777515115049316,1.0903140727403728,1.0553206029550206,1.0022339609720363,1.0130537453055226,1.044511413701701
4.62,1.077418050057827,1.0906129791251498,1.054649976956375,1.0029690313127975,1.0138605446108229,1.043674725116614
4.64,1.0770828363877465,1.089451856436685,1.0553845476721546,1.0037356767458738,1.0132846825008888,1.0442457074362377
4.66,1.076748964082486,1.0897475904684675,1.0547091062295715,1.0044475489391282,1.0141124455160497,1.043419651943883
4.68,1.0764122163825416,1.0885829733998147,1.0554394743398283,1.0051922728190186,1.0135564298835429,1.04400194035484
4.7,1.0760769089460025,1.0888752918604587,1.0547597886684832,1.0058832437345027,1.0144044286806797,1.0431856452894595
4.72,1.0757376308192772,1.0877070297893414,1.0554865321932914,1.0066082955286644,1.013867506224875,1.043778312624138
4.74,1.0753999162831465,1.0879957910818352,1.0548032543281372,1.0072805359625343,1.014734974630498,1.042970834893436
4.76,1.075057167949012,1.0868238337698297,1.0555270303432684,1.0079880370552539,1.014216351424514,1.0435728866377072
4.78,1.0747709909250736,1.0870541408169854,1.0548408822982738,1.0086435900624173,1.0151024808486464,1.04277322222819
4.8,1.0744216147240222,1.0858808186579088,1.0555618683322692,1.0093355320454103,1.0146013188992777,1.0433841545206992
4.82,1.0741282040814937,1.0861106570873036,1.0548731169213983,1.0099763058829907,1.015505260593465,1.0425917626129342
4.84,1.073771603533836,1.0849359086969965,1.0555921702680648,1.0106545385259351,1.015020685796411,1.0432104003583431
4.86,1.0734704158484805,1.0851652079948417,1.0549017160688876,1.0112823067796017,1.0159415470091369,1.0424241134786376
4.88,1.0731060506205417,1.0839890882583236,1.0556197332691877,1.0119485491184887,1.0154726350481482,1.0430492508648967
4.9,1.0727966002477312,1.0842178949474148,1.0549285075765344,1.0125649552958607,1.016409471820756,1.0422678772912903
4.92,1.0724239933950361,1.0830405702334158,1.0556464145758053,1.0132207941936038,1.0159552477296288,1.0428982870520969
4.94,1.0721058593292367,1.0832690428749556,1.0549553696700888,1.013827350483345,1.0169070646581084,1.0421206201638515
4.96,1.0717246038399022,1.082090785570399,1.0556741120835382,1.0144742394956903,1.0164665032157765,1.0427550629742797
4.98,1.071397435860584,1.0823191890973283,1.054984211650078,1.0150723258427379,1.0174322540459408,1.041979890682916
5.0,1.0710072004484192,1.0811403715100978,1.0557047451858488,1.015711584427857,1.017004280979602,1.0426171246277602
5.0200000000000005,1.070670724505658,1.081369070941616,1.055016954933273,1.016302447960996,1.0179828700104974,1.0418432388275463
5.04,1.0702712586093313,1.0801901586249556,1.055740236020653,1.0169352610674482,1.0175663639788501,1.0424820288783483
5.0600000000000005,1.0699252814094589,1.0804196122166376,1.0550555145444278,1.0175200159118627,1.0171640010589602,1.0431008820382388
5.08,1.0695303434436496,1.0792411567727889,1.0557824912127538,1.018133509742909,1.0167995205876128,1.0436982854198718
5.1000000000000005,1.0691879767660353,1.0794720478907314,1.055101641911131,1.0186999161366965,1.0164469992623317,1.0442767252126606
5.12,1.0687961378858204,1.0782949462670801,1.0558329779900997,1.019296357731362,1.0161306349518417,1.0448342523533825
5.14,1.0684560666856728,1.0785281427712394,1.0551566733404503,1.0198465576227935,1.0158241464411537,1.0453737203182767
5.16,1.0680660991538176,1.0773533204705619,1.055893048689355,1.0204279698217196,1.0155521402581336,1.045892728785999
5.18,1.067727203656188,1.0775897206721636,1.0552219679438064,1.020963867832314,1.0152880227876917,1.0463945242874226
5.2,1.0673380735319462,1.0764181279579559,1.0559640657236868,1.0215320395938963,1.0150567593917872,1.046876240980314
5.22,1.0669994218987113,1.0766586564879106,1.0552988827824734,1.0220553132012684,1.0148314902008178,1.0473415426084047
5.24,1.0666102815473681,1.0754912638856753,1.0560473775810066,1.0226118097225172,1.0146374897802743,1.0477870846627437
5.26,1.066271122350196,1.0757368668944252,1.0553887497282761,1.0231239192729182,1.0144476785739514,1.0482169703598192
5.28,1.06588130272428,1.0745746600954025,1.0561442965315742,1.0236700919807973,1.0142875910758127,1.0486273647717193
5.3,1.0655410571805213,1.0748262998884655,1.05549285402701,1.024172290593437,1.0141299748095216,1.0490228306806308
5.32,1.0651500598362995,1.0736702741583335,1.056256078033162,1.0247092870651908,1.0140005754512051,1.049399032635395
5.34,1.0648083137770283,1.073928923367819,1.0556124145532846,1.0252026304833186,1.0138720143346847,1.0497610106634507
5.36,1.064415802601976,1.0727800775585687,1.0563839018229704,1.0257314043471486,1.0137702002841404,1.0501039205647817
5.38,1.0640722981530113,1.0730467129465862,1.0557485657462986,1.0262167607839086,1.0136676748938207,1.050433294655961
5.4,1.063678090791306,1.0719060432051293,1.0565288546860843,1.0267380816444764,1.0135904630056016,1.050743773846989
5.42,1.063332717758921,1.0721816391903845,1.0559023412165127,1.0272161416647265,1.0135110723936498,1.0510413949553927
5.44,1.062936776732563,1.0710501324525568,1.0566919148906,1.0263546289393721,1.0148315740400786,1.0513202801244157
5.46,1.0625895636956186,1.071335654446555,1.0560608997946028,1.0268671033685752,1.014731366567661,1.051600719306574
5.48,1.0621921246000563,1.0702141444059996,1.056847115909059,1.0260382240746573,1.0160318003947726,1.0518618977950416
5.5,1.0618434933139036,1.0705102780589952,1.0562133031111383,1.0265828014831608,1.0159107857796712,1.052124645432716
5.5200000000000005,1.0614450231360275,1.0693994706708352,1.056997793211762,1.025784259190118,1.0171910984210246,1.0523676625498188
5.54,1.061095474199217,1.069706920343675,1.056362704810097,1.0263586671813147,1.0170492182218966,1.0526123224233856
5.5600000000000005,1.060696517471873,1.0686075312736585,1.0571469214751095,1.0255882044491536,1.018309293394374,1.0528368391154173
5.58,1.0603466251717903,1.0689270087072757,1.0565119020000848,1.026190206738817,1.0181464351857565,1.0530631293758619
5.6000000000000005,1.0599477983500445,1.0678397524162337,1.0572971229122,1.0254456028617842,1.0193861077194992,1.0532689229198258
5.62,1.059598204867433,1.0681719659442224,1.0566633437098756,1.0260729974018927,1.0192021187853202,1.0534766764708423
5.64,1.059200190097844,1.067097545341909,1.0574506758762912,1.0253520671499396,1.0204211881699328,1.0536636405436697
5.66,1.0588515991471292,1.0674431896686147,1.0568191396602062,1.0260026852347528,1.02021588867407,1.0538528047948144
5.68,1.058455137508533,1.0663822863575803,1.0576095238230296,1.0253032785289475,1.0214141320773562,1.0540209488841394
5.7,1.0581083074915574,1.066742032922404,1.0569810694330553,1.0259749848193067,1.0211873276672447,1.0541915848460182
5.72,1.0577141917861625,1.065695298050699,1.0577752847080624,1.0252949872755517,1.0223645123804124,1.054341032978698
5.74,1.057369928536935,1.0660697859975083,1.0571505921105138,1.0259856806753713,1.0221160061779944,1.0544933136812624
5.76,1.0569789957101956,1.0650378317370561,1.0579492608876484,1.0253230149487058,1.0232719014400484,1.0546243024559334
5.78,1.0566381449075757,1.0654276595057248,1.0573288564463943,1.0260306302653008,1.0230015053737702,1.0547585106808206
5.8,1.0562512681742893,1.064411051171264,1.0581324495809643,1.0253832581248437,1.0241358935275409,1.054871386600683
5.82,1.055914707498222,1.0648167687265064,1.0575167116248556,1.0261057684423536,1.023843438959493,1.0549879119281556
5.84,1.0555327882506629,1.0638160175481,1.0583255539439191,1.0254716935045716,1.0249561258925874,1.0550831280397455
5.86,1.0552014193557073,1.0642381192589412,1.0577147186514175,1.0262071131972592,1.0246414734962859,1.0551824632199762
5.88,1.054825378927419,1.063253675819166,1.0585289947953402,1.025584384242932,1.025732298322021,1.0552605750727078
5.9,1.0545001193049206,1.063692594000638,1.0579231624127408,1.0263307725526634,1.025395347168776,1.0553433117398474
5.92,1.0541308906611424,1.0627248423458227,1.058742923027344,1.0257174873506312,1.026464191105,1.055404972689646
5.94,1.0538126654585738,1.0631809414727758,1.0581420644323685,1.0264729524505967,1.026104886920126,1.0554717964451454
5.96,1.0534511848811816,1.0622301939059375,1.0589672327223445,1.0258672620093359,1.0271516813275339,1.055517752333253
5.98,1.053140918743981,1.0627037655072522,1.0583711963401905,1.0266299654739637,1.02677002388194,1.0555694372322586
6.0,1.052788117575437,1.0617702580687824,1.0592015749896473,1.02603007864026,1.0277947574281,1.055600520477359
6.0200000000000005,1.0524867265732114,1.0622615163087152,1.0586100940637264,1.0267982402395646,1.0273908070358102,1.0556379229585584
6.04,1.0521435230803593,1.0613454049493005,1.059445372524726,1.0262024285621552,1.028393531956481,1.0556550461065644
6.0600000000000005,1.051851906775623,1.0618544829011922,1.0588580727393362,1.0269743312974748,1.027967415054409,1.0556790984115516
6.08,1.051519198190345,1.0609558403499593,1.0596978348841661,1.0263809340726215,1.0289482524897764,1.0556832471927176
6.1000000000000005,1.0512382319041764,1.0614827869660473,1.0591142423312245,1.0271549293699085,1.0285001662824422,1.0556949503257875
6.12,1.0509168866940106,1.0606016002954308,1.0599579744588672,1.0265623587855188,1.0294593106725014,1.0556871762732571
6.140000000000001,1.0506474140191178,1.061146378075025,1.059377523935611,1.0273368717621754,1.028989526831194,1.0556875925564633
6.16,1.0503382644369954,1.060282546962331,1.0602246231175183,1.0267436180573632,1.0299272493615363,1.0556690052438418
6.18,1.0500810900448303,1.0608450303190726,1.0596466667367386,1.027517152779124,1.0294361167746533,1.0556592505251678
6.2,1.0497849250031734,1.0599983660031698,1.0604964494815565,1.026921789337087,1.030352767871267,1.0556310094833323
6.22,1.049540807787924,1.060578340330482,1.0599202655705975,1.0276929339826548,1.029840714449931,1.055612245057997
6.24,1.0492583660985262,1.0597485652603833,1.0607719767820187,1.0270941222764955,1.0307367253291146,1.0555755514330478
6.26,1.0490280126971125,1.0603457266924718,1.060196779041398,1.027861554129668,1.0302042588796971,1.0555489757392387
6.28,1.0487599767145153,1.0595324748627888,1.0610496012378754,1.0272580484432663,1.0310801421667195,1.055505063754422
6.3,1.0485440354381583,1.060146430726682,1.0604745481251046,1.0280205386350678,1.0305278503493087,1.0554719039052651
6.32,1.0482910251407067,1.0593492486929907,1.061327610884815,1.0274111904844512,1.0313841997868716,1.0554220321897507
6.34,1.0480900803502575,1.0599795186450163,1.0607518151838422,1.028167608411403,1.0308127491859804,1.0553835354030878
6.36,1.0478526478896484,1.0591978672100133,1.0616042047731113,1.0275513705961803,1.0316502384607231,1.05532897824991
6.38,1.0476672148436323,1.05984388504781,1.0610267433048897,1.0283006879452508,1.0310603728014622,1.055286403236541
6.4,1.0474458395906012,1.0590771416067932,1.0618775124433482,1.0276766181645192,1.0318797535235724,1.0552284418507518
6.42,1.0472763597919412,1.0597382577454022,1.0612974358684024,1.0284179124804798,1.031272291073027,1.0551830502203334
6.44,1.0470714439027422,1.0589857192769492,1.0621456135795946,1.0277851764533026,1.0320743899503777,1.0551229640166209
6.46,1.0469182809672612,1.059661203874743,1.0615619562391787,1.0285176341901119,1.0314502201498952,1.0550760117583962
6.48,1.0467301454927989,1.0589220905596486,1.0624065577311388,1.0278755082269129,1.0322359354039286,1.0550150697651584
6.5,1.0465935815599514,1.0596111372767503,1.0618183474698641,1.0285984272313042,1.0315960147833976,1.0549677988583184
6.5200000000000005,1.04642246311677,1.058884596725068,1.0626583839865855,1.0279463002094795,1.0323663118591302,1.054907251282553
6.54,1.0463026958204964,1.0595863270935941,1.06206465189611,1.0286590915920943,1.0317116592890143,1.0548608814882783
6.5600000000000005,1.046148743840324,1.0588714391562988,1.0628991404777155,1.0279964662965568,1.032467565915973,1.054801951492718
6.58,1.046045883855546,1.0595849075381123,1.0622989304985904,1.0286986556535451,1.0317992572568013,1.054757672376991
6.6000000000000005,1.0459091584276723,1.0588806896762195,1.0631269035857196,1.0280251494507562,1.0325418579214323,1.0547015481177864
6.62,1.0458232276055919,1.059604888780082,1.0625192819025593,1.0287163774067898,1.031861020133637,1.0546605113509273
6.640000000000001,1.0457036979240266,1.058910301960208,1.0633397967188154,1.028031722228993,1.032591450026626,1.054608338320917
6.66,1.0456346280271038,1.0596441688861153,1.0627238608829161,1.0287117442808773,1.0318992548060102,1.0545716502965634
6.68,1.0455321714521015,1.0589581239674617,1.063536008528449,1.0280157859055643,1.0326186933101298,1.0545245240158798
6.7,1.045479803497312,1.0597005467417695,1.0629108962417568,1.0286844715539838,1.0319163503158693,1.0544932388288943
6.72,1.0453942052385397,1.0590219113153025,1.0637138104310961,1.0279771681720036,1.0326260141013357,1.0544521979213075
6.74,1.0453582894551534,1.059771735875917,1.0630787079260067,1.028634499337375,1.0319147638442738,1.0544273107408597
6.76,1.045289242881335,1.0590993415123222,1.0638715733042385,1.0279159194113958,1.032615899639244,1.054393330431051
6.78,1.0452137362575828,1.0599110821283224,1.0632257232553064,1.0285619881380015,1.0318970060983783,1.054375771301995
6.8,1.0451635835675575,1.0592409929971476,1.0640083394436557,1.0278323075611489,1.0325908832021433,1.0543492004079336
6.82,1.0451073338790469,1.0600541572550508,1.0633515664269275,1.0284673185836437,1.031865620675206,1.0543393103597114
6.84,1.045075320237931,1.0593854239089442,1.0641231584651125,1.027726827719382,1.03255351270165,1.0543210641465661
6.86,1.045037511809591,1.0601990767475105,1.063454759567132,1.0283510930753503,1.0318231597890786,1.0543197061909244
6.88,1.045022813713505,1.0595307189749459,1.0642146343546575,1.0276001797713468,1.0325063496860956,1.0543106106790359
6.9,1.0450025660480424,1.0603438947798587,1.063533992190136,1.0282141085402465,1.0317721874238572,1.0543185581974455
6.92,1.0450042932703076,1.0596749108343166,1.0642815437228412,1.0274532536301186,1.0324519593010724,1.0543193464209297
6.94,1.0450006631588957,1.0604866228363434,1.0635881311385456,1.0280573472777967,1.031715263057656,1.0543372797103485
6.96,1.0450178613665322,1.059815998734617,1.0629120700458994,1.0286978945111396,1.0323928940478473,1.0543485884735493
6.98,1.0450298456556215,1.0606111426970237,1.0622477363596046,1.0292504791158472,1.0316690115603875,1.0543770917911015
7.0,1.0450613586338529,1.059924468455229,1.0615993378005513,1.029841385634616,1.032359156867322,1.054399599788015
7.0200000000000005,1.0450876271531258,1.0607034231627923,1.06096100136039,1.030345875874515,1.0316479504369576,1.0544394291918067
7.04,1.0451321340247555,1.0600010089264007,1.060337334928275,1.0308904788851059,1.0323505287033452,1.0544738217117038
7.0600000000000005,1.0451713465589951,1.0607640480177496,1.0597221999579434,1.0313501784639878,1.0330535677597321,1.0531239664211784
7.08,1.0452134997046008,1.0600461117743851,1.0591206131122703,1.031865722860161,1.0337265856945335,1.0532127740336357
7.1000000000000005,1.045250998889502,1.0607932819281078,1.0585262982190695,1.032297136948442,1.0344016050017806,1.0519159861926841
7.12,1.0452908232625413,1.0600596980824522,1.0593551045995042,1.031374949862823,1.035047880533317,1.052056850838949
7.140000000000001,1.0453265601002257,1.060804971437064,1.058737327652033,1.0318221174689937,1.0356835592936753,1.0508107712275934
7.16,1.0453640979944836,1.0600689882307675,1.0595431346401099,1.030915460990637,1.036292378262566,1.051001247061021
7.18,1.0453981777753363,1.0608108401220129,1.058902847890241,1.0313774330000214,1.0368927133424846,1.0498032950494904
7.2,1.0454334669484897,1.060070989122992,1.0596865834034268,1.0304854657399691,1.0374679296328044,1.0500408723319041
7.22,1.0454658476495116,1.060808004595346,1.0590247585483636,1.030961486150528,1.0380366600795448,1.0488885501562923
7.24,1.0454987850708921,1.0600629306692984,1.059787374121013,1.0300835474977421,1.038581874810312,1.0491707950103284
7.26,1.0455292934398808,1.0607938060284436,1.0591050083579188,1.0305730341311332,1.0391224894060647,1.048061675816146
7.28,1.0455596513917325,1.0600422687280222,1.0598474846867574,1.0297086252888041,1.039641058249051,1.048386218835219
7.3,1.0455879986513896,1.0607658132262447,1.0591456053408688,1.0302111511963163,1.0401568024898504,1.0473179362749174
7.32,1.0456154404519085,1.0600066882467978,1.0598689564342676,1.0293599169276506,1.0406518424604396,1.0476824626585222
7.34,1.0456412376299162,1.060721825788989,1.059148624237271,1.0298751924852383,1.0411457250686216,1.0466527019695493
7.36,1.0456653329791312,1.059954106383681,1.0598539002449117,1.0290369035651246,1.0416201208934102,1.0470549431133287
7.38,1.0456881058618368,1.0606598771493658,1.0591162113432055,1.0295647592558816,1.0420949199632563,1.0460614336060403
7.4,1.045708345803279,1.059882675404584,1.059804500145607,1.0287392956283434,1.042551330119385,1.0464991600783888
7.42,1.0457275495029679,1.0605782372895955,1.059050586920746,1.0292796655139553,1.0430095989871728,1.0455396689651488
7.44,1.0457433609866742,1.0597907851701285,1.0597230145607572,1.0284670001579552,1.0434504615002824,1.0460106848037887
7.46,1.045758394105316,1.060475414960327,1.0589540453467632,1.0290199060430452,1.043894534422081,1.0450830123020551
7.48,1.045769154130945,1.0596770650428204,1.059611775387419,1.0282200895510876,1.0443220725022535,1.0455851505650593
7.5,1.0457793724969981,1.060350159241401,1.0588289531716022,1.0287856258460752,1.0447540702154794,1.04468712620803
7.5200000000000005,1.0457844218098886,1.0595403850640635,1.0594731850666057,1.0279987717213137,1.0451702978034878,1.045218245714227
7.54,1.0457891517592135,1.0602014603035548,1.058677745262066,1.0285770910104726,1.0455921330414009,1.0443477258028795
7.5600000000000005,1.0457878080670957,1.05937985626979,1.0593097118265282,1.027803361688734,1.045998860331038,1.0449057089964002
7.58,1.0457863592343333,1.0600285492497095,1.0585029192054498,1.0283946610107413,1.0464122433529208,1.0440605751264307
7.6000000000000005,1.045777929908155,1.0591948300333884,1.0591238832753325,1.0290155982881077,1.045429738675049,1.0446433269995534
7.62,1.0457696074911853,1.0598308969345478,1.0583208409903737,1.0295787616054377,1.045877506510974,1.043807693647068
7.640000000000001,1.0457532638105231,1.0589850342701688,1.0589452051313821,1.030173167524747,1.0449286089448173,1.0444000274979484
7.66,1.0457371156344415,1.059608614608953,1.0581458748349049,1.0307111624905039,1.0454093647067708,1.0435731749040125
7.68,1.0457119367543333,1.058750803152799,1.0587736564303891,1.0312819320749897,1.0444926453697245,1.0441743333973494
7.7,1.0456870705755694,1.059362111394949,1.0579781274544926,1.0317975477017072,1.045004993387122,1.0433554566657461
7.72,1.0456521991729328,1.058492621670541,1.0586094670973454,1.0323473969985488,1.044119022036479,1.043964600203739
7.74,1.045617788511418,1.05909194948882,1.057817942179918,1.0328432455287797,1.0446615611273828,1.043152820343268
7.76,1.04557243662435,1.0582111293571428,1.0584530895685162,1.0333747133238647,1.043804900217522,1.0437690380881905
7.78,1.0455277263456253,1.0587988468324856,1.0576658708448168,1.0338532319538305,1.0443762181088592,1.0429634130939691
7.8,1.0454711809099342,1.0579071219349199,1.0583051709394853,1.0343686813846475,1.043547417972663,1.0435857340379364
7.82,1.045415492476132,1.0584836777401723,1.0575226462288791,1.0348321339152329,1.0441460868322676,1.0427852699869025
7.84,1.0453471204799207,1.057581550957534,1.0581665256993567,1.0353337540534766,1.043343681948163,1.0434126740411358
7.86,1.0453352211972806,1.0580921071651108,1.057389155118476,1.0357842325365487,1.0439682549914777,1.042616336170692
7.88,1.0452521858358645,1.0571824449579403,1.0580375562806494,1.0362740400058694,1.0431907612972537,1.043248318802009
7.9,1.045225083974828,1.057686084533904,1.0572653399447614,1.036713460919868,1.0438397759579774,1.0424555618482463
7.92,1.0451271284396093,1.0567693365347786,1.0579188888460214,1.0371932910654358,1.0430856997303748,1.0430909625633673
7.94,1.0450846283870519,1.0572665094839877,1.0571524645153114,1.037623398706332,1.043757674729862,1.0423006313570413
7.96,1.0449715681794158,1.05634321575898,1.0578118229173985,1.0380949200679006,1.0430254992434849,1.0429382810124066
7.98,1.044913546697864,1.0568344627173634,1.0570518557236208,1.038517294419842,1.0437189283034,1.042149219317496
8.0,1.0447852743306285,1.0559052480914302,1.0577177097670933,1.0389820105270586,1.043007114307493,1.0427879501558825
8.02,1.0447116848955718,1.056391194449584,1.0569648811501753,1.0393980692078157,1.0437204669157096,1.0419990105607297
8.040000000000001,1.0445681738346684,1.0554567622178863,1.057637930401963,1.039857320647755,1.0430274539616975,1.042637666115616
8.06,1.0444790502060703,1.0559381116479198,1.0568929274647147,1.0402683211359012,1.0423512065715306,1.0432556901534493
8.08,1.0443344355869284,1.0549992367403844,1.0575738743834826,1.0407092103772255,1.0417176003478756,1.0438509497436899
8.1,1.0442432607922383,1.055476904959217,1.056837238927505,1.041102885917307,1.0410983904116988,1.04442662617162
8.120000000000001,1.0440963156061072,1.0545346965221762,1.0575265088694896,1.0415278053662211,1.0405198504722852,1.0449801303433066
8.14,1.0440019790474613,1.0550097706039894,1.0567986608842912,1.041906412542377,1.039953453276454,1.0455150308250125
8.16,1.0438516764237944,1.0540653520517846,1.0574967047071024,1.0423174870825553,1.0394258179891382,1.0460282689252116
8.18,1.0437532611639782,1.0545389350733694,1.0567780806531188,1.0426830230243667,1.0389081827024471,1.046523824562306
8.2,1.0435987660264354,1.0535934406892518,1.0574853609497215,1.043082122591188,1.0384274597989887,1.0469981571240012
8.22,1.0434955404746278,1.0540666479896272,1.0567764006500013,1.043436337350899,1.0379547007198564,1.0474556799945747
8.24,1.0433362010791352,1.0531212188176942,1.0574933789705478,1.0438250892123637,1.0375170593929166,1.0478923597069283
8.26,1.043227610543718,1.0535951735858464,1.0567945134952712,1.044169497875977,1.0370854486747447,1.048313063004029
8.28,1.0430629498518704,1.0526509527253578,1.0575216385416641,1.0445492986899014,1.0366872130969644,1.048713254273827
8.3,1.0429486079195676,1.053126781024916,1.0568332790697412,1.0448851932877874,1.0362931748284225,1.0490982710491519
8.32,1.04277831477334,1.0521849084334487,1.0575709758490208,1.0452572209969366,1.0359308189699528,1.0494630681568875
8.34,1.0426579944861558,1.0526637337681897,1.0568935034920255,1.0455856822718768,1.0355709244881872,1.0498134686731513
8.36,1.0424819145618136,1.0517253406748872,1.0576421634155717,1.0459509078910618,1.0352410681100936,1.050143912526158
8.38,1.0423555393746593,1.0522082781938311,1.0569759199900273,1.0462728169740947,1.0349120324259093,1.0504607202210643
8.4,1.0421736659048662,1.0512744812186208,1.057735891906347,1.0466320163157192,1.0346114381278095,1.0507578137062232
8.42,1.0420413004173315,1.0517626316541067,1.0570811716410171,1.0469480663527944,1.0343101173426987,1.0510420197716375
8.44,1.0418537646806372,1.0508345267231705,1.0578527537904527,1.045916183181407,1.0354213370923722,1.0513067417115467
8.46,1.0417156051459973,1.0513289701498048,1.057195940014338,1.0462683689341286,1.0351032685791761,1.0515731543561415
8.48,1.0415228050721708,1.0504074879332799,1.0579662179475906,1.0452710876461944,1.0361980823338053,1.0518196262465453
8.5,1.0413794351472065,1.0509090115940798,1.0573088360146836,1.0456570587230885,1.0358631017896638,1.0520678639108638
8.52,1.041181992895725,1.0499949437073022,1.0580792768023177,1.0446920324424758,1.0369413002909873,1.052295761040778
8.540000000000001,1.0410340666669082,1.0505043431290948,1.0574226740106192,1.0451094739342075,1.0365891936526896,1.052525555786067
8.56,1.0408326733323587,1.049598481072695,1.058194568880249,1.044174392393948,1.0376505225212211,1.0527346689791148
8.58,1.0406809098350334,1.0501165491552449,1.0575399187292032,1.0446210231761528,1.0372810395354506,1.0529458667485017
8.6,1.0404763195240059,1.049219673832111,1.0583143871801357,1.0437136116205163,1.0383252127070923,1.053136102315725
8.620000000000001,1.040321496687857,1.0497471904972877,1.0576626938076994,1.0441871836316134,1.0379380799711804,1.0533286625839482
8.64,1.0401145200573367,1.0488600623150621,1.0584406879261872,1.043305202645648,1.0389647925991818,1.0535000416361706
8.66,1.0399574681541537,1.0493977847376401,1.057792790763774,1.0438035010757343,1.0385597260290789,1.0536740364192054
8.68,1.0397489654886298,1.0485211343164107,1.0585750997763332,1.0429447472767128,1.0395686668061037,1.0538266935153962
8.700000000000001,1.0395905601584752,1.049069787756246,1.05793167845538,1.0434655916015771,1.0391453834867035,1.0539823057212054
8.72,1.039381434062768,1.0482043072591103,1.0587189335531626,1.042627899124728,1.0401362463406016,1.0541164868392157
8.74,1.0392225889941444,1.0487645765125344,1.058080513092606,1.0431691449168223,1.039694475712964,1.054254007950515
8.76,1.0390137767780863,1.047910911614713,1.0588731925554264,1.0423503876255076,1.0406669708296183,1.0543700677762347
8.78,1.0388554361165405,1.0484834331010777,1.058240148855067,1.0429099290712625,1.040206465170078,1.0544898948655608
8.8,1.0386479019461852,1.047642175611299,1.0590385834992166,1.04210802341946,1.0411603292975418,1.0545882934058834
8.82,1.0384910325040735,1.0482275301087145,1.0584111491594954,1.0426837964699072,1.0406808734451216,1.0546909254922738
8.84,1.0382857593920851,1.047399211254672,1.0592155281291182,1.041896704942463,1.0416158794351151,1.0547722240261326
8.86,1.038131342730002,1.04799791729719,1.0585937986134335,1.0424866910216684,1.0411172997261084,1.054858257791183
8.88,1.0379293244354,1.047183001685051,1.0594041755306256,1.0417124260755914,1.0420332652717177,1.0549231141812014
8.9,1.0377783488831298,1.0477955096317997,1.0587881156817711,1.0423146562691095,1.041515437643616,1.0549932390701606
8.92,1.0375805817876558,1.0469943898879874,1.0596044151659756,1.0415512846970723,1.042412233175785,1.0550424024651104
8.94,1.0374340344694775,1.0476210766730856,1.058993866083632,1.0421638443405525,1.041875090407009,1.0550973952058293
8.96,1.0372415094946275,1.046834068774921,1.0598158906461168,1.0414094919759735,1.0427526461170045,1.0551317001709428
8.98,1.0371003684205,1.0474752333454314,1.0592105769275602,1.0420305255623061,1.0421961841738687,1.0551724187499203
9.0,1.0369140630457891,1.0467025726455883,1.0600380142418218,1.0412833822439962,1.043054496134199,1.0551927788681905
9.02,1.0367792893264354,1.0473584320932172,1.0594375515830672,1.0419110985660582,1.0424787796022912,1.0552201560085166
9.040000000000001,1.036600159765798,1.0466002700414558,1.060269982126959,1.0411694232794522,1.0433179149646008,1.0552275570013194
9.06,1.036472690006043,1.0472709564321963,1.0596738852765015,1.0418021007247287,1.0427230815480577,1.0552425931920593
9.08,1.0363016635955107,1.0465273579962715,1.0605107903366426,1.0410642268363572,1.04354318280304,1.055238085611764
9.1,1.0361824025165158,1.047212915900679,1.0599184813887816,1.041700218749457,1.0429294468819899,1.0552418417421616
9.120000000000001,1.0360203703625204,1.046483857686837,1.0607592514124975,1.0409645592515435,1.0437307351733542,1.0552265332928341
9.14,1.0359101836998121,1.047184242412083,1.0601700684219266,1.0416022992811573,1.0430983904169082,1.055220122947699
9.16,1.0357579936336794,1.046469611483961,1.0610140116965212,1.0408673519641933,1.0438811679086832,1.0551951704925484
9.18,1.035657701354199,1.0471846880071842,1.0604272175905392,1.0415053593121604,1.0432305889482256,1.0551797519672779
9.200000000000001,1.035516151234692,1.0464842814002964,1.0612735692242685,1.0407697117849848,1.0439952402521309,1.055146353283214
9.22,1.0354265211125018,1.0472138240010462,1.060688360983617,1.041406596277156,1.0433268834270333,1.0551231213782322
9.24,1.0352963525146812,1.0465273489282292,1.0615362921572826,1.0406689307565644,1.0440738761040684,1.05508250671876
9.26,1.035218094101503,1.0472710415159288,1.0609518102313213,1.0413033976578614,1.0433882792993376,1.055052684373634
9.28,1.0350999864267358,1.0465981162572395,1.061800437684018,1.0405624954530224,1.0441181634571082,1.0550061079014632
9.3,1.0350337454501894,1.047355553387503,1.0612157756007772,1.041193349952736,1.0434159450596088,1.0549709377287724
9.32,1.0349283104888372,1.0466957088558737,1.0620641713081653,1.0404480955738071,1.0441293520739592,1.0549196688789437
9.34,1.0348746637081159,1.0474663974272782,1.0614783854348504,1.0410742468714727,1.043411209080739,1.0548804046571296
9.36,1.0347824406833679,1.046819079398945,1.0623255864333077,1.0403236316966424,1.0441088494770452,1.054825719490278
9.38,1.0347418912291269,1.0476024410193072,1.0617377058381345,1.0409440966240657,1.0433755547956673,1.0547836176732845
9.4,1.034663342347471,1.0469670130153919,1.0625827241435246,1.0401872220648762,1.044058215331378,1.0547267902769448
9.42,1.0346363155699283,1.0477623870238224,1.0619917605054638,1.0408011281857217,1.0433106143180926,1.0546831015765572
9.44,1.034571822101046,1.0471381338266421,1.0628335930710033,1.0400372082968188,1.0439791543138326,1.0546253955702436
9.46,1.0345586619476506,1.0479447809546283,1.0622385505801422,1.0406437964317412,1.0432181606006945,1.054581356664729
9.48,1.0345085208538753,1.0473309127391452,1.0630761892341276,1.039872159918107,1.0438735075723171,1.054524016862014
9.5,1.0345094867954148,1.0481480193905572,1.0624760744220432,1.0404707860505582,1.043100098238964,1.0544808422820497
9.52,1.0344739079284402,1.0475436764480675,1.0633085157230342,1.0396908776327338,1.0437432428873021,1.0544250865600082
9.540000000000001,1.034489172450072,1.0483703595744072,1.0627023471599248,1.0402810141581755,1.0429584530369804,1.0543839608000274
9.56,1.034468276330199,1.0477746176018883,1.0635286021045145,1.0394923952638342,1.0435904436556922,1.0543309722234582
9.58,1.0344979230015856,1.0486099301452942,1.0629154198978112,1.0400736315531411,1.0427953604582403,1.0542930421235146
9.6,1.0344917391924575,1.0480218060700217,1.0637345234143742,1.0392759803115519,1.043417296823005,1.0542439613681758
9.620000000000001,1.0344800377456118,1.048920466525734,1.0631133984424102,1.0398480225676376,1.0426130530898385,1.0542103288083544
9.64,1.0344912751742634,1.048336154238723,1.0639249750229416,1.039041133091919,1.0432260798942474,1.0541656897574923
9.66,1.0344974658514257,1.049237768120568,1.063295535802509,1.0396038090509412,1.0424138416884288,1.0541368866657124
9.68,1.034525706851653,1.048656449232429,1.0640986104002603,1.0387876005657437,1.0430191310130656,1.0540978091164335
9.700000000000001,1.0345493049869265,1.049560211228127,1.0634599348771632,1.0393408561881694,1.0422000922097538,1.054074907689446
9.72,1.0345940568075478,1.0489810118489826,1.064253591980692,1.0385153580553084,1.0427988490894313,1.0540424393976238
9.74,1.0346345057029147,1.0498860607929092,1.0636048230346713,1.0390592492808608,1.0419742298883516,1.054026438479878
9.76,1.0346952005384922,1.0493080599206177,1.064388213877578,1.0382245984461518,1.042567684481077,1.0540015499156694
9.78,1.034751871699834,1.0502134873795255,1.0637285661068798,1.0387592884727372,1.0417387234885565,1.0539933700320527
9.8,1.034827867414943,1.0496357255386535,1.0645009153872316,1.0379157261903977,1.0423281230915542,1.0539769495568065
9.82,1.0349000614710995,1.050540584641715,1.0638296813593315,1.0384414820348098,1.041496069300128,1.053977428372501
9.84,1.0349906430066222,1.049962072727424,1.0645902934058906,1.0375893498975262,1.0420826702751462,1.0539702778669766
9.86,1.03507759129899,1.050865387192733,1.0639068493153063,1.038106538267984,1.0412487750020392,1.053980166102534
9.88,1.0351819727466307,1.050285115469131,1.0646551136425846,1.037246273577351,1.0418338346705707,1.0539829970733192
9.9,1.0352828395744627,1.0511858887741734,1.063958924322028,1.0377553560943755,1.0409993435143774,1.0540029549001682
9.92,1.0354001669031323,1.050602835972434,1.0632799773084098,1.0383018298258724,1.041584112081398,1.0540163850883393
9.94,1.0355140524070552,1.0514859191933743,1.0626129893119423,1.0387609886199576,1.0407643786200262,1.0540469790272309
9.96,1.0356432654252277,1.050885634726028,1.0619618225547514,1.0392593955640659,1.041363518169023,1.0540716707404887
9.98,1.0357689379333546,1.0517514021398586,1.0613209355930406,1.039672018472765,1.040558370996708,1.054113642043859
10.0,1.0359088076785092,1.0511341935895147,1.0606946001984154,1.040125669780885,1.041171769300307,1.0541502666319562
10.02,1.03604502156715,1.051982914386115,1.0600769997650028,1.040495035172795,1.0417868285838416,1.052798507704682
10.040000000000001,1.0361802477511683,1.0513489971161247,1.0594728247029686,1.0409211919992751,1.042372339273538,1.052889706336511
10.06,1.0363123975721922,1.0521807130948178,1.058876111183956,1.0412638199303657,1.0429610337172104,1.0515912316810438
10.08,1.0364430944861605,1.0515299579786843,1.059705762643655,1.0402504114106397,1.043521454759129,1.051734625901318
10.1,1.036571222691117,1.0523586696848417,1.0590855355216249,1.0406104145890773,1.0440724102047922,1.0504870544881335
10.120000000000001,1.0366975183026916,1.0517043533750297,1.0598920908074536,1.0396141894366087,1.0445969750908377,1.0506801801669652
10.14,1.0368218181327897,1.0525285271699207,1.059249292652427,1.0399905858087037,1.0451141720416235,1.049480911374122
10.16,1.0369438321995603,1.0518691740595125,1.060033671691187,1.039010669142195,1.0456067175793997,1.049721242507732
10.18,1.037064345410856,1.0526873863106347,1.0593692644293693,1.0394026719572413,1.0460938780996896,1.0485677609717956
10.200000000000001,1.03718205294129,1.0520216343168745,1.0601324106603487,1.0384383718705206,1.0465579877734323,1.0488528496171199
10.22,1.0372986859791524,1.0528325729081356,1.0594473818383472,1.0388453702392548,1.047018583127413,1.047742713087283
10.24,1.0374119334118543,1.0521591748359527,1.060190267964962,1.0378961586813125,1.0474575944964568,1.048070177789049
10.26,1.037524473201138,1.0529616408316824,1.0594856355684719,1.0383176988339804,1.0478948522036704,1.0470010065406423
10.28,1.0376329942031521,1.0522794658230445,1.0602092678947521,1.0373831932033675,1.0483118637662834,1.0473685222889864
10.3,1.0377411235618428,1.0530723751716173,1.059486083798437,1.0378189604416308,1.048728774183241,1.0463379900228162
10.32,1.0378445544486894,1.0523804101316934,1.060191505226928,1.0368989058916664,1.0491266518098428,1.0467432796707659
10.34,1.0379478671242637,1.0531627953022633,1.059450857355143,1.0373487072327303,1.0495259743376615,1.0457491058275228
10.36,1.038045761896191,1.052460146201363,1.0601391491257437,1.0364429596874989,1.0499073573687072,1.046189932900082
10.38,1.0381437772161297,1.0532311576553905,1.0593821624065378,1.0369067072020677,1.0502916263782873,1.045229876321174
10.4,1.0382356221974653,1.0525170506142203,1.0600544446585476,1.03601521708586,1.0506589334740157,1.0457040391494767
10.42,1.0383277993180833,1.0532759580221975,1.059282280855858,1.03649291193392,1.0510304640323824,1.044775893017144
10.44,1.0384130273796839,1.052549740097006,1.0599397120979053,1.0356157086186593,1.0513858988540707,1.045281220132262
10.46,1.0384987791110298,1.05329593321994,1.0591535686089746,1.0361074257887741,1.0517467923281811,1.0443828081226874
10.48,1.0385767834496982,1.052557072813521,1.0597973441834807,1.0352446027652165,1.052092349123505,1.0449171548441665
10.5,1.0386554896285336,1.053290061978295,1.0589984518901194,1.0357504765240917,1.0524444987309645,1.0440463284275823
10.52,1.0387256370720153,1.0525381488126186,1.0596298015204444,1.0349021773032914,1.0527819678895278,1.0446075745816905
10.540000000000001,1.038796657450077,1.0532575649202158,1.058819421783862,1.0354223873629487,1.0531270642592636,1.0437622114032195
10.56,1.038858301251812,1.0524923095164433,1.0594396062931903,1.0359730136981211,1.0520738163147476,1.0443482601052707
10.58,1.0389209878626178,1.053197903532116,1.0586328687848112,1.0364663414237694,1.0524547628995162,1.0435124426767566
10.6,1.0389733417591287,1.0524192743660892,1.0592563171364655,1.03699168068507,1.051436614643434,1.044108078589397
10.620000000000001,1.039026785537682,1.0531111818040177,1.0584531792889107,1.0374610847294403,1.0518519881021893,1.0432810877173473
10.64,1.0390689678933327,1.0523193711771819,1.0590799060895704,1.037964023409591,1.0508674828602487,1.0438855557496602
10.66,1.0391123167409317,1.0529978031505254,1.0582804544962445,1.0384122840099717,1.0513158614790596,1.0430665873028542
10.68,1.039143506612925,1.0521930799128185,1.0589105989872747,1.0388955298154336,1.0503635416617572,1.0436790501893767
10.700000000000001,1.039175971339456,1.0528583254828392,1.0581150351086663,1.039325250601748,1.0508434986034667,1.0428672260434084
10.72,1.0391954144271922,1.0520410365928574,1.0587488470423339,1.039791334104737,1.0499218997387418,1.043486775273723
10.74,1.0392162744509064,1.052693464058834,1.0579574731666601,1.0402049437630692,1.0504319974399177,1.0426811543002004
10.76,1.03922328875037,1.0518640351129989,1.058595298931936,1.0406562199541898,1.0495396433286253,1.0433068211014662
10.78,1.0392318974737964,1.0525040922806779,1.057808504420644,1.0410559738201586,1.0500784290067922,1.042506410177516
10.8,1.0392258785574766,1.051663027053543,1.0584507734499589,1.0414946236333518,1.0492138279625345,1.0431371765227215
10.82,1.039221668343533,1.0522912405254612,1.0576690213002915,1.041882605283368,1.0497798301966998,1.0423409415302327
10.84,1.0392020941922055,1.0514391195686617,1.0583162327900169,1.0423106371586108,1.0489414723313812,1.0429757511387105
10.86,1.0391845808705427,1.0520560931050058,1.0575400465476963,1.04268876006109,1.0495331986783991,1.0421826279168533
10.88,1.039151016189689,1.051193571457436,1.0581927565258047,1.0431080116045242,1.0487195541942742,1.0428203972078576
10.9,1.039175159812066,1.0517446266790393,1.0574227075811102,1.0434780208875694,1.0493354898027136,1.0420293024170881
10.92,1.0391249779943728,1.0508747117937234,1.058080963598787,1.043890160683251,1.0485450082506054,1.0426694848588465
10.94,1.0391320034350322,1.051419067593932,1.0573171396342085,1.0442536295427876,1.0491836209586136,1.0418798460150125
10.96,1.0390651489861096,1.0505423577065194,1.057981649324558,1.044660148623012,1.048414741978168,1.0425212605612195
10.98,1.0390550634299807,1.0510806114742177,1.0572247527077976,1.0450184820439072,1.0490744812304467,1.0417319162932364
11.0,1.0389715574140546,1.050197787154624,1.0578962368827862,1.045420708755902,1.048325622986504,1.0423733939857156
11.02,1.0389444439982796,1.0507306184265703,1.0571469754173428,1.045775151806353,1.0475940032622388,1.0429941142688006
11.040000000000001,1.038858494561306,1.0498424355945153,1.0578261575619732,1.0461601471076438,1.0468494333579978,1.0436486389961503
11.06,1.0388284728652675,1.0503707399656415,1.05708509324774,1.0464978295975111,1.047589426550335,1.042813744953091
11.08,1.0387253110701666,1.0494782985104527,1.0577724133551158,1.0468815555685065,1.0469180092987715,1.0434097193765741
11.1,1.0386772793014831,1.0500030164084153,1.0570401162777425,1.0472187551471426,1.0462615109847717,1.0439846290600308
11.120000000000001,1.038570786406269,1.0491071617913272,1.0577363117694523,1.0475884537389275,1.04558829258756,1.0445943008860503
11.14,1.0385191349526384,1.0496292734162798,1.0570133479577049,1.0479118869002386,1.0463965471125447,1.04371511684018
11.16,1.0383948332140112,1.048731177528395,1.0577188555146668,1.0482830924151683,1.04579062984738,1.044266718659966
11.18,1.0383247421655177,1.0492516963241871,1.0570057764570806,1.0486086213669625,1.0451975018772575,1.0447969689885808
11.200000000000001,1.0381967771435292,1.0483522646305863,1.0577213078314545,1.0489681832775966,1.0445840461589069,1.0453627281375129
11.22,1.0381228931149993,1.0488722311882184,1.057018639891602,1.0492821428240044,1.044041403457094,1.0458479967036682
11.24,1.0379911366959282,1.0479726823234783,1.0577445856307512,1.0496311252944373,1.0434754459778879,1.046370331257103
11.26,1.0379128320523003,1.0484932977756811,1.0570526803499243,1.0499350668066807,1.042979061540124,1.0468123686548756
11.28,1.0377767397462652,1.0475948458237654,1.0577894112792354,1.0502748948479166,1.0424564871273292,1.0472929283550743
11.3,1.0376935681261985,1.0481173016699803,1.057108599745601,1.0505701339298632,1.0420023287853057,1.0476933749226376
11.32,1.037552773303287,1.0472211452836768,1.057856462162094,1.0509020021346993,1.0415192127215631,1.0481337115742662
11.34,1.0374644587860002,1.0477466184816486,1.05718704469419,1.0511896323178567,1.0411034364713139,1.0484941164285768
11.36,1.03731876168079,1.0468539358345508,1.0579463503617677,1.0515145185283206,1.040656038608425,1.0488957021657315
11.38,1.0372251878766676,1.0473835835229774,1.0572885872244076,1.0517954247621812,1.040274983111857,1.0492175406814956
11.4,1.0370745445034575,1.0464955269608602,1.0580596043838617,1.050726103677062,1.0412477429728328,1.0495817846815116
11.42,1.036975743558885,1.0470304809104913,1.0573998280662564,1.051042523872533,1.0408563769041297,1.0498803538672898
11.44,1.0368203933079914,1.0461480328028454,1.058169596187815,1.050007276440792,1.0418182138519994,1.0502217945881434
11.46,1.036716800927485,1.0466891274025465,1.0575093129351665,1.050357010505013,1.0414159367743736,1.0504971186350025
11.48,1.0365572225517865,1.0458131269727906,1.0582792830633765,1.049353631278382,1.0423662535243166,1.0508157897889339
11.5,1.0364493590218324,1.046361201403044,1.0576198259107237,1.0497344991703108,1.0419524486069847,1.051067973066691
11.52,1.036286113881502,1.0454924844120896,1.058391277768827,1.0487608045739552,1.0429470230119504,1.0513076035312618
11.540000000000001,1.0361740143825329,1.046048372189828,1.0577338101383775,1.0491712089571625,1.0425175260928787,1.0515403754188064
11.56,1.036007222663935,1.0451877552555167,1.0585078612356522,1.0482255542757968,1.043496918707092,1.0517599950415937
11.58,1.0358916374973741,1.0457522636534293,1.057853391400637,1.0486632737452086,1.043051404478942,1.0519733364039956
11.6,1.0357220809059116,1.044900536476141,1.0586309990224014,1.0477434438945707,1.0440152476725124,1.0521729992080482
11.620000000000001,1.0356038150707283,1.0454744498995314,1.0579803714145308,1.0482062871563804,1.0435533815851201,1.0523670020532956
11.64,1.0354323273778818,1.044632372179476,1.0587623307647507,1.0473101000429563,1.0445013030220844,1.0525468737924382
11.66,1.035312233567776,1.0452164429963595,1.0581162306835021,1.047795907112095,1.0440227529608226,1.052721739859031
11.68,1.0351396932727264,1.044384735757573,1.0589031795172965,1.0469212152793994,1.0449543871196338,1.052882096232957
11.700000000000001,1.0350186645265644,1.0449796757382415,1.058262138132903,1.0474278594452784,1.0444588344492596,1.0530381348873394
11.72,1.0348459872082287,1.0441590132822947,1.0590545617009686,1.0465725524366283,1.0453738334989922,1.053179359052474
11.74,1.0347249492869832,1.0447654856655686,1.0584189613755033,1.0470979429278913,1.0448609834260187,1.053316984497621
11.76,1.0345530797200673,1.0439564881699295,1.0592171977041187,1.0462599502947638,1.0457590274105266,1.05343956388018
11.78,1.0344329832820225,1.0445751003713222,1.0585872776507577,1.046802035571246,1.0452286186185953,1.0535592916856427
11.8,1.0342628873888704,1.0437783271452874,1.0593915231766866,1.045979330453899,1.0461094249026814,1.053663814112162
11.82,1.034144700032813,1.044409624120379,1.0587673854728576,1.0465361020514203,1.0455612384178137,1.0537662570843027
11.84,1.0339773567405277,1.0436255675295403,1.0595777010479996,1.0457267052560733,1.04642457035225,1.0538534062531957
11.86,1.033862054984175,1.0442700258040083,1.0589593170136742,1.046296202107306,1.045858437598171,1.0539392696722523
11.88,1.0336984480537568,1.0434991058723733,1.0597756342897382,1.0454981866020052,1.0467041123641287,1.0540098199975838
11.9,1.0335870093117934,1.044157128248364,1.0591628512375355,1.0460784997544679,1.0461199223721105,1.0540798962553162
11.92,1.0334281192029693,1.0433996879454952,1.0599849794363028,1.0452899955038717,1.0469478179701044,1.0541347071208431
11.94,1.03332151382592,1.0440715988923401,1.0593775277953765,1.0458792731542161,1.046345523712753,1.0541898697989818
11.96,1.0331683096579787,1.0433279001111948,1.0602051608652812,1.0450984722119718,1.0471555850665843,1.054229879266574
11.98,1.03306749308975,1.0440139418468712,1.059602661676048,1.0456949249743417,1.046535208890762,1.054271076701813
12.0,1.0329209247551776,1.0432841620764175,1.0604353858307465,1.044920086750718,1.0473274530429162,1.05429729472361
12.02,1.0328268298635441,1.0439844913445497,1.0598373586025744,1.0455219930759594,1.0466890911833053,1.0543255431096543
12.040000000000001,1.0326878203475744,1.043268721039653,1.0606746602320378,1.0447514496978407,1.0474636115648723,1.0543390442976093
12.06,1.0326013499782805,1.0439834065853186,1.0600805311507973,1.0453571613600925,1.04680743772649,1.0543554203786072
12.08,1.0324707879337889,1.0432816472348252,1.0609218050901799,1.0445893230406078,1.0475644074916577,1.0543573363885268
12.1,1.0323928077352718,1.0440106679808128,1.060330915557371,1.045197270608065,1.0468906754968519,1.054362969801215
12.120000000000001,1.0322715403587224,1.043322830873131,1.061175473693484,1.044430630943931,1.0476303499193742,1.0543544813909436
12.14,1.0322028719208471,1.0440660747966604,1.0605870891733091,1.0450393291516988,1.046939395422168,1.054350546714903
12.16,1.0320916981713624,1.0433919804804777,1.0614341693631355,1.044272470267935,1.047662113358675,1.0543328755379997
12.18,1.032033112518057,1.04414924418864,1.0608474885085748,1.0448805232127008,1.0469543546368678,1.0543205841147458
12.200000000000001,1.0319327767181465,1.043488622624606,1.0616962637788028,1.0441121206767328,1.0476605390694367,1.0542949843118614
12.22,1.031884988190364,1.0442596116248886,1.0611104278024517,1.0447182267556487,1.0469364769122784,1.054275575893956
12.24,1.0317961740434465,1.043612103022157,1.0619600157936464,1.0439470541860016,1.0476266345900935,1.0542433255442414
12.26,1.031759834605662,1.044396432682345,1.061374118043906,1.0445500107056391,1.0468868513066276,1.0542180598354063
12.280000000000001,1.0316831596622646,1.04376158901174,1.0622235906577495,1.0437749440043775,1.047561571513773,1.0541804523296805
12.3,1.0316588536625875,1.0445587862012298,1.0616366863559707,1.0443736513898783,1.0468067290938956,1.0541506004760244
12.32,1.031594864264032,1.0439360733744585,1.062485079558952,1.0435936725327464,1.0474666815771743,1.0541089358722227
12.34,1.0315831036750756,1.0447455787764834,1.06189619564842,1.0441871380723917,1.04669751904399,1.0540757719632254
12.36,1.0315322704005667,1.0441343794782338,1.062742519380718,1.0434013383961025,1.0473434511410664,1.0540313483828987
12.38,1.0315334905654674,1.0449555505597634,1.0621506644340108,1.043988679462295,1.0465607811391715,1.0539961410188778
12.4,1.031496204205745,1.0443551677167018,1.0629939125680234,1.043196262394682,1.0471935141531445,1.0539502461412895
12.42,1.0315107601110989,1.0451872823396968,1.0623980866953602,1.0437767090888492,1.0463982188228644,1.0539142501217167
12.44,1.0314873281892365,1.0445969432072708,1.0632372469845066,1.0429769922744034,1.0470186436946467,1.0538681528295222
12.46,1.0315154912842295,1.045439203861735,1.0626364516823283,1.0435498894504036,1.0462116698870048,1.0538326010138848
12.48,1.0315061351416852,1.0448580647063177,1.063470515637582,1.04274230623116,1.0468207422213336,1.0537875432415076
12.5,1.0314923707874464,1.0457653232748363,1.0628637635138871,1.0433071148593671,1.0460030961125426,1.0537536386315076
12.52,1.0315000053111971,1.0451896933125262,1.063692292526424,1.0424912150789014,1.0466018306172677,1.05371027033327
12.540000000000001,1.0315037600359473,1.0461016672469663,1.0630791346625719,1.0430475184846788,1.045774566221624,1.0536786605277983
12.56,1.0315281703306787,1.0455308344323009,1.0639010713949215,1.0422229791537259,1.0463640200445445,1.0536382318234152
12.58,1.0315491604278821,1.046446822576033,1.0632804898951473,1.0427704812553564,1.0455282345410664,1.0536101184841014
12.6,1.0315900562970708,1.0458800051543309,1.0640948182967647,1.041937093114161,1.0461095135669072,1.0535738207503529
12.620000000000001,1.0316279251745852,1.046799236005457,1.0634658427916985,1.0424756117213203,1.0452663464353156,1.0535503450512096
12.64,1.0316849398191734,1.0462355900602778,1.064271596287246,1.0416332782088427,1.0458405980412946,1.053519304762752
12.66,1.0317392569286854,1.0471572295177616,1.0636333117930556,1.0421627438245578,1.0449912236252752,1.0535015414902509
12.68,1.0318119463416657,1.0465958568669684,1.0644295811143003,1.041311479292621,1.0455596291430167,1.0534768144210138
12.700000000000001,1.0318822067953448,1.0475190163233385,1.0637811354858586,1.0418319331595285,1.0447052489710527,1.0534657664444627
12.72,1.0319700498462927,1.046958972727087,1.0645670760773394,1.0409718603441576,1.0452690159190454,1.053448332265664
12.74,1.0320556747138672,1.0478827174690761,1.0639076869881716,1.0414834517496274,1.0444108508470205,1.0534449254118234
12.76,1.032158073915606,1.047323021108002,1.0646825259198005,1.0406147985194476,1.0449712049974433,1.0534356827192868
12.780000000000001,1.0322584111931312,1.0482463789814171,1.0640114873051516,1.041117781381626,1.0441104872363483,1.0534407610819125
12.8,1.0323746941406164,1.0476860191585016,1.0647745296287434,1.0402408767904907,1.044668664579072,1.0534405228821624
12.82,1.032489020380055,1.0486079894487212,1.0640912175325,1.0407356055544374,1.043806629669731,1.0534548445941416
12.84,1.032618441849226,1.0480459354636693,1.0648418520240357,1.0398508752321627,1.0443638683347496,1.053464334275743
12.86,1.032745964435526,1.0489654979386076,1.064145729795471,1.0403378001118107,1.0435017471295607,1.0534885677686099
12.88,1.0328877091272393,1.0484007080794306,1.064883434030346,1.0394457610330683,1.0440592793271088,1.0535084155823937
12.9,1.0330275691868995,1.0493168321376523,1.0641740568226385,1.039925422640632,1.0431982900364387,1.0535431363553256
12.92,1.0331807550981575,1.0487482627302924,1.0634819178607904,1.0404431609942275,1.0437573340716488,1.0535738764244695
12.94,1.03333203102028,1.0496457537788648,1.0628013892075765,1.0408737513630384,1.0429128174675037,1.0536195643423218
12.96,1.0334955718115753,1.0490589210198555,1.0621367246954296,1.0413442987939525,1.0434880172244954,1.0536617736342775
12.98,1.0336570117949044,1.049938141178564,1.0614820339502842,1.0417292793445,1.044064139739961,1.0523147011713725
13.0,1.0338156127279272,1.049333351375659,1.0608419839568128,1.042170060024432,1.0446132633002363,1.0524110357945187
13.02,1.0339726204343056,1.0501944267836345,1.0602105482142523,1.0425261086326372,1.0451648375935538,1.0511167655212024
13.040000000000001,1.0341263880649414,1.0495716335372942,1.0610088465934917,1.0415229741917575,1.0456905612120475,1.0512649035800548
13.06,1.03427900219631,1.0504286635637863,1.060356026794227,1.0418944321250114,1.0462060713023393,1.0500211111979127
13.08,1.0344280594395996,1.0498012396762082,1.061133283414585,1.0409065891794564,1.0466974952157202,1.050218640254017
13.1,1.0345764720452404,1.0506527574848288,1.0604598663705784,1.041292620613515,1.0471808138151524,1.0490227768502705
13.120000000000001,1.0347209358147533,1.050019292940247,1.0612168505739206,1.0403193357617724,1.0476416739663572,1.049267218122536
13.14,1.0348651891267484,1.0508639350071336,1.0605236528816722,1.0407192902921418,1.0480964240194073,1.0481168158524832
13.16,1.0350050331798926,1.0502231268276674,1.0612611675934271,1.0397600036138441,1.0485302112645583,1.0484057647001968
13.18,1.0351450354397174,1.051059635006558,1.060549041257568,1.040173397582336,1.0489597729564342,1.0472984249369728
13.200000000000001,1.035280106220407,1.0504102891598937,1.0612679281250648,1.0392277042525202,1.0493697398587578,1.047629539562943
13.22,1.0354156471567144,1.0512375128676448,1.0605377647857193,1.0396542027108748,1.0497772570805628,1.0465629225780702
13.24,1.0355456792920563,1.0505785462279302,1.0612389079483524,1.038721835268409,1.0501664242077986,1.0469339142350398
13.26,1.0356764452554288,1.0513954446388214,1.0604916417841574,1.0391612345777592,1.0505548105845801,1.0459057303388402
13.280000000000001,1.0358010767072527,1.0507258868940994,1.0611759703473336,1.0382420458487795,1.0509259724110662,1.0463143549710545
13.3,1.0359266654593866,1.0515315310385942,1.060412579729375,1.0386942569175905,1.0512979169900183,1.045322357044621
13.32,1.03604545232331,1.0508505264458297,1.0610810690175256,1.0377882035980872,1.051653647496186,1.0457664082986478
13.34,1.0361653874703538,1.0516441011173947,1.060302576992578,1.038253235764168,1.0520116201840577,1.0448083856510328
13.36,1.0362778184076182,1.0509509100144108,1.0609562486596138,1.0373603626682302,1.0523542782381663,1.0452856891915472
13.38,1.0363915634602705,1.0517317153964223,1.0601637223439138,1.0378383082325504,1.0527005350692586,1.0443594626771704
13.4,1.0364970737407688,1.0510257153888425,1.060803643422278,1.0369587332144494,1.0530322696688632,1.0448678717443842
13.42,1.0366040457773416,1.0517931683225248,1.059998192389525,1.0374497526359436,1.0533688579778557,1.0439712900763958
13.44,1.0367020309062305,1.0510738550730006,1.0606254733612959,1.0365836521952323,1.053691613421659,1.044508682222168
13.46,1.0368016138092546,1.0518274898967261,1.0598082471104562,1.0370879599566136,1.0540203769888472,1.043639619417689
13.48,1.0368914427042697,1.0510944774533029,1.060424039085753,1.0362355555358922,1.0543358980431898,1.0442038943571796
13.5,1.036982999936435,1.0518339463531916,1.0595962236757144,1.0367534066908486,1.054658482273453,1.043360248249944
13.52,1.0370640276186949,1.0510869669635285,1.0602017147648943,1.0373012634119299,1.053582007655617,1.0439493267649214
13.540000000000001,1.0371469144999699,1.05181203978528,1.0593783912186738,1.037791447479766,1.0539413372494062,1.0431151769464906
13.56,1.037218355860804,1.0510510815741057,1.0599879630801803,1.0383132655337102,1.052900801712496,1.0437138394182892
13.58,1.0372916657193239,1.0517619110101961,1.0591690225886319,1.0387788119832386,1.053295411249025,1.042888484629171
13.6,1.0373526396543111,1.0509871840938727,1.0597826259401195,1.0392775468200364,1.0522893191409297,1.0434959915303166
13.620000000000001,1.0374155223072463,1.0516839965507125,1.0589680941427384,1.039721302517698,1.0527177482937506,1.042678643367439
13.64,1.0374652079594986,1.0508957858145394,1.0595858094722272,1.0401997267537468,1.0517446062741143,1.04329417090546
13.66,1.0375168756180848,1.0515788840319047,1.0587758318625422,1.0406243580501093,1.052205392742147,1.042483964874798
13.68,1.037554518297581,1.0507775509517145,1.0593978550139647,1.0410850633849655,1.0512637035094357,1.0431066160219253
13.700000000000001,1.037594251247448,1.0514473155438253,1.0585926826140009,1.0414930580311197,1.0517553771141022,1.0423026226290903
13.72,1.0376191680727664,1.0506332989573648,1.0592193106362917,1.0419384570403458,1.0508436342738292,1.0429314381989874
13.74,1.0376463200467558,1.0512901889138355,1.0584192859692774,1.0423321260106928,1.051364712184256,1.042132674054769
13.76,1.0376579052281834,1.0504640047845575,1.059050903259084,1.0427644538884884,1.050481396218916,1.0427666438003573
13.780000000000001,1.0376719083942152,1.0511085569749878,1.0582564466513982,1.04314593317986,1.0510303792672733,1.0419720827118508
13.8,1.03766963808304,1.0502707971962248,1.05889351142108,1.0435672494988038,1.0501739545684723,1.0426101564119654
13.82,1.0376700075755991,1.050903624927531,1.0581051076655013,1.0439385019697776,1.050749324617204,1.0418187404239734
13.84,1.0376534442108571,1.0500549552200873,1.0587481387689015,1.0443506925190298,1.049918237539981,1.0424598389207294
13.86,1.0376397821413246,1.0506767459006268,1.057966324181543,1.0447135098275784,1.0505184558618699,1.0416704892666435
13.88,1.0376085782323239,1.0498179028614443,1.058615888330193,1.0451182885853378,1.0497111337602525,1.0423135154100347
13.9,1.037580577120717,1.0504294148304647,1.0578412382332518,1.045474293277634,1.0503346403910239,1.0415251433264958
13.92,1.0375344784113523,1.0495612021941536,1.0584979376352504,1.0458732045684171,1.0495494915924395,1.0421689927779738
13.94,1.0374919239897629,1.0501632607790599,1.0577310542969092,1.0462238523666134,1.0501947056139087,1.041380510133331
13.96,1.037430771958788,1.0492865449575621,1.0583955147498738,1.046618273249039,1.0494301202882745,1.0420240819760487
13.98,1.0374288770333724,1.049824706096545,1.0576370158115216,1.0469648555811335,1.0486836942493802,1.0426461584076332
14.0,1.0373644429741242,1.0489426934613786,1.058309322772288,1.0473418831616903,1.0479239268363654,1.0433030379737396
14.02,1.037358699575881,1.0494764942478296,1.0575591700342057,1.0476715585967762,1.048650507853616,1.0424688768712773
14.040000000000001,1.0372762460265985,1.048590250265315,1.0582397617172428,1.0480471941168243,1.0479644117711189,1.043067443282487
14.06,1.0372515865072707,1.0491205939371244,1.0574985241980215,1.0483762783289823,1.0472940888096818,1.0436442353985056
14.08,1.0371650407377553,1.0482309332946536,1.058188137205267,1.04873778309029,1.0466066935044425,1.0442567193471781
14.1,1.0371359038655061,1.04875876672498,1.05745638059634,1.049053011150884,1.0474025913642602,1.0433786534776157
14.120000000000001,1.037030811406409,1.0478668343611586,1.058155451350626,1.0494159565941759,1.0467265734167432,1.0439896800504724
14.14,1.0369829666449482,1.0483931413163603,1.0574337275177625,1.0497326634024309,1.046124314760569,1.0445184935375158
14.16,1.0368740283761895,1.0474998246088352,1.058142962799526,1.0500833995074426,1.0455003248648471,1.0450847670227459
14.18,1.036821516182707,1.0480256300883342,1.0574317885281894,1.05038858356383,1.0449487137574027,1.0455690750591229
14.200000000000001,1.0367080353714417,1.0471321312179804,1.0581515761966367,1.050728794667282,1.0443724492489221,1.0460923204773227
14.22,1.0366502668611453,1.0476586112626776,1.0574513068447924,1.051024021912898,1.04386727043228,1.046533829865792
14.24,1.0365317322153622,1.046766124998807,1.0581820215776079,1.0513551474415443,1.0433346243394181,1.0470156566068471
14.26,1.0364682965010485,1.0472944494022005,1.0574929923206675,1.0516417474259854,1.0428718554363041,1.0474159660933793
14.280000000000001,1.0363443716157652,1.0464041582333603,1.0582349845573915,1.0519649957154769,1.0423789094365683,1.0478578876210232
14.3,1.0362750253306157,1.0469354854145259,1.0575575000508954,1.052244075223589,1.0419547143624404,1.0482185067975198
14.32,1.0361455380362836,1.046048554284685,1.0583110859638434,1.0525604371199824,1.0414977329729462,1.0486219588018468
14.34,1.036070194758083,1.0465840257983365,1.0576454110316977,1.052832893599541,1.0411084565197206,1.048944325472207
14.36,1.0359351263572893,1.0457015965486258,1.0584108635050344,1.051753127304146,1.0420739109777744,1.0493106824867162
14.38,1.0358538459247002,1.0462423313296452,1.0577433150839999,1.0520612709592785,1.0416744656538264,1.0496100782281352
14.4,1.0357134592906814,1.0453653781439618,1.0585076591701985,1.0510157553727941,1.0426291901676183,1.0499538650343325
14.42,1.0356267035035192,1.0459121999036272,1.0578397503703187,1.0513573928315472,1.0422189824531571,1.050230278117417
14.44,1.0354814992956216,1.0450415559890627,1.0586044439938742,1.050343928676483,1.0431623839696984,1.0505514952548465
14.46,1.0353898127564944,1.0455952956443122,1.0579375146508179,1.050716886004226,1.0427408021089128,1.050804996014823
14.48,1.0352403727078983,1.0447317929360895,1.0587038443615846,1.049733295225522,1.0436722719362246,1.051103730012267
14.5,1.0351443764441257,1.0452932779591617,1.0580390645998023,1.05013541749193,1.0432386973148224,1.051334473369744
14.52,1.0349913565748776,1.044437736870769,1.0588081490215884,1.0491795433757578,1.0441576224554776,1.0516108988811155
14.540000000000001,1.0348917411603549,1.0450077811451568,1.0581465230544231,1.0496086950980068,1.0437114405735866,1.0518191261480583
14.56,1.0347358645215343,1.0441610008538948,1.058919316588713,1.0486784032234118,1.0446172146405468,1.0520735073514853
14.58,1.0346333827669807,1.0447403950643623,1.0582616867890897,1.0491324696294921,1.0441578256302437,1.0522595472994187
14.6,1.0344754317860283,1.043903144357867,1.0590389836069667,1.0482256495948472,1.0451061600777587,1.052435937756118
14.620000000000001,1.0343703288904535,1.0444926469398936,1.0583860348782288,1.048703100791149,1.044629495278019,1.0526037004018427
14.64,1.0342106210086404,1.0436656500336194,1.0591684788422808,1.0478181850877355,1.0455611311133526,1.0527612410939586
14.66,1.034103831249487,1.0442659680924629,1.0585207539278092,1.0483168741981923,1.0450669274989535,1.052910952212681
14.68,1.033943319324751,1.0434498984057885,1.0593088415035172,1.0474517326038528,1.0459815643761559,1.0530499509655211
14.700000000000001,1.0338358070515024,1.0440616926268163,1.0586667332551407,1.0479695499163473,1.0454695772261786,1.0531819471036012
14.72,1.0336754707498488,1.043257171326511,1.0594608126397826,1.0471220933438854,1.0463669374840716,1.0533028216354872
14.74,1.0335682228711238,1.043881048443512,1.0588245697136616,1.047656969402583,1.0458369504064917,1.0534175463422137
14.76,1.0334090609120463,1.0430886374693151,1.0596248465013978,1.0468251532936357,1.0467167888909756,1.0535208201122161
14.780000000000001,1.0333030792192157,1.0437251434029295,1.0589945793988278,1.047375062565596,1.0461686230632745,1.053618819529743
14.8,1.0331461014957513,1.0429453391763193,1.0598011226071493,1.046556890801967,1.0470307361554527,1.0537051169429479
14.82,1.033042394892242,1.0435949528531174,1.0591768100728998,1.047119855840351,1.0464642587421196,1.053787034778857
14.84,1.0328886145343206,1.0428281806774913,1.0599895585420334,1.0463133850940451,1.047308492553353,1.0538570757783434
14.86,1.0327881912368737,1.043491308538531,1.0593710543281665,1.0468874811180728,1.0467236242652138,1.053923647692729
14.88,1.0326386166834867,1.0427379176973184,1.0601898235002807,1.046090825559375,1.0475498819646205,1.0539782417745052
14.9,1.0325424764583997,1.0434148889033603,1.0595768634986253,1.0466741853693873,1.0469466037297366,1.0540302892200772
14.92,1.0323981036007255,1.0426751484609518,1.0604013525787424,1.0458855216508178,1.0477548519748003,1.0540703289135482
14.94,1.0323072300946778,1.0433662107999597,1.0597375767636144,1.0465323263520379,1.04713321069626,1.0541087524730361
14.96,1.0321690345486867,1.0426397470661002,1.0605695918610762,1.0457476824005445,1.0479240449682283,1.0541352063349505
14.98,1.0320843821799452,1.0433445374697583,1.059913595744384,1.0463971231422926,1.0472846844481802,1.0541609841950255
15.0,1.0319533010719382,1.0426315238043975,1.060752398048736,1.0456150448504606,1.0480581393484296,1.0541749000556233
15.02,1.0318757892794295,1.0433501885661431,1.060103349637261,1.0462657195241014,1.0474011812474397,1.0541890789252106
15.040000000000001,1.0317527266673985,1.0426507017640954,1.0609481258237952,1.0454848130473593,1.0481573765543528,1.0541915633225853
15.06,1.031683238788421,1.043383290134805,1.0603051269511203,1.0461353789051087,1.0474830277704088,1.0541952446297225
15.08,1.0315690583613768,1.0426973097852053,1.0611549969500278,1.0453543167469397,1.0482221703884014,1.0541874549476364
15.1,1.0315084346037307,1.0434437734201893,1.0605170911993713,1.0460034966568286,1.0475307243462126,1.054181786953255
15.120000000000001,1.0314039527375274,1.04277118191861,1.0613711163083144,1.0452210235839203,1.0482531093609087,1.0541649232703052
15.14,1.031352983518215,1.0435313749819843,1.06073729724881,1.0458676120863535,1.047544946416112,1.054151092928112
15.16,1.0312589627250435,1.0428719581937123,1.0615944885532036,1.0450825508004975,1.0482509572644325,1.054126389642697
15.18,1.0312183824106984,1.0436456381190695,1.0609637082506855,1.0457254198935237,1.0475265442370836,1.0541056142685263
15.200000000000001,1.0311355252161567,1.042999086689862,1.0618230353113094,1.0449366763894554,1.0482166520087572,1.0540743315640457
15.22,1.031106006297236,1.0437859155939049,1.0611942130702068,1.0455747809725322,1.0474765408680078,1.0540478503776989
15.24,1.0310349495757882,1.0431518269022626,1.0620546128331751,1.0447813495141398,1.048151302762471,1.0540112655917497
15.26,1.031017097303566,1.0439513736456207,1.0614266441217308,1.0454137324237187,1.0473961284915843,1.0539803311933649
15.280000000000001,1.0309584071002211,1.043329254388083,1.0622870300014515,1.0446147000751012,1.0480561854613804,1.053939730153349
15.3,1.0309527546128139,1.0441409972748756,1.0616587955083987,1.0452404966496625,1.0472866631390367,1.053905599994799
15.32,1.0309069214760596,1.0435302666731692,1.0625180665900624,1.044435047302313,1.0479327367574693,1.0538622683805117
15.34,1.0309139254370205,1.0443535967779922,1.0618884413570993,1.0450534894196226,1.0471496578975927,1.0538261962902598
15.36,1.030881360285416,1.0437535903938864,1.0627454916614476,1.0442409072626377,1.0477825464944797,1.0537814110817187
15.38,1.0308456993917736,1.0446435131659235,1.0621133542324885,1.0448513267977895,1.046986774692478,1.0537446388991343
15.4,1.0308295136826395,1.0440507043042824,1.0629676381443476,1.0440309991841854,1.0476073488072846,1.0536991030568472
15.42,1.0308108133007277,1.0449471162548205,1.0623323972708052,1.0446328363969677,1.046799809184618,1.053662334771647
15.44,1.0308109977273614,1.0443609376362744,1.0631827409781087,1.0438042666317997,1.04740899581716,1.053617368388881
15.46,1.0308091793623406,1.0452632791986591,1.0625988266459157,1.0443414721897337,1.0465906711683433,1.0535818786145938
15.48,1.030825651086024,1.0446836348679567,1.063442136487583,1.043506220234488,1.0471889049182745,1.0535387595852588
15.5,1.030840569981694,1.0455917868314633,1.0628500154030085,1.0440368514175542,1.0463603106073884,1.0535057729384765
15.52,1.0308731806684004,1.0450178796481278,1.0636853798148076,1.0431944396149238,1.0469487080917084,1.0534657193416186
15.540000000000001,1.0309046219990365,1.0459310546125244,1.06308418697487,1.04371803766453,1.0461110007508163,1.0534364051778078
15.56,1.0309531433360042,1.0453620245773778,1.0639107226991724,1.0428681137558344,1.0466907216375807,1.053400581173617
15.58,1.0310008146578107,1.046279371554705,1.0632996275954003,1.0433843456041298,1.0458450947315454,1.0533760530359948
15.6,1.031064937390786,1.045714302692771,1.0641164887051326,1.0425266810326024,1.0464173351099766,1.0533455622483172
15.620000000000001,1.0311284679043093,1.0466349142009506,1.0634947040208012,1.0430353374404246,1.0455650120873519,1.0533268715257487
15.64,1.0312078015330566,1.0460728418484053,1.0643010905502583,1.0421698249386777,1.0461309974903006,1.0533027508188875
15.66,1.0312867419963383,1.0469957614059178,1.063667880415112,1.042670817916174,1.045273224639558,1.0532908808064856
15.68,1.031380815126207,1.0464356798609624,1.0644630465306175,1.0417974683861422,1.0458342027859566,1.053274094489701
15.700000000000001,1.0314746384155207,1.0473599098406745,1.063817734268472,1.0422908279068626,1.044972241864566,1.0532699548834905
15.72,1.0315828997607408,1.046800780333501,1.0646009959143905,1.0414097666085826,1.0455294751889195,1.0532613893734515
15.74,1.0316910020735786,1.0477252901288594,1.0639429712221329,1.0418956366357177,1.0446645958918115,1.0532658112274866
15.76,1.0318128221056142,1.0471660490612522,1.0633091778769375,1.0424116340132485,1.04521935392663,1.0532662701959035
15.780000000000001,1.0319345247982046,1.0480757401258778,1.0626799984866295,1.0428481924706263,1.0443668499309242,1.053280001367324
15.8,1.0320690576133493,1.0475019736602083,1.0620732862590427,1.043316912620291,1.0449337354088628,1.0532903416178307
15.82,1.032203340386102,1.048397142220157,1.0614697773219124,1.0437072319129266,1.0440935035363577,1.053314311802131
15.84,1.0323495597345889,1.0478090716799278,1.060887128471446,1.0441316728230268,1.044672467919011,1.0533354065515859
15.860000000000001,1.0324953751670631,1.0486898958050999,1.0603063829350754,1.0444787396931332,1.0438445010574822,1.0533704125217327
15.88,1.0326522251196457,1.0480876370529755,1.0597450405057316,1.0448618170786546,1.0444355864291357,1.0534030009934436
15.9,1.0328084977145364,1.0489541943087022,1.0591844101732883,1.0451685393852825,1.0436199573302036,1.053449708267573
15.92,1.0329748923678022,1.0483377749095992,1.0586418691834236,1.0455130928050984,1.0442232805027833,1.0534943974108795
15.94,1.033140518613732,1.0491900593104262,1.0580989559715892,1.0457823048347734,1.0434201264034637,1.0535533420456018
15.96,1.0333153427877648,1.0485594349749658,1.0575729547634296,1.0460911024094504,1.0440358638263028,1.0536106084176733
15.98,1.0334891921772509,1.0493973732282589,1.0570456020629306,1.0463255688422315,1.0446500434259032,1.052277527443011
16.0,1.0336572580254768,1.0487524435217992,1.0565341137221838,1.0466153567511416,1.0452363366181796,1.0523897985408057
16.02,1.0338248389373963,1.0495757702974127,1.0560205382206507,1.0468311103566086,1.0458228227165915,1.0511102266509276
16.04,1.033986349704501,1.048916124115964,1.0555220312968485,1.0471031524285577,1.0463826879597709,1.0512749616739443
16.06,1.034147796044754,1.049724429751806,1.0550207811196204,1.0473015128133634,1.046944422353165,1.0500463650968777
16.080000000000002,1.0343028195369683,1.0490496712773796,1.0559413655189225,1.046149655479767,1.0474807062790268,1.0502610890875217
16.1,1.0344581375763864,1.0498566356240226,1.0554089835146383,1.0463741476009443,1.048006407521571,1.0490809953420228
16.12,1.0346067599135567,1.0491797545792423,1.0562993523058397,1.0452478656328772,1.0485084261136175,1.0493431486344527
16.14,1.0347561109661796,1.0499836356406993,1.0557374713994871,1.045497152358816,1.0490020690606563,1.0482088677537482
16.16,1.0348984163482537,1.049302976322318,1.0565992094069276,1.044395227072723,1.0494736477905704,1.0485158302387934
16.18,1.0350418173700517,1.0501021778898814,1.0560094444159382,1.0446681822410147,1.0499389264363121,1.0474247588263883
16.2,1.0351777535399012,1.0494162320403122,1.0568441237599142,1.0435895920127911,1.0503836159186573,1.04777398990801
16.22,1.035315094513179,1.0502093027910584,1.0562280787561142,1.043885278519967,1.0508239528412917,1.0467235997579742
16.240000000000002,1.0354444900577042,1.049516708552229,1.0570372656092166,1.0428291773689071,1.0512450380144231,1.047112627577106
16.26,1.0355755508376625,1.0503023413152885,1.056396539700826,1.0431468262230792,1.0516635932073548,1.0461004558953764
16.28,1.0356981319530787,1.0496018822819715,1.0571817995047819,1.0421125233669628,1.0520641019489176,1.0465268681238715
16.3,1.03582259858351,1.0503789133549981,1.0565179911398062,1.0424515136850006,1.0524637811489783,1.0455505092672932
16.32,1.0359380053065714,1.0496695176165938,1.0572808923832824,1.0414384540498836,1.0528464924317533,1.046011945391502
16.34,1.0360554858031183,1.0504369260248811,1.0565956022768157,1.0417982939847534,1.0532299550458477,1.0450690440441703
16.36,1.0361632877018754,1.0497176650948061,1.057337718935777,1.0408060396564307,1.0535974067306808,1.0455631890600157
16.38,1.0362733272935656,1.0504745716957196,1.0566325517247126,1.0411863482434818,1.0539670734536188,1.0446514347684879
16.4,1.03637303860391,1.049744659238124,1.0573554644678733,1.0402145608502722,1.0543215698078217,1.045176014211585
16.42,1.036475134416798,1.0504903255841604,1.0566320291970746,1.0406150507636638,1.054679630015945,1.0442931372019446
16.44,1.036566228604628,1.0497491158584518,1.0573373254594303,1.0396634747820908,1.055023249037753,1.0448459134372314
16.46,1.0366598437654426,1.0504829427431233,1.0565972350035775,1.0400839359943495,1.0553716680353817,1.0439896816377114
16.48,1.0367417674887505,1.0497299286978121,1.0572865080310896,1.0405408179701674,1.0543178336583239,1.0445684513334426
16.5,1.036826344621445,1.050451454319565,1.0565452612060622,1.0409395453849462,1.0546998958838496,1.0437228057637193
16.52,1.03689839245334,1.0496864039096367,1.0572332891327596,1.0413759870665036,1.0536790176502941,1.044312216967052
16.54,1.0369731005444993,1.0503955679600183,1.0564911438349271,1.0417556149594607,1.0540935274947036,1.0434763523859758
16.56,1.0370344602324426,1.0496184887761109,1.0571782252600546,1.0421741965829263,1.0531043701739216,1.0440755661541306
16.580000000000002,1.0370985146154588,1.0503153214611067,1.0564355484125068,1.0425372056060123,1.0535501169422912,1.0432486001422092
16.6,1.037148424537289,1.0495263119736409,1.0571220875189982,1.0429403523035434,1.0525914281017754,1.043856702744339
16.62,1.0372010937411247,1.050210935385004,1.056379342476761,1.0432890694392325,1.0530671804050789,1.043037685732385
16.64,1.0372388497304044,1.0494101855748406,1.0570658365312335,1.043679051102209,1.052137685542746,1.043653698698152
16.66,1.0372794620307924,1.0500828140903515,1.056323570596221,1.0440156495981268,1.0526421867383007,1.042841624125795
16.68,1.0373044238551694,1.0492706051310163,1.0570105975590942,1.0443945807615678,1.0517405854432318,1.0434645144295063
16.7,1.0373323734520348,1.0499315448719573,1.0562694296453379,1.044721080111231,1.0522725500952794,1.0426583290037463
16.72,1.0373439708698573,1.0491082478965703,1.0569576359321162,1.0450909199227318,1.0513975132067346,1.0432870193515762
16.740000000000002,1.0373587236194062,1.04975789527702,1.0562182444229367,1.045409185952381,1.0519556245380979,1.0424856333697436
16.76,1.0373564619449542,1.0489239692691177,1.0569083328586248,1.0457717382832625,1.0511057922718168,1.0431190125518102
16.78,1.0373575605802408,1.0495628086777493,1.0561714436977863,1.0460834833993606,1.0516887005765574,1.042321310247891
16.8,1.0373410256937632,1.0487187975310235,1.0568641617065673,1.0464403971504548,1.0508626815862252,1.0429582435115523
16.82,1.037328094473682,1.0493473981917047,1.0561305367651574,1.0467471807973996,1.0514690035718661,1.0421630933797779
16.84,1.0372969572189656,1.048493926988933,1.0568266648370126,1.0470999504469545,1.0506653749121087,1.0428024327756107
16.86,1.0372697059522942,1.0491129390516205,1.056097090596961,1.0474031798198185,1.051293693938172,1.04200869782072
16.88,1.0372237258716321,1.0482507096178573,1.0567974310719594,1.0477531462563896,1.0504546584339156,1.0427056359278324
16.9,1.0371825158695984,1.048860859535819,1.0560727076657148,1.0480535146994014,1.0511054334728638,1.0419102759361898
16.92,1.0371220768757574,1.0479906509501546,1.0567780682578753,1.0484013337126121,1.0502886380825767,1.0426045393006098
16.94,1.037066729714783,1.0485927469752534,1.0560589881222493,1.0487000159392683,1.0509601935297397,1.0418066328982922
16.96,1.036991711777393,1.0477154083723237,1.056770172926734,1.049046790337312,1.0501638993639917,1.0424973244018316
16.98,1.0369221496022611,1.0483103219625536,1.0560575233997471,1.0493448057235182,1.050854547000198,1.041695959491309
17.0,1.036832535049932,1.0474267603071485,1.0567753288273685,1.0496914824644397,1.05007700834512,1.0423821921855776
17.02,1.0368040935324272,1.0479601075400753,1.056069882222094,1.0499896977800145,1.0507850502017488,1.0415764759032262
17.04,1.036697676270795,1.0470735713234116,1.0567945348739156,1.0503370709047737,1.0500245177358216,1.042257936070868
17.06,1.0366520367238232,1.0476047739093124,1.0560965203285608,1.0506361978971306,1.0507482551931222,1.041447523127637
17.080000000000002,1.0365291851923566,1.0467160842415153,1.05682884776219,1.0509849013271613,1.0500029904075194,1.0421232982488446
17.1,1.036466778388034,1.047245957760464,1.0561390519525415,1.051285501800665,1.0493361380341848,1.0427118792436971
17.12,1.0363419880558444,1.0463559902107196,1.0568798391792782,1.0516219819065133,1.0486464535335807,1.04333905429365
17.14,1.036276659936248,1.0468855441956137,1.0561988600830892,1.0519111426987402,1.0480335813821753,1.0438795188837207
17.16,1.0361490824674942,1.0459954887460725,1.0569485727899897,1.0522371318391626,1.0473949743371551,1.0444600569997124
17.18,1.0360801008637068,1.046525884022946,1.0562768458926823,1.0525164613163045,1.0468316784980667,1.0449543365858798
17.2,1.035949083265903,1.045636923895609,1.0570359352057441,1.0528334421811794,1.0462398541297784,1.0454900685013726
17.22,1.0358759034912612,1.0461693158636416,1.0563738742345818,1.0531043078642668,1.0457219352131304,1.0459399705127046
17.240000000000002,1.0357409769688228,1.0452826227803536,1.057142765574084,1.053413527610609,1.045172798806159,1.0464326154395582
17.26,1.0356632307759188,1.0458181564004756,1.0564907520800728,1.0536770701009948,1.0446962544608933,1.046839843361231
17.28,1.0355240995348438,1.044934885420205,1.0572698350491998,1.0539795542444057,1.0441859046824347,1.0472910282484962
17.3,1.035441584020317,1.0454746898139875,1.0566282090201224,1.0542367009243465,1.0437469233559828,1.0476572000448297
17.32,1.0352981140049762,1.044595973850349,1.0574178283069482,1.0531412105344868,1.0446637032477408,1.048068477235085
17.34,1.0352107804477821,1.0451411566092315,1.0567729597940947,1.0534343583801768,1.0442169897827789,1.048409062165522
17.36,1.0350631271813084,1.0442679617271764,1.0575601913375687,1.052373387131815,1.0451254987911665,1.048795141010552
17.38,1.034971336690193,1.0448193359632982,1.0569136669512773,1.0527003614743065,1.044670325166946,1.0491102809335662
17.400000000000002,1.034819901015319,1.043952488140086,1.0577000389313702,1.051671729232976,1.045569836044956,1.0494713138148795
17.42,1.034724104512079,1.044510875389484,1.057053269900015,1.0520303719566375,1.0451054635154164,1.0497612219059553
17.44,1.0345693752711345,1.043651200446646,1.0578401371187232,1.0510319169158011,1.045995240752974,1.0500974366743074
17.46,1.03447010674049,1.0442174200185117,1.0571943628087628,1.0514200861998462,1.0455209306595816,1.0503624007523937
17.48,1.0343126536271925,1.0433657333642152,1.0579829100921765,1.0504496651730932,1.0464002412669344,1.0506741036559755
17.5,1.0342105228915603,1.0439405921820482,1.0573392017680234,1.0508652360954904,1.0459152654968424,1.0509144887456225
17.52,1.0340509888572909,1.0430976890755712,1.058130447626258,1.0499207256285499,1.046783389419439,1.0512020665724773
17.54,1.0339466739419416,1.0436819720397783,1.0574897124835032,1.0503615915779485,1.0462870404552191,1.051418316681196
17.56,1.0337857672237405,1.0428486184053782,1.0582845130615206,1.049440889824175,1.0471432805652325,1.0516822380995396
17.580000000000002,1.033680006378999,1.0434430793043181,1.057647498563012,1.049904964662911,1.0466348810717916,1.0518748771985544
17.6,1.0335184922173308,1.042620003119101,1.0584465519113277,1.0490059939632985,1.0474785726810865,1.0521156932874414
17.62,1.0334120756649836,1.0432253561130174,1.057813850451616,1.0494912148817577,1.046957484575543,1.0522853254926676
17.64,1.0332507677794438,1.042413239390789,1.0586177011419355,1.0486119249877905,1.0477880044154864,1.0525036694641408
17.66,1.0331445292502677,1.043030151090553,1.057989755061656,1.0491162559874594,1.047253637366988,1.0526509784226619
17.68,1.0329842811408478,1.0422296224810566,1.0587987991684695,1.0482546278622622,1.04812655125082,1.05279142527613
17.7,1.0328785287043376,1.0428587046411764,1.0581759061362301,1.0487766243286039,1.047574917658434,1.0529206257108055
17.72,1.0327197096379401,1.0420703270646934,1.0589904021979186,1.0479311897109338,1.0484312077466784,1.0530424708214223
17.740000000000002,1.032615417655134,1.042712119322218,1.058372731558828,1.0484688023868092,1.0478621007300335,1.0531541355265635
17.76,1.0324590094632027,1.0419363855753607,1.0591928046113657,1.047637542846256,1.0487015289582293,1.0532580357251706
17.78,1.032357161760231,1.0425913621528595,1.0585244605132678,1.0482447011857627,1.0481147874274157,1.0533528341400498
17.8,1.0322041519176417,1.041828136826046,1.059352368671219,1.0474233842546234,1.0489377247365343,1.053439540773522
17.82,1.0321057283453896,1.0424961758295015,1.058692323499177,1.0480390743242065,1.0483337660607264,1.053518239120585
17.84,1.0319570913247895,1.0417458826960955,1.0595277033025705,1.047226021308056,1.0491400056468851,1.0535886029011898
17.86,1.0318630615114546,1.0424273829037607,1.0588754803950178,1.0478486151519826,1.048518710622073,1.053652056595299
17.88,1.0317197635896,1.0416903585663535,1.0597178659338669,1.047042193283115,1.0493081173292786,1.0537070084773719
17.900000000000002,1.0316310851428643,1.0423856307891706,1.059072893669148,1.0476701075101196,1.0486694404143133,1.053756149653971
17.92,1.0314940763221934,1.0416621217476956,1.0599217234650964,1.0468687357960462,1.049441955615272,1.0537966942332826
17.94,1.0314116869751584,1.0423713859814328,1.0592833423819572,1.047500437671602,1.0487859291613981,1.0538325250080378
17.96,1.031281893114571,1.0416615463665506,1.0601379666721027,1.0467025928289917,1.0495415747569863,1.053859733440383
17.98,1.0312067030982934,1.0423849296114933,1.0595054369725734,1.0473366064260654,1.048868312347138,1.0538833187240222
18.0,1.0310850183018,1.0416888195865155,1.0603651253762774,1.0465408288228115,1.0496071938695275,1.053898321222654
18.02,1.031017902990752,1.0424263543386103,1.0597376347881777,1.0471757411532585,1.048916892757986,1.053910781150802
18.04,1.0309051822991306,1.0417439391713719,1.0606015843329102,1.0463806406813214,1.049639201569958,1.0539147591248943
18.06,1.0308469751724523,1.0424955625868777,1.0599782563045426,1.047015107730318,1.0489321442206112,1.0539172611647842
18.080000000000002,1.030744027599539,1.0418267123911107,1.0608455997819655,1.046219369532821,1.0496381588113852,1.053911439062765
18.1,1.0306955135575675,1.0425922661248548,1.0602255019768223,1.0468521221197413,1.048914713540582,1.0539051898600178
18.12,1.0306030955094057,1.041936756268661,1.061095316595441,1.0460545120973357,1.0496047999262827,1.0538908267824592
18.14,1.0305650045816368,1.042715986984022,1.0604774696500066,1.04668436148836,1.0488654206640335,1.0538770638115276
18.16,1.030483813693408,1.0420734991609768,1.0613487859458752,1.0458837315122853,1.0495400319086512,1.0538554449583897
18.18,1.030456815170897,1.042866059707491,1.06073217244897,1.0465095747127098,1.0487852570994844,1.0538354280400337
18.2,1.0303874845933798,1.0422361836637068,1.0616039834111777,1.0457048674752523,1.0494449319796706,1.053807856056399
18.22,1.0303721816155507,1.043041634915895,1.0609875570587728,1.0463256921329958,1.0486753826516972,1.0537828588046743
18.240000000000002,1.0303152747798578,1.0424238708239426,1.0618588274219407,1.0455159455700853,1.0493207434959313,1.0537506450878287
18.26,1.0302565125177763,1.043297371057384,1.0612415222970977,1.046130834426297,1.048537120533559,1.0537219463474734
18.28,1.0302152969134983,1.0426883547615242,1.0621117540038822,1.045315185651826,1.049168870272922,1.053685845575934
18.3,1.0301728531695953,1.0435699678175536,1.0614930114783225,1.045923326031968,1.0483719453751574,1.0536542033069904
18.32,1.0301474957671477,1.0429692732358675,1.0623610556585281,1.045101025293274,1.048990853276936,1.0536156039478333
18.34,1.0301214696914256,1.043858579593534,1.0617397174482488,1.0457017107647533,1.0481814664925297,1.053582363189096
18.36,1.030112069362705,1.0432656877505022,1.0626044340447955,1.0448721114145094,1.0487883766062218,1.053542628000852
18.38,1.0301024930116358,1.0441621739963216,1.0619793586791115,1.0454647386054445,1.047967437433018,1.053509105454056
18.400000000000002,1.0301090766667875,1.0435764786143484,1.062839625164854,1.0446272995697674,1.04856326325537,1.0534695639084586
18.42,1.0301159114130103,1.0444795432003278,1.0622096965290848,1.0452113705651582,1.0477317449130759,1.0534370405589295
18.44,1.0301384308085493,1.0439003567581824,1.0630644165451395,1.044365658112893,1.0483174634995844,1.0533989814552376
18.46,1.030161564416245,1.044809316232039,1.0624285522939019,1.0449407821377292,1.0474763966949139,1.0533686954047572
18.48,1.0301998936375156,1.0442358764724649,1.063276664138996,1.0440864709270352,1.0480530422761953,1.0533333597273793
18.5,1.0302391380056466,1.0451499721609652,1.0626338239098898,1.0446523652947144,1.047203508520998,1.0533064992873709
18.52,1.030293071625171,1.0445814490248997,1.063474308809803,1.043789238680832,1.0477721656851762,1.0532750733537053
18.54,1.0303481611993563,1.0454998541462506,1.0628235021673866,1.0443457289931253,1.0469152902303387,1.053252770443129
18.56,1.0304174131110573,1.0449353571062008,1.0636553922539678,1.0434736785890717,1.0474770867345233,1.053226379384765
18.580000000000002,1.0304880039632955,1.0458571842823805,1.0630511321481417,1.0439652523285161,1.0466140311838197,1.0532097032734318
18.6,1.0305722068909824,1.0452963236853845,1.0638716232413572,1.0430861724413012,1.0471695760303794,1.0531894048901829
18.62,1.0306578819932108,1.0462211568271131,1.0632548484946422,1.0435710623925925,1.0463010066835654,1.0531793507884621
18.64,1.0307565982756715,1.0456628768451983,1.0640632722745114,1.0426848814723133,1.0468515591142555,1.053166119197636
18.66,1.0308568664543531,1.046589666696279,1.0634333869388968,1.043163031018243,1.0459787518124406,1.053163604259374
18.68,1.0309695763552855,1.0460328816694888,1.0628326251223248,1.0436663023932544,1.0465255844957277,1.0531583371435045
18.7,1.0310838674721414,1.0469465860971563,1.0621753360086732,1.0441515510764674,1.045663765189642,1.0531642013355063
18.72,1.0312098313089826,1.0463763754807007,1.0630002000438843,1.0432090755989023,1.0462219704534117,1.0531678542937042
18.740000000000002,1.0313372249123272,1.0472906962046724,1.0623843953064265,1.0436322225203964,1.0453576395108948,1.053183128724869
18.76,1.0314756473812832,1.046721125725782,1.0617962276798991,1.0440824506852548,1.0459133065241677,1.0531965491831996
18.78,1.031615459766548,1.047621463818912,1.061205041113575,1.0444602720692773,1.045061202672255,1.0532218677390188
18.8,1.0317654898586897,1.047038035457415,1.06063970746907,1.0448673098084917,1.0456289709981543,1.0532457935877657
18.82,1.031916699503601,1.0479245191600204,1.060070314900309,1.0452027005084332,1.0447891065575061,1.0532819665497166
18.84,1.0320773034274446,1.0473273030026862,1.0595251451729624,1.045569367715828,1.0453690342728006,1.0533171535878647
18.86,1.032238858661445,1.0481999631169692,1.0589749732977545,1.0458651514452946,1.044541499883581,1.053364860774542
18.88,1.032408970731399,1.0475889437493162,1.0584475414955605,1.0461941995993396,1.0451337184774427,1.053411933126528
18.900000000000002,1.032579789872384,1.0484477302797988,1.0579142597785447,1.0464531337968843,1.0443186679499619,1.0534717255020125
18.92,1.0327583132677152,1.047822822942826,1.05740237596177,1.0467472502372281,1.044923367446998,1.0535311773230494
18.94,1.0329372857034889,1.0486676210615626,1.05688388860833,1.046972029606791,1.0455253770943038,1.0521991051051096
18.96,1.0331090520888946,1.0480286871074043,1.0563855909096826,1.047247883644438,1.0461007203004966,1.0523133731286705
18.98,1.0332817070387168,1.0488591922077448,1.055880169240903,1.0474544746091154,1.0466751751628174,1.051034588920288
19.0,1.0334469332478338,1.048205784410698,1.0553939850997374,1.0477132638399143,1.0472241869166234,1.0512011536647792
19.02,1.0336134196559033,1.0490215495825108,1.0549002262627498,1.0479029297069378,1.0477740354297052,1.0499731465417796
19.04,1.033772185512277,1.0483532378181297,1.0544248528051892,1.0481459064029952,1.0482995706609581,1.0501895539800368
19.06,1.033932523043267,1.049153834788056,1.0539415243735561,1.0483199602223943,1.0488275909811733,1.0490098737711395
19.080000000000002,1.0340847844253167,1.0484702145649072,1.0548778213393435,1.0471464259208352,1.0493323357291438,1.04927372520004
19.1,1.0342388763360515,1.0492692602821934,1.0543618407708433,1.0473482184350642,1.04982713812075,1.048139973234684
19.12,1.0343846183675391,1.0485832705474323,1.0552666105517936,1.046201730872939,1.050300300389459,1.048448776450423
19.14,1.034532533117059,1.0493790326814016,1.05471979427766,1.0464299286838497,1.0507656894308761,1.0473583289887403
19.16,1.0346717500548717,1.0486890358416623,1.0555947968430626,1.0453092731107272,1.0512109277895394,1.0477095235397222
19.18,1.034813423127579,1.0494799363493534,1.0550189353869648,1.0455627479210854,1.0516504287099224,1.046659835684681
19.2,1.0349459843598325,1.0487844501833676,1.0558659104155101,1.0444669004990177,1.0520711283797028,1.0470509333421563
19.22,1.0350812355562833,1.049569063858474,1.0552627754364003,1.044744707029444,1.052487996528331,1.0460395287706534
19.240000000000002,1.0352069027909554,1.0488667598936736,1.0560834487448032,1.043672813292243,1.0528872786081602,1.046468103849751
19.26,1.0353354529535788,1.0496438130349948,1.055454798511166,1.0439741682161785,1.053284508359712,1.0454925661039571
19.28,1.0354538968412519,1.0489335149783638,1.0562508869565654,1.0429255225543177,1.0536652385339602,1.045956247315127
19.3,1.0355753840174784,1.0497018840643317,1.0555984703594765,1.0432497844316933,1.05404557173628,1.045014212570326
19.32,1.0356862002056335,1.048982566181059,1.0563716853219063,1.0422238105850707,1.0544103685659434,1.045510676319973
19.34,1.0358001952427904,1.0497412764475698,1.0556972445349704,1.0425704607788857,1.0547763026278167,1.0445998275475534
19.36,1.0359029198513743,1.0490120617918306,1.056449294086864,1.0415666933227254,1.0551275455181872,1.0451267926086047
19.38,1.0360089414105027,1.0497602856214536,1.0557545659814798,1.0419353178855075,1.0554813412261168,1.0442448550545254
19.400000000000002,1.0361030659116934,1.04902044403481,1.0564871558514468,1.0409533846969699,1.0558211781557285,1.044800078528936
19.42,1.0362005948811088,1.049757499076649,1.0557738722757577,1.0413436572162293,1.0561648673008133,1.0439448164290281
19.44,1.036285580360396,1.0490064448807468,1.0564887057137184,1.0417737700912446,1.0551047152086295,1.0445260909248506
19.46,1.03637407364451,1.0497317918315119,1.0557724970552114,1.0421438164942307,1.0554817062224193,1.0436814219317032
19.48,1.0364492255994624,1.0489692199909726,1.05648447427457,1.0425548427286833,1.0544541718812779,1.04427337270462
19.5,1.0365278628642804,1.0496827267355027,1.0557656998889335,1.0429072033116775,1.054863322649674,1.043438491729518
19.52,1.0365923767817449,1.048908577113315,1.056475213090336,1.043301637389513,1.0538672234145612,1.0440402793901147
19.54,1.0366603811626156,1.0496102069757711,1.0557543348606426,1.0436387066628707,1.0543073729923595,1.0432143045253266
19.56,1.0367705817227861,1.0488245150680333,1.0564618757877282,1.044018895357835,1.0533415053142994,1.0437679339289043
19.580000000000002,1.0368240574490013,1.0495148978859152,1.0557394461240905,1.0443429213933397,1.0538108986217156,1.0429530857055238
19.6,1.0369200929603295,1.0487183224640786,1.0564455998210693,1.0447110573486031,1.0528735061011603,1.0435167284843456
19.62,1.0369586385322247,1.0493975406348302,1.0557222605141616,1.0450241303560521,1.0533710035785426,1.0427117335637752
19.64,1.0370400862087896,1.048590238688039,1.0564276917949025,1.0453822530854662,1.0524608978401757,1.0432841395622132
19.66,1.0370633425580076,1.0492584784422885,1.0557041493223354,1.0456863177034816,1.0529853200713204,1.0424876990821526
19.68,1.037129828254314,1.0484407084920047,1.0564095850517299,1.0460363189941642,1.052101273337722,1.0430675930496507
19.7,1.037137485833215,1.0490982574891232,1.0556865991555853,1.0463331736044852,1.052651399420351,1.042278391676827
19.72,1.0371317350054987,1.048270376564031,1.056392816884843,1.0466767968892463,1.051735891101107,1.04297769073486
19.740000000000002,1.0371271772583626,1.048917051972488,1.055671189309721,1.0469675314540603,1.0523129832091112,1.0421893739758428
19.76,1.0371084034255293,1.0480789904581567,1.0563789947892488,1.04730584583752,1.0514243163828643,1.042888756286267
19.78,1.0370911147268813,1.0487153555345017,1.0556595366898842,1.0475920454396728,1.052026800921871,1.0421004538667742
19.8,1.0370588581967244,1.0478677334524331,1.0563697559935052,1.0479265727175648,1.051163328829885,1.0427990579894737
19.82,1.0370284188806282,1.0484944315337037,1.0556533026642139,1.0482096664415752,1.0517896122796864,1.0420098753797786
19.84,1.0369823185712554,1.0476379449253022,1.056366783354928,1.04854177109806,1.0509496724315703,1.042706816798469
19.86,1.0369384075960557,1.048255695110564,1.0556541832097799,1.0488230333623711,1.051598141888603,1.0419158460122127
19.88,1.0368782034099668,1.0473911112108123,1.0563717834219424,1.0491539240418797,1.0507800570822639,1.0426102280127214
19.900000000000002,1.036820600362569,1.048000703355898,1.0556638873732562,1.0494344762389427,1.0514490816478923,1.0418165582010275
19.92,1.0367461348677918,1.0471288551307414,1.0563864652930937,1.0497652075528543,1.050651161801938,1.042507482533168
19.94,1.0366747212734149,1.0477311442212258,1.0556841165633373,1.050046020030911,1.0513390947706083,1.0417102103200895
19.96,1.0365859406619533,1.046852924335842,1.0564125203426715,1.0503774947310491,1.050559639520729,1.0423967875873412
19.98,1.036500700573975,1.0474488243057163,1.0557165447427685,1.0506593891474738,1.0512648213194344,1.0415950270902181
20.0,1.036397654876786,1.0465651785927979,1.0564516028787485,1.0509923606944245,1.0505021233276348,1.0422763868091958
20.02,1.0362986747302596,1.0471556556580532,1.0557627995835128,1.051276012766622,1.0512228851552288,1.0414692792859097
20.04,1.0361815172769762,1.046267576156436,1.056505311794939,1.0516110883170182,1.0504752340778596,1.0421445795563582
20.06,1.036068984998197,1.0468536417337786,1.0558244446440157,1.051897030993115,1.049808412108292,1.0427327927021879
20.080000000000002,1.0359519839343452,1.0459621593682848,1.0565751732725581,1.052220662008399,1.0491160550605632,1.0433592735354351
20.1,1.0358947669832146,1.0464897280725216,1.0559028225007523,1.052495983656256,1.0485028442422633,1.0438991617245783
20.12,1.035774585919037,1.045598486931665,1.056661663853334,1.0528098723487833,1.0478613161297103,1.0444793819970577
20.14,1.0357133188533059,1.0461273169130108,1.0559977335443462,1.0530761439617862,1.0472973588319783,1.0449734350751592
20.16,1.035589321836384,1.0452374529558437,1.0567652012182296,1.0533817336670133,1.0467024106751643,1.0455091868269513
20.18,1.0355234761163743,1.0457686505489798,1.056110168129899,1.0536402828158815,1.046183555063751,1.0459591745047003
20.2,1.0353952090735126,1.044881293441298,1.0568867466634884,1.0539387846234525,1.04563113336501,1.0464521400128248
20.22,1.035324430481733,1.0454159597010264,1.0562410520260546,1.0541907151578807,1.0451534200182362,1.0468597297946554
20.240000000000002,1.0351916103869616,1.04453222730067,1.0570271870256416,1.0544831214356636,1.0446396603219767,1.0473115007086724
20.26,1.0351157082758533,1.0450714522576905,1.0563912273818337,1.054729326829106,1.0441993162349439,1.047678276200159
20.28,1.0349782122211435,1.044192444795754,1.057187316633499,1.053622352618961,1.0451146098093855,1.0480903711008436
20.3,1.0348971486658805,1.044737301437847,1.0565474955263516,1.0539052585890536,1.0446663141021708,1.0484317888582826
20.32,1.0347551422078662,1.0438639562929362,1.0573406462334183,1.0528334421181127,1.0455732164230234,1.0488189039042284
20.34,1.0346692883262296,1.0444152269155957,1.0566986031278425,1.0531508406936836,1.0451162756797872,1.0491350724364477
20.36,1.0345231814566151,1.0435483451146477,1.057490393173136,1.0521119711670135,1.0460140890462943,1.0494973272218795
20.38,1.0344329972054647,1.044106824371235,1.0568475893833198,1.052461673157616,1.0455477951191305,1.0497884279428202
20.400000000000002,1.0342832870711405,1.0432472104384036,1.0576394206838318,1.051453560112369,1.046435809802543,1.050126019071298
20.42,1.0341893147378265,1.0438136943951664,1.0569971430401683,1.0518333945740679,1.0459594508562011,1.0503923095761563
20.44,1.0340365787243924,1.0429621458065856,1.0577902450823224,1.0508538679124126,1.0468369561029878,1.0507055135508852
20.46,1.0339394359174143,1.043537421502664,1.0571496098190536,1.0512616824982146,1.0463498272991578,1.0509473301430816
20.48,1.0337843242615978,1.0426947186763948,1.0579450434335975,1.0503085933617817,1.0472161219610978,1.0512365054851163
20.5,1.0336846964670716,1.0432795542178277,1.0573070003325824,1.0507422555013344,1.0467175357295768,1.051454264931193
20.52,1.033527924466389,1.0424464510657363,1.0581056617439435,1.0498134779298591,1.0475719384668527,1.051719853506805
20.54,1.033426557238105,1.0430415862799656,1.0574709985658115,1.0502708767805733,1.0470612343100218,1.0519140540051088
20.56,1.033268897127009,1.0422188013456777,1.0582736237466321,1.0493643100949368,1.047903093312814,1.0521565815525176
20.580000000000002,1.0331665879784042,1.0428249390205209,1.057642970976485,1.0498433592040013,1.0473796470898726,1.0523278029103027
20.6,1.0330088605402903,1.0420131472249619,1.0584501403339912,1.048956931051194,1.0482083492643737,1.0525478787647753
20.62,1.0329064506064765,1.042630944953509,1.057768100019329,1.0495114479105843,1.0476715819027251,1.0526967817869635
20.64,1.0327495165904006,1.0418302120162148,1.058582549769329,1.0486408107867575,1.0484871202049297,1.0528950978119545
20.66,1.0326478765483191,1.042459750546077,1.0579085070855863,1.0492097145899848,1.0479370299094013,1.0530224285002179
20.68,1.0324926173172724,1.041670718153921,1.058730295893777,1.0483530904533986,1.0487388174721195,1.0531997678890974
20.7,1.0323926403783403,1.042312615177876,1.0580641809335254,1.0489346505551955,1.0481748664372095,1.0533063536974394
20.72,1.032239961868009,1.0415358524187806,1.058893243405902,1.0480902868928972,1.0490184493087735,1.053407513285224
20.740000000000002,1.0321420012870233,1.042190652072672,1.0582348684794067,1.0486833562994664,1.0484367397198078,1.05349768932121
20.76,1.0319923103222115,1.0414266448649354,1.0590710263471304,1.0478500464179,1.0492632661241121,1.0535820131032978
20.78,1.0318973692955196,1.0420948022473406,1.0584201024421205,1.0484528689974715,1.0486636723250742,1.0536564918720597
20.8,1.0317516688840258,1.0413439507141615,1.0592630688620426,1.0476288536246054,1.049472989702062,1.0537247753926875
20.82,1.031660744943578,1.0420258403266132,1.0586191992662868,1.0482397170655644,1.0488554481000083,1.0537843574775358
20.84,1.0315200283566737,1.0412884609589095,1.0594685794226892,1.04742328754336,1.0496474694193108,1.0538374814786433
20.86,1.0314341055652796,1.0419843728029718,1.0588312667492943,1.0480405288937238,1.0490119841301802,1.0538830490381361
20.88,1.0312993484697588,1.041260695150489,1.0596865650064577,1.0472300326514197,1.0497866932992874,1.0539219726021738
20.900000000000002,1.0312193897633315,1.041970831512496,1.0590552185952724,1.0478520440345758,1.049133340894426,1.0539544823794849
20.92,1.0310915425340206,1.0412609955653402,1.0599158460304405,1.0470458901851578,1.049890797260387,1.0539802356042403
20.94,1.0310184822630934,1.0419854684927667,1.0592897897103342,1.0476711246119117,1.0492197305977573,1.0540007115037229
20.96,1.0308984625269222,1.0412895227549095,1.060155072010685,1.0468677895919742,1.0499600725280782,1.0540143877670172
20.98,1.0308331992461306,1.0420283522266702,1.0595335522027094,1.0474947667885561,1.0492715236593817,1.0540239130561382
21.0,1.0307218847052102,1.0413462524812949,1.0604027379049796,1.0466927999618254,1.049994971195236,1.05402666093104
21.02,1.0306652742558011,1.0420993652725294,1.0597849320415484,1.0473201121338387,1.0492892533476876,1.054026370128181
21.04,1.030563495833303,1.0414309740373437,1.060657201087947,1.0465181412794762,1.0499961099301787,1.0540193850113366
21.06,1.030516344760213,1.0421982032774557,1.060042226318246,1.0471444587328786,1.0492736185693294,1.054010455521463
21.080000000000002,1.0304248801092677,1.0415432899462778,1.0609166988972318,1.0463411953413773,1.0499642718472346,1.0539949710381968
21.1,1.0303323092227668,1.042380005595212,1.0603036210441488,1.0469652718834839,1.049225484834868,1.0539786145991066
21.12,1.0302546310983556,1.0417354935387688,1.06117992217028,1.0461595161853865,1.049900406569961,1.0539553376168354
21.14,1.0301765758115793,1.04258209722979,1.0605682821394375,1.046780199778476,1.0491458778844613,1.0539322743358426
21.16,1.0301131064691051,1.0419478036290297,1.0614453550429253,1.0459708559901655,1.0498056124145956,1.0539025736337653
21.18,1.0300499239111764,1.0428041177354048,1.0608340627933455,1.0465870917850122,1.0490359722877374,1.0538741386669095
21.2,1.0300010284461414,1.0421797580842052,1.0617108272647693,1.0457731595818545,1.0496811475249501,1.0538393862776658
21.22,1.0299530185855739,1.0430455019942155,1.0610987775462646,1.046383988288964,1.0488971059822925,1.0538069147822755
21.240000000000002,1.0299189994224567,1.0424306937198882,1.061974138852153,1.0455645669175055,1.0495284304834867,1.0537684777840965
21.26,1.029886399841001,1.0433054875994614,1.061360220098929,1.0461691289065778,1.0487307738870992,1.0537332968465183
21.28,1.0298674918382316,1.0426997542168492,1.062233078001226,1.045343420741327,1.0493490331875401,1.0536925291944126
21.3,1.0298504731186089,1.043583123313459,1.0616161812811118,1.045940959564632,1.048538620078073,1.0536559498237015
21.32,1.0298468393004754,1.0429858991054601,1.0624854390979248,1.0451082730616266,1.0491446723342088,1.053614184279891
21.34,1.029845501037783,1.0438772785854749,1.0618644670533834,1.0456981383552018,1.0483224286226696,1.053577493525074
21.36,1.02985722896238,1.0432879137988091,1.0627290406957377,1.0448578903611716,1.0489171996159514,1.0535360337455348
21.38,1.0298715964073017,1.0441866541062363,1.0621029164105271,1.0454395400846936,1.0480841131801333,1.0535004869906952
21.400000000000002,1.02989869517794,1.0436044206470523,1.0629617433278027,1.044591257467838,1.048668590737835,1.053460599821119
21.42,1.0299287165182716,1.0445097933672036,1.062329419051629,1.045164259451293,1.0478257054821905,1.0534274133089987
21.44,1.0299711144441266,1.043933890976679,1.0631814670169275,1.0443075800272412,1.0484009333747784,1.0533903213398337
21.46,1.0300166587295367,1.0448450951836796,1.0625419326794945,1.0448716128002946,1.0475493428155307,1.0533606649710499
21.48,1.0300742016396278,1.0442746580692153,1.06338620834552,1.0440062855347145,1.0481164141929273,1.0533275393975812
21.5,1.03013505735291,1.0451908271314807,1.0627384997912672,1.0445611384226139,1.0472572546324062,1.0533025298489094
21.52,1.0302075075657946,1.0446249310243516,1.063574056947422,1.043687022899971,1.0478173050633854,1.053274483678662
21.54,1.030283381842152,1.0455451398373372,1.0629172638229039,1.0442325953779317,1.0469517484189683,1.0532551778802923
21.56,1.0303704177918946,1.0449828094429,1.0637432112852707,1.0433496605339565,1.0475059485991176,1.053233259526447
21.580000000000002,1.0304609362859873,1.0459060820534591,1.063076484512675,1.0438859608400346,1.0466351949528114,1.0532206485346192
21.6,1.030562152803009,1.0453462988552276,1.0638919935803504,1.042994282963491,1.0471847431468841,1.053205835830624
21.62,1.030666860201478,1.0462716164370236,1.0632145523530299,1.0435214259778833,1.0463100130814578,1.053200839128714
21.64,1.0307817694447903,1.0457133268111727,1.0640188637669878,1.0426211859949783,1.04685612736568,1.0531940337959782
21.66,1.0309001306198289,1.0466396359457852,1.0633853494174885,1.0430840429900439,1.0459786541525293,1.0531974940539102
21.68,1.0310281636548118,1.0460823121954896,1.0627842341930451,1.0435690694092576,1.0465220110757372,1.0531995166512453
21.7,1.0311595709705208,1.0469951418589107,1.0621222308866045,1.0440397693066181,1.0456564047132435,1.0532121894436883
21.72,1.0312999514421226,1.0464238529426126,1.0629408117637056,1.0430847163177723,1.0462120715508314,1.0532239031625406
21.740000000000002,1.0314434533867434,1.0473367932723816,1.0623191099030125,1.043494323217657,1.0453449010758407,1.053246726323951
21.76,1.0315953492531036,1.0467655051010272,1.0617281833432808,1.043928351934609,1.0458990330406872,1.0532688845068796
21.78,1.031750230090103,1.04766394977501,1.0610746278272722,1.0443490974757583,1.0450450038315438,1.0533023981798981
21.8,1.031912754218994,1.047077615383,1.06190067059919,1.0433458653017382,1.0456127583847898,1.0533356432918746
21.82,1.032077956501078,1.0479750548636817,1.061284457821996,1.0437087689125306,1.044758501593857,1.0533805674864434
21.84,1.032250169398891,1.0473875606011671,1.0606977762916359,1.0440982811570667,1.0453260897578251,1.0534254299730015
21.86,1.032424875419202,1.0482693065422695,1.0601025303120244,1.0444201519939453,1.0444863578024042,1.0534820851097417
21.88,1.0326057874206724,1.0476660961470605,1.0595351512732547,1.044770865096778,1.045068424145064,1.0535389830967563
21.900000000000002,1.0327888486054717,1.048532179050754,1.0589585065837142,1.0450546534056766,1.045647795270926,1.0522033242630435
21.92,1.0329632516467329,1.0479132556441222,1.058408214319008,1.045383478693683,1.0462023393106255,1.0523147675654143
21.94,1.033140162661058,1.0487635035114966,1.0578481896863243,1.045645391532859,1.0467559512541404,1.051032108533708
21.96,1.0333082397002065,1.048128549289448,1.0573132741343862,1.0459537519124968,1.0472858508799365,1.0511956412631132
21.98,1.0334791202909939,1.0489626360759532,1.056768230166207,1.046195277010952,1.047816510002904,1.049963533632576
22.0,1.0336409214859485,1.048311338968234,1.0562471661868509,1.0464846355767232,1.0483244855301457,1.050176759431684
22.02,1.033805765937537,1.0491289464520461,1.0557156488708683,1.046707296296061,1.0488348398606138,1.0489928097624595
22.04,1.0339612211361588,1.0484610095486286,1.0552070916425098,1.04697914856742,1.0493234541424084,1.049253382142461
22.06,1.0341199106019938,1.0492618367681925,1.0546878273866636,1.047184495912421,1.0498159933580185,1.0481152431522966
22.080000000000002,1.0342688418524104,1.0485769873295365,1.0555883166309439,1.0460426524696098,1.0502876518296071,1.048420857067478
22.1,1.0344211566956973,1.0493747347313342,1.0550383190424455,1.0462741251154624,1.0507507515564423,1.0473262200382043
22.12,1.0345634304869038,1.0486860016395814,1.0559092713468718,1.0451577056806878,1.0511944329170748,1.0476744651084666
22.14,1.034709330565922,1.049479069050557,1.0553303171348318,1.0454141807110924,1.051631624006269,1.0466207857109138
22.16,1.0348448373415295,1.048784950661601,1.0561734530862879,1.0443221727074343,1.052050720494209,1.0470091728885247
22.18,1.0349841643447424,1.049571891107691,1.0555672999766417,1.0446027115465162,1.0524652646109316,1.0459939755930638
22.2,1.0351126844853513,1.0488710398186116,1.0563843264119983,1.0435342728780315,1.052862904958462,1.0464200786271314
22.22,1.035245178729264,1.049650558211991,1.0557527187943165,1.0438381001379105,1.0532578034333904,1.0454409478727142
22.240000000000002,1.035366399245231,1.0489417789211088,1.0565453338683353,1.0427925385873527,1.0536368615204348,1.0459023950371222
22.26,1.0354917159130526,1.0497127307628433,1.0558900069704034,1.0431190219116828,1.0540148637374014,1.0449569678842014
22.28,1.0356621316737953,1.048994979285708,1.0566599037924709,1.0420957755437161,1.0543779668227042,1.0453945500611914
22.3,1.0357765769331166,1.0497569372966753,1.0559825864899333,1.0424444064320593,1.0547410102742822,1.0444837897535195
22.32,1.035936679878187,1.0490298428928648,1.0567314611075993,1.0414430193084927,1.0550900226195696,1.0449542813728727
22.34,1.0360400590894483,1.0497818832374177,1.0560338882235465,1.0418133841692727,1.0554404527671783,1.0440756396927227
22.36,1.0361895761852833,1.0490446262753865,1.0567634390305232,1.040833490416807,1.0557776036894793,1.0445765715821067
22.38,1.036281635498525,1.0497859790544395,1.056047338899906,1.0412252661474457,1.0561175292076317,1.0437275583716394
22.400000000000002,1.0364202439306116,1.0490378926535702,1.0567592606854304,1.0416591488543294,1.0550522470538355,1.04425651400181
22.42,1.036500685048118,1.0497679390135541,1.0560402796908788,1.0420304054772915,1.0554252079112187,1.043420790038525
22.44,1.036627887864999,1.0490086447706188,1.0567494829824655,1.0424448168012446,1.0543922927135974,1.043962182046661
22.46,1.0366961151329952,1.0497271808224227,1.0560279730647038,1.0427981068795034,1.0547972058908115,1.0431387253891495
22.48,1.0368112874772302,1.0489565524269215,1.0567348383963164,1.0431955583434926,1.053795531717406,1.0436915388182193
22.5,1.0368667301747663,1.0496634764666872,1.0560112537765747,1.0435332903161336,1.0542312896272066,1.0428792668182183
22.52,1.0369692782459008,1.0488814896747705,1.0567162612439975,1.0439161471318619,1.0532597040996692,1.0434424267833855
22.54,1.0370113985565141,1.04957680276621,1.0559911466772043,1.0442405843899403,1.0537251696931071,1.0426402050966108
22.56,1.037100767471995,1.0487835352792967,1.0566948642391099,1.044611064477895,1.052726310587319,1.0432687651239707
22.580000000000002,1.0371296298964627,1.0494673409317503,1.0559688432898922,1.0449237635138844,1.0532223076246896,1.042473421922907
22.6,1.0372058413923209,1.0486629770062086,1.0566719094938906,1.0452834064100478,1.0522540086645424,1.043107164212576
22.62,1.0372209261033856,1.0493354907093373,1.0559456621424381,1.0455864082627024,1.0527791379410998,1.0423176820206232
22.64,1.0372834582637203,1.0485203177775375,1.0566487760191405,1.0459372016527928,1.0518399185539566,1.0429556349124387
22.66,1.0372843071547337,1.0491818522188554,1.0559230398445134,1.0462323928804587,1.0523927546770366,1.0421709604039888
22.68,1.0373327049474739,1.0483562522381007,1.0566269553847327,1.0465761680595622,1.0514811107290858,1.0428121158206314
22.7,1.0373189273143155,1.0490072146786806,1.0559025139333347,1.046865280908976,1.0520602006443114,1.042031169699968
22.72,1.037352808027035,1.0481716608938587,1.056608028532045,1.0472037130194387,1.0511746035192535,1.0426744931879552
22.740000000000002,1.03732408570227,1.048812549739572,1.0558856999221522,1.0474883258154928,1.0517784659450657,1.0418961800550335
22.76,1.0373431437947205,1.047967602679929,1.056593643060915,1.047822934337197,1.0509173625062669,1.0425406208005579
22.78,1.0372992356796544,1.0485990032972294,1.0558742688667868,1.0481044721376058,1.0515444882412883,1.0417638389570216
22.8,1.0373032470012742,1.0477453060601114,1.056585491077917,1.0484366216725458,1.0507063016395322,1.0424083397282056
22.82,1.0372439929483204,1.048367885890283,1.0558699255356674,1.0487163572268396,1.0513551547054905,1.0416319908729867
22.84,1.0372328182760941,1.0475061587690753,1.056585287690069,1.04904725861555,1.0505382859925787,1.0422754978362179
22.86,1.0371581422811704,1.0481206617990517,1.0558743872657297,1.049326313663605,1.051207305573339,1.0414984965966891
22.88,1.03713173014091,1.0472516963162963,1.0565947502244923,1.0496570254668136,1.0504101360795306,1.0421399689515431
22.900000000000002,1.0370416428133165,1.04785893696767,1.0558893635826199,1.0499363724081547,1.0510977392142655,1.041361252193558
22.92,1.036943445653982,1.0469835893773167,1.0566155782504094,1.0502678027831067,1.0503186336449524,1.042056257469819
22.94,1.0368409897168818,1.0475838808491658,1.055916536659293,1.0505482667444008,1.0510237844097785,1.0412718488000674
22.96,1.0367295913478827,1.0467025405001456,1.056649428833263,1.0508811813984857,1.0502616193413308,1.0419609457584775
22.98,1.0366147262337932,1.0472968875011386,1.0559575263178234,1.0511634534466654,1.050982631528262,1.0411700821519037
23.0,1.0364901690185135,1.046410584861312,1.0566978892349297,1.0514984767738431,1.050235684362355,1.0418525029286325
23.02,1.0363629642760293,1.047000034393844,1.0560138866450752,1.051783104156016,1.049571834528718,1.0424534831799042
23.04,1.036239388726578,1.046109836039525,1.0567624783409537,1.05210672826416,1.0488802682959253,1.0430866075124434
23.06,1.036113303714884,1.0466956099958786,1.056086955131424,1.0523808359411115,1.0482700294790537,1.0436385729172353
23.080000000000002,1.0359895960584822,1.0458028797090912,1.0568442219978558,1.052694773836283,1.0476293795049714,1.0442244560729017
23.1,1.0358635989902083,1.0463863345842241,1.0561776015683886,1.052959946580376,1.0470683926307018,1.044729432825686
23.12,1.0357388627651396,1.0454924151443556,1.0569439811387085,1.0532656622675804,1.0464743999057102,1.0452699859580918
23.14,1.0356121318286817,1.0460748877555979,1.0562866703137597,1.053523244800472,1.0459585075981943,1.0457298648828806
23.16,1.035485675011616,1.045181097893992,1.057062579527288,1.0538219672826483,1.0454071105731528,1.0462268768908891
23.18,1.0354128074453464,1.0457086801895887,1.0564149575733546,1.0540730780571008,1.0449323494952127,1.046643434418984
23.2,1.0352817824637404,1.0448186574383893,1.0572002307026713,1.054365815085504,1.0444196772237482,1.047099144265533
23.22,1.0352039235895785,1.0453510508606458,1.0565621221144783,1.0546113543254456,1.0439822772169853,1.0474745790724536
23.240000000000002,1.0350681818502698,1.0444658817743067,1.0573571805359712,1.0535028088671328,1.0449007408015145,1.0478905133503913
23.26,1.0349852631732581,1.0450041422313046,1.056714993775316,1.0537852630950921,1.044455328540864,1.0482403163637515
23.28,1.0348449471305665,1.044124752473909,1.0575069485601585,1.0527120474846317,1.045365415826602,1.0486311957037184
23.3,1.0347573121874714,1.0446696470331371,1.0568623494059535,1.053029205263454,1.0449113083179253,1.0489554849716445
23.32,1.0346128112694473,1.0437968278036314,1.0576528026875693,1.0519891067057834,1.0458123286528234,1.0493214300603313
23.34,1.0345208949638576,1.0443491380663563,1.0570072778839354,1.0523387755344673,1.0453488265032898,1.049620394227681
23.36,1.0343726880729722,1.0434836860333494,1.0577976550466583,1.0513296015877134,1.0462400756513266,1.049961600787566
23.38,1.0342770101480445,1.0440441970577137,1.0571525159763417,1.051709607252075,1.045766474135298,1.0502355026101133
23.400000000000002,1.0341256587295684,1.0431869036813626,1.0579440691899222,1.0507291857545462,1.04664724529885,1.0505522445253377
23.42,1.0340268167272777,1.0437563934097998,1.0573004557609609,1.051137372571398,1.0461628450746678,1.0508014236354821
23.44,1.0338729573532586,1.0429080347987612,1.058094267747549,1.0501835524189773,1.0470324395555966,1.0510940553054438
23.46,1.0337716191272888,1.0434872640192672,1.057453152529451,1.050617784318515,1.0465365569804876,1.0513189302045767
23.48,1.0336159556651658,1.042648591350039,1.0582501405987605,1.0496884370351895,1.0473942944258217,1.05158788810461
23.5,1.0335128515159449,1.0432382942183498,1.0575564861158793,1.050202446548242,1.0468862714150355,1.051788957366135
23.52,1.0333561469518415,1.0424094670823816,1.0583597323408327,1.0492931419617226,1.0477320580392455,1.0520347608035634
23.54,1.0332520558765506,1.0430098185898036,1.0576732362126082,1.0498257923768382,1.0472117950602229,1.052212609063563
23.56,1.0330951132304065,1.0421915885760755,1.0584831180184346,1.0489346773365849,1.0480449392506588,1.052435870767425
23.580000000000002,1.032990856105224,1.042803316407928,1.0578040210375423,1.0494841629587164,1.0475117839387709,1.0525911667314052
23.6,1.0328345225052502,1.0419963770533627,1.058620778654511,1.048609401605489,1.0483316481022407,1.0527925792587338
23.62,1.0327309594371075,1.042620149754001,1.0579491898330795,1.0491739319521587,1.047785007612462,1.0529260685907778
23.64,1.0325761170482082,1.0418251300865302,1.0587729311207768,1.0483137103969615,1.0485910155628728,1.0531064029642367
23.66,1.0324741384220575,1.0424615506782886,1.058108832842977,1.0488915151815061,1.0480303634454482,1.0532189066093087
23.68,1.032321695333749,1.0416790093771748,1.0589395385445546,1.0480440466057137,1.0488220071571164,1.0533790101612766
23.7,1.0322222128478895,1.0423286095967392,1.0582827921454545,1.0486333811236626,1.0482468895669887,1.053471421898852
23.72,1.0320730939839813,1.0415590297853445,1.0591203215746794,1.047796911235144,1.0490237352460217,1.0536122153544165
23.740000000000002,1.0319770317336046,1.0422222649530077,1.0584706733447604,1.0483960620872552,1.0484337764421592,1.0536854986187993
23.76,1.0318321698434794,1.0414660496367723,1.059314770504925,1.0475688748642988,1.0491954698733132,1.0538079724567977
23.78,1.031740455509997,1.0421432941716753,1.0586718581158412,1.048176165946805,1.048590376969583,1.0538631564656846
23.8,1.0316007822984803,1.041400762331751,1.0595221582455985,1.047356589599095,1.0493926357329415,1.0539123789717202
23.82,1.0315137794451612,1.042092305924023,1.0588855175887326,1.0479709472972827,1.048768779038789,1.0539539778855982
23.84,1.0313797028766158,1.0413636836929832,1.059741559715064,1.0471578744164667,1.0495530865545568,1.0539893999238998
23.86,1.031298399615399,1.0420697175826819,1.0591106426917585,1.047777636885872,1.0489105965563033,1.054018313847572
23.88,1.0311708984318741,1.0413551373900125,1.059971875271363,1.0469694276296386,1.0496770579270782,1.0540409105296202
23.900000000000002,1.031096253502801,1.0420757645735195,1.0593460447271668,1.0475929968467954,1.049016135962946,1.0540581115663585
23.92,1.0309762728339122,1.041375269107213,1.0602118275405656,1.0467880813459218,1.0497649302420928,1.0540689261098803
23.94,1.0309092084750602,1.0421105022512174,1.059590365521657,1.0474139286849438,1.0490858518889468,1.054075450357761
23.96,1.0307976527355727,1.0414240429786494,1.0604599780478399,1.0466108124217968,1.0498172352013757,1.0540755857943518
23.98,1.030683469870437,1.0422293810032266,1.0598420943621654,1.0472374841966312,1.0491203527147492,1.0540725250323772
24.0,1.0305839235811072,1.041554090518424,1.0607152994290614,1.0464347532964344,1.0498346604295927,1.0540625799249679
24.02,1.0304826183727007,1.042370194883458,1.0601006574831184,1.0470608817295242,1.0491203986944253,1.0540505560163593
24.04,1.0303956625842683,1.0417060623586896,1.0609765159101956,1.0462572186335497,1.0498180361022404,1.0540318115906429
24.060000000000002,1.0303077514051904,1.0425329258935263,1.0603641273548683,1.0468815253890327,1.0490868949145176,1.0540120822224512
24.080000000000002,1.030233919532703,1.0418798366867168,1.0612416547683554,1.046075700943272,1.0497683503385815,1.053985844909958
24.1,1.0301598705407797,1.0427173469869064,1.0606304941878586,1.0466969961545118,1.049020910008539,1.0539596893009893
24.12,1.030099641878454,1.0420750848020641,1.0615086697942617,1.0458878744672782,1.0496867539212014,1.0539272823163266
24.14,1.0300398688142767,1.0429230265129452,1.0608976835516992,1.0465050616333713,1.0489236737880006,1.0538959928792921
24.16,1.0299936626123263,1.0422912761271286,1.0617754591168522,1.0456916045178828,1.0495745570863815,1.0538587477190158
24.18,1.0299485191597615,1.043149333801997,1.0611635743613292,1.0463036849611433,1.0487965732197502,1.0538236216756047
24.2,1.0299166892805869,1.0425276843569746,1.0620398833412952,1.0454849559014274,1.0494332246954716,1.0537828696038307
24.22,1.0298864640062841,1.043395445887771,1.0614260171208068,1.0460910327254214,1.0486411468237555,1.0537452006155463
24.240000000000002,1.029869294175223,1.0427833947411551,1.062299783887167,1.0452662003092956,1.049264369867875,1.0537022641988703
24.26,1.029854206061061,1.0436603553560515,1.0616828523080204,1.0458654818026867,1.0484590775779985,1.053663334073768
24.28,1.0298519057248305,1.0430573124830806,1.0625530014067217,1.0450338225716393,1.0490697461681924,1.0536195188251218
24.3,1.029852100305297,1.0439428793015455,1.061931928777315,1.0456256250094582,1.0482521844284367,1.0535805893575336
24.32,1.0298648011093254,1.0433481722348605,1.0627973941573532,1.0447865256820235,1.0488512384506103,1.0535371755454133
24.34,1.0298803472239715,1.0441847361207512,1.062228055297657,1.045370275482932,1.048022412511729,1.0534994805425446
24.36,1.029907530853442,1.0436012504612802,1.0630841544082974,1.0445238037653406,1.0486108524726563,1.0534577152185707
24.38,1.0299378967498232,1.0444475075141997,1.0625060677390903,1.0450995602060837,1.0477718278904211,1.053422447079968
24.400000000000002,1.0299796143661437,1.0438741103437361,1.0633520930736027,1.0442452439403258,1.0483507198114044,1.0533835256443735
24.42,1.0300247864459813,1.0447289738243177,1.062764523510367,1.0448125792044411,1.0475026144876232,1.0533518297068554
24.44,1.0300809954627097,1.044164490938251,1.063599780522429,1.0439500681575213,1.048073070630679,1.0533169014679973
24.46,1.030140868729995,1.0450268307019024,1.0630020150587307,1.0445086755912971,1.0472170422686213,1.0532898748290396
24.48,1.030211432688858,1.0444700522768815,1.0638258318085478,1.0436377400443284,1.047780214700607,1.0532600356603636
24.5,1.0302858108431603,1.0453387007332429,1.0632171886766646,1.0441874326660618,1.0469174541293922,1.0532387201310633
24.52,1.0303704998749896,1.0447883874638528,1.064028925049161,1.0433079613374205,1.0474745278973694,1.0532150055567917
24.54,1.0304590959835769,1.045662145992896,1.063408762417458,1.043848669672764,1.0466062520618138,1.0532003810510775
24.560000000000002,1.030557587858054,1.0451170356505446,1.064207818853991,1.0429606669748894,1.0471584380496122,1.0531837597924953
24.580000000000002,1.030660025609651,1.0459946814274501,1.063575543004031,1.04349243622048,1.046285882735509,1.0531767381824662
24.6,1.0307719073752128,1.0454534957908637,1.0643613686907436,1.042596018858239,1.0468344102709244,1.0531681061936027
24.62,1.030887722915604,1.0463337889678936,1.063716441619375,1.0431190053840365,1.045958822634739,1.0531695256579394
24.64,1.0310124931281608,1.0457952410708677,1.0644885420778736,1.0422143983104348,1.046504931915722,1.053169700676527
24.66,1.0311411374751431,1.0466769322606466,1.0638304884726546,1.0427288655189058,1.0456275628861347,1.0531803205661017
24.68,1.0312782090113632,1.0461397338991572,1.0645884325021315,1.0418163972714414,1.046172497292602,1.0531900372028906
24.7,1.0314190510435939,1.0470215719001734,1.063972154917498,1.0422674019639686,1.0452945939092606,1.0532105334450916
24.72,1.0315677544914341,1.0464849943989007,1.0633227964362957,1.042740283817644,1.0458390392033061,1.0532304388320044
24.740000000000002,1.031720090025149,1.0473523694069586,1.0626762184933678,1.0432000332112301,1.0449752016726672,1.0532613943702145
24.76,1.03187954937221,1.0468013196668706,1.0634434583934311,1.0422345970530644,1.0455342100386362,1.0532921726553737
24.78,1.0320423318164755,1.0476676586427387,1.062835608892002,1.0426343637543072,1.0446709966355838,1.0533343474384789
24.8,1.0322116173456624,1.0471159578074856,1.0621919923459844,1.0430584631392739,1.0452307083252528,1.0533765682159277
24.82,1.0323840382694127,1.047966576884305,1.0615510434385933,1.0434705441743946,1.04438278401053,1.053430320402351
24.84,1.0325621691670546,1.0473990773485857,1.062321995802722,1.0424593153186699,1.0449583109632883,1.0534844385792654
24.86,1.0327430830448774,1.0483038968075253,1.061660835193924,1.0428149249638343,1.0455163191001908,1.0521462480692345
24.88,1.0329155575982094,1.0477310579852475,1.0610215607526285,1.0432107022547603,1.0460517633722333,1.0522546652165072
24.900000000000002,1.0330912541395718,1.0486164305157553,1.0603830196667416,1.0435395501477467,1.046586026636186,1.050969026073584
24.92,1.0332582913853088,1.0480236555371873,1.059765183474985,1.0439102501795379,1.0470987019152806,1.0511292246872865
24.94,1.0334287823550272,1.0488895653953634,1.059147176440809,1.044214157517021,1.047611848852454,1.049893776618912
24.96,1.0335903297256714,1.0482768558609288,1.0585488129821412,1.0445615607926744,1.048104307635385,1.0501034401827856
24.98,1.0337555125653095,1.049123269339566,1.0579494712847604,1.0448423605908363,1.0485988244426296,1.0489158689564844
25.0,1.0339114077358027,1.048490616593269,1.0573688260367735,1.0451682573042733,1.0490734770078392,1.0491727225016285
25.02,1.0340710767187482,1.0493174933174676,1.0567864906917652,1.0454277882930114,1.0495517062354702,1.0480307519231233
25.04,1.0342210589904455,1.04866488928162,1.0576178439489992,1.0443381411615071,1.0500108194593967,1.0483325543376179
25.060000000000002,1.0343749164908775,1.049486149144872,1.057009226612811,1.0446200536647572,1.0504610219043253,1.047233939361943
25.080000000000002,1.0345187778178282,1.048826847493265,1.057815740035208,1.0435521377179828,1.0508934666522605,1.0475783374630419
25.1,1.0346667132582776,1.0496411115578346,1.05718227651917,1.0438555663423343,1.0513190484871078,1.0465205910148605
25.12,1.034861040817471,1.0489738363736052,1.0579653266567268,1.0428086206957765,1.0517280998122642,1.0468483828237423
25.14,1.0349995090710076,1.0497804263401007,1.0573084584251662,1.0431328665150295,1.0521316430503245,1.0458324037779574
25.16,1.0351850459876133,1.0491045592755455,1.0580694380606224,1.0421062778291532,1.0525198010624468,1.046200184964206
25.18,1.0353140026002094,1.0499022870510761,1.057390626997714,1.042450777914251,1.052904281922974,1.0452233306933614
25.2,1.035490606413403,1.0492167492941131,1.0581309469581461,1.0414440628331312,1.0532743974435983,1.0456285442371953
25.22,1.0356099094222224,1.0500045689946234,1.0574316652243603,1.0418083841910812,1.0536425419245807,1.0446882374227182
25.240000000000002,1.0357773496494782,1.0493084241314028,1.0581527506373796,1.0408211768944557,1.0539972207507815,1.0451283851160886
25.26,1.03588677536951,1.0500854312919445,1.0574344823637825,1.041204998185953,1.0543515125093634,1.0442221074590328
25.28,1.0360447490796019,1.0493778841795804,1.0581377738707944,1.0402370326434678,1.054693123184255,1.0446947442218864
25.3,1.036144007337053,1.0501433147524026,1.0574020156554331,1.0406401268018586,1.0550358111544316,1.0438200314784076
25.32,1.0362921541646721,1.0494237101340609,1.0580889694643618,1.039691219942414,1.055366492506712,1.0443227609673655
25.34,1.0363809029608193,1.0501769391937428,1.0573372297742196,1.0401134376885617,1.0556995983345496,1.0434771992276932
25.36,1.0365188195422177,1.049444759982796,1.0580093166540996,1.0391834734793601,1.056021266863468,1.0440076706576447
25.38,1.0365966791255037,1.0501853000687627,1.057243114236183,1.0396247277282376,1.0563465922327693,1.0431888937881304
25.400000000000002,1.03672393292924,1.049440165239881,1.0579018175559716,1.040108146469267,1.0552664450975637,1.0437447998876628
25.42,1.036790499248611,1.0501676642779267,1.0571366232169443,1.0405266599206386,1.0556272957899961,1.0429365647254685
25.44,1.036906502752539,1.0494094655508552,1.0577966746364156,1.0409884511679797,1.0545256931073497,1.043558519964446
25.46,1.036961654070375,1.0501239718295423,1.0570326565486363,1.0413864046318668,1.0549227185840886,1.0427579015150772
25.48,1.037066239229668,1.0493528434992374,1.0576942445474042,1.0418287281885403,1.0538572708701979,1.0433859808445387
25.5,1.0371092645930748,1.0500545037723203,1.0569316735628471,1.0422087658845272,1.0542889107418536,1.0425921886249643
25.52,1.0372017146433934,1.049270671513482,1.0575950928123463,1.0426342091662997,1.0532579859598026,1.043225633084262
25.54,1.0372319595476434,1.0499597193567425,1.0568343418056454,1.0429988014156188,1.053722675876352,1.0424378091775837
25.560000000000002,1.037311619173328,1.0491634946136417,1.057499985850968,1.043409776613682,1.0527246385218139,1.0430757924061527
25.580000000000002,1.037328491453577,1.0498402507645777,1.0567415162742044,1.0437612211149667,1.0532208054348522,1.0422930221374087
25.6,1.0373947725605561,1.0490320303762284,1.0574098642012457,1.0441599664170238,1.0522540124590387,1.0429346611654944
25.62,1.0373977479377827,1.0496969020966063,1.0566542128842569,1.0445003895284821,1.052780070954962,1.042155983777496
25.64,1.037450135037263,1.0488771669768182,1.0573258162313834,1.0448889703862774,1.051842868733934,1.0428003498139105
25.66,1.037438762245702,1.0495306464811218,1.0565735824650284,1.0452203284769908,1.0523972183983852,1.0420247691123583
25.68,1.0374768173778772,1.0486999594008495,1.057249052417065,1.045600638980441,1.0514879407072455,1.0426708982961075
25.7,1.0374507228070537,1.0493426213992423,1.0565008853573141,1.0459247199076536,1.0520689644807315,1.04189739322759
25.72,1.0374740899403347,1.048501623923927,1.0571808802598892,1.04629848432006,1.0511859314306575,1.0425442973047154
25.740000000000002,1.0374329817314387,1.0491341223334354,1.056437466690297,1.0466169090838753,1.0517919949144101,1.04177183242613
25.76,1.0374413905797355,1.0482835309727339,1.0571226799221112,1.0469856835873657,1.0509335128094819,1.042418509308158
25.78,1.0373850621231373,1.0489065948549436,1.0563847324114306,1.047299908209193,1.0515629644792903,1.0416460451015919
25.8,1.0373783313311886,1.0480471964863964,1.0570758806511193,1.0476650829045764,1.0507273265486419,1.0422914892576638
25.82,1.0373066641196211,1.0486616252739198,1.0563441261414734,1.047976400570918,1.0513784988326824,1.0415179922409719
25.84,1.0372847037743829,1.0477942719056088,1.0570419380643354,1.0483392017714852,1.050563986791652,1.0421612048721216
25.86,1.0371976695743026,1.0484009299828596,1.0563171069237347,1.0486487452801865,1.051235197966165,1.041385657452338
25.88,1.0371604830087153,1.0475265329229,1.0570223123619504,1.049010238134588,1.050440084357893,1.0420256563935397
25.900000000000002,1.0370581453207954,1.0481263436292982,1.0563051279329683,1.0493189826764309,1.0511296412120814,1.0412470664080122
25.92,1.0370058301849043,1.0472458671320533,1.0570184475309465,1.0496800741515435,1.0503521924784942,1.0418828957016435
25.94,1.036888344973125,1.0478398062576515,1.0563096162052608,1.0499888404559907,1.051058393697207,1.041100305590351
25.96,1.0368210935562319,1.046954260717949,1.0570317515997036,1.050350282706659,1.0502968739254648,1.0417310446735781
25.98,1.0366887092337027,1.0475433495625834,1.0563319534459383,1.0506597405766103,1.0496201032776007,1.0423414510831503
26.0,1.0366207654306479,1.0466537843297843,1.0570635779979876,1.0510081576715515,1.0489146275009378,1.042924394248677
26.02,1.03648709330271,1.0472392217667255,1.0563733182035413,1.0513055584885453,1.0482920582541218,1.0434880571639435
26.04,1.036361037675783,1.0463469856231058,1.0571148003206108,1.0516427750743136,1.0476381523552074,1.0440815561305665
26.060000000000002,1.0362280862951139,1.0469295443937068,1.0564344340563763,1.0519298105871466,1.0470659823878175,1.0445974494594263
26.080000000000002,1.0361014051633848,1.0460354439594182,1.0571861336444115,1.0522574017640751,1.0464599002500867,1.045145022398209
26.1,1.0359682754962807,1.046616512170692,1.056515994305213,1.0525355283750495,1.0459338945042782,1.045615102328074
26.12,1.0358402094355448,1.045721921385331,1.0572782521977093,1.052854832351116,1.045371497188905,1.04611859462098
26.14,1.0357062062395332,1.0463028599279554,1.05661865267999,1.053125272482478,1.0448876200282764,1.046544695821353
26.16,1.0355761936548005,1.0454091209060508,1.0573917854707775,1.0534373986724164,1.0443649644040045,1.0470058440715366
26.18,1.0354408123974157,1.045991260051821,1.0567430076452937,1.0537011547867197,1.0439193726982354,1.047389699600102
26.2,1.0353084763851168,1.0450996794855225,1.0575272974784768,1.052608889560353,1.0448308135329238,1.0478101507371935
26.22,1.0351713902212918,1.0456843150147481,1.0568756022560681,1.0529086078638088,1.044378001108822,1.0481673907148479
26.240000000000002,1.0350366652567455,1.0447960205763902,1.0576580145441632,1.0518507398142098,1.045281874615,1.0485619923730778
26.26,1.0348979800950022,1.0453841413102472,1.057004954307586,1.052184295694922,1.0448210959765907,1.0488928397952375
26.28,1.0347610659792537,1.044500110105746,1.057786978244231,1.0511586957532713,1.045716649896832,1.049261807200252
26.3,1.034676141190097,1.0450375599354391,1.0571339370481119,1.0515239760586208,1.0452471480968208,1.0495665448504963
26.32,1.0345349371178028,1.0441611661806558,1.0579163448821574,1.0505285282592711,1.046133621314807,1.0499107094248923
26.34,1.0344456946627323,1.0447073173260806,1.0572640252133787,1.050923425675782,1.0456546439813363,1.0501902003202754
26.36,1.0343007763030883,1.04383933924411,1.0580480538067165,1.049956017109737,1.046531287512474,1.0505098332034593
26.38,1.0342078271882673,1.0443949482146626,1.057341745725655,1.0504342726411553,1.0460420954587037,1.0507644179511406
26.400000000000002,1.0340598455604955,1.043535593131045,1.0581308041316608,1.0494904665672768,1.0469087284083392,1.0510598693807691
26.42,1.0339638658278407,1.0441008781597099,1.0574305296523896,1.049990938860151,1.0464091230665875,1.0512899716129087
26.44,1.0338135289307795,1.0432509649410342,1.0582253054280142,1.0490688756354336,1.047264948892669,1.0515616833516557
26.46,1.033715253472332,1.043826716453359,1.0575316134781971,1.0495897523142637,1.046754161917292,1.0517678095441427
26.48,1.0335633309178602,1.042987023904912,1.0583326475880077,1.048687580231557,1.047598421424384,1.0520163031128655
26.5,1.0334635513041082,1.0435739912167425,1.0576459448289464,1.049227054364975,1.0470757281938485,1.0521990372709646
26.52,1.0333108656471799,1.0427452501920103,1.058453635602357,1.0483429333095424,1.0479077080400123,1.0524249143884843
26.54,1.033210421499506,1.0433441336926286,1.0577741907316889,1.0488992073899839,1.0473724357348537,1.0525849181309255
26.560000000000002,1.0330578393763055,1.0425270197897192,1.0585887982318345,1.048031313043394,1.048191476422898,1.0527888603154343
26.580000000000002,1.0329576095809267,1.0431384637118304,1.057916746700543,1.0486026034995404,1.0476430115493431,1.0529268721374025
26.6,1.0328060327222026,1.042333590577617,1.0587383975153728,1.0477491320326622,1.0484485148464477,1.0531096394852835
26.62,1.0327069265509756,1.0429581763749478,1.0580737466662988,1.0483336742151508,1.0478863101524096,1.0532264732198033
26.64,1.0325572827362268,1.0421660896348834,1.0589024391290045,1.0474928474085263,1.048677745885436,1.0533889023855083
26.66,1.0324602309379793,1.0428043299854106,1.0582450737605884,1.048088900985896,1.0481013266194954,1.0534854448902164
26.68,1.0323134649541839,1.0420255018142965,1.0590806836029019,1.0472589717124472,1.048878238797454,1.053628446298303
26.7,1.0322194108781721,1.0426778352646378,1.0584303719582282,1.0478648264109,1.048287208265987,1.0537056544016619
26.72,1.0320764755443275,1.041912659611124,1.0592726583962664,1.047044084412906,1.0490492204860833,1.0538302087288791
26.740000000000002,1.031986366354741,1.0425794458752138,1.0586290585736764,1.0476580660305337,1.0484432648691335,1.053889105476288
26.76,1.0318482136706535,1.0418282343504948,1.0594776708220441,1.0468448439201554,1.0491900849684537,1.0539962594477836
26.78,1.0317075667096578,1.0425651752720229,1.05884033759953,1.0474653205436653,1.048568977360981,1.0540379296937292
26.8,1.0315777952933294,1.041825498331517,1.0596953752483937,1.0466579999541596,1.0493004012822156,1.0541282370699712
26.82,1.0314464804001826,1.042573843795057,1.0590642835275155,1.0472833938304964,1.0486639993925562,1.0541533062337791
26.84,1.0313258104481555,1.0418460429769343,1.0599251141158241,1.0464804221693078,1.0494358697333834,1.0541720477359808
26.86,1.0312039384390967,1.0426061326620797,1.0592995549524826,1.0471097732184904,1.0487806939538453,1.0541852139535912
26.88,1.0310925618266067,1.0418904417621113,1.0601654714635147,1.0463101709614926,1.0495346636757525,1.0541919974901086
26.900000000000002,1.0309808646304983,1.0426625013317947,1.0595446735199705,1.0469419405609637,1.0488609975107037,1.0541943296256555
26.92,1.0308795387199616,1.0419590477057852,1.0604149001573429,1.04614420503587,1.049597326672545,1.0541902888880816
26.94,1.0307787153844077,1.0427432011348932,1.059798024762108,1.0467769280206507,1.0489055297278884,1.0541829081496392
26.96,1.0306881586654981,1.0420520116952543,1.0606717189809918,1.0459796357076852,1.0496245571499871,1.0541692249801695
26.98,1.030598868073091,1.0428482812135946,1.0600578684985535,1.0466119259881466,1.0489150666761482,1.0541532967300524
27.0,1.030519753056405,1.0421692828818854,1.0609341295033956,1.0458137378394559,1.049617211222942,1.0541311926755033
27.02,1.0304426070912172,1.0429775895274802,1.0603223559879011,1.0464442938164278,1.0488905427433268,1.0541079180132336
27.04,1.0303755536744303,1.0423106102936763,1.0612002335113753,1.0456439603238936,1.0495763036928596,1.054078645683352
27.060000000000002,1.03031111086648,1.0431307750801126,1.060589547603386,1.0462715700260081,1.048833050736401,1.0540492528671983
27.080000000000002,1.0302566801996729,1.0424755456695092,1.0614680509239403,1.0454679359650467,1.0495030072573925,1.054014087164025
27.1,1.03020543987223,1.0433072913684498,1.060857430944858,1.046091481836552,1.0487438402212845,1.0539798229362116
27.12,1.0301641287461902,1.0426634475144285,1.061735538095649,1.0452834906173756,1.0493986499858687,1.0539400522200744
27.14,1.030126525688092,1.0435064010515624,1.0611239392901197,1.0459019538888725,1.0486243141616907,1.0539021730992486
27.16,1.0300987614667516,1.0428734863695488,1.0620006064078358,1.045088651451393,1.0492647111288997,1.0538590903551572
27.18,1.0300751611493797,1.0436703462419779,1.0614438058675988,1.0457011160308973,1.048476023931981,1.0538188539577524
27.2,1.030060728978776,1.0430514983588286,1.062314293974775,1.0448822225000023,1.0491028153435362,1.0537737480236684
27.22,1.030050903495091,1.043861107099568,1.0617518311867427,1.0454883981341507,1.0483006684653633,1.0537323987986706
27.240000000000002,1.0300501630042322,1.0432553839724992,1.0626153934086897,1.0446630899784841,1.0489147418072475,1.053686535008433
27.26,1.0300544061685157,1.0440768378084055,1.062046474131654,1.0452621962865614,1.0481000951839308,1.0536452976005188
27.28,1.0300676265708446,1.0434832394204532,1.062902348018064,1.0444297701081982,1.0487024008101846,1.0535999222518422
27.3,1.0300861431736559,1.0443155743040482,1.0623261722731678,1.045021146419025,1.047876271816393,1.053559999193296
27.32,1.030113501364588,1.0437330467419277,1.0631735902045816,1.0441810196813806,1.0484678181950544,1.0535163309920543
27.34,1.0301464055128882,1.0445752427123949,1.0625893623444125,1.044764125713481,1.0476312764869522,1.0534788944094566
27.36,1.030187984723872,1.0440026828319078,1.0634275617084872,1.0439158368475114,1.0482131248420608,1.0534381162257471
27.38,1.0302352987345664,1.0448536689559214,1.0628345002171076,1.0444902527518318,1.0473672866472683,1.0534042998728916
27.400000000000002,1.030291087755507,1.0442899295998005,1.0636627332955313,1.0436334606139868,1.0479405450636827,1.0533675508510782
27.42,1.0303527416131062,1.0451485894564068,1.0630600802601404,1.0441988863552698,1.0470865669866267,1.0533384425080365
27.44,1.0304226345926144,1.0445924851858712,1.0638776237659209,1.0433333690192743,1.047652384046196,1.0533068105697092
27.46,1.0304984659793703,1.04545766285586,1.0632646539603248,1.0438896230808483,1.0467914564584797,1.0532834448447028
27.48,1.0305822628098715,1.0449079761534232,1.0640708181649612,1.0430152759540037,1.0473510144771323,1.0532579596201943
27.5,1.0306720177143431,1.0457784826696734,1.0634468476853676,1.0435622933593232,1.046484354563101,1.0532413111877776
27.52,1.030769425006615,1.0452339705669027,1.0642409850761219,1.042679126622577,1.0470388624987432,1.0532229374086262
27.54,1.0308727589141387,1.046108590778263,1.0636053794711127,1.043216956275356,1.0461677070261821,1.0532139147145338
27.560000000000002,1.030983391563256,1.045567991858369,1.0643868928802158,1.0423250916546394,1.0467183931268984,1.0532035460962081
27.580000000000002,1.0310998712291841,1.0464454916556543,1.0637390747189008,1.0428538930075826,1.045843991011978,1.053202985556286
27.6,1.0312232545711189,1.0459075333770032,1.0645074248690425,1.0419535598919039,1.0463920952730366,1.0532014391974813
27.62,1.0313523603749342,1.0467866672258608,1.063846880694522,1.0424735989618599,1.0455157000071482,1.0532100999152612
27.64,1.0314879329301525,1.0462500735088955,1.064601593108442,1.0415651298911284,1.0460624665036926,1.0532181112372747
27.66,1.031629061805592,1.047129592230649,1.0639278797276326,1.0420767746457926,1.0451853285078627,1.0532366702620577
27.68,1.0317761786028836,1.0465930912473262,1.0646685509538703,1.0411606001982765,1.0457319976681587,1.0532548885090705
27.7,1.0319286475360534,1.047471749985554,1.0639813010195383,1.0416643153462966,1.044855356638255,1.0532839366538895
27.72,1.0320865840064912,1.0469340820873718,1.0647076041314887,1.0407409584619636,1.0454031575197913,1.0533129209724796
27.740000000000002,1.032249634090546,1.0478106483949752,1.0640065309777946,1.041237299684381,1.044528234822998,1.0533529592088915
27.76,1.032417590517913,1.0472705741130315,1.06471822030898,1.0403073694659328,1.0450783774509915,1.053393175322737
27.78,1.032590391549267,1.0481438360920405,1.0640583796052367,1.0407417195350117,1.044206368630876,1.0534446117671545
27.8,1.03276749805951,1.0476006966851008,1.0633633336583213,1.0411978656112755,1.0447594839047776,1.0534964292606013
27.82,1.0329491591740934,1.048456114154311,1.0626729464920392,1.0416426077356362,1.0453091816091964,1.0521552980143085
27.84,1.0331203119975412,1.0478949172944598,1.0633936078889983,1.0406771182120744,1.045838166995953,1.0522611847905596
27.86,1.033296281797484,1.0487458531313623,1.06274198164438,1.0410771819219207,1.0463515341692462,1.0509724745151932
27.88,1.0334617472519159,1.0481802553312425,1.0620530283367933,1.0415151253922803,1.0468451928141047,1.0511299580532507
27.900000000000002,1.0336323682543107,1.0490118923824978,1.0613689050495942,1.0419416272575281,1.0473394431436942,1.0498910710919611
27.92,1.0337922650504634,1.048426662385931,1.062094604214617,1.0409587023019364,1.0478153245905055,1.0500977486361323
27.94,1.0339574512480207,1.0492523023108715,1.0614477613194269,1.04134193983273,1.0482794121243053,1.0489064403442319
27.96,1.0341684217165126,1.0486612005415545,1.0607619833807371,1.0417644499270926,1.04872594116034,1.0491033104533498
27.98,1.0343248936465872,1.0495230345882165,1.0600804048714023,1.0421203693054926,1.049176147159213,1.0479604576086745
28.0,1.0345284629473892,1.048908732770118,1.0594176794961399,1.042516867893143,1.0496094356361387,1.0482041284366563
28.02,1.0346766887321497,1.0497481619785765,1.0587582080892108,1.0428471378311137,1.0500477928384058,1.0471073177101298
28.04,1.0348726329252178,1.049110889612681,1.0595099950582014,1.0418265383967924,1.0504697996016246,1.0473954515850687
28.060000000000002,1.0350123951255956,1.0499420299775133,1.058829158286706,1.0421751272057052,1.0508842900619746,1.0463423065220925
28.080000000000002,1.0352005500318089,1.0492952466951275,1.0595611459067535,1.0411722985591225,1.051283613495256,1.0466724524915167
28.1,1.035331823065326,1.0501169384252713,1.058860132252268,1.0415387113457353,1.05167734608888,1.0456603560021056
28.12,1.035512062434701,1.0494595955542045,1.0595734517208764,1.0405532477775703,1.0520569713137051,1.0460299783785298
28.14,1.0356347146333476,1.0502708062798005,1.0588534760271582,1.0409371240691643,1.0524328082145622,1.0450563779555533
28.16,1.0358068152377546,1.0496019833471544,1.0595492891468048,1.0399687418169643,1.0527954784545466,1.0454629991763618
28.18,1.0359206244012253,1.0504018086743852,1.0588115943801881,1.0403698375126922,1.053156042405848,1.0445253998052473
28.2,1.0360842814247362,1.0497207136498101,1.0594910948367886,1.0394183571869817,1.0535042661486171,1.0449665939326527
28.22,1.0361889499054961,1.050508377518399,1.0587369526311647,1.0398365273214898,1.0538519474494117,1.0440625523536249
28.240000000000002,1.036343791862723,1.0498143468089554,1.0594013660919783,1.038901857161517,1.0541880053578432,1.0445359398965692
28.26,1.036438961167969,1.0505892015655693,1.0586320761737655,1.0393370394813977,1.0545249686486817,1.0436630601422041
28.28,1.0365845643309863,1.0498816996825178,1.0592826592995088,1.0384191594411796,1.0548509203005303,1.0441663041248634
28.3,1.0366698292200511,1.0506432257937042,1.0584995478893227,1.0388713587959453,1.0551791112237894,1.0433222342567734
28.32,1.03680573152839,1.0499218446220753,1.0591375863564165,1.0379703054621254,1.0554406921159227,1.0439091470946564
28.34,1.0368812146501183,1.0506696499610255,1.0583420036448539,1.0384390187761996,1.0557638476643403,1.0430895724830487
28.36,1.0370074585052906,1.049934113183514,1.0589688036806315,1.038950906229525,1.054625143828474,1.0436988817521513
28.38,1.0370726305118674,1.0506679425607373,1.0581760745895163,1.0393945002173917,1.0549864080572535,1.0428877512428198
28.400000000000002,1.0371885098701497,1.0499182418941753,1.0588062188380798,1.0398823957933114,1.0538857451489965,1.043504195634874
28.42,1.0372425726629477,1.0506382305361583,1.0580163569686931,1.0403038062831413,1.054283523162241,1.0427008175664045
28.44,1.037347281507788,1.0498745847470807,1.0586498827121031,1.040770589919324,1.0532192414536896,1.0433237268395998
28.46,1.0373894894988163,1.0505809462381355,1.0578630282112167,1.0411725705817991,1.0536519445053658,1.042527328144253
28.48,1.0374822791664795,1.049803652242201,1.0585000959526472,1.0416209389753135,1.0526223897432145,1.0431559510997304
28.5,1.0375119452155226,1.050496680553103,1.0577165011735605,1.042006063145883,1.0530884289307547,1.0423656881607626
28.52,1.03759213028378,1.0497061146857536,1.0583573804276039,1.042438531457332,1.0520919467432368,1.042999203581879
28.54,1.037608631401417,1.0503861851432337,1.0575773958391776,1.0428091938520856,1.0525897278416896,1.042214173101983
28.560000000000002,1.0376755952972112,1.0495828033989607,1.0582224511671567,1.0432280973479156,1.0516246592616314,1.0428517007067106
28.580000000000002,1.0376783780326502,1.0502503726350039,1.057446511544252,1.0435865157457842,1.0521525786569095,1.042070950564987
28.6,1.037731578279295,1.0494347099188444,1.0580961888686309,1.0439940114486408,1.0512172567179212,1.0427115619462537
28.62,1.0377201637173372,1.0500903148445664,1.0573247997988249,1.044342228406018,1.051773698397941,1.0419341020148982
28.64,1.0377591367476007,1.0492629832849367,1.0579796130320966,1.044740296816584,1.0508664457608596,1.0425768315375086
28.66,1.0377331250450332,1.049907239139256,1.0572133377742068,1.045080181474368,1.0514497793231359,1.041801644423586
28.68,1.0377574905128486,1.049068925516452,1.0578738557980447,1.0454706284221444,1.0505689068894253,1.042445500040671
28.7,1.0377165649112303,1.0497025230448305,1.0571133025279869,1.0458038784594814,1.0511774865229673,1.04167155171309
28.72,1.0377260294418864,1.0488539853941514,1.057780136558292,1.0461883371344434,1.0503212929909345,1.0423155256598782
28.740000000000002,1.03766995970093,1.049477687217201,1.0570259460371823,1.0465164809181684,1.0509534573891384,1.0415417759169667
28.76,1.0376643200271443,1.0486197506698147,1.057699737409921,1.04689641413,1.0501202297075127,1.0421848552351936
28.78,1.0375929652306723,1.0492343869055096,1.0569525711081802,1.0472208131037781,1.0507743028671295,1.0414102679643165
28.8,1.0375721106700921,1.0483679388336054,1.0576339795197143,1.0475975158105624,1.0499623175388382,1.0420514448067744
28.82,1.0374854213646696,1.0489744020401206,1.0568945082294983,1.0479193671631026,1.0506366103980689,1.0412749979841265
28.84,1.0374493356027805,1.0481003865757141,1.0575842004635614,1.0482939693067397,1.0498441355849357,1.041913279645854
28.86,1.037347355237661,1.0486996260844856,1.0568530934299618,1.0486143089540199,1.0505369484513256,1.0411339750221318
28.88,1.037296117388803,1.047819038083292,1.0575517326016943,1.0489877786352964,1.0497622468279537,1.041768393642548
28.900000000000002,1.0371789830344784,1.0484120537937602,1.0568296472011898,1.0493074845475256,1.0504718725440316,1.0409852660585994
28.92,1.037112767962547,1.0475259323169093,1.0575378825465434,1.049680631569543,1.0497132048464262,1.0416148879376173
28.94,1.0369807102939936,1.04811376802554,1.0568254545389975,1.0500004274695038,1.0490407511025044,1.0422241957490468
28.96,1.0369137382916818,1.0472231894125112,1.057543911775845,1.0503599374990804,1.0483382074299283,1.0428063227705398
28.98,1.0367803450869668,1.0478070650455935,1.0568416064625126,1.0506671324366637,1.0477199817084606,1.0433691764393886
29.0,1.0367116125598455,1.0469134034840213,1.0575706108998473,1.05101487943646,1.0470690893881511,1.043905711411261
29.02,1.036575987985471,1.047494675101406,1.0568787476218116,1.0513112111307534,1.046500728710927,1.0444239566292162
29.04,1.0365046957652444,1.0465992850948407,1.0576186257209077,1.0516488110159148,1.0458972188920461,1.0449166706906325
29.060000000000002,1.0363661407105926,1.0471792908097548,1.0569375163911285,1.0519357684118835,1.045374559978711,1.0453920308775153
29.080000000000002,1.0362916824324948,1.046283504107893,1.0576885833123653,1.0522645933893129,1.044814359490475,1.045842584447045
29.1,1.0361496829865686,1.0468635606945371,1.057018520744185,1.0525434307662769,1.044333431170839,1.0462766808171793
29.12,1.0360153120080575,1.0459686826560546,1.057781069000665,1.0528646234045609,1.043812655726029,1.0467429643842188
29.14,1.035872396348749,1.0465495192327385,1.0571223163393102,1.0531363742369826,1.0433702358183232,1.0471344652034837
29.16,1.0357360047361963,1.0456563018835752,1.0578965999173857,1.0520507377671784,1.0442858364850407,1.0475598263902102
29.18,1.0355917935584003,1.0462392488208143,1.0572353697635368,1.0523581493134568,1.0438363415666478,1.0479244041567288
29.2,1.0354532701522114,1.0453488573428606,1.058008304161186,1.051306590998783,1.0447445582551398,1.048323726269406
29.22,1.0353078217543308,1.0459349356886607,1.0573461259504535,1.051647572210207,1.0442872307664341,1.0486616208094999
29.240000000000002,1.0351673251310771,1.0450483825146852,1.0581191747258551,1.0506279963683673,1.0451872978743877,1.0490351305652137
29.26,1.0350208117723003,1.0456386103907276,1.0574015911365602,1.0510562861614232,1.0447213691028634,1.0493466386157113
29.28,1.0348786103458008,1.0447563401767639,1.0581784002564203,1.0500642608131876,1.0456130706463378,1.049694624941077
29.3,1.0347313042345074,1.0453512004345533,1.0574656609109128,1.0505187367623479,1.0451382943123824,1.0499801105248812
29.32,1.0345877568739992,1.0444742731262204,1.058247157533772,1.0495523993869762,1.0460207807032051,1.0503029395554133
29.34,1.0344400229445563,1.0450748243205712,1.0575400544303668,1.050031245906341,1.045536323246495,1.050562836331255
29.36,1.0342955826233382,1.0442042642990526,1.0583270193219905,1.0490887341605282,1.0464087645966336,1.0508609421780433
29.38,1.0341478753486673,1.044811528069923,1.0576262009963262,1.049590133043036,1.045913819113299,1.0510957506083343
29.400000000000002,1.0340030794901367,1.0439483166390222,1.0584192710383422,1.0486695873590572,1.0467754143806343,1.0513696382723945
29.42,1.0338559332452402,1.0445632702153373,1.0577252454507597,1.0491917206956969,1.0462692094462716,1.05157992812628
29.44,1.0337113938760953,1.0437083384766639,1.0585249165878319,1.0482912875131698,1.0471191952193883,1.051830175506436
29.46,1.0335654131418401,1.0443319075720305,1.0578380544554071,1.0488323412357816,1.0466010033066553,1.0520165874678717
29.48,1.0334218069138554,1.0434861297227922,1.0586446850930478,1.047950176818809,1.047438662165618,1.0522438464654638
29.5,1.033277656381267,1.044119181857312,1.0579652236752197,1.0485083448170405,1.0469078075950782,1.05240709285367
29.52,1.0331357145229436,1.0432833689421157,1.0587790385375015,1.0476426196046085,1.0477324759868352,1.052612089585582
29.54,1.0329941091578572,1.0439267072215566,1.0581070858814217,1.0482161083635686,1.0471883423519712,1.05275295420321
29.560000000000002,1.0328546074164777,1.0431016013666785,1.0589281803349178,1.0473650117972446,1.0479994179215912,1.052936488342678
29.580000000000002,1.0327163025433164,1.043755958747444,1.0582637199836598,1.0479520454984903,1.0474414549319815,1.0530558254746945
29.6,1.032580051176489,1.0429422279032323,1.0590920648308269,1.047113791267714,1.048238403254334,1.0532187687469898
29.62,1.03244583263832,1.0436082619688845,1.0584349609944816,1.0477126172923825,1.0476661329449153,1.0533175013406015
29.64,1.0323136665122288,1.0428064951832159,1.0592704077364414,1.0468854489341561,1.0484484936057186,1.0534607952078252
29.66,1.032184340962104,1.043484783455707,1.0586204109228115,1.0474943437035835,1.0478615158648463,1.0535399122705347
29.68,1.032057109811233,1.0426954866989029,1.0594626974879875,1.0466765404901075,1.0486289078449942,1.0536645648463612
29.7,1.0319334951873493,1.0433865225052328,1.0588194505860704,1.0472938155760434,1.048026905219452,1.0537251181054383
29.72,1.0318120540877267,1.0426101150644016,1.0596682075174482,1.0464836986210364,1.0487790315423506,1.0538322003466227
29.740000000000002,1.031694970322076,1.043314303977063,1.05903125232318,1.047107707054824,1.048161773283637,1.0538753002188068
29.76,1.0315801704270624,1.0425511154355005,1.0598860094130285,1.046303645566886,1.0488984248916562,1.0539659414454519
29.78,1.031470430434166,1.0432687723028242,1.0592547935828027,1.0469327882747466,1.0482657702145841,1.0539927523704617
29.8,1.0313631100185896,1.0425190401178763,1.0601149869395656,1.0461332058843333,1.0489868290476463,1.0540681351715753
29.82,1.031261511007736,1.043250386698185,1.0594888713529056,1.046765938174233,1.0483387295794826,1.0540798703670429
29.84,1.0311624868628027,1.0425142543887769,1.0603538508806227,1.0459693192596538,1.0490441708361908,1.0541412249515396
29.86,1.0310698020138744,1.043259417600086,1.0597321173890761,1.046604157284289,1.0483806722420956,1.0541391406501646
29.88,1.030979861231967,1.0425369335529762,1.0606011546552039,1.0458090532216442,1.0491265176152336,1.0541317869025617
29.900000000000002,1.0308962730730897,1.043295944347798,1.0599830141900441,1.0464451389891423,1.048444325280693,1.0541206112988188
29.92,1.0308156517097808,1.0425870556631456,1.0608553162386356,1.0456506878278833,1.049172422480635,1.054104173259506
29.94,1.0307419412951573,1.0433598379920883,1.0602399277885743,1.0462865987965957,1.048472007751971,1.0540849935551995
29.96,1.030671419435457,1.0426643922756298,1.061114643963717,1.0454914286912564,1.0491828040908495,1.0540606187226764
29.98,1.0306083138399869,1.043450775917338,1.0605011106141378,1.046125829152845,1.0484647125340918,1.0540345651211869
30.0,1.030548612750887,1.0427685278345786,1.0613773355411005,1.0453286599381642,1.0491587319881797,1.0540034391266762
30.02,1.030496779237649,1.0435114886533015,1.0608214739745587,1.0459603059354707,1.048423583580853,1.0539716757977535
30.04,1.0304479881768192,1.0428458233251718,1.0616945345812214,1.0451605211964528,1.0491014267124426,1.0539350131874787
30.060000000000002,1.0304075101111536,1.0436043685210896,1.061136000453904,1.0457887837990336,1.048349920801253,1.0538987234931518
30.080000000000002,1.0303703010196452,1.0429545489916203,1.0620052197746475,1.0449852151367116,1.0490122744735624,1.0538577477833995
30.1,1.0303417902126188,1.043727969483867,1.0614432667239067,1.0456089674001965,1.0482451863782303,1.053818126980767
30.12,1.0303167514484244,1.0430931916329622,1.062307920976921,1.0448005597762626,1.0488928089848493,1.0537740743601667
30.14,1.0303007364035321,1.0438807088149362,1.061741765983923,1.0454187878471621,1.0481109816604561,1.0537323264695757
30.16,1.030288369363845,1.043260103382695,1.0626010952616554,1.0446046020494895,1.0487447007878181,1.0536864363340834
30.18,1.0302852921542744,1.0440608714138255,1.0620299291476962,1.0452164076412893,1.0479490419376163,1.0536437648848855
30.2,1.030286008383473,1.0434535067138622,1.0628831480513525,1.0443956222596371,1.0485697512261736,1.0535972705450887
30.22,1.0302962220163265,1.0442666154947946,1.0623061458813732,1.0450002246161052,1.0477612296558236,1.053554869515163
30.240000000000002,1.0303103408214502,1.04367150078991,1.063152454048402,1.0441721374760875,1.0483698849164318,1.0535089891273044
30.26,1.0303341071092413,1.0444959795944473,1.0625687853888945,1.0447688747721555,1.0475495261894379,1.0534680341254097
30.28,1.0303618537019952,1.0439120691052104,1.0634073778588053,1.0439329037833338,1.0481471408356278,1.0534239618946142
30.3,1.030399341659053,1.0447468908393374,1.06281621683425,1.0445212339217893,1.047316022293417,1.0533856016317384
30.32,1.0304408458406487,1.0441730883531057,1.0636462941953262,1.0436769173039533,1.04790366215369,1.0533444993328622
30.34,1.03049213061948,1.0450171744081518,1.0630468292850446,1.0442564180745744,1.0470629073667155,1.05330984742562
30.36,1.030547426022078,1.0444523384527393,1.0638676075424598,1.043403413934721,1.0476416849436474,1.0532728362839416
30.38,1.0306124884022383,1.0453045641161827,1.063259051058262,1.043973782510966,1.0467924576620256,1.0532429634299119
30.400000000000002,1.030681512298191,1.0447475136588797,1.0640697711629312,1.043111867752133,1.0473635259068983,1.0532111164005533
30.42,1.0307602387377015,1.0456067140426402,1.063451368347378,1.0436729195092234,1.0465070235804212,1.0531870429622217
30.44,1.0308428324252543,1.045056234671609,1.0642513053245688,1.0428019880609725,1.047071569253207,1.053161377443975
30.46,1.0309350156820862,1.0459212111137741,1.0636223430098952,1.0433536547078055,1.0462090161912405,1.0531440664747844
30.48,1.03103092545359,1.0453760616550896,1.0644108146272337,1.0424737150767336,1.0467682528761717,1.053125537490767
30.5,1.0311362657821421,1.0462455885471613,1.0637706293962155,1.0430160421026118,1.045900893117789,1.0531158882336662
30.52,1.0312451444781416,1.0457045080669687,1.0645470043122551,1.0421272142496063,1.0464560539644703,1.0531053821081446
30.54,1.0313632514029176,1.0465773400547895,1.0638949901044081,1.0426603576950004,1.045585143928415,1.0531042239940556
30.560000000000002,1.031484660552644,1.04603905519234,1.064658695441393,1.0417628692539886,1.046137474187459,1.0531025525517617
30.580000000000002,1.031615055218495,1.0469139346950815,1.0639943105508904,1.042287091822418,1.0452642751701493,1.0531106397225516
30.6,1.0317484677643185,1.0463771672687863,1.064744838838703,1.0413812736829158,1.0458150245908273,1.0531185350340353
30.62,1.0318905858595575,1.0472528322567274,1.0640676122542847,1.0418969402184501,1.0449407951787038,1.0531365414118632
30.64,1.0320353894597534,1.0467163070820402,1.0648045276967633,1.0409832215012509,1.0454912103340854,1.053154651105693
30.66,1.0321885847052372,1.0475914990505504,1.064114064738626,1.0414907938629137,1.0446171987941861,1.0531831660280728
30.68,1.0323440856060322,1.0470539519054218,1.0648370087584738,1.0405696963246633,1.0451685153967718,1.0532120491882235
30.7,1.0325076337998351,1.0479274239795364,1.0641329959725478,1.0410697276951977,1.0442959521066983,1.0532515736257704
30.72,1.0326730612640895,1.0473876096505692,1.06484169199677,1.0401418596032705,1.044849387374776,1.0532916972901107
30.740000000000002,1.032846164867717,1.048258134752027,1.0641239012729242,1.040634988275169,1.0439794773501179,1.0533426406616313
30.76,1.0330206761437388,1.0477148350923038,1.0648181587271095,1.039701037799234,1.044536222481999,1.053394376935201
30.78,1.0332024693919561,1.0485812140989195,1.064086450614505,1.0401879804855678,1.0436701380559974,1.0534570545326405
30.8,1.0333851552019175,1.0480332460269406,1.0647661681011524,1.0392487086563629,1.0442313508660235,1.0535206783271904
30.82,1.0335747097141545,1.0488943158527873,1.0640757284096365,1.0396750192693096,1.044775165632081,1.052190368301617
30.84,1.0338071384109244,1.048341091528644,1.0633490051035888,1.040137192317541,1.045299322591931,1.0522515572269566
30.86,1.033986763822219,1.0491828013420057,1.0626283912216148,1.0405886876912955,1.0458218008909226,1.050976862211528
30.88,1.0342103037449362,1.0486096658411772,1.063317948974289,1.0396294534178576,1.046326019411497,1.0510919157898295
30.900000000000002,1.0343802739903911,1.049445271697204,1.0626367048562881,1.0400365738231934,1.0468162921518245,1.0498701906606864
30.92,1.0345952176121294,1.0488659486126761,1.061917444808353,1.0404811147288138,1.0472891694296171,1.0500364119879968
30.94,1.034755947650957,1.0496806966822738,1.0612044827601859,1.0409151419737548,1.0477642371603004,1.0488648009521158
30.96,1.034962447650089,1.0490800398292193,1.0619007483962533,1.0399393989650696,1.048223108026446,1.0490795643125101
30.98,1.0351139299816712,1.0498873118318826,1.0612259383640295,1.0403308537301612,1.0486717045278873,1.047955568743955
31.0,1.0353120139603114,1.0492791814071998,1.0619028880161308,1.0393701410061116,1.0491047730098355,1.0482163097799972
31.02,1.035454411047047,1.0500782393984553,1.0612090358054975,1.0397767912289408,1.0495296283129658,1.0471372013866795
31.04,1.0356441344248917,1.0494613846196659,1.061867699306748,1.0388307254809401,1.0499400930918856,1.0474412702554545
31.060000000000002,1.0357774866044422,1.050307307068865,1.0610996101183794,1.0392522320329594,1.05034428152603,1.0464043898289104
31.080000000000002,1.035959348663567,1.0496773669154387,1.0617442893350424,1.0383200009560734,1.050735096337067,1.046749204972399
31.1,1.0360841031323578,1.0505106430649072,1.0609615180151808,1.0387556333008732,1.0511214442520966,1.045751965414171
31.12,1.0362578622252545,1.0498668805717277,1.0615930569213918,1.0378371769568489,1.0514953144170756,1.0461350160872875
31.14,1.0363737800212687,1.0506867724592472,1.0607965481103714,1.0382869043502192,1.0518664087924467,1.045174893446034
31.16,1.0365391151615722,1.0500285643076697,1.0614158437143777,1.0373822529144787,1.0522258107683644,1.0455937203131236
31.18,1.0366458839513153,1.0508344483785672,1.0606065909683986,1.0378461301296689,1.0525840117594685,1.0446682419921676
31.2,1.03680240934287,1.0501612860388554,1.061214592100483,1.0369553881938245,1.0529311994732282,1.0451204320303256
31.220000000000002,1.0368996576565628,1.0509526543200562,1.0603936360532236,1.0374335401008998,1.0532786466387616,1.0442271724100813
31.240000000000002,1.037046936780658,1.0502641447936418,1.0609913411539313,1.0365568717200375,1.0535595002689737,1.044766512462344
31.26,1.037134809340276,1.051040605638072,1.060159766737198,1.0370489178854785,1.0539001268400825,1.0439010807384805
31.28,1.0372728984290576,1.0503364773494046,1.0607482151363454,1.0361860024844933,1.0541755432057884,1.044466170574497
31.3,1.037350875451057,1.0510977664228398,1.0599071372171585,1.0366922354754777,1.054510887099296,1.043626405513757
31.32,1.037479209314188,1.0503778674580189,1.0604874066910064,1.0372420245254226,1.0533836297289765,1.0442151694619737
31.34,1.0375467586369869,1.051123834720427,1.0596519640265472,1.0377208964945819,1.0537568970487543,1.0433849562522892
31.36,1.0376646276931702,1.050388265707138,1.0602384498357589,1.0382444603725265,1.0526674379788596,1.0439820655921326
31.38,1.0377209481197713,1.0511191431025089,1.0594084614209063,1.0386990502651052,1.0530770318296345,1.0431606724416602
31.400000000000002,1.0378275426943153,1.050368223195845,1.06000100594762,1.0391994103360833,1.0520237128556256,1.043765412150097
31.42,1.0378718855981557,1.0510843128969802,1.0591764310562013,1.0396326064899686,1.0524680448025139,1.0429520263357668
31.44,1.0379664533660757,1.0503184314074159,1.0597750134273305,1.0401125926409405,1.0514492151927235,1.0435636011451004
31.46,1.0379981285317008,1.0510201085668363,1.0589559364247467,1.040527095182818,1.05192669862247,1.0427573398510148
31.48,1.0380799803261294,1.0502397269346337,1.0595606574770073,1.040989348076904,1.050940709212637,1.0433748851522748
31.5,1.0380983615821253,1.050927441327508,1.058747272930498,1.0413876711631032,1.051449753858457,1.0425748063178946
31.52,1.0381668769467738,1.0501330940175366,1.0593583404681484,1.0418346443850375,1.0504949522844433,1.0431973990776462
31.54,1.0381714075073707,1.0508073706178211,1.0585509385844176,1.0422191183637093,1.0510339598715914,1.042402512234676
31.560000000000002,1.0382260399110668,1.0499996649805574,1.059168652960354,1.0426530805301883,1.0501086868959832,1.0430291819014363
31.580000000000002,1.0382162373481805,1.050661103517161,1.0583676053821467,1.043025854094612,1.0506760478655846,1.0422384589719016
31.6,1.0382565189853317,1.0498407186670673,1.05899234543456,1.0434488909965127,1.049778634754119,1.0428681983419954
31.62,1.0382319797589221,1.0504899922122228,1.0581980914287685,1.0438119333928952,1.0503727260227302,1.0420805843640475
31.64,1.0382575258662676,1.0496576769797552,1.0588303008063065,1.0442259502300892,1.0495014929262423,1.0427123603709259
31.66,1.038217929347622,1.0502955296267458,1.0580433338764301,1.0445810535772582,1.0501206766380389,1.0419267841134912
31.68,1.0382284419747592,1.0494520996448573,1.058683507784937,1.044987777340923,1.0492739319349065,1.0425595484992034
31.7,1.0381735539046169,1.0500793433367104,1.0579043627403548,1.0453365591137729,1.0499165551623744,1.0417749329217567
31.720000000000002,1.0381688250834813,1.0492256773267643,1.0585530351437367,1.0457375411656953,1.0490925957152641,1.0424076327446445
31.740000000000002,1.0380985004147487,1.0498431879014183,1.057782275657415,1.0460814468890416,1.049756991062772,1.0416229052541917
31.76,1.0380784146813902,1.0489802232268746,1.058440006964223,1.0464780657823205,1.048954103341875,1.0422544931829032
31.78,1.037992599764469,1.0495889357475587,1.0576782136490739,1.0468183719769804,1.0496385904046126,1.0414685956368925
31.8,1.0379571359950241,1.0487176633065332,1.0583455789150538,1.0472118365577545,1.048855052427567,1.0420980399776538
31.82,1.0378558700723124,1.049318566748683,1.0575933379476474,1.0475496539760574,1.0495579400560149,1.0413099383788706
31.84,1.0378051026038833,1.0484400252785404,1.0582709156228356,1.047941006801385,1.0487920240923383,1.0419362327806039
31.86,1.0376885185888565,1.049034156646389,1.057528807941205,1.0482772839849344,1.0495116134098232,1.041144926608378
31.88,1.0376226176049834,1.0481494265148594,1.0582171691883469,1.0486674050875422,1.0487615893950275,1.0417670993888266
31.900000000000002,1.0374909421300902,1.0487378644619765,1.0574857602886538,1.0490029322758263,1.0480986109608847,1.0423691970621534
31.92,1.0374241272388827,1.047848061019888,1.0581854588977206,1.0493785696638793,1.0474045890984143,1.0429445012608012
31.94,1.0372909478623327,1.0484320583829536,1.0574651495221223,1.0497007149016555,1.0467956889493417,1.0435007475611804
31.96,1.0372222114491572,1.0475385928591177,1.058176444522073,1.0500638046247754,1.0461532056161877,1.044031048108275
31.98,1.0370866289763772,1.0481195368946015,1.0574674947511857,1.0503743643305548,1.045594030706701,1.044543251520166
32.0,1.0370151681092008,1.0472237990162727,1.0581906516425044,1.0507265807652604,1.0449988252817275,1.0450302823646218
32.02,1.0368764803396346,1.0478030574953232,1.0574933190752827,1.0510270990998642,1.0444852213702283,1.0455001297992528
32.04,1.0368016852179127,1.0469064126185108,1.0582285969963223,1.051369869437118,1.0439332280277227,1.0459455148819994
32.06,1.0366593754906606,1.047485330620371,1.0575431247118265,1.0516616525529079,1.0434612320327175,1.046374591771103
32.08,1.0365808179126215,1.0465891162698453,1.0582907647312227,1.051996171003916,1.042948572893521,1.0467798643684594
32.1,1.0364345436639713,1.0471690124196964,1.0576173703722593,1.0522803010345863,1.0425144065390655,1.0471696731500064
32.12,1.0363519654848,1.046274534347508,1.0583775848821864,1.0512053824108865,1.0434395464433976,1.0475362936108081
32.14,1.0362015467953025,1.0468566966047526,1.057646615756683,1.051580516215438,1.0429976402464334,1.0479022915609768
32.160000000000004,1.0361149883515826,1.045964527137681,1.0584086123823069,1.0505368464316411,1.0439153578527665,1.0482449750236096
32.18,1.0359606599178328,1.046549416106972,1.0576806169875914,1.0509418762959173,1.043465548651465,1.0485871892198089
32.2,1.0358141472973763,1.0456606142182165,1.0584456246257066,1.0499275946084319,1.0443750677826182,1.048962258647237
32.22,1.0356590999477895,1.0462487275077663,1.0577216990491696,1.050360708981796,1.0439171400160159,1.0492779316770489
32.24,1.0355110982779607,1.045363816441751,1.058490790217798,1.0493739584907484,1.0448181991119356,1.0496274446393936
32.26,1.0353555611917191,1.0459562668573954,1.0577718709843273,1.0498333513688658,1.0443513063245924,1.0499169504526875
32.28,1.0352063976712327,1.0450763350073997,1.0585459651446787,1.0488722783699351,1.0452430591399537,1.0502412718463876
32.3,1.0350507023715065,1.0456742054646628,1.0578328439513398,1.0493561379523417,1.0447663712912518,1.0505050461484824
32.32,1.0349008015563532,1.0448003047221235,1.0586127155232807,1.0484188877462841,1.0456479902228488,1.050804607408696
32.34,1.0347453723518714,1.045404640485715,1.057906041528098,1.0489253986782388,1.0451607028573788,1.0510431512782852
32.36,1.0345952463594266,1.044537778813007,1.0586923222201097,1.0480101181770272,1.0460313880979912,1.0513184535120241
32.38,1.0344405905653646,1.0451495800755426,1.0579926047711632,1.0485374644626644,1.0455327311858644,1.0515323361189868
32.4,1.034290829084604,1.0442907144521651,1.0587857863568166,1.0476423054309878,1.0463917195297774,1.0517839523252355
32.42,1.0341375270828095,1.0449109292905605,1.0580933981733085,1.0481886739727815,1.0458809659135724,1.0519738127465523
32.44,1.033988787252099,1.044060959068423,1.0588938357262359,1.0473117968571528,1.0467275391500257,1.0522023891256498
32.46,1.0338374824510108,1.0446904768134164,1.0582090165404021,1.0478753815727018,1.0462040125363066,1.0523689372657485
32.480000000000004,1.033690478664969,1.0438502375138503,1.059016932136946,1.0470149598665388,1.047037505368749,1.0525751936285328
32.5,1.0335418674193075,1.0444898825650455,1.0583397928028806,1.047593966329652,1.0465005878042408,1.0527192102584602
32.52,1.0333973611255136,1.0436601401471093,1.0591552796986752,1.0467481914188175,1.0473203952357506,1.0529039395537214
32.54,1.033252182674775,1.044310666263077,1.0584858067711815,1.047340841967973,1.0467695340113,1.0530262754912796
32.56,1.0331109722197764,1.0434921118898526,1.0593088340548347,1.0465079283975254,1.0475751181398572,1.0531903424777402
32.58,1.032969998703054,1.044154196980049,1.0586468948383254,1.047112467650908,1.0470098320691439,1.053291916938106
32.6,1.0328329092852282,1.0433474423068583,1.0594773125621466,1.0462906587502465,1.0478007282406738,1.0534362560344317
32.62,1.032696935887732,1.0440216837494807,1.058822660626316,1.046905359463051,1.0472206132653425,1.053518054187663
32.64,1.0325648096722044,1.0432272567553509,1.0596602054105702,1.0460929332633675,1.0479964355373952,1.0536436665406967
32.660000000000004,1.0324346449564334,1.0439141672627335,1.0590124865660915,1.0467161024597982,1.0474011696156929,1.053706736318837
32.68,1.0323083314045227,1.043132508643924,1.0598567876695848,1.0459113778348568,1.0481616154903806,1.053814686136316
32.7,1.0321847878761237,1.0438325126946932,1.0592155463933792,1.0465413631444476,1.0475509627325004,1.053860134338443
32.72,1.03206513433876,1.0430639728367401,1.0600661322393143,1.0457427061033013,1.048295817123643,1.0539515445378274
32.74,1.03194901929416,1.04377740369162,1.0594308185350123,1.046377902228848,1.0476696311436586,1.0539805322862872
32.76,1.0318368619154656,1.0430222402340672,1.0602871236769167,1.0455837322872001,1.0483987695500085,1.054056579515929
32.78,1.0317289686149937,1.0437493375499916,1.059657100352041,1.0462225875299387,1.0477569960114632,1.054070317121158
32.8,1.0316251235888867,1.04300771355574,1.0605184728602826,1.045431384085647,1.048470386875211,1.0541322262138184
32.82,1.0315262227958915,1.043748621610722,1.0598930231973538,1.0460724068522,1.0478130652149358,1.054131967508483
32.84,1.0314314780151417,1.0430206043497177,1.0607587324422745,1.0452827154898587,1.0485107714523738,1.0541810054302196
32.86,1.0313423099381822,1.0437186767133544,1.0601937624119921,1.0459244807052208,1.0478380357749089,1.0541680416359274
32.88,1.0312568502047226,1.0430079864043942,1.0610592578812483,1.0451354862197348,1.0485202154739528,1.0542055109955335
32.9,1.0311775990937153,1.0437225029526571,1.0604945869946463,1.0457771593351552,1.0478323002766234,1.0541811585267877
32.92,1.0311022177778035,1.0430287101655045,1.06135930943738,1.0449874725222226,1.0484992172359555,1.0542083800407198
32.94,1.031033620789862,1.0437592669508928,1.0607942896563967,1.0456276994970932,1.0477964548242888,1.0541739754610528
32.96,1.0309690514685432,1.0430818656908754,1.0616576074278832,1.044836024208739,1.0485043880455092,1.0541363703380375
32.980000000000004,1.0309112266269729,1.0438279796759475,1.0610915281039486,1.0454741025292864,1.0477837407790749,1.054096729464356
33.0,1.030857624371313,1.0431663821746828,1.0619527527054353,1.0446797532419296,1.0484748169348541,1.054053977751371
33.02,1.0308112617969476,1.043927481306174,1.0613848610324628,1.0453144399251717,1.0477370265849895,1.0540102365338404
33.04,1.0307692998877904,1.0432810208348395,1.0622432554626118,1.0445162439284457,1.0484119628219495,1.0539635242439491
33.06,1.030735011223828,1.0440564580393887,1.0616727538060893,1.045146405317913,1.0476578381801933,1.0539168406121737
33.08,1.0307052804663561,1.0434243965308727,1.0625275368801979,1.044343302416792,1.048317420733734,1.0538673701516332
33.1,1.030683595152893,1.0442134514371393,1.061953593118497,1.0449679172170816,1.0475478358252341,1.0538189144287413
33.12,1.0306666003621248,1.0435949816620662,1.0628039499475315,1.0441589623061993,1.0481929179622045,1.053767894939461
33.14,1.0306579623789265,1.0443968630190348,1.0622257077901214,1.0447771241641677,1.0474088094295277,1.0537188403978082
33.160000000000004,1.0306541193553924,1.0437911114393774,1.0630708002253761,1.043961489313768,1.0480403085736372,1.0536674782720352
33.18,1.0306588844560016,1.0446049602084135,1.0624873894579552,1.0445724088885453,1.0472426722857877,1.0536189918828827
33.2,1.0306685174733685,1.044010990483569,1.0633263664492816,1.0437493848894865,1.0478615663817439,1.053568481502137
33.22,1.0306869509308312,1.0448358835789993,1.062736913052101,1.0443523913609143,1.0470514533277595,1.0535217149289808
33.24,1.0307102907544625,1.0442527006963453,1.0635689208641075,1.0435213886838615,1.0476587765044465,1.0534732296763638
33.26,1.0307425656362756,1.0450876553462551,1.0629725569467614,1.044115930656894,1.0468372880347196,1.0534293105586805
33.28,1.0307797480890226,1.0445142103451004,1.0637967491746017,1.0432764797890233,1.0474341256313,1.053383994150538
33.3,1.0308259440763363,1.045358189040698,1.0631926226682502,1.0438621255598939,1.0466024081128653,1.0533440177215425
33.32,1.0308770091652875,1.0447933842951302,1.0640081699925394,1.0430138766908406,1.0471898911345185,1.0533029759012695
33.34,1.0309371119288773,1.045645300293427,1.0633954540390604,1.0435903138493332,1.0463491300887746,1.0532679969801135
33.36,1.0310020035442595,1.0450879953160053,1.0642015536582758,1.0427330358867373,1.0469284291608112,1.0532322896134971
33.38,1.0310759046873161,1.0459467186567946,1.0635794556351699,1.0433000702375819,1.046079842953679,1.0532033150090445
33.4,1.0311544708821976,1.045395736381271,1.064375340313549,1.0424336491412758,1.046652161844003,1.0531739486172897
33.42,1.0312419684574516,1.046260100375476,1.0637431104337125,1.0429912029363226,1.045796994999236,1.0531519299773873
33.44,1.0313339623143283,1.0457142338729015,1.0645280571032434,1.0421156393687447,1.0463635637797186,1.0531298507406508
33.46,1.0314347619204716,1.0465830420153828,1.0638849965298731,1.042663748850134,1.045503079986056,1.0531156778776687
33.480000000000004,1.0315398430081288,1.0460410615940916,1.0646583343864664,1.041779155149012,1.0460651479031056,1.0531017651387826
33.5,1.0316535594678,1.0469130948500287,1.0640038028053946,1.042317967411841,1.0452006227853605,1.0530962598591618
33.52,1.0317712958890677,1.0463737554861783,1.064764920841767,1.0414245638991781,1.0457594509092019,1.0530913201541932
33.54,1.0318974555078382,1.047247779896272,1.0640983434365738,1.0419543330900942,1.0448921646319844,1.0530952306168233
33.56,1.0320273265358715,1.0467098289379533,1.0648466973576625,1.0410524437391842,1.0454490183527039,1.053099992256211
33.58,1.0321653699386713,1.0475846034839766,1.0641675711366916,1.0415735266147914,1.0445802481237179,1.053113987881737
33.6,1.0323067692362504,1.0470467885684294,1.0649026896076421,1.0406635741040584,1.0451363895601578,1.0531290961030484
33.62,1.0324560547744537,1.0479210732371986,1.0642105890367617,1.0411764249799007,1.044267402097658,1.0531537630536132
33.64,1.0326082941874315,1.047382150357569,1.0649320792184858,1.040258925168831,1.0448240824829051,1.053179775764364
33.660000000000004,1.0327681019064139,1.0482547143383596,1.064226661118843,1.0407640902959838,1.0439561265091521,1.0532156130108339
33.68,1.0329304158188433,1.0477134559936558,1.0649342134518822,1.0398396461642154,1.0445145786135763,1.0532529971374143
33.7,1.033099951972165,1.0485830859413943,1.0642152211280127,1.0403377575759842,1.0436488774331671,1.0533004131288628
33.72,1.0333280488523893,1.048038289301096,1.064908613331808,1.0394070526716224,1.0442103080829206,1.05329299493975
33.74,1.0335030699301355,1.0489043622379446,1.0641758799021253,1.0398988215476674,1.043347487657295,1.0533556859044195
33.76,1.0337372060508554,1.0483553771770526,1.0648549858097573,1.0389626073489557,1.0439125504664206,1.053362580326544
33.78,1.033917043609406,1.0492166611745288,1.0641084473825715,1.0394488062838327,1.0444582350320424,1.0520361136972047
33.8,1.0341424438312359,1.0486622843444569,1.0647732375786059,1.038521939898235,1.0449860647634814,1.052099336763571
33.82,1.0343130242217835,1.0495174573394663,1.0640130623693784,1.0390167407351798,1.0454969773915026,1.0508280451222747
33.84,1.0345302326082277,1.0489562723319397,1.0646638692179953,1.0380987310712317,1.045991473404107,1.0509447285460851
33.86,1.0346920577800678,1.0498039619750386,1.0638904257689075,1.0386017242239483,1.0464713889047292,1.0497257485268952
33.88,1.0349014456244245,1.049234657639272,1.064527632714687,1.03769224497503,1.0469362023292124,1.0498931238969587
33.9,1.0350548523807084,1.0500735953524367,1.0637965258880688,1.0381479965034155,1.0473886502035932,1.0487236868513645
33.92,1.0352566348354217,1.0494955195416424,1.063029009951296,1.0386384311760244,1.0478266391507134,1.0489390725244885
33.94,1.0354018167232353,1.0503111890353969,1.0622691612816562,1.0391183892538436,1.0482682640180983,1.0478164868673565
33.96,1.0355959408853659,1.049709434303483,1.0629190919191989,1.0381870185339528,1.0486964168856847,1.0480774046519015
33.980000000000004,1.0357326910077345,1.0505154266851917,1.0622001106412406,1.0386221283176862,1.0491156320645574,1.0469993184631747
34.0,1.035919000091869,1.0499040614121615,1.0628335569504308,1.0377035096153266,1.0495218437369858,1.0473033353728134
34.02,1.036047302154308,1.050699849341344,1.062098219620508,1.0381517197468304,1.0499210643724288,1.046267151944168
34.04,1.0362256873534053,1.0500778342167556,1.0627161037219923,1.0372457190666236,1.0503082274554556,1.046611735365354
34.06,1.0363454228885827,1.0508624238927613,1.0619653933222697,1.0377069273720219,1.0506902261241926,1.0456149135797583
34.08,1.0365156759978376,1.0502288480808486,1.0625686760670596,1.0368135185688903,1.0510610017651716,1.0459975866997777
34.1,1.036626633814931,1.0510576133327487,1.061747372347103,1.0372877257858848,1.0514283217389382,1.0450376401599804
34.12,1.0367890249713148,1.050408460429439,1.062340287963874,1.0364064123299705,1.0517289908521805,1.0455121306328077
34.14,1.0368919962401337,1.0512222576513195,1.0615078532345619,1.0368926266040583,1.0520859546804795,1.0445846187690337
34.160000000000004,1.0370466185959342,1.0505571144392964,1.0620912022051232,1.0360230942682287,1.0523777955524325,1.0450894821185701
34.18,1.0371411091328109,1.0513555275717965,1.0612485358124362,1.0365216160764668,1.0527263246978693,1.0441921938882068
34.2,1.0372874111069545,1.0506740922322373,1.0618231744163094,1.0356642008390953,1.0530111219993614,1.0447253065856288
34.22,1.0373728916319194,1.0514568117582705,1.0609712317894238,1.036175372856342,1.0533529372228452,1.0438560619207844
34.24,1.037510294243048,1.0507588888651116,1.0615380743331186,1.03533044314358,1.053632280718195,1.044415325876534
34.26,1.0375862128326045,1.0515257129725568,1.0606778625121351,1.0358546372782644,1.053968907435073,1.0435719741489522
34.28,1.03771412201452,1.0508112141295383,1.061237876573238,1.0364233041648003,1.0528434746248323,1.0441553156726584
