Time,Agent[1],Agent[2],Agent[3],Agent[4],Agent[5],Agent[6]
0.0,1.0601848938211723e-16,0.0,1.0601848938211723e-16,-6.361109362927034e-16,1.2722218725854069e-15,-8.481479150569379e-16
0.02,-1.168243931882313e-06,-0.000651786790474937,-0.0006476989496075294,1.1577732765839722e-06,0.0006488671621168036,0.0006506290486209611
0.04,2.5288401546895143e-05,-0.0012852833072000062,-0.0013018009872911573,-2.502508640266411e-05,0.0012765136295255512,0.0013103073498213812
0.06,7.819763109970835e-05,-0.0019014513110775816,-0.0019621232903017645,-7.717995983269648e-05,0.0018839309410625985,0.0019786259890497357
0.08,0.00015646469085526152,-0.002501198911678784,-0.0026285052427471407,-0.00015403868360609478,0.00247205584205197,0.002655222305124788
0.1,0.0002590674075427416,-0.003085384888288669,-0.003300807404978722,-0.00025442577869890117,0.0030417741053673513,0.0033397765590561985
0.12,0.00038505166475019816,-0.003654822626726839,-0.003978910581616022,-0.0003772514441017717,0.0035939240271766655,0.00403200896051777
0.14,0.0005335272846473491,-0.0042102837135533,-0.004662714981950806,-0.0005215052328548271,0.004129299628933056,0.004731677014778529
0.16,0.0007036642783339321,-0.004752501224370051,-0.005352139467071736,-0.0006862503382070362,0.0046486535936310575,0.005438573157683834
0.18,0.0008946894322138702,-0.005282172738679892,-0.006047120878630461,-0.0008706184265469808,0.005152699961192365,0.006152522650451101
0.2,0.001105883201546878,-0.005799963110100254,-0.006747613444689518,-0.0010738049615403938,0.005642116605160578,0.00687338170962271
0.22,0.0013365768856321424,-0.006306507017511976,-0.007453588258644099,-0.0012950649705771537,0.006117547510392257,0.007601035850708829
0.24,0.0015861500620270841,-0.006802411319967331,-0.008165032827657718,-0.0015337092105437032,0.006579604869366339,0.00833539842677533
0.26,0.0018540282598272111,-0.007288257235744439,-0.008881950687555349,-0.0017891006950010505,0.00702887101278528,0.009076409345688347
0.28,0.0021396808543861544,-0.00776460236383393,-0.009604361081528767,-0.0020606515493573627,0.007465900188491209,0.009824033951842698
0.3,0.002442619167961035,-0.008231982564300574,-0.010332298700463885,-0.0023478201645321206,0.007891220201190706,0.010578262060144838
0.32,0.0027623947626850185,-0.008690913712367456,-0.01106581348308009,-0.002650108623087896,0.00830533392417139,0.011339107131679037
0.34,0.0030985979140050715,-0.009141893339658003,-0.011804970474497882,-0.0029670603748577712,0.00870872069295323,0.012106605582055358
0.36,0.00345085625431841,-0.009585402174834716,-0.012549849742211575,-0.0032982581418148455,0.009101837589762548,0.012880816214780178
0.38,0.0038188335779932585,-0.010021905594797533,-0.013300546348853472,-0.003643322034357022,0.009485120626721162,0.013661819773293607
0.4,0.004202228800354856,-0.010451854996712478,-0.01405717038149271,-0.0040019078633217586,0.009858985834735148,0.014449718606436944
0.42,0.004600775064460387,-0.010875689100337994,-0.014819847037603534,-0.004373705634028515,0.010223830264274173,0.015244636443235482
0.44,0.005014238990740616,-0.011293835189458947,-0.015588716768224072,-0.004758438210371788,0.010580032903462043,0.016046718273852147
0.46,0.005442420065726746,-0.011706710300663899,-0.016363935479225235,-0.005155860138595696,0.010927955518192445,0.016856130334565636
0.48,0.005885150167227215,-0.0121147223672372,-0.01714567479200127,-0.005565756621865649,0.011267943418340465,0.01767306019553644
0.5,0.006342293224435493,-0.012518271325556303,-0.017934122365340206,-0.005987942638082254,0.011600326153511796,0.018497716951031473
0.52,0.006813745012555095,-0.01291775019108633,-0.018729482280665663,-0.006422262194649251,0.011925418141161147,0.019330331512685
0.54,0.007299433082669937,-0.01331354611085011,-0.019531975493330862,-0.006868587715099091,0.012243519229347502,0.020171157007262623
0.56,0.0077993168287277745,-0.013706041399121535,-0.020341840353135052,-0.007326819553605226,0.012554915195823375,0.021020469281310662
0.58,0.008313387694722063,-0.014095614563017783,-0.02115933319781415,-0.007796885634482986,0.012859878184562112,0.02187856751603074
0.6,0.008841669526409676,-0.014482641324702027,-0.021984729023827383,-0.008278741214860403,0.013158667080287512,0.022745774956692624
0.62,0.00938421907326329,-0.014867495646995492,-0.022818322239433204,-0.008772368769725548,0.013451527820933413,0.02362243976195754
0.64,0.009941126647808314,-0.015250550769391823,-0.023660427505770038,-0.009277777999605129,0.013738693647362629,0.02450893597959605
0.66,0.010512516951082433,-0.015632180261734144,-0.02451138067244314,-0.009795005962212314,0.014020385289020148,0.02540566465628702
0.68,0.011098550074698297,-0.01601275910319438,-0.025371539815018142,-0.010324117330470397,0.014296811083464438,0.026313055090520183
0.7000000000000001,0.011699422691936022,-0.01639266479466229,-0.02624128638281402,-0.010865204780472192,0.014568167026958609,0.02723156623905387
0.72,0.012315369452438253,-0.0167722785132619,-0.027121026466483563,-0.011418389514149915,0.014834636752446556,0.028161688289010566
0.74,0.01294666459754137,-0.01715198631843024,-0.02801119219614283,-0.011983821922714825,0.015096391430304612,0.02910394440944191
0.76,0.013593623816005535,-0.017532180419878456,-0.02891224328220938,-0.01256168239831675,0.015353589586147805,0.03005889269825125
0.78,0.014256606363077786,-0.01791326051882067,-0.029824668712707666,-0.013152182302929152,0.01560637682881748,0.031027128342562223
0.8,0.01494137808794475,-0.01829831554437352,-0.030748988622639986,-0.01375556510510799,0.015854885480225813,0.03200660570395093
0.8200000000000001,0.015607000016309198,-0.01866822242577409,-0.031685783160688416,-0.014372107697179748,0.016096845037412197,0.03302226822992086
0.84,0.01627611010232882,-0.019019461832823496,-0.03263911574038157,-0.015002146070693279,0.01635201581722058,0.03403259772434895
0.86,0.01692599620170518,-0.019370945951347543,-0.033590334642037374,-0.0156458905584625,0.016617630000875204,0.03506354494926704
0.88,0.017579614892174893,-0.01971856219165031,-0.03454410205569772,-0.016303428573849667,0.016913600375942063,0.03607287755308073
0.9,0.01821325443705769,-0.020081253414949426,-0.0354817088026791,-0.016974735735122704,0.017236698630378716,0.03708774488531482
0.92,0.018850244620009896,-0.020458657379972153,-0.03639975556812178,-0.01766710081524633,0.017613262376857078,0.03806200676647329
0.9400000000000001,0.01946579028750869,-0.0208508857467901,-0.03731719379848636,-0.018341809601933014,0.01800051764911093,0.03904358121058986
0.96,0.020083960520837583,-0.02125772670456534,-0.038233974802799026,-0.018999176987893863,0.018422127287061045,0.039984790687359606
0.98,0.02067922927173909,-0.02167948509354859,-0.039149866405179326,-0.019638404855219692,0.018853775355410378,0.04093475172679814
1.0,0.021276432605878606,-0.022115932436916674,-0.04006482521274393,-0.020259853237787544,0.019319826821737423,0.041844351459832126
1.02,0.021849273403684456,-0.022567368276698144,-0.040978597032952334,-0.020862700221133474,0.01979522384879093,0.04276416827830857
1.04,0.02242339217459199,-0.023033545812442456,-0.04189114502961709,-0.02144735381089522,0.020305066207980945,0.04364358627038183
1.06,0.02297168259273465,-0.023514756222827043,-0.042802191539098165,-0.022012967329468468,0.020823515081030145,0.044534717417628884
1.08,0.02352062944558579,-0.024005570665506033,-0.04372203194025105,-0.022554837502295935,0.021376440042129158,0.045385370620338074
1.1,0.024042328713490383,-0.02453230547758523,-0.04459839342496725,-0.02309812865881608,0.021937231649550252,0.04624926719832793
1.12,0.024563942025574916,-0.02506752830025557,-0.0454851267522128,-0.02361620917534869,0.02253235698095768,0.04707256522128446
1.1400000000000001,0.025056687927511135,-0.025638335253950425,-0.046328368096414906,-0.024135011462530023,0.02313435485976957,0.047910672025614644
1.16,0.025548665618008854,-0.026216467764932232,-0.04718359617000265,-0.024627157102725845,0.023770545706303076,0.0487080097133488
1.18,0.02601017132642332,-0.02682983490992546,-0.0479952803206814,-0.025119382388763226,0.024412570096560962,0.049521756196385804
1.2,0.026470288560590874,-0.027449310962284663,-0.04882060820011917,-0.025583525289166242,0.02508864367862394,0.050294512212355265
1.22,0.026898344402437505,-0.028103653307515773,-0.049602301971041506,-0.026047164130933227,0.025769460018721994,0.05108531498833101
1.24,0.02733090158569747,-0.028775717756702686,-0.05039289755552141,-0.02648131450305402,0.026484174424801908,0.05183485380477874
1.26,0.027705612976255442,-0.029433964006501723,-0.05116394113186556,-0.0269143728914971,0.027202482410863846,0.05260418264274509
1.28,0.028085852626267057,-0.030111260515909028,-0.05194412549009238,-0.027316735100407306,0.027954527232295478,0.053331741247846176
1.3,0.02840716828127504,-0.03077495246123593,-0.052704112658619,-0.0277177041163641,0.02870894940834656,0.05408065154659743
1.32,0.028735114664416434,-0.03145900507415245,-0.05347352854363443,-0.028086762352423952,0.029496925272276316,0.05478725603351808
1.34,0.029003034835257,-0.03212959487736362,-0.05422210561720494,-0.02845416472297149,0.03028598537560919,0.05551684500667386
1.36,0.029278770516820103,-0.032821835893204025,-0.05498044874670345,-0.028788436895731153,0.031108391920434044,0.05620355909838448
1.3800000000000001,0.0294933564757749,-0.03350067980661332,-0.05571731307661869,-0.029120833445464216,0.03193050817049657,0.056914961682424756
1.4000000000000001,0.029717031808511603,-0.03420244319833722,-0.05646433069223632,-0.029418877861747503,0.03278573748907078,0.05758288245473865
1.42,0.029878415480211622,-0.0348907947988546,-0.05718922927564858,-0.029714874405989224,0.03363921621768038,0.05827726678260041
1.44,0.030050258238755494,-0.03560330918957609,-0.0579247188089715,-0.02997529689359006,0.034525546649645064,0.05892752000373709
1.46,0.030158652010873078,-0.03630231223807271,-0.05863744702875974,-0.030233551567087045,0.03540857630519251,0.05960608251785391
1.48,0.030278977203208386,-0.037026693552462575,-0.05936125491390041,-0.030455013036355255,0.036324166613413936,0.060239817686095924
1.5,0.03033468394646843,-0.0377373746011506,-0.06006165545388891,-0.030674244047698182,0.03723481217777188,0.06090377797849738
1.52,0.030403903829634864,-0.038474618522456365,-0.06077367613158457,-0.030855468479563847,0.03817769615062435,0.06152216315334557
1.54,0.030416531736979883,-0.03919787940918896,-0.06146163811463437,-0.03103446227751449,0.03912309860013942,0.062154349464218515
1.56,0.030414788272860167,-0.039948761840092856,-0.06216181327697341,-0.03117415316804003,0.040070802334739815,0.06279913767750632
1.58,0.03035743394584742,-0.04068548589459479,-0.06283726983865122,-0.03131188666877834,0.04102134660472557,0.06345586185145136
1.6,0.030288202729853858,-0.04145112458827124,-0.06352558843717049,-0.031409304948360126,0.04197447762287653,0.06412333762107146
1.62,0.030164332328265153,-0.04220229152526545,-0.0641885283045034,-0.03150507659746405,0.042930658975735426,0.06480090512323233
1.6400000000000001,0.03003113234811205,-0.042983590622518004,-0.06486504048018826,-0.031559501482300543,0.04388960146861856,0.06548739876827621
1.6600000000000001,0.029844262635232214,-0.04374996514389788,-0.0655155108976196,-0.03161263598336903,0.044851692205353705,0.0661821571843006
1.68,0.029650671165201106,-0.04454761321198473,-0.06618032492402563,-0.031623379193965795,0.045816607986869824,0.06688403817790521
1.7,0.0294043840722246,-0.04532974331549616,-0.06681842902841527,-0.031633241636786186,0.04678465824476307,0.06759237166370995
1.72,0.029154050687288643,-0.04614421176389502,-0.0674717090183694,-0.03159966155478447,0.04775548745109258,0.06830604419866766
1.74,0.028852006999591326,-0.04694242757352728,-0.06809760399618346,-0.0315656714675832,0.04872932583041752,0.0690243702072851
1.76,0.028548666690467534,-0.047773969722014455,-0.06873956839092812,-0.03148718721380602,0.049705787534837245,0.06974627110144381
1.78,0.028194618819084454,-0.04858838312157803,-0.06935346443440053,-0.03140883251496972,0.05068502173232913,0.0704710395195347
1.8,0.027842104153996693,-0.04943703420892812,-0.06998438528859327,-0.03128493791598604,0.051666614661934465,0.07119763859757627
1.82,0.027439907917566002,-0.05026753957200814,-0.07058654536052643,-0.03116178872423772,0.052650632307652545,0.07192533343155375
1.84,0.0270038944704498,-0.051113985161419066,-0.07120674842759889,-0.03099206611743613,0.05363663586869818,0.0726722693673061
1.86,0.026587195288004385,-0.05197529014870147,-0.07179729775865358,-0.03082378836125052,0.05462479718965028,0.0733843837909509
1.8800000000000001,0.026134396550364165,-0.05285050029415437,-0.07240712626796134,-0.030607918346202925,0.055614310394656086,0.07411683796329838
1.9000000000000001,0.025700815406035648,-0.05373856161320378,-0.07298671275066229,-0.03039428260162037,0.0566052902273353,0.07481345133211549
1.92,0.025228955047970198,-0.05463846250181642,-0.07358683969645673,-0.03013206607414289,0.05759692304526042,0.07553149017918541
1.94,0.024776404150732963,-0.05554918587912975,-0.07415608807870107,-0.029872975332924503,0.05858926217582899,0.07621258296419336
1.96,0.02428350486585652,-0.05646965618024532,-0.07472628952012128,-0.029606107284412275,0.05960236801246308,0.07691618010645927
1.98,0.023835286220745277,-0.057448862875944015,-0.07527232129737964,-0.029278834079304414,0.06058287593969598,0.0775818560921868
2.0,0.023310628137165702,-0.05836803487750747,-0.0758521442551137,-0.02894764722267324,0.06158595207494548,0.07827124614318323
2.02,0.022833966037082785,-0.05934944067184567,-0.07640375169586534,-0.028558084542323187,0.06255603694142488,0.07892127393152654
2.04,0.022279579867003404,-0.060269719684738154,-0.07698736708534043,-0.0281688508935587,0.06355040501253928,0.0795959527840946
2.06,0.021776660075294347,-0.06125566401908988,-0.07753884143928517,-0.027723205459237343,0.06451121142867489,0.08022983941364317
2.08,0.02119474333392124,-0.06217918149846693,-0.0781207271381319,-0.02728216025889774,0.06549792655457495,0.08088939900700036
2.1,0.020667923615919483,-0.06314297310394185,-0.07872419682113325,-0.02675784337485298,0.0664503367190794,0.0815067529649292
2.12,0.02006114078725767,-0.06407722121220594,-0.07928848111718945,-0.026276813068598425,0.0674304840446025,0.08215089056613363
2.14,0.019513187236684996,-0.06505221696127968,-0.07987625191174552,-0.02571150995932839,0.06837535314754069,0.08275143844812792
2.16,0.018884010782232678,-0.0659955863770939,-0.08042435748422751,-0.02519343467678707,0.06934938891295507,0.08337997884292074
2.18,0.018317594063898775,-0.06698017728891548,-0.0809979637091687,-0.024590074584844638,0.0702870460102405,0.08396357550878955
2.2,0.0176687583039173,-0.06793100415895285,-0.08153144858207853,-0.0240380371402005,0.07125525955087839,0.0845764720264362
2.22,0.017086805733654124,-0.06892353626657569,-0.08209256056378636,-0.023399692578422567,0.07218587142711824,0.08514311224801224
2.24,0.01548222659879073,-0.06800197672189524,-0.08355219418946616,-0.02281691635765037,0.0731483943622604,0.08574046630796066
2.2600000000000002,0.013980015424909792,-0.06808655872731918,-0.08316987004865421,-0.02307649593962211,0.07407197651363297,0.08628093277705275
2.2800000000000002,0.011463977475449954,-0.06624407285638112,-0.08371005956891042,-0.023373993527890023,0.07501940464046798,0.08684474383726362
2.3000000000000003,0.011014882068417262,-0.06640371847002094,-0.08239568750542976,-0.024505142184358703,0.07591740098743394,0.0863722651039582
2.32,0.009513810126230182,-0.06459066369651519,-0.08296189861373901,-0.023807944634953095,0.07589732599874699,0.08594937082023012
2.34,0.010000286833179203,-0.06475379123351514,-0.08163920144613558,-0.023980241018716014,0.07583977606464162,0.08453317080054591
2.36,0.008544419240948632,-0.06295016989984517,-0.08221217859506844,-0.02232415606758508,0.07393105681827801,0.08501102850327204
2.38,0.009067753473786926,-0.06314619826028914,-0.08086278884244398,-0.022547941627956383,0.07391982329723884,0.08356935195966372
2.4,0.007624169369818867,-0.061350221865553715,-0.08143463083193313,-0.020918620229565737,0.07203273346200327,0.08404657009523045
2.42,0.008183756019826023,-0.0615773117682001,-0.08006096727429175,-0.021191879589039814,0.07206478364494191,0.08258161896676372
2.44,0.006752319524589427,-0.05978763494923264,-0.08063371510871467,-0.01958770282736478,0.07019677132695935,0.0830599620337633
2.46,0.0073476203256881345,-0.0600441486416073,-0.07923808494444008,-0.019908595071807013,0.0702693162095165,0.08157389212264976
2.48,0.005928261713732851,-0.05825962639750359,-0.07981366554965838,-0.01832811985453866,0.06841808282179457,0.0820550672661732
2.5,0.006558786764950563,-0.05854411696038867,-0.07839827251708457,-0.01869495867402372,0.06852856808611602,0.08054999330043039
2.52,0.0051514831264820055,-0.05676379292802791,-0.07897850673758185,-0.017136898048263093,0.06669205891291966,0.0810356556744712
2.54,0.005816773823490563,-0.05707499380491355,-0.07754545796620757,-0.017548132796274134,0.06683815627706166,0.07951365446684304
2.56,0.004421531160910791,-0.05529808881006825,-0.07813206728343117,-0.016011337168892116,0.0650145512773923,0.08000541082408845
2.58,0.0051211445662863566,-0.05563490352463415,-0.07668337896787361,-0.016465534820605324,0.06519415007047158,0.07846852267635515
2.6,0.003737981363245776,-0.05386080438331842,-0.0772779910306454,-0.014948974065803101,0.06338185478452059,0.07896793333200056
2.62,0.004471476036643543,-0.05422229641730353,-0.075815593015202,-0.015444802066948418,0.06359305361809306,0.07741816184471736
2.64,0.003100408327446552,-0.0524505449692417,-0.07641974606922458,-0.013947548513700149,0.06179069005414468,0.0779267411705752
2.66,0.0038673316267552786,-0.052835927780540526,-0.07494548542654392,-0.014483758521387315,0.062031788473790976,0.07636605162792551
2.68,0.002508359582689908,-0.05106621014212956,-0.07556063172689036,-0.013004970822857675,0.060238185867827775,0.07688526724135991
2.7,0.0033082364359236006,-0.05147483730876781,-0.07407627541071429,-0.01358038334876666,0.060507675883623484,0.07531558374870168
2.72,0.0019613324727779406,-0.049706973336769024,-0.07470378369892464,-0.01211929124423202,0.05872186123982068,0.07584685456732705
2.74,0.0027936556084887008,-0.05013832881670268,-0.0732110203482199,-0.012732781218424392,0.05901841865008191,0.07427005612477637
2.7600000000000002,0.0014587540066529436,-0.048372261776343295,-0.07385217747411478,-0.011288671205601744,0.057239606987321466,0.07481474946208541
2.7800000000000002,0.002322975618496634,-0.04882595027601172,-0.07235261844414476,-0.011939154485847595,0.05756208242666912,0.07323266516083832
2.8000000000000003,0.0009999636341705344,-0.04706173670842694,-0.07300863021178274,-0.010511356427666195,0.055789666673930705,0.07379209303977463
2.82,0.0018954884433850653,-0.047537474154852814,-0.07150380990675868,-0.011197777284408503,0.05613707633407003,0.0722064965685649
2.84,0.0005841988769358561,-0.045775273939084836,-0.07217580122402521,-0.009785651978959663,0.05437061683586636,0.07278191142926749
2.86,0.0015103785453723672,-0.04627287805133596,-0.07066717680588327,-0.01050697158972721,0.05474213282527392,0.07119451507630016
2.88,0.0002105837212566603,-0.044512944655695406,-0.07135619121791936,-0.00910989933535021,0.05298134643685331,0.07178710505085502
2.9,0.001166712557507612,-0.045032325611899196,-0.06984514176640541,-0.009865085324424426,0.05337628676347426,0.07019955338174716
2.92,-0.00012188034027380167,-0.04327499652865325,-0.07055214045442199,-0.008482455513392252,0.051621035533996364,0.07081043730274492
2.94,0.0008634315522321583,-0.04381614772475919,-0.06903996565493228,-0.009270472572756377,0.0520388537127456,0.0692243006874701
2.96,-0.00041432074971117213,-0.042061835081041714,-0.06976582598372912,-0.007901674346807655,0.05028913317262521,0.06985452298866444
2.98,0.0005993457542051458,-0.04262482397740391,-0.06825374442110331,-0.008721475972799368,0.05072940747661651,0.06827129114048493
3.0,-0.0006679979527855501,-0.040874005314249486,-0.06899925812073619,-0.0073658899717243724,0.04898533456243608,0.06892181679705951
3.02,0.0003731315464938078,-0.04145896436602095,-0.06748840525929549,-0.008216411348302968,0.04944775695297643,0.06734289247414918
3.04,-0.0008843072524629224,-0.03971217357667305,-0.06825427632856937,-0.006873402578929842,0.04770955761929968,0.06801460211733551
3.06,0.00018333061014660202,-0.04031929124421603,-0.06674570226094098,-0.00775355463312756,0.04819392240452891,0.06644129512360905
3.08,-0.0010647786107476258,-0.03857710966254854,-0.06753254468262998,-0.006422466480417578,0.04646191898632857,0.06713498045001516
3.1,2.8351031738471277e-05,-0.03920662149869988,-0.06602721173209988,-0.007331131128408993,0.046968111271507226,0.06556850205596307
3.12,-0.0012110745660493115,-0.0374696691288852,-0.06683554709178137,-0.005964123264734,0.045148395156817386,0.0663320188946325
3.14,-9.305923539161304e-05,-0.038166488612582726,-0.06524457742712908,-0.00694831163550469,0.04568248217062226,0.06476995473998584
3.16,-0.0013245348898176007,-0.03643361273672462,-0.06607710266591038,-0.0055918249287591195,0.043872119847601185,0.06555495537361053
3.18,-0.00018325807031446917,-0.03715068150691625,-0.06449518729583752,-0.0066027782510177215,0.044433379648743,0.06399852547534296
3.2,-0.0014075694560340907,-0.03542275890413576,-0.06535196384882982,-0.0052560974960955435,0.04263270439851451,0.06480568530658071
3.22,-0.00024422448275513575,-0.036160612251119585,-0.0637795014690039,-0.00629261108861954,0.04322097875977739,0.06325597053172076
3.24,-0.0002698526913545378,-0.03443852005189256,-0.06466050530320637,-0.004954992366353547,0.04262276105243946,0.06170110936036756
3.2600000000000002,0.0008666900930496676,-0.03518576429850386,-0.06309781044239227,-0.0060039298948610775,0.04319038972362908,0.060230424819078456
3.2800000000000002,0.0008075061981340354,-0.033459172163101895,-0.06400269309064562,-0.0046634013994650975,0.042563760569990984,0.058753999885087595
3.3000000000000003,0.0019191759399385562,-0.034217659203860135,-0.06244953823839422,-0.00572481794158898,0.04311392262238299,0.057358916821521784
3.3200000000000003,0.0018283627712896032,-0.032488681439699026,-0.06337768091041115,-0.004381837888707933,0.04246227446800676,0.055957562999521746
3.34,0.00291682330990394,-0.03326012402991059,-0.061833822381415465,-0.005455635813426411,0.04299796677732415,0.054634792137524375
3.36,0.0027960506866447385,-0.03153073413364483,-0.06278458460236935,-0.004110515702673347,0.04232451332178718,0.05330527043025561
3.38,0.0038627220024456278,-0.032316708041801576,-0.06124975492310683,-0.005196456917356704,0.04284855431718149,0.052051643562637986
3.4,0.0037134246678063006,-0.030588740905547824,-0.06222246764222741,-0.0038493728189834524,0.042156332820687176,0.05079082387826521
3.42,0.004759503445512329,-0.031390686408612666,-0.06069636904951768,-0.004947091128552366,0.04267136538432785,0.04960327775684253
3.44,0.004582901734570642,-0.029665839926006216,-0.06169032890527229,-0.0035980950688780542,0.041963238218835394,0.04840812394675052
3.46,0.005609381096045112,-0.030485062756306486,-0.0601726279521353,-0.004707108652935193,0.04247173194574197,0.047283686319589895
3.48,0.00540650079984999,-0.028764898929236355,-0.06118709269020202,-0.0033561401020263133,0.04175038760091025,0.046151243320704444
3.5,0.006414189257745608,-0.029602570780897557,-0.059677415953244925,-0.00447586409752091,0.0422546406116809,0.04508702096223688
3.52,0.006185880727741736,-0.02788851642749667,-0.060711600990731786,-0.0031227615453679855,0.04152259434817098,0.04401440388768372
3.54,0.00717542040880586,-0.02874567512994059,-0.059209531870341586,-0.00425252070569561,0.04202473482881719,0.04300757246835473
3.56,0.006922376943006245,-0.027039022294397298,-0.0602626079951882,-0.0028970332976731724,0.041284329152333515,0.04199195749191891
3.58,0.007894261127034247,-0.027869175522705653,-0.05886247707011961,-0.003988678446965499,0.04178631677591925,0.04103975313683726
3.6,0.007617509695147416,-0.026172662631071642,-0.059931352247262946,-0.0026320609021302363,0.04104019606519663,0.04007837002012078
3.62,0.008572547987422583,-0.02702668736462494,-0.05853334299436772,-0.003734881186616999,0.04154427168279999,0.03917809187538709
3.64,0.00827245912155883,-0.02534113160334335,-0.059617404064292646,-0.002376532756561666,0.04079437308018667,0.03826823622245216
3.66,0.009210839413460499,-0.026219445992760767,-0.058221297773995664,-0.0034894402878229715,0.041302105964258186,0.03741723867686072
3.68,0.008887684764669645,-0.02454555227316082,-0.059319853393890745,-0.002128727686216512,0.0405502025801874,0.03655624600841103
3.7,0.009809501587265923,-0.025448461130520787,-0.05792535418090899,-0.003250615532772322,0.041063004844647456,0.035751924412288714
3.72,0.009463469021908215,-0.02378682115476139,-0.05903763796932521,-0.0018868831432948831,0.04031070608317301,0.034937167162300255
3.74,0.010469614407462453,-0.02476495314641175,-0.05764437581230591,-0.003016636406020095,0.04082983405016606,0.03412651690710924
3.7600000000000002,0.010096251441478146,-0.023113256304701825,-0.05877005392984633,-0.001649216232120438,0.04007808182681163,0.033358193198378815
3.7800000000000002,0.011078556211189689,-0.024112155883128355,-0.057378054697958744,-0.002785732849917973,0.04060417175571162,0.032593215464103764
3.8000000000000003,0.010678373307087157,-0.022471067212594432,-0.05851613639837879,-0.001413973309605242,0.03985433899941049,0.03186846461408083
3.8200000000000003,0.011637257688996037,-0.02349102940485572,-0.057124811759839925,-0.0025561712682209063,0.04038842444087291,0.031146330303047604
3.84,0.011210705358167318,-0.021861082109632324,-0.05827425699770611,-0.0011794230747465494,0.03964171400682988,0.030462342817087783
3.86,0.01214653108501248,-0.022902268668349553,-0.0568829691174985,-0.0023262393910546564,0.04018466969518816,0.029780276396702072
3.88,0.011694013104965676,-0.021283865053131693,-0.05804269472403287,-0.0009438648391800484,0.03944211752787649,0.02913429398350244
3.9,0.012607096061647952,-0.022346305624357993,-0.056650762097009054,-0.002094265328971861,0.03999466336792094,0.02848957362077001
3.92,0.012128982075251619,-0.02073971846103271,-0.05781964876129574,-0.0007056469861918887,0.039257142160520654,0.02787888997274807
3.94,0.013019604400327869,-0.021823312293672167,-0.056426352778871945,-0.0018586353434003715,0.039819847639297516,0.027268848376319103
3.96,0.01251624190483905,-0.020228686705834397,-0.05760325272034009,-0.00046318409561630286,0.03908807098820501,0.026690810628746724
3.98,0.013384663550182847,-0.021333204982456645,-0.05620784485798813,-0.0016178102323033134,0.03966136000289997,0.026112836519665273
4.0,0.012856389274685825,-0.02104254929066004,-0.05480761333100479,-0.001506961010795894,0.03893588704615086,0.025564847311624034
4.0200000000000005,0.013689933746522344,-0.0221159537600624,-0.05348680736289931,-0.002610711641956171,0.03950715156582709,0.025016387452568446
4.04,0.013124948964405823,-0.02179243559178487,-0.05215719511316619,-0.0024472242289682662,0.03877625672182522,0.024495649247688284
4.0600000000000005,0.013925327215986036,-0.022837821840718156,-0.050905496940279966,-0.0035028302305148665,0.03934710586071104,0.023973715934815912
4.08,0.013325370207876006,-0.02248442267937061,-0.049641243951968006,-0.003289444113063568,0.03861244637951866,0.023477294157007514
4.1,0.014094168527906781,-0.023504518886123846,-0.04845346338896238,-0.0042994519802941064,0.03918422659196726,0.022979039135506283
4.12,0.0134608693779699,-0.02312387099381133,-0.047249604177855176,-0.0040387237364621995,0.038447193823748,0.022504135706410803
4.14,0.01419957030789657,-0.02412106246711699,-0.04612084043728304,-0.005005519365072351,0.03902100662056145,0.022026845341014355
4.16,0.013534470796976486,-0.023715473142533746,-0.04497269013240655,-0.0046998455575338344,0.03828274331290181,0.02157079472259583
4.18,0.01424447236599847,-0.02469182613687685,-0.043898319072770586,-0.005625675729601526,0.038859462291570064,0.02111188628168043
4.2,0.01354904413953236,-0.024263301232973492,-0.04280146115150814,-0.005277313632578512,0.038120879302921094,0.020672152574606684
4.22,0.014231677460414573,-0.025220586139826275,-0.04177712404817535,-0.006164305331266867,0.038701166545719715,0.020229171513134202
4.24,0.013507338511083782,-0.024770852928512062,-0.04072739949412559,-0.0057753916105341835,0.03796295902423147,0.019803346497856585
4.26,0.014163883769947889,-0.025710566919676,-0.039748993105997756,-0.006625569287833899,0.03854728091237991,0.019373964631179852
4.28,0.01341201326666492,-0.023918711154377315,-0.04138726120159263,-0.004875751539147286,0.03780994398393722,0.018959766644515093
4.3,0.014056943852478854,-0.024894998177585247,-0.04037162748024451,-0.004425878636269416,0.035775777282008155,0.019859783159612163
4.32,0.013304501826743507,-0.023132067596350964,-0.041966512460686375,-0.0027396029156391277,0.035131046278481744,0.01940263486745122
4.34,0.013949904963349332,-0.024141957353648845,-0.040902577074755066,-0.0023528235434652576,0.033181974209210575,0.020265478799309254
4.36,0.013195286138993442,-0.02240507366124395,-0.04245651995239682,-0.0007248122023308465,0.03262354722101662,0.019767572455961554
4.38,0.013839565769969427,-0.023445445874531654,-0.04134693000013387,-0.00039592718181547345,0.030753476029430793,0.020595261257080773
4.4,0.013081435760476788,-0.02173185787708432,-0.04286216232508466,0.0011786482712883,0.030275364862050933,0.020058571308352962
4.42,0.013723255722506811,-0.022799719357154472,-0.04170935673959637,0.0014543929962648062,0.028478503373783284,0.020852924004195944
4.44,0.012960535587221688,-0.021106795719941226,-0.04318792887047335,0.0029799391131599476,0.02807501413950302,0.020279235750529912
4.46,0.013598805059126497,-0.02219927477053784,-0.04199416499818392,0.0032068787319591485,0.026345856171229334,0.021041899806406777
4.48,0.012830656341938189,-0.020524498607375975,-0.04343797191685778,0.004687405877729036,0.026011572062143,0.020432836242423535
4.5,0.013464515738975063,-0.02163884115931185,-0.042205349747662,0.004869481620040555,0.02434488090283524,0.021165312645122995
4.5200000000000005,0.012690325847392738,-0.019979806228101207,-0.043616154514447975,0.0063086283798143945,0.02407464696631157,0.020522359549030478
4.54,0.013319133023077497,-0.02111337347296142,-0.04234663866459173,0.00644941118617801,0.0224654417532262,0.021226026175071445
4.5600000000000005,0.012538500825266745,-0.019467781755650358,-0.04372609361294579,0.007850467531297001,0.022254351506314853,0.020550555505717553
4.58,0.013161817462503193,-0.020618049053066887,-0.042421533164056544,0.007953180587300972,0.02069789533423959,0.021226688833079675
4.6000000000000005,0.012374539000147048,-0.018983709503691607,-0.043771198937006574,0.009319109895644375,0.020541279066871306,0.020519980478035455
4.62,0.012992117093666456,-0.020148266342447277,-0.04243334523741371,0.009386650119905427,0.019033068681758303,0.021169775684530802
4.64,0.012198171329197163,-0.018523094594007358,-0.04375470777122616,0.0107201101363639,0.018926483309953397,0.020433037589719056
4.66,0.012809939681885523,-0.019699645395368563,-0.04238523030833893,0.010755068704038678,0.017462240248764103,0.021057627069019185
4.68,0.012009474219586274,-0.01808166422528755,-0.042362102945672,0.009423205667370501,0.018719073514821508,0.02029201376918126
4.7,0.012615524895915949,-0.019254845221597157,-0.041015215555459686,0.009506704204109054,0.017242201645879796,0.02090563003115204
4.72,0.011809104723766096,-0.017629808933246376,-0.04101537968658235,0.008219410842428101,0.01849203620959301,0.020124636844041522
4.74,0.012410184593660136,-0.018799081120140712,-0.039688812631129146,0.008348394835111357,0.017002497200039955,0.02072681712245841
4.76,0.011598716150690894,-0.01716667785628592,-0.0397099579756255,0.0071026502031446,0.01824517420713642,0.01993009527093951
4.78,0.012195629330252351,-0.018331478842788143,-0.03840167230894184,0.007274158530906607,0.016742858977396382,0.020520504313174644
4.8,0.011380070162144743,-0.016691370567572396,-0.03844172392634398,0.0060670313121287366,0.01797815766274729,0.019707835356895603
4.82,0.011973672867364633,-0.017851129195355933,-0.03714990158722675,0.006278190961259158,0.016462901841172925,0.020286265112785973
4.84,0.011155025295734576,-0.016202965244957384,-0.0372070103105545,0.005106835420404247,0.017690553828278076,0.019457561011094977
4.86,0.011746219798477335,-0.01735711517441496,-0.03593004424001315,0.005354857164659153,0.01616215263610034,0.02002392981519128
4.88,0.010925523770659529,-0.01570054480014068,-0.03600257707546279,0.004216510012229348,0.01738185570688149,0.019179232385833102
4.9,0.01151525156679976,-0.016848537020949537,-0.03473906135149118,0.004498684985320566,0.01584007826967702,0.01973358355064337
4.92,0.010693576806919583,-0.015183220891799297,-0.03482559183906003,0.0033906630802389977,0.017051509602446963,0.018873063241253783
4.94,0.01128281111461772,-0.016324535125411273,-0.03357431182850262,0.0037043601753968024,0.015496112675541697,0.019415562988357678
4.96,0.010461248703823001,-0.014650155766900264,-0.033673610364849255,0.0026240589998329155,0.016698941539771965,0.018539516888321637
4.98,0.011050986416483421,-0.015784310739050116,-0.03243353289715811,0.002966723038378825,0.015129682626329403,0.01907045155501658
5.0,0.010230639935492239,-0.014100581895543668,-0.032544557026638256,0.001911615885449129,0.016323582513822158,0.018179300587418394
5.0200000000000005,0.01082189315862277,-0.015227144468052005,-0.031314820597656584,0.0022807665022044395,0.01474023234586982,0.01869907305901156
5.04,0.010003869528930556,-0.013533819386620023,-0.03143670528043595,0.0012484043227327477,0.0159248925092459,0.017793358306146763
5.0600000000000005,0.010597656832688589,-0.014652412549094277,-0.030216610296079062,0.0016416355206882948,0.01432724685397477,0.01830248363782169
5.08,0.009783056993783382,-0.012949291193607947,-0.030348658163695138,0.0005742210153535945,0.01561323594333764,0.01732743540482847
5.1000000000000005,0.010379841449884035,-0.014059600926745316,-0.0291382103421184,0.0009908576989093073,0.013998920243988484,0.01782819187608189
5.12,0.009569224895073841,-0.01234654719295892,-0.029280408136759466,-5.5110767220180174e-05,0.015269474201853308,0.016843367000011416
5.14,0.010063126612951983,-0.01339487146495293,-0.028079131117574565,0.00038244400099674843,0.013638707670017021,0.017389724298561744
5.16,0.00926078792062453,-0.011673931590228451,-0.028230486273459237,-0.0006445816638913507,0.014894629233984416,0.016393582372970093
5.18,0.009766229705231005,-0.012717311644268522,-0.027037542624372742,-0.00018849119415253,0.013248167403713975,0.016928948353848818
5.2,0.008972962527140558,-0.010988259631228287,-0.027197821538159198,-0.0011989534751585774,0.014489671919593503,0.015922400197812003
5.22,0.009490575204601576,-0.012026359296767134,-0.02601308244127412,-0.0007266059712280484,0.012827734661060086,0.01644773784360764
5.24,0.008707163874537797,-0.010289057964754404,-0.026182179414188586,-0.0017227828029235644,0.014055079950270737,0.01543177635705802
5.26,0.009237574311042895,-0.011321643997620801,-0.02500562929508403,-0.0012363626949132595,0.01237794379546476,0.015948117881110436
5.28,0.008464782125660987,-0.009576044925164704,-0.025183557044640772,-0.0022204277004969895,0.013591436084124801,0.014923811460516676
5.3,0.00900860198884648,-0.0106029864247136,-0.02401528438285276,-0.0017220223899955486,0.01189943961118397,0.01543225159753146
5.32,0.008247160141717972,-0.008849129156283633,-0.02420216452646833,-0.0026960418083790357,0.013099438700506083,0.014400736648906941
5.34,0.008804975297648095,-0.009870396211382703,-0.023042352689105122,-0.0021876386097452348,0.011392987065935091,0.014902425146649875
5.36,0.008055572569132802,-0.008108406794231271,-0.023238406204493203,-0.003153568032846532,0.012579910689466178,0.013864897772972028
5.38,0.008627933209434226,-0.009124068425890178,-0.02208732430448541,-0.002637050901654055,0.01085947925544642,0.014361031167149001
5.4,0.007891206499836207,-0.0073541573439695725,-0.02229286196963175,-0.0035967318807306127,0.012033806572196793,0.013318738122298935
5.42,0.008478618078540707,-0.008364378813268555,-0.021150855748112863,-0.004446012543073815,0.013044212690174197,0.01243841633574033
5.44,0.0077414161293028715,-0.006586838384795839,-0.021379996191042874,-0.005346370577372589,0.014124344928376824,0.011447444095531608
5.46,0.008331442720045976,-0.0075921526688915745,-0.020260368424004842,-0.0061377973793832205,0.015041629161265002,0.01061724659096866
5.48,0.007595883970702562,-0.005807880001608734,-0.020511964759534655,-0.006984470007309116,0.016033554631960937,0.009674876165789006
5.5,0.008190448409478416,-0.006809118693350123,-0.019413658467689655,-0.007723479477266952,0.016863610681637175,0.008892197547191139
5.5200000000000005,0.007458425254798163,-0.0050190033106123,-0.019686777075778244,-0.008521678680067304,0.017773004267344746,0.007996029544314939
5.54,0.008059239460835137,-0.00601700480065741,-0.01860892975612509,-0.009213294476861925,0.018521422419541373,0.007258567153267917
5.5600000000000005,0.007332426116649157,-0.0042219339534046,-0.018902826930099325,-0.00996782675977219,0.019353673375183778,0.006406488151443182
5.58,0.007940998542394821,-0.005217547553124613,-0.017844748415032842,-0.010616679136770136,0.020025766955619875,0.005712209606912897
5.6000000000000005,0.007220858769281245,-0.003418410345466614,-0.018158848174749727,-0.01133196413651171,0.02078600374507997,0.004902360142366838
5.62,0.007838501696753205,-0.004412499236627545,-0.017119999639513123,-0.011942308008493671,0.021386832694761264,0.00424947249311987
5.64,0.007126296471117788,-0.002610189690302766,-0.017453872623490973,-0.01262239582289088,0.02207994500124242,0.003480216664324413
5.66,0.0077541332366718885,-0.0036036328242680634,-0.016433846657831288,-0.013198127626669729,0.022614336710808022,0.00286713716128917
5.68,0.0070509284371958825,-0.0017990519940813386,-0.016787190018660695,-0.013846715055089472,0.023244994763361528,0.002137033867274097
5.7,0.007689900646690628,-0.002792745050579808,-0.015785691688838834,-0.014391388587161378,0.02371756231088722,0.0015623623690021716
5.72,0.0069965748047564735,-0.0009868022901297856,-0.017521988913441127,-0.012284476489502693,0.02292655468822519,0.0008701382000919431
5.74,0.007647449583260276,-0.0019953041664209897,-0.01648435657775281,-0.012882946840469416,0.023396172490516173,0.00031898551086676543
5.76,0.006964429024867284,-0.00020172792971604,-0.01818912553351737,-0.010826428568114069,0.022602152757256307,-0.00034929975077611247
5.78,0.007627283097333281,-0.0012243916933694582,-0.017119170514854804,-0.011476366579767429,0.023069114746308843,-0.0008764690556504318
5.8,0.00695461397904456,0.0005573899165455837,-0.018796115577544657,-0.009468004743405672,0.022272444032996164,-0.0015203276076359757
5.82,0.0076294458123219895,-0.0004789522817667846,-0.017697417460715837,-0.010167150292137878,0.022737160758644605,-0.002023086536346095
5.84,0.006967087729349524,0.0012914570731603003,-0.01935001168649773,-0.008204776530708252,0.021938318388204713,-0.0026420749735085536
5.86,0.007653816059004759,0.00024177167933829064,-0.01822592508654665,-0.008950925220461998,0.02240130453227704,-0.003120041963611441
5.88,0.007001641729222783,0.0020010957440974326,-0.019857415913783847,-0.007032427571290086,0.021600875108560874,-0.003713769096807157
5.9,0.0077001050279464104,0.0009382688835004561,-0.018711076455961487,-0.00782341898398897,0.02206273683891831,-0.004166615310414719
5.92,0.0070579008990686275,0.0026866727759697496,-0.020324490714137965,-0.005946730748828793,0.021261397152367304,-0.004734749364438924
5.94,0.007767857700153224,0.0016107868433851925,-0.019158820322607618,-0.006780438249236399,0.02172281937435296,-0.005162205346047357
5.96,0.00713532538948902,0.003348326878008146,-0.020756968650165807,-0.004943528351727238,0.020921325190789014,-0.0057044804563931364
5.98,0.00785645538126693,0.002259358620098897,-0.019574680244472443,-0.005817850438341939,0.021383058765016345,-0.006106342083567789
6.0,0.007233213860559834,0.003985994875827385,-0.021160161019059636,-0.003962879067535691,0.020470559184197754,-0.006566727833989646
6.0200000000000005,0.007965676827839559,0.0028838286212685004,-0.01996320562111481,-0.0048803319281328994,0.020941493398546288,-0.0069474612984066365
6.04,0.007351765995343723,0.004599448190469786,-0.02153790768629552,-0.003063689622032846,0.020034596357859126,-0.00738421323534427
6.0600000000000005,0.00809499760455309,0.0034839095922366125,-0.02032868475690886,-0.004021825810947472,0.02051498690571908,-0.007743383534652446
6.08,0.007489793654403389,0.005188334722231208,-0.021894878874402907,-0.0022412613807176237,0.019614192549484686,-0.008156180670998749
6.1000000000000005,0.008243168406144603,0.004059177871862831,-0.02067557988172886,-0.0032376788286851916,0.020104380855689327,-0.008493468423282708
6.12,0.0076459850508438995,0.00575216574304996,-0.02223532456081943,-0.0014909863052200746,0.019210267362991,-0.008882107290845353
6.140000000000001,0.008408818512717674,0.004609085797707109,-0.02100793753526151,-0.0025233222963895784,0.01971066371756259,-0.009197308196336285
6.16,0.00781891024159823,0.006290340097767413,-0.02256308321052422,-0.0008083351591595987,0.018823870005056153,-0.009561701974737973
6.18,0.008590461827458658,0.005132985494053307,-0.021329397099582724,-0.0018742618495476665,0.019334937254404192,-0.009854725626785767
6.2,0.00800702767245856,0.006802167615747324,-0.022881590231659494,-0.00018884871862218395,0.018456146261283283,-0.010194902599207491
6.22,0.008786503908740466,0.005630151894197022,-0.02164319916768373,-0.001286070126064435,0.018978384153500814,-0.010465770662690135
6.24,0.008208691657706891,0.007286891782374042,-0.023193886379778494,0.00037186815327583357,0.018108306810539078,-0.010781872024117352
6.26,0.00899524988494307,0.00609980503960422,-0.021952193970383567,-0.0007543822308463242,0.018642237086862693,-0.011030715810180095
6.28,0.008422160690188269,0.007743711705634412,-0.023502626328799608,0.0008781497309836988,0.017781597065752046,-0.011322992863758818
6.3,0.009214913155027388,0.006541131683666796,-0.022258850075120462,-0.00027489380836474495,0.018327749383256948,-0.011550050338465925
6.32,0.008645606492029712,0.00817180339760948,-0.023810087616372475,0.0013342701358127968,0.01747726871431815,-0.011818861123397664
6.34,0.009443624791744903,0.006953306211849664,-0.022565263558183033,0.00015663847321070292,0.018036167475862678,-0.012024473394484916
6.36,0.008877123729442729,0.008570340374283199,-0.02411818015779594,0.0017444417365671666,0.017196553112104527,-0.012270278794601684
6.38,0.009679443576941393,0.007335510873414081,-0.02287316783686188,0.0005443942428790974,0.017768705268716267,-0.012454886125088957
6.4,0.009114740326871477,0.008938513560252164,-0.024428456506024886,0.0021128114673069956,0.01694063666248331,-0.012678245510889063
6.42,0.009920366609431863,0.0076869553028456284,-0.023183944329745493,0.0008924847871789294,0.017526520541255454,-0.01284238291096638
6.44,0.009356428325894658,0.009275550467820736,-0.02474212301542164,0.0024434553045729343,0.016710638286749444,-0.013043949369616132
6.46,0.010164340435110553,0.008006895292176849,-0.02349863409203496,0.001204946699523788,0.017310693484242072,-0.013188241819018303
6.48,0.009600115242467112,0.009580733603154144,-0.02506005204408089,0.002740371159746373,0.016507589065462368,-0.013368757026749107
6.5,0.010409272656116861,0.008294650758813598,-0.023817950548386924,0.0014857340794644312,0.01712220743303056,-0.013493914379038527
6.5200000000000005,0.009843695882160436,0.009853418036000336,-0.02538279530379747,0.003007470451783272,0.01633241410259532,-0.013654203168741894
6.54,0.01065304398083344,0.008549622837914779,-0.02414229341885404,0.0017387095503920735,0.0169619318364052,-0.013761014786691452
6.5600000000000005,0.01008504457690503,0.010093048054499386,-0.025710598438669043,0.0032485686311294424,0.016185916636653516,-0.013901979460518334
6.58,0.010893520679197119,0.008771310014077372,-0.024471763904252795,0.001967634367563809,0.016830607471770422,-0.013991308628355927
6.6000000000000005,0.01032202780825445,0.010299172813220443,-0.02604341688310808,0.00346737492674294,0.016068764395959088,-0.014113923061068843
6.62,0.011128567408175619,0.008959323194712045,-0.02480618116629483,0.002176157887231355,0.016728833891165282,-0.014186701214989472
6.640000000000001,0.010552517181469708,0.010471460871176936,-0.026380933018392776,0.0036674815848955224,0.015981478169740767,-0.014292004788890157
6.66,0.011356060370400673,0.009113399617326053,-0.025145100105653777,0.0023678066621451617,0.01665705905799355,-0.014349225602211661
6.68,0.010774402711699119,0.010609713507789139,-0.026722574614440386,0.0038523528607605087,0.015924422543186156,-0.014438317008994537
6.7,0.011684322474348429,0.009178204620797919,-0.02548783040850376,0.0025459734188673045,0.016615571112085267,-0.014536241217595156
6.72,0.011090865525395595,0.010661797328743748,-0.027068085449671597,0.00402531401186455,0.015897246313983565,-0.014607137730315864
6.74,0.01198691204125724,0.009217020326290007,-0.025834517044469596,0.0027138951327629296,0.0166034303408934,-0.014686740796733978
6.76,0.01138120661771615,0.01068757091733723,-0.027416852278353214,0.004189508519525384,0.015899574284248846,-0.014741008060474396
6.78,0.01226307923588949,0.009229227037276076,-0.026183844244621182,0.002874625005632161,0.016620785674307876,-0.014803872708484421
6.8,0.011644682516802812,0.010686517895566211,-0.02776747712022862,0.004347916986776387,0.015931451914483367,-0.014843092193400156
6.82,0.01251207563413486,0.009214425210200399,-0.0265343392059766,0.003031060069717996,0.016667589112612423,-0.014890810820689077
6.84,0.01188055882560584,0.010658344421187878,-0.02811841571725095,0.004503358687919445,0.01599272816206668,-0.014916574379528895
6.86,0.012733169818464651,0.009172439483828877,-0.02688439312592673,0.0031859306188126817,0.016743597198744117,-0.014950743993923595
6.88,0.012088125667393984,0.010602982442502443,-0.02846799901438553,0.004658481467537058,0.016083057716513874,-0.014964648279561833
6.9,0.01292566269526718,0.009103321069308981,-0.02723228305820743,0.0033417906579983306,0.016848373927631367,-0.014986865291998427
6.92,0.012266712827183461,0.010520591252642925,-0.02881445535710704,0.004815752717699626,0.016201904613230084,-0.014990506053649055
6.94,0.013088902480241804,0.009007348383922196,-0.02757619438235015,0.0035010094880518986,0.01698129497434338,-0.01500236094420913
6.96,0.012415704527630874,0.010411557235852553,-0.029155933189526313,0.00497745153646321,0.016348547106339296,-0.014997327216759618
6.98,0.013222299282583077,0.008885025831841285,-0.02791424366376178,0.0036657645141198736,0.01714155312172112,-0.015000399086503574
7.0,0.012534553762889566,0.010276491720019942,-0.02949052402446709,0.005145662144224809,0.016522083681647426,-0.014988267284314653
7.0200000000000005,0.013325339204061046,0.008737080658502552,-0.028244501671235427,0.0038380353418055926,0.01732816477004086,-0.014984118303174624
7.04,0.012622796099858238,0.010116226874615516,-0.029816285449006462,0.005322268608318345,0.01672144009402848,-0.014966446227814116
7.0600000000000005,0.013397597855703857,0.00856445783137491,-0.02856501631330536,0.00401959919807314,0.017539977415677255,-0.014956615987523802
7.08,0.012680062843687577,0.009931809620431074,-0.030131263926020342,0.005508950901078131,0.016945377319071843,-0.014934936758248285
7.1000000000000005,0.013438753183122635,0.008368312928265894,-0.028873835254385027,0.0042120276898966824,0.017775677992320778,-0.014920936539220962
7.12,0.012706093453714212,0.00972449354689789,-0.03043351715436599,0.005707182292973448,0.017192500316360486,-0.01489675245558005
7.140000000000001,0.013448597481861255,0.00815000304443411,-0.02916902797614784,0.005819017417678813,0.015229136923204392,-0.013477726891030732
7.16,0.012714778180768075,0.009495728863552506,-0.030707102809235737,0.007264493597254159,0.01474066868705193,-0.013508566519390933
7.18,0.013454254052400572,0.007911356205885687,-0.029421502282592285,0.007329976002208519,0.01286755417741278,-0.012141638155315274
7.2,0.012717646599055357,0.009247968924094055,-0.03093862610113261,0.008730380836734806,0.012467431180876848,-0.012224801439628457
7.22,0.013452590429469802,0.0076551303455722535,-0.029632621016318264,0.008753969867913911,0.010678298711876056,-0.01090736833851376
7.24,0.012711797893800733,0.00898396794353753,-0.031129336731013497,0.010113513679784207,0.010360463408516936,-0.01104040619462591
7.26,0.01344092252950806,0.0073840825152400105,-0.029803526337286036,0.010099276694098876,0.008649343988272882,-0.009770099389833795
7.28,0.012694769499161967,0.008706481062298963,-0.031280286386933115,0.0114217950909931,0.008408026677775435,-0.009950785943296354
7.3,0.013416995393825036,0.007100970796719811,-0.029935183541251922,0.011373428656982964,0.00676923205608018,-0.008725443362356066
7.32,0.012664518238782127,0.008418264626541185,-0.0313923707262246,0.012662403567851616,0.006598934047223881,-0.00895174975417421
7.34,0.013378964680116926,0.006808553013934188,-0.03002842126017855,0.01258325375172638,0.005027041475379902,-0.007769391660978847
7.36,0.012619402068642704,0.008122073436317519,-0.03146636776543012,0.013841833539993468,0.0049225200600664315,-0.008039461339590007
7.38,0.013325378613791856,0.006509582588049285,-0.030083968103202144,0.013734915354609767,0.0034123587644363505,-0.006898267217685119
7.4,0.012558162147027223,0.00782065530852402,-0.031502972742077424,0.01496593407858656,0.0033686138590362574,-0.007210392651096636
7.42,0.013255160137304363,0.006206801887015054,-0.030102485807981458,0.01483395016112089,0.0019152530879245294,-0.006108679465383378
7.44,0.012479904984290077,0.007516743309205291,-0.03150282952479978,0.01603994604139445,0.0019275154122198044,-0.006461280222309843
7.46,0.013167589024788196,0.0059029334266879506,-0.030084598985568617,0.015885304615884922,0.0005262539290649054,-0.005397482010857359
7.48,0.012384084455268432,0.007213046014138911,-0.03146655866234468,0.017068537761331565,0.000589974605302426,-0.005789084173696656
7.5,0.013062283760465952,0.005600669283411437,-0.03003092155651255,0.0168933699347692,-0.0007636684873870962,-0.004761732934746943
7.5200000000000005,0.012270483489446699,0.00691223615743229,-0.031394782176947626,0.018055839372698928,-0.0006528270224117122,-0.005190949820218577
7.54,0.012939183012559996,0.005302659076696797,-0.029942079990939775,0.017862015807674894,-0.0019631202342607415,-0.004198657671731174
7.5600000000000005,0.012139195287973623,0.006616938024708555,-0.03128814522248028,0.019005475859128575,-0.0018092921026191776,-0.004664171846711296
7.58,0.012798526569190612,0.005011496875420851,-0.029818733480049566,0.018794622861996933,-0.003080298379795449,-0.0037056144467633822
7.6000000000000005,0.011990603952015013,0.006329713940090621,-0.029772075954910958,0.017170081325813377,-0.001512162225925955,-0.004206161037082095
7.62,0.012640835638642952,0.004743469908037959,-0.02834124517176985,0.01702585502974615,-0.0028025738373017146,-0.003266341567355497
7.640000000000001,0.011825639052974422,0.0060797311980643615,-0.028330720830239072,0.015465491106790224,-0.0012523671650422547,-0.0037877733625476797
7.66,0.012467694364491678,0.004512326455486815,-0.026934806744233205,0.015383629658945268,-0.0025617860760851685,-0.002867057658605388
7.68,0.011646217552530072,0.0058662421208264355,-0.026956840298690544,0.01388317020935352,-0.0010290892815792492,-0.003409700302440235
7.7,0.012281053808636078,0.004317419477766403,-0.025592509654271678,0.013859582226399257,-0.0023572240311344164,-0.002508321827395647
7.72,0.011454323819945173,0.00568869433807382,-0.025643855740313647,0.012414921201421006,-0.0008417192475177093,-0.0030723643716086438
7.74,0.012082931078971654,0.004158276651688613,-0.024308090017950063,0.01244567534548453,-0.00218836680615647,-0.002190426252038264
7.76,0.011252005437796248,0.005546691023921853,-0.024385817516468164,0.011052864675302535,-0.0006898208925285611,-0.0027759227280239073
7.78,0.011875403918219134,0.004034561968217902,-0.02307589708515567,0.011134180544406708,-0.0020548493589678425,-0.001913399986720235
7.8,0.011041366659424262,0.005439953819756076,-0.023177373797964255,0.009789422272175932,-0.0005730976711375379,-0.0025202712822544777
7.82,0.01166060306214156,0.003946040041421911,-0.02189086245443779,0.009917662500917624,-0.001956429776919464,-0.0016770133731238437
7.84,0.01082455976334532,0.005368288486510155,-0.022013740100529377,0.00861730206050229,-0.0004913606908108658,-0.002305049519017522
7.86,0.011440702619988453,0.0038925431656419394,-0.02074846996918583,0.008788965538332362,-0.0018929580947050796,-0.001480783260071846
7.88,0.010603774564397398,0.00533155331569511,-0.020890669478405295,0.00752948608438837,-0.0004444982648047999,-0.0021296462212707853
7.9,0.011217908743450225,0.003873941141796612,-0.01964472625404735,0.007741202209151607,-0.0018643466295002293,-0.0013239792108508635
7.92,0.010381226353356665,0.005329630311663567,-0.01980442334250346,0.006519219917992388,-0.00043244697604792224,-0.001993206264461235
7.94,0.01099444686082609,0.0038901138759454175,-0.018576131864056652,0.0067677438112321775,-0.0018705418304623305,-0.0012056308534847025
7.96,0.010159142545571648,0.005362399138950369,-0.018751742881078774,0.005580004079233491,-0.000455164259906868,-0.0018946386227698653
7.98,0.010772547760201201,0.003940926733935302,-0.01753965302853864,0.0058622126971672114,-0.0019114976606238096,-0.0011245365021412654
8.0,0.00993974832426583,0.005429713808914063,-0.017729821068637554,0.004648998408830024,-0.0003994250112502284,-0.0018892144621221337
8.02,0.010553868153492208,0.004026208616165442,-0.016533258670685728,0.004963576271287381,-0.0018762211679615515,-0.0011341732022977526
8.040000000000001,0.009724149718932389,0.005531370776779018,-0.01673737720184037,0.0037820280500830473,-0.0003866045399503001,-0.0019135668040037876
8.06,0.010340141661840902,0.004145699616986537,-0.015555226975642841,0.0041258497764511395,-0.0018834631561211324,-0.001173000923514606
8.08,0.009514666326742492,0.0056670718453274965,-0.015772281749329937,0.0029727726907075834,-0.00041571943976804966,-0.001966509673679585
8.1,0.010133660197282348,0.004299062559988475,-0.014603621855786468,0.003342845988453737,-0.0019322240827662105,-0.0012397228071718818
8.120000000000001,0.009313552076728517,0.005836446295791144,-0.014832793689819419,0.0022151891736171326,-0.000485767016340121,-0.002046626839977253
8.14,0.009936643190921753,0.004485880398944983,-0.013676882049758367,0.002608653702159254,-0.002021475917910705,-0.0013328193243569183
8.16,0.009122981282678277,0.006039036939184286,-0.013917533154950352,0.0015035095816555602,-0.0005957069074602623,-0.002152287741107509
8.18,0.009641870398669672,0.0047603201919360115,-0.01277379411038244,0.0019176364079487138,-0.002150144641875029,-0.0013958882462969278
8.2,0.008838931421059995,0.00632679548071822,-0.013024909099690672,0.0008322404457572974,-0.0007438973907054932,-0.0022291608571393478
8.22,0.00937075039983442,0.005061017768522415,-0.01189240671635039,0.001264442966944623,-0.002316033762850749,-0.0014877706561003195
8.24,0.008579220985030694,0.0066406894392836546,-0.012153752332267261,0.00019619484046850568,-0.0009287428597666019,-0.0023336100727489916
8.26,0.009124530618940068,0.005387725615689383,-0.01103228293378109,0.0006440263075200055,-0.0025180917240374347,-0.001605907884330932
8.28,0.0083450713147689,0.006980392314820306,-0.011303759650201431,-0.0004095343989975506,-0.0011491488725169042,-0.0024630207078733196
8.3,0.008904412261098015,0.0057400275546640985,-0.010193240024641824,5.1608257730250266e-05,-0.0027551632860207545,-0.0017476447628297846
8.32,0.008137647210053271,0.007345409543093039,-0.01047487036279949,-0.0009895840950897414,-0.0014039127155292806,-0.002614689579727796
8.34,0.008711530050617247,0.006117340527579928,-0.009375326525520571,-0.0005173173440309386,-0.0030259814010422863,-0.0019102453076033786
8.36,0.007958037474349177,0.007735080970416156,-0.009667243500958366,-0.0015483174046342424,-0.0016917161860271032,-0.002785841353145622
8.38,0.00854693355156947,0.006518917787496543,-0.008578799626530777,-0.002467423481101901,-0.0005282762121892459,-0.003491352019244088
8.4,0.007793225457360112,0.008148584657483887,-0.008895246619182439,-0.003434333451126012,0.0007059285948969649,-0.004318158639432514
8.42,0.008384403815812876,0.006943572918715254,-0.007831269784922268,-0.004290956033010949,0.0017706639861341691,-0.004976414902729081
8.44,0.007632595247699371,0.00858412454620731,-0.008170914585855529,-0.005199818174500141,0.002911174711460978,-0.005757161745011991
8.46,0.008227996533052555,0.007389215400203177,-0.007130122766501589,-0.005999784289676128,0.0038834649195984227,-0.006370769796676438
8.48,0.007479977399644303,0.009039625246711763,-0.00749186667139989,-0.006856180482414328,0.004936310635287949,-0.007107866127829797
8.5,0.008081331893370987,0.00785377269697104,-0.006473193247087825,-0.007604870614931938,0.0058220879722901235,-0.007679128700612388
8.52,0.007338775085687075,0.00951302327381122,-0.006856145772968292,-0.008413944800633266,0.006792989513800562,-0.008374697299697297
8.540000000000001,0.007947610352315131,0.008335179269799434,-0.005858715500020684,-0.009116314656979102,0.0075978868903799415,-0.008905646355494722
8.56,0.007211979650700414,0.010002257322310842,-0.006262170416625673,-0.009882793677775899,0.008492282806326685,-0.00956155568493637
8.58,0.007829627969757919,0.008831368098883637,-0.0052852766897156355,-0.010543394427232405,0.009221658436072094,-0.010053983387765609
8.6,0.007102185835607892,0.010505260923407433,-0.0057086892686630825,-0.011271607463978572,0.010044728022526508,-0.010671878048900178
8.620000000000001,0.0077297915062850536,0.009340264458699538,-0.004751772579825129,-0.011894604653261974,0.010703687297564528,-0.011127366029462018
8.64,0.0070116068326508225,0.011019957233323432,-0.005194737975567656,-0.01258850146140098,0.011460370872380396,-0.011708695501386014
8.66,0.007650133419006545,0.009859781708586276,-0.004257365486501947,-0.013177692795726946,0.012053785567934528,-0.012128642413298455
8.68,0.006942089294689049,0.011544255732094093,-0.0061049202146621784,-0.011070216847578028,0.011363480104982211,-0.012674688069525146
8.700000000000001,0.007592326861278613,0.010373955553439918,-0.005131442173807833,-0.01171197020519751,0.011951328199001115,-0.013074198234714302
8.72,0.00689485134230023,0.01204917355412408,-0.006945787147251574,-0.009655285293457425,0.011256158802585596,-0.013599111258300907
8.74,0.007556892160885362,0.010869264525664706,-0.005939994486507056,-0.010347341013788418,0.01183886350544058,-0.013977684691695174
8.76,0.006870031409795855,0.012535727571970816,-0.00772488230087797,-0.008339213432319532,0.011139289515353527,-0.014480952763922694
8.78,0.007543891922887335,0.011346563994710656,-0.006690336531084612,-0.009079371548220555,0.011717381914205209,-0.014838129752498035
8.8,0.006867608364470995,0.013004623505966867,-0.00844928796823476,-0.00711763004882997,0.011013973456125124,-0.015319287309498258
8.82,0.007553227401573722,0.011806413390970272,-0.007389327513771105,-0.007903737737334068,0.011588080176993207,-0.01565465571843203
8.84,0.0068873990895261935,0.013456285263627094,-0.009125636923397393,-0.00598626153731142,0.010881505318980376,-0.01611329121142485
8.86,0.007584637022263533,0.012249104991212578,-0.008043382705573294,-0.006816202107655626,0.011452336052320884,-0.016426493252568074
8.88,0.006929057925617403,0.013890883174909613,-0.009760122726865616,-0.004940910379225262,0.010743347810087352,-0.01686225580452349
8.9,0.007637696678219593,0.012674691635061058,-0.008658483090236513,-0.005812593795639538,0.011311682760299042,-0.017152994187703642
8.92,0.006992077800147972,0.014308361198976965,-0.010358508812456422,-0.003977436632973286,0.010601106019511473,-0.017565599573206702
8.94,0.00771182163405595,0.01308301344810526,-0.00924018389051101,-0.004888791563924839,0.011167783349277571,-0.017833642977002934
8.96,0.007075792878602459,0.014708463177690773,-0.010926136553529777,-0.0030917424171916738,0.010456501783095023,-0.018222878868666803
8.98,0.0078062698734104536,0.013473723646053155,-0.009793622172584032,-0.004040709795307722,0.011022405131737299,-0.01846806668330915
9.0,0.007179382579824103,0.015090758209000582,-0.011467932510405024,-0.002223589405854162,0.010199008304211457,-0.018777627176776956
9.02,0.00792070722353307,0.013846313491397548,-0.01032296331385551,-0.003212768346374999,0.010773235439993891,-0.019004524494694
9.040000000000001,0.007302940786436945,0.015454676392743215,-0.011987351065871003,-0.001432320410081443,0.009955148268127698,-0.019293093971355414
9.06,0.008054502404245734,0.01420016870796692,-0.010832117922168923,-0.002459285349233985,0.010538047378770872,-0.01950131521958062
9.08,0.007445173399398461,0.015799550076570874,-0.012488689408631121,-0.0007132410992350001,0.009725846350171078,-0.019768639318274293
9.1,0.008206303627611895,0.014534563847513822,-0.011325178271247571,-0.0017756055154797832,0.010317832918515518,-0.01995791660691388
9.120000000000001,0.007604670919544213,0.01612459985371003,-0.012975828311659134,-6.173675361292752e-05,0.00951215361345262,-0.0202038593214348
9.14,0.008374646102362023,0.014848673993026048,-0.011805824500829874,-0.00115714894611466,0.010113693999798846,-0.020374040648242383
9.16,0.0077799142259938414,0.016428958167002388,-0.013452240517862181,0.0005267360501935418,0.009315214295804964,-0.020598582221132554
9.18,0.008557958326903694,0.015141597971679095,-0.012277332925877375,-0.0005994042909036941,0.009926810035942504,-0.020749629117744223
9.200000000000001,0.007969281343969927,0.016711692168653872,-0.013920999093078876,0.0010566548837460813,0.009136234057376175,-0.020952863360667182
9.22,0.008754569319752454,0.01541238084153765,-0.012742584423587501,-9.792469265517202e-05,0.009758406962370068,-0.0210848480074175
9.24,0.00817105509775898,0.016971825872975882,-0.014384785966008257,0.0015324342119292004,0.008976449864850536,-0.021266979081506338
9.26,0.00896271669012731,0.01566003568175763,-0.013204073113238608,0.0003516736657363051,0.009609728001353608,-0.021380080925736247
9.28,0.00838343155851402,0.017208361623869885,-0.014845900864332908,0.0019584256318419184,0.008837101672536906,-0.021541419622429822
9.3,0.009180555464928967,0.01588356470003707,-0.013663915532076134,0.0007537106152314988,0.009482006293076356,-0.021635921541197756
9.32,0.008604529209500096,0.017420300882430087,-0.01530627084290974,0.0023389158191911064,0.00871940604096455,-0.021776881109176097
9.34,0.009406167600581513,0.016081979654300308,-0.014123860495395437,0.0011124388790707854,0.009376439522772466,-0.02185316516132963
9.36,0.008832398762919547,0.017606664322935103,-0.015767460583185185,0.002678122414692995,0.008624531810937886,-0.021974256728300345
9.38,0.009637572118955221,0.01625432156840772,-0.014585299810685095,0.001432039016632491,0.009294166649766662,-0.022032799543077
9.4,0.00906503357233518,0.017766511208282328,-0.016230683623120037,0.002980188098984886,0.00855357792600324,-0.022134627182485597
9.42,0.009872735815557337,0.016399679704474698,-0.01504927999421785,0.0017166126880571629,0.009236246818433878,-0.022175995032305225
9.44,0.009300380592677421,0.01789895799882518,-0.016696814653887906,0.003249173117254576,0.00850755346978739,-0.02225925052465666
9.46,0.010109584495134839,0.016517209737592343,-0.01551651511399662,0.0019701745057875484,0.009203640504225627,-0.02228409412874374
9.48,0.009536351845774916,0.01800319613211301,-0.017166402993713102,0.0034890465236910055,0.008487359957556367,-0.0223495514654222
9.5,0.010346014694696364,0.016606151062761063,-0.01598740085572142,0.0021966427460301634,0.009197192920760551,-0.022358600568526718
9.52,0.009770836353059798,0.018078508895699553,-0.017639687320769537,0.0037036764205798096,0.008493775894325314,-0.022407110242894938
9.540000000000001,0.01057990585658028,0.016665843149281007,-0.01646202987893325,0.0023998291956390415,0.009217619687380964,-0.022401168009948045
9.56,0.01000171249862229,0.018124287301384517,-0.018116611716601453,0.003896819467268829,0.008527443585783515,-0.022433651136457698
9.58,0.01080913291457123,0.016695740844987497,-0.016940208499131203,0.0025834284080649425,0.009265494731179378,-0.022413588399671842
9.6,0.010226860785031565,0.01814004485749935,-0.018596843039438798,0.004072109930048643,0.008588858163728244,-0.022431030696869005
9.620000000000001,0.011142471232276146,0.016639982533135998,-0.017421474699089008,0.002751006635630743,0.009341240373983595,-0.022453226075937475
9.64,0.010549864627371194,0.018073139818314272,-0.019080342894646624,0.004233048535522646,0.00867780399264127,-0.02245351407920276
9.66,0.011452828431036705,0.01656186312363908,-0.01790618209927828,0.0029059796219836048,0.009444053254597438,-0.022458542331978554
9.68,0.010849400849259717,0.017983419128743055,-0.01956669025894308,0.004382959235476491,0.008794048400550971,-0.022443137355087156
9.700000000000001,0.011739395267949412,0.016460459373034458,-0.018393192578326303,0.0030515841095419853,0.009574229897712054,-0.022432476069911608
9.72,0.011124659222483659,0.01787005937005689,-0.020054651227939167,0.004525007770432199,0.00893778661790226,-0.022402861752935842
9.74,0.01200134870583615,0.01633506294338914,-0.01888118547205233,0.003190905066457576,0.009731873488454354,-0.02237800473208489
9.76,0.011374823349710237,0.01773245539108896,-0.020542819856991468,0.004662202649094138,0.009109020236226143,-0.02233568176912801
9.78,0.012237867435277423,0.01618518644495226,-0.01936867813620638,0.0033268644231372003,0.009916893964534792,-0.022298134131695294
9.8,0.011599086085011485,0.0175702256334278,-0.021029639269082086,0.004797384298021055,0.009307558108913315,-0.022244614856291568
9.82,0.012448147214268446,0.01601056795097451,-0.01985404752854776,0.003462210720344763,0.01012900963858066,-0.02219588799562062
9.84,0.011796664751813568,0.017383215859481993,-0.021513423686561964,0.004933215194356667,0.009533018724353639,-0.022132690843443898
9.86,0.012631415983813017,0.01581117384974056,-0.02033555261951605,0.0035995098091721064,0.01036775023299986,-0.022074297256209494
9.88,0.011966816108979237,0.017171501155919294,-0.02199238118560622,0.005072171109031522,0.009784833931560937,-0.02200294111988477
9.9,0.012786948702239185,0.015587199915254129,-0.020811357421138613,0.0037411367167482575,0.010632461206543481,-0.02193638911964644
9.92,0.01210885100034918,0.01693538610315353,-0.02246463695473694,0.005216533561051483,0.010062253896830839,-0.021858387606648093
9.94,0.012914081825814034,0.0153390704979061,-0.021279554408482414,0.0038892687645678296,0.010922309251677788,-0.02178517593148334
9.96,0.012222148608175717,0.016675403023040037,-0.022928256825670675,0.005368383556483178,0.01036435317141236,-0.021702031533440615
9.98,0.013012227348853236,0.015067435759446997,-0.021738188097164695,0.004045879999406887,0.011236288844652643,-0.02162364385519507
10.0,0.012306170217108362,0.016392308241457383,-0.02338127083648189,0.005529596659130808,0.010690037754209583,-0.02153684203542425
10.02,0.013080886303302636,0.014773166902542895,-0.022185278534670855,0.004212736970663337,0.011573229735355926,-0.02145474137719394
10.040000000000001,0.0123604723828985,0.016087076329649026,-0.02382169658382539,0.005701839414415979,0.01103805303984701,-0.021365744582985124
10.06,0.013119661606202352,0.01445734937343792,-0.02261884446245778,0.0043913958632523795,0.011931805271274323,-0.021281367651709193
10.08,0.012384719389414971,0.015760892317461903,-0.024247562122775814,0.005886567124175563,0.011406992550502152,-0.02119160925877878
10.1,0.013128270133839699,0.014121274046424097,-0.02303692591017845,0.005990994477820438,0.009494954447854973,-0.01969856719576076
10.120000000000001,0.012392780811082861,0.015415141902475121,-0.02464284047245394,0.00743653106267148,0.00906411395113378,-0.019665727254909303
10.14,0.013133865738439063,0.013766707970715334,-0.0234102951304481,0.007494893701010093,0.007241704714147031,-0.01822687699386342
10.16,0.012396154167942779,0.015052221385603873,-0.024994063559652883,0.008895418443161588,0.006898438147795879,-0.018248168584851236
10.18,0.01313322506975466,0.013396355355458092,-0.023740300970429992,0.008912180814267189,0.005159353243953112,-0.01686081351300306
10.200000000000001,0.012391848602988234,0.01467483279946122,-0.025302466355908236,0.010271916062393653,0.004897573392182227,-0.0169337045011171
10.22,0.013123574733554879,0.013012923292365962,-0.024028070963765004,0.010251147397166453,0.0032358107550225965,-0.015595385214344889
10.24,0.012377313089010526,0.014285682983542766,-0.025569085500513736,0.011573937401815513,0.0030497224391325866,-0.015717570412987655
10.26,0.01310257206013432,0.012619123863494463,-0.02427455573138534,0.011519333238935245,0.0014595651170595178,-0.014426038548238205
10.28,0.01235041761350008,0.013887484033313458,-0.02579480184274211,0.012808665522867378,0.0013436481263700093,-0.014595413453308816
10.3,0.013068286657988138,0.012217672994533607,-0.024480569719551537,0.012723568308264238,-0.0001803511983392018,-0.013348607042895245
10.32,0.012309435000555332,0.013482950662098528,-0.025980379345984007,0.013982594101890115,-0.00023135736250862583,-0.013563243056051343
10.34,0.013019182459958195,0.011811286396586159,-0.024646828331640096,0.013870012939118073,-0.0016943901390235694,-0.012359263324998758
10.36,0.012253023090384965,0.013074794823588741,-0.02612650041601047,0.015101566749908481,-0.0016854998492371938,-0.012617384398634524
10.38,0.012954099995745639,0.011402672948718379,-0.024773981521807063,0.014964196366096373,-0.003092513847283126,-0.011454473941470202
10.4,0.01218020702473672,0.012665717950851788,-0.02623379772838163,0.016170814740731003,-0.003028507394661157,-0.011754434593276722
10.42,0.012872238653646386,0.010994525880164053,-0.024862643932442457,0.01601105372337176,-0.004384217443631454,-0.010630956881108286
10.44,0.012090361416672338,0.01225840117271452,-0.026302882644590145,0.017194993253464515,-0.004269651658061361,-0.010971221540199867
10.46,0.012773138725556504,0.010589512114272639,-0.02491342167245275,0.0170149616059569,-0.005578549050889335,-0.00988564172244396
10.48,0.011983192215256911,0.011855493869813726,-0.026334370321985406,0.018178216222188827,-0.0054177666032069515,-0.010264765382067106
10.5,0.012656663062367388,0.010190260135723234,-0.02492693584892969,0.017979772280554307,-0.006684127270216343,-0.009215632359498894
10.52,0.011858718109694582,0.011459600929999652,-0.02632890163801431,0.019124089875761308,-0.0064812647542973655,-0.009632242523143864
10.540000000000001,0.012522978201656234,0.009799346737811698,-0.024903842980087968,0.018908846625080074,-0.007709156304496862,-0.008618172279963175
10.56,0.011717251352806069,0.011073269056004838,-0.024907425671251794,0.01727627225806913,-0.006088414797596535,-0.009070952198031706
10.58,0.012372534865486647,0.0094330903952093,-0.023520207645192328,0.017128139474894288,-0.007336710070171967,-0.008076847020225939
10.6,0.01155965342496493,0.010725740373963503,-0.023559045571771447,0.015560311804280094,-0.005735101439786208,-0.008551558591650871
10.620000000000001,0.012206852287565772,0.009105264753505848,-0.022205983034466293,0.01547498801329743,-0.007003384094406151,-0.007577737925496605
10.64,0.011387778634800207,0.010416245822086383,-0.02227648566144112,0.013967590281719693,-0.005420461852476427,-0.008074667224688734
10.66,0.012027820121497584,0.00881520379220106,-0.02095422769647166,0.013940945957594248,-0.006708421459298017,-0.007121320715523214
10.68,0.011145411267325014,0.010144216000903712,-0.021053137413029478,0.012489830206398617,-0.005201980682346426,-0.007524339379251437
10.700000000000001,0.011783392316074174,0.008561840182464793,-0.019758650967980934,0.012517317335179875,-0.006505259336758504,-0.006598639528979403
10.72,0.010898780345348478,0.009908132882241617,-0.019883038918385335,0.011117967322347256,-0.005014936430464081,-0.007026905201087934
10.74,0.011535305450987469,0.008344381746882755,-0.01861361476555579,0.011195853320612618,-0.0063337707571209465,-0.006128154995806108
10.76,0.010649257773853357,0.00970786871680174,-0.018760862063125914,0.009844509852748236,-0.004859663241522377,-0.00658111103875504
10.78,0.011284992408400266,0.008162735090076402,-0.017514073279010098,0.009969196330041225,-0.006194311071707085,-0.005708539477800711
10.8,0.010398328502453197,0.009543362810396762,-0.017681843926100334,0.008662235534147043,-0.004736540553461532,-0.006185542367435135
10.82,0.0110339929033816,0.008016858303732447,-0.016455531226810507,0.008830252633906794,-0.006087266978051465,-0.005338305636158867
10.84,0.010147577175597364,0.00941459165512296,-0.016641757818964518,0.007564181356981961,-0.00464596587723309,-0.0058386264915046785
10.86,0.010783939327120464,0.007906732430765163,-0.015434015165659867,0.007772183041519222,-0.006013030033300751,-0.0050158096004442295
10.88,0.009898673251764778,0.00932154167039934,-0.0156368848076449,0.0065436351324831615,-0.004588329019835791,-0.005538636227166589
10.9,0.010536541186105388,0.007832335547828044,-0.0144460452773019,0.0067883953437393165,-0.0059719716219881385,-0.004739255178382711
10.92,0.009653354854703533,0.009264184562311595,-0.0146639857078299,0.005537596611718849,-0.00445092349662963,-0.005340226824274449
10.94,0.010293002684342849,0.007793619463995802,-0.013489171754359758,0.005817719586281237,-0.005853655155620543,-0.004561514824639587
10.96,0.009412309498095812,0.009242444000577697,-0.013721374135453183,0.004601670928595422,-0.00435551015345457,-0.005179540138361177
10.98,0.010054675108372765,0.007790455938576603,-0.012561280992338567,0.004913925311370564,-0.005777154079368536,-0.004420621286612828
11.0,0.009177506230177764,0.009256157094818477,-0.012806542793941892,0.003729313112003313,-0.004301463175481202,-0.005054970467576461
11.02,0.009823532895520943,0.007822646772122266,-0.011660072859490656,0.0040705979184740846,-0.005741811952621798,-0.004314892774004839
11.040000000000001,0.008950912195914481,0.009305095031634918,-0.011917400289053725,0.0029142498247616317,-0.004288111219526807,-0.004964745543730498
11.06,0.009601540299624664,0.007889919696786488,-0.010783649253783634,0.003281593355114724,-0.005746918352762843,-0.0042424857449793974
11.08,0.008792068677599692,0.009388947622451491,-0.011052243438920497,0.0021504775764362933,-0.004257127480614915,-0.005022122956952066
11.1,0.00944455718276436,0.007992488905657074,-0.009930486728018169,0.0025416131490819263,-0.005737773012264293,-0.0043103994972209
11.120000000000001,0.00864004412322712,0.009508412250611666,-0.010209718658924519,0.0014333656213341155,-0.004270547751878456,-0.005101555584369928
11.14,0.009295618394063643,0.008130346771989403,-0.009099376377205723,0.0018455046768510509,-0.005772369042817277,-0.004399724422881098
11.16,0.008497233414412863,0.009662835392884912,-0.009388776717380603,0.0007573051976117642,-0.004326934236246241,-0.005201663051282697
11.18,0.009047601925641916,0.008357516403259069,-0.00828942622158135,0.0011877971072786783,-0.005849241650291994,-0.004454247564306321
11.200000000000001,0.008259713260202651,0.009904015624331937,-0.008588137980826095,0.00011697494468672238,-0.0044242592864495766,-0.00526830656194564
11.22,0.008822242803119688,0.008612358694842332,-0.0074989866496112615,0.0005633178444134626,-0.005965814816273556,-0.0045331178764906645
11.24,0.008045603146487652,0.010172651874510705,-0.007806926092540412,-0.000492627212372596,-0.004560554120707943,-0.005358147595377406
11.26,0.008620939589447632,0.00889442645816741,-0.006727904923414979,-3.278902674510614e-05,-0.006120671579457425,-0.004634000517997534
11.28,0.007856258595955169,0.010468220298409478,-0.00704511228618545,-0.0010762111732043457,-0.004734364741704451,-0.005468790693270401
11.3,0.008445010701339845,0.009203108963029274,-0.005976263320899592,-0.0006050982692396216,-0.0063123045038316495,-0.004754453570398257
11.32,0.007692945861869652,0.010790034458117811,-0.006302890991209614,-0.0016382044448084532,-0.0049441423847740845,-0.005597742499195312
11.34,0.008295676535341065,0.009537634454013011,-0.005244355988530198,-0.002558689505745492,-0.003737530704244623,-0.006292734790833764
11.36,0.007542810102984433,0.01113724849194258,-0.00559467163926146,-0.0035275947761465518,-0.0024705162912246562,-0.007087275888294345
11.38,0.008146870632675735,0.009896793507703703,-0.004559839846318727,-0.0043855439715014795,-0.0013640575897260227,-0.007734222732833208
11.4,0.007395385458718949,0.011508044027054807,-0.004932533410766362,-0.0052963128414161295,-0.00019174214875797928,-0.008482841084833284
11.42,0.00800279595240329,0.010278473949827914,-0.003920142970407868,-0.006097571542711891,0.0008209150084988412,-0.009084470397610287
11.44,0.007254644538468776,0.011900324609131091,-0.004314138818773271,-0.006955805147560289,0.0019046351069378553,-0.009789660288204162
11.46,0.007867209199054322,0.010680582679920156,-0.00332314413679717,-0.007705769476573368,0.0028295071166519695,-0.010348385382255909
11.48,0.007124122112450546,0.012312006575012493,-0.0037375756155619455,-0.008516628309154266,0.003830419936418305,-0.011012344699165132
11.5,0.0077434372022696235,0.011101034284789866,-0.002767123160842143,-0.009220267168762245,0.004673216368466611,-0.011530297525921714
11.52,0.00700693126390951,0.012741008959259411,-0.003201308462531294,-0.00998849217754792,0.00559682086470439,-0.012154960447794096
11.540000000000001,0.007634392835864203,0.011537742220566185,-0.002250713874044177,-0.010650367735042849,0.00636296967584866,-0.012634023123192022
11.56,0.006905779178681201,0.013185245833857828,-0.002704133139047324,-0.011380300000960951,0.007214499222187906,-0.013221091094718659
11.58,0.007542590664383249,0.011988612295462692,-0.0017728595438506942,-0.01200458682522911,0.007909169125904905,-0.013662925716671041
11.6,0.006822982738152636,0.013642620827194989,-0.0022451331070122904,-0.012700186015901315,0.00869361226721254,-0.014213896709646559
11.620000000000001,0.007470162462688998,0.012451538212858701,-0.001332770564243696,-0.013290689061867533,0.009321732416822142,-0.014619973466258611
11.64,0.006760484041358204,0.014111023595412933,-0.003211381289633029,-0.011180064814958039,0.00865610798776428,-0.01513616951994435
11.66,0.007418872716009335,0.012910511364364389,-0.002262206450641732,-0.011823302385163461,0.00927780490209292,-0.01552168014666145
11.68,0.006719588420546117,0.014561403970171001,-0.004106829680590117,-0.00976368112359331,0.008606826984517176,-0.016017308571050867
11.700000000000001,0.007389324165484784,0.013351970098054852,-0.0031246652394036453,-0.010457385810551861,0.009222561971217865,-0.016381805184801996
11.72,0.00670051294866944,0.014994764050422752,-0.004939089106925245,-0.0084465237909896,0.008546713096980909,-0.016856377198158256
11.74,0.007381654584002391,0.013776754297038637,-0.00392752754241017,-0.009188487577991808,0.009157051471000918,-0.01719944523163997
11.76,0.0067033086140725895,0.015411793365774229,-0.005715307453723031,-0.007224203317366615,0.008476921654738644,-0.017652512863495815
11.78,0.007395834081440046,0.014185406464889522,-0.00467771732779313,-0.008012265100687152,0.009082520754868878,-0.017973778872718164
11.8,0.006727858298101721,0.015812898175488872,-0.006442181308895743,-0.006092427452264858,0.008398794992481353,-0.018404942704911345
11.82,0.007431664013824432,0.014578200480716987,-0.005381712816989049,-0.006924462091513909,0.0090003920472946,-0.01870408163333306
11.84,0.006773876598129968,0.01619822968198996,-0.0071259662028764735,-0.005046979794146762,0.008313837648977076,-0.01911299793207377
11.86,0.007488777654395305,0.014955169302593887,-0.006045556069982092,-0.0059208886891129135,0.008912237551609121,-0.019389739749503306
11.88,0.006840911324902054,0.01656771123197611,-0.007772485634671061,-0.004083701386189976,0.008223691376670157,-0.01977612691268728
11.9,0.007566642457591,0.015316131692598564,-0.006674861452624022,-0.004997404572788223,0.008819754438481363,-0.02003026256325868
11.92,0.006928346508050216,0.016921064578224686,-0.00838713908040604,-0.003198475291227431,0.008130110109212765,-0.020393906823854193
11.94,0.007664563753203643,0.015660718035876896,-0.0072748231846773825,-0.004149905041631364,0.008724739870709942,-0.020625293433481733
11.96,0.007035406751054501,0.017257835273431832,-0.008974909185086082,-0.002387214113455111,0.008034935050284128,-0.020966053776229267
11.98,0.007781689716461793,0.015988395323544895,-0.007850222171567113,-0.003374310016512898,0.008629066233694112,-0.02117461908562079
12.0,0.00716116278650336,0.01757741726391197,-0.009540368342342422,-0.0015897567965050758,0.007827882818752786,-0.02143633773032062
12.02,0.007917577200265135,0.016298491364781034,-0.008404872671899205,-0.002615104748741293,0.008430635205668726,-0.021626726350074395
12.040000000000001,0.007305600654339689,0.017879087913504017,-0.010086622301028672,-0.0008653520513806503,0.007635365369450104,-0.021868079584884487
12.06,0.008071489097703773,0.016590250482381396,-0.008942337852151245,-0.001926526776336349,0.00824712523167287,-0.022040000183270445
12.08,0.007467323563496008,0.018162048584899254,-0.010617621821942449,-0.0002093097102529425,0.007458371199058534,-0.022260811815258404
12.1,0.008241972481782989,0.01686282730272276,-0.009466365727905709,-0.001303923361855462,0.008079577930589598,-0.022414088625334175
12.120000000000001,0.007644823680827406,0.01842541009518328,-0.01113690533640274,0.00038298390083520167,0.007297986764684114,-0.022614299105127265
12.14,0.008427466326519474,0.017115297898253442,-0.009980296267545761,-0.0007427153481147064,0.007929117152241068,-0.022748869761353516
12.16,0.007836488958252627,0.018668215764213205,-0.011647607446140226,0.0009160717360168668,0.007155364661638567,-0.02292853367398104
12.18,0.008626308796157021,0.01729061988858496,-0.010374944773936995,-0.00029445535345383537,0.007796917948329828,-0.02304444650568098
12.200000000000001,0.008040051398679878,0.01883557552277384,-0.012043573815513634,0.001340543997323604,0.007031132405824539,-0.023203729509088226
12.22,0.008835658678829518,0.01745006107455409,-0.010775240981896434,0.00010758375884069954,0.00768308899076276,-0.02330115152109063
12.24,0.008253270755651588,0.01898625823499444,-0.012445825915450806,0.0017206025620302501,0.00692604264115921,-0.02344034827838468
12.26,0.009053839914382342,0.017591897524711395,-0.011182241334920325,0.00046707817623567433,0.007588984201541566,-0.023519558481950652
12.280000000000001,0.008474423333793722,0.01911856887653778,-0.012855272482112488,0.002059918897167342,0.006841424423202568,-0.023639063048588923
12.3,0.009279081504066596,0.01771447787349298,-0.011596726331075457,0.0007876975829752758,0.007515905740689227,-0.023700436370148622
12.32,0.00870169696263511,0.019230893177258398,-0.013272550299711751,0.0023621546229529128,0.006778543838415508,-0.023800738301550176
12.34,0.009509529933838702,0.017816239814044465,-0.01201920792219367,0.001073096990637159,0.007465082812970773,-0.02384474162929743
12.36,0.008933203604293557,0.01932171380804184,-0.01369803206968484,0.0026309525019789265,0.006738583807325911,-0.023926421651955392
12.38,0.009743261988012437,0.017895725934762737,-0.012449937862286124,0.0013269069620602517,0.007437652466014685,-0.02395360948856399
12.4,0.009166992332220396,0.019389625881555624,-0.014131835285032111,0.0028699259431661426,0.006722625918669408,-0.024017334790579457
12.42,0.009978297919035676,0.017951598831120217,-0.01288891711020514,0.0015527224788187812,0.007434642445990245,-0.02402834456475978
12.44,0.009401062649223305,0.019433351691222827,-0.01457383220310013,0.003082647275859125,0.006731634346447614,-0.024074863759652742
12.46,0.010212614943431302,0.017982655410588234,-0.01333590636823125,0.0017540907118891267,0.00745695614902627,-0.02407041084670368
12.48,0.009633378116202488,0.019451754599645564,-0.015023660985636638,0.003272635056851448,0.006766441874011717,-0.02410054866107458
12.5,0.01055498890450672,0.017932426361850773,-0.013790437812764412,0.0019344979604162989,0.007505359679121695,-0.024136835093131078
12.52,0.009967506998784818,0.019391590828154077,-0.015481291010814895,0.0034433406761791604,0.006827183574327527,-0.024148331066630686
12.540000000000001,0.010878405134381767,0.01791900260170757,-0.0143637794242739,0.002152788621130057,0.007579405343716379,-0.02416582227666187
12.56,0.010282708510392254,0.01936572169873126,-0.016054722791954683,0.0036517384917889805,0.006914542022379446,-0.024159987931337255
12.58,0.011183072414710343,0.017880015964625125,-0.014935281386216902,0.0023513773211071573,0.007680832878144737,-0.02416001719237046
12.6,0.010578547301449305,0.01931394062461989,-0.016626096531609496,0.003842259750693205,0.007029528860076907,-0.02413818000522981
12.620000000000001,0.011467932431804825,0.017814756748997882,-0.015504573137073272,0.0025340190896752652,0.007809967616687742,-0.024122102750092442
12.64,0.01085396665032224,0.019235616040016428,-0.01719491382336714,0.004018578408272051,0.00717237895949486,-0.024085626234738436
12.66,0.011731918356918987,0.017722686851663325,-0.01607103721264876,0.0027042973674199027,0.007966961838744145,-0.024054827202097603
12.68,0.011107908162812987,0.01913029320483933,-0.017760440378142863,0.004184192077860349,0.007343152110378904,-0.024005105177748703
12.700000000000001,0.011973968750132059,0.017603449676098455,-0.01663383095460833,0.002865614059444005,0.008151791531966936,-0.023960993063033127
12.72,0.01133932565958394,0.018997703406622157,-0.01832172832298345,0.00434241235404658,0.007541730707903449,-0.023899443805172674
12.74,0.012193041455363499,0.017456878530415842,-0.017191909327608265,0.0030211802164474494,0.008364254918653937,-0.023843445793272463
12.76,0.011547199037040169,0.018837771582236013,-0.018877639530772535,0.004496355852887389,0.007767819145831853,-0.023771506087222886
12.780000000000001,0.012388127450158349,0.017283003377226575,-0.017744048688379078,0.0031740075197325985,0.008603972626417435,-0.023705062285155877
12.8,0.011730548058227446,0.01865062222640246,-0.01942686981100957,0.004648936132409943,0.008020944792434315,-0.023624181398464596
12.82,0.01255826459929009,0.01708205580874923,-0.018288871324915412,0.0033269007200031667,0.008870389378207525,-0.0235487391813346
12.84,0.011888446015585214,0.018436583467171818,-0.019967973768494095,0.004802856629786855,0.00830046042229642,-0.023460372766346212
12.86,0.012702551246520113,0.016854472135551704,-0.01882487056243005,0.0034824511522196944,0.009162777074092557,-0.023377381045954018
12.88,0.012020033192765763,0.018196189205278494,-0.020499390117322568,0.0049606047236661595,0.008605547976028643,-0.023282984980416494
12.9,0.012820159564337562,0.016600894495892415,-0.0193504362156149,0.0036430314207236787,0.00948023913761803,-0.023193888402956785
12.92,0.012124530038551733,0.0179301792345987,-0.021019467222856275,0.005124447002046315,0.008935223521746239,-0.023094912574086707
12.94,0.012910348567764194,0.016322169914438446,-0.019863880154232565,0.0038107913208669077,0.00982171600268527,-0.023001145651522253
12.96,0.0122012499526132,0.01763949728428195,-0.021526488634302978,0.005296425788460286,0.009288343296602613,-0.02289902768765507
12.98,0.012972476685528998,0.016019347264059753,-0.02036346174171916,0.003987655036296177,0.010185991622483967,-0.022802008866649733
13.0,0.012249611570828978,0.017325286949417124,-0.022018698365869227,0.005478356952831877,0.009663610713280304,-0.022698167820489053
13.02,0.013006013770779026,0.015693672111779758,-0.020847412904288033,0.004175319625403545,0.01057170088952703,-0.022599293493201326
13.040000000000001,0.01226915042764,0.016988885505521717,-0.02249432568487013,0.005671829008671575,0.010059584224737569,-0.022495123481700734
13.06,0.013010552424159922,0.015346579459375237,-0.02131396259108399,0.005783209979067266,0.008161427480553688,-0.020987806752072125
13.08,0.012273617410346572,0.016631815632345035,-0.022937519819554993,0.0072298666169660335,0.007743179159704864,-0.02094095899980751
13.1,0.013013133441139422,0.014979965990012252,-0.021734046368411006,0.00729468222444813,0.005934398081616416,-0.019488133368805213
13.120000000000001,0.012274399441940493,0.016256596868935453,-0.023334967084560197,0.008696150579162629,0.005603611156730054,-0.019495790962208433
13.14,0.013010425547893395,0.014596652502356219,-0.022109158135844024,0.00871891567298554,0.0038778991660730748,-0.018094734753464205
13.16,0.012268401108108014,0.015866042037655428,-0.02368803825716435,0.010079454074933259,0.003628479719640515,-0.018154338683172865
13.18,0.012999554291772698,0.014199450857839104,-0.02244055168501945,0.010064282578627211,0.0019798342531227872,-0.016802570296342353
13.200000000000001,0.01225297346950116,0.015462957552685421,-0.023997887817054562,0.01138776612697228,0.001805982078933582,-0.016911791411037883
13.22,0.012978082360410878,0.013791167300474697,-0.022729286759041463,0.011338393067916647,0.00022868698316622484,-0.015607042952926985
13.24,0.012225894825133636,0.015050145040664408,-0.024265498120269905,0.012628335488693666,0.00012487826396062135,-0.015763755498182427
13.26,0.012943990742762765,0.01337460243886441,-0.022976271392405462,0.012548138075455531,-0.0013865119156829715,-0.014503947948994273
13.280000000000001,0.01218535216694357,0.014630399790974033,-0.024491719876082944,0.013807712618882174,-0.001425540094217625,-0.014706204606499209
13.3,0.012895660434042408,0.012952548233937612,-0.023182300583671697,0.013699730443042351,-0.0028762140867109355,-0.013489424440639738
13.32,0.01212992304081771,0.014206506384160465,-0.024677308984736423,0.014931789889027764,-0.0028554775301908443,-0.013735432799078672
13.34,0.012831854413212166,0.012527782345515904,-0.023348091364785353,0.014798744316395274,-0.00425037971503518,-0.012559909995302813
13.36,0.012058557557162954,0.013781231855309939,-0.02482295980691289,0.01600584014709523,-0.004174659353371635,-0.012848010399283596
13.38,0.012751699650658256,0.01210306019768263,-0.023474314344946283,0.015850152953766492,-0.005518500667574016,-0.01171209778958708
13.4,0.011970560324191245,0.013357316754609286,-0.024929334950727213,0.01703455374406613,-0.005392353344881954,-0.01204074252725749
13.42,0.012654668934824748,0.011681105126612204,-0.023561621822423225,0.01685836504541091,-0.0066896208369207,-0.010942896447503937
13.44,0.011865572109338834,0.01293746446905787,-0.02499709167784376,0.018022074116234934,-0.0065173887660965124,-0.011310630250691366
13.46,0.012540562339882658,0.011264596974255098,-0.02361067257374799,0.017827259631433362,-0.0077723539033456995,-0.010249392468477432
13.48,0.011743551068247978,0.012524329167252636,-0.025026905046461816,0.018972032006533763,-0.0075581728844659555,-0.0106548343111066
13.5,0.012409488191254012,0.010856159487159898,-0.023622153445614674,0.018760219697431964,-0.008774898712725467,-0.009628815217505735
13.52,0.01154690178014611,0.012120502722736211,-0.02363815108693989,0.017124904726676937,-0.007199220006350517,-0.009954938136268852
13.540000000000001,0.012208228463971555,0.010471592821372805,-0.02227061647276,0.016979536143702907,-0.008432402419224444,-0.008956338537062824
13.56,0.011340582917245191,0.011754198231292985,-0.02232170273239301,0.015408567301642237,-0.006873997764571704,-0.009307647953215701
13.58,0.011997771973458483,0.010124283945974038,-0.020987734565445466,0.015325429869777177,-0.008123604635755033,-0.0083361465880092
13.6,0.0111257106238454,0.011424844918872799,-0.021070332126328185,0.013814564276990937,-0.006582319234361987,-0.008712468459018964
13.620000000000001,0.01177930297509815,0.009813753196187623,-0.019766608024016103,0.013789605607079662,-0.00784839401989907,-0.0077676597344502624
13.64,0.010903532519292604,0.011132048822416106,-0.019877467526056077,0.01233475833838659,-0.006324148130645079,-0.008168724023394145
13.66,0.011554134553435794,0.009539678142596365,-0.018600977859187733,0.012364077104731138,-0.007606793235243766,-0.0072501187063317984
13.68,0.010675421218447641,0.010875555017678703,-0.01873716303979115,0.010961313316836382,-0.006099566368662885,-0.007675560144508691
13.700000000000001,0.011323700964387444,0.009301857071433597,-0.017485195840782362,0.011041151346363387,-0.007398927296481126,-0.006782586244920936
13.72,0.010442865549944873,0.010655212321885286,-0.01764406892006875,0.00968667955130267,-0.00590874316576365,-0.00723194533730043
13.74,0.011089547780218197,0.009100174974758778,-0.016414195073377345,0.00981341502490181,-0.0072249934345341,-0.006363949271967338
13.76,0.010207459693914872,0.010470940533111688,-0.01659340235809597,0.008503581411541759,-0.005751905641300486,-0.006836673639171863
13.780000000000001,0.01085332006796371,0.00893457210510924,-0.015383461054008481,0.008673723089695053,-0.00708523244903075,-0.005992921759728774
13.8,0.009970890478142843,0.010322700253297293,-0.015580918744031511,0.0074050068066151215,-0.0056293108926319,-0.0064883679013918475
13.82,0.010616748848142836,0.00880501513274279,-0.01438900318512882,0.0076151892016116576,-0.006979901536336963,-0.005668048461031502
13.84,0.009734923086388536,0.010210465324109751,-0.014602883374001664,0.0063277330412760836,-0.00542828857955651,-0.006241949498216198
13.86,0.010381071043210646,0.00871147092483396,-0.013427890189213436,0.006576453573206818,-0.006798674519722821,-0.0054424308323151645
13.88,0.009500284913367591,0.010134186610409003,-0.01365714258033907,0.005327073348912729,-0.005270515367026515,-0.006033886925323739
13.9,0.010147683335518803,0.008653849917082507,-0.012497555845822642,0.0056109715416203295,-0.006660504108713596,-0.005254444839685403
13.92,0.00926899674908426,0.010093750655264511,-0.012740751817392327,0.004396212314523999,-0.00515533966595206,-0.005862868235528383
13.94,0.009918618095323158,0.008632013366163264,-0.01159527707202966,0.004712060199328842,-0.006564721186192125,-0.00510269340259348
13.96,0.009043090780019181,0.010088997488737225,-0.011851211525541855,0.003528609923286778,-0.005082089379501352,-0.005727397286999977
13.98,0.009695911151995907,0.008645766461162064,-0.010718761685372977,0.003873310269683504,-0.0065106266127068725,-0.004985599584761625
14.0,0.00882459421248121,0.010119702448655234,-0.010986439051302584,0.0027179984747875774,-0.005050052876303532,-0.005625803208317907
14.02,0.009481585202959065,0.008694841468254201,-0.009866120622686157,0.003088583654198185,-0.006497472991644261,-0.004901416711081031
14.040000000000001,0.008615512584747374,0.010185560554396261,-0.010144741109554914,0.00195838071067622,-0.005058461545002671,-0.0055562511952622715
14.06,0.00927763304577177,0.008778883382358094,-0.00903584069979251,0.0023520121403224447,-0.006524448051078019,-0.00484823981758178
14.08,0.008417813037710173,0.010286173336810369,-0.009324786785690124,0.0012440290464923323,-0.005106473998151154,-0.005516754637171595
14.1,0.009086000897231945,0.00889743798085445,-0.008226757908000443,0.001657997160752634,-0.006590659714000175,-0.00482401841683841
14.120000000000001,0.008233407800413518,0.010421038012449159,-0.008525581071777363,0.000569485798631108,-0.005193162000692158,-0.005505188539024266
14.14,0.008908572048093592,0.0090499421606836,-0.007438031239214734,0.0010012104942657399,-0.006695122934137653,-0.0048265705296905445
14.16,0.008121350122858795,0.010589538877810264,-0.007746438926394341,-7.043570487776233e-05,-0.005260286208729213,-0.005633728160667745
14.18,0.008800812174177294,0.009236287334616157,-0.006669117026795092,0.0003771682119611667,-0.006783090308816015,-0.004962060385143511
14.200000000000001,0.00802113841779948,0.010792036401597297,-0.00698694841901202,-0.0006795520418896113,-0.0053689695279695495,-0.005777704830525596
14.22,0.00859671043920645,0.009510776461506467,-0.005919710678139913,-0.00021845939753669833,-0.006911776995049944,-0.00505753982998636
14.24,0.007828917917804079,0.01107998164549699,-0.0062463817873605314,-0.0012626414793481895,-0.005516929736551156,-0.005882946560041193
14.26,0.008417799860890843,0.009811547711836639,-0.005188691842691752,-0.0007902986014695615,-0.00707834879836301,-0.005172008330203158
14.280000000000001,0.007662563204110076,0.011393861613703114,-0.005524367973685667,-0.0018241564708068455,-0.005701934050085428,-0.006005966323235251
14.3,0.008265336467426793,0.010137881237382525,-0.004476389527937751,-0.00274216976464124,-0.004482085921851949,-0.006702572490378379
14.32,0.0075092679036262815,0.011732880606185884,-0.004835338947715329,-0.0037118752261904382,-0.003207002520665218,-0.007487931815241181
14.34,0.008113314015583217,0.010488616017126189,-0.0038104712005089794,-0.004567552424368441,-0.002087697584800388,-0.008136208823031597
14.36,0.0073586105886005535,0.012095267472478534,-0.004191400178324477,-0.005479166997541338,-0.0009074840009457519,-0.00887582688426752
14.38,0.007965964976698658,0.010861685330007743,-0.0031884056531583578,-0.00627834386085759,0.00011764699420235914,-0.009478547786892812
14.4,0.007214593290029217,0.012478969497626146,-0.0035902549619497358,-0.007137465740084871,0.0012091048371764724,-0.010174946922797228
14.42,0.007827075210123133,0.011255037836860528,-0.0026081121195413743,-0.007885529143574046,0.0021460938016868714,-0.010734565585555113
14.44,0.007080779691613993,0.012881943158209131,-0.0030300316018447024,-0.008697315955194716,0.003154592265036696,-0.011389967557820402
14.46,0.007700000068016023,0.01166662637818657,-0.002067910676197074,-0.009399225934059573,0.004009162172894727,-0.011908652008840673
14.48,0.006960311019504353,0.013302144211471287,-0.002509235130820726,-0.01016841586149624,0.004940206564340849,-0.01252501080299952
14.5,0.007587680063026663,0.012094399337451833,-0.0015664752631981446,-0.01082872610637596,0.005717796865934926,-0.013004674896839317
14.52,0.006855921594090674,0.013737520213946234,-0.0020267015553432537,-0.011559657589633482,0.006576625174790028,-0.013583707837850201
14.540000000000001,0.007492656289274997,0.012536294300858581,-0.0011027891311345252,-0.012182534591923309,0.007282414367920425,-0.01402604123499617
14.56,0.006769954211912733,0.014186005214531353,-0.0015815544395385089,-0.012879164799815166,0.00807401822679307,-0.014569258413883481
14.58,0.0074170857438460615,0.01299023377205079,-0.0006761025438275052,-0.013468405839873335,0.008712943741200395,-0.014975754873396408
14.6,0.006704375484762911,0.014645516394006153,-0.002562348448397134,-0.01135595854757562,0.008052901993008106,-0.015484486875804416
14.620000000000001,0.007362756657255666,0.013440220737307256,-0.0016195990316502991,-0.011998160894463252,0.008685154867862822,-0.015870372336312194
14.64,0.006660513415048929,0.015087000469186299,-0.0034715212213989387,-0.009936826477032526,0.0080196790053479,-0.016358845191151664
14.66,0.007330293060023279,0.013872705063417194,-0.0024953239820705965,-0.010629709825135652,0.008645721979346103,-0.01672368629558033
14.68,0.006638605293116455,0.0155114850583462,-0.004316732362569878,-0.008617235977166793,0.007975289647218721,-0.017191411658944705
14.700000000000001,0.007319852155402096,0.014288550597059491,-0.0033107061783488522,-0.009358580270199455,0.008595688905596284,-0.017534805209509563
14.72,0.006638720717217838,0.015919682432906448,-0.005105177606628637,-0.0073927776078211325,0.007920884875470182,-0.0179813328111447
14.74,0.007331421830732633,0.014688321115834017,-0.004072716845398855,-0.008180410515685105,0.008536298220153844,-0.018302913805636537
14.76,0.00666075948033462,0.016312018983814024,-0.005843600469429355,-0.006259140619240174,0.00785780204679337,-0.018727839422272487
14.780000000000001,0.007364819489281501,0.015072309245356432,-0.004787880546250594,-0.007090926540003902,0.008468966908337575,-0.019027288556721013
14.8,0.006704451330332646,0.01668866359108203,-0.006538302481233147,-0.005212091466347818,0.007787540411399651,-0.019430261385233363
14.82,0.007419692670912545,0.01544056431338606,-0.005462284754984568,-0.0060859220519940225,0.008395261760549427,-0.019707311937869443
14.84,0.006769357430196705,0.017049554969724195,-0.007195152194997803,-0.004247455313288495,0.007711736397486105,-0.020088041289120707
14.86,0.00749552129030266,0.01579291921444823,-0.006101588300727142,-0.005161241512257484,0.008316874625014861,-0.020342485316781126
14.88,0.006854873349751011,0.017394428065435702,-0.007819593166479058,-0.003361100512079229,0.0076321388311000595,-0.020700746567728485
14.9,0.007591621327382212,0.016129016357747803,-0.006711028881986308,-0.004312766114221008,0.008235597673144267,-0.020932440362066967
14.92,0.0069602334274870585,0.017722839571863526,-0.008416651107519017,-0.0025489260240991914,0.007550584252568356,-0.021268080120300733
14.94,0.007707149813055303,0.016448332768763823,-0.00729542985495641,-0.0035364026847856675,0.00815329884500168,-0.021476948887078726
14.96,0.007084516350581974,0.01803419263796032,-0.008990940417898935,-0.0018068517351217325,0.007468972502464508,-0.021789889337986135
14.98,0.007841110963627393,0.016750204410630562,-0.007859206502998903,-0.0028280754450183583,0.008071897651650051,-0.021975931077890747
15.0,0.007226651812429109,0.018327760828637015,-0.009546670304124342,-0.0010747781484105306,0.007277175865661773,-0.02221014005419302
15.02,0.007992922461919108,0.01697794669392724,-0.00829400676252231,-0.002188226342884124,0.007889428896537019,-0.02237806494697693
15.040000000000001,0.007385931702661299,0.018549107899076267,-0.009978245811136328,-0.00046549702228265054,0.007100928786909932,-0.022592225555228516
