Time,Agent[1],Agent[2],Agent[3],Agent[4],Agent[5],Agent[6]
0.0,0.0,0.0,0.0,0.0,0.0,0.0
0.02,0.0,0.0,0.0,0.0,0.0,0.0
0.04,0.0,0.0,0.0,0.0,0.0,0.0
0.06,0.0,0.0,0.0,0.0,0.0,0.0
0.08,0.0,0.0,0.0,0.0,0.0,0.0
0.1,0.0,0.0,0.0,0.0,0.0,0.0
0.12,0.603977456590991,0.5835819297176437,0.5847307073264895,0.6062679816010298,0.6266616795173353,0.6255199575802705
0.14,1.2021234102910825,1.161354266333836,1.163685788966062,1.2067713672044031,1.2475367149253738,1.2452203383588447
0.16,1.7944411727812446,1.7333209059743333,1.7368698087180947,1.8015148308327738,1.8626293054102074,1.859104648296635
0.18,2.3809339952602864,2.299485684779342,2.3042872478953544,2.39050293514018,2.471943539293575,2.4671763112064484
0.2,2.9616050698703407,2.859852380118002,2.865942507120616,2.973740134464819,3.0754833970994477,3.0694386707717354
0.22,3.5364575310888764,3.414424711772696,3.4218399080420006,3.5512307777124117,3.673252754482397,3.665894992512204
0.24,4.1054944570881595,3.9632063430934945,3.971983694973135,4.122979111084805,4.265255385028882,4.2565484656987
0.26,4.6687188710630165,4.50620088212321,4.516378036463188,4.688989280667213,4.851494962941229,4.841402205220138
0.28,5.226133742527679,5.043411882693378,5.055027026801635,5.249265334885762,5.431975065612993,5.420459253404365
0.3,5.777741988582484,5.574842845491533,5.587934687461851,5.803811226846062,6.006699176103845,5.99372258179559
0.32,6.323546475151114,6.1004972191000695,6.11510496848754,6.352630816562417,6.575670685521193,6.561195092889901
0.34,6.863550018189042,6.620378401007084,6.636541749825311,6.895727873086148,7.138892895315084,7.122879621831189
0.36,7.397755384863833,7.1344897385893855,7.152248842606699,7.433106076540968,7.696369019492355,7.678778938068792
0.38,7.92616529470787,7.64283453006807,7.662229990382317,7.964769020072295,8.24810218675568,8.22889574697889
0.4,8.448782420744093,8.145416025436818,8.166488870310905,8.490720211717042,8.794095442572088,8.773232691450852
0.42,8.965609390585277,8.642237427363245,8.665029094305572,9.010963076199454,9.334351751175864,9.311792353440284
0.44,9.476648787507392,9.133301892063525,9.157854210139437,9.52550095665841,9.868873997509791,9.844577255489975
0.46,9.981903151497532,9.618612530150465,9.644967702512577,10.034337116310917,10.397664989108456,10.37158986222001
0.48,10.481374980276883,10.09817240745532,10.126372994082274,10.537474740056114,10.920727457927246,10.892832581788465
0.5,10.975517216869877,10.571984001256212,10.602073446458053,11.03491693602378,11.43806406212017,11.408307223884144
0.52,11.463865052182891,11.040054873230101,11.072072355574663,11.526666737071016,11.949677382192746,11.918020661014824
0.54,11.946871742104268,11.502387129964925,11.536373005428187,12.01272710211757,12.455569481603112,12.422427787159839
0.56,12.424076493229201,11.959434448544823,11.994977827498484,12.49310091351007,12.95574753542843,12.921064761094579
0.58,12.895937401214093,12.410735887694779,12.4478946609047,12.967791022890092,13.450213215436051,13.414387168825009
0.6,13.36199344297187,12.856745364876593,12.895125579126638,13.436800251615216,13.938973347659685,13.901931070251454
0.62,13.822702905045569,13.297002383355222,13.336678099486132,13.900131386161632,14.422029230486263,14.38415275860017
0.64,14.27760456162695,13.731960200423321,13.772998497557813,14.357785588525683,14.899839788810091,14.86058753321815
0.66,14.727156874558677,14.161163028925916,14.203633445905743,14.809774735310162,15.371936940336564,15.331696737576308
0.68,15.17089851044982,14.585064070765403,14.629028394339272,15.256546777448538,15.838779346054915,15.79701526171928
0.7000000000000001,15.60883653940284,15.003208420483514,15.048735095052328,15.697649478409682,16.299903401615897,16.257005574515517
0.72,16.041429360326028,15.416043965062576,15.463198739667469,16.13353064237651,16.75576807737401,16.711196907123867
0.74,16.468215296065477,15.823120890810413,15.871971453627934,16.563738309604776,17.20590953996397,17.16005704743444
0.76,16.889653010843315,16.224887004769002,16.275498168711092,16.988720147172206,17.65078707635725,17.60311482077942
0.78,17.305280746336447,16.620892748484426,16.673331427414087,17.40802445173546,18.08993665409328,18.040838476038132
0.8,17.715557429985985,17.01158583824013,17.065915902740905,17.822098763798543,18.52381788615389,18.472756442349127
0.8200000000000001,18.12002122061624,17.39651698127954,17.452804546705984,18.230491617100135,18.951966520707508,18.899337418331566
0.84,18.51913130635407,17.77613379270264,17.834441774614206,18.63365043591691,19.374842505645866,19.320109445446157
0.86,18.91242576263674,18.149987255418417,18.210380940309115,19.03112397177312,19.791981350338077,19.735541661978953
0.88,19.300364035347386,18.518524873302557,18.581066202457748,19.423359542848928,20.203843345988385,20.145161729199636
0.9,19.682484117090503,18.88129791439635,18.946051308853278,19.809906099198276,20.609963744575644,20.54943921614289
0.92,20.059245708221873,19.238753761684915,19.305780162557184,20.191210862790964,21.010803188520825,20.94790141043248
0.9400000000000001,20.430186720098874,19.590443977291585,19.659806897202422,20.566822963012594,21.405896654653493,21.341018304067397
0.96,20.7957671039537,19.93681581400891,20.008575161231818,20.937189535236794,21.79570514401759,21.72831681671545
0.98,21.155524692458478,20.27742113645463,20.351639465739574,21.301859869057473,22.17976334136535,22.110267356669702
1.0,21.50991968385382,20.61270705827956,20.689443205474536,21.661281022568883,22.558532613274792,22.486396480562732
1.02,21.858489835610946,20.942225754445655,21.02154126030717,22.01500242654141,22.93154733632707,22.85717500740675
1.04,22.20169558887875,21.266424190852714,21.34837677213759,22.3634710707863,23.2992692490555,23.222129135036344
1.06,22.539074630281316,21.584854860064155,21.66950498058407,22.706236508327123,23.661232404618804,23.581730088685426
1.08,22.87108763958166,21.897965941038542,21.98492672917775,23.043747093789396,24.017898919445077,23.93550371102991
1.1,23.197272251135693,22.205304559934675,22.295096400310257,23.37554656496914,24.36880252273955,24.28392163008851
1.12,23.51808933622582,22.507323319160545,22.599557459483798,23.702087995967226,24.714405670207167,24.62650933677588
1.1400000000000001,23.833076472801313,22.803569600965574,22.89876419360763,24.022915139750364,25.05424174317773,24.96373885890625
1.16,24.142694764244442,23.094495888901964,23.19226027895118,24.33848107365301,25.388773588411976,25.29513533754687
1.18,24.44648173843907,23.379649828723657,23.480499922963144,24.648329549728043,25.717534226408763,25.62117119908935
1.2,24.74489872571513,23.659483777614415,23.76302698473691,24.952913655998287,26.040986899057515,25.941371237250543
1.22,25.03748321101891,23.93354565070167,24.040295606858464,25.251777126929383,26.358664254132588,26.256208276767282
1.24,25.324698405872034,24.20184285186247,24.31185152662211,25.545373068862038,26.67102993226914,26.565206766232766
1.26,25.60607569481729,24.46482745920245,24.57814254230462,25.83324519882459,26.977616197692857,26.868839946252155
1.28,25.882083192299906,24.722047256848178,24.83871938463377,26.115846602801398,27.278887093323398,27.166631877381548
1.3,26.152252166586756,24.973954213917466,25.094029719142814,26.392720949156264,27.574374489521617,27.459056204544506
1.32,26.417051009560147,25.220096393612074,25.34362445401966,26.66432136041704,27.864542833493775,27.745636649752612
1.34,26.676010884810907,25.460925659134023,25.587951125848107,26.93019143809132,28.148923593252054,28.026847264366562
1.36,26.929600455828727,25.695990343491523,25.826560804064965,27.190784348606925,28.427981622929575,28.302211433593257
1.3800000000000001,27.177350792697716,25.925742206260118,26.059900899552602,27.44564360830187,28.70124798082136,28.572203618252022
1.4000000000000001,27.41973082532043,26.149729840986947,26.287522626488713,27.695222434907667,28.96918793032698,28.836346868659117
1.42,27.656271540980466,26.36840490511181,26.50987327273957,27.93906424122504,29.23133211381276,29.09511605901697
1.44,27.88744213139271,26.58131624334388,26.726504180416175,28.177622303744364,29.488146206040764,29.348033906891242
1.46,28.112775417824206,26.788915411660188,26.937862516480205,28.410439913381055,29.739162378662048,29.59511327250706
1.48,28.332734362401503,26.990751515505732,27.143499733870907,28.63797043271132,29.984840085580274,29.83681584451529
1.5,28.546856605282205,27.18727596269551,27.34386288056727,28.859756964427042,30.22471606454492,30.072677135230894
1.52,28.755605241307823,27.378038093991314,27.53850350237718,29.07625294881924,30.459250068684312,30.303159080409177
1.54,28.958517959017673,27.563489216903253,27.727868528389674,29.287001332911593,30.687978503781846,30.527797089233722
1.56,29.156057976039186,27.74317889688511,27.911509579762033,29.492455641969787,30.91136141758471,30.747053354290994
1.58,29.34776304582939,27.9175583386382,28.08987346722192,29.692158649265025,31.128934890872006,30.960463179420397
1.6,29.534096500114455,28.08617732124668,28.26251186948837,29.886563972403355,31.341159262336298,31.168489023256953
1.62,29.71459617196199,28.249486943161862,28.429871478884458,30.075214193347204,31.54757029507063,31.37066608409155
1.6400000000000001,29.889725499611497,28.407037185466244,28.591504013676545,30.258563029579275,31.748628615996,31.567457095378312
1.6600000000000001,30.059022408559873,28.559279035970647,28.74785604720082,30.43615285481715,31.94386967833487,31.758397151571295
1.68,30.222950436927725,28.705762665427418,28.898479319082703,30.608437494201166,32.13375439550533,31.94394926931889
1.7,30.381047613537376,28.846938945655726,29.043820282595945,30.774959096993214,32.31781791931012,32.123648442765955
1.72,30.53332125416673,28.98236100859842,29.18343068042891,30.936171604100487,32.49652144895141,32.2979607668067
1.74,30.680234727902285,29.11247217173357,29.31775687244418,31.09161692496147,32.66939987197028,32.46641370057516
1.76,30.821325964156546,29.236830657257773,29.446350538383175,31.241749125349514,32.83691462643082,32.62947857009988
1.78,30.957058449794918,29.355879522517505,29.569657918003255,31.386109860077962,32.99860032100894,32.786682621648986
1.8,31.086970241213862,29.46917724811552,29.687233514031867,31.524703045112947,33.15492151271796,32.93849758879578
1.82,31.21152494414215,29.577166646719945,29.799516085022695,31.657982757170103,33.30540524637105,33.08445054332387
1.84,31.33026073858786,29.679406401928837,29.90606485081273,31.78548988107807,33.4505210977076,33.22501358870858
1.86,31.44364134854753,29.776339044113097,30.007318312004497,31.90767867286203,33.589795726093755,33.359713607951925
1.8800000000000001,31.551205072263524,29.86752349361099,30.10283573616551,32.02408973982515,33.72369911173033,33.489023128421685
1.9000000000000001,31.65341908719499,29.95295818397216,30.193058773986042,32.13517753253057,33.85175754277995,33.61246885514711
1.92,31.749814000126733,30.03310083468613,30.27753874103075,32.240482398720346,33.97444140947952,33.73052378024503
1.94,31.840861814067004,30.10749441760433,30.35672183882216,32.34045895154745,34.09127664428416,33.84271439619501
1.96,31.926093109174364,30.176596600076035,30.430159272403884,32.434647234481275,34.202734054573334,33.94951413647283
1.98,32.00598011113717,30.239950320630626,30.49829708147613,32.52350208599499,34.308339231747276,34.050449339175216
2.0,32.08005336609194,30.298013187397167,30.560686349500017,32.60656323514388,34.40856340952527,34.145993886047066
2.02,32.14878531735233,30.35033170187812,30.617330969359816,32.68428945940119,34.50293185464729,34.235673971673485
2.04,32.21170650311663,30.397355346349656,30.66867620016594,32.756211936988194,34.5919162743367,34.31996393267813
2.06,32.269289533335346,30.438635195956596,30.714272964058416,32.822794462622696,34.67504158258852,34.39838983145082
2.08,32.32106489259193,30.474620521187436,30.754566375721367,32.88356775459715,34.75277993885657,34.4714264654207
2.1,32.36750539541342,30.50486239866136,30.789107221751426,32.93899599392398,34.82465596875156,34.53859977395555
2.12,32.408141457595804,30.529809873389162,30.818340476347135,32.98860943931569,34.891142297600375,34.60038502078372
2.14,32.44344608854183,30.549013999415497,30.841816776406134,33.032872675630024,34.951763281290894,34.656308031475724
2.16,32.47294961734859,30.562923582316877,30.85998096062137,33.071315505315276,35.00699202598488,34.706844540586495
2.18,32.49712523686223,30.57108962897677,30.872383504408685,33.104402936004426,35.05635263733082,34.751520267877325
2.2,32.5155072814238,30.573960691541664,30.879469117266762,33.13166432027978,35.10032287268231,34.79034151432011
2.22,32.5281025243655,30.576829284302402,30.880788104042168,33.153565150882685,35.13841763863745,34.823788683324
2.24,32.53526408645714,30.580075593692627,30.884904152437397,33.16963429055198,35.17112030598937,34.85137819256772
2.2600000000000002,32.5366465105077,30.58268678632235,30.886436149878758,33.18022394612001,35.1979453656655,34.87359475649868
2.2800000000000002,32.540691529966075,30.586187916834856,30.890346384155364,33.18497977937134,35.21937572769261,34.889954640775294
2.3000000000000003,32.54228863026045,30.588659907147132,30.892076811358134,33.18570553858635,35.23492558802099,34.900830615100254
2.32,32.54611921039218,30.59230183014157,30.895908075676655,33.19056331863112,35.24449556684213,34.9058603889642
2.34,32.5479307520694,30.59463325192324,30.89771341584415,33.19120036081743,35.248666945949644,34.90631428446737
2.36,32.551658209215226,30.59841569056499,30.901473711251803,33.19613884491283,35.25058702333327,34.91143394537678
2.38,32.55357717789074,30.600608390640694,30.903345721630053,33.19681704849499,35.25468780089827,34.91191023798077
2.4,32.55719425343703,30.604527989950434,30.9070446026813,33.20171010028727,35.25667903025814,34.91701141643463
2.42,32.5592265086928,30.606585655313154,30.908972478931155,33.202437716236,35.260707909902784,34.91750239936624
2.44,32.56272757676731,30.610638365674262,30.91262079010125,33.207277369149224,35.26277111681821,34.9225930045689
2.46,32.564878492201004,30.612565392620304,30.914593659973537,33.20806207746394,35.266727754020685,34.923090588577985
2.48,32.56825843999708,30.616746466036098,30.91820228460858,33.212840960572336,35.268862820026115,34.92817887720178
2.5,32.570532850221085,30.618547937332213,30.920209267036377,33.213689821449734,35.272747804425904,34.92867466038493
2.52,32.5737871286299,30.62285195265367,30.923789067734344,33.21840120624297,35.2749536877158,34.933769165625776
2.54,32.57618928105494,30.624533609921002,30.92581933284083,33.21932061551797,35.27876851948944,34.93425450536653
2.56,32.57931395037141,30.628954502776107,30.92938109113738,33.223958458233646,35.28104328149745,34.939363964169935
2.58,32.581847462056174,30.630522714267077,30.931423920719833,33.224954107400016,35.28479034192128,34.93983005061791
2.6,32.58483923249448,30.635053811499066,30.934978276518773,33.22951308662938,35.287131179633235,34.94496332965763
2.62,32.58750705230733,30.636515535475468,30.93702312456847,33.230589927720395,35.29081369599747,34.945401260161375
2.64,32.590363319098294,30.641149593866235,30.94058051575682,33.23506547702159,35.29321697981013,34.950567281158136
2.66,32.59316769539938,30.642512337817077,30.94261706857549,33.23622769260156,35.296838984895885,34.95096813506402
2.68,32.59588656827999,30.647241586842817,30.946187671260912,33.240616027885075,35.29930030178711,34.95617580003189
2.7,32.598829022294105,30.64851336280863,30.948205906737613,33.24186700637109,35.302866588163376,34.956530713262914
2.72,32.60140934923869,30.653329551147436,30.951799576541713,33.24616514785513,35.30538078989463,34.9617888302668
2.74,32.60449065424913,30.65451882744395,30.953789822159468,33.24750746435428,35.3088968593357,34.962089069102355
2.7600000000000002,32.60693203933156,30.65941327293012,30.95741603699391,33.251713252922734,35.31145811536557,34.96740627910065
2.7800000000000002,32.61015220578514,30.660528922588295,30.959369026143296,33.253148655733824,35.31493012373074,34.96764331258928
2.8000000000000003,32.61245502110183,30.66549256528492,30.963036830886637,33.25726076356655,35.31753197847836,34.97302801792249
2.82,32.615813287674904,30.666543811546255,30.96494375707353,33.258790166457835,35.32096667643385,34.973193588375814
2.84,32.61797867929898,30.671567269587086,30.96866171055546,33.26280810184165,35.32360211049407,34.978653883443386
2.86,32.6214735099337,30.672563628812682,30.97051427910273,33.264431582176286,35.32700678049266,34.978740074479376
2.88,32.62350339791074,30.67763725664564,30.97429040378872,33.268355688445176,35.32966827537148,34.984283679125085
2.9,32.627132484790984,30.678588479015048,30.976080880646528,33.27007249118566,35.333050665337005,34.98428437749686
2.92,32.62891837073319,30.683702427663356,30.979922615399687,33.27390393978003,35.335618640290875,34.99006457936157
2.94,32.632674224367136,30.68461731743524,30.98164387269652,33.27571136175895,35.33898261150137,34.99016525785732
2.96,32.6343349436187,30.689762647780075,30.985558006695396,33.279453196503205,35.34156461858587,34.995842059674345
2.98,32.63821407409914,30.690651370579456,30.987203607378174,33.28134898575025,35.344918971475515,34.996048915229515
3.0,32.63975350220665,30.695817888937913,30.99119624544837,33.28500386296697,35.34750608415073,35.001616408360974
3.02,32.643751664397406,30.696690644128118,30.992760431657228,33.28698496898446,35.3508598476277,35.00193506770835
3.04,32.64517441875006,30.701868154351462,30.99683698171731,33.290556330178816,35.353442947149915,35.00738794017147
3.06,32.64928663958641,30.702735112164987,30.998314709373815,33.292618932121016,35.356805306033806,35.00782340775447
3.08,32.65059804953437,30.707913478717757,31.002479850106102,33.296110973120285,35.35937515458977,35.01315699358097
3.1,32.65481866046827,30.70878471711285,31.003866818907607,33.29825051324777,35.36275537602776,35.013713605033864
3.12,32.656024732405974,30.713953928206315,31.00812447214281,33.301668148164,35.365302690601474,35.01892392792153
3.14,32.660347406766256,30.71483936988862,31.00941715072726,33.303879370366595,35.368710050044854,35.01960530938057
3.16,32.66145478442772,30.719989600229265,31.01377045876379,33.30722819061007,35.37122557643482,35.024689120394974
3.18,32.665872579431436,30.72089895027741,31.01496610483946,33.309505183750176,35.374669283756994,35.02549815386073
3.2,32.666888499677846,30.726020622992284,31.019417412887083,33.31279141236194,35.377143870164275,35.03045296298937
3.22,32.67139390279742,30.72696330752415,31.02051408815425,33.3151276581505,35.38063299649673,35.03139175791562
3.24,32.67232614720726,30.732047154828663,31.025064932058328,33.31835809976099,35.383057666111704,35.036215859321956
3.2600000000000002,32.67691112656864,30.733032261139865,31.026061511784132,33.32074652484058,35.386601071964364,35.03728573056124
3.2800000000000002,32.67776796916888,30.73806938331976,31.030712611151504,33.323928511597884,35.38896709399207,35.04197822143177
3.3000000000000003,32.68242402762956,30.739105601918496,31.031608788295124,33.32636154347208,35.392573359210274,35.04317967362161
3.3200000000000003,32.68321417913178,30.744087524206773,31.03636004510599,33.32950287731742,35.39487231779105,35.047740466545
3.34,32.687932411662935,30.74518309315899,31.037156328928976,33.33197250373335,35.398549673882336,35.04907318497342
3.36,32.688664960591,30.750101820099534,31.042006831680908,33.33508139543204,35.40077353438535,35.05350301383613
3.38,32.6934361145669,30.751264472085808,31.042704540816068,33.337579226793395,35.404529799726205,35.05496586177959
3.4,32.694120465683106,30.756112538990003,31.047652574207095,33.34066423215747,35.4066709719188,35.05926628120729
3.42,32.69893500366175,30.757349451459874,31.048253824199147,33.34318156651971,35.41051349032439,35.06085730368987
3.44,32.699580814115905,30.762119972578674,31.053296884316804,33.34625152028211,35.41256488794887,35.06503068210801
3.46,32.704428978678735,30.763437721370625,31.053804569688257,33.34877941045931,35.41650047105813,35.0667471159873
3.48,32.70504609231938,30.768124434424177,31.058939384630904,33.35184335827988,35.418455567380256,35.070796622416644
3.5,32.709917972524536,30.769528951198446,31.059357155567362,33.354372680574585,35.42249044127473,35.07263491265983
3.52,32.71051635282369,30.774126257927044,31.064579711383434,33.35743980967411,35.42434332020341,35.076564497404156
3.54,32.71540195181636,30.775622791735618,31.0649119451731,33.35996133372762,35.42848307664139,35.07852031937746
3.56,32.71599161386848,30.780125794160238,31.070217516963467,33.36304090265793,35.43022847905733,35.08233468879997
3.58,32.72088091718405,30.781718877452427,31.070469284365885,33.36554536190869,35.43447803166551,35.084402976356
3.6,32.72147185924652,30.786123409560126,31.075852472354597,33.36864662997436,35.43611139663697,35.088107561978525
3.62,32.72635490333693,30.787816828894165,31.076029499113094,33.37112479220704,35.44047494236045,35.09028254108975
3.64,32.72695703838316,30.792119483492833,31.081484269452933,33.37425694905721,35.44199244296663,35.09388346328422
3.66,32.73182397889471,30.793916255193274,31.081592893203545,33.37669968652406,35.446473429034974,35.096158690936235
3.68,32.73244706665175,30.798114405711885,31.08711262324517,33.37987178243151,35.44787200256109,35.09966271751118
3.7,32.737288245982654,30.800016756680016,31.087159746111496,33.382270141031334,35.4524730991839,35.102031125537735
3.72,32.73794182592367,30.80410857372444,31.092737273829155,33.38549101837004,35.45375047149698,35.105445625553216
3.74,32.74274783959341,30.806117927574036,31.09274423663083,33.387836285378036,35.45847355045735,35.10789956906502
3.7600000000000002,32.74344116535027,30.809989909661727,31.098531791693013,33.39100083816188,35.459628254417126,35.11123246223788
3.7800000000000002,32.748201810553525,30.812102402475087,31.098591368630768,33.393280241150116,35.464473249278754,35.11376377227038
3.8000000000000003,32.74894483616564,30.81587107242449,31.104330738434097,33.39651460812393,35.4655056942061,35.117023496952996
3.8200000000000003,32.75365153796224,30.81808682850145,31.104434379388344,33.39872043408093,35.470472969548716,35.119623493519214
3.84,32.75445263323701,30.821752486171714,31.11013426190905,33.402032127611164,35.47138320846125,35.12281894311604
3.86,32.75909724479276,30.824070794579722,31.110273112000566,33.404157072488,35.47647229041101,35.125478545294285
3.88,32.759964321630605,30.827634569784912,31.115942481972244,33.40755316672497,35.4772612137639,35.128618983141905
3.9,32.7649975544031,30.83005835203064,31.116107439616826,33.409590393843715,35.48247079407623,35.13132427582608
3.92,32.76594779383253,30.833522443866592,31.12175544498071,33.41307746817862,35.48314016734088,35.13441901089021
3.94,32.77089460328484,30.83604458096581,31.121937263014075,33.415020663643105,35.48846807224192,35.13716511707485
3.96,32.771934428271784,30.83941170573908,31.12757325961573,33.41860474853073,35.48902042602106,35.140223987631174
3.98,32.77678867866332,30.842029097754686,31.127762518732784,33.420448171218915,35.494463721597235,35.143000976751274
4.0,32.77792391375208,30.84530274717716,31.133395954896752,33.424134702192575,35.49490238586828,35.146033991897156
4.0200000000000005,32.782680090943416,30.848011532292887,31.133583175755057,33.425873228500116,35.500457350673955,35.14883179661919
4.04,32.783915917213676,30.85119594403238,31.139223528476872,33.429667002774785,35.50078643019271,35.15184906744166
4.0600000000000005,32.78856917139774,30.85399153052906,31.139399235832837,33.43129616752065,35.50644858259177,35.15465755299079
4.08,32.78991008614608,30.85709165380753,31.145055946393075,33.43520130557662,35.50667292683516,35.157669222865515
4.1,32.79445626970875,30.859968756894954,31.145210733569506,33.436717337810535,35.512437057692935,35.16047825697092
4.12,32.795906051143376,30.862990213335003,31.150893143064977,33.44073725018724,35.51256222557197,35.16349443149493
4.14,32.80034175138029,30.865942896619444,31.151017736254662,33.442137103687735,35.51842243604836,35.166293954450076
4.16,32.801903428585135,30.86889193657838,31.15673502154074,33.44627446318042,35.51845465565766,35.169324631511714
4.18,32.806225995035405,30.871913657907808,31.156820343453983,33.44755584146966,35.52440439981875,35.172104725846914
4.2,32.80790182342491,30.87479711257585,31.162581453986935,33.45181256088328,35.52445827611654,35.17515972633412
4.22,32.81210938961852,30.877880773968403,31.16261868635797,33.45286077930837,35.52984074964464,35.178022987003544
4.24,32.81389971695451,30.880706003542855,31.168433392496095,33.457233486609084,35.52997951562378,35.18111635238476
4.26,32.81799226603356,30.88384398263099,31.1684537903041,33.458165194092196,35.535281505405216,35.183936791859416
4.28,32.8198978783322,30.886731115748628,31.173992391316933,33.4627685686732,35.535496673500546,35.18707746340307
4.3,32.82387615768821,30.889919797359855,31.17408479945866,33.46358788546806,35.540725761790874,35.18984630250513
4.32,32.82589595960337,30.892760613126924,31.179547748050233,33.46830348384741,35.54100945774911,35.19304284889332
4.34,32.82976028852273,30.895991208475476,31.179719448237236,33.469010647123866,35.54617489729378,35.1957517346902
4.36,32.83189354028747,30.898794650230972,31.185099684186685,33.473837819007464,35.54651767990988,35.199012293120006
4.38,32.83564507283524,30.902058074792635,31.18535748795677,33.47443390203694,35.551629063594305,35.20165331153043
4.4,32.83789020399061,30.9048333509745,31.190648449147783,33.479371165569674,35.55202118393355,35.20498555023143
4.42,32.84153091932546,30.908120286933563,31.190998643656588,33.47985806620157,35.55708838050398,35.20755128618314
4.44,32.84388554134523,30.91087680753059,31.196194318164824,33.48490312234803,35.557519847307134,35.210962346079036
4.46,32.84741822826222,30.914177768248834,31.196642616235362,33.485283545937,35.56255293487722,35.213445939844476
4.48,32.84987915291673,30.916925079480617,31.201737590003358,33.49043329836021,35.56301358193714,35.21694238023842
4.5,32.85330738868881,30.920230475487063,31.202289084744038,33.490710735247454,35.568022779775866,35.2193375795565
4.5200000000000005,32.85587065205457,30.922978193218878,31.207278584548444,33.495961315562006,35.5685023347856,35.2229253282193
4.54,32.8591987756885,30.92627839920873,31.207937708818115,33.49614001325452,35.573497933889485,35.225226535837194
4.5600000000000005,32.86185966766518,30.929036141616482,31.212817640267076,33.50148681149032,35.573986088256184,35.228910843850116
4.58,32.86509274773278,30.932321563941585,31.2135881312318,33.501571741721314,35.578978381213005,35.23111316014816
4.6000000000000005,32.867845846884585,30.935098883945873,31.21835511156511,33.50700944179612,35.57946486032908,35.23489856182157
4.62,32.870989644133886,30.93836002807718,31.219239980555724,33.507012620905535,35.584464070982186,35.2369978222163
4.64,32.873828857629206,30.941166346065316,31.223781414050823,33.51290481372656,35.58504904114009,35.240888100372175
4.66,32.87688978262289,30.94439278271567,31.22477853947567,33.51299574384215,35.59006948740217,35.24288201035123
4.68,32.87980836888636,30.94723835599388,31.229206624455127,33.51880378745476,35.5906284247833,35.24687912995886
4.7,32.88279347747302,30.950421116265122,31.230317811554325,33.51897505169362,35.59567967425309,35.248764957243836
4.72,32.885784100641416,30.953314781836745,31.23463114392187,33.52470663958964,35.59620312832732,35.252871239548256
4.74,32.888700993474174,30.956445180868883,31.23585739172086,33.52495029163799,35.60129449781395,35.25464707740828
4.76,32.891755800055144,30.959395459680348,31.24005537750981,33.53061361878403,35.60177330334715,35.25886401076608
4.78,32.89415439377103,30.9624607326775,31.241396872224716,33.53092123867875,35.606913790562096,35.260533226912464
4.8,32.89725533864815,30.965475545683464,31.245479687226076,33.53652494397663,35.607339179085336,35.26486168470534
4.82,32.89961188842285,30.96847247679002,31.246935842392766,33.536887698206684,35.612537355539445,35.26641933155933
4.84,32.9027506523963,30.971559551594908,31.25090452525971,33.542440802032964,35.61290092455214,35.27085908937654
4.86,32.9050736628763,30.974480653008584,31.252473898142636,33.54284950548075,35.61816496113811,35.27230581534951
4.88,32.90824157101978,30.977647221637838,31.25633029105232,33.54836134821987,35.61845878760917,35.276855806207394
4.9,32.9105398697782,30.980485527776377,31.25801064135933,33.54880652794462,35.623796346412874,35.27819309887629
4.92,32.91372795793069,30.983738274423132,31.261757376773385,33.55428670411571,35.62401304478405,35.282851421369216
4.94,32.91601062791245,30.98648739221322,31.263545682721144,33.55475866621623,35.62943122298255,35.28408159623424
4.96,32.91920971115358,30.98983240497593,31.26718616459161,33.560216956759156,35.62956399927119,35.288845528844135
4.98,32.9214860213879,30.992486559976964,31.26907864445794,33.56070585484122,35.63506927713093,35.28997171196648
5.0,32.9246867639909,30.995929286929115,31.27261702401934,33.56615215803991,35.63511197873587,35.2948377334429
5.0200000000000005,32.92696609908383,30.99848336496736,31.274609163023044,33.56664806280577,35.64071017209351,35.29586383807433
5.04,32.93015908542817,31.00202857486673,31.278050309347876,33.57209232433468,35.640763011250755,35.300827653750176
5.0600000000000005,32.93245087435741,31.00447815889023,31.280136891660838,33.572471427911964,35.646481544154504,35.301646235647375
5.08,32.93562780245854,31.008129906799304,31.283487477845615,33.57791903837257,35.64664093065442,35.3066983485209
5.1000000000000005,32.9379403936217,31.010471331162144,31.285661571089562,33.57828959331116,35.65225120207037,35.307431118613714
5.12,32.941091772544304,31.014232886099023,31.28892766546109,33.5837507031301,35.65252065484078,35.31256611090541
5.14,32.943434594375155,31.016463257866445,31.291182890570227,33.58410265416835,35.658019499306576,35.31321883892554
5.16,32.94655107890185,31.02033712867704,31.29437117368535,33.589587224800646,35.65840180217328,35.31843061053124
5.18,32.948933379689706,31.022454325257012,31.296700563467397,33.589910738221285,35.663786803617384,35.319009723754256
5.2,32.952005838719955,31.026442241495264,31.299818279066624,33.595428475841295,35.66428397913742,35.32429154211288
5.22,32.95443661893657,31.02844492692676,31.302214329211925,33.59571400511704,35.66955349411583,35.32480407333777
5.24,32.957456202315406,31.03254782541852,31.305269231398228,33.60127429582442,35.67016678324631,35.33014862761681
5.26,32.95994414876691,31.03443546093645,31.30772395508521,33.60151264551307,35.67531995826672,35.33060215900918
5.28,32.96290235203533,31.03865347809626,31.310724252082693,33.6071244925185,35.67604980602173,35.33600161823066
5.3,32.96545577433802,31.040426326924074,31.313229237813484,33.607306879948936,35.681086588822836,35.33640422142365
5.32,32.96834450091691,31.044758796854023,31.31618353268329,33.61297884319218,35.68193263602909,35.34185029612028
5.34,32.97097127077382,31.046417923214893,31.318730004961797,33.61309695749624,35.68685378072615,35.34221046899923
5.36,32.97378289111678,31.05086338157465,31.321647233672802,33.61883709613349,35.68781486194393,35.347694475960004
5.38,32.976490384846805,31.052410643951994,31.324226116118602,33.61888315419546,35.692621927995894,35.348021076585
5.4,32.979217792124025,31.0569668375499,31.32711548338806,33.624698972375484,35.69369607562704,35.353534006223676
5.42,32.98201283686674,31.058404876266863,31.329717463863307,33.62473217346105,35.69839142062611,35.35383618436847
5.44,32.984649498772654,31.06306877828318,31.332698843123577,33.63024869867868,35.6996857481498,35.359368770225494
5.46,32.98753832276024,31.0644021073581,31.33531884353887,33.63037368681906,35.70427673438037,35.35965479461142
5.48,32.990078351096386,31.069168893494528,31.338287164987943,33.63579552388153,35.70567370770067,35.36519862126582
5.5,32.99306649607836,31.070401529400538,31.340915291767264,33.636017722683256,35.71016393308555,35.3654781387715
5.5200000000000005,32.995504684611035,31.075266813828907,31.343880455368897,33.6413397790918,35.711659571484404,35.371023519069496
5.54,32.99859701418722,31.07640349666459,31.346506807833414,33.64166395238293,35.71605339513223,35.371306241774704
5.5600000000000005,33.00092885361169,31.081362186784634,31.34947868785144,33.64688181425984,35.71764297240168,35.376843459405855
5.58,33.004129516969215,31.082408345476306,31.352093424906624,33.64731202928469,35.72194548146159,35.377139092729585
5.6000000000000005,33.006351228516294,31.087454679086473,31.355081803251977,33.65242199573441,35.72362356170286,35.38265847409143
5.62,33.009663629509994,31.088416391885104,31.357675209854232,33.65296159133002,35.72784053298961,35.38297664507641
5.64,33.011772193106935,31.09354397892731,31.36068970988207,33.65796070369028,35.72960101151506,35.38846863071868
5.66,33.015198964878664,31.094427929474183,31.36325226282683,33.65861226368713,35.73373886816804,35.388818817006154
5.68,33.01719214168965,31.09962979806366,31.366302284040266,33.66349832944518,35.73557501722249,35.394274032114055
5.7,33.0207351269805,31.100443227327702,31.368824716616977,33.664263661499575,35.739640780702125,35.394665492144576
5.72,33.02261147619356,31.105711873751144,31.371919370729316,33.66903527268404,35.741545299680524,35.40007481553111
5.74,33.026271713461064,31.106462528167636,31.37439273579451,33.66991539271305,35.74554653744386,35.4005165204946
5.76,33.02803060323049,31.111789970507512,31.377540784594572,33.674571938610086,35.74751160724554,35.40587115158637
5.78,33.031808318640635,31.11248604667223,31.37995651562288,33.675567060961,35.75145637647809,35.40637171962808
5.8,33.033449931136175,31.117863881691697,31.383166311078234,33.68010873504281,35.75347371760385,35.41166324294782
5.82,33.03734453645806,31.118513967986594,31.385516280762488,33.68121826848873,35.75737050541756,35.41223087611618
5.84,33.038869867013915,31.12393343088869,31.388795707782748,33.68564606948383,35.75943143938469,35.417451322787834
5.86,33.04287996340321,31.12454644643488,31.391072283768175,33.68686861909538,35.76328909992093,35.41809374718554
5.88,33.0442908138013,31.129998473091337,31.394428706035246,33.69118434617208,35.76538461354403,35.42323565301401
5.9,33.04841420141783,31.13058360444235,31.396624803389294,33.6925177210721,35.76921230244615,35.423960062586055
5.92,33.049713167380006,31.136058895671244,31.400065012643715,33.69672396315008,35.771333114507826,35.42901652229314
5.94,33.0539468607449,31.136625531674053,31.40217414268258,33.69816519011499,35.775140221249586,35.42982952665436
5.96,33.05513731374832,31.14211461913235,31.40570431183418,33.702265309363646,35.77727685106541,35.43479424388498
5.98,33.05947756270753,31.142672284395985,31.407720626948826,33.70381065219095,35.78107292963908,35.43570182055578
6.0,33.060563626275005,31.148165597642024,31.41134626735682,33.70780876181707,35.783215767005835,35.44056915330367
6.0200000000000005,33.06500594239878,31.148723885062953,31.413264601506086,33.70945374633465,35.787010465487064,35.441576604686425
6.04,33.065992463052716,31.154211819335778,31.416990524747707,33.713354682805736,35.78914984149219,35.44634160582587
6.0600000000000005,33.07053165126517,31.154780322136208,31.418806429313257,33.71509412735513,35.79295283100753,35.44745352121615
6.08,33.07142416436795,31.1602533063931,31.422636713731713,33.71890341724802,35.79507908917116,35.452111973865485
6.1000000000000005,33.07605435956697,31.16084155013259,31.42434648845932,33.72073146843103,35.798899992798454,35.45333219675224
6.12,33.07685905030373,31.16629011488314,31.42828445075074,33.72445529013743,35.8010035600174,35.457880644235566
6.140000000000001,33.08157375869975,31.166907489905476,31.429885169534387,33.72636546357406,35.804851882148945,35.45921224510318
6.16,33.08229741849019,31.172322334380524,31.43393334160038,33.730010604135465,35.80692333891447,35.46364801531857
6.18,33.08708956336267,31.17297802915655,31.43542287290021,33.73199582994115,35.81080839560818,35.465093270121315
6.2,33.087739542017076,31.17835008735268,31.439582984157223,33.73556963732449,35.81283854497638,35.46941449416635
6.22,33.09260151355986,31.17905302317604,31.440960005878562,33.737622309976864,35.816769395810915,35.47097486860327
6.24,33.09318566752113,31.184373528321782,31.4452329711777,33.741132641138854,35.81874933061594,35.475180493551555
6.26,33.09810937642268,31.18513229580748,31.446496979876873,33.743244673368885,35.82273471255243,35.47685663322656
6.28,33.0986360134601,31.190392842805416,31.45088289314894,33.74669983849118,35.82465588036815,35.48094642899193
6.3,33.103612947841455,31.191215640631945,31.452034207471442,33.74886271880081,35.82870414410337,35.48273815550123
6.32,33.10409076858401,31.19640824604184,31.456532341171147,33.752271422109075,35.83055840947888,35.486712715768924
6.34,33.10911205389699,31.19730282236502,31.457572099469125,33.75447627548809,35.834677458753504,35.488619028715526
6.36,33.109550090612835,31.202419981507028,31.462180909850478,33.75784755309587,35.836457162270925,35.4924797659618
6.38,33.114606552082805,31.203393578458652,31.46311106196876,33.76008520448473,35.84065439657124,35.49449885085496
6.4,33.11501410512898,31.208428319231807,31.467828200181014,33.7634283597272,35.84235241030106,35.4982479855176
6.42,33.12009633231075,31.209487620898116,31.468651493444273,33.76568939975027,35.84663467136437,35.5003772274747
6.44,33.12048290469105,31.214433553929275,31.473473822394165,33.76901393649318,35.84824445032363,35.504017771377235
6.46,33.12558131769378,31.215584638183675,31.474193781871328,33.77128878896854,35.852617972825925,35.506253774505915
6.48,33.12595654817472,31.220436002943632,31.479117398753917,33.77460434339392,35.85413360207708,35.50978950867677
6.5,33.13106146510076,31.22168429748432,31.479738301919358,33.77688333411178,35.85860396884787,35.51212812097727
6.5200000000000005,33.131435060344565,31.226436004033275,31.4847585662761,33.78019960549388,35.86002020591145,35.51556356804255
6.54,33.1365367654799,31.227786246950444,31.48528541223084,33.782473031745944,35.864592307984154,35.51799991163388
6.5600000000000005,33.13691843166013,31.23243391300202,31.490396979350677,33.78579971273851,35.86590462027553,35.52134030299777
6.58,33.14200724394838,31.23389011817021,31.490835452808927,33.788057913075036,35.87058262204376,35.52386880943667
6.6000000000000005,33.14240661831737,31.23843010119372,31.49603231224618,33.79140462003418,35.87178721908341,35.52712004749706
6.62,33.14747295964714,31.23999552875387,31.496388742534158,33.793638043724755,35.87657452879377,35.52973449792633
6.640000000000001,33.14789954252592,31.24442495286687,31.501664261476304,33.79701424759035,35.877668388980645,35.53290311360473
6.66,33.15293400536153,31.246102085028596,31.501945576830163,33.79921352326775,35.88256763475178,35.535596683436836
6.68,33.15339709302074,31.25041886246659,31.507292548009787,33.80262848152063,35.883548526530745,35.53868978933139
6.7,33.158390506909164,31.252209384825562,31.50750622549694,33.80478448449493,35.88856153804682,35.541455097144905
6.72,33.158899125805675,31.25641223181281,31.51291691930535,33.808247174697215,35.88942803534296,35.544480336642
6.74,33.16384262229858,31.25831702034002,31.51307093072945,33.81035109243956,35.89455583132754,35.547309496942574
6.76,33.164405465124815,31.262405467224127,31.518537151155403,33.81387014785124,35.89530732316236,35.550274989647974
6.78,33.16974890607462,31.26442903441832,31.518639905337547,33.81591354316264,35.900550104696656,35.5531551921511
6.8,33.17038406283912,31.268403686858893,31.52415309344669,33.81949719090933,35.90118684336247,35.55606921168161
6.82,33.17565144445502,31.27054049522289,31.524213334662193,33.82147206320818,35.90654395210599,35.55899653795427
6.84,33.176366348120574,31.274402491427974,31.52976453524662,33.82512806374651,35.90706695468926,35.56186800756582
6.86,33.18155047240961,31.276650998343428,31.529791367900806,33.82702690596534,35.912536966874875,35.56483337998758
6.88,33.182352063657035,31.280402287955976,31.535371346789727,33.8307624997534,35.912948060168645,35.56767151505295
6.9,33.1874462518131,31.282760145373814,31.535374120901228,33.83257835091576,35.9185287485821,35.570665596158555
6.92,33.18834092593487,31.286403475972406,31.540973431776873,33.83640020679927,35.918830555328164,35.57347983902921
6.94,33.19333906955943,31.28886754682504,31.540985188241397,33.838126701582794,35.92451890589496,35.57649309748528
6.96,33.194332627262355,31.292293764576797,31.546791160578785,33.84192691472947,35.92471482540881,35.579293050759965
6.98,33.19922811026111,31.294855657587078,31.54681420429471,33.843553949315606,35.93050593485759,35.58231582870799
7.0,33.20032676997813,31.29818600421608,31.552613985003376,33.847456136116165,35.93060117592702,35.58511120999459
7.0200000000000005,33.20511488960212,31.300841398470876,31.552638393453602,33.848978981780405,35.936490657175256,35.5881337478467
7.04,33.206323009493275,31.304080571928225,31.558441878102443,33.852987523464435,35.9364913461079,35.590934315895765
7.0600000000000005,33.21099974967713,31.306824419468185,31.558457778867542,33.854288824036175,35.941923361410176,35.594059383591166
7.08,33.21231986450444,31.309977824488385,31.56427589314192,33.85840287208175,35.94202077312639,35.59687932616276
7.1000000000000005,33.21688298363586,31.31280436833983,31.56427930172894,33.85959690023126,35.94735947794753,35.59998047172681
7.12,33.21831814085386,31.315990679491485,31.56985200221258,33.863933739222944,35.947546998301625,35.602829057984074
7.140000000000001,33.22276609880336,31.31889798687563,31.569890561429663,33.86502201698681,35.95279817885115,35.60589707767886
7.16,33.224317513581816,31.322007085016192,31.575423651190647,33.86946578972061,35.95306965307331,35.60878339368418
7.18,33.22864829726091,31.324987831774735,31.57550632673591,33.870445936727215,35.958240923190445,35.61180932237195
7.2,33.23031757593531,31.328027305561687,31.580990970016586,33.87499861298265,35.95858846665815,35.61474220832704
7.22,33.23452998334335,31.331073654669833,31.58112644359706,33.875869079474796,35.9636879494557,35.61771733659004
7.24,33.23631791559756,31.334051578996906,31.58655412174012,33.88053179382138,35.964103196093724,35.62070534412886
7.26,33.24041156532969,31.337155235110487,31.586750725717764,33.881291867518286,35.96913946849687,35.62362128437301
7.28,33.242318117620854,31.340080114701493,31.592113301118786,33.886064915380345,35.969613627923835,35.62667261157999
7.3,33.246293452581504,31.343232382284892,31.592378956022948,33.886714722608296,35.974595661861876,35.629521361700306
7.32,33.248317767394234,31.346113091926487,31.597668733001903,33.89159756207108,35.97511957967319,35.63264379079072
7.34,33.25217605265281,31.34930493651533,31.598010888339342,33.892138063146646,35.98005668035682,35.635417794958975
7.36,33.25431645362422,31.35215065838722,31.603220670511927,33.897129322497804,35.9806209011034,35.638618633053134
7.38,33.25805976839351,31.355372770515665,31.603646249280025,33.897562301391304,35.985522642835384,35.64131083920434
7.4,33.260313771306315,31.358192929099182,31.608769393036685,33.90265979234864,35.9861174752432,35.64459686260972
7.42,33.26394499506852,31.36143579040119,31.609284740317346,33.902987840698074,35.990993635223255,35.64720077622341
7.44,33.266309324664626,31.36423998546537,31.614315204047582,33.908188577232636,35.99160921918726,35.65057817861774
7.46,33.26983211751511,31.367493936443186,31.614926040027974,33.908415072819516,35.996469709782154,35.65308791241236
7.48,33.272302730037076,31.370291874621923,31.619858428760114,33.91371529544244,35.99709608465907,35.65656225729714
7.5,33.2757215073608,31.37354718356265,31.620569806492824,33.91384437528061,36.00195088461705,35.65897257648113
7.5200000000000005,33.278293618683584,31.37634860904633,31.625399411654083,33.919239580623575,36.0025780583348,35.662548754248206
7.54,33.281613520323994,31.379595541559855,31.626215679833322,33.919276108850006,36.0074371434286,35.66485511699924
7.5600000000000005,33.284281639495106,31.382410166430734,31.63093851387189,33.92476108433205,36.0080551619262,35.66853730692388
7.58,33.28750849361912,31.38563905507864,31.631863284865,33.9248115535395,36.01292843551161,35.67073589979866
7.6000000000000005,33.29026646158191,31.388476489820214,31.636366186738613,33.93065747149768,36.01363760060893,35.67452753724036
7.62,33.29340674348735,31.391676701069297,31.637397927164393,33.9307946714384,36.01853905195875,35.67661640727053
7.640000000000001,33.296247754555864,31.39454742330235,31.641792486126143,33.936557382426415,36.01921535887619,35.68051911987991
7.66,33.29930858332412,31.397709757714715,31.642933572731568,33.93677399632452,36.02415423419798,35.682495867819895
7.68,33.30222523858527,31.400622849534766,31.64721782185919,33.9424610990326,36.0247885561532,35.68651164918487
7.7,33.305214277507886,31.403738366760102,31.648469809899872,33.94274927379816,36.02977384974845,35.688374689510844
7.72,33.308198660575634,31.406702617835332,31.652642608478423,33.94836887529067,36.03035734567293,35.692504712812045
7.74,33.311124063382636,31.409762702395405,31.65400622326813,33.94872027699569,36.03539773285435,35.69425328555204
7.76,33.31416779610201,31.412786545389558,31.65806726239238,33.95428093546491,36.035921913371816,35.69849789467153
7.78,33.317038149442155,31.415782969933083,31.65954239666232,33.95468680828494,36.04102568573792,35.70013207132573
7.8,33.320132451126284,31.418874418686336,31.663492199013678,33.96019747255255,36.04148247655331,35.704490777908845
7.82,33.3229567137322,31.421799404261368,31.665077916097133,33.960648700744215,36.046657480075815,35.706011461384726
7.84,33.32609246348537,31.42496599517073,31.668917829901147,33.966118646948985,36.04703928232708,35.71048294790842
7.86,33.32842167292469,31.427807844266436,31.67061237271593,33.96660581941676,36.0522928586899,35.71189628186733
7.88,33.33157974371227,31.431056360746883,31.67434451586335,33.97204458534291,36.05259264988454,35.71647863672602
7.9,33.33389119867734,31.433813067791313,31.676145362563012,33.972558063230046,36.057931540531875,35.71778245932165
7.92,33.337062380846724,31.43714995160756,31.679772699978507,33.97797537903404,36.05814283262279,35.72247271804928
7.94,33.339365378079535,31.439815385132874,31.681676495968905,33.97850536382031,36.06357321616309,35.72367038925105
7.96,33.34254030514136,31.443246445903902,31.685202765041822,33.983911085097894,36.063690155932754,35.728464805410155
7.98,33.3448442631023,31.44581512805542,31.687205396846874,33.98444768716738,36.06921755359128,35.72956045449593
8.0,33.34801348242674,31.44934550145029,31.69063507908182,33.989851725006346,36.06923496670993,35.73445452618221
8.02,33.35032787026822,31.45181264733587,31.69273170534605,33.99038503389354,36.07486420069829,35.73545302240577
8.040000000000001,33.35348191429134,31.45544675822704,31.69606999283025,33.99579728449435,36.07495077054835,35.74044152435668
8.06,33.35581618058624,31.457808310180365,31.698255080385394,33.99620338796644,36.08063047880923,35.74123627622914
8.08,33.35894676635927,31.46154984100305,31.701508960187233,34.00162912109577,36.08083101661623,35.74630883111748
8.1,33.36130920865979,31.463802520064174,31.70377527027658,34.0020166151002,36.08639558602635,35.747022449297376
8.120000000000001,33.36440692155551,31.46765434133438,31.706951107323416,34.00746580655281,36.0867125743247,35.752172823196204
8.14,33.36680686034316,31.469795665423014,31.709291973814878,34.00782484141886,36.092159881772695,35.75281186113057
8.16,33.369862494591096,31.47375986500545,31.712396726254198,34.01330721755,36.09259505546952,35.75803320339701
8.18,33.37230900774836,31.47578814311712,31.714804915677746,34.01362822493148,36.09792373663227,35.75860480443373
8.2,33.37531363332214,31.479866010575712,31.71784608225681,34.019153197693875,36.09847806323243,35.76388970155349
8.22,33.37781549019108,31.481780355507258,31.72031384829854,34.01942695465914,36.103687529384544,35.764401543189024
8.24,33.380760517689815,31.48597237232137,31.72329941215788,34.02500355858246,36.10436119510826,35.76974207644246
8.26,33.38332611538415,31.4877727075063,31.725818553548617,34.02522124953223,36.10945164398411,35.77020231094103
8.28,33.38620335841501,31.492078543190964,31.72875692280934,34.03085808109743,36.11024404588536,35.77559011749061
8.3,33.38884066086762,31.49376560362709,31.73131884421682,34.03101135706529,36.115216466506354,35.77600730929024
8.32,33.39164239546017,31.49818411775449,31.73421878976318,34.036716516911326,36.11612621065726,35.78143364625944
8.34,33.394358875662505,31.499759445047015,31.73681456527698,34.036797551817955,36.12098238208082,35.781816706608254
8.36,33.39707789627214,31.50428869512591,31.739685156154064,34.04257859020112,36.12200728784322,35.787272517696394
8.38,33.39988048213376,31.50575462670934,31.74230559493516,34.04258013365219,36.12674977183419,35.7876306369862
8.4,33.40251015382164,31.510391881839496,31.745156131797632,34.048443999557854,36.12788688219461,35.79310662114144
8.42,33.40540517804663,31.511751534480936,31.747791845449775,34.048528573318805,36.13251900986557,35.793449199426
8.44,33.407939484456115,31.5164932946608,31.750742285890603,34.05399049589454,36.13387435842201,35.79893588108074
8.46,33.41093263879896,31.517751653555564,31.753388161751914,34.054173098656754,36.1384044272295,35.7992713554166
8.48,33.41336624767531,31.522592628559835,31.75633342186713,34.059534411002936,36.13985969037294,35.80476019215118
8.5,33.41646249950411,31.52375416938936,31.75897957332422,34.05981982443949,36.14429219826289,35.805098294493085
8.52,33.41879079614863,31.528689521463626,31.761929524864097,34.06507609233273,36.1458425171654,35.81057955493985
8.540000000000001,33.421994401434134,31.52975942883978,31.764566100920483,34.06546840660485,36.150182676843244,35.81093000085837
8.56,33.42421349897385,31.534783630094925,31.76753054670793,34.070615903989996,36.15182249619006,35.81639400553748
8.58,33.42752797075405,31.535767758871156,31.770147799588305,34.07111848540638,36.156076196944504,35.81676642359256
8.6,33.429634738927845,31.540874632290144,31.773136406128714,34.07615422417862,36.15779930559049,35.82220361526299
8.620000000000001,33.43306282129341,31.54177946428778,31.775724758301994,34.076769688051364,36.16197307024292,35.822607477072644
8.64,33.43505490963329,31.546962229170827,31.778746989206837,34.08169144252897,36.163772646599305,35.82800849012269
8.66,33.438598557392964,31.547794825624386,31.7812970993644,34.08242163143771,36.16787358387678,35.82845304165231
8.68,33.44047441266237,31.55304614715447,31.784362150049535,34.08722795733187,36.16974224571101,35.833808770009476
8.700000000000001,33.44413477680512,31.553814097207326,31.786864977580564,34.08807392497114,36.1737779983785,35.834302964595274
8.72,33.44589365459864,31.55912613979158,31.789981711693283,34.09276417269734,36.1757078566739,35.839604627649585
8.74,33.44967107362722,31.559837505398693,31.792428579207765,34.093726173443315,36.17968654579619,35.84015706125344
8.76,33.451313044078056,31.565201989417357,31.795605467227002,34.09830049565801,36.181669262284764,35.845396267306434
8.78,33.45520704124647,31.56586524703453,31.79798812068756,34.09937797995084,36.185599428020396,35.84601511647948
8.8,33.45673298883022,31.571273508607263,31.80123318112903,34.10383733323808,36.18762627597125,35.851183923253025
8.82,33.46074227527589,31.571897488066643,31.803543847166953,34.10502894883415,36.19151681532992,35.85187688626133
8.84,33.46215389274049,31.577340541427272,31.806864590810278,34.109375089509456,36.1935787431492,35.85696785802614
8.86,33.466276376460854,31.57793436241676,31.8090960308174,34.11067868861521,36.19743884516894,35.85774209956485
8.88,33.46757615295297,31.583402964470743,31.812499408353965,34.114914162656625,36.199526542343555,35.86274836047698
8.9,33.47180895353624,31.583975971050123,31.8146449689613,34.116326814912135,36.20336562116571,35.86361046036891
8.92,33.47300015703425,31.589460687675206,31.818137322441295,34.120454942072676,36.20546958606359,35.868525743634684
8.94,33.47733962601518,31.59002238127445,31.820190982017447,34.12197295330904,36.209297212400884,35.86948164987639
8.96,33.478426280216446,31.595513654913635,31.823778000451142,34.12599780550844,36.21140782142546,35.87430034240013
8.98,33.48286802689074,31.59607362626884,31.82573441127792,34.127616742159425,36.21523365293161,35.87535532888293
9.0,33.48385488273799,31.60156184435611,31.8294210907202,34.13154311629698,36.21734123051702,35.880072511088535
9.02,33.488393805232974,31.602129704845833,31.831275616530437,34.13325783530132,36.22117494157523,35.881231140284704
9.040000000000001,33.48928630729913,31.607605268599155,31.835066224949234,34.13709122067495,36.223269830502176,35.885842620840414
9.06,33.4939166286646,31.60819058144859,31.83681497354141,34.138895904663435,36.22712104195413,35.887108711705416
9.08,33.494720876648614,31.613643974561437,31.84071302073943,34.14264244522227,36.229193673464245,35.89161105692113
9.1,33.49943618569953,31.614256186383606,31.842352871415994,34.144530642741465,36.233071882801305,35.8929876582224
9.120000000000001,33.500158891316644,31.619678043145736,31.846361084241973,34.14819709444031,36.235112845989974,35.897378215929535
9.14,33.50495218792955,31.620326416288158,31.84788970985291,34.15016176492532,36.23902735852361,35.89886758517103
9.16,33.505600627508365,31.62570758866867,31.852010012902763,34.15375544848824,36.241027468498125,35.90314450293692
9.18,33.51046437204552,31.62640113483014,31.853425896312462,34.15578901165844,36.244987330017885,35.904748091006525
9.200000000000001,33.51104633517098,31.631732758060927,31.857659398283236,34.159317761095835,36.24693769431851,35.908910328577335
9.22,33.51597250168064,31.632480173636587,31.858961843117488,34.16141215041204,36.250951625732824,35.91062877020225
9.24,33.516496236246276,31.637753729842288,31.863308828937484,34.164884257669684,36.25284370852967,35.914676106110576
9.26,33.52147636906441,31.638563333445937,31.86449796450751,34.167030977458154,36.25692004296757,35.91650921616361
9.28,33.52195052311931,31.643770712877,31.86895789332493,34.170455133608314,36.258745726564996,35.920442248478786
9.3,33.526975796477146,31.644650385477167,31.870034673667337,34.17264531942755,36.262892349396,35.922389024136734
9.32,33.52740935727272,31.649783944916646,31.87460618273748,34.1760305528401,36.2646439925992,35.926209165377394
9.34,33.532470637496324,31.650741073008177,31.875572379751635,34.17825503463955,36.268868284804135,35.928267794091944
9.36,33.532872868154904,31.65579369093889,31.880253294219447,34.181610646595715,36.27053877772845,35.93197726036075
9.38,33.53796077802685,31.656835113153797,31.88111148492752,34.18386001419328,36.274847563026285,35.93414513356192
9.4,33.538341152268934,31.66180024129218,31.885898833458235,34.187195512425255,36.276430377959244,35.93774692800203
9.42,33.54344613710911,31.66293219883271,31.886652381457413,34.18946018281169,36.28082987406427,35.94002066041568
9.44,33.54381427248789,31.667803909657437,31.891542417624013,34.19278521346795,36.28231911202232,35.943518551126516
9.46,33.548926667499586,31.66903200091106,31.892195448844326,34.1950554994316,36.286814886372696,35.94589400554978
9.48,33.54929225760104,31.67380503083967,31.897183678136205,34.19837977798014,36.288205319028975,35.94929249813666
9.5,33.554402356020354,31.6751341705093,31.897741051061654,34.20064595753541,36.29280224929221,35.95176481547916
9.52,33.55477510209366,31.679803958403323,31.902822263335494,34.20397919912517,36.2940893559884,35.95506912044601
9.540000000000001,33.55987322367489,31.68123834145721,31.903289533889044,34.20623158522221,36.29879159561176,35.95763275481084
9.56,33.56026276616242,31.68580106216666,31.908457841040047,34.20958343502643,36.29997159520525,35.96084875003878
9.58,33.56533932552928,31.68734413288126,31.908841222375404,34.211812445018246,36.30478254424019,35.96349750858483
9.6,33.56575517596646,31.691796725571848,31.914090100965687,34.2151924090828,36.305852421577356,35.96663169717043
9.620000000000001,33.5712590817809,31.69345559998536,31.914396418449208,34.21738863342871,36.31077470296686,35.96935432110198
9.64,33.57172035125383,31.69779605003801,31.919718801017765,34.22080601054321,36.311732274070984,35.97241351882048
9.66,33.57717452081677,31.699567823882024,31.91995540219265,34.22296028113077,36.31676767475582,35.975207449974825
9.68,33.57768985271898,31.70379463517851,31.925343633317073,34.22642409452955,36.317611506023326,35.9781992940518
9.700000000000001,33.583085785323526,31.705680398960624,31.9255184224331,34.22852755004933,36.32276105320196,35.98105665224813
9.72,33.58366351451554,31.709792893330125,31.930964366655694,34.23204648490022,36.32349052359919,35.98398925186076
9.74,33.58899304944299,31.711792916100492,31.931085698807482,34.23409063327313,36.32875442944137,35.98690171321067
9.76,33.58964113957801,31.71579123879903,31.936580799622188,34.23767297455769,36.32936973412754,35.989783592171115
9.78,33.59489651751388,31.717904965641736,31.936657420138513,34.23964975363269,36.33474739505716,35.99274244786961
9.8,33.595622501023634,31.72179008490916,31.94219276207973,34.24330332698879,36.33524954320987,35.99558248442671
9.82,33.60079642260263,31.72401614037033,31.94223374304041,34.2452051620615,36.34073954497134,35.99857870222026
9.84,33.60160734376479,31.727789841044366,31.947800116411557,34.24893727801806,36.3411303518517,36.00138606639499
9.86,33.60669302483197,31.730126038495484,31.94781479076517,34.25075713575406,36.346730480302874,36.00441035430346
9.88,33.60759538632222,31.733790909706578,31.953402758523694,34.254574537759424,36.347012553636745,36.007194443188304
9.9,33.61258660951711,31.736234266597055,31.953404864748585,34.256305976135856,36.35271981117232,36.01023731504409
9.92,33.61358632282791,31.739680978583074,31.959219881715825,34.26010085156062,36.35289653196276,36.01300768650926
9.94,33.61847635584704,31.742223249342313,31.959235509765687,34.26173368673305,36.358706035515745,36.01605952886527
9.96,33.61957975691557,31.745572927709365,31.96504210208824,34.265629719814484,36.35878259068159,36.0188258567399
9.98,33.62436378279735,31.7482099287071,31.965061303228214,34.2671591386194,36.364689975630604,36.02187695326214
10.0,33.6255753453907,31.751467138732476,31.970869399797518,34.27116079653301,36.36470886170264,36.02464895389529
10.02,33.63024923146647,31.754193949410084,31.970882261571585,34.272469312886564,36.37012348014333,36.02780210338807
10.040000000000001,33.631571603910395,31.75736397347443,31.97670283552682,34.276575833644074,36.37023862940062,36.030593924231944
10.06,33.63613299396445,31.760174953545093,31.97670716868946,34.27777767596037,36.37556037215964,36.033722726513716
10.08,33.637569343762955,31.763376377438554,31.98227946305897,34.28210642492656,36.375765199152276,36.03654359851643
10.1,33.6420165806243,31.76626970011201,31.982316896748703,34.28320302312112,36.380999823507935,36.03963888694181
10.120000000000001,33.64356824074275,31.769392281354783,31.987851602312023,34.2876382463996,36.38128820345309,36.04249786046535
10.14,33.647899189581736,31.772360715894553,31.987931182539832,34.28862712734099,36.386443292198706,36.04555070428853
10.16,33.64956788825743,31.775411955751622,31.993419377123075,34.293170887961146,36.386807372317136,36.04845658668002
10.18,33.65378122534599,31.77844774597263,31.99354987755428,34.29405040822677,36.391891016407705,36.05145830788343
10.200000000000001,33.655567873850885,31.78143564476969,31.99898294484665,34.29870393461897,36.392322463377376,36.05441962105864
10.22,33.65966309665159,31.784530563160025,31.999172800621896,34.29947328794358,36.397343206873806,36.0573618601701
10.24,33.66156778212962,31.78746356425023,32.004542494983674,34.3042369694147,36.3978332635649,36.06038677589959
10.26,33.66554521360277,31.790608969777235,32.00479973934648,34.30489618841298,36.402800045241285,36.063261555409525
10.28,33.66756719772667,31.793495900043293,32.010098247592076,34.309769576359855,36.4033395905804,36.06635783322716
10.3,33.671427984786845,31.796682799198177,32.010430451761536,34.31031952850271,36.40826168262138,36.06915761816907
10.32,33.6735657082809,31.79953280654814,32.01565045149083,34.31530134336207,36.408841294149525,36.07233254633238
10.34,33.6773118143786,31.802751917158623,32.01606466819316,34.315743721229836,36.41372823838033,36.07505030160503
10.36,33.679562907409846,31.805574405497104,32.0211993822711,34.32083186511999,36.414338257055114,36.07831064151949
10.38,33.68319709925775,31.808816222816336,32.02170209331533,34.3211691709985,36.41919979915998,36.080939885548794
10.4,33.685558397653224,31.81162078499191,32.02674534012933,34.32636074596595,36.41983039594053,36.08429182004758
10.42,33.68908422616204,31.81487564955497,32.02734240838136,34.32659627089273,36.42467641813564,36.086826674407476
10.44,33.69155179336463,31.817671998799394,32.03228864753871,34.33188760263651,36.42531766187953,36.09027576025527
10.46,33.694973568898305,31.82093016552571,32.032985273614216,34.33202540004401,36.43015811451468,36.092710994892
10.48,33.69754272352887,31.82372806591153,32.0378296467764,34.33741206695147,36.43080004070933,36.096262119854984
10.5,33.70086548563374,31.826979773923057,32.03863033073721,34.33745692109247,36.43564487327834,36.09859319358655
10.52,33.70353083448259,31.829788970372267,32.04336869732508,34.34293378838308,36.43627755312488,36.10225053838194
10.540000000000001,33.706760316289184,31.83302451299326,32.04427720562584,34.342976399006695,36.44113664516748,36.10447363437471
10.56,33.70951579251668,31.83585466137176,32.048796248080976,34.348829922984365,36.44186037161363,36.10824063978157
10.58,33.71265838005559,31.83906335339479,32.04981120306718,34.3489598026016,36.44674769037748,36.11035379728591
10.6,33.71549726413505,31.841924988896427,32.05422235600658,34.35472954680714,36.44743851099829,36.11423210065179
10.620000000000001,33.71855999354069,31.845097567610864,32.055346290602,34.35493944540073,36.452363284957556,36.11623290943151
10.64,33.72147496621832,31.847999841214275,32.059647430813186,34.36063294469962,36.453012089244766,36.12022451720123
10.66,33.72446542449877,31.85112729185714,32.06088205603419,34.360915070089604,36.457983298249495,36.12211137716897
10.68,33.72744864217335,31.854079072930983,32.06507188745138,34.36654037375935,36.4585812580104,36.12621747883354
10.700000000000001,33.73037491383904,31.857152695151555,32.066418082913664,34.366886446704505,36.463607566422006,36.12798961212456
10.72,33.73341806388859,31.860162506164603,32.07049614324965,34.372452061542646,36.46414620155975,36.132210571066715
10.74,33.736288673787286,31.863173978022232,32.071953953513685,34.37285337434874,36.4692358937033,36.13386802824123
10.76,33.73938303347573,31.866249931951934,32.075920615034036,34.37836820448601,36.46970713544903,36.13820337849723
10.78,33.7422068862638,31.869191370987394,32.077489251811,34.37881568269359,36.47486805383603,36.1397470387928
10.8,33.745343384784,31.87234111187535,32.08134571625095,34.384288966548745,36.47526430498706,36.14419548778717
10.82,33.74812970149051,31.875205132819698,32.08302356644724,34.38477323325579,36.48050379174612,36.14562705338713
10.84,33.75129898467468,31.878435779897234,32.0867718541142,34.39021447808456,36.48081798348208,36.15018649065169
10.86,33.75405723683825,31.881215548609003,32.08855649365017,34.39072592044455,36.48614282541566,36.15150847498086
10.88,33.75724973404593,31.884533644387492,32.09219942679698,34.39614483494867,36.4863684702852,36.15617598682418
10.9,33.75953136642036,31.887218510249202,32.094087640094365,34.396673672372565,36.49178484794832,36.15739609929055
10.92,33.762727629699505,31.890629753246458,32.09762877669795,34.40208009784564,36.49191613256444,36.162168214181705
10.94,33.76501017711174,31.893218831865767,32.09961662256661,34.40261645232054,36.49742953288945,36.163285843112305
10.96,33.768200803514745,31.896728493719312,32.10306032335555,34.40802029110965,36.49746126748563,36.16815808705834
10.98,33.77049369035843,31.899216862119033,32.10514307717103,34.40855425710686,36.5030765300635,36.1691780734641
11.0,33.773669251985275,31.90282950727034,32.10849442129955,34.413965404332004,36.503148820865384,36.17414524993939
11.02,33.77598189203334,31.905212966597738,32.11066665845452,34.41437303785504,36.50884247883466,36.17496099357479
11.040000000000001,33.7791341397586,31.908932419678475,32.11393252882765,34.41980132715304,36.509112618824716,36.180017236117294
11.06,33.7814747566526,31.911207547667296,32.11618706524525,34.420305535682274,36.514958842606546,36.18086365744429
11.08,33.78459320564197,31.915036822128965,32.11937264984292,34.4257561239911,36.515264861088056,36.185998010632616
11.1,33.78697221938617,31.917200971419064,32.121704016277356,34.42611447726912,36.52072246046589,36.18665300643063
11.120000000000001,33.79004888657621,31.921142342266144,32.12481739045563,34.43160165279198,36.52075480634063,36.19186310567436
11.14,33.792474136736054,31.923193659616455,32.12721721055744,34.432037270245914,36.5268406492069,36.192562603019795
11.16,33.79549899424345,31.92724855339761,32.13026470531721,34.43756566049929,36.52738749743346,36.19783632583419
11.18,33.797980376786924,31.9291859929616,32.13272641973675,34.43783694920871,36.53260347640916,36.1983595169364
11.200000000000001,33.80094602737445,31.93335507110576,32.135717145193965,34.44342018913706,36.53281294832141,36.20369344943433
11.22,33.80349073086828,31.935178401957035,32.13823139930812,34.44363703577199,36.537899941137844,36.204165233874775
11.24,33.806388992154055,31.939461462516245,32.14117372937288,34.449278998893384,36.53823754941027,36.20954634218254
11.26,33.809005028328016,31.941171292665572,32.1437320040295,34.4494329370347,36.543196944126876,36.20997519938268
11.28,33.811828126336316,31.945567321309284,32.14663464041252,34.455141839211855,36.543660931020945,36.21539482003574
11.3,33.814523020908524,31.94716506733403,32.149228072213305,34.4552249255595,36.548494883920235,36.2157895839418
11.32,33.817263695256806,31.951672245191475,32.15210002836029,34.46100843208758,36.54908272484681,36.22123873240848
11.34,33.82004443352168,31.95316012246553,32.15471947545132,34.461013299237614,36.55379415428805,36.221608523724676
11.36,33.82269598990485,31.957775838800973,32.15757000982601,34.46687847395279,36.55450256701391,36.22707796317281
11.38,33.82556896627978,31.959156845950012,32.16020611946708,34.466958568523715,36.55909514126899,36.22743211979103
11.4,33.82812532480595,31.96387771654881,32.163155158995266,34.4724202223997,36.56003090202092,36.23291243140859
11.42,33.831096296705425,31.965156725422613,32.165802841005785,34.472597307543275,36.564513439015904,36.233259334535475
11.44,33.8335520578859,31.96997757061492,32.16874528767674,34.47795928378706,36.565556943194466,36.238742024885966
11.46,33.83662606175376,31.971158949222595,32.17139466535897,34.47823825597463,36.56993424439756,36.23909135915155
11.48,33.8389765403725,31.976075035750657,32.17434038730375,34.483496007634976,36.571080340215836,36.24456673902817
11.5,33.842157904332204,31.977163867437685,32.17698160717848,34.483881071152375,36.575357904943075,36.24492817995283
11.52,33.844399140152596,31.982169765143325,32.17994041577184,34.48903530155669,36.577058600423875,36.250382123622465
11.540000000000001,33.84769149688889,31.983171810601608,32.182563760388,34.48953025972533,36.58125221411644,36.250764947143054
11.56,33.84982024310264,31.988261433670022,32.18554530167313,34.49457309238351,36.58303377620062,36.25619263692859
11.58,33.85322640615692,31.989183086591378,32.188141160272295,34.49518064343533,36.58714981728496,36.25660631754737
11.6,33.85524024163603,31.99434973812493,32.191154936129884,34.500109767818,36.58900556583428,36.26199838398367
11.620000000000001,33.85876223760899,31.99519798025442,32.19371392406256,34.500831838587324,36.593051003814736,36.26245217496509
11.64,33.860659536442434,32.000434400371375,32.196769178054275,34.50564572453018,36.59497369276649,36.26779950364699
11.66,33.86429858979278,32.00121675044292,32.19928220173776,34.50648345377782,36.598956036596725,36.26830237005994
11.68,33.866078533551764,32.00651516921253,32.20238785502484,34.511181365321356,36.60093790758332,36.27359616756677
11.700000000000001,33.86983505726369,32.0072396282239,32.20484617500103,34.51213509276523,36.60486515016744,36.27415672152237
11.72,33.871497641375036,32.01259182207723,32.20801076438523,34.5167170962308,36.60689798981147,36.27938857890439
11.74,33.875371233531645,32.01326681528289,32.21040605603625,34.517786357382974,36.61077854903233,36.280015017465914
11.76,33.87691726774317,32.01866416651011,32.21363767455872,34.522253323606165,36.61285374950471,36.28517697082717
11.78,33.880906714001036,32.019298482530985,32.21596208605193,34.52343685047488,36.61669640620598,36.28587701704539
11.8,33.88233781696438,32.024732041456446,32.21926832657061,34.52779045115892,36.618805028607525,36.29096160478278
11.82,33.886441098883395,32.02533476892412,32.2215145336208,34.52908617883127,36.622618861981344,36.291742452283174
11.84,33.88775968692052,32.03079531833371,32.224902435769316,34.53332887702657,36.62475170208453,36.29674276856982
11.86,33.89197399606278,32.03137578050197,32.22706369282478,34.534733956104375,36.62854602293854,36.29761103008833
11.88,33.893183266221875,32.03685390188285,32.2305396937355,34.53886899086392,36.63069367880639,36.302520774220795
11.9,33.897505023894645,32.03742158965241,32.23260988121675,34.5403798056812,36.634477961201284,36.30348243445196
11.92,33.89860893143965,32.04290773079357,32.236179770367386,34.544411170985406,36.63663090218464,36.308295955714584
11.94,33.903033813919514,32.043472234606426,32.23815343761131,34.54602336349194,36.64041471394741,36.3093563288009
11.96,33.90403704443411,32.048956778099615,32.24182231612887,34.54995578158066,36.642563350550745,36.314068666537
11.98,33.908560013473775,32.049527719166825,32.24369471971868,34.551664280732645,36.6463562831774,36.31523235849133
12.0,33.909467949795975,32.055001051340966,32.24746696444617,34.5555031700249,36.64849103727596,36.319839277108656
12.02,33.91408328818073,32.05558801267279,32.24923410163676,34.55730222648063,36.65230263574277,36.32111015342239
12.040000000000001,33.914901972417184,32.06104059249153,32.253113334236936,34.56105366430565,36.6544140106315,36.32560817210026
12.06,33.91960332430595,32.06165305020093,32.25477197121763,34.56293689018253,36.65825370363397,36.32698933075003
12.08,33.920339415206605,32.06707547765215,32.25876103255521,34.566607570586065,36.660332353390395,36.33137574765578
12.1,33.925119830962245,32.067722733002164,32.26030872732619,34.56856798399485,36.66420938452511,36.33286949768031
12.120000000000001,33.92578055696494,32.0731058165102,32.26440965733403,34.57216517092443,36.66624618217469,36.337142408544516
12.14,33.930632542150384,32.073796929172175,32.265844777009384,34.574195244958766,36.67016954257088,36.33875025432146
12.16,33.93122565043193,32.079131751568376,32.27005880020681,34.57772672116857,36.67215564655368,36.34290856526311
12.18,33.936141218623014,32.07987547455208,32.271380532595586,34.579818436991324,36.67613400944879,36.34463119657377
12.200000000000001,33.93667492051794,32.085153457146866,32.27570804938764,34.58329244904191,36.67806092790112,36.34867463110861
12.22,33.9416456495603,32.085958173854166,32.27691640874457,34.585437352677374,36.682102585637814,36.35051191903658
12.24,33.94212856273076,32.09117113816429,32.281356992589714,34.58886255243719,36.68396223802092,36.35444101924356
12.26,33.9471456540471,32.0920448020063,32.28245281946916,34.59105181484749,36.68807504192282,36.35639201791162
12.280000000000001,33.947586741807115,32.097185028704395,32.287005219961024,34.5944371979314,36.689859817553064,36.360208139773704
12.3,33.95264108234252,32.098135105707335,32.28799017515023,34.59666167792916,36.694051121112324,36.36227109388267
12.32,33.95304959055734,32.10319539037686,32.29265232701525,34.60001651953431,36.69575393417303,36.36597639685864
12.34,33.95813181693429,32.10422880518408,32.29352887956709,34.60226682906056,36.700030539955364,36.368148754951676
12.36,33.95851720893027,32.10920251048198,32.29829791753602,34.60560061768084,36.701644880599154,36.37174618587506
12.38,33.96361777337131,32.11032559613921,32.29906932696549,34.60786718895786,36.706012991242126,36.37402461921226
12.4,33.96398966330402,32.11520669999041,32.30394160643263,34.61118955847509,36.707532972424495,36.377517890651546
12.42,33.969098900869064,32.116425151878076,32.30461189918568,34.61346271252922,36.71199814607138,36.379898317542136
12.44,33.969466986007276,32.12120829135044,32.30958302252502,34.61678337319225,36.71341854579014,36.383291880793294
12.46,33.97457518268429,32.122527125600875,32.310156962872576,34.61905338923095,36.71798565626693,36.3857694961969
12.48,33.97494917507417,32.12720763613689,32.31522181123638,34.622382058042085,36.71930195491844,36.38906850911407
12.5,33.98050494707796,32.12863559662638,32.31570486678968,34.624639243163266,36.72397515692416,36.39163336503112
12.52,33.98090430153736,32.1332098059642,32.32085768113608,34.627985574195606,36.72518361386223,36.39484338855218
12.540000000000001,33.98643017494913,32.134745672550544,32.32125594275993,34.630220333798874,36.72996627255029,36.3974941245152
12.56,33.98686401845266,32.13921038406704,32.326490270500294,34.63359384727034,36.73106385669168,36.40062164040433
12.58,33.99235094067907,32.1408569642619,32.32681049587512,34.63579675358881,36.735958612355866,36.403351479517944
12.6,33.99282822851548,32.1452097686796,32.332119289984206,34.63920676966397,36.736943076355566,36.406403549167145
12.620000000000001,33.99826735199989,32.14696907293965,32.33236880614682,34.64136862838811,36.74195177709586,36.409205159413965
12.64,33.99879680098972,32.1512083662403,32.33774447623084,34.64482420035443,36.7428216729762,36.412189373828824
12.66,34.00417954920261,32.153081592929475,32.33793112643657,34.64693611652586,36.7479453619325,36.41505491995005
12.68,34.00476957264196,32.15720658851512,32.343365593805146,34.6504459659524,36.74870005098103,36.41797934605802
12.700000000000001,34.010087704121055,32.159194114679025,32.343497680585855,34.6524994076353,36.75393895932685,36.42090054492763
12.72,34.01074634890152,32.163204849669306,32.34898243692246,34.65607186199185,36.75457861621501,36.42377366858349
12.74,34.01599201889695,32.16530622771186,32.34906866176128,34.658058721253944,36.75993216193873,36.426741847691034
12.76,34.0167269052399,32.169203563308685,32.35459483095745,34.661701654447555,36.76045777305411,36.42957251377445
12.780000000000001,34.021892724533394,32.171417523618686,32.35464423102824,34.66361430520571,36.765924565514396,36.43257867241246
12.8,34.02271098876157,32.17520313951236,32.36020263372106,34.667335081466966,36.76633792154011,36.435376022430155
12.82,34.027790079244944,32.17752759904345,32.360224516164536,34.66916643377845,36.77191577174213,36.438410895165795
12.84,34.028698319996586,32.18120398187889,32.36580573649528,34.67297185530187,36.7722194545563,36.441184302786226
12.86,34.03368436661426,32.183636058642186,32.36580961072366,34.67471540571195,36.77790539105626,36.44423842478253
12.88,34.03468859488423,32.187206484608055,32.37140406481748,34.6786116644241,36.77810275506312,36.446997429743725
12.9,34.03957589356651,32.18974251799209,32.371408556279995,34.6802615420128,36.7838930453707,36.450061203484495
12.92,34.040681486935284,32.19309835294735,32.37722552510382,34.68414020878041,36.78398819341214,36.45281544432608
12.94,34.045463855852965,32.19572944267341,32.377235067523394,34.68568683689849,36.789877243767585,36.45587920728922
12.96,34.046676581018545,32.198992425521986,32.38305208460174,34.68967099941598,36.78987842969724,36.45863837597218
12.98,34.05134979335279,32.20171375930332,32.38305673430662,34.69099712344535,36.79531047820619,36.4618046196881
13.0,34.05267239476351,32.204889068159446,32.388884803621494,34.69508608394816,36.795408859745635,36.464582856780964
13.02,34.057233996624916,32.20769510637549,32.3888959368497,34.696305571518494,36.8007470767878,36.46772550214271
13.040000000000001,34.05866974017308,32.210901232625574,32.39446212093665,34.700616754749966,36.80093610346933,36.470532049953775
13.06,34.063117977042765,32.21379024122901,32.394504987126375,34.70173097838976,36.806186210285844,36.473641916458284
13.08,34.06466829408981,32.21691685223313,32.40003491994154,34.70614868611811,36.80645979206067,36.47648584170499
13.1,34.06900092938899,32.21988168485763,32.40011861565807,34.70715511250056,36.81162934139225,36.47955397971714
13.120000000000001,34.07066765044569,32.22293620189851,32.40560332187175,34.71168146895496,36.81197965424705,36.48244411113771
13.14,34.07488325766228,32.225969178077506,32.405736677499746,34.71257839219947,36.817076710180636,36.48546181871255
13.16,34.07666739699383,32.22895953026991,32.41116748153503,34.71721468897136,36.81749544616382,36.48840670463733
13.18,34.08076537041225,32.23205248931098,32.41135899490194,34.71800123872938,36.822528529455354,36.49136559337025
13.200000000000001,34.08266711823193,32.23498705779421,32.416727585975345,34.722747929611245,36.823006953049656,36.494373436951115
13.22,34.08664767788425,32.238131416383936,32.416985358716985,34.7234240734211,36.82798498307979,36.497265495476945
13.24,34.088666398365376,32.24101897500189,32.422283852916024,34.728280774989855,36.82851399073505,36.50034409249075
13.26,34.092530589131094,32.24420578809821,32.42261553002758,34.72884731487739,36.833446224522675,36.50316174719381
13.280000000000001,34.094664824288195,32.247055441023114,32.42783652899398,34.73381281282378,36.83401640691583,36.50631842685016
13.3,34.09841450911375,32.25027546556672,32.42824924198482,34.73427137616898,36.83891237562989,36.509054599362884
13.32,34.100661988559665,32.25309658234612,32.43338588779821,34.73934363733117,36.83951408220454,36.512296168529815
13.34,34.10429983581294,32.256340343301005,32.43388620184102,34.73969666206383,36.84438352562754,36.51494432961612
13.36,34.10665749235401,32.2591424918274,32.43893222772762,34.74487285208151,36.845006930953616,36.518277020856935
13.38,34.11018695737423,32.26240035004297,32.43952609316121,34.74512356631015,36.84985973036147,36.52083124029799
13.4,34.11265094836053,32.26519322796084,32.444475869684396,34.75040007277469,36.85049490184586,36.524260664089724
13.42,34.116076249309,32.268455449334546,32.4451685781961,34.75055246899275,36.85534101177678,36.52671565621425
13.44,34.11864198361155,32.2712488144108,32.45001715462037,34.755924929930174,36.855977978248795,36.530246757692304
13.46,34.12196807177351,32.274505639821555,32.450813300398046,34.75598373398172,36.86082735763968,36.532597922220724
13.48,34.124630242216085,32.27730923981215,32.45555644095478,34.76144707146788,36.86145617833059,36.536234942765695
13.5,34.12786276694795,32.280550955289854,32.45645988706073,34.761476436444596,36.8663187215029,36.5384784006674
13.52,34.130615387977,32.28337445783801,32.46098418909533,34.76734275964209,36.8670398307513,36.54222484461871
13.540000000000001,34.133760656536694,32.286590362154314,32.46199365675612,34.76746014979052,36.87192953111067,36.54435857001671
13.56,34.13659708464317,32.28944432282967,32.46641044354506,34.77324191312213,36.87261878279137,36.54821614098338
13.58,34.13966205991784,32.292625128596505,32.46752856547319,34.77344012698039,36.8775448933208,36.55023765654011
13.6,34.142575046146575,32.29551872724693,32.47183561376274,34.77914481909513,36.878193150038854,36.5542084289871
13.620000000000001,34.14556724780522,32.29865538679804,32.473064201436195,34.779416108399595,36.88316468057137,36.55611606573602
13.64,34.14854901274055,32.301597529703784,32.47726011474612,34.78505173718839,36.88376308180054,36.56020129871
13.66,34.151476464263666,32.30468130193401,32.47860014828075,34.78538786159031,36.88878873205315,36.56199420862013
13.68,34.154518752977516,32.30768055612017,32.482684364173494,34.790962897659334,36.88932876004008,36.566194336094924
13.700000000000001,34.15738992484754,32.31070307090378,32.48413598803163,34.79135518298837,36.89441685492219,36.567872498781725
13.72,34.160484065474584,32.31376760110665,32.48810877952391,34.796878499796684,36.89489039808456,36.57218712590433
13.74,34.16330781495442,32.316720920832246,32.48967130408605,34.797317899445716,36.90004882573493,36.573751349404304
13.76,34.166444780452906,32.319858429571205,32.493533775197754,34.8027987105418,36.900448239107206,36.57817925470217
13.780000000000001,34.16923028840677,32.32273510735387,32.49520568418042,34.803275869530026,36.905684392097626,36.57963117027278
13.8,34.17240076103828,32.32595277853532,32.49895975965912,34.80872366333836,36.906002554395286,36.584170313838555
13.82,34.17515746627294,32.328745912693236,32.5007387233195,34.80922898459461,36.91132327452033,36.585512364790134
13.84,34.178351904312855,32.3320503591449,32.50438713262098,34.81465345721686,36.911553641413995,36.59015990241425
13.86,34.1810894359368,32.33475364355765,32.50627002664709,34.81517716961271,36.916965168464166,36.591395327026234
13.88,34.18429814210946,32.33815085886044,32.50981628229302,34.82058815611929,36.917101821678415,36.59614763020215
13.9,34.18702625042305,32.340758628858495,32.5117992122383,34.821120383771735,36.92260974656927,36.5972804388222
13.92,34.19023944154252,32.34425394380911,32.51524758271186,34.826527788467864,36.922647438447136,36.60213312050291
13.94,34.19296792798337,32.3467612172793,32.51732591379452,34.82705862082439,36.92825666104921,36.603168066972856
13.96,34.19617580527162,32.35035926128076,32.5206813911719,34.83247234698046,36.9283224678458,36.60811601291202
13.98,34.19845626220475,32.35275736265604,32.52284978322264,34.8328779292178,36.93402267281996,36.60895093267284
14.0,34.201640489077526,32.35646181067779,32.5261191238691,34.838307823079646,36.934299639285626,36.61398857634227
14.02,34.203949241149154,32.35875194594886,32.528370513369545,34.838810841242804,36.94013884504083,36.61485337602813
14.040000000000001,34.20709936647515,32.36256590551421,32.531558837724056,34.84426208601324,36.940437440259004,36.619969822074374
14.06,34.20944680464491,32.36474533214746,32.53388782013661,34.84462028428252,36.945902462611485,36.620642601567944
14.08,34.21255487739725,32.36867117374442,32.53700313946417,34.85010718597548,36.94594243033359,36.6258355245695
14.1,34.21494881383203,32.37073794220767,32.53940139959525,34.85054346774356,36.95202053233811,36.62655192082596
14.120000000000001,34.21800482130238,32.37477718871752,32.542449989016355,34.85607524295218,36.95210279573445,36.63181372392215
14.14,34.22045509593022,32.376730156408456,32.54491097538305,34.856348502076074,36.957316978619836,36.6323534612625
14.16,34.223451695360644,32.3808835647972,32.547901934090746,34.86192946221238,36.957527765911614,36.637671564842925
14.18,34.225965540400146,32.38272240592182,32.55041639264337,34.862149080906164,36.96261352394139,36.63815901932565
14.200000000000001,34.228894502542,32.38698986960066,32.55335800320958,34.867787978650135,36.96295194250065,36.64352517915198
14.22,34.23147993165548,32.38871509607028,32.55591745403194,34.867945447024745,36.967910568582546,36.643968801641826
14.24,34.23433347653361,32.39309569585487,32.55881838241677,34.87365054483923,36.96837495495342,36.649374380608926
14.26,34.23699802521328,32.39470862968336,32.56141399427959,34.873737870423135,36.97320851129544,36.649782981724364
14.280000000000001,34.23976887885936,32.3992006400111,32.56428322535604,34.87951688571623,36.973796433867854,36.6552190162655
14.3,34.242519549510675,32.40070340416601,32.566905881297636,34.87952664659901,36.97850774632539,36.65560169890624
14.32,34.245200996968215,32.40530430515771,32.569752652319025,34.885386700447974,36.979216014045996,36.661058967490455
14.34,34.24804420791929,32.406699808619464,32.57239301705639,34.88546130622835,36.983808660452276,36.661425057511366
14.36,34.250630142130966,32.411406303871104,32.57533722680011,34.89092864958496,36.984744324967245,36.66689415074552
14.38,34.25357168094033,32.412699332032126,32.57799021959051,34.89109971403069,36.9892270425962,36.66725202358289
14.4,34.25605666937948,32.41750632621177,32.58092677909357,34.896467882404764,36.99027038475704,36.67272445110962
14.42,34.25910160815914,32.41870116470412,32.583582525617665,34.89674036869464,36.99464788900379,36.67308379138464
14.44,34.261480927277354,32.42360400456214,32.58652130441465,34.902004746434514,36.995793841309286,36.67854986123457
14.46,34.264633634879345,32.42470565878373,32.58916994598559,34.90238292907745,37.00007154909782,36.67892035064868
14.48,34.26690328136867,32.4296989894957,32.592120764417146,34.907539606166665,37.001314359814096,36.68437040930224
14.5,34.27016739070608,32.43071314711817,32.59475252607328,34.908027037985704,37.005498353205134,36.68476165594283
14.52,34.27232411145127,32.43579095214676,32.59772508735906,34.91307284053028,37.00683162523889,36.69018615878392
14.540000000000001,34.27570249230031,32.43672394093399,32.60033034547676,34.91367232477909,37.010928610101644,36.690607627057474
14.56,34.277743808761116,32.44187958643583,32.60333416850181,34.91860484024604,37.012345344671346,36.69599720793603
14.58,34.28123854621265,32.44273832767281,32.60590351746219,34.919318408076606,37.01636260471034,36.69645814965115
14.6,34.283162773088726,32.44796461113623,32.60894787074081,34.924140527970884,37.01831297887138,36.70179922008347
14.620000000000001,34.28677519662941,32.44875656899585,32.611472232790824,34.924969740369846,37.02226794270331,36.70230829174081
14.64,34.28858141387299,32.45404577266657,32.614566029457976,34.92967587383559,37.02427675622861,36.70759674080433
14.66,34.29231199052291,32.454778898170524,32.617036621703484,34.93062114431339,37.02817730939451,36.70816259695087
14.68,34.2940001387044,32.46012284482802,32.62018844512189,34.93521128304843,37.03023645219501,36.71338997110165
14.700000000000001,34.29784852193544,32.46080552021625,32.622596893247795,34.93627222171164,37.03409091359617,36.714020856437024
14.72,34.29941935493746,32.46619563141945,32.62581488912669,34.9407471614459,37.03619187267032,36.71917914208663
14.74,34.30338438647273,32.46683660949887,32.628153285668134,34.94192257507377,37.04000893267609,36.71988283226204
14.76,34.304839466741825,32.472263967544734,32.631445105291924,34.94628391254769,37.042142855381606,36.724964513276426
14.780000000000001,34.308919184222766,32.47287230852634,32.633706064766784,34.94757181055203,37.0459315113124,36.725748259199314
14.8,34.310260872190476,32.478327720707384,32.63707881156251,34.95182193461647,37.04808927103005,36.73074637068655
14.82,34.31445252262922,32.47891272696335,32.63925552206924,34.95321954086153,37.05185876048623,36.73161684673094
14.84,34.3156839604049,32.48438679168543,32.64271570189807,34.957361617744375,37.05403102419545,36.736525024734014
14.86,34.31998401930002,32.48495794087122,32.64480197280468,34.958865388159424,37.057790756720905,36.73748828122382
14.88,34.32110910877601,32.490441115180836,32.64835544833991,34.96290334098846,37.05996805399085,36.742300807968256
14.9,34.32551330473251,32.491007992177934,32.65034575371407,34.964508986861816,37.06372754157408,36.743362228266065
14.92,34.32653668027944,32.49649066023902,32.6539977032427,34.968447469577114,37.06590033446192,36.74807407264822
14.94,34.331040024937266,32.497067362745895,32.65634248528627,34.97015447536222,37.06966912138705,36.74923833514509
14.96,34.33196706540935,32.50254011998439,32.66010717574635,34.97399906336411,37.071827919360075,36.75384518818487
14.98,34.336563847030426,32.503131480187825,32.662337594740166,34.97579696664608,37.07561547035284,36.75511623255795
15.0,34.33740054259037,32.50858474861317,32.66621832571752,34.97955365171742,37.077750804405284,36.759614539278914
15.02,34.34208445510759,32.50920028570727,32.66833145279719,34.98143614997842,37.08156652421967,36.760995539258815
15.040000000000001,34.34283741709879,32.51462462296619,32.67233076383311,34.985111546718954,37.083669068607385,36.765382521374676
15.06,34.34760155590745,32.51527368649187,32.67432444196426,34.98707173704171,37.08752218436764,36.76687586376413
15.08,34.34827797028275,32.520659853317625,32.6784440909847,34.99067303639373,37.089582824892304,36.77114953880958
15.1,34.35311488086901,32.52135155636884,32.6803169537195,34.99270346412747,37.09348231858136,36.77275680720037
15.120000000000001,34.35372245759419,32.526690582640214,32.684557901132266,34.99623838259584,37.09549221922364,36.77691600192063
15.14,34.35862418801321,32.52743373669053,32.686309385626004,34.99833109414671,37.09944676206846,36.77863796619158
15.16,34.35917110680385,32.53271698564264,32.690671784218395,35.001807819083915,37.10139742948247,36.78268232411998
15.18,34.364129263637345,32.53352003744507,32.69230213839408,35.00395441844252,37.10541531871552,36.78451893576563
15.200000000000001,34.36462411641032,32.53873926758444,32.6967853291225,35.007381549801714,37.10729866411496,36.788448918960526
15.22,34.369629923811864,32.539610238586064,32.698295612912574,35.00957325839063,37.111387762570736,36.790399312258984
15.24,34.370081654252736,32.54475766287533,32.70289812663344,35.01295974737821,37.11319616055908,36.7942161972123
15.26,34.37512601567051,32.5457040915735,32.704290207271065,35.0151874667747,37.11736383954097,36.796278696199366
15.280000000000001,34.37554385633584,32.550772433466975,32.709009772418874,35.01854255185929,37.11909018346358,36.79998456396984
15.3,34.380617418485876,32.55180132111689,32.7102863137947,35.02079692892527,37.123343269289414,36.80215669514681
15.32,34.38101082587425,32.5567838670472,32.71511986996916,35.024130069681675,37.12498102271384,36.80575441581032
15.34,34.38610404452366,32.55790162711016,32.71628431611391,35.02640156361345,37.129325747318276,36.80803292647384
15.36,34.38648263256223,32.562792275047364,32.72122803349356,35.02972237289748,37.13086899128054,36.81152613802146
15.38,34.39204409613754,32.5640091247188,32.72228458629105,35.032001323692135,37.13531094721987,36.81390257624504
15.4,34.392427363994024,32.56880268796051,32.7273339352288,35.035319498655454,37.13675446725369,36.81729539210375
15.42,34.3979795377694,32.5701189634075,32.72828748546153,35.03759619737078,37.14129852656658,36.81976979513805
15.44,34.39837680180557,32.57481066529859,32.733437170576224,35.04092144814,37.142637754228126,36.82306733062122
15.46,34.40391037326125,32.576226357656665,32.733838610940204,35.043181749147045,37.147288121981376,36.82563424386423
15.48,34.404330875988414,32.58081196060705,32.73907289420922,35.04652353046017,37.148519176135075,36.828842285536496
15.5,34.40983663794008,32.58233543084817,32.73939272895048,35.048762554901614,37.15327935297743,36.83149560405056
15.52,34.4102895737104,32.58681167183233,32.744705397226994,35.05213041854403,37.15439916195879,36.834620566837096
15.540000000000001,34.415758404188004,32.58844579403736,32.74495015344793,35.05433870326717,37.15927183075093,36.837353578523846
15.56,34.41625280002608,32.592810193622775,32.75033438556418,35.05774200651138,37.160278102912024,36.84040246213812
15.58,34.42167577772969,32.594557048275426,32.75051117325236,35.05991031633157,37.16526515771473,36.84320789443095
15.6,34.42222042652129,32.59880792929103,32.75595959108447,35.06335815504657,37.166156397691445,36.8461882336961
15.620000000000001,34.42758889686755,32.60066878747872,32.756076049969515,35.065477548737476,37.171258930360274,36.84905830511967
15.64,34.428192292222775,32.604805287934234,32.76158077352604,35.06897869242216,37.17203444961137,36.85197811658325
15.66,34.43349793149184,32.606780601360036,32.76164501611062,35.071040586540406,37.17725274215003,36.85490459183697
15.68,34.43416820473418,32.610802681500935,32.76719772224343,35.074603415761835,37.17791266371642,36.857772317051236
15.700000000000001,34.43940308187139,32.61289207840105,32.76721827342506,35.07659964583532,37.18324618641972,36.86074656523435
15.72,34.440147941592166,32.61680052182558,32.77281025773171,35.08023209253209,37.18379144389357,36.86357101109443
15.74,34.4453045772316,32.61900280884415,32.772824524003624,35.082154971163455,37.18923885927004,36.86658406667102
15.76,34.44613125183467,32.62268759312549,32.77861724719643,35.08575172142235,37.189671190003615,36.86937434322126
15.780000000000001,34.45120155178711,32.62499631796592,32.77866356389106,35.087589760689085,37.19522924507253,36.872416969306876
15.8,34.45211778983635,32.62857567282983,32.784429194666174,35.09127460053595,37.19555222869434,36.87518244782861
15.82,34.457095469558524,32.63098834503659,32.78449793733812,35.093021536537336,37.20121813283142,36.8782451583748
15.84,34.4581072578539,32.63446517390566,32.79024615665689,35.09680042804968,37.20143494802403,36.880995400163116
15.860000000000001,34.462986629321016,32.63697850164629,32.79032758047386,35.09845060498222,37.207205136869554,36.88406857622875
15.88,34.46409933517165,32.64035649558619,32.7960681580605,35.10232888053308,37.20731972335298,36.88681324193048
15.9,34.46887535179887,32.64296641318116,32.79615246295861,35.10387729341923,37.213189886019734,36.88988719857879
15.92,34.47009368044634,32.646250020728786,32.8018951916299,35.10785961537392,37.213206914766914,36.89263598093646
15.94,34.47476197727036,32.648951721484856,32.80197258830429,35.10930194780526,37.21917202612289,36.8957010347302
15.96,34.47608993420102,32.65214611326882,32.80772721772627,35.113392273323676,37.21924718763476,36.89846359096329
15.98,34.480646863035446,32.654934087410474,32.807787993934575,35.11461196594448,37.22460765188688,36.90162213523206
16.0,34.48208659730708,32.6580451157903,32.8135652814576,35.118809012061334,37.22477521897059,36.904412480846915
16.02,34.48653031494755,32.66091317097064,32.81359881902255,35.11992040835937,37.23004695471451,36.90753878298498
16.04,34.48808447014224,32.66394736775804,32.81940810127279,35.12422695659202,37.23029976945997,36.910365985082294
16.06,34.492412723888,32.66688868164128,32.81941103946801,35.12522767632289,37.23549020732865,36.9134510686769
16.080000000000002,34.49408315058321,32.66996486030152,32.82497555516629,35.129758930543375,37.23582056178546,36.916323983919206
16.1,34.49829561624247,32.67297650426201,32.82503032388479,35.13065175265843,37.24093653724928,36.91935911698033
16.12,34.5000822981576,32.67598639088281,32.8305388345891,35.135291424693975,37.24133727951716,36.92228630264229
16.14,34.50417820827473,32.679060168558536,32.83065381693891,35.13607528369099,37.246387345373535,36.925263106165545
16.16,34.506081495458055,32.68201217708227,32.83609811513065,35.1408240213412,37.24684970664281,36.92825276089054
16.18,34.51006091350883,32.685139470080266,32.83628131774072,35.141498695220164,37.25184281478842,36.93116322246014
16.2,34.51208032465686,32.68804240729765,32.84165360399804,35.146356303163586,37.25235765747656,36.93422314771143
16.22,34.51594414427462,32.69121423495226,32.841912594987285,35.14692241033345,37.257303098625265,36.93705968282988
16.240000000000002,34.518078370468714,32.6940772391871,32.847205538212606,35.15188785613979,37.25786097795904,36.94019722306606
16.26,34.52182830883722,32.69728432126334,32.847547388812245,35.15234684663289,37.26276831878867,36.94295273328794
16.28,34.52407522311232,32.70011679835606,32.852754182613516,35.15741827244285,37.26335954673603,36.946174719540814
16.3,34.52771380853333,32.70334962020613,32.85318541283015,35.15777241348843,37.268238564917866,36.94884264700721
16.32,34.53007048124815,32.70616117729746,32.858299827682714,35.16294715328863,37.268853276009516,36.95215534425539
16.34,34.53360103493673,32.70941005696111,32.8588263563593,35.16319950933913,37.2737138935848,36.9547297222467
16.36,34.53606375487011,32.71221043459274,32.86384278720716,35.16847411171781,37.27434211215649,36.95813878095537
16.38,34.539490367075686,32.71546559131773,32.86446988680624,35.16862851906217,37.27919432773298,36.96061428010402
16.4,34.542054668128266,32.71826459437896,32.86938339579544,35.17399877529202,37.27982603611202,36.96412469227626
16.42,34.545382168724245,32.7215162180287,32.870115652193526,35.17405981142907,37.28467985635932,36.96649666210786
16.44,34.54804286206055,32.72432364608493,32.874922006266864,35.179520788685124,37.28530506351436,36.97011272216432
16.46,34.55127678578968,32.72756196689537,32.8757632838118,35.1795478407028,37.2901704344401,36.97237722766531
16.48,34.55402799721135,32.73038754443749,32.88034854488125,35.185416554562806,37.29088961101185,36.97610249843862
16.5,34.55717454381711,32.733601800465486,32.88129755445805,35.18553168324652,37.29578058523038,36.97825745253854
16.52,34.56000973386334,32.73645614504213,32.885773600864724,35.19131572597322,37.2964694293059,36.98209370099273
16.54,34.563075766161624,32.739636982738254,32.88683299529028,35.191511852940884,37.301395319467744,36.98413656098101
16.56,34.565987782339086,32.74252934176056,32.89119757950115,35.197218594315224,37.30204463139393,36.988085928775
16.580000000000002,34.56898072759761,32.74566764191527,32.89236919587649,35.19748808482541,37.307014511496696,36.99001495671463
16.6,34.57196187911648,32.74860699469992,32.89662089225452,35.20312542364414,37.307615364010616,36.994078773332404
16.62,34.57488967635739,32.75169393927871,32.89790574072781,35.203460140999496,37.31263800245415,36.995893049367865
16.64,34.577931788819946,32.75468893131437,32.90204395388612,35.20903644883603,37.313181806595075,37.000071821717235
16.66,34.58080283226028,32.757716067961105,32.90344221228947,35.20942781237646,37.318265601446946,37.00177125153041
16.68,34.58389730600215,32.7607749477429,32.907467179549776,35.21495187396148,37.318744170026115,37.00606465944261
16.7,34.58672038505402,32.763734251483164,32.90897819393873,35.21539092022524,37.323897086952954,37.00764997577081
16.72,34.589858256701625,32.76686481037243,32.912890981886825,35.22087187087825,37.32430269513263,37.012056873464864
16.740000000000002,34.59264249298154,32.76974874207146,32.91451327296777,35.221349317491224,37.32953220843789,37.01352963163904
16.76,34.595814499763975,32.772958257613496,32.918315768142314,35.226796578051136,37.329857650988544,37.018048055170716
16.78,34.598569281584886,32.7757598187699,32.92004704353035,35.22730288988884,37.33517068817811,37.019410622676666
16.8,34.60176592791578,32.779055001874355,32.92374193732321,35.232726099605905,37.335409333002474,37.02403780334619
16.82,34.604500842755506,32.781767785360266,32.925579109531526,35.233251556759896,37.34081222327833,37.02529334345747
16.84,34.60771246858281,32.78515473171764,32.92916987741872,35.23866050462276,37.3409580608142,37.03002572710484
16.86,34.610437234038784,32.78777296810838,32.93110908744018,35.2391952716928,37.34645648787179,37.031178176681635
16.88,34.61365408444612,32.791257114182585,32.934599962702194,35.24460436839194,37.34696011541331,37.036015911511036
16.9,34.61637843289619,32.793775713353895,32.93663656423586,35.245138757146904,37.352568861266185,37.03707014219027
16.92,34.61959077086617,32.79736179635948,32.940032548387386,35.2505530747804,37.35296028213435,37.04200346102024
16.94,34.62232447583891,32.7997763857831,32.94216123785989,35.25107720914752,37.35868321830772,37.042964847307815
16.96,34.62552256192439,32.80346840993417,32.945467974037385,35.25650658852082,37.35895891906682,37.04798803538196
16.98,34.62827531538861,32.80577536397018,32.94768277798699,35.25701068967248,37.36479917649799,37.04886262698021
17.0,34.63144952699715,32.80957657282092,32.9509065580318,35.26246483881079,37.36495639918659,37.0539693153913
17.02,34.633772822571984,32.81176863296239,32.953200876995446,35.262939294757686,37.37091634072625,37.05476817385224
17.04,34.63690399637536,32.81568126633571,32.95634855141017,35.268427719848525,37.370953151535616,37.059951610343425
17.06,34.63927474946477,32.81776106454944,32.95871524899974,35.26886315479895,37.377034309312904,37.060677333019235
17.080000000000002,34.64235409520043,32.821786800582224,32.961794271359366,35.27439509080467,37.37711909596224,37.06592996342576
17.1,34.6447809529178,32.823753063037564,32.964225638369676,35.27466929396325,37.382330847333755,37.06647914615683
17.12,34.647801112276696,32.827892765318616,32.96724507749275,35.280249138482084,37.38254360375057,37.07178848894443
17.14,34.65029132629882,32.82974505860265,32.969731886066484,35.28047092199553,37.38762745167451,37.07228491791697
17.16,34.65324404857594,32.83399872763858,32.972700003940545,35.286107498831086,37.38796736127227,37.077642797465124
17.18,34.655805657772845,32.83573745609982,32.97523379049555,35.28626828002641,37.39292452143357,37.07809486030365
17.2,34.658683134446385,32.8401042792787,32.97815924055986,35.29196992804801,37.39338999899028,37.08349269980581
17.22,34.661323706422486,32.84173065829776,32.98073118204794,35.29206163649889,37.39822245453898,37.08390915217906
17.240000000000002,34.66411862824879,32.846209015346226,32.98362294489609,35.29783615446071,37.39881114812905,37.089338039974855
17.26,34.666845204039056,32.847725062938984,32.98622392423354,35.297851285499895,37.40352164477066,37.08972793818556
17.28,34.669550814470945,32.852312537239555,32.98909124120389,35.30370588037731,37.40423044373537,37.09517869621536
17.3,34.67236985711367,32.85372105985004,32.99171191458752,35.30377421585912,37.40882247880049,37.095551327904744
17.32,34.67498000164825,32.85841445550946,32.99467492138314,35.30924788434949,37.409758873460525,37.10101458180171
17.34,34.67789734901134,32.859720138907754,32.99731019962665,35.30941186814477,37.41424111794289,37.10137829283577
17.36,34.68040654237196,32.86451445785179,33.00026358711217,35.3147871416703,37.41528508305029,37.10684557859863
17.38,34.68342732186502,32.8657214920959,33.002903569075215,35.315051830092436,37.41966217089674,37.10721003207955
17.400000000000002,34.6858307829701,32.87061217399102,33.005857237860425,35.320323997591515,37.420808719983754,37.11267167600967
17.42,34.688959423289084,32.87172547336219,33.00849202987867,35.32069376117786,37.42508598878362,37.11304654038111
17.44,34.69125308703605,32.87670725155127,33.01145583947712,35.32585881462545,37.42632944868645,37.1184928989735
17.46,34.694493284892665,32.87773241767613,33.0140756235684,35.32633730460403,37.4305129039125,37.118887777207824
17.48,34.696673832715106,32.882799358444814,33.0170593243298,35.3313919700284,37.43184695302497,37.12430930774646
17.5,34.70002852502295,32.8837426386881,33.01965442597592,35.33198208988923,37.43594322731351,37.124733667118726
17.52,34.702093409899504,32.888888185118134,33.02266759167693,35.336923853166155,37.437360938665755,37.13012099742142
17.54,34.70556475159059,32.889756426542036,33.02522854671348,35.33762773555981,37.4413772464223,37.13058410039225
17.56,34.70751221735305,32.8949734466407,33.028280508272644,35.34245486277924,37.44287113527904,37.13592809718788
17.580000000000002,34.71110156495603,32.895774045855525,33.030798128423825,35.343273851929695,37.44681522293341,37.13643893390652
17.6,34.712930659786544,32.90105488462302,33.033897909199865,35.34798540416696,37.44837729856985,37.14173076934
17.62,34.71663856085558,32.90179573388008,33.03636334580311,35.34892004394741,37.452257390840366,37.1422979922643
17.64,34.718349144905226,32.9071322689518,33.03951959892704,35.35351588631003,37.45387921211959,37.14752920804156
17.66,34.72217533334609,32.9078216988531,33.04192440440223,35.35456591409085,37.4577039546785,37.14816106915271
17.68,34.72376808044937,32.913205399331,33.045145352582225,35.35905121801173,37.4598341190589,37.15331918614456
17.7,34.72771152243113,32.913852118551766,33.047481583645194,35.36021587914473,37.46362212533947,37.15402316538262
17.72,34.72918787523406,32.91927410751318,33.05077492139363,35.36458739418099,37.465784640225934,37.15910532053435
17.740000000000002,34.73324667974027,32.91988713826153,33.05303509873397,35.36586479101408,37.46954481727777,37.159888719576884
17.76,34.734608927787626,32.92533825646132,33.05640802598007,35.370124813258116,37.47173064170643,37.164887895247766
17.78,34.73878041216257,32.92593133627105,33.05904082926827,35.3715167415853,37.47547214567873,37.16575744459327
17.8,34.74003167250952,32.931402426053474,33.06250977603863,35.37566857275883,37.47767206820929,37.17066721890958
17.82,34.74431233955471,32.93198025739529,33.065043811155725,35.377166804968155,37.48140419445815,37.17162902903631
17.84,34.74545643973241,32.937461768881846,33.06861433757272,35.38121425648926,37.48360880552071,37.17644362328737
17.86,34.74984209089101,32.9380339501321,33.0710443645665,35.38281461543985,37.48734100903386,37.17750314151885
17.88,34.75088359430139,32.94351625388213,33.07472136855438,35.386762234929535,37.48954082331765,37.18221745911134
17.900000000000002,34.755369310386136,32.94409242844437,33.07704282946306,35.38845982192585,37.49328259967163,37.18337943205022
17.92,34.756313484317126,32.949565884297016,33.08083050885747,35.39231286216211,37.49546812632974,37.18798909451754
17.94,34.76089366001315,32.95015567167945,33.083039563132324,35.39410209063993,37.499228941463315,37.18925753462801
17.96,34.76174643867971,32.95561069766881,33.08694138280211,35.397866473280146,37.501390754249186,37.19375891238635
17.98,34.76641482188906,32.95622362472475,33.08903493758844,35.39974110760117,37.505179974564236,37.19513706993361
18.0,34.76718276477426,32.961650765596396,33.09305360181856,35.40342338192771,37.50730878138249,37.19952730758511
18.02,34.77193250051284,32.96229619839926,33.09502933686369,35.405376581007935,37.51113560468775,37.20101764811092
18.04,34.77262274631264,32.96768619325756,33.09916676721293,35.40898387799144,37.513222316047084,37.20529468413559
18.06,34.77744642484212,32.96837327007898,33.10102315420574,35.411008243450105,37.517095703852455,37.2068988716077
18.080000000000002,34.77806664134475,32.97371711869916,33.105280473015526,35.414548225462546,37.51913149971818,37.211061452327485
18.1,34.78295635019545,32.97445468455323,33.107016789200394,35.416635853941635,37.52306011137589,37.212780338058515
18.12,34.78351468045161,32.9797437118988,33.11139430889212,35.42011666048653,37.52503650593341,37.21682802579891
18.14,34.78846205996862,32.98054025510718,33.11301064484021,35.42225919975711,37.52902863510628,37.2186616431887
18.16,34.78896706513145,32.985766173603324,33.11750786309752,35.42568938961664,37.53093753896438,37.22259481860482
18.18,34.793963367154575,32.98662976482437,33.11900512455976,35.427878098057576,37.535001052881675,37.224542383718614
18.2,34.79442396638848,32.991784733950645,33.12362072544999,35.43126658828559,37.536834832266216,37.228362242294196
18.22,34.799460115657496,32.992722968101894,33.125000629258956,35.43349239729238,37.540977114204885,37.23042216024796
18.240000000000002,34.79988552353298,32.997799650883174,33.12973249030486,35.43684839950765,37.542728646718366,37.23413070301611
18.26,34.80541035250536,32.99882402537644,33.130997554336474,35.43910197836575,37.546956542120036,37.2362961461348
18.28,34.80581980712929,33.00381590021993,33.13584280400326,35.442434932822465,37.54861931308844,37.23989589967076
18.3,34.811356057479834,33.00492813638674,33.1369962901902,35.444706756448,37.552939038769416,37.24216845408418
18.32,34.81175876071004,33.0098290032048,33.14195123012447,35.44802626268682,37.55450709250428,37.24566300553071
18.34,34.81729716334463,33.01103498339395,33.14299721200379,35.45030667968315,37.5589242801557,37.24803871120118
18.36,34.81770243100219,33.015839294358486,33.14805739452785,35.45362242970413,37.56039231608625,37.25143239002409
18.38,34.82323363693651,33.01714422785382,33.149000680886196,35.455901730702145,37.56491192255398,37.253906559486964
18.400000000000002,34.82365082997921,33.02184712754216,33.154160939024955,35.45922343933609,37.566275333530754,37.257204406435854
18.42,34.829165479348276,33.02325551283396,33.15500704116199,35.46149192677298,37.570901605027125,37.25977165833792
18.44,34.82960393480564,33.02785287351281,33.16026152401925,35.46482926187794,37.57215651054929,37.26297938943457
18.46,34.83509272587965,33.02936846556921,33.16101661778159,35.46707731969043,37.57689295205587,37.2656336869166
18.48,34.83556168801917,33.03385691734676,33.166358831014016,35.47043983269632,37.57803622620232,37.26875765273572
18.5,34.841015445755545,33.035482700138225,33.16702971387162,35.47265799540668,37.58288557626361,37.27149234637951
18.52,34.84152399794979,33.03985965574857,33.172452564968445,35.47605505272718,37.58391487014811,37.27453948691609
18.54,34.846933741612936,33.04159782024325,33.173046608444714,35.47823407340642,37.588879081215445,37.27734736194785
18.56,34.84749073937403,33.04586149426401,33.17854245648307,35.481674789229125,37.58979283982699,37.2803251573927
18.580000000000002,34.852847748758634,33.04770901967026,33.17861289673261,35.483801264175604,37.59487306427091,37.28319848480851
18.6,34.85346171019789,33.051858254135205,33.184163849142635,35.48729423922694,37.59567049340628,37.2861149025788
18.62,34.85875763148291,33.05382036212684,33.18418317023159,35.48936425506959,37.600867116682174,37.289045494715374
18.64,34.85943676864584,33.057855028540516,33.1897810467968,35.492917924483415,37.60154828291892,37.291908931419435
18.66,34.86466358767871,33.0599314354149,33.189804455606094,35.49492325840894,37.60686083244816,37.29488819959744
18.68,34.86541569476683,33.06374138818134,33.19558318539501,35.49843371732548,37.60742661163359,37.29770742370165
18.7,34.87056472797347,33.06593098647718,33.19597417831692,35.50036677625274,37.612852696302625,37.30072643794423
18.72,34.871398216747366,33.06974378854676,33.20165570125012,35.50406972774027,37.613305857391516,37.303510550053595
18.740000000000002,34.87646360241689,33.0720403111751,33.20175356266415,35.50591872371584,37.61884459777958,37.306560058581404
18.76,34.87738403921533,33.07563197358926,33.20746733296743,35.509592513215246,37.619186391973464,37.30931840159547
18.78,34.882358187491846,33.07803295084198,33.20758663552243,35.511351209403564,37.624833851547336,37.31238898890876
18.8,34.88337284179052,33.08152152810477,33.213283961033014,35.51511827468224,37.62506858070547,37.315131082656436
18.82,34.88824996400801,33.08402374893685,33.213415056921214,35.51678093222633,37.63082125157011,37.31821314404241
18.84,34.88936430552405,33.08741285281244,33.21910561507493,35.52064669119715,37.63095279962641,37.32094863903749
18.86,34.894139251151465,33.090012329723244,33.21923878949776,35.52220821830544,37.63680642572859,37.3240324964518
18.88,34.89535809060393,33.09330633242371,33.22493229254873,35.5261774223514,37.636839409810484,37.32677108265142
18.900000000000002,34.900026387889284,33.09599833357327,33.22505782985453,35.527633412569536,37.64278901860817,37.32984705217085
18.92,34.901353838831454,33.09920233307653,33.23076395845727,35.531710110804276,37.642849282327404,37.332598391376116
18.94,34.905911730454754,33.10198141953744,33.23087220864608,35.532944106633394,37.64822416972288,37.33576864973225
18.96,34.907350052051726,33.105101199884245,33.2366016675017,35.537127118041674,37.64837794608829,37.338546761234205
18.98,34.91179558385187,33.10796124555527,33.236682058876184,35.53825315881567,37.653662973231526,37.34168578469907
19.0,34.91334753145041,33.11100327510692,33.242444136933585,35.542545360203036,37.653903149035244,37.34449975568761
19.02,34.91767833844345,33.11393751869299,33.24248747355718,35.543560970408045,37.65910570398524,37.34759854424427
19.04,34.919345875324666,33.116908851873404,33.248291242731035,35.547964438652905,37.65942461173192,37.35045725854108
19.06,34.92356039295443,33.11990997123646,33.248293906622706,35.5488679496786,37.66455261138378,37.353507049598974
19.080000000000002,34.92534467497989,33.12292927668402,33.25385454826,35.55349659143205,37.664942082008956,37.356419120944075
19.1,34.92944327492091,33.12599386733268,33.25391822031717,35.55429148037298,37.67000280248227,37.35941145508344
19.12,34.93134358579501,33.12895396493717,33.25941385672024,35.55902890841848,37.67045527028447,37.36238514013333
19.14,34.9353262077755,33.13207343344955,33.25954651521258,35.55971483679072,37.67545764695261,37.365311967399165
19.16,34.93734218909841,33.13498310673019,33.26496936953984,35.56456097156127,37.675963988445794,37.36835510867018
19.18,34.94120960510692,33.13814849176463,33.26517856619662,35.565138443111614,37.68091730025657,37.37120880005537
19.2,34.943340068480026,33.141016861734194,33.27052131840462,35.57009236579133,37.6814680798073,37.37432878984582
19.22,34.94709387668489,33.144218896237085,33.27081411916513,35.570562718296074,37.68638188684078,37.377102195817386
19.240000000000002,34.949336812749486,33.14705535783903,33.27606996326542,35.575622681917594,37.68696742021584,37.38030591937281
19.26,34.952979425601654,33.15028453378385,33.27645289305847,35.57598807334015,37.6918514990682,37.38299242483719
19.28,34.95533201887329,33.15309869005147,33.28161559016612,35.5811515194801,37.69246191892915,37.38628620727387
19.3,34.95886664543962,33.156345325200135,33.28209458207757,35.5814149085752,37.69732619638619,37.3888797825972
19.32,34.961325294868566,33.159146919654084,33.28715850890802,35.586678489539416,37.69795151926265,37.39226933995616
19.34,34.96475591748782,33.162401225817284,33.287738858063044,35.58684361103254,37.702806004735024,37.39476458767916
19.36,34.96731626263085,33.16520007363045,33.29269905056762,35.592203217382675,37.70343619900084,37.39825498245817
19.38,34.97064760802946,33.16845222589373,33.29338537301911,35.592274551892565,37.70829091619923,37.400647179371894
19.400000000000002,34.97330456067348,33.17125814436002,33.2982375648856,35.597725345127266,37.70891597057098,37.40424278085492
19.42,34.97654206572256,33.17449835073667,33.2990337617635,35.59774260621786,37.71378088890314,37.4065279151325
19.44,34.97928984675673,33.177321089583664,33.30366356020588,35.60362095142298,37.714501364042604,37.41023236480563
19.46,34.982439619095196,33.180538558604695,33.30456836909818,35.6037268829516,37.7193905703029,37.412408268902034
19.48,34.98527177811173,33.18338876795517,33.30908805471576,35.60951991818813,37.72008200570043,37.416223415735544
19.5,34.98834059472357,33.18657410894341,33.310104178474376,35.60970752236461,37.72500484805537,37.418287463779045
19.52,34.99125006180584,33.18946107636196,33.31451145142875,35.615422540279624,37.72565800543589,37.42221553382319
19.54,34.994245270784646,33.19260512567229,33.31564078078314,35.61568425609331,37.730623599874086,37.42416590247325
19.56,34.99722901184652,33.19553787788533,33.31993415998379,35.621329085423085,37.73122497631733,37.4277521708696
19.580000000000002,35.00015877354266,33.198631811127555,33.321177761455196,35.62165679674606,37.73624184968238,37.42957832505058
19.6,35.00320389782388,33.20161900661869,33.325356594664505,35.627239788454055,37.7367875398204,37.433288807132406
19.62,35.006076515200725,33.20465430633822,33.32671470264365,35.62762498022534,37.74186417109628,37.43499096090162
19.64,35.00917450660438,33.207704261008374,33.33077916950512,35.633154857828906,37.74234590804679,37.43882504267363
19.66,35.0119986876936,33.21067283135956,33.33225118801267,35.63358862348961,37.74749034744801,37.440404219145805
19.68,35.015140656549846,33.21379340964553,33.336202296473566,35.63907446989545,37.747900323006185,37.44436047810051
19.7,35.01792545159597,33.21668763514525,33.337786804737235,35.639547575103116,37.753120132903035,37.44581850646396
19.72,35.02109762338147,33.219886193008826,33.34162638257314,35.645003296671746,37.75391138463439,37.450355496220496
19.740000000000002,35.02385202819913,33.22269894853878,33.34332110171278,35.64550648730054,37.75922365599144,37.451704717557284
19.76,35.02704977556463,33.225982320839485,33.347051823291885,35.65093685018671,37.75991952591896,37.456349082486796
19.78,35.0297833582581,33.22870712133322,33.34885373109939,35.651460409265134,37.76533025844049,37.45759249052443
19.8,35.032997037140454,33.23208148401054,33.352479007754724,35.65687520645865,37.7659250435512,37.46234084648956
19.82,35.035719503262115,33.23471247679701,33.354384307645276,35.657409294833855,37.77143961363942,37.46348221548229
19.84,35.038939367315116,33.238183351583494,33.35790831168396,35.66281840590138,37.77192825708978,37.46833041061762
19.86,35.04166048998896,33.24071535860575,33.359912461080654,35.663353132219875,37.77755137416161,37.469374267835555
19.88,35.044876760782074,33.244287573262476,33.36334009478683,35.6687664530887,37.777929506521524,37.474317412848556
19.900000000000002,35.04760631029821,33.24671612830749,33.36543783873575,35.66929194418343,37.7836651742663,37.475269005553365
19.92,35.050809247776044,33.25039378197918,33.36877469825895,35.674719316766186,37.78392914967334,37.48030150943257
19.94,35.05355692118805,33.252715162667606,33.370960108028996,35.67522578795725,37.789780632541536,37.48116676656311
19.96,35.05673689385871,33.256501596588585,33.374212442420216,35.68067693011039,37.78992755949266,37.48628237744872
19.98,35.05951224511506,33.2587128509136,33.37647895880893,35.68115475492701,37.79589735467053,37.4870678662828
20.0,35.06265979943853,33.26261062465528,33.37965362449879,35.68663919123412,37.795925121214644,37.49225971721251
20.02,35.06547217057325,33.26470959190053,33.381994105534744,35.68707897006876,37.80201493630199,37.49297259531224
20.04,35.06857809902905,33.26872046530956,33.38509851657774,35.69260596393519,37.80210764316822,37.49823325451557
20.06,35.071436552927295,33.270705791218205,33.38750528928162,35.69288586659799,37.80731180769671,37.498770026703845
20.080000000000002,35.07449308944227,33.27483071215238,33.39054847946643,35.698459868114064,37.8075314887437,37.504087127109216
20.1,35.07694730220206,33.27669748163491,33.3930123474617,35.698688220516466,37.81260869159841,37.50457582215381
20.12,35.079936066811,33.28093631514181,33.396002508746804,35.704318095293736,37.8129546097897,37.50994151855522
20.14,35.08246200105373,33.282689535437925,33.39851507170787,35.704486270581036,37.817905983930665,37.5103857492628
20.16,35.08537518449773,33.28704157490236,33.401460845304804,35.710180404871494,37.818376683645226,37.51579153867087
20.18,35.08798041325406,33.288682355582694,33.404013288941854,35.71028028198879,37.82320408329145,37.51619999112108
20.2,35.090810696835256,33.2931460850019,33.40692364982725,35.71604652912112,37.82379733993102,37.521637027175686
20.22,35.093502275001505,33.29467634035119,33.409506859076075,35.71607054581233,37.82850338445411,37.52201869670512
20.240000000000002,35.0962428845627,33.299249445001266,33.412391049848516,35.72191617403036,37.82921621181443,37.527477857934514
20.26,35.09902729689376,33.30067188045468,33.414995675948255,35.72197497090515,37.833804275404106,37.527841980009704
20.28,35.10167205276335,33.305351263321484,33.4179740139771,35.727458234620094,37.834744609544884,37.53331393978077
20.3,35.10455516608514,33.30667046678841,33.42059496227027,35.72761209583517,37.83922325627375,37.53366881413731
20.32,35.10709855096248,33.31145122523023,33.42356196768232,35.73299752135846,37.8402708396935,37.5391451498713
20.34,35.1100855281011,33.312671293094475,33.426189316494685,35.73325157695214,37.844644586384625,37.53950040587093
20.36,35.11252272265417,33.317548957764735,33.429154914160506,35.73853437676509,37.84579454742187,37.54497147316979
20.38,35.115618033687014,33.31867471517145,33.431778742107696,35.73889307564056,37.8500686197409,37.54533675438789
20.400000000000002,35.117944928939345,33.323644105601886,33.434752822999165,35.74406916093777,37.85131539458458,37.55079293019074
20.42,35.121152317224315,33.324681070133295,33.437363277179244,35.744536236708846,37.855495691781314,37.55117782355927
20.44,35.123365545821194,33.329736333461845,33.4403556302856,35.749602249049346,37.85683306223455,37.5566095768115
20.46,35.12668799946608,33.330690674050444,33.4429429941067,35.75018069096498,37.86092611690014,37.5570235422896
20.48,35.12878496140692,33.33582532837091,33.445963238950334,35.755134028724385,37.862347252994816,37.56242150382039
20.5,35.132224690356786,33.33670381974267,33.448517999124654,35.755826057898986,37.86636018611612,37.56287380511548
20.52,35.13420357303691,33.34191080176896,33.451575519343024,35.76066489731369,37.86785769327796,37.56822883620535
20.54,35.13776199191531,33.34272077473795,33.45408843158316,35.76147194845423,37.871798164908455,37.56872847305759
20.56,35.13962178436253,33.34799249144771,33.45719231003755,35.76619525908519,37.873364135334754,37.574031732189894
20.580000000000002,35.14329950115984,33.34874177941009,33.459654462998365,35.76711796786855,37.8772402912372,37.574587374718234
20.6,35.145040002393735,33.35407016330742,33.46281341886158,35.771725522351204,37.878866359115406,37.57983038202468
20.62,35.14883681305361,33.35477149952298,33.46567211096841,35.77276819235008,37.88268677376454,37.58045030761491
20.64,35.15045867907722,33.36014828894854,33.468904271856765,35.77726079936611,37.8843642188763,37.585625006545634
20.66,35.15437352661823,33.360805592006976,33.47168609858017,35.778417685178795,37.888137793527235,37.58631703885234
20.68,35.15587817101955,33.366221925761174,33.47499886764354,35.78279670557343,37.88985750615328,37.591415856313716
20.7,35.1599092411926,33.366844209201325,33.47769667262271,35.78406605415587,37.89359349579748,37.5921873088303
20.72,35.16129887807182,33.372290937030925,33.48109693524441,35.78833813171228,37.89580349420649,37.59719875936057
20.740000000000002,35.16544360746351,33.37288747070671,33.48370415085936,35.7897177094792,37.89952099814544,37.59805607295773
20.76,35.16672119567222,33.37835521981435,33.48719818259646,35.793881078980576,37.90174489176669,37.602978378443105
20.78,35.17097619324673,33.37893546178319,33.489708783442616,35.795367536863566,37.90545318145058,37.60392771956895
20.8,35.172145503641445,33.38441470370001,33.49330229021775,35.79942593178689,37.907681628626214,37.6087550418952
20.82,35.17650662677428,33.38498823452246,33.495710890748015,35.801015168744314,37.9113900966589,37.60980191985368
20.84,35.177572167979896,33.39046935238577,33.49940891785915,35.80497306123146,37.913613669477705,37.614529098272676
20.86,35.18203455118324,33.39104580652137,33.50171081311104,35.80666025187173,37.917331759496676,37.61567832612416
20.88,35.18300153826963,33.39651916393076,33.50551770689563,35.81052282238769,37.91954101410891,37.62030091382364
20.900000000000002,35.187559627049694,33.397108160772014,33.50770890838013,35.81230244996713,37.92327815042544,37.621556574391775
20.92,35.18843394520083,33.40256417077232,33.511628282855824,35.8160755516926,37.925463697338614,37.626070869840156
20.94,35.193081534791794,33.4031752457881,33.51370554933832,35.81794144625821,37.92922921485569,37.62743628704975
20.96,35.19386969823835,33.40860443950758,33.51774025807313,35.821631564466706,37.93138178869448,37.631839359911616
20.98,35.19859997692694,33.40924697596749,33.51970112101056,35.82357694587359,37.93518486361772,37.633317075641614
21.0,35.19930908344299,33.41464007044038,33.52385323444059,35.82719115258334,37.937295391835676,37.63760678710064
21.02,35.204114680168956,33.41532323218923,33.52569601787503,35.82920867807727,37.94114497368534,37.639198543694725
21.04,35.20475236146106,33.42067119689572,33.529966806250755,35.83275458230639,37.94320464372534,37.64337356106251
21.06,35.20962539735221,33.42140386264184,33.53169064099746,35.83483639832556,37.947109389146306,37.645080289597935
21.080000000000002,35.21019976569455,33.42669798430527,33.53608056310089,35.83832209231402,37.94910971355995,37.649140095129226
21.1,35.21558997088977,33.42749310946134,33.53768539510877,35.84045989012939,37.95307792241155,37.650957484860676
21.12,35.21611934982505,33.43272531138986,33.54219413729854,35.84389389192443,37.95501084593034,37.65490211594826
21.14,35.22155038993959,33.433586263359366,33.543680689062775,35.84607896759433,37.95905035913764,37.656834213178115
21.16,35.22204327365463,33.4387486277402,33.54830706931867,35.84947015873872,37.960908221751225,37.66066480956011
21.18,35.22750648675608,33.43968308449772,33.54967692557762,35.85169347489401,37.96502645243489,37.662710072904396
21.2,35.22797168794656,33.44476819192915,33.55441895282532,35.85505103908818,37.9668020985961,37.66642857911158
21.22,35.23345812555463,33.445783305766795,33.55567450218277,35.85730328856275,37.971005928734186,37.66858466886087
21.240000000000002,35.23390471042716,33.45078428857847,33.56052938861351,35.86063664595052,37.97269275973952,37.67219381997688
21.26,35.23940520340386,33.451886634676164,33.561673808278584,35.86290831844496,37.976988489828535,37.674457615127366
21.28,35.23984242500173,33.456797226417805,33.56663798752319,35.86622705811348,37.97858051204434,37.677960916965986
21.3,35.24534765089531,33.457992755428094,33.56767522224805,35.868508508393695,37.98297381508677,37.68032853775768
21.32,35.24578488120079,33.46280733616566,33.572744373288224,35.87182231959419,37.984465683685116,37.68373024161765
21.34,35.251285432585824,33.46410133116117,33.57367910864235,35.874103836712464,37.98896156382176,37.68619707740168
21.36,35.25173209386058,33.46881496824588,33.578848185298284,35.87742243931895,37.99034862172591,37.6895021495947
21.38,35.25721854720969,33.470212006349605,33.57968581546246,35.879694316337606,37.99495137779462,37.692062891817024
21.400000000000002,35.25768404304002,33.474820490354524,33.58494908125223,35.88302739106582,37.99622968957116,37.695276978198144
21.42,35.26314702765848,33.476324409342844,33.58569567155765,35.88527999475981,38.00094288383567,37.697925658254505
21.44,35.263640674175306,33.480824284893,33.59104673968215,35.888637113669915,38.002109264309304,37.70105504401591
21.46,35.26907094072833,33.482438155028504,33.59170898416163,35.89086095368606,38.00693569656199,37.703785075702065
21.48,35.26960189847157,33.48682674628487,33.59714086232782,35.89425151148937,38.00798773396915,37.70683664072095
21.5,35.27499038663528,33.48855284760084,33.59772603658578,35.89643730844541,38.012929421171464,37.709640866973444
21.52,35.275567593529956,33.49282827819443,33.60323117634279,35.89987045512772,38.01386549470956,37.7126220370323
21.54,35.28090549830138,33.494668083415654,33.60374708608801,35.902009207144005,38.018923656292515,37.71549278062853
21.56,35.2815376042069,33.49882929066662,33.60931743631428,35.90549378240609,38.01974294796285,37.71841147485163
21.580000000000002,35.2868164404149,33.50078345391175,33.60977236193429,35.90757682957696,38.02491799686886,37.72134059271368
21.6,35.28751174370077,33.504830197208314,33.6153994260806,35.91112129957679,38.025620497552616,37.7242051675868
21.62,35.29272340826995,33.50689854857823,33.6158020636685,35.91314038590641,38.0309120370587,37.72718410831129
21.64,35.293489794859966,33.51083141183198,33.6214769603313,35.91675278276793,38.0314985468065,37.73000329867254
21.66,35.29862662639208,33.51300857407829,33.621572084483695,35.918695684825444,38.03690537312794,37.733023162889175
21.68,35.2994714674522,33.516718524073006,33.62728326592392,35.92227198506361,38.03737745156575,37.7358060202973
21.7,35.30452522956506,33.51900732396831,33.62761207657188,35.92413627276816,38.04289649558433,37.73885762432053
21.72,35.305456512860054,33.52272144720243,33.63335151290757,35.92791062574132,38.043257631426485,37.74161347366079
21.740000000000002,35.31042178848462,33.52511492396818,33.633501872485084,35.92968503181955,38.04888729403143,37.74468737065506
21.76,35.311444612802724,33.528611095882106,33.63916747482519,35.93343629638956,38.049139449695346,37.747425720896075
21.78,35.31631430509154,33.531110469841124,33.63946035158968,35.935119568439035,38.054875100661945,37.750512358910974
21.8,35.31743547009595,33.53461733778251,33.64522609884171,35.93908088364339,38.05502330496821,37.75324283659851
21.82,35.322205397979246,33.53721407979422,33.64539317607694,35.94066300708308,38.06086182967802,37.75633253354647
21.84,35.32342872225697,33.54051109284529,33.651051890501485,35.94461173724495,38.06090953416614,37.75906481527359
21.86,35.32809310951807,33.54320052409385,33.65121118153501,35.94608836005303,38.06684484289537,37.76214791875768
21.88,35.32942398825889,33.5464072978647,33.656882702055405,35.95014457467454,38.06689122555638,37.764891663331554
21.900000000000002,35.33397897674823,33.549184085612296,33.657024577862835,35.951399338971875,38.07227953516697,37.76807021739404
21.92,35.33541977026241,33.55230630262095,33.66271959408069,35.95556192228171,38.07242034531687,37.770839467252884
21.94,35.339863302874186,33.555164419361496,33.662833493385996,35.95670863734459,38.07771784356403,37.77398803441294
21.96,35.34141687208292,33.55820845409481,33.66856127954217,35.96098052827409,38.0779460368573,37.77679191104451
21.98,35.345746476993185,33.56114122927006,33.668638015954755,35.96201665482382,38.08316004632939,37.77990145389819
22.0,35.347414892850395,33.56411405024775,33.67440763584826,35.966399995505434,38.08346801766138,37.78274888190595
22.02,35.351628896936845,33.56711424432995,33.67443826662469,35.96732379842762,38.08860639642351,37.78581059401581
22.04,35.353413424351054,33.57002336201757,33.68025850884916,35.97181992066496,38.08898603227945,37.788710234314294
22.06,35.35751096644088,33.57308322058687,33.6802826189648,35.97263047970907,38.0940571196256,37.791715606077275
22.080000000000002,35.35941205395859,33.57604719008761,33.68581820418087,35.97735205477045,38.09449985406884,37.79467579100593
22.1,35.36339421288094,33.579162905095316,33.685911695199316,35.97805357951387,38.09951130181703,37.797616673375856
22.12,35.36541043562668,33.582075465709586,33.691374082367616,35.98288398948093,38.1000092205398,37.80064532201833
22.14,35.36927786248377,33.585238115538736,33.69154450474529,35.983476892804276,38.104970281856495,37.80351403019549
22.16,35.37140815200598,33.588108351599075,33.69692637162393,35.988415308926214,38.10551397162391,37.80661859389914
22.18,35.375162326224505,33.59130870156935,33.69718079874326,35.988900838817564,38.1104341875614,37.80940791625818
22.2,35.37740479065327,33.594145978843606,33.70247532867773,35.993945602802796,38.111013979655326,37.812595345415666
22.22,35.381048008698734,33.59737454570647,33.70282030104668,35.994325829150156,38.11590311478484,37.81529859888566
22.240000000000002,35.38339994697124,33.600188445771195,33.708021236615906,35.99947446923294,38.11650915027648,37.818575289421624
22.26,35.38693530528716,33.60343556428511,33.70846271042334,35.99975226505026,38.121377126556084,37.82118637096447
22.28,35.38939778823548,33.60623581707895,33.713564402564806,36.00500151756228,38.12199490155081,37.8241023054454
22.3,35.392829462346405,33.609491753067076,33.714107702921375,36.00518058041709,38.126851431935044,37.826606201147506
22.32,35.39539346264412,33.612288127053944,33.719105156129295,36.01052637505239,38.127475642390024,37.82963158511531
22.34,35.39872604789634,33.61554304989098,33.719754933572844,36.010611099409246,38.13233078754888,37.832023885914374
22.36,35.401386602505085,33.618345371113755,33.72464384481023,36.016048681176834,38.132951385449225,37.8351627944698
22.38,35.40462541150244,33.621589475921304,33.72540404081684,36.01605318521455,38.13781515699488,37.837439781969714
22.400000000000002,35.40737685926322,33.62440751008518,33.730069594212026,36.02194406292668,38.13853275533978,37.84069558208842
22.42,35.41052788289202,33.6276299854624,33.73093897726099,36.022037946371434,38.14341929111588,37.8428553686003
22.44,35.413363883712876,33.63047440573105,33.73549381662519,36.02784276174469,38.144109280175314,37.84622964468822
22.46,35.41643379017503,33.63366583373838,33.736475141959986,36.028019097856124,38.149027980714976,37.84826986016477
22.48,35.419347376437976,33.63654595801988,33.74091691335914,36.033745075910126,38.1496810697825,37.85176459671146
22.5,35.42234341328131,33.63969714069427,33.74201212739504,36.03399636833692,38.15464110891687,37.85368365625237
22.52,35.42532706386879,33.642622033061144,33.74633929270918,36.03965127675307,38.15524826772491,37.857300044142065
22.54,35.428257006023046,33.645724059606685,33.74754952021779,36.039969513175905,38.160258525446665,37.859097163289114
22.56,35.431302700306816,33.64870246414069,33.75176136706905,36.045566123314146,38.161266780493705,37.86284007398521
22.580000000000002,35.43417474908163,33.65174677591228,33.753086859486686,36.04594303161782,38.166345564602764,37.86451548210917
22.6,35.437274066755556,33.65478705210678,33.75718354719591,36.051485239890205,38.16728147076078,37.86837973577791
22.62,35.440096887011954,33.65776550661348,33.75862377756727,36.051911930917214,38.172436481871735,37.86993425148856
22.64,35.443240978796275,33.660875568809416,33.76260624533752,36.057408809239064,38.17329255703683,37.87391862967007
22.66,35.44602358422711,33.66378049686951,33.764159861295724,36.05787606070008,38.17853103173397,37.87535388383887
22.68,35.44920328464531,33.666967757751905,33.768029869066694,36.06333698078914,38.17930028689359,37.87945635905375
22.7,35.45195497271338,33.66979201913969,33.769694703664605,36.063835302961664,38.184628941090104,37.880774786235826
22.72,35.45516086627855,33.67306333601603,33.77345481842149,36.0692698696516,38.18530493509187,37.88499253352518
22.740000000000002,35.457891151023034,33.6758003711463,33.77522790673243,36.06978957298367,38.19072991122584,37.88619735742636
22.76,35.46111364030264,33.679161996374525,33.7788814831037,36.07520755587061,38.19130680151584,37.89052677181193
22.78,35.46383218351953,33.68180587365902,33.78075908446034,36.0757388200135,38.196833619965155,37.891621984885056
22.8,35.46706155856604,33.685263409573345,33.7843102397549,36.08115008391576,38.1973062089266,37.89605870464245
22.82,35.46977809988108,33.68780886811836,33.78628786545642,36.08168302770148,38.20293972399816,37.897049041942836
22.84,35.47300460850496,33.69136722676618,33.78974144932896,36.08709746241996,38.20330350054913,37.90158797753551
22.86,35.4757288948663,33.69380971411697,33.79181389560926,36.08762221429406,38.20904786136818,37.90247888501072
22.88,35.47894281322203,33.69747308208203,33.79517545457873,36.0930496641646,38.2092990375086,37.907114253487364
22.900000000000002,35.4816845283432,33.69980878675824,33.79733684059336,36.09355643258181,38.21515765410151,37.9079118509206
22.92,35.484871680012326,33.703580595306214,33.80061257767379,36.09900662631207,38.21529771838954,37.91309361473709
22.94,35.48764009867971,33.70580642905535,33.80285638822992,36.099485815064426,38.221273513236746,37.913814157698255
22.96,35.490795765655655,33.70968937108927,33.80605311706435,36.10496825465078,38.22129550367862,37.91906955829583
22.98,35.49360025904399,33.711803086438394,33.808372251495506,36.105410434396916,38.227390305908486,37.91971999245698
23.0,35.496715201885,33.715799009341765,33.81149734736659,36.11093441645551,38.2274878248155,37.92504180351552
23.02,35.49956486921682,33.717799163499826,33.81388416877902,36.11121808025576,38.2326878925766,37.9255175627972
23.04,35.502631279874336,33.721909104103844,33.81694663049725,36.11678810938888,38.23291154506543,37.930893577204266
23.06,35.505533822695504,33.723795091201126,33.819391974542945,36.117021150652725,38.2379854200809,37.93131905782902
23.080000000000002,35.50854300576836,33.72801922600289,33.82240001066054,36.122646138039094,38.23833463291442,37.936741389491914
23.1,35.51150690853026,33.72979127603927,33.82489546049608,36.12281988053642,38.243283288223374,37.93712469756409
23.12,35.51445061153789,33.73412896928136,33.82785768423547,36.128508266368534,38.24375671794663,37.94258503501828
23.14,35.51748388708446,33.73578812309722,33.83039445005192,36.12861453250918,38.24858189632807,37.94293466896394
23.16,35.520354357672886,33.74023793072091,33.83331981554913,36.134374230038595,38.24917742982619,37.94842434175944
23.18,35.52300655198181,33.741781642482245,33.83588879951051,36.13440539520772,38.253881640256,37.948753538328475
23.2,35.525786857480156,33.746341097968276,33.83878649198131,36.14024373821323,38.25459635710654,37.95426381662568
23.22,35.52853236514947,33.747776685123,33.84137839584408,36.14029469405691,38.259182906195605,37.954576945788084
23.240000000000002,35.53121630251461,33.75244278189684,33.84436888939445,36.14578591000084,38.2601251422491,37.96009862877615
23.26,35.53406101811523,33.75377474263432,33.84697862025273,36.14593130800191,38.26460249233764,37.96040386048148
23.28,35.536643039990345,33.758542665703274,33.849956274861185,36.151325279553554,38.2656517947392,37.96592864714727
23.3,35.53959216034626,33.759775010208045,33.85257389880234,36.151570324392246,38.27002435204322,37.9662355052921
23.32,35.542067411267396,33.76464037408934,33.85554865521436,36.15686218686139,38.27117595822796,37.97175384951297
23.34,35.54512544626127,33.76577784518337,33.85816423176181,36.15721140630618,38.27544884256923,37.97207188466824
23.36,35.54748977561917,33.77073554913151,33.86114600369656,36.1623969897835,38.27669729275595,37.97757424933897
23.38,35.55066051353495,33.77178358650567,33.863749653962344,36.16285419997524,38.28087630285704,37.977912967662235
23.400000000000002,35.55291050753852,33.77682785269903,33.86674826004142,36.16793006155927,38.28221547727267,37.98338989561996
23.42,35.55619698582709,33.77779255235088,33.86933023456926,36.16849833734586,38.286307051039024,37.98375868824331
23.44,35.55832999394804,33.7829169687331,33.872355330789716,36.17346178819727,38.28773021202512,37.98920087245265
23.46,35.561734475598,33.783805037900166,33.87490607661966,36.174143438749795,38.291741382090706,37.989608945869854
23.48,35.56374863133524,33.789002605372126,33.877967089838464,36.17899256576002,38.293241220795736,37.995007298348895
23.5,35.56727258698927,33.78982575802531,33.88093323145469,36.17979358350023,38.29717956564772,37.9954636063157
23.52,35.56916686746378,33.7950891646469,33.88404913153339,36.184527495784366,38.298748297874226,38.00080932529539
23.54,35.57281092194252,33.79585044125405,33.88695625291241,36.185443843510654,38.30262184725612,38.00132250185325
23.56,35.574585060789836,33.80117164837018,33.8901354042889,36.19006219842551,38.30425117159085,38.006607138373774
23.580000000000002,35.578349076428125,33.801879304841016,33.892975328382434,36.191093823377074,38.30806843973777,38.00718543451116
23.6,35.58000361934479,33.8072498527396,33.89622569583834,36.195597086838916,38.309749648447095,38.01240095256351
23.62,35.58388664694881,33.80791253576975,33.89899067511433,36.196743127416354,38.31351952520984,38.01305217652778
23.64,35.58542294889228,33.81332360462523,33.902319765045334,36.20113257253523,38.3152435655404,38.01819101208967
23.66,35.589423233469375,33.81395028947657,33.90500253866042,36.20239136259354,38.31897525372243,38.01892247210273
23.68,35.59084345000938,33.819392762754525,33.90841734358238,36.20666906245064,38.320732791808474,38.02397758856908
23.7,35.59495844230756,33.81999268879092,33.911011191119805,36.208038141438635,38.32443574213399,38.02479603934635
23.72,35.59626551521745,33.82545721867888,33.91451813780232,36.21220695603581,38.32621722903599,38.02976097896305
23.740000000000002,35.60049188896657,33.82603982309894,33.91701692919402,36.21368308493143,38.32990107323452,38.0306725724115
23.76,35.601689526182206,33.83151689751552,33.9206218307916,36.21774664238542,38.331696812615405,38.03554150335342
23.78,35.60602320089027,33.832091747735596,33.92302007206639,36.219325825332355,38.33537129512286,38.03655174379021
23.8,35.607115851001424,33.83757175846019,33.926728084592426,36.22329296562783,38.33762892888922,38.0413150419249
23.82,35.61155206465736,33.83814848360948,33.92902100377012,36.22497078816991,38.34131344158722,38.04242843527862
23.84,35.61254484555753,33.843621795955634,33.932836546616024,36.2288419030026,38.34355636583237,38.04708632799333
23.86,35.61707809174339,33.84421001627259,33.9350200338178,36.23061291728548,38.347260276319076,38.04830699374368
23.88,35.617976842648964,33.84966703778598,33.938946843738876,36.23439379224798,38.349479153381964,38.05285574005485
23.900000000000002,35.62260096121987,33.850276297763806,33.94101753495448,36.23625189327891,38.353211750756834,38.054187043513515
23.92,35.62341215412053,33.85570754597138,33.94505858935815,36.23994895030708,38.355397356285486,38.058623669275875
23.94,35.628120373965814,33.85634724596597,33.94701389239937,36.24188741837315,38.35916778158031,38.060068197731525
23.96,35.6288510686648,33.86174341633935,33.951171386134426,36.24550767097673,38.36131107354919,38.06439051667422
23.98,35.63409406355786,33.86242716202403,33.95300950107122,36.247519218670256,38.36512825141243,38.06594563115665
24.0,35.63476164179875,33.86777944902066,33.957284873231096,36.251070222722625,38.36722048222187,38.07015199907753
24.02,35.64006401000923,33.86851141082404,33.95900476612891,36.25314704711641,38.37109301324828,38.07182343617239
24.04,35.64067615145889,33.873811040928786,33.963398591852936,36.256636845880394,38.37312569843642,38.075913306618766
24.060000000000002,35.646029983701645,33.8745998149153,33.965000092824646,36.25877068343739,38.37706188421021,38.077701207419466
24.080000000000002,35.646594813946635,33.87983838884114,33.96951213005327,36.26220775262658,38.379026918576635,38.08167484879379
24.1,35.65199178431644,33.880692166253475,33.970995887434064,36.26438993691126,38.38303465096594,38.08357853992625
24.12,35.65251781493593,33.88586171911774,33.975625076765645,36.26778312440034,38.384924368622926,38.08743703345016
24.14,35.657949242180024,33.886788227666855,33.97699255428334,36.270004647823505,38.38901107136002,38.089455031998625
24.16,35.65844530821995,33.89188128617074,33.98173702478049,36.27336311054848,38.39081830243723,38.09320026387649
24.18,35.66390221940023,33.89288773452849,33.98299049278123,36.27561468868945,38.39499087625013,38.09533028807418
24.2,35.664377414676004,33.8978973707321,33.98784757370378,36.27894782720989,38.39670899984991,38.098964935936685
24.22,35.66985061078623,33.89899039662419,33.98899009447822,36.28121996523392,38.40097377153344,38.10120392152137
24.240000000000002,35.670314221455186,33.903910277930215,33.9939563328754,36.28453735644826,38.40259676456426,38.10473143526835
24.26,35.67579434454614,33.90509590020502,33.99499174017495,36.28682041712032,38.40695944034663,38.10707555736513
24.28,35.676255781402,33.909920335187216,34.00006292422525,36.29013174564006,38.40848192189556,38.110500134563765
24.3,35.68173338275779,33.911203910211434,34.000995797101965,36.29241601842363,38.412947545422234,38.11294483492103
24.32,35.682202112707856,33.91592788995046,34.00616698504473,36.2957310071228,38.41436481636225,38.1162713909512
24.34,35.68766316499163,33.91685514873373,34.00699804432974,36.29800677784383,38.4189377315828,38.11881141032094
24.36,35.688148306279835,33.92146490099102,34.012263261771054,36.30133507268905,38.42024580914835,38.12204558885386
24.38,35.69358818095843,33.92250812512489,34.01300328807593,36.30359273446256,38.424929627445145,38.12467496311193
24.400000000000002,35.69409913688885,33.927000516586844,34.01835627252046,36.30694393325859,38.42612527626226,38.12782299828776
24.42,35.69950849974703,33.92816246188214,34.01901184357314,36.30917396636264,38.430922850131566,38.130535189591875
24.44,35.700054521407,33.93253511750386,34.02444571833231,36.31255749620497,38.432003604015904,38.133603915588594
24.46,35.70542422364795,33.93381777031542,34.02502400210677,36.314750585276016,38.43691700694173,38.136391809702
24.48,35.706014342966675,33.938069094749096,34.03053132534705,36.318175635107394,38.43788118721941,38.13938861234287
24.5,35.71133548747825,33.939473653375764,34.03104002888338,36.32032273577255,38.44291169820388,38.1422445689624
24.52,35.71197845179888,33.943602846672086,34.03661284685161,36.32379819069151,38.44375842632492,38.145177333505245
24.54,35.71724245767964,33.94512970855288,34.03706016108825,36.32589059420425,38.44890652016296,38.1480932402291
24.560000000000002,35.71794666629887,33.94913677600536,34.04269006512421,36.32942497201315,38.44963572454263,38.1509702957016
24.580000000000002,35.72314533119456,33.950785530821435,34.043084606148,36.33145436741402,38.454901067884926,38.153937625261904
24.6,35.723918774313205,33.9546712868652,34.04876279306354,36.33505575787435,38.455513484949755,38.156767685728234
24.62,35.72904433412676,33.95644071561474,34.04911354021265,36.33701429122009,38.460894938156905,38.1597775560931
24.64,35.729894534640906,33.96020678173453,34.05483087558935,36.34069029845995,38.46139210761244,38.162569659256235
24.66,35.734939720194326,33.96209486180392,34.05514710686939,36.34257062868929,38.46688773236311,38.16561289618897
24.68,35.7358736787399,33.96574365845007,34.0608941908031,36.34632831718075,38.46727198674051,38.168376339749045
24.7,35.740831768984116,33.96774315103948,34.06105733062085,36.348119245342446,38.47287905931694,38.17144354139663
24.72,35.741855868296874,33.97116644538822,34.06671479780018,36.35185369500595,38.47315346379199,38.1741878175999
24.740000000000002,35.74671966764627,33.97327859388165,34.066993995732254,36.35355389307688,38.47886742758145,38.17726942154951
24.76,35.747840812025935,33.97670725651615,34.07276840916822,36.357497752621214,38.47903693873147,38.18000417078309
24.78,35.75260603361306,33.97892315810338,34.07294945382306,36.359097160236544,38.484854749083134,38.183090477828436
24.8,35.75382814980804,33.982134511316,34.07859895878847,36.36302838555092,38.4849227503712,38.185825397290174
24.82,35.758488912411735,33.9844539271908,34.07887984097609,36.36452701578752,38.49083838446124,38.18890673108107
24.84,35.759817550266966,33.987680718126704,34.08464279606811,36.368677109586656,38.49086550111068,38.19165150698331
24.86,35.76437549331549,33.99055174687002,34.08479837220805,36.36995389635132,38.49627131587488,38.19482985152121
24.88,35.76581233887556,33.99358190213431,34.0904794728764,36.37409473013854,38.49639504477139,38.197598493829176
24.900000000000002,35.77025934601619,33.99653047450304,34.09060781349899,36.37526326703507,38.50170900596796,38.2007484870363
24.92,35.771808518320775,33.99948607555176,34.09632096097823,36.37951363157987,38.501921195599664,38.20355014770249
24.94,35.77614203889367,34.00250579588548,34.09641284376852,36.380571328829625,38.50715056045896,38.20666269531067
24.96,35.777805688305314,34.00539354634057,34.10216713888489,36.38493341847138,38.50744366775617,38.209506358578146
24.98,35.78202396648721,34.0084774326108,34.10221358180802,36.38587848668128,38.51259623595739,38.21257259201216
25.0,35.78380344081691,34.0113045951585,34.10801785373608,36.39035368884705,38.51296220229152,38.21546698367805
25.02,35.78790552975301,34.01444513341933,34.10802552883009,36.39118515050495,38.5180462620149,38.21847832596338
25.04,35.789801363058565,34.01733099746049,34.113577702544475,36.39588587593694,38.518476568908085,38.221431848421766
25.060000000000002,35.793788252290646,34.02052463956878,34.11365418436964,36.39660786875559,38.52349972985948,38.224380078012906
25.080000000000002,35.79579910838529,34.02336169352738,34.11913371027559,36.40141790396468,38.523986501387945,38.227400725473686
25.1,35.79967136014414,34.026599718469,34.119286598779105,36.40203078132035,38.528957980720804,38.23027808004385
25.12,35.80180080870981,34.02939685595809,34.124686103461634,36.406949356889754,38.52948732028572,38.232917839625124
25.14,35.805560118356816,34.03267025985575,34.12492252575273,36.407454351869035,38.534416328365396,38.23570748605842
25.16,35.80780158953562,34.035436629385536,34.13023513807424,36.41247982791156,38.53498332242799,38.23843816193978
25.18,35.81145013752266,34.03873609282169,34.13056169075332,36.41287894301165,38.53987963078605,38.241133726559426
25.2,35.81380104095417,34.041481121054325,34.13578109542221,36.418008913971676,38.54047441329776,38.243961426289225
25.22,35.817341810876336,34.04479712895254,34.136203794967315,36.41830495619965,38.54534795690992,38.24655709492086
25.240000000000002,35.819798763628675,34.04753040437394,34.141324280969826,36.42353622295863,38.545960532175705,38.249487341733925
25.26,35.82323552012226,34.05085331435936,34.14184851665148,36.42373278021915,38.5508213421925,38.251977907843106
25.28,35.82579437163049,34.05358451830097,34.14686502189687,36.42906137643432,38.55144165261089,38.25501559475363
25.3,35.829131632694015,34.056904630121,34.14749551362482,36.42916278861486,38.55629978822059,38.25739650303344
25.32,35.83178749519282,34.05964346699008,34.152403664525075,36.43458401226159,38.55691778265349,38.260545851636536
25.34,35.83503049910232,34.06295109245778,34.153144425890865,36.43459533721387,38.56178326255859,38.262813236729826
25.36,35.83777778335965,34.06570721971496,34.157940571629545,36.440103787114985,38.56238896484832,38.26607776101237
25.38,35.840932450393254,34.068992752635694,34.15879487837098,36.44017681246322,38.56727169883845,38.268228481084485
25.400000000000002,35.84376490650858,34.071775711058706,34.16336470101354,36.44600198240907,38.567965923000244,38.271610956512674
25.42,35.84683779573758,34.07502858609069,34.16433062524205,36.446158917934326,38.572879890038415,38.27364373368212
25.44,35.84974853641603,34.07784877602544,34.16878766025492,36.45190827250354,38.573993696462054,38.27714960895075
25.46,35.852746795784945,34.08105988706384,34.169867205806014,36.45214184171079,38.5789578623622,38.27906290490418
25.48,35.85572839360272,34.08392628813317,34.174209855136766,36.45781835676295,38.580017274616594,38.28268877474779
25.5,35.858659754658504,34.087086804841775,34.17540425494327,36.458120543448565,38.58504013766624,38.28448162855068
25.52,35.86170422949985,34.09000808872458,34.17963169895017,36.46373248355516,38.58603680908907,38.28822805483378
25.54,35.86457689990767,34.09310952013805,34.18094135574493,36.46409480973567,38.591126534520306,38.289900319560495
25.560000000000002,35.86767582498079,34.09609398716293,34.18505360632047,36.4696508707652,38.592052483897206,38.29376704724024
25.580000000000002,35.870498429655385,34.09912824468937,34.18647809122968,36.470064456765265,38.59721684040198,38.29531939385693
25.6,35.87364299199358,34.10218376233406,34.1904759903075,36.47557370432467,38.59806451402031,38.29930535005252
25.62,35.87642451107779,34.105143219637355,34.19201404733199,36.47602933174349,38.603310813224574,38.30073926533019
25.64,35.879605574961204,34.108277164364445,34.19589925951867,36.4815011369655,38.6040731437525,38.30484256437551
25.66,35.88235527911782,34.11115471369996,34.19754881586181,36.48198931407056,38.60940818307838,38.30616034282035
25.68,35.88556345193821,34.114373916541886,34.201323815256266,36.48743328720542,38.61007864484957,38.31037829729017
25.7,35.88829083544327,34.117163021147,34.20308199741471,36.48794431628864,38.61550865417419,38.3115830271235
25.72,35.89151653551441,34.120473717423295,34.20675004871934,36.493370238571075,38.61608131448086,38.31591216477838
25.740000000000002,35.894231247657196,34.1231684595962,34.20861320421198,36.49389428479153,38.62161190697705,38.317007708044585
25.76,35.89746477345845,34.12657624311324,34.212178338280026,36.499312039063284,38.62208147299889,38.32144379459332
25.78,35.90017654876684,34.1291713676471,34.21414206285126,36.49983920029237,38.62771760051629,38.32243476151955
25.8,35.90340814909644,34.13268114969532,34.21760904685323,36.50525870086769,38.62807946154101,38.326972829052835
25.82,35.90612673691493,34.135172102371385,34.21966821694897,36.50577907804691,38.63382537485683,38.32786454682971
25.84,35.909346681422804,34.13878807579769,34.22304251937763,36.51121020031257,38.6340756394785,38.33249892773348
25.86,35.91208177537511,34.14117103667904,34.22519132965696,36.511713967831334,38.63993485371519,38.333297403930565
25.88,35.915280424942885,34.14489664527313,34.228479080425075,36.51716647807435,38.640070381730055,38.338021770043746
25.900000000000002,35.91804159281061,34.14716855658045,34.23071108603688,36.517643953674984,38.64604564720243,38.33873365091663
25.92,35.921209469249206,34.15100646997352,34.23391903195414,36.52312743962966,38.646064075957796,38.34354105765552
25.94,35.924006083793905,34.153165058365104,34.236227195276655,36.523569153349584,38.65215735467516,38.34417358164285
25.96,35.92713393833534,34.15711715259801,34.23936265122272,36.52909295595154,38.65225758968522,38.349056516773935
25.98,35.92997510958199,34.159160945717616,34.24173939273492,36.529377606814805,38.65746004367675,38.34950496822104
26.0,35.933055112255516,34.16322828959402,34.24481130154838,36.53494629183633,38.6576856931344,38.35445108481372
26.02,35.93594856334523,34.16515664903008,34.247247509577996,36.535181445234585,38.66276268681183,38.354840450180625
26.04,35.93896745217148,34.169339453580484,34.250264031714416,36.54080398036249,38.66310878054266,38.36029768434683
26.060000000000002,35.94192142401529,34.17115252961121,34.25275133410518,36.54098094617725,38.66806088380721,38.36064599315525
26.080000000000002,35.94487563758603,34.17545023692513,34.25572104037864,36.54666579287865,38.66853090737578,38.366140210221275
26.1,35.94789820059562,34.17714904021844,34.258250686970456,36.54677632197671,38.67335976046823,38.366455829483684
26.12,35.95077992622654,34.181560238101376,34.26118249533799,36.55253146817401,38.67395170341068,38.37197848325721
26.14,35.95387862923881,34.18314658164004,34.263745420625796,36.5525678593757,38.67865971354754,38.372270117216736
26.16,35.95668060268194,34.18766906064777,34.26664853140253,36.558400718322225,38.6793708011786,38.37781235874649
26.18,35.959862420775835,34.18914554773215,34.26923542127821,36.55844556714587,38.683961133721006,38.37808897935417
26.2,35.96257797636289,34.19377631606467,34.27223036526416,36.56394311057847,38.68489999548711,38.38364172730137
26.22,35.96584926276536,34.195147436670645,34.274836153943326,36.56408160634399,38.689381029106045,38.383911381831034
26.240000000000002,35.9684724017992,34.199881692112,34.2778171798679,36.569482665212924,38.690427086760586,38.38946644696445
26.26,35.97183880095557,34.20115144263696,34.28043194819646,36.56972010158444,38.694803137269915,38.38973855808827
26.28,35.97436422772962,34.20598481714998,34.28340898625448,36.57501972024296,38.695951717842625,38.39528648550713
26.3,35.97737274899339,34.2071535319204,34.28602280023975,36.57536071690461,38.70022781789706,38.395574933673004
26.32,35.979786141777225,34.212080712724486,34.2890057181195,36.5805546318099,38.70147350331987,38.40110650094138
26.34,35.982908486444835,34.213158509480365,34.291608737646676,36.581003098403706,38.70565540936895,38.4014159981606
26.36,35.985206406618815,34.218173753785095,34.294607366733345,36.586087772501585,38.706992168551984,38.40692179412101
26.38,35.988445639581165,34.21917114497711,34.29764578993531,36.58665134261243,38.71108623313061,38.407261690395856
26.400000000000002,35.99062545181086,34.22426829681378,34.30067964600957,36.59162422222912,38.71250745636957,38.412732443481765
26.42,35.99398382632733,34.225187215092014,34.30367838828637,36.592300540280284,38.71652059097211,38.41311191369519
26.44,35.99604362339121,34.2303592807453,34.30675651411753,36.597159591463786,38.718019039485704,38.418538562852184
26.46,35.99952265235756,34.23120699491636,34.30970665424228,36.59795030534122,38.72195875597451,38.418966538601374
26.48,36.00146132350765,34.23644644220279,34.31283782373758,36.60269428677303,38.72352666494526,38.42434029875599
26.5,36.00506171760694,34.23723073266607,34.3157307417321,36.60360024536089,38.727400974101144,38.4248254028428
26.52,36.00687895832382,34.242529545295845,34.31892339584683,36.60822871925877,38.729030107016484,38.43013783024642
26.54,36.01060061921992,34.243258647976056,34.321750835965,36.60924996441498,38.7328474623704,38.43068831262125
26.560000000000002,36.012296935057485,34.24860838323935,34.32501302095851,36.61376330165815,38.734529168903016,38.43593136750741
26.580000000000002,36.01613895450304,34.24929093039282,34.327767152107214,36.614899066002074,38.73829840724077,38.4365550441267
26.6,36.01771565902603,34.25468277977118,34.33110646057361,36.619298445416966,38.74002368424186,38.44172115023075
26.62,36.021676323861044,34.25532773807471,34.333779933750094,36.620547155969994,38.74375396322175,38.44242534526654
26.64,36.02313553071974,34.26075259035991,34.33720344883623,36.62483455775724,38.74551351837538,38.44750744578294
26.66,36.027212333696134,34.26136919670781,34.339789451178255,36.626193845434194,38.74921425172152,38.4482989375946
26.68,36.02855694292301,34.26681770319476,34.343303694383174,36.630372038760946,38.75099856938639,38.45329054717661
26.7,36.03274659925067,34.267415398644474,34.34579599944819,36.63183875366646,38.75467936014117,38.45417551842433
26.72,36.03398027790285,34.27287803995189,34.3494068823764,36.63591127849206,38.75647876888844,38.45907077086333
26.740000000000002,36.03827874737427,34.27346640226987,34.35179989628896,36.63748151093222,38.760149341222785,38.4600547631091
26.76,36.03940590468344,34.27893355633157,34.355512676706,36.641452654179076,38.76195408256461,38.46484845436543
26.78,36.04426636066861,34.279526641844306,34.35780147983815,36.64312176125471,38.76562421265635,38.46593190238104
26.8,36.04530189093541,34.28498890145122,34.361620766589574,36.64699652747992,38.76742455514134,38.47061927298209
26.82,36.05025138338475,34.28559162684449,34.36380110955753,36.648759165966645,38.77110396045788,38.47181106386368
26.84,36.051200683002804,34.29103934899743,34.36773073228839,36.65254769938597,38.77334761356664,38.47638389971882
26.86,36.05623353069479,34.291661314983465,34.36979920130737,36.654398173294936,38.77705557746781,38.4776870924877
26.88,36.05710260823689,34.29708496275854,34.373842192984654,36.65810211962,38.779266086354625,38.48214709648217
26.900000000000002,36.062212447074366,34.29773562895352,34.3757960913462,36.66003377527781,38.783011737127474,38.483564315771886
26.92,36.06300796624564,34.303125839083826,34.3799547523909,36.663660084295216,38.78518006838525,38.48790925925763
26.94,36.06818784891323,34.30381445871265,34.38179217408859,36.66566569464534,38.78897232680943,38.48944233769743
26.96,36.06891703125848,34.30916210734577,34.386068005999284,36.66922186443547,38.79108968811211,38.493670791508016
26.98,36.074159478314265,34.30989766128313,34.38778785110124,36.67129367989198,38.79493720062302,38.4953207564818
27.0,36.074830050247996,34.31519392908468,34.39218154397261,36.674787703952866,38.79699510654361,38.49943210125273
27.02,36.08012710485645,34.315985061755654,34.39378352819513,36.67691750718519,38.80090618057641,38.501199167478
27.04,36.08074724124165,34.3212214969282,34.39829495408453,36.68035781782408,38.80289651598794,38.50519359812842
27.060000000000002,36.08609052716738,34.32207645451586,34.39977961247696,36.682536982067774,38.80687905796953,38.50707716608093
27.080000000000002,36.0866687918339,34.32724503329171,34.404407824687894,36.68593239048044,38.8087941385723,38.51095569045192
27.1,36.09204957429547,34.32817160468623,34.405776509381205,36.68815194094032,38.81285559500648,38.512954350620326
27.12,36.09259485790806,34.3332647888671,34.41051974768972,36.69151157442488,38.81468822454882,38.51671878230578
27.14,36.09800410687358,34.33427024977485,34.41177461970448,36.693762252311835,38.81883552661405,38.51883032522044
27.16,36.09852556257584,34.33928104090909,34.41663032151061,36.69709548908732,38.8205790504008,38.5224832706663
27.18,36.10394945434421,34.33991321674072,34.417769777315094,36.69936781780828,38.82481856245189,38.524704702607046
27.2,36.10445609090014,34.34482571818436,34.42273425424775,36.702684174672605,38.826466916765135,38.52824958790619
27.22,36.10989000964593,34.345559021983206,34.42376682689083,36.70496856870658,38.8308043881891,38.530577111080085
27.240000000000002,36.11039133631166,34.35036786905022,34.428835999464006,36.70827773056182,38.83235214699207,38.53401805983735
27.26,36.11582573776177,34.35120733853985,34.42976614239861,36.71056447542464,38.83679266984991,38.53644718815251
27.28,36.11633132184836,34.35590782665392,34.4349351945963,36.71387617224083,38.83823508296576,38.539789045963865
27.3,36.12175663747055,34.356857820169026,34.4357680815315,36.71615554294661,38.842783055176234,38.542314587916806
27.32,36.12227603574835,34.36144594272438,34.44103149474829,36.719479480112255,38.84411608357994,38.545562887962255
27.34,36.1276827413945,34.36251010384069,34.441772983103014,36.72174181081011,38.848775176235065,38.548178983457085
27.36,36.12822543155725,34.36698258499012,34.447124575246676,36.72508759963698,38.84999552209801,38.55133990729878
27.38,36.13360411581321,34.36816381235444,34.44778116457289,36.727323352832535,38.8547686521264,38.554040069123396
27.400000000000002,36.13417942847216,34.372518134476174,34.45321413405284,36.73070044173736,38.8558737834217,38.55712040299278
27.42,36.139520860244545,34.373818557067175,34.453792919724,36.73290027657951,38.86076309177153,38.55989756265397
27.44,36.14013791192096,34.37805298269836,34.45929989401034,36.73631788345836,38.86175126128857,38.56290464954004
27.46,36.145433106794826,34.37947394071179,34.45980851650919,36.73847272258061,38.86675809676102,38.565751207132266
27.48,36.14610073437389,34.383587528774136,34.46538160491039,36.74193976888061,38.867628355418994,38.568692895009086
27.5,36.15134101928145,34.38512956028708,34.465828195085706,36.74404086329942,38.87275326424185,38.57160077276657
27.52,36.15206771638312,34.389122176470536,34.47145904535856,36.7475659102771,38.87350546863323,38.574485359321976
27.54,36.157244792133106,34.39078500999849,34.471852166052955,36.749604901867016,38.87874818982306,38.57744605848144
27.560000000000002,36.15803864784454,34.39465733121004,34.4775320244276,36.75319608950372,38.879383003958985,38.58028223273013
27.580000000000002,36.16314464907364,34.39643988422841,34.47788060890835,36.755165070589925,38.884742470479345,38.58328689331098
27.6,36.1640132894746,34.40019339705622,34.483600383083036,36.75883005961162,38.885261361749784,38.586083674494525
27.62,36.16904084159746,34.402093780514335,34.48391367073355,36.760721629245275,38.89073570743268,38.5891231375855
27.64,36.16999137449347,34.40573077370134,34.489663995369945,36.764467546667966,38.89114093683398,38.591889811778316
27.66,36.17493364724541,34.407746302512734,34.489951465122125,36.76627486317724,38.89672750899206,38.59495468390432
27.68,36.17597261050451,34.41126985347836,34.49572276935161,36.770108251769926,38.897022115713725,38.59770073875866
27.7,36.180823367691865,34.41339706292634,34.49599407135697,36.771825081210785,38.90271749333246,38.60078145788839
27.72,36.181956681558574,34.41681101841998,34.50177664779232,36.77575185323547,38.90290527383261,38.60351651596341
27.740000000000002,36.18671032665463,34.41904568637251,34.50204153384434,36.77737261339928,38.908705291194565,38.60660341870818
27.76,36.187943250390234,34.42235463738731,34.507825608579324,36.78139800895344,38.908790772929976,38.60933716983693
27.78,36.19259486764114,34.424687376784014,34.50801153709537,36.782913392822486,38.91469054848752,38.612420559383196
27.8,36.19393191644091,34.42778486529283,34.513660438720585,36.786930688548644,38.91470218250057,38.61516269253787
27.82,36.19847623390381,34.43021487459169,34.51394510468675,36.78822910457663,38.92012410257801,38.618344535771016
27.84,36.19992120571238,34.43333444179042,34.51969856558563,36.79246413817114,38.92023211582353,38.62110913736156
27.86,36.204357029731405,34.435850826539756,34.51984459349158,36.793654053681,38.92556010091576,38.6242639850075
27.88,36.20591190226262,34.4387711169716,34.525544218602356,36.79788324244518,38.925758669303015,38.62706023903826
27.900000000000002,36.21023534900311,34.44137175717305,34.5258888759734,36.79896653887635,38.93100110465017,38.63017900638822
27.92,36.21190362995554,34.44432793859207,34.53157309384631,36.803419184193004,38.93128153296763,38.633015915897964
27.94,36.216113891890274,34.447000723450934,34.531641006416834,36.804389174985786,38.93644509005961,38.63608968767559
27.96,36.21790050470553,34.44977224413245,34.537427916449246,36.80883986842843,38.93679596081455,38.6385208054914
27.98,36.222000146604564,34.45296770037855,34.53743744356439,36.80969568264253,38.94188975213853,38.641531457006984
28.0,36.2239024661265,34.45568837785933,34.543282364744506,36.814260702518126,38.94230616395065,38.64402957222357
28.02,36.22788647797261,34.45893059029033,34.54333480645964,36.815002087684285,38.94733887527703,38.64696925219566
28.04,36.229904331487155,34.46172034267761,34.54883866732699,36.819792727106396,38.947811942854,38.64954208136769
28.060000000000002,36.23377440575457,34.46500553298228,34.548967387187474,36.820424579237056,38.95279152986309,38.65240328671559
28.080000000000002,36.23590575132058,34.467756681829194,34.55439132703776,36.825324223821006,38.95331306236534,38.65505809796383
28.1,36.239663151789884,34.47107593265283,34.55460348417102,36.825847662856646,38.95824902914224,38.65783382340903
28.12,36.24190630732477,34.473797543030614,34.5599405972003,36.83085478087929,38.958809390366284,38.66057738408697
28.14,36.24555311810479,34.477141662048155,34.56024282712744,36.83127174928083,38.963711478908905,38.66326112874604
28.16,36.24790558851397,34.47984304088792,34.56548675763705,36.836383994330845,38.96430082779258,38.666099674812976
28.18,36.25144469839634,34.48320262776307,34.56588512030976,36.836697239625465,38.96917895215032,38.66868549484968
28.2,36.25390319412582,34.485893256005426,34.57103011241339,36.841911470873846,38.969787309364435,38.67162468025174
28.22,36.25733827521101,34.489258770967275,34.5715300448262,36.84212452271099,38.974651488384474,38.674107237368915
28.240000000000002,36.25989873647045,34.49194823435781,34.576570987427196,36.847436830592876,38.97526880408184,38.67715208775477
28.26,36.263234217187865,34.495310067866434,34.57717726111118,36.847553972469136,38.980129093239334,38.679526693178246
28.28,36.265891843699166,34.49800798692939,34.58210972786199,36.85295970959941,38.98074531548214,38.68268156428344
28.3,36.26913287638844,34.501356529894906,34.58282641152939,36.85298594544853,38.98561173827535,38.68494421791884
28.32,36.27188216247043,34.50407248962258,34.58764669552205,36.8584752669222,38.986672373617424,38.688217247853686
28.34,36.27503454072457,34.507398203639795,34.58847707828321,36.858534449661384,38.991564473929216,38.69036487732083
28.36,36.277869357495135,34.51014168253908,34.59307054142415,36.864377572008316,38.99270570776447,38.69375421899423
28.38,36.280939569999006,34.51343405532168,34.594012750979566,36.86452176317309,38.99763725812259,38.695785396466796
28.400000000000002,36.28385309785477,34.516215406598214,34.59849318832358,36.8702833694635,38.99873468956992,38.699292166553
28.42,36.28684827195353,34.51946538072954,34.599549344040035,36.87050511864269,39.00371451805601,38.70120499354563
28.44,36.2898331041784,34.522293542376985,34.603915044413924,36.87619293899961,39.004759434139245,38.70483069686175
28.46,36.29276090460905,34.52549232387353,34.60508644420749,36.876484272217176,39.00979610818754,38.7066240797565
28.48,36.29580912447068,34.52837593693555,34.60933652235985,36.88210653173738,39.0107800902989,38.710369410171495
28.5,36.298677698526646,34.53151506137447,34.61062363488165,36.88245900781976,39.01588185042258,38.71204307057791
28.52,36.301780935989264,34.53446240507801,34.61475803641604,36.888024368497014,39.01679683941258,38.71590790356131
28.54,36.30459885503812,34.53753380108677,34.61616049910837,36.888429138800255,39.02197153539683,38.717462382777136
28.560000000000002,36.30774834690436,34.540552730841895,34.62017999953451,36.8939466383039,39.02280989397236,38.72144577388516
28.580000000000002,36.31052454469754,34.54354878049688,34.62169662256476,36.894394509366975,39.02806492398276,38.72288243139474
28.6,36.31371119772697,34.546646669204016,34.62560282048188,36.899873497118016,39.02881949597298,38.726982620734816
28.62,36.316454905966026,34.549560264910276,34.6272315965185,36.90035499579249,39.03416174901034,38.728303626726905
28.64,36.31966936249429,34.55274394798966,34.63102690098817,36.90580506679439,39.03482591507878,38.73251804939653
28.66,36.32239004414013,34.55556854544174,34.632765020739924,36.90631050738668,39.040261717191406,38.73372637132844
28.68,36.32562274970287,34.55884426996995,34.63645263294747,36.91174143428074,39.040829446594394,38.73805167377873
28.7,36.32833003053226,34.561573936824715,34.63829650634671,36.912260987232045,39.04636451123546,38.73915105705947
28.72,36.33157130298207,34.56494731513088,34.64188039569068,36.9176826510569,39.04683040925191,38.743583119287905
28.740000000000002,36.33427490190943,34.567576775057184,34.64382567856129,36.91820641267719,39.05246979214344,38.74457806219908
28.76,36.337515001502695,34.571052743096494,34.647310553349136,36.92362873281931,39.052829142828415,38.74911202563026
28.78,36.340224660194245,34.57357741490247,34.6493521793623,36.9241467955862,39.05857720166426,38.75000774864842
28.8,36.343453860117705,34.577160195687675,34.652743452327435,36.92957965941274,39.058826005609355,38.754638049516636
28.82,36.346179272430184,34.5795762272642,34.65487567001234,36.93008218234251,39.06468636489792,38.75544045924585
28.84,36.349387929234545,34.583269299596786,34.65817941890236,36.935535375009515,39.064821371714544,38.76016086724905
28.86,36.35213867101086,34.58557359645538,34.66039583344523,36.936012653607506,39.070796893027556,38.76087651521565
28.88,36.355317294420395,34.589379669158504,34.663618756964254,36.94149578853568,39.07081562830466,38.76568017716792
28.900000000000002,36.358102754170524,34.591569917382465,34.66591237649739,36.9419383238356,39.0769083861614,38.76631621377108
28.92,36.36124207574441,34.59549090919583,34.66906174591548,36.94746077434149,39.07700759963529,38.771195701939895
28.94,36.364071386731304,34.597565592664715,34.67142503196866,36.947747450142224,39.082211235949245,38.77164735199019
28.96,36.36716354815794,34.6016026179208,34.67450975078199,36.95331382955758,39.08243526172074,38.77659039774361
28.98,36.37004446525261,34.60356105196148,34.67693362827096,36.953551931478756,39.08751398964906,38.77698255190198
29.0,36.37308071075935,34.607714369349196,34.67996182353142,36.95917125170524,39.08786248906153,38.781981052601836
29.02,36.376021783468566,34.609556701039935,34.68243795077766,36.959351997487985,39.092817044859444,38.782322028018676
29.04,36.37899378527705,34.61382576044335,34.68541816640477,36.96503281181405,39.093288906484844,38.78736745634788
29.060000000000002,36.382003106091084,34.61555294488731,34.68793781626452,36.965147905776234,39.098120799432365,38.78766596299187
29.080000000000002,36.38490302247976,34.61993638997701,34.69087894986765,36.970898252196555,39.09871413842269,38.79274943179935
29.1,36.38798817044319,34.621550184754035,34.69343307413741,36.97093994033632,39.10342564848427,38.79301450635356
29.12,36.39080416765945,34.62604586148862,34.696344311539264,36.97676728821396,39.10413329436788,38.798582604238554
29.14,36.39397188606703,34.62754877039166,34.69892360743696,36.976806121620335,39.1087271888687,38.798833179317924
29.16,36.39670197128875,34.632153782660616,34.70192559466648,36.98230986705199,39.109662766557605,38.8044113304676
29.18,36.39995867887398,34.63355025089502,34.70452500809568,36.98244169827275,39.11414733346542,38.80465536586112
29.2,36.40259678575861,34.638259841247645,34.707511855915754,36.9878495787585,39.11519017170176,38.810235461775264
29.22,36.405948196885525,34.63955381890905,34.71012146701931,36.98807977450298,39.11956963139609,38.81048231050061
29.240000000000002,36.408488957915864,34.64436366506084,34.71310310971611,36.993386759163755,39.12071515122399,38.81605495980219
29.26,36.41194009312071,34.64556428703142,34.71616900468967,36.99372447493369,39.124994444884734,38.81631402549127
29.28,36.414378897811545,34.650469573875796,34.719165205969475,36.99892645326373,39.126237407075216,38.82186982226259
29.3,36.41793400688467,34.65157747790449,34.72221190886367,36.99937092215718,39.13042212167297,38.822150486636794
29.32,36.42026693739139,34.656572462430745,34.725232098851386,37.00446425120852,39.13175656617218,38.827680083633176
29.34,36.423929559762925,34.65759371838906,34.72825023162267,37.005018751944874,39.13585298563846,38.827991635523226
29.36,36.42615347060925,34.662672019900064,34.73130371057669,37.01000054035772,39.13727232506085,38.833485812975745
29.38,36.429926361957385,34.663613312646376,34.73428405898981,37.010667587891376,39.14128733802147,38.83383737895532
29.400000000000002,36.43203890138782,34.66876795873181,34.7373799297797,37.01553571853591,39.142784403223075,38.839287114289874
29.42,36.43592401510472,34.66963654005087,34.74031351029599,37.016317044150476,39.14672545519822,38.83968758974259
29.44,36.43792364070678,34.674860016663835,34.74346061228794,37.02107019125934,39.148292545196526,38.8450841256104
29.46,36.4419221151458,34.67566365327713,34.74633873731828,37.021966728247996,39.152167586633425,38.84554210773227
29.48,36.44380810365184,34.68094795856099,34.7495455821207,37.02660436889166,39.15379652251175,38.85087701785872
29.5,36.44792025522503,34.68169487657328,34.75235992319547,37.02761624395195,39.15761395302876,38.85140074108043
29.52,36.449692706446136,34.687031578062175,34.755634632707164,37.03213866374896,39.1592961354305,38.856665993457874
29.54,36.45391802859851,34.687730404231424,34.75837728112664,37.03326519417962,39.16306474468251,38.857263267750305
29.560000000000002,36.455577863485225,34.69311069902682,34.76172752831719,37.03767348717503,39.16479121447123,38.862451284722795
29.580000000000002,36.45991503153053,34.693770399264636,34.764391052860475,37.03891318392078,39.168520120073694,38.863129437225375
29.6,36.46146398439647,34.69918517677197,34.767824005696795,37.04320924660853,39.17028162170904,38.868233152039444
29.62,36.465910866157785,34.69981499229887,34.77040150698373,37.04455982315536,39.173980204682344,38.86899897242327
29.64,36.46735147114327,34.70525489909232,34.773923775898375,37.04874634266386,39.17576725183986,38.87401188184762
29.66,36.47190514330201,34.70586428068657,34.7764089370194,37.050204729744074,39.1794450900556,38.874871571794664
29.68,36.473240715193946,34.71131978705674,34.78002652629498,37.05428516624805,39.18124803300001,38.87978778444371
29.7,36.47789748521163,34.71191832784775,34.78241365934594,37.05584753227012,39.18491483312703,38.88074691159051
29.72,36.47913209477406,34.71737979557626,34.78613192276617,37.05982609573562,39.18672392733458,38.88556119162116
29.740000000000002,36.483887528214204,34.7179771628428,34.7884160109506,37.06148787281015,39.190389455794744,38.88662464827966
29.76,36.485025972220484,34.723434913739894,34.792239612041634,37.0653694942237,39.1921949313105,38.89133245416707
29.78,36.48987492526238,34.724040780179976,34.79441634703091,37.06712540961311,39.19586894476138,38.89250442109785
29.8,36.49092269145457,34.729485164915715,34.79834922418789,37.0709157068888,39.197661075771734,38.89710193923439
29.82,36.4958593483566,34.730109139859145,34.800415038460145,37.07275981966602,39.20135325163704,38.8983858547086
29.84,36.49682257559042,34.73553060661636,34.804460375221495,37.07646505846631,39.20312242573691,38.90287002760985
29.86,36.501840490829146,34.73618216765209,34.806412469132965,37.07839080112616,39.20684229330381,38.90426856195591
29.88,36.502725924693735,34.74157133012911,34.81057266983171,37.08202230032313,39.209036550399816,38.90863264306365
29.900000000000002,36.50781811467147,34.74225975561804,34.81240907796423,37.084022835866044,39.21280302918851,38.91014736643804
29.92,36.508633017816365,34.7476074608002,34.81668570825556,37.08758334482806,39.21494631176631,38.91439456788231
29.94,36.51379191385334,34.7483417620651,34.818405218764596,37.08965097135201,39.21876803904504,38.91602658547974
29.96,36.51454410252702,34.7536391552534,34.82279908069298,37.09314843816049,39.220851866592035,38.920156210470964
29.98,36.519761658213945,34.75442801426944,34.824401298043306,37.09527498058837,39.224737149728206,38.92190581530613
30.0,36.520459397691056,34.759666601413905,34.82891237468042,37.09871779778418,39.22675340313167,38.92591798114722
30.02,36.52572255436004,34.76005948357517,34.83039317331523,37.10089466576934,39.23071015713022,38.92778465184764
30.04,36.52637415361525,34.765221698954875,34.835020284205434,37.104291565690325,39.232651139678794,38.93168033448996
30.060000000000002,36.53167892646198,34.765694693430504,34.83638570477479,37.10650985553866,39.23668682686593,38.93366269790694
30.080000000000002,36.53229340035737,34.7707733513594,34.84112722815601,37.10986994566148,39.238545323696506,38.93744362723828
30.1,36.53763063937646,34.771333389580334,34.84237929911914,37.11212041530291,39.242666898082724,38.939539556946556
30.12,36.53821726476318,34.77632182037669,34.847232806107776,37.11545305974976,39.24443622815436,38.943208258294334
30.14,36.54357759006385,34.77697529177881,34.84837435547693,37.11772624342698,39.24865008433128,38.94541484076472
30.16,36.54414584012607,34.78186739336754,34.85333662669758,37.121040996179346,39.250324150471435,38.94897461689055
30.18,36.54951970835438,34.782620095786925,34.854371262530215,37.123327272026096,39.25463607574137,38.95128817223608
30.2,36.55007918556166,34.787410381201646,34.85943831049453,37.12663380867342,39.25620941028333,38.95474307985244
30.22,36.5554569574867,34.78826747554402,34.860370395701146,37.12892346750183,39.26062454135709,38.95715918796523
30.240000000000002,36.55601732561531,34.79295111598466,34.86553749279161,37.13223151604072,39.26209234705795,38.96051400895762
30.26,36.56138933441527,34.79391708549957,34.86637211442564,37.13451483081832,39.26661513161334,38.963027540835995
30.28,36.5619602501053,34.79848994862971,34.871633826296325,37.13783410202496,39.26797331757829,38.96628774840808
30.3,36.567316869884635,34.79956856309018,34.87237675953528,37.14010139751697,39.27260748093453,38.96889290243989
30.32,36.56790791420296,34.80402724628905,34.877726983699155,37.14344151541768,39.27385269331192,38.97206462243194
30.34,36.57323962826982,34.80522153134534,34.87838465076835,37.14568323747022,39.27860121043586,38.97475496536846
30.36,36.57386023874992,34.80956338966303,34.883816660099455,37.14905367043326,39.27973085768678,38.977844933029715
30.38,36.57915770718322,34.81087560160456,34.88439608443008,37.15126045437685,39.2845959307069,38.98061344535482
30.400000000000002,36.57981711081092,34.815098770204465,34.88990257526951,37.154670447342205,39.28560820329371,38.9836289578792
30.42,36.585071236850375,34.81653037632724,34.89041133122065,37.15683318500409,39.290591244657115,38.98646808325134
30.44,36.58577838445957,34.82063378723777,34.89598447573839,37.16029169335722,39.29148512903641,38.98941694841197
30.46,36.59098037925762,34.82218545197573,34.896430634249064,37.162401598183045,39.29658675040254,38.99231864683106
30.48,36.59174388179267,34.826168845012994,34.90206213667893,37.165917223763856,39.297362037249094,38.99520912807327
30.5,36.59688532707657,34.827840421951144,34.90245420724883,37.16796589356661,39.30258204417296,38.998164932401735
30.52,36.59771339416751,34.83170434971577,34.90813536358246,37.17154682328617,39.30323933080272,39.00100569077593
30.54,36.60278630237159,34.8334948795609,34.90848223300999,37.17352630016064,39.30857672321918,39.004006766222744
30.560000000000002,36.60368668365516,34.83724070645472,34.91420399370764,37.17718024767565,39.30911741021981,39.00680679955777
30.580000000000002,36.60868355509783,34.83914842099621,34.91451486204049,37.17908307464073,39.314570388700375,39.009844005716076
30.6,36.609663484701024,34.842778316248655,34.92026789729183,37.18281722550989,39.314996670817955,39.01261258545076
30.62,36.614577361398695,34.84480064829748,34.92055221146783,37.18463649946889,39.32056264853134,39.01567654046388
30.64,36.61564350598285,34.84831757303578,34.926326978515156,37.18845746018634,39.32087749990115,39.01842314656874
30.66,36.620468021713386,34.850451172285396,34.92659436418969,37.19018688082563,39.32655312017106,39.021504292986506
30.68,36.6216264324549,34.853858860727776,34.932381176209645,37.1941006320946,39.32676027401808,39.024238547419664
30.7,36.626355858705985,34.85609961543535,34.93264136828052,37.195734546374204,39.33254143333368,39.02732721929597
30.72,36.627611927565326,34.859402550331055,34.93843046430795,37.199746400949934,39.33264535630511,39.03005881844644
30.740000000000002,36.63224121502937,34.86174561467293,34.938693236658665,37.20127984287501,39.33852723260432,39.03314530922115
30.76,36.63359963563287,34.864948997157626,34.94447485202837,37.20539440826938,39.338533093931446,39.035883955799875
30.78,36.638124450938335,34.867388824069,34.94474994701621,37.20682313366897,39.344510179942866,39.038958586502574
30.8,36.63958918436746,34.87049853814735,34.95051438379513,37.21104427997116,39.3445965442229,39.041713921345135
30.82,36.64400594176758,34.87302447581366,34.95067138277529,37.21224822019639,39.349945225860736,39.04487867391168
30.84,36.645583567748126,34.87593509249131,34.956359524493486,37.21646343705704,39.35011913244064,39.04720985313119
30.86,36.649889754392156,34.87854518613417,34.95669238250569,37.217561067414515,39.355380457740004,39.050329995065624
30.88,36.651579142972906,34.8814917800421,34.96238860390762,37.22199924498704,39.355637970287084,39.05270998746841
30.900000000000002,36.65577379024963,34.884174010179294,34.962468530474,37.22298379982953,39.3608186065198,39.055776975650524
30.92,36.657575474550754,34.8869359018742,34.96824294704421,37.227420060947374,39.36115282142208,39.05821418910688
30.94,36.66165615178422,34.88968715047753,34.968670881923586,37.22829494824778,39.36626218437307,39.061219784713984
30.96,36.6635721691016,34.89250081605151,34.97426333580304,37.23295682408403,39.36666343090718,39.0637223357125
30.98,36.66753955266766,34.895308067914456,34.9742954420195,37.23371691715217,39.37170911916251,39.066658577389255
31.0,36.66956878388809,34.89806551255436,34.979815448788166,37.238488823559194,39.37216962002541,39.06923422714547
31.02,36.673423217415056,34.900924629997995,34.979923671561046,37.239139035819264,39.37716075999912,39.07209358567924
31.04,36.675564946222366,34.90363489869427,34.98536382002769,37.24402034004573,39.37767117261804,39.07474965667854
31.060000000000002,36.67931208376587,34.9069948398331,34.985559855701005,37.24456172152994,39.382617247964895,39.07752504606837
31.080000000000002,36.681565069801245,34.90967670978375,34.99091352289428,37.249551005802985,39.3831679522682,39.08026834456601
31.1,36.6852021251387,34.91306041810779,34.99119929415695,37.24998538881491,39.388078691428255,39.08295321886005
31.12,36.68756398012973,34.915723080096946,34.99646007675034,37.25508036779487,39.388659856369564,39.08579007647795
31.14,36.69109373592076,34.91912126646532,34.9968416940453,37.25541043862653,39.39354516706954,39.088378394522906
31.16,36.69356127472954,34.921774097288356,35.00200378481937,37.26060803160686,39.39414681512808,39.091314564765625
31.18,36.69698729969962,34.92517732119965,35.00248673916557,37.26083725997414,39.3990167181073,39.09380088725254
31.2,36.69955656388979,34.92782981418361,35.00754497221199,37.26613361592759,39.39962879306011,39.09684149879528
31.220000000000002,36.702883186492386,34.93122855373061,35.00813409244717,37.26626622731497,39.40449335385335,39.099221032692704
31.240000000000002,36.70554947344813,34.93389024841145,35.01308398341001,37.27165226297613,39.40556159361668,39.102375041542864
31.26,36.70878170495247,34.937274970811735,35.013783353630345,37.27169300713759,39.41044048138517,39.10464388518494
31.28,36.71153964446357,34.93995538140392,35.01862117678673,37.27716819047514,39.41148953930292,39.10791028432216
31.3,36.71468323857409,34.94331661529135,35.019434200363,37.277213660965295,39.41639229690621,39.11006503183688
31.32,36.71752674208235,34.94602516052579,35.02404496851326,37.283070094568984,39.41752397278679,39.11344686452183
31.34,36.72058810058141,34.949352443338164,35.024969828366864,37.283201419974525,39.42246443251462,39.11548598097447
31.36,36.723510432213935,34.95209943227699,35.02946752856788,37.288975464221785,39.423554019264266,39.118984472074814
31.38,36.72649660135086,34.95538375167449,35.03050641212401,37.289185241084425,39.42854106532076,39.12090594781385
31.400000000000002,36.729490432165875,34.95817808301031,35.034889264640064,37.29488458173902,39.429579790751646,39.124522713863
31.42,36.7324090017122,34.96141068015327,35.036043539087096,37.29516487816182,39.43462205340689,39.12632534358817
31.44,36.73546648642027,34.96426096529674,35.04031058909261,37.30079770103083,39.43560143312369,39.13006119037701
31.46,36.73832553525076,34.967433401430924,35.04158079310775,37.30114011264404,39.44070722212909,39.13174458411646
31.48,36.741438368535185,34.970347899176474,35.04573191609418,37.30671504588092,39.44161912495164,39.13559949861827
31.5,36.74424640651238,34.9734521196046,35.04711775741778,37.30711075521239,39.44679636537933,39.13716408681826
31.52,36.7474058828295,34.976438673638214,35.051153658736915,37.31263680842963,39.447633076115444,39.1411372350419
31.54,36.7501717894282,34.97946706862475,35.0526540176091,37.31307664724784,39.452889247071866,39.14258426770059
31.560000000000002,36.75336886583757,34.982533048315474,35.05657622616127,37.318563147879914,39.453643526198064,39.146673998518615
31.580000000000002,36.75610182597186,34.985478510495604,35.05818916459043,37.31903766206115,39.45898560284505,39.148005538339945
31.6,36.75932718752195,34.98863075538651,35.06200002070928,37.32449418943391,39.4596507426714,39.15220939329297
31.62,36.762036625059615,34.991486733278,35.06372279749965,37.32499370589085,39.46508514196786,39.15342830288197
31.64,36.76528075223446,34.994731501663,35.06742543512707,37.330430023465915,39.46565501888481,39.15774303191554
31.66,36.76797626170195,34.9974920489104,35.069254526551,37.33094471866372,39.47118754943941,39.15885295508237
31.68,36.77122949941815,35.00083497085126,35.072852849836714,37.33637070493688,39.471656671868594,39.163274538126
31.7,36.77392077641314,35.00349479086533,35.074783975797644,37.336890674514,39.477292488267615,39.16427987541162
31.720000000000002,36.77717340404447,35.00694082596874,35.078282630296535,37.342316253053816,39.477656039966355,39.16880354966456
31.740000000000002,36.77987017488323,35.009495311659364,35.08031078579036,37.3428315820583,39.4833996019125,39.169709428246925
31.76,36.783112476782804,35.013048711896936,35.08371512446808,37.34826665117601,39.48365348031163,39.174329720989356
31.78,36.78582442791418,35.015493980235966,35.08583461611479,37.34876748442532,39.489508516877734,39.1751419591733
31.8,36.78904676390108,35.01915825805172,35.08915066040723,37.35422184696899,39.48964936616524,39.17985272587787
31.82,36.791783471620555,35.02149117924102,35.091355147790246,37.3546984590401,39.49561884543291,39.180577792416024
31.84,36.79497634689914,35.02526908115093,35.09458954399541,37.360181752805396,39.4956440841313,39.1853722598914
31.86,36.79774720789197,35.027487302211625,35.09687208551434,37.36062461716438,39.50173018844785,39.18601722842503
31.88,36.800901341878244,35.03138078805884,35.10003205682605,37.36614624641052,39.50182234562476,39.190888042682325
31.900000000000002,36.80371550511307,35.0334827506988,35.10238515973896,37.36643434439749,39.50703313352038,39.19134807934852
31.92,36.806823020054686,35.03749297868652,35.10547956617253,37.37199896493295,39.507249657829334,39.19628303950501
31.94,36.809688263324006,35.03947795361778,35.10789419635421,37.37223939984323,39.51233593363613,39.19668295998974
31.96,36.8127403766799,35.043605228390064,35.11093112666721,37.37785606650982,39.512676592584555,39.201674023746044
31.98,36.81566527954423,35.045473316264356,35.11339897801017,37.37804001042056,39.51763898653829,39.20202208865589
32.0,36.81865362997952,35.04971713515917,35.1163869432618,37.38371732540736,39.518102774090515,39.207060781560834
32.02,36.82164632160521,35.05146924345688,35.11889931860632,37.383836431150165,39.52294269054995,39.20736565192666
32.04,36.82456302741521,35.0558282984598,35.1218471892665,37.3895824869995,39.52352782584322,39.21244313195836
32.06,36.82763112976119,35.057466136575385,35.124395064539584,37.389628943599035,39.52824744158242,39.21271380336918
32.08,36.83046884388268,35.0619383221938,35.127312005259704,37.39545126951336,39.528951373706484,39.217820927926624
32.1,36.83361941851055,35.06346439064094,35.1298860957304,37.39548468490412,39.53355363015068,39.21806666249179
32.12,36.83637137970765,35.06804681760823,35.13289283157691,37.40099407762835,39.53448548666252,39.22319405732162
32.14,36.83961087861172,35.06946996151519,35.13594415671891,37.40112435632923,39.53897855694398,39.223423183127274
32.160000000000004,36.842271025853854,35.07415814864284,35.13894453244732,37.40653867888914,39.54001771084069,39.22856237733969
32.18,36.8456051615683,35.075477517394624,35.14199755324502,37.40676649806751,39.544405659659965,39.228784608160005
32.2,36.848163544947454,35.08026717207907,35.14500109134912,37.41208063090525,39.545543120062746,39.234381348496235
32.22,36.85159712141248,35.081487380116705,35.14804626680664,37.41241073499111,39.549830512504904,39.234616072563696
32.24,36.85405374174919,35.08637353203655,35.15106250089721,37.41762028592095,39.551065788758784,39.24019572658953
32.26,36.857591127777376,35.08749994605076,35.154090314128275,37.418056766664954,39.5552581775245,39.240452277343856
32.28,36.85994199596663,35.09247689509049,35.157128720356866,37.42315801617855,39.55658539077414,39.246005539269866
32.3,36.863586803842594,35.093515543543795,35.16012974526162,37.423704229768944,39.56068898157148,39.24629316853521
32.32,36.86582870042209,35.09857694866613,35.16319967486202,37.42869420735926,39.562101620342816,39.25181084992646
32.34,36.86958376111188,35.09953447848577,35.16616464417919,37.42935274855548,39.566123229094046,39.25213865726891
32.36,36.87171425820872,35.10467340323643,35.169275255936086,37.43422925590988,39.567614194392014,39.257611757063145
32.38,36.8755816022247,35.105557032205446,35.17219512816544,37.43500193757465,39.571561199889466,39.25798862053416
32.4,36.87759907978358,35.11076599435488,35.175355322241984,37.43976356627716,39.5731228546827,39.263408393419255
32.42,36.881579923820944,35.111583459539304,35.17822134698006,37.44065140447843,39.57700314703514,39.26384290218747
32.44,36.88348358001936,35.11685448451057,35.181439700557476,37.44529754806921,39.578627369768874,39.2692009248434
32.46,36.88757831943795,35.117613987085676,35.184243481797914,37.446300752884426,39.582449295013994,39.269701314201114
32.480000000000004,36.889368175236115,35.12293866479418,35.18752818697056,37.45083161316403,39.58412753675954,39.274989548929796
32.5,36.89357638241849,35.123648811655045,35.190261743931416,37.45194958527868,39.58789983804958,39.27556363814005
32.52,36.89525328023446,35.12901835636451,35.19362054828815,37.456366172786126,39.58962318286917,39.28077449342863
32.54,36.8995737088093,35.12968809892593,35.196276373342826,37.45759750593694,39.593354938664504,39.281429626855115
32.56,36.9011393053511,35.13509341170641,35.19971652365023,37.46190163457287,39.59511416674377,39.28655601444359
32.58,36.90556990022952,35.13573198231489,35.202287636954935,37.46324412384272,39.598814726474025,39.287299006378504
32.6,36.907026653556976,35.14116371567242,35.2058158263397,37.467438399652224,39.60060037955199,39.292334394431485
32.62,36.91156456668949,35.141780562067574,35.20829582677027,37.4688890555807,39.60427929722459,39.2931714780061
32.64,36.91291571761815,35.147229186301665,35.21191814577735,37.4729768597542,39.606081745832235,39.29810994002
32.660000000000004,36.9175573293405,35.14783390457675,35.21430125781029,37.4745319281834,39.609748712085235,39.29904672054998
32.68,36.91880687733811,35.15328977541066,35.21802314968955,37.478517394378116,39.6115582240892,39.303882979661196
32.7,36.92354782313744,35.15389204193148,35.22030426588736,37.480172381909604,39.61522299719728,39.30492439274317
32.72,36.924700496900314,35.15934546895234,35.22413048643527,37.484060368037746,39.61702980713509,39.309653861139076
32.74,36.929535699396496,35.15995497170083,35.2263052052234,37.48581007293278,39.62070214348602,39.31080413577797
32.76,36.93059692232766,35.1653962871407,35.23023978747738,37.48960612760601,39.62249652217311,39.3154229489508
32.78,36.9355206282314,35.16602265695355,35.23230444593087,37.49144467591874,39.62618610673533,39.31668557595828
32.8,36.93649647907585,35.17144228433993,35.23635066998236,37.495154999780326,39.62795843062289,39.32119062158133
32.82,36.94150230085254,35.17209502651435,35.23830237137243,37.49707588647184,39.63167480792442,39.32256832744569
32.84,36.942399469775566,35.17748354871831,35.24246273953102,37.50070728868892,39.63341562768994,39.326957268692304
32.86,36.94747585027554,35.17771325023139,35.244294832327455,37.50270342343043,39.63716813382337,39.32845199507898
32.88,36.94830124260212,35.18305198181912,35.24857070456576,37.506263228649956,39.63886824168291,39.33272333353474
32.9,36.95344550123039,35.183335838566094,35.2502866771076,37.508327026728416,39.64266593692943,39.33433618154508
32.92,36.95420691227388,35.188616287863475,35.254678978470864,37.51182312047193,39.644316433895504,39.33848917080312
32.94,36.95941102504272,35.188962627272666,35.25627831645163,37.51394646839876,39.648168038577865,39.34022048115135
32.96,36.960116703432426,35.194176640134685,35.260787151446316,37.517391627221144,39.65021793362299,39.34425072114199
32.980000000000004,36.965372266591366,35.19459342122536,35.26227020746474,37.519566301412254,39.65414137791329,39.346099707727895
33.0,36.96603081465586,35.19973324362502,35.266894817665595,37.52296458701322,39.65611562654455,39.35001277129025
33.02,36.97132900727824,35.200227995008746,35.26826271332193,37.52518166616832,39.66011837570386,39.35197817693226
33.04,36.971949408541086,35.20528633158466,35.27300156973495,37.52854215761985,39.66200975542561,39.35577572718328
33.06,36.9772811081938,35.20586609625288,35.27425624112274,37.530792424357145,39.66609877529818,39.357855491764035
33.08,36.97787261510785,35.210836164904904,35.27910700612023,37.534124464043856,39.66790058980532,39.36153998823432
33.1,36.983228462466805,35.21150744644764,35.28025119070278,37.53639847053643,39.672082294144836,39.363731263247345
33.12,36.98380053091921,35.21638303021888,35.285210734077374,37.53971159756471,39.67378842394811,39.36730594450938
33.14,36.98917099605257,35.217151742921764,35.286247951750404,37.54199973295011,39.67806862595558,39.36960511318126
33.160000000000004,36.98973321843035,35.22192723781796,35.29131237252803,37.54530361503786,39.67967357462461,39.37307397397844
33.18,36.995108668294094,35.22279866099697,35.29224690098607,37.54759617409161,39.684057443029616,39.375476676804894
33.2,36.995670705570056,35.227469119396815,35.297411554858144,37.55090053845334,39.685556378739335,39.37884443986107
33.22,37.001041472252396,35.22844785630355,35.298248399426285,37.553187791007424,39.69004839872087,39.38134560536006
33.24,37.001612985557806,35.23300902564151,35.30350793161778,37.55650235475701,39.691437190823606,39.384617688083736
33.26,37.00696943480405,35.234098967242446,35.30425278975373,37.55877461533935,39.6960411300294,39.38721156853469
33.28,37.00756001695785,35.23854732367637,35.30960117310112,37.56210901593531,39.69731638041308,39.390394044864856
33.3,37.01289261650472,35.239751617577696,35.31026039381443,37.56435671310541,39.702035260297194,39.3930742567716
33.32,37.013511723970545,35.24408439438652,35.315690971786005,37.56772043936246,39.70319432932954,39.39617381444306
33.34,37.018811111219485,35.24540541914181,35.31627151026193,37.56993418422208,39.70803040198836,39.39893338342804
33.36,37.01946799695971,35.24962062963406,35.32177704461358,37.57333650840655,39.7090714288876,39.40195727696269
33.38,37.024725045521386,35.25105997463567,35.322286412367646,37.57550716177246,39.7140261595331,39.40478868677246
33.4,37.0254286932132,35.25515642938722,35.32785913508981,37.57895707328895,39.71494807704638,39.40774468652971
33.42,37.03063457786181,35.25671488050351,35.328305346015135,37.581075811026984,39.72002213221476,39.410639931806216
33.44,37.03139363793279,35.260692198782365,35.33393701519177,37.58458195218953,39.7208246755272,39.413536269449885
33.46,37.03653989751713,35.26236972986257,35.33432852789449,37.58664032822568,39.72601791707956,39.41648691189904
33.480000000000004,37.03736262544782,35.26622834513982,35.34001048706323,37.59021093258789,39.726701626917624,39.41933222266019
33.5,37.04244122331752,35.268024115466666,35.340356143911904,37.59220093913208,39.73201311184822,39.42232945022817
33.52,37.04333542064556,35.27176527495512,35.3460793844859,37.59584377282908,39.73257933178214,39.42513271236273
33.54,37.04833880216563,35.27367763268175,35.34638834782712,37.597757897371686,39.738007317809384,39.4281674010123
33.56,37.049311760610045,35.2773033908876,35.352143574114244,37.6014802039009,39.73845818579958,39.43093787286979
33.58,37.054232907353814,35.27932988245167,35.35242526013016,37.60331148256863,39.74400014267521,39.43400065053292
33.6,37.05529135645951,35.28284308876898,35.35820295646409,37.6071199314076,39.744338576946575,39.436747805666975
33.62,37.06012383669004,35.28498047423177,35.35846696716622,37.60886199829582,39.749991203379636,39.43982911793641
33.64,37.0612738953712,35.28838475465423,35.36425746664706,37.61276263772406,39.75022088274599,39.4425625787002
33.660000000000004,37.06601191044435,35.29062902886817,35.36451352051593,37.6144097698558,39.755980128800985,39.44565275581209
33.68,37.06725904278105,35.29392876193759,35.37030707484508,37.618407984313095,39.75610546759856,39.448382225891336
33.7,37.07189746912869,35.29627518140036,35.37056493663553,37.61995514190954,39.76196656239104,39.45147155054234
33.72,37.073250993892465,35.2994754685557,35.37635178652156,37.62405561418737,39.76199718743982,39.4537521234752
33.74,37.0777857310213,35.30191862917509,35.376621196760034,37.62549852097076,39.76795497977176,39.456821215909734
33.76,37.07924491533208,35.30502521835464,35.3823916432772,37.62970515851586,39.76801800863854,39.459126461827566
33.78,37.08367227027428,35.30755899523722,35.38268224625888,37.630928282227906,39.77338447669461,39.46227786435202
33.8,37.085239291174226,35.310578330068054,35.3884255893758,37.63523981314806,39.773540956674815,39.464621230022395
33.82,37.089557406810115,35.31319595080798,35.388747930507385,37.63635644768604,39.778817787016735,39.46773005360888
33.84,37.091234915101616,35.31613512013398,35.39445492929146,37.64077559526038,39.77906016473809,39.47012021890035
33.86,37.09544154300719,35.31882921722913,35.39481813479441,37.641783431287216,39.78425516962448,39.47317789197334
33.88,37.09723137402876,35.3216958555644,35.40047980170763,37.64631209545343,39.78457537239994,39.47562332002067
33.9,37.10132508777266,35.324454097451564,35.40052080423859,37.6472052494862,39.789696857608426,39.47862152110934
33.92,37.10322820530577,35.3271442363651,35.40633784813129,37.651733459698136,39.79008639076427,39.48113039167343
33.94,37.107207336231326,35.32996312562308,35.40681225643206,37.652516095918166,39.795144163125535,39.48406111590218
33.96,37.10922501409216,35.33271356137946,35.41235437778975,37.65727016218713,39.79559299092401,39.48664128139896
33.980000000000004,37.11309099637452,35.33557976957151,35.41244079410016,37.65793794217418,39.80059499014169,39.48949686004365
34.0,37.11522135905052,35.338282814891,35.41790316181803,37.66280173726316,39.8010950212301,39.49215576017877
34.02,37.118975293001164,35.3411919322008,35.418072763659005,37.6633603289544,39.80605065936694,39.494929012801535
34.04,37.12121687122665,35.343856872345015,35.423448426823576,37.66833245723393,39.80659229392789,39.49767359395581
34.06,37.12486063361592,35.34679948086016,35.42370790534942,37.66878366687554,39.811511283480925,39.50035783634024
34.08,37.12721114017515,35.34943584576107,35.428990451570506,37.6738619161647,39.812084701840625,39.50319452226685
34.1,37.130751931348925,35.352860469672315,35.42935044969612,37.674208357570045,39.81697694247559,39.50578361888057
34.12,37.13320858244842,35.35548739561117,35.43453435333547,37.679385279112346,39.818028270418075,39.50872270795799
34.14,37.13664510733185,35.35891668425709,35.43499560881466,37.67963011253211,39.82291341408556,39.51121136776098
34.160000000000004,37.13920405535772,35.36154359505172,35.44007569865113,37.68490667202205,39.82396693752742,39.51425333047187
34.18,37.142540580949266,35.3649680925765,35.440643096830506,37.685054080422134,39.82885464730482,39.51663663381267
34.2,37.14519718348761,35.36760446762929,35.4456148310894,37.69042572467032,39.82990069855865,39.519786061817335
34.22,37.14843870673349,35.371014696995694,35.44629256031313,37.69048061542527,39.834800639005294,39.52205977400715
34.24,37.15118760932853,35.373670001431144,35.45115211110168,37.6959420850432,39.83582958303337,39.52532055558229
34.26,37.15433982073211,35.37705653524512,35.451943630004955,37.69597411733377,39.8407513506572,39.52748116185333
34.28,37.157174995854426,35.37974014923895,35.45657571933594,37.701843529514605,39.841865332263055,39.53085644954435
