Time,Agent[1],Agent[2],Agent[3],Agent[4],Agent[5],Agent[6]
0.0,0.0,0.0,0.0,0.0,0.0,0.0
0.02,0.0,0.0,0.0,0.0,0.0,0.0
0.04,0.0,0.0,0.0,0.0,0.0,0.0
0.06,0.0,0.0,0.0,0.0,0.0,0.0
0.08,0.0,0.0,0.0,0.0,0.0,0.0
0.1,0.0,0.0,0.0,0.0,0.0,0.0
0.12,0.10135178343957027,0.11389996353830459,0.13834247040270944,0.15022966476063127,0.13770230028458624,0.11326731782708613
0.14,0.19702082326114784,0.222169143061069,0.2710472912673664,0.29476222813159514,0.26965460298324373,0.22079218820094873
0.16,0.2870097153855236,0.32480999229276525,0.3981169744494284,0.4336006493081488,0.395860153177815,0.3225775478710287
0.18,0.3713209422225034,0.4218248415373391,0.519553856053079,0.5667476592756785,0.5163219782459922,0.4186261786760507
0.2,0.44995688027264574,0.5132159059314036,0.6353601089194512,0.6942057778566965,0.6310429039065605,0.5089407183881423
0.22,0.5229198071214058,0.5989852930031254,0.7455377540278935,0.8159773292740428,0.7400255689254068,0.5935236706968413
0.24,0.5902119078792707,0.6791350096007988,0.8500886709161998,0.9320644563776688,0.8432724386104379,0.6723774144103196
0.26,0.6518352811164021,0.7536669682485246,0.9490146072142747,1.0424691336658027,0.9407858172095194,0.7455042119434163
0.28,0.707791944335412,0.8225829929808026,1.0423171873757409,1.1471931792172712,1.0325678593136647,0.8129062171550405
0.3,0.758083839021896,0.8858848247026183,1.1299979206831257,1.2462382656390467,1.1186205803569436,0.8745854825915347
0.32,0.802712835308481,0.9435741261170861,1.212058208594508,1.3396059301221228,1.1989458662952157,0.9305439661868743
0.34,0.8416807362848792,0.9956524862586887,1.2884993514925207,1.4272975836890198,1.273545482537342,0.9807835374659504
0.36,0.8749892819834725,1.0421214246665076,1.3593225548904408,1.509314519707601,1.3424210821952658,1.0253059832926719
0.38,0.9026401530672286,1.0829823952285684,1.4245289351447044,1.5856579217382614,1.4055742137126854,1.0641130132008432
0.4,0.92463497424446,1.1182367897256191,1.4841195247182926,1.6563288707747237,1.4630063279261665,1.0972062643422684
0.42,0.9409753174326968,1.1478859410999493,1.5380952770350536,1.7213283519327254,1.5147187846075059,1.1245873060834333
0.44,0.9516627046921659,1.1719311264726433,1.5864570709612067,1.7806572606354383,1.5607128585312995,1.1462576442794623
0.46,0.9566986109475222,1.1903735699305111,1.6292057149468582,1.8343164083397672,1.600989745107688,1.1622187252513918
0.48,0.9573127553799468,1.2032144451020936,1.666341950857129,1.882306527843372,1.6355505656164935,1.1724719394907661
0.5,0.962473817934627,1.210454877540425,1.697866457519864,1.9246282782084394,1.6643963720756445,1.1770186251135373
0.52,0.962962575413783,1.2120959433237695,1.7237798540143752,1.9612822493349051,1.6875281517738683,1.1781771814271007
0.54,0.9682492724224974,1.216053181282755,1.7440827026806334,1.9922689662126978,1.7049468314654277,1.182738539751556
0.56,0.9686120197421224,1.2179223954461316,1.7587755123185986,2.017588892879069,1.7166532788887423,1.1838826253063661
0.58,0.9740251336122696,1.2216513517619156,1.7678587345779786,2.037242436077165,1.7226483349040365,1.1884582903496568
0.6,0.9742608752477312,1.223748988722672,1.7713328098293193,2.0512299489902883,1.7229327883574923,1.1895880802904253
0.62,0.979801635498956,1.2272492609697652,1.773467494446445,2.0595517347665777,1.728358167857845,1.1941780658083638
0.64,0.9799088956057513,1.2295758491751778,1.7771480527105856,2.062208049810738,1.7286474872785398,1.1952933448046195
0.66,0.9855790223251352,1.2328467771309306,1.7790770593721408,2.0652170049115033,1.7340687232944223,1.199898061725555
0.68,0.9856022198648802,1.2354031311571325,1.7829624762787204,2.067966673582546,1.7343614835361025,1.2009981922467083
0.7000000000000001,0.9912242705577397,1.2384437032695994,1.7846873547734958,2.0708834845788275,1.7397798546010514,1.205618524287868
0.72,0.9913823812354813,1.241231033426156,1.7887761833951998,2.073724114896152,1.7400749444126224,1.206702359565619
0.74,0.9968681700034188,1.2440398674256201,1.790298229520065,2.07655101198639,1.74549135391355,1.211339688335707
0.76,0.9971639396156327,1.2470597195595952,1.794589320836742,2.0794805328029025,1.7457880757678166,1.2124056025347323
0.78,1.002510444743082,1.2496350598400052,1.7959095273605472,2.0822194162667502,1.7512030020639107,1.21706182120655
0.8,1.002947168416813,1.2528893947574193,1.8004020403371186,2.0852360950384132,1.75150109469326,1.2181076411979854
0.8200000000000001,1.0081508089176177,1.2552290662753112,1.801521087234928,2.0878885182235907,1.756914568619019,1.2227852007772833
0.84,1.0087323503703778,1.2587202680390221,1.8062144978885522,2.090990977284701,1.7572142292112056,1.2238081852844327
0.86,1.0137889680342849,1.2608216694119578,1.8071327444218634,2.0935581310769784,1.7626258124961198,1.228510114951259
0.88,1.0145197762110807,1.2645525508315447,1.8120268525992143,2.0967453624336345,1.7629277176716822,1.2295069347495582
0.9,1.019424620316279,1.2664126502989939,1.812744331695735,2.0992280612091783,1.7683364825709436,1.2342368611132881
0.92,1.020309743318271,1.2703864555078268,1.8178392655465776,2.10249943985575,1.768641808161025,1.2352035803458583
0.9400000000000001,1.0250574580937681,1.2720017898503646,1.8183556804816259,2.104898108898755,1.7740463182703703,1.2399657455572233
0.96,1.0261025543160085,1.276222193882817,1.823651898638473,2.1082534046866006,1.7743567579296506,1.2408978042185062
0.98,1.0306871692353992,1.2775888703777036,1.8239666219960582,2.110568069030835,1.7797550501420802,1.2456970828896872
1.0,1.031898515632809,1.2820599756774227,1.8294649134941083,2.1140074571426757,1.7800728328463225,1.2465892805231884
1.02,1.036313438619815,1.2831736771506492,1.8295769883611395,2.116237731771564,1.7854624003942086,1.2514311954122939
1.04,1.0376979360210785,1.287900006958808,1.8352784703576486,2.1197618018787736,1.7857903068855867,1.2522776760644598
1.06,1.0419359496474538,1.2887559999755465,1.8353703270360187,2.1219068831949572,1.7911680833987669,1.2571684124832554
1.08,1.0435011250356392,1.2937424885663378,1.8408873107973112,2.125516647398335,1.7915094616540566,1.2579626509543762
1.1,1.0475543857933771,1.294335617212895,1.8411852272158484,2.1275752888220607,1.7968718061534974,1.262909069857922
1.12,1.0493083916291628,1.299587576156288,1.8464952529167182,2.131272168381905,1.797230586111069,1.2636438592925645
1.1400000000000001,1.053168432391198,1.2999123859442097,1.8470009761413149,2.133242779869247,1.8025732688768574,1.2686535090094113
1.16,1.0551200415533446,1.3054354559477,1.852102132638357,2.1370285804757083,1.8029539752458978,1.2693209498710678
1.18,1.0587777785757138,1.3054861183940834,1.8528177285660226,2.1389091322190934,1.8082721656595042,1.2744020764001998
1.2,1.0609363765342523,1.3112863044787206,1.8577077899909886,2.142786101980277,1.8086799305343257,1.2749935669325372
1.22,1.064382118480757,1.3115159716322238,1.8586356347458923,2.1445741192771512,1.8139681843179594,1.2801551227318926
1.24,1.066757692579365,1.316855028928284,1.8633120700890604,2.1485449536326864,1.8144087596609075,1.2806613509378368
1.26,1.069981128988312,1.3173716652160492,1.8644548663048575,2.150237512153783,1.8196610066548502,1.2859130021664733
1.28,1.0725842381630295,1.3224203746261176,1.8689148687446877,2.1543053587352885,1.8201407762923372,1.2863239391434773
1.3,1.0755745801200547,1.323230650101098,1.8702754944150004,2.15589907992389,1.8253503086644556,1.2916760713468554
1.32,1.0784162935124315,1.3279821851485105,1.8745160414684061,2.1600675417945263,1.8258762999004643,1.2919809676642071
1.34,1.0811621903834314,1.329093068987901,1.876097653571048,2.1615585900672194,1.8310357607198913,1.297444688091508
1.36,1.0842541281843132,1.333540318961914,1.88011545068701,2.165831729717676,1.8316156555953849,1.2976320714097616
1.3800000000000001,1.0867436900296694,1.334959049076481,1.8819214712809724,2.1672158076696335,1.836717027708636,1.3032192110470557
1.4000000000000001,1.0900979991867559,1.3390946509465467,1.8857129660949776,2.17159815200687,1.837359174027132,1.3032768850646597
1.42,1.0923188229711545,1.340828700598967,1.8877470678040977,2.172870495177206,1.8423937691235905,1.3089999986742693
1.44,1.0959481490380247,1.3446450738154903,1.89130846483538,2.1773670410691373,1.8431071913146484,1.3090849531950939
1.46,1.0978873487599716,1.3467021154654826,1.893574556066944,2.1785224120328777,1.848065639132176,1.3146348810796396
1.48,1.1018048402498684,1.3501914994098163,1.8969018314947506,2.1831386326439164,1.8488600833289084,1.3148757022373492
1.5,1.10344909624458,1.3525793664371522,1.8994040417721998,2.184171313816803,1.8537323352053439,1.3202626448029013
1.52,1.1076681976029565,1.3557338600119244,1.902492957888742,2.188913166189965,1.854618119108567,1.3206735455049392
1.54,1.1090038599420415,1.358460504221447,1.9052356237200647,2.1898169534208916,1.8593934988271574,1.3258829193934656
1.56,1.1135384110401079,1.3612721100181104,1.908081742673597,2.194690884880171,1.8603816536667726,1.3264788443074484
1.58,1.1145514557012528,1.3643455581180044,1.9110693942994286,2.1954590788748805,1.865048765862212,1.3314953399125176
1.6,1.11941564825044,1.366806225785886,1.9136680907117627,2.2004720372677675,1.866151047690887,1.332291953751746
1.62,1.1200917228722178,1.3702345353518524,1.9169054402635632,2.201097432525124,1.8706977667075293,1.3370995487102513
1.6400000000000001,1.1253000524916337,1.3723362061889324,1.9192519121784193,2.206256878158589,1.8719266673618924,1.3381132208957127
1.6600000000000001,1.1256245264972327,1.3761274206415297,1.9227438437500541,2.2067317501215413,1.8763401265223436,1.3426951973587484
1.68,1.131191740399146,1.3778620729218853,1.9248331214188372,2.212045669567683,1.8777088840827514,1.343942982737475
1.7,1.131233721294401,1.3820241760315708,1.9285846835529543,2.212361759828238,1.8819754655623542,1.3482819487574764
1.72,1.136713201057139,1.3833838705248032,1.9304116355501284,2.21783868174277,1.8834980740875913,1.349781564023894
1.74,1.1371364667024708,1.387924814267297,1.9344280366519961,2.217987181177605,1.8876033996482133,1.353859411653045
1.76,1.142226947336766,1.3889017147674143,1.9359873720611847,2.223636194232386,1.8892946185813466,1.3556292299657542
1.78,1.1430467070219041,1.3938291395140392,1.9402739802450748,2.2236646644870235,1.893223540571916,1.359427383240352
1.8,1.1477329380343129,1.3944156882990673,1.941560249288746,2.2292540874256246,1.895098900829109,1.3614862790033035
1.82,1.1489644607064202,1.3997370548280168,1.9461226721306406,2.2294695960684825,1.8988354246000756,1.3649855690696306
1.84,1.1532311680759464,1.3999258934504708,1.947130228022604,2.2348665980868834,1.9009112648951332,1.367352990726463
1.86,1.1548897093179875,1.405648443915248,1.9519740786045554,2.2352798315327216,1.9044387666290916,1.3705336956696068
1.8800000000000001,1.1587216704663266,1.4058644344957087,1.952697211398827,2.240473395729557,1.906732104050311,1.373229620518392
1.9000000000000001,1.1608223956317907,1.411152545623885,1.9578282963378253,2.2410957012754347,1.9100331677185378,1.3760715150951917
1.92,1.1642044163068013,1.4117812747469556,1.958260989430873,2.2460741379095497,1.9125618120420889,1.379116397934549
1.94,1.1667623886400473,1.4166531023756448,1.9636853977251771,2.2469175492562092,1.9156182294983106,1.3815988061518512
1.96,1.1696796446858175,1.4177013302953925,1.9638215738344875,2.2516684687977473,1.9184007812314292,1.3850135238839694
1.98,1.172709556753686,1.4221502674402713,1.9695455105416106,2.252745731029251,1.9211935562109237,1.3871153805438425
2.0,1.1751475042468902,1.4236244368772313,1.9697121958860406,2.2572560204862406,1.9242494003097008,1.3909211651342133
2.02,1.1786637259248884,1.4276442065054684,1.975100080389415,2.258580615971561,1.926758757242825,1.3926210849298575
2.04,1.1806081866447047,1.4295505446313719,1.9755781305896092,2.2628362901114683,1.930108051594325,1.3968394517770515
2.06,1.1846246803073743,1.4331351208290632,1.9806509406145762,2.264422561749984,1.932313448839241,1.398115804834234
2.08,1.1860619259071927,1.4354793316651184,1.9814476110738735,2.2684090178410865,1.935977108829443,1.402768473287013
2.1,1.1905921592900024,1.4386231811536871,1.9861978971445973,2.2702719742932,1.9378572602647721,1.4035994686180402
2.12,1.1915090004911908,1.441410622966021,1.9873208383083794,2.2739737858484674,1.9418569313921985,1.4087082744646948
2.14,1.1965658598591085,1.4441085586464582,1.9917407327206773,2.2761292729093117,1.9433898359063562,1.409072051598209
2.16,1.1969497309532848,1.4473442456873258,1.9931980381077854,2.2795301636256355,1.947747861599941,1.4146588513594578
2.18,1.2025454377830893,1.4495914199527045,1.9972792039730185,2.2819948891197246,1.9489108396516295,1.4147841226436655
2.2,1.2027063971671934,1.453280034337571,1.9990794639702893,2.285077709440419,1.9536502200779686,1.4201137481342032
2.22,1.2079756529055774,1.4550719217640384,2.0028130386959013,2.287869264900443,1.9544198030398896,1.4207519623878668
2.24,1.208696009165839,1.458771112861019,2.004965399662352,2.2906159708031493,1.959564277663155,1.4255573876992556
2.2600000000000002,1.2134048469895014,1.4605488260669723,2.008794051844847,2.2937528516202095,1.959916608228999,1.4267304959572942
2.2800000000000002,1.2146861959563144,1.464261305952468,2.010853212868348,2.296149040197112,1.9654903078124206,1.4309901509916807
2.3000000000000003,1.2192958124577735,1.4660266568963953,2.014772888157876,2.299641567669461,1.9655795716984856,1.4327194403418477
2.32,1.220678385122028,1.4697459429390096,2.016743224623376,2.3021322153868584,1.9709669431821213,1.4364170131625549
2.34,1.225184625645157,1.4715097559250017,2.0207539092567943,2.3055375771283666,1.9715211963210084,1.4387140321640053
2.36,1.2266720608308481,1.475225258663531,2.0226313759499335,2.3081082067235803,1.9764355005136842,1.442309861139214
2.38,1.231076568883336,1.4769979351580338,2.026736634931145,2.3114408859130546,1.9769930348461242,1.4447155223369332
2.4,1.232662291620885,1.4806994166616694,2.0285181562758696,2.314081663147582,1.981899161082134,1.4482006766101023
2.42,1.2369719118021403,1.4824910668814624,2.0327206338008037,2.3173471306719984,1.982470035002258,1.4507187364647867
2.44,1.2386487695284976,1.4861685653207832,2.034403967928963,2.3200522529621614,1.987357970263657,1.4540898282286174
2.46,1.2428709481773654,1.487988991971478,2.03870551523095,2.323256628952713,1.987952118116449,1.4567232843306976
2.48,1.2446312122326841,1.491632881601807,2.040289218451332,2.3260196704079834,1.9928120109823233,1.459977700099117
2.5,1.2487739455091096,1.493491521709722,2.044690884375635,2.3291696713873002,1.9934391703581769,1.4627287620208866
2.52,1.2506093650426549,1.4970925701415105,2.0461743178872234,2.3319836374946203,1.9982614030727466,1.4658646885513757
2.54,1.2546811432261649,1.4989984388654545,2.050676344854218,2.335086519819648,1.9989310434312355,1.4687347552396328
2.56,1.2565830026832714,1.5025478621487505,2.0520596760527527,2.3379439056690767,2.0037063023590673,1.4717511988532543
2.58,1.260592751088859,1.504509498982756,2.0566615014336347,2.3410074056136025,2.0044275555402975,1.4747408426794564
2.6,1.262551930865749,1.5079990141041513,2.057945699803799,2.343900257306751,2.00914689945785,1.4776376418859922
2.62,1.266508947801743,1.510024431862664,2.0626459627011116,2.3469325281562328,2.0099284926234446,1.4807465994206537
2.64,1.2685159876330965,1.5134463062735364,2.063832790318517,2.3498525070114886,2.0145834183145754,1.4835244308069528
2.66,1.2724298798458127,1.5155429432291332,2.0686293437116987,2.3528620535691527,2.0154336098401022,1.4867516003340795
2.68,1.274475044471437,1.5188900410465676,2.069721340411028,2.3558005027126288,2.020016114485282,1.489411977724737
2.7,1.278355660538005,1.5210647165668656,2.0746112685947997,2.358796113639468,2.0209426333019875,1.4927554234611042
2.72,1.2804290071805486,1.5243305411128045,2.0756117318930123,2.361744126548373,2.025445273177063,1.4953006904114077
2.74,1.2842863693238966,1.526589415117987,2.0805913731039754,2.36473480498034,2.026455262032792,1.4987576533450158
2.7600000000000002,1.2863778164986495,1.5297681474882479,2.0815043329998675,2.3676832955262896,2.03087120706283,1.5011909690762195
2.7800000000000002,1.290222051307613,1.5321166840238396,2.086569307094132,2.370678188429759,2.0319711701405616,1.5047578842886404
2.8000000000000003,1.2923214484784527,1.535203217406186,2.0873994958979845,2.3736179619533098,2.0362942538876947,1.5070832032246306
2.82,1.2961627170212253,1.5376461525973784,2.0925447369104617,2.3766262886942418,2.037490009185114,1.51075572351383
2.84,1.2982599146134142,1.5406361220867892,2.093297554289541,2.379548113629311,2.0417147738859827,1.5129777686255064
2.86,1.302108342433989,1.5431774367109945,2.098517347673742,2.382579094242516,2.0430114107212667,1.5167507941994114
2.88,1.304193261714774,1.5460672444005588,2.099198821130849,2.3854737738000464,2.047133147029426,1.5188750244083362
2.9,1.3080588692002377,1.5487101412839532,2.104486845446755,2.388536557452412,2.0485349889972175,1.5227427383753334
2.92,1.3101215715419,1.5514969764412152,2.1051035864799363,2.39139500086715,2.052549770128462,1.5243069058282075
2.94,1.3140097276202756,1.5542438628532274,2.1104529592672825,2.3944985950121502,2.0540649414708474,1.5282537136595578
2.96,1.3160448461998666,1.556925761066807,2.1110121154884887,2.397311842528312,2.0579651665842604,1.5297423268896277
2.98,1.319965519003256,1.5597781493428984,2.1164154421528334,2.400465132501653,2.0595959988533883,1.5337615587416908
3.0,1.321963242768982,1.562353994437272,2.116924648281432,2.4032244325153416,2.063379748862378,1.535181605021193
3.02,1.3259260682181933,1.5653125921495907,2.122374073081466,2.4064360135373106,2.065127760490734,1.5392659605178254
3.04,1.327876950319205,1.5677820749812952,2.1228413963274373,2.4091329366719405,2.06879393802007,1.5406250274817839
3.06,1.3318911702282736,1.5708467819794778,2.1283286594718396,2.4124110491393207,2.070659818467681,1.5447666369721398
3.08,1.3337861886938245,1.5732104007143215,2.1287625409731556,2.415037551780516,2.0742081603622418,1.5460728494397957
3.1,1.337860591326605,1.5763803116054704,2.1342790385081587,2.4183900190804697,2.0761917608923803,1.5502633388681974
3.12,1.3396912070681353,1.5786393665539102,2.134688232172183,2.4209385041574496,2.079622844074196,1.551525292296995
3.14,1.343834070587935,1.5819127786194926,2.140225078272758,2.4243726734686204,2.0817231751883116,1.5557558512029865
3.16,1.345592282295229,1.584069361649216,2.140618587419684,2.4268360480264,2.0850384158575896,1.5569825422675412
3.18,1.3498113215238872,1.5874437881624088,2.146166678676249,2.4303587345520836,2.0872536513686413,1.5612439944140812
3.2,1.3514897170520122,1.5895007667414922,2.146553690902326,2.432730463681054,2.0904552975958213,1.5624447492205056
3.22,1.3557920339283274,1.5929729556138124,2.152103772176434,2.436347898735096,2.09278278526799,1.5667276253325806
3.24,1.357383837799667,1.5949339515725054,2.1524935928719473,2.438622055450382,2.095873903074684,1.5679120257921701
3.2600000000000002,1.3617758758984073,1.5984999092241121,2.158036324278523,2.442339838788919,2.098310181707215,1.5722066378765005
3.2800000000000002,1.363274992573798,1.6003692723577414,2.1584383092497204,2.4445111494814658,2.1012946347835633,1.5733844467720561
3.3000000000000003,1.3677624960159775,1.604024292671305,2.1639643338106223,2.4483342062422264,2.1038354575673828,1.5776809634813989
3.3200000000000003,1.3691635486203264,1.6058070693411495,2.164387821466192,2.4503980913562233,2.106717880821445,1.578862048764608
3.34,1.3737515256733424,1.6095457675251734,2.1698878329701237,2.454330633932973,2.109358244750165,1.5831505712670804
3.36,1.3750498898939507,1.6112476644479607,2.1703420765408072,2.456283243560109,2.1121440119310257,1.584344830126383
3.38,1.3797425815265132,1.6150640156019083,2.1758068871381258,2.460328738702368,2.114878193002905,1.588615467941201
3.4,1.3809344144367686,1.616691359051651,2.176300987402772,2.4621669828219686,2.117573378682831,1.5898327511765324
3.42,1.3857352680586017,1.6205787411924695,2.181721594460859,2.466328124210386,2.1203949725879685,1.5940756974424581
3.44,1.3868175316550828,1.6221384318708063,2.182264433453408,2.468049697345509,2.123006308829817,1.5953257346766294
3.46,1.3917291802354343,1.6260896731487766,2.187632085198806,2.4723283838511927,2.1259082767775057,1.5995313403279423
3.48,1.3926996595131065,1.6275891370110187,2.1882322613681167,2.4739317839537653,2.1284431048512817,1.600823666573804
3.5,1.3977239062350442,1.6315965668122838,2.193538520846009,2.4783291037458044,2.1314178241563004,1.6049825129108573
3.52,1.3985812216625277,1.6330437021662543,2.194204286134339,2.479813645168634,2.133884041703103,1.6063263969997894
3.54,1.4037190302323024,1.637099205770333,2.1994410930239607,2.4843298657888706,2.1369233607171996,1.6104293661564988
3.56,1.4044626445273232,1.6385023269933463,2.200180292319801,2.4856956862482504,2.1393293647894662,1.611833741516512
3.58,1.4097141352197415,1.6425974034266064,2.2053400221562764,2.4903302507257803,2.142424661735416,1.6158720843458605
3.6,1.410344354363419,1.643965181672321,2.2061600355635846,2.491578312205136,2.144779288169276,1.6173454825977183
3.62,1.415708805845432,1.648091004373029,2.211235555932226,2.496329841236276,2.1479215334099733,1.6213108835176717
3.64,1.4162267743129722,1.6494324056642724,2.212143244280519,2.497461924828363,2.1502339930083703,1.6228613713344717
3.66,1.4217026312485743,1.6535798855515782,2.217127967568985,2.502328225000579,2.153413814262448,1.6267460097009077
3.68,1.4221103214730675,1.6549041066772754,2.2181296215676656,2.503346919732678,2.1556936262866007,1.6283811293512769
3.7,1.427695207873572,1.6590639571958392,2.2230175538842607,2.508324997724402,2.158901376285248,1.6321777369510762
3.72,1.4279954039986429,1.6603803598495908,2.224118847299812,2.509233683457353,2.1611582997667935,1.633904450918372
3.74,1.433686142243357,1.664543163543418,2.2289046331925806,2.514319766099604,2.164384125833629,1.6376063652045745
3.7600000000000002,1.4338824182593592,1.6658612071579806,2.2296631767165818,2.5151225906369605,2.166628089230445,1.639431005244664
3.7800000000000002,1.4396750536729201,1.670022047902034,2.234332982601759,2.5203074872173326,2.1698620042576726,1.6430322179664436
3.8000000000000003,1.439771700339129,1.6713469206552636,2.235209052491378,2.521013736490835,2.1721030807179433,1.644960438934922
3.8200000000000003,1.4456616183913946,1.6754959630949247,2.239759490892871,2.5262925731836225,2.175334946035281,1.6484556389237384
3.84,1.4456636188003695,1.6768374538503412,2.2407561520263046,2.526907482637739,2.177583272753495,1.6504923804147125
3.86,1.4516454826432414,1.680964965603613,2.2451845198593547,2.53227467364712,2.1808029701607876,1.6538769896219045
3.88,1.4517324432596326,1.6823327284178509,2.2463041377440383,2.53280416926875,2.1830686275418723,1.6560264406088634
3.9,1.4570797155163056,1.6864291455510756,2.2506084440724945,2.5382534607952474,2.186266130283971,1.659296647730632
3.92,1.4572529418148032,1.68783245683753,2.2518526597616626,2.5387041129907777,2.188559071254042,1.6615624027580285
3.94,1.4625173328164853,1.691888618826452,2.2560316499241897,2.5442286315554266,2.191724512538641,1.664715018330227
3.96,1.4627697592562012,1.6933366917830412,2.2574013570685327,2.5446076048636406,2.1940544963152946,1.667099653799146
3.98,1.4679586179128374,1.697343541889062,2.2614545290257104,2.5501999095494887,2.1971782389497476,1.670132501095656
4.0,1.4682826243333702,1.6988452604056548,2.262949863819106,2.5505149085602468,2.1995547584970767,1.6726377706103503
4.0200000000000005,1.4734038269349437,1.702794102561268,2.266877477384866,2.5561670470114506,2.2026274643295407,1.6755495031924914
4.04,1.4737912944858593,1.7043579607209787,2.268497810230157,2.5564262586868813,2.2050596799836035,1.6781763244497372
4.0600000000000005,1.4788531870165114,1.7082405188214114,2.2723008925080146,2.5621298264167276,2.208072375183487,1.6809664362494534
4.08,1.4792955575833158,1.7098745628168674,2.2740448254516252,2.562341859342844,2.2105690506684694,1.6837148840640939
4.1,1.4843068947308324,1.7136830373714715,2.2777251704918497,2.568088061897049,2.2135131883863344,1.6863837133134938
4.12,1.484795233456678,1.7153948102793315,2.2795905404337624,2.5682618828879433,2.2160826296793825,1.6892530188071677
4.14,1.4897651147311923,1.7191219319888833,2.283150703126925,2.5740416004317517,2.2189501496401984,1.691801745806681
4.16,1.4902901752078712,1.7209184218263776,2.2851345907697116,2.5741864689265053,2.2216001471182505,1.6947903017471322
4.18,1.4952279786079572,1.724557501673827,2.2885778750347585,2.5799903228080403,2.2243835317277942,1.69722094050443
4.2,1.4957802702870069,1.726445093137737,2.2906766194928743,2.5801157235145857,2.227121306002673,1.7003263127429804
4.22,1.5006955839725873,1.7299900686049445,2.294007060860025,2.58593414434451,2.230276413415379,1.7026416965544553
4.24,1.5012654413276065,1.7319744988670491,2.296216279808773,2.5860451721861284,2.233118276984354,1.7058559801316604
4.26,1.506168038840158,1.7354199759182027,2.2994385778127713,2.59187290104811,2.2361662607360984,1.7080641340868046
4.28,1.506745602777275,1.7375062957098053,2.302204265670643,2.591979651992553,2.239117651957922,1.7113836721017595
4.3,1.5116453642095422,1.74084301213481,2.3053332730101386,2.597811239165514,2.242053429960179,1.7134886496790536
4.32,1.512220706373915,1.7430398588264109,2.308189471555602,2.597919412156316,2.24511904789946,1.7169089978826664
4.34,1.5171275883672026,1.746264222530359,2.3112307469695885,2.603744421230508,2.247938342201995,1.7189156234031882
4.36,1.5176907898428262,1.748574834837491,2.314171558269365,2.6038643865056703,2.2511221163576156,1.7224315836492128
4.38,1.5226146565994898,1.7516839900698782,2.317131329450741,2.609672515245661,2.2538213864657077,1.7243454159775338
4.4,1.5231559262351506,1.7541108567782382,2.3201502105100977,2.609814477069726,2.2571264920480103,1.7279510772073379
4.42,1.5281064805457618,1.75710270941534,2.323035325211608,2.615595623193002,2.2597029661178785,1.7297783653418681
4.44,1.528616223538466,1.7596475469383834,2.326125138946438,2.615769554401413,2.2631317958930786,1.7334671504707089
4.46,1.5336029386388097,1.762520784002232,2.3289430121466745,2.6215138804592324,2.2655834958046572,1.735214784390795
4.48,1.5340718240239262,1.765184519770009,2.332096082115883,2.621729458153787,2.269137638118114,1.738979501775706
4.5,1.5391038768033654,1.7679386230537728,2.334854639598864,2.6274274550105994,2.2714633983145975,1.7406549588661528
4.5200000000000005,1.5395229033334963,1.770721384841959,2.338062808129719,2.627693997902117,2.2751436213857454,1.744487858016983
4.54,1.5446091094081364,1.7733566385554642,2.340770426858523,2.63333654632565,2.2773431014061627,1.7460991454256602
4.5600000000000005,1.5449696693128323,1.77625774981926,2.3440251161723817,2.6336629542027077,2.2811493439506885,1.749991976587021
4.58,1.5501184204646807,1.778775242212988,2.3466905618608442,2.6392413840955586,2.283223034619319,1.751547569903679
4.6000000000000005,1.5504123605975304,1.7817932234454719,2.349982837784932,2.6396360798779073,2.2871544028162667,1.7554916471042181
4.62,1.5556315650645887,1.7841948424164944,2.352615200091457,2.6451422267030633,2.2891036260908177,1.757000425778772
4.64,1.555851244962557,1.7873274185060266,2.3559358379240063,2.6451547609297337,2.2931583968740683,1.760986692915501
4.66,1.5611482710443148,1.7896158412344718,2.3585400487145214,2.650571644438227,2.294989898495078,1.7624578728614233
4.68,1.5612866174465925,1.7928599988632188,2.3618839074150197,2.650676913568872,2.299161190942224,1.7664769264498394
4.7,1.5666682417616993,1.795038588421732,2.364469859132346,2.6559980074262617,2.300877558489325,1.7679200777392825
4.72,1.5667187964947606,1.7983905872560866,2.367826986544892,2.6562022130561886,2.3051623761989353,1.771962245916192
4.74,1.5721911579176102,1.8004634681934297,2.3704046678202113,2.661421631709803,2.3067670203963058,1.7733871233286935
4.76,1.5722341921730738,1.803918819688728,2.3737650503466265,2.6617303118785607,2.3111615560706804,1.7774425859186644
4.78,1.5780805901508326,1.805890849543932,2.376344477856449,2.6668428547946377,2.31265868445355,1.7788590570687173
4.8,1.578226070299349,1.809444525493246,2.379698108803116,2.6672608423201978,2.3171583490642784,1.7829177332350612
4.82,1.5839678291867636,1.8113210897948164,2.3822892570340293,2.6722620330733267,2.318552935773745,1.784335877761079
4.84,1.5842199872495497,1.8149671825037887,2.3856262085004243,2.6727934191265375,2.323152389845213,1.7883878904148558
4.86,1.589853250989444,1.8167545191939385,2.3882389418741883,2.6776795392017876,2.324450137653295,1.7898175623686936
4.88,1.5902155494767127,1.8204864829992753,2.3915494287111,2.678327642326314,2.3291433354789612,1.793853102582806
4.9,1.5957372448872316,1.82219144533181,2.394193435847274,2.6830957592225513,2.330350631042611,1.795304051840058
4.92,1.5962123511076967,1.826002142056558,2.397467882787445,2.683863100177552,2.3351308658848398,1.7993134517945348
4.94,1.6016202107370077,1.8276321509456779,2.4001526099866064,2.6885110896951856,2.336254732066699,1.8007952515238828
4.96,1.6022099769302014,1.8315138996021898,2.403381717374076,2.6893993721471356,2.3411146861547234,1.8047690564570822
4.98,1.607502556007746,1.8330768919070672,2.4061163037339446,2.6939259347642817,2.3421627297194254,1.8062910318502055
5.0,1.608208005449484,1.8370215222808888,2.4092911113866187,2.6949360319454,2.3470945286966436,1.810220070475629
5.0200000000000005,1.613384692806156,1.8385258954069856,2.4120843260093543,2.6993407031838665,2.3480748837487315,1.811791229274374
5.04,1.614206011991111,1.8425248051277943,2.4151962747647993,2.7004726505960357,2.353070155187093,1.8156666821315655
5.0600000000000005,1.6192670348675124,1.8439793583511457,2.418056456496707,2.7047558053174243,2.353531798883821,1.8172956474778519
5.08,1.6202035718255299,1.8480235730330263,2.4210974470095454,2.706013521073698,2.3585721977459833,1.8211137882106612
5.1000000000000005,1.6251500400958256,1.8494374459759104,2.4240324921326875,2.7101719232769645,2.358992714731092,1.822804329121511
5.12,1.6262002191058862,1.8535176810889025,2.4269948518419007,2.711553390810753,2.3640697647244595,1.826556864027482
5.14,1.6310341094755472,1.854900292469438,2.430012151961566,2.715589440234334,2.36445781598296,1.8283169955204122
5.16,1.6321955422055965,1.8590070158767777,2.4328887864449995,2.7170918499063808,2.369562703966497,1.8319961999579983
5.18,1.6369196373004646,1.8603679980603525,2.4359951315074384,2.721008733286196,2.369927252729532,1.8338333421717496
5.2,1.6381891383849418,1.864491497210094,2.4387795716746234,2.722628497654242,2.3750508982932135,1.8374321127868813
5.22,1.6428070081880324,1.865840628361975,2.4419811047604116,2.726430170485841,2.375401139585964,1.8393530407690433
5.24,1.6441806167986375,1.8699710786521406,2.444667549870623,2.728162945478741,2.380534266359267,1.8428649434423798
5.26,1.648696594182055,1.8713182139604323,2.4479697263224987,2.7318541079590974,2.3808795550565898,1.8448757414124344
5.28,1.650169601402213,1.8754457477989508,2.4505530825161883,2.733694819780534,2.3860127632532513,1.8482950545437884
5.3,1.6545887519647007,1.8768007502484452,2.4539606336974944,2.7372808871214853,2.3863625411437726,1.8504010749971713
5.32,1.656155733735847,1.8809155263259043,2.4564365477613013,2.739223764673198,2.3914863808352775,1.853722827780441
5.34,1.660483820197847,1.882288197504998,2.4599534497084226,2.7427108320135436,2.391850103207579,1.8559286557609345
5.36,1.6621386755654755,1.8863804697984934,2.4623183378274183,2.7447494445933818,2.396955147807066,1.859148661142818
5.38,1.6663821170125535,1.8877804812192176,2.4659477850254814,2.7481442467708583,2.397342210080392,1.8614580839693564
5.4,1.6681181113623356,1.8918406672492618,2.4681988563109947,2.7502715467671828,2.402419129511849,1.864572966027436
5.42,1.6722839376641594,1.8932774926552072,2.4719432407869704,2.7535814132449454,2.402838794438497,1.8669889487178983
5.44,1.6740937506034803,1.8972962405246636,2.4740785154040585,2.7562454171246205,2.407878427463558,1.86999616423843
5.46,1.6781895523689891,1.8987790896529217,2.4779438491155212,2.7594873816840138,2.40833529677782,1.872520830827409
5.48,1.6800653298775348,1.9027472989720668,2.479957840507943,2.762215659222547,2.413333076883926,1.8754187307806949
5.5,1.6840992052293924,1.9042851410093469,2.483944515472508,2.7653974010323172,2.4138362864833907,1.8780532643438832
5.5200000000000005,1.6860326130277157,1.908194034103404,2.4858372444042036,2.768182032190688,2.4187832575301043,1.8808410951041292
5.54,1.6900131122162918,1.909795437426822,2.489944848010927,2.7713116935720197,2.4193415725131366,1.8835858290856051
5.5600000000000005,1.6919953948054605,1.9136366662925208,2.4917171400631988,2.774144324659788,2.4242291814640815,1.8862636880179455
5.58,1.6959314586858336,1.9153097402247363,2.495944455318812,2.7772304508890895,2.4248509334330923,1.8891181049554235
5.6000000000000005,1.697953502293013,1.919075443320892,2.4975979377229582,2.7801023561918843,2.4296710915573567,1.8916869384830919
5.62,1.7018543981070657,1.9208277829895586,2.5019429492855205,2.783153832471932,2.4303641189410636,1.8946496750408692
5.64,1.7039067960876182,1.9245106387278728,2.503480041987893,2.786055978506914,2.4351092597617314,1.8971112704285038
5.66,1.7077820510226875,1.9263492734170606,2.5079399479381173,2.7890819645297222,2.4358808516131103,1.9001801286805071
5.68,1.7098551712404038,1.9299425499779759,2.5093638489655645,2.792005076494516,2.4405439851586483,1.9025370996156008
5.7,1.7137145042490436,1.9318738953334775,2.5139350782303205,2.795014939041051,2.441400828859971,1.9057090644730887
5.72,1.7157985579448096,1.9353714964586035,2.5152497434597003,2.7979495690011977,2.445975591801383,1.9079648305749193
5.74,1.7196518103194942,1.9374013108812855,2.519927978766654,2.80095281304189,2.446923725078651,1.9112360932068455
5.76,1.7217369219714431,1.9407978173226648,2.5211380962376158,2.8038894093846554,2.4514044263662274,1.913394853638097
5.78,1.725593987173602,1.9429311628545118,2.5259183024444885,2.806895608160314,2.45244919398283,1.9167608406869499
5.8,1.7276702648480429,1.9462218691911355,2.527029261389899,2.809824585828727,2.4568308556304785,1.9188275420871919
5.82,1.7315410180926487,1.9484630771675842,2.531905718996863,2.8128433104035153,2.457976871094005,1.9222829504402241
5.84,1.7335986237851517,1.9516440237314994,2.5329235738000304,2.8157551214141385,2.462255263796595,1.9242632494424914
5.86,1.7374928518803103,1.953996665441153,2.537889917419442,2.8187958702009244,2.463506376374124,1.9278020862774745
5.88,1.7395220713497954,1.9570646651285577,2.538821346741115,2.8216810739421505,2.4676780496832604,1.929702306908343
5.9,1.7434494032855805,1.9595315276875895,2.543870608265192,2.8247532027051943,2.4690373169789885,1.9333179346949654
5.92,1.7454407148912139,1.962484187464648,2.5447228696164013,2.8276025355100582,2.473099623805208,1.9351450209951833
5.94,1.7494105536634215,1.9650672550784212,2.549847525791125,2.8307151883509136,2.4745692901108347,1.9388302070982382
5.96,1.7513546957243094,1.9679029920268671,2.5506284058596176,2.8335196318394873,2.478520405364712,1.9405916713343188
5.98,1.7553761518670579,1.970603432775429,2.5558204299419693,2.8366816736687386,2.4801018859475796,1.944338641832939
6.0,1.7572641880779722,1.973321484559135,2.55653819101041,2.8394325213604317,2.483940819178318,1.9460425087002913
6.0200000000000005,1.7613460153644172,1.976139642806822,2.561789108156503,2.842652472350666,2.4856346906256133,1.949843006009116
6.04,1.7631693978169598,1.978740072477459,2.5624524309792185,2.845341394055996,2.4893612925629607,1.9514977532537718
6.0600000000000005,1.7673199315697552,1.9816754669696108,2.5677533769832017,2.848627366560014,2.4911672892526107,1.9553430971071297
6.08,1.7690705609473036,1.984159162066801,2.5683713005149533,2.851246470074863,2.494782252205903,1.956957593016178
6.1000000000000005,1.773297659380366,1.987210489739044,2.5737130834928146,2.8546061084776815,2.4966992689266747,1.9608387443552295
6.12,1.7749679419165187,1.9895791556782465,2.574294941887647,2.857147998120413,2.5002041210429513,1.962422182585196
6.140000000000001,1.7792789309069272,1.9927443011659196,2.579668106476768,2.86058842207411,2.50223022173813,1.9663298098706294
6.16,1.780861831721005,1.995000448945127,2.5802234637969743,2.8630462536274566,2.505627315169252,1.9678916420984787
6.18,1.785263453385061,1.9982764997424876,2.585618357421491,2.8665740050945483,2.5077597477305984,1.9718161895578776
6.2,1.7867525458341262,2.000423428036871,2.586156940516196,2.8689415367393187,2.5110522408065656,1.973366056450919
6.22,1.791250911254618,2.0038066952177895,2.5915637812502452,2.872562531243208,2.5132874577984525,1.9772978137600927
6.24,1.7926404219694656,2.0058484669690926,2.592095411279367,2.8748341700999314,2.516479291350251,1.978845474768797
6.26,1.79724096839234,2.0093345113433454,2.597504356825426,2.8785536525502957,2.518812976498402,1.9827746476605312
6.28,1.7985258176945667,2.0112759249883894,2.5980388799182226,2.880724496477087,2.5219088445184057,1.9843299101424725
6.3,1.803233270482661,2.0148595885304714,2.603440097206182,2.884547001904042,2.524335944753975,1.9882466914338222
6.32,1.8044091079112676,2.0167061440499,2.6039873147533177,2.886612876234594,2.5273412596245484,1.9898193396172177
6.34,1.8092274475107166,2.020381586400734,2.609371049657655,2.8905421957285933,2.5298560224325692,1.993713980147823
6.36,1.8102906822195377,2.0221394464053057,2.609940648742038,2.89249968467256,2.5327768749939787,1.9953137044400568
6.38,1.8152231163610155,2.025900186211622,2.6152972954101186,2.89653883678723,2.5353728907761086,1.9991765834188575
6.4,1.8161709421822037,2.027576132318484,2.615898779884387,2.89838530925597,2.5382160055426772,2.000812910558892
6.42,1.8212198835045568,2.0314150931400565,2.621218949168146,2.902536517089171,2.540886254667686,2.004634604824757
6.44,1.8220502985085831,2.033016477925391,2.6218615718853466,2.904270146752977,2.543658940535979,2.006316829368394
6.46,1.8272173477568117,2.036926038407095,2.627136158371866,2.908534820877497,2.546395844718084,2.010088181081585
6.48,1.8279291681754637,2.0384607332539666,2.6278288550706,2.9101546003049386,2.5491059415427197,2.0118252986956766
6.5,1.8332151030885095,2.042432781227955,2.6330491022142573,2.9145333276748766,2.5519014191576637,2.0155374809914104
6.5200000000000005,1.8338079715042297,2.0439091204190483,2.633800427550314,2.9160390764509776,2.5545572405987476,2.0173381240172374
6.54,1.8392127414708466,2.0479351105724577,2.6389579904205434,2.9205316153633634,2.5574027655208655,2.0209827041699655
6.5600000000000005,1.8396871292131955,2.0493618320062454,2.639776056623786,2.92192398213,2.5600130385919244,2.02285507989741
6.58,1.8452098557365688,2.053432846722122,2.644863061797631,2.9265292632742796,2.5628997021122886,2.0264240795642054
6.6000000000000005,1.8455670594644975,2.0548190296577253,2.6457554804155374,2.9278097216835133,2.5654735038788936,2.0283759116371325
6.62,1.8512060424381327,2.0589258426112957,2.650764582563498,2.9325258552642235,2.5683920792451826,2.031861863771051
6.640000000000001,1.851448174924865,2.060280842871527,2.65173840973157,2.93369669388229,2.5709387711419764,2.033900337120797
6.66,1.8572009046841267,2.064413984941049,2.6566628444682907,2.9385209827533676,2.573879780244964,2.037296339169683
6.68,1.857330879859743,2.065747368024701,2.65772453012256,2.9395852889997176,2.576408940492604,2.039428048847777
6.7,1.8631940549351658,2.069897195056018,2.6625581627207815,2.9445142477027453,2.5793627222122817,2.0427278118807557
6.72,1.8632155672801227,2.0712186676291378,2.6637135041389364,2.945475885954199,2.5818840768259097,2.044958716134272
6.74,1.869185117740527,2.0753754295759985,2.6684508737354613,2.9505052655078057,2.584840856541941,2.0481566095668535
6.76,1.8692676193198163,2.0766947698273643,2.669704973761141,2.9513688495421824,2.58736420942907,2.050491987470232
6.78,1.8746115910316545,2.0808486807757514,2.674341332717173,2.9564936677864058,2.59031416919584,2.0535830790893073
6.8,1.8747965508840634,2.0821754886141233,2.6756985629866707,2.9572645277825695,2.5928493318442776,2.0560276769177346
6.82,1.8800408967394762,2.0863169691548777,2.6802299128859346,2.9624791050404236,2.5957826789386833,2.0590075982157843
6.84,1.880322346629818,2.087660978803253,2.6816938788537237,2.9631632494283773,2.5983394036971856,2.0615652043979398
6.86,1.8854733578398086,2.0917803591921094,2.68611699885701,2.9684612491007805,2.601246441077931,2.0644305430758805
6.88,1.8858446879281356,2.0931511631601607,2.6876905179223716,2.9690653215784644,2.603834347400811,2.0671041722374808
6.9,1.8909092752911776,2.0972389505508358,2.6920029860519064,2.974439795562373,2.6067055447909424,2.0698523013903936
6.92,1.891363280077339,2.09864593069836,2.693688067243195,2.974971027429828,2.6093340507465483,2.072644172540867
6.94,1.8963489258587078,2.1026928774252087,2.6978882778232394,2.9804144659531064,2.612160112434582,2.0752732697118232
6.96,1.8968778544608003,2.104145137413603,2.6992334775798814,2.9808806242531496,2.6148383677568274,2.0781847900689834
6.98,1.901792560101001,2.1081469442860596,2.7033110265820706,2.9863803357535303,2.61761029862444,2.080693850607073
7.0,1.9023882167838864,2.1096488773176674,2.7047785378782305,2.9867940733884306,2.6203471659214372,2.0837256051669377
7.0200000000000005,1.9072403587681468,2.113596615162467,2.7087340119008303,2.99234196988561,2.6230562474149464,2.0861144488889707
7.04,1.907894152621771,2.1151569220125723,2.7103228779094812,2.9927115936675683,2.6258602313211394,2.089266198520849
7.0600000000000005,1.9126925212329218,2.119042129321907,2.7141576360754764,2.998299172490397,2.628957076356818,2.091535469005321
7.08,1.9133954793151784,2.1206690155816155,2.715866127154569,2.9986288045820566,2.6318460587232413,2.0948015315086894
7.1000000000000005,1.918149260245732,2.124483754566758,2.71958225360914,3.0042516668140227,2.634854104105658,2.0969570448692014
7.12,1.9188920031914491,2.1261848770639444,2.721861569650933,3.0045506836128784,2.6378351358817502,2.100335911628951
7.140000000000001,1.9236107035391754,2.1299171524520095,2.7254715731075003,3.010204000186035,2.6407476163620043,2.102379594381929
7.16,1.924383566022741,2.1317039319740854,2.7278555102320796,3.0104775985642758,2.643827144581385,2.1058689243179067
7.18,1.9290769875768372,2.135347371631699,2.7313624705431665,3.0161513044496417,2.6466379695834914,2.107803527123185
7.2,1.9298700944942835,2.137225874389856,2.733847546452307,3.0164095992356375,2.649821794544411,2.111400163575873
7.22,1.9345481663957256,2.140774744979656,2.7372553364789174,3.022093532420521,2.652525495262629,2.113229241327077
7.24,1.9353515503368084,2.1427503762065925,2.7398372909503084,3.02234670294035,2.655818772032262,2.1169292368482506
7.26,1.9400242602471405,2.1461996265214527,2.743150545130837,3.028030671749575,2.6584105463920484,2.1186571202269726
7.28,1.9408279307442386,2.1482770896141807,2.7458243741480057,3.0282888941118777,2.661817742466954,2.1224557677822014
7.3,1.9455052552610437,2.1516223888192276,2.7490484518555602,3.0339627451005056,2.664293494775224,2.1240875294899366
7.32,1.9462992685309306,2.153805649715158,2.7518084468195947,3.034236124169848,2.6678183531616466,2.127979398881489
7.34,1.9509911033675675,2.157043420218871,2.7549493907672318,3.0398898100658767,2.6701747282280595,2.1295208147532128
7.36,1.95176563202552,2.1593356772647265,2.7577891825116145,3.0401883116438118,2.6738202361444428,2.133499794040259
7.38,1.956481722477313,2.162463121980453,2.7608536725024995,3.045811958824705,2.676054647688598,2.1349572992815764
7.4,1.9572271247004231,2.164866781512203,2.7637662797961444,3.04614534255079,2.67982301105879,2.139016640936901
7.42,1.9619769969203538,2.1678819053138842,2.7667615821505636,3.0517293175462643,2.681933664252695,2.1403972817637182
7.44,1.9626838845380847,2.170398563122615,2.7697394643408724,3.052107071020862,2.685826288123383,2.144529653270163
7.46,1.9674767781416593,2.1733001883425924,2.772673377363647,3.0576420455464848,2.687812196153976,2.1458410342649765
7.48,1.9681360831371417,2.175930617156317,2.7757084907813003,3.05807332016376,2.6918296711339758,2.150038572820353
7.5,1.9729808856488684,2.1787183930186393,2.7785892866616924,3.063550334204864,2.693690665706721,2.151288800352777
7.5200000000000005,1.9735839245638833,2.181462536083992,2.7816731443822085,3.0640438831676935,2.6978327604890966,2.1555431713196653
7.54,1.9784891082061444,2.1841369420131036,2.7845095079433535,3.0694544056513107,2.699569496230744,2.156740793410135
7.5600000000000005,1.9790276439563121,2.1869939128141502,2.7876332424771295,3.070018524620589,2.7038351562215115,2.161043252116685
7.58,1.9840012052658444,2.189556255605694,2.7904342072135675,3.075354511233671,2.705449108977456,2.1621971951512844
7.6000000000000005,1.9844675058904118,2.192524343710045,2.793588635676558,3.0755379174988473,2.709836461016887,2.1665386516214458
7.62,1.9895169086278557,2.1949767485975453,2.796359079115757,3.080782363310256,2.7113344766184757,2.1676581543523024
7.640000000000001,1.9899038025201463,2.1980534761165367,2.7995391003817383,3.081060764947893,2.715836542930037,2.1720291949969726
7.66,1.995035925212856,2.2003987838057766,2.8022889116638945,3.086207235349631,2.7172213445354543,2.1731238269656723
7.68,1.9953368497295207,2.203580915281792,2.805484562517892,3.0865867477039277,2.721834998322099,2.1775147919260105
7.7,2.0005579388790915,2.205822759640867,2.80822375250075,3.091629433861914,2.723110118363096,2.178594286502125
7.72,2.0007669868523585,2.2091062793427763,2.811424983039075,3.092115523232786,2.7278314361978526,2.182995387703651
7.74,2.0060826117339565,2.2112490598609775,2.8141636158071788,3.097049287615537,2.729001189447668,2.1840695718092027
7.76,2.006194574201472,2.2146292020083553,2.8173603582462885,3.097646728309416,2.733825480941752,2.1884709637306634
7.78,2.011609586601353,2.2166780508373725,2.8201084820577487,3.1024671450328034,2.7348949320474443,2.1895496866941038
7.8,2.0116199904385694,2.220149335130391,2.8232907198450437,3.103179981726612,2.739816774957636,2.193941537742163
7.82,2.017138489634341,2.2221100789498482,2.8260582980315214,3.1078833714710385,2.7407917006460623,2.195034599805543
7.84,2.0172333494636914,2.2256663511431536,2.829216134744033,3.1087148871153243,2.7458049811927565,2.1994071637679293
7.86,2.0230229946534664,2.2275454681315496,2.8320129770754234,3.1132983464063733,2.7466918273981245,2.2005242447771933
7.88,2.023229788955748,2.2311801239638,2.8351367045983653,3.1142510358583144,2.751789785527506,2.204867749008708
7.9,2.02890641227511,2.232984523778062,2.8379723978370905,3.1187124605378784,2.7525956215511314,2.2060185079979417
7.92,2.029227110453438,2.2366901801594916,2.841052566810812,3.1197880100411695,2.757770897377799,2.2103236106030772
7.94,2.034789149621058,2.238427517759158,2.843936408915799,3.1241261128992415,2.7585033633343516,2.2115172559031953
7.96,2.035224892557017,2.242196268266792,2.846963889949332,3.1253253855047594,2.7637480553532705,2.215774907863696
7.98,2.0406716188188754,2.2438746932600337,2.8499048276945476,3.1295397077731977,2.764415303984972,2.2170203217690414
8.0,2.041222710320045,2.2476981653765398,2.8528708745052134,3.130862734964077,2.769721027145623,2.2212218336298153
8.02,2.046554233987822,2.2493262630804267,2.855877441559528,3.134953651669534,2.7703316638986846,2.222527506897819
8.040000000000001,2.0472201383789197,2.2531956786826965,2.858773751479971,3.136399631102395,2.7756896112152734,2.226664612900148
8.06,2.0524374082114623,2.25478240815756,2.8618540093354086,3.140368350297933,2.775795810617259,2.2280385820468176
8.08,2.0532167540821997,2.258688646811268,2.8646727807579584,3.141940382742364,2.781187264330226,2.232108151737929
8.1,2.0583215963381476,2.2602432763224063,2.8678343082394937,3.1457844800648216,2.7812640668509614,2.2335535590469555
8.120000000000001,2.059212096152607,2.2641769400121925,2.870568205287039,3.1474797328669526,2.7866802778168878,2.23754798451264
8.14,2.0642071933498802,2.2657089830892594,2.8738180381992438,3.1512024144388326,2.7867365792664502,2.239072131599127
8.16,2.0652057605256298,2.269660461292029,2.8764603408153437,3.1530172811872967,2.7921685414479125,2.2429844299186628
8.18,2.070094584950064,2.2711796088869867,2.8798048767369653,3.1566225184581906,2.7922134593979004,2.244593970393764
8.2,2.071197354676252,2.2751391480005507,2.882349525615097,3.1585526391612158,2.797651980273437,2.24841783005669
8.22,2.075984144644272,2.2766551985736756,2.8857944810929603,3.1620451458138126,2.7976947830442613,2.250118725276492
8.24,2.0771865005449444,2.2806129721752226,2.8882361181486753,3.1640854328558006,2.8031305552015096,2.253848548021605
8.26,2.081876230929133,2.282135761202315,2.891786490501713,3.167470636033933,2.8031805899055144,2.2556460275883605
8.28,2.083172837342693,2.2860819406447415,2.894120494590719,3.1696153057020986,2.808604263320772,2.2592769653260514
8.3,2.0877711846094473,2.2876212700379104,2.897780528604248,3.172899311786956,2.8086708834640572,2.2611754926617293
8.32,2.0891560242147587,2.2915460948916997,2.900003046223758,3.1751419211242196,2.814073137960719,2.2647034791797074
8.34,2.0936693262623796,2.2931116628247037,2.903776205979216,3.178331476318975,2.8141656311153898,2.2667067224517146
8.36,2.0951357427441786,2.297005510676232,2.90588417672542,3.1806649650257928,2.8195372484868453,2.270128499645379
8.38,2.0995709538663694,2.2986068423004102,2.909773122774578,3.1837674110419094,2.8196647645502235,2.272239308281853
8.4,2.1011116992774266,2.302460297424011,2.911764299365779,3.18618414811707,2.824996699830089,2.275552446694216
8.42,2.10547634061089,2.3041066769527028,2.915770871421484,3.1892073732877066,2.8251681803881112,2.2777728336818464
8.44,2.107083627056295,2.3079105973837977,2.917643834133925,3.1921550369926224,2.8304516317521555,2.2809757471831618
8.46,2.111385732901596,2.30961100201157,2.921773498766991,3.195116629655884,2.8306713112592377,2.2833068772944083
8.48,2.113051288141731,2.313356539846686,2.9235233127340785,3.1981220681440203,2.8359021179366306,2.28639887739865
8.5,2.1172993494685985,2.315119664293935,2.9277758822378583,3.201030151613932,2.8361786653275365,2.288840974600305
8.52,2.119014473358021,2.318798336234248,2.9294031516714236,3.204085027922484,2.8413483726101783,2.291822264889796
8.540000000000001,2.12321737953955,2.3206324327642847,2.933777627350054,3.2069481330979723,2.841690020490264,2.294374709916923
8.56,2.1249730057485148,2.3242362262756897,2.935283765564063,3.2100437333988725,2.846790640240194,2.2972463351109798
8.58,2.129139980553889,2.326149047733588,2.9397783421045727,3.212870736144028,2.8472051262910028,2.299907670930612
8.6,2.1309267417863493,2.329670476376193,2.941165564188328,3.2159980336159,2.8522291938253677,2.302671508292709
8.620000000000001,2.135067277098369,2.331669222686512,2.945777639877721,3.218798089680929,2.8527237056448547,2.3054394517107206
8.64,2.136875572340258,2.3351013777959913,2.9470489495588352,3.2219478106265615,2.857664332969057,2.3080981963598735
8.66,2.1409993600814157,2.337192646293922,2.951775142267127,3.2247302885524487,2.858245456769679,2.3109696556675927
8.68,2.142819423390154,2.340529244653848,2.952934313061851,3.2278929803088108,2.8630963817493797,2.3135267999207865
8.700000000000001,2.1469362861506824,2.3427189845961762,2.957770481875605,3.2306673927778835,2.863770055309049,2.3164978984322366
8.72,2.1487582564891365,2.345954411769446,2.958822032660518,3.2338334929481105,2.8685256864017834,2.318957705349697
8.74,2.1528780773563443,2.3482478833418106,2.96376330501525,3.236609427058637,2.869297156630782,2.322023810636146
8.76,2.1546920689704643,2.351377232360114,2.9647124701902396,3.2397693335810773,2.8739526128314794,2.324391281984472
8.78,2.158824721060903,2.3537789704654615,2.9697532743142334,3.2425563805366058,2.8748263982836453,2.327547040570778
8.8,2.160620893899889,2.356798075608012,2.9706059687622166,3.245700522095295,2.879377543974729,2.3298278794600877
8.82,2.164776170094481,2.3593118586881756,2.9757400712092137,3.2485082068083524,2.880357402593144,2.3330672567073187
8.84,2.166544799775551,2.36221732411459,2.9765028502927455,3.2516271130821686,2.884800877029206,2.33526782519719
8.86,2.170732343152789,2.3648461482224716,2.981723398306662,3.2544648241970235,2.8858897793762726,2.338584150058687
8.88,2.17246388997921,2.3676353712595524,2.9824034131753496,3.257549195441504,2.8902230205748904,2.3407114220636056
8.9,2.176693125433474,2.370381429564162,2.987702981596975,3.2604261162820802,2.8914231287540115,2.344097436367141
8.92,2.178378301984419,2.373052618482273,2.9883079301121556,3.2634668917386356,2.895644391607895,2.3461589462251005
8.94,2.1826583695048574,2.3759172863523843,2.993678572505918,3.2663919326847717,2.896957044039507,2.3496068581024656
8.96,2.184288206328675,2.378469472503816,2.994216646120152,3.269380357316815,2.901065412510367,2.3516106451999277
8.98,2.1886278963997348,2.381453298278917,2.9996499497687026,3.2723620901052923,2.902491114679288,2.355112186257272
9.0,2.190193805358043,2.3838863425081533,3.000129776727087,3.2752897791696016,2.9064865079801714,2.3570667361301014
9.02,2.1946014969253813,2.386989044027605,3.005616921112992,3.2783363736053643,2.9080249292243834,2.360613221927808
9.040000000000001,2.1960953317540994,2.389303637301317,3.006047506370753,3.28119537458002,2.9119081019442454,2.36252740428034
9.06,2.200578933179725,2.392524104224442,3.0115793247381393,3.2843145381280574,2.913558078308107,2.3661097976703402
9.08,2.201993046854436,2.394721762467478,3.0119699870141736,3.287097389535371,2.9173306144797744,2.367992801773842
9.1,2.206559940262481,2.3980580643788505,3.017537030579075,3.290296310244495,2.91909015760726,2.371601778625013
9.120000000000001,2.207887238778933,2.40014111754096,3.017897336988005,3.29299609692822,2.922754458766973,2.3734630465721795
9.14,2.2125442281687797,2.4035905177965033,3.0234899413446668,3.2962813901152037,2.9246207707637013,2.37708906340098
9.16,2.213778220375252,2.4055620932131463,3.023829640069975,3.2988917945563903,2.928180038096979,2.378938221704591
9.18,2.218531483851986,2.4091210684442657,3.0294379933217255,3.302269453651938,2.9301495322438305,2.382571584718349
9.200000000000001,2.2196663269979005,2.410985068593246,3.0297669448097317,3.3047848029361653,2.933607742957807,2.384418374750261
9.22,2.224521373441391,2.4146493337478545,3.0353811569373716,3.308260154864059,2.935676070114068,2.388049309804384
9.24,2.2255519141361364,2.416410408541558,3.03570926410572,3.3106754629449013,2.9390379482203555,2.389903517575089
9.26,2.2305135445996775,2.4201749473031344,3.041319437074113,3.3142531283718935,2.9412000287113313,2.39352224054303
9.28,2.2314353549067873,2.4218384610936736,3.0416565750389917,3.316564133310564,2.944471010445586,2.3953936263228135
9.3,2.236507629004251,2.425697561482341,3.0472528731337802,3.32024799206795,2.9467210711885747,2.3989904133787836
9.32,2.23731703742872,2.4272695549936047,3.04760881896704,3.3224511879672045,2.9499072653327922,2.400888641658572
9.34,2.242503244935961,2.4312168499168934,3.053181538848189,3.326244349905644,2.9522388819165815,2.404453898977382
9.36,2.24319736209637,2.4327039973533,3.0535659018787236,3.328337013296575,2.9553470253274656,2.4063884692612225
9.38,2.2484999999580717,2.43673250983917,3.059105541836409,3.3322417947939518,2.957753168724643,2.4099128016475357
9.4,2.2490767387702966,2.438142071455482,3.0595276950094163,3.3342220052770712,2.960790577405916,2.41189298055919
9.42,2.2544974936679623,2.4422442642662476,3.065025022910386,3.338239911575538,2.9632636649641566,2.4153672585293737
9.44,2.2549555839030897,2.443584034715863,3.0654940357134386,3.3401065665620404,2.9662381810520664,2.417402013703105
9.46,2.2604953205034977,2.447751864009409,3.070940155132698,3.3442382800651895,2.9687701313808037,2.4208174385568126
9.48,2.2608343176194676,2.449030116820121,3.0714647285887873,3.3459911035101264,2.9716900664403565,2.422915374766999
9.5,2.2664930725857992,2.4532550894942777,3.0768511426322402,3.350236478124817,2.9742723577826258,2.426263541202295
9.52,2.266713360769551,2.45448051804981,3.077439546847022,3.351876023190575,2.977146432836618,2.4284328391684196
9.540000000000001,2.2724903425798213,2.4587537523773264,3.0827582191855094,3.356234084751102,2.9797701644929626,2.4317057950137304
9.56,2.2725931319746224,2.459935407810496,3.083418233919196,3.3577617303868337,2.9826074472272817,2.433954153296772
9.58,2.2784867265540183,2.4642476969459977,3.0886616465734,3.3622306831518394,2.9852634035792267,2.437144455954672
9.6,2.2784994084232895,2.4653949233740966,3.0894005052867315,3.363648624621464,2.988073243185258,2.4394790363377576
9.620000000000001,2.2839067247979274,2.4697368012906944,3.094561712724993,3.3682258637870937,2.9907519598499803,2.442579805559696
9.64,2.2840356535065514,2.470858989259207,3.0953860505240014,3.369537097225287,2.9935439199789053,2.445007365248201
9.66,2.2893284377438543,2.47522097057976,3.100458731446401,3.3742192273518405,2.9962357498333256,2.44801216315081
9.68,2.289569887516832,2.476327871744361,3.10137453383797,3.375427528509309,2.9990195436309834,2.450538617347442
9.700000000000001,2.2947522412707824,2.4807001538344675,3.1063530362429503,3.380210387606908,3.001714726234316,2.453441853625228
9.72,2.295101732437679,2.4818016047273987,3.1073656001288987,3.381320284975657,3.004500142881169,2.4560724437472126
9.74,2.3001784968763985,2.4861743358798174,3.1122449801131356,3.3861989742603775,3.007188876006984,2.4588692210592815
9.76,2.300630826537494,2.487280187415859,3.1133588756044506,3.387215716611863,3.0099857110119275,2.461608477302866
9.78,2.3056075490992707,2.491643537520138,3.1181349329874095,3.3921846356401257,3.012658220391811,2.4642946262577796
9.8,2.3061568269735098,2.4927635842611156,3.119353970505753,3.3931141543551924,3.0154762059560585,2.4671463352046112
9.82,2.3110397230517665,2.4971078154531017,3.1240232790381857,3.398167041222667,3.01812281471111,2.469718444193235
9.84,2.3116794122704607,2.498251725146446,3.1253504819542774,3.399015907704054,3.0209715506525523,2.4726856216730186
9.86,2.3164753220813066,2.5025672619210027,3.1299104138817504,3.404145883999959,3.023582747925443,2.4751410613516405
9.88,2.3171982846562647,2.5037445058293257,3.1313479968975413,3.404921262493769,3.026471633646557,2.4782259307412002
9.9,2.3219146255768703,2.508022004100101,3.1357967416939014,3.410120882667311,3.0290381419558083,2.4805628730021527
9.92,2.322713172237695,2.5092417886362366,3.136892424896335,3.4108304788523283,3.0319763099276327,2.4837668491056006
9.94,2.3273578869369733,2.5134768517018404,3.141219345129473,3.416087110447667,3.0344891507777376,2.4859842804081653
9.96,2.328223877425177,2.514743674246339,3.142436609361232,3.416743521018739,3.037485448018732,2.489307959026888
9.98,2.3328052897962683,2.518927250304394,3.146642097652122,3.422049127986428,3.0399359177417504,2.491405687088943
10.0,2.333730182137291,2.520249939562498,3.1479801779906165,3.422660611060831,3.0429988353716606,2.494848843055943
10.02,2.3382570367701363,2.5243734336536696,3.1520654036512608,3.4280067360632662,3.0458364996947633,2.496827496234044
10.040000000000001,2.3392318999191857,2.5257603334614016,3.1535227576411766,3.428577370554585,3.048983897825998,2.500384475050074
10.06,2.3437133441678464,2.529815664570213,3.1574896201621865,3.433959654587655,3.051733293423952,2.5022498408733673
10.08,2.344728833024735,2.5312745792464186,3.1595186017727066,3.4344987820989252,3.0549722168638898,2.5059191525840903
10.1,2.3491743431967147,2.5352495892152267,3.163379459624013,3.4399124266235157,3.057626583081672,2.50767313774028
10.120000000000001,2.3502208191066383,2.536792105418135,3.1655130243341527,3.440425217240571,3.060963475688702,2.5114524627751202
10.14,2.3546401740251475,2.540680263864624,3.169270781722275,3.4458601811510268,3.063516723358626,2.513097795353197
10.16,2.355707780826742,2.5423126092954265,3.1715056186959405,3.4463567294465087,3.066957385400975,2.516984001164454
10.18,2.3601108943158673,2.546108018088993,3.175163981671556,3.4518028671599823,3.0694040440224795,2.518524211011573
10.200000000000001,2.361189675846679,2.5478357654270583,3.1774959928606132,3.4522933397507733,3.072953633716419,2.52251337657568
10.22,2.3655865279994917,2.5515332032228635,3.181059438751961,3.4577404684403223,3.0752888962757203,2.5239527671604667
10.24,2.3666664972735743,2.553361228059889,3.183483772202582,3.45823503633355,3.0789518875619875,2.5280402138564932
10.26,2.3710670649109336,2.556956189756755,3.1869575137562527,3.4636730037867607,3.0811716500926876,2.5293838288399066
10.28,2.3721382738456676,2.55888863375245,3.1894686020801015,3.4641817743602386,3.0849517957812056,2.5335641565208262
10.3,2.3765524606825883,2.562377364587043,3.192858546564823,3.4696005269420316,3.0870526914472785,2.534817741234063
10.32,2.377605069854722,2.5644176041146562,3.195450150299868,3.4701334760783946,3.090952991933,2.5390848692720698
10.34,2.3820426368962706,2.5677971281447043,3.1987628538672728,3.4755231262814226,3.0929324194483128,2.540254827339034
10.36,2.383066984804097,2.569947748653148,3.2014281094160513,3.4760900311686753,3.0969550971676605,2.544602040388769
10.38,2.3875374814939567,2.5732158914248897,3.204670727047926,3.4814409242431146,3.0988112434001582,2.5456953857673033
10.4,2.388524152803289,2.5754786677008834,3.2074021988470256,3.4820512973444453,3.1029577231630654,2.5501153839548745
10.42,2.3930368494453056,2.578634072940283,3.2105824302510357,3.4873540765105586,3.104689579806718,2.5511396887061117
10.44,2.3939767417019295,2.581009955408767,3.2133721667948523,3.488017101192969,3.108960475103763,2.5556246419176047
10.46,2.398540563668058,2.5840520956218187,3.2164981986398513,3.493262770954616,3.1105678493372544,2.5565879800461238
10.48,2.399424951968323,2.5865412027764796,3.2193377919540906,3.4939872392498033,3.11496295468517,2.5611295859568046
10.5,2.404048416195319,2.5894703836907262,3.2224182368618766,3.4991672263446914,3.1164464737728528,2.562040473695632
10.52,2.4048690153196985,2.592072000699479,3.2252988849985536,3.499961479296502,3.120964763124815,2.5666300191510087
10.540000000000001,2.409560169581692,2.594889359526109,3.2283427177310804,3.505067690839464,3.12232587295257,2.5674973520945352
10.56,2.410309193113442,2.597601943008866,3.2312552898362386,3.505480521621227,3.1269655041623543,2.5721257774264616
10.58,2.4150755585382453,2.600309440552231,3.234267335032818,3.510495892073536,3.1282110092956126,2.5729587649407963
10.6,2.4157457745106594,2.6031306741082534,3.2372067759240046,3.5110030489641835,3.1329650464730445,2.577616685348784
10.620000000000001,2.4205942926845117,2.605730992623045,3.24019689195356,3.515921082454727,3.1340976368130624,2.5784248692093934
10.64,2.4211790726470293,2.60865779573984,3.2431532625589345,3.516528744722676,3.1389629872031843,2.5831026516906097
10.66,2.426116058343325,2.6111544177401695,3.24613144281185,3.521343565961493,3.1399861601374575,2.5838957397166897
10.68,2.426609424376574,2.61418292210486,3.249094704150705,3.522057268769777,3.1449589359611116,2.588583620651709
10.700000000000001,2.4316405198311815,2.6165801036807776,3.252071008360784,3.526763669088492,3.1458769698092266,2.589371416784333
10.72,2.4320371878188145,2.6197056825804963,3.255031090582655,3.527588260017398,3.1509525175425117,2.594059572364979
10.74,2.4371673219083245,2.622008421226723,3.258015575502703,3.5321817382572225,3.1517704394869552,2.5948519058493895
10.76,2.4374627397445607,2.625225724326859,3.2609624473104546,3.533121339110524,3.156943374561473,2.5995305231396952
10.78,2.4426960923762797,2.627439721521685,3.263965097260911,3.5375981371102982,3.157666923268333,2.6003371773316153
10.8,2.442886472820196,2.630742714764088,3.2668888351998544,3.538656111234961,3.1629311699680933,2.6049965254383185
10.82,2.448226444803111,2.6328743335760665,3.269919493006015,3.5430132437064628,3.1635667531411067,2.6058271667605157
10.84,2.448308792731539,2.6362563439008473,3.2728103501067576,3.544192169020483,3.168915589434015,2.610457667585061
10.86,2.4537579813556762,2.638312561937974,3.2758786489328826,3.548427447633931,3.1694702365826712,2.611321775162973
10.88,2.4537858475018854,2.6417663264969407,3.2787271222046077,3.5497290955206817,3.17489634358803,2.615914073206535
10.9,2.459640613562968,2.643754684547134,3.28184241878247,3.553841147060168,3.1753776543261614,2.6168208697100708
10.92,2.4597838091334525,2.6472725825897654,3.284639315065683,3.5552664672503114,3.180873170084659,2.6213657182628083
10.94,2.4655229355323756,2.6492009569665362,3.2878106230231507,3.55925474573666,3.1812892601283695,2.622324272037482
10.96,2.465781846990437,2.652774688521406,3.2905471262123096,3.560803857223533,3.1868458338606493,2.62681298523972
10.98,2.4714053615063794,2.654651597820593,3.2937830539340918,3.5646686500462756,3.187205275057574,2.62783178588458
11.0,2.471779535634854,2.658272445674839,3.296450782101299,3.5663408380562585,3.192814132398773,2.6322560970501807
11.02,2.477288304995945,2.660106793981931,3.299759474856683,3.5700832658897306,3.192958548627348,2.633343184450533
11.040000000000001,2.477776452002847,2.6637656867679924,3.3023505384647915,3.5718817192366954,3.198730964759796,2.637699950780384
11.06,2.4831722217477226,2.6655666992836333,3.305739667199472,3.575499084777112,3.1990097653790013,2.6388582997473278
11.08,2.4837721320493857,2.6692542760872744,3.308246632601098,3.5774165041661523,3.2046905024115424,2.6431354370134077
11.1,2.489057463462569,2.6710314353055153,3.3117232908402214,3.5809165918227923,3.204897898618472,2.6443769359150164
11.120000000000001,2.4897662173116775,2.6747381115046815,3.31413942307608,3.5829543619910673,3.2106169448512487,2.6485722613167435
11.14,2.4949444680729425,2.6765010867185643,3.317710076856921,3.5863360623747083,3.210852100066668,2.649898677520084
11.16,2.495758263594749,2.6802171250827844,3.3200291956278205,3.5884853317198315,3.216567259699991,2.6540013708011694
11.18,2.500833565854083,2.681975704575229,3.32369964096356,3.5917579615590105,3.2167997840246487,2.655423283143303
11.200000000000001,2.5017479380015604,2.6856912835183624,3.3259163527065527,3.5940185941543072,3.2225035951337944,2.659432510565594
11.22,2.5067251674124806,2.6874553022005956,3.3296916744354523,3.597182538328993,3.2227315176395215,2.660950295978131
11.24,2.50773482783996,2.6911605882610066,3.3318012191842383,3.599548947070122,3.228444824336872,2.6648613061499655
11.26,2.5126196161451335,2.6929398589871583,3.335685803248182,3.6026103139927983,3.2286587706924568,2.6664795258805327
11.28,2.513718590797045,2.696625074560383,3.3376841856969452,3.605076053455802,3.234390914653664,2.670288155398454
11.3,2.518517233609176,2.698429318623028,3.34168163799043,3.608041590116919,3.2345815724341147,2.6720105722942202
11.32,2.5196989066585442,2.7020848122066736,3.3435656556876316,3.61059959843282,3.240341797693391,2.6757134689582998
11.34,2.524418319139644,2.7039235895355165,3.3476787784848936,3.6134766469544544,3.2404999878088683,2.6775430242522393
11.36,2.525675479664617,2.7075399049431184,3.3494460426077817,3.6161192916042846,3.2462973697578983,2.6811376673615124
11.38,2.530323147624016,2.709422545618934,3.353676816492618,3.6189157411622395,3.246414116848769,2.6830764631741264
11.4,2.531648040672514,2.712990489646861,3.3553257670449255,3.6220908148832827,3.2522574925344845,2.686561178027449
11.42,2.536231967472294,2.714926027200146,3.3596798028626993,3.6248242606157857,3.252328564316482,2.6886104657346728
11.44,2.5376163491117185,2.7184366905183777,3.3612053618626296,3.628058469850029,3.2582221012423993,2.6919844778430453
11.46,2.542144999692884,2.7204338859089567,3.365682608142805,3.6307370383388227,3.2582387876042453,2.6941445656063863
11.48,2.5435801929551745,2.7238787143051804,3.367085244992954,3.634022042526433,3.264190983265835,2.697407994997875
11.5,2.548062436029282,2.725945895108809,3.371684836141283,3.6366542703482385,3.264236961800734,2.69967834531702
11.52,2.549539392212304,2.7293167964326757,3.372965832878574,3.6399813493107964,3.2696328097810476,2.702832155653289
11.540000000000001,2.5539844366376414,2.7314617991324934,3.377686092807147,3.6425763060828307,3.269753250459855,2.705211572620543
11.56,2.5554938020192854,2.7347511993891707,3.3788475393445836,3.6459362547574403,3.275070942172761,2.7082573911743237
11.58,2.559911127371309,2.736981315054364,3.3836859875199092,3.6485030850692977,3.2752729765496524,2.710743645198066
11.6,2.561443309691957,2.740182210987199,3.3847307687451136,3.651886637998114,3.280505677012235,2.71368411357227
11.620000000000001,2.565842602495181,2.7425041346970374,3.3896841394983137,3.654434705508663,3.2807958415978846,2.716274166130765
11.64,2.5673878375950996,2.7456101422948005,3.3906159151887816,3.657832411903546,3.2859373354157233,2.719112723738805
11.66,2.5717789220715828,2.7480299268403234,3.395680178610882,3.6603712308356253,3.2863215244739776,2.7218027505412463
11.68,2.5733273436327875,2.7510353254902893,3.396503359722492,3.663773523690297,3.2913662607479197,2.7245436085313877
11.700000000000001,2.577720111595934,2.753558339548217,3.401673748100866,3.6663126892007387,3.291849683668712,2.7273290283703466
11.72,2.5792618214835055,2.756458111568802,3.402393467603409,3.6697099552891443,3.2967928161549,2.7299771379719013
11.74,2.5836661618792958,2.7590890026379085,3.4076645072158844,3.67225907320399,3.2973799597323517,2.7328526470355685
11.76,2.58519130058025,2.7618788679166344,3.408286585677186,3.6756417234699366,3.3022173819451965,2.7354136625790955
11.78,2.589617029176752,2.7646215302738426,3.4136521337249484,3.678210339883887,3.3029119778524447,2.7383732739517463
11.8,2.5911158458375243,2.7672979757702043,3.4141830398802635,3.6815688797195065,3.3076403528390323,2.740853510854215
11.82,2.5955726355591286,2.770155523669376,3.4196363263060947,3.684166410964201,3.3084453505513447,2.7438905988959226
11.84,2.597035557129029,2.772715827576984,3.4200831328833985,3.687491509871343,3.313062135106937,2.7462969869376255
11.86,2.6015328695238362,2.77569057387783,3.425616806788277,3.6901271733586567,3.3139796804825252,2.749404336199677
11.88,2.6029505685214303,2.778132824276262,3.4259871418930197,3.6934097334875617,3.3184831436199964,2.7517443684528335
11.9,2.6074975868390124,2.781226264654474,3.431593322231939,3.696092479931645,3.319514563303818,2.7549142267538853
11.92,2.6088610472710214,2.783549372517994,3.4318953166262376,3.6993237029956947,3.3239037988346083,2.757195904552569
11.94,2.61346661161366,2.7867621753704057,3.437565646833432,3.702062150511083,3.3250495906050372,2.7604200398123715
11.96,2.6147671925917604,2.7889658818383256,3.4378078774744134,3.7052336025849173,3.3293245237353073,2.762651814179829
11.98,2.619439737585202,2.792297883959095,3.4435335836393235,3.7080359731474397,3.330584352867155,2.7659215745826597
12.0,2.6206692342044215,2.794382761810642,3.443725013869187,3.711139646868302,3.3347457407594954,2.7681122845550044
12.02,2.6254167296144186,2.7978329698761253,3.449496966057733,3.7140137056108053,3.3361184424298176,2.7714186615938883
12.040000000000001,2.6265674306778646,2.799800419191159,3.449646882863752,3.7170420793196577,3.340167868727963,2.773577469898407
12.06,2.6313973253766467,2.8033670170525604,3.4554556591550103,3.71999507711597,3.3416514564441497,2.7769111638336628
12.08,2.632462067574685,2.8052192550781285,3.455573607940834,3.7229411704955413,3.3455913198049996,2.7790474903954894
12.1,2.637381237236957,2.8088996168222007,3.461409560727243,3.7259797902633656,3.347182999787862,2.782398977647418
12.120000000000001,2.638353455414514,2.8106396621037257,3.4615052780574076,3.728837216054847,3.3510164965115057,2.7845224314102808
12.14,2.643368154295995,2.814430370803241,3.4673586021376614,3.7319675231819556,3.352712687920258,2.787882033395837
12.16,2.644241927469275,2.8160620216776513,3.467441946934767,3.7347305345902,3.3564437888139724,2.790002342950707
12.18,2.6493577445923155,2.819958893714827,3.473302748912381,3.7379579318582463,3.358240149655325,2.793360295867485
12.200000000000001,2.650127837405604,2.8214867013011924,3.473383632600729,3.7406214652870706,3.3618735713113472,2.7954872393874393
12.22,2.6553496574461204,2.8254848161093027,3.4792420010886578,3.7439506526340556,3.363765029831871,2.7988337644456958
12.24,2.656011556790388,2.8269140519702787,3.479330317189219,3.746510365428072,3.367306200540922,2.80097709942639
12.26,2.6613435259285754,2.8310077870013353,3.485176393311577,3.749945304854049,3.369286991860815,2.804302473030536
12.280000000000001,2.6618934724761596,2.8323444056856175,3.4852819470004275,3.7523976077612478,3.372742012423094,2.8064718663329455
12.3,2.6673389694403085,2.8365274763754535,3.4911059946767646,3.755941493642777,3.3748057201307557,2.8097664897181014
12.32,2.667773983883717,2.8377780730875406,3.4912384328228883,3.7582835777525205,3.378181319863691,2.8119714484045093
12.34,2.6733355963819805,2.842043577554262,3.4970309083188447,3.76193881278981,3.380320922254441,2.8152259162413165
12.36,2.6736535001998005,2.8432153412325967,3.497199650516899,3.764168670743287,3.383624410530971,2.8174757196863096
12.38,2.6793330068994043,2.8475558094101676,3.5029512707471797,3.7679368477205557,3.3858323311401124,2.8206808871777334
12.4,2.6795324375082528,2.8486564715281144,3.503165441856489,3.77005328903529,3.3890715448229423,2.822984520923798
12.42,2.6853307956852963,2.853063918404241,3.508867250932325,3.7739351785296704,3.3913397068732314,2.826131568931247
12.44,2.68541121587333,2.8541016978401768,3.50913561562515,3.775937838925159,3.3945229540387984,2.828497660743602
12.46,2.691328554819266,2.858567680436924,3.5147790491489252,3.779933383053326,3.3968428383958487,2.831578158496233
12.48,2.6913668532442965,2.8595512247895205,3.515109948958554,3.781822727711727,3.3999788387667813,2.8340149170536777
12.5,2.696746335268241,2.8640669024962575,3.5206868955825286,3.785931039956568,3.4023415449725705,2.837020882013678
12.52,2.6969058364836016,2.865005046839211,3.521088188925212,3.787708360699307,3.4054393674987247,2.8395362212249307
12.540000000000001,2.7021650013416614,2.869561416404432,3.5265910504923825,3.7919277318116107,3.407835675649338,2.842460007382448
12.56,2.702443653808734,2.870463501827065,3.5270700526363394,3.793595138256123,3.410904677184129,2.8450611014614187
12.58,2.707584950464454,2.87505109614676,3.532491798442094,3.7979230480730406,3.4133251142121557,2.8478958123812292
12.6,2.7079799014445003,2.875926696776911,3.53305523290518,3.799483452865511,3.4163748686708764,2.8505892547431118
12.620000000000001,2.7130065713868747,2.880535850353308,3.5383894484625955,3.8039165881502006,3.418809777755595,2.85332859857992
12.64,2.713514186110512,2.88139470491447,3.5390433985024647,3.8053736862158187,3.421850008014375,2.8561203548600083
12.66,2.718430241431929,2.8860156230200458,3.5442843318239574,3.809907964315883,3.424289617224411,2.8587586891756644
12.68,2.719046127828715,2.886867565070533,3.5450341965627277,3.811266206417593,3.4273301260635036,2.8616540547266727
12.700000000000001,2.72385632381521,2.8914903939767314,3.5501767996378235,3.8158968045140846,3.429764617712744,2.864186426686143
12.72,2.7245753626446154,2.892345281331764,3.551027255154963,3.8171613653275687,3.4328152182974154,2.8671899888355807
12.74,2.729285165055722,2.8969601790961153,3.556067220308625,3.8218827550458356,3.435234798520519,2.869612170515354
12.76,2.730101545243412,2.897827822943418,3.557022185997947,3.823059495999293,3.4383052449125064,2.872727775833
12.780000000000001,2.734717092495755,2.902425030241145,3.561955976853156,3.8278654831132117,3.4407002129684243,2.875036294407973
12.8,2.7356243514425915,2.903315124466498,3.5630185872993536,3.828960910279165,3.4438001311572273,2.8782670212005
12.82,2.7401524119474567,2.907885034948718,3.567843464109219,3.8338446792031036,3.4461609479744446,2.8804591838088807
12.84,2.7411434805432635,2.9088070861897943,3.5690160466965613,3.83486589656513,3.4492997679106145,2.8838073200245575
12.86,2.745591405483085,2.9133403158505224,3.573730085855079,3.8398200592936265,3.4516171233964483,2.885881233145047
12.88,2.746658657523159,2.9143035747954342,3.575014144276353,3.8407747177439235,3.4548040124990083,2.88934825983635
12.9,2.7510343293851887,2.9187910298337103,3.5796162518621464,3.8457913668677906,3.4570688911469007,2.8913028430473515
12.92,2.7521696350550067,2.919804424274444,3.580558567340465,3.846687609321128,3.460312689743863,2.894889423503225
12.94,2.756481412272028,2.9242420179725337,3.585038813547366,3.851753701651842,3.462516434087118,2.8967244175302693
12.96,2.7576762419018634,2.925309708252366,3.58610239742619,3.8526045092626737,3.465825639332907,2.900430392153243
12.98,2.761932811366906,2.929688750738946,3.5904618897182035,3.85771165210116,3.4684174687703453,2.902146360239517
13.0,2.763178287629377,2.930819177468905,3.591645262906152,3.8585210539374004,3.4718099695781204,2.9059661547672344
13.02,2.76738874703901,2.935131488147612,3.5958858374475295,3.863664934526852,3.474314688151204,2.9075688046226293
13.040000000000001,2.768675570443302,2.9363325569260716,3.5976414058072024,3.8644422197426342,3.477797593034034,2.911500993217328
13.06,2.772849354624621,2.9405658700472164,3.6017753552094014,3.869618089499146,3.480208374552819,2.9129921673225496
13.08,2.774167923771563,2.9418492762935755,3.6036361650668494,3.8703683831211606,3.4837881940365456,2.9170344945138917
13.1,2.7783147785375037,2.945996954359091,3.6076663288816953,3.8755662405867604,3.486098881015087,2.9184168570482845
13.120000000000001,2.7796552661183758,2.9473690342453023,3.6096291331778256,3.876299602121728,3.4897814848442814,2.922566253818562
13.14,2.7837850805945883,2.9514250686214396,3.613559153835888,3.881509332863426,3.4919865356929574,2.923843271567504
13.16,2.7851375509678764,2.9528915064471044,3.615619916877842,3.882235902296696,3.4957771542365412,2.9280958793038967
13.18,2.789260288873272,2.9568505624461325,3.619454209938438,3.8874473462226438,3.497871688321563,2.929271794066627
13.200000000000001,2.790614767255377,2.9584163480064474,3.6216081399103937,3.8881772762659144,3.5017748700888593,2.933622994900148
13.22,2.7947403973250005,2.962273804924462,3.625351858972286,3.893380295602427,3.5037547075708253,2.9347027905932404
13.24,2.7960869395788603,2.963943196070219,3.6275934456597856,3.894123683540043,3.5077742820594655,2.9391472429442604
13.26,2.800225365645222,2.967695181888237,3.6312524421846684,3.8993082309487805,3.5096359782891855,2.9401366075966298
13.280000000000001,2.801554128147475,2.969471672551332,3.6335754996406076,3.9000750506012984,3.5137750243709194,2.9446682867119134
13.3,2.805715119401864,2.973115093047035,3.637156277980182,3.905231236920475,3.5155158986533626,2.945573569585211
13.32,2.807016428465611,2.97500138696379,3.6395539918232496,3.90603127123799,3.5197767186706326,2.950185812813917
13.34,2.811209550422493,2.9785339490236824,3.6430636597765593,3.911149432339518,3.521394877241723,2.9510139769189263
13.36,2.8124739707531283,2.980531939344848,3.6455286387784898,3.9119922071277102,3.5257789769534424,2.955699533439007
13.38,2.816708517438474,2.9839521683107706,3.6489748540391265,3.917062969393383,3.527273330049236,2.956458103753858
13.4,2.8179269191046346,2.9860629232420095,3.651499185625977,3.9179576886622365,3.5317814045288864,2.961209188426006
13.42,2.8222118469824116,2.9893701741717797,3.654890098508327,3.9229720325965025,3.5331516774624894,2.9619061961555615
13.44,2.8233754703926026,2.991593928742077,3.6574654077730773,3.923927516005843,3.5377836030154786,2.9667145471492895
13.46,2.8277193345330915,2.994788391510821,3.660809600632841,3.9288768375201784,3.5390303412134734,2.967358470396414
13.48,2.828819852921261,2.9971245455191413,3.663427112432264,3.9299014603774642,3.5437851733439554,2.9722154102024594
13.5,2.8332307459000203,3.0002072437352783,3.666733536219153,3.9347776293014114,3.544909741331186,2.9728151114511783
13.52,2.834260324840352,3.00265436587816,3.6693841399072444,3.9354201861073745,3.5497857187512283,2.9777116108665442
13.540000000000001,2.838745818837962,3.0056271496354965,3.6726576019974293,3.940206091569067,3.5507948450162887,2.9782762717038485
13.56,2.8396971723299758,3.0081830324180574,3.675336256054569,3.9409424239509914,3.555785107459397,2.9832029709495647
13.58,2.844264265780675,3.011048476738678,3.678586604738337,3.945631520209061,3.5566814023466526,2.9837421109179494
13.6,2.845130705789104,3.0137101447602292,3.6812833763588158,3.9464678598428713,3.5617829356426705,2.9886893963146703
13.620000000000001,2.849785775617428,3.0164716290570124,3.6845206021332495,3.9510542164782456,3.56256981889214,2.989212706836222
13.64,2.850561259599864,3.019235314708093,3.687225451367189,3.9519961559458925,3.5677788117166442,2.9941708281578725
13.66,2.855310014966072,3.021896996678114,3.69045961837138,3.9564745044196448,3.568460486371783,2.994688102791845
13.68,2.8559891896907454,3.024758168977363,3.6931624670818115,3.957526953201899,3.5737723590649955,2.9996472435376846
13.700000000000001,2.860836630608795,3.0273249529773545,3.69640364382241,3.961892728282849,3.574353779860099,3.0001683072948806
13.72,2.861414870936461,3.030278351818528,3.6990944450891865,3.9630598740148586,3.5797632186740125,3.005118655642827
13.74,2.8663652520772107,3.03275585195623,3.702352634976844,3.967309249826779,3.5802500551020353,3.005653293875281
13.76,2.866838694414185,3.0357955275114348,3.7050214424281074,3.9685945250490975,3.5857510516557163,3.0105851137940727
13.780000000000001,2.8718954943672603,3.038190025726669,3.70830651464182,3.972724445521799,3.5861496459559055,3.0111430011852196
13.8,2.8722610645371107,3.041309382713049,3.7109435511989837,3.9741305001245073,3.5917355416409613,3.0160467031781497
13.82,2.87742696076318,3.0436277821597746,3.7142651723884605,3.978138703668742,3.592052861982992,3.0166373333617043
13.84,2.8776823960874713,3.0468196286409097,3.716860897919508,3.979667383190097,3.5977163970245187,3.0215035443139504
13.86,2.8829592457489595,3.0490694027160687,3.7202284652453126,3.983552421452791,3.5979599862017455,3.022136160648433
13.88,2.8831031111719496,3.0523260030763972,3.72277364263308,3.985204751356788,3.6036933530450974,3.026955792253224
13.9,2.8884919379847087,3.054515140472623,3.726196218630672,3.9889660019508,3.6038712730235813,3.027639320273614
13.92,2.8885236361231548,3.0578282721733103,3.7286819777779745,3.9907421779700045,3.6096661736840496,3.03240363552012
13.94,2.8940246233250266,3.059965218360659,3.732168227515299,3.994379851110717,3.609786946386222,3.0331466175785695
13.96,2.89410484827875,3.063326232059221,3.734586126826824,3.9962792357022834,3.6156346533677306,3.0378472947962663
13.98,2.899907306026635,3.065419827625617,3.738144257805579,3.999794374722257,3.61601810677555,3.038657827389786
14.0,2.9001021327829926,3.068819888479287,3.740486342707207,4.001820229639822,3.6215511045886433,3.0432914764924144
14.02,2.905790924327391,3.070879132698599,3.7441240915089864,4.005210064636579,3.6215901042878946,3.0441727708314077
14.040000000000001,2.906098215048752,3.0743089071211873,3.746382861857513,4.007355171068563,3.6275108605459203,3.0487272735707327
14.06,2.911675830771013,3.0763432591691924,3.7501073911160367,4.010627406199155,3.6279584957677122,3.049691254486134
14.08,2.912092735864422,3.079793181961119,3.752276040207583,4.012893219990534,3.6334368991948507,3.0541643756133445
14.1,2.9175624647432974,3.0818122957698,3.756093890006835,4.016046676012259,3.6334427890503167,3.055212866002426
14.120000000000001,2.9180852496519454,3.085272641121875,3.7581661611988157,4.018424422078673,3.638901199482634,3.059593740320565
14.14,2.9234511579099958,3.0872862976341424,3.7620832060119347,4.021468154812794,3.6393791903085937,3.0607371842259514
14.16,2.924075420296748,3.090747247345643,3.7640536233500024,4.023957937743927,3.644837190343267,3.0650250871025753
14.18,2.9293423244573806,3.092765282198376,3.7680750337915137,4.026892477441202,3.6453111237736957,3.0662641319707937
14.200000000000001,2.9300628353023463,3.0962169980735244,3.769938751899835,4.029488579113298,3.650778072215098,3.0704540579289454
14.22,2.935236307834015,3.0982492329180173,3.7740689989028735,4.0323199661931435,3.6512385795970985,3.071793323913737
14.24,2.9360471502984566,3.1016819246739686,3.7758219359911807,4.035016007067463,3.6567238156975823,3.07588104890402
14.26,2.9411334318957323,3.1037380974405484,3.780064713221993,4.037750924733405,3.6571615839613885,3.0773243613354264
14.280000000000001,2.942028042771291,3.1071420931225955,3.7817035778881607,4.040539904387728,3.662674355646208,3.0813064692147947
14.3,2.947033998483703,3.109231788061933,3.7860617775537038,4.0431856356332,3.6630801987493293,3.08285683481409
14.32,2.9480052144384863,3.1125976034415883,3.7875840901847497,4.04605997811993,3.6686295915772096,3.0867307382221116
14.34,2.9529382851817236,3.114730182427986,3.792059784330077,4.048624358072165,3.6689945209609913,3.0883903270156274
14.36,2.9539783934322865,3.1180485889062375,3.79346389293708,4.052031876702745,3.6745893883371323,3.0921542824704793
14.38,2.958846543267515,3.120233124474542,3.798062784806583,4.054532451318017,3.674909158524653,3.093924415557282
14.4,2.959947336276464,3.1234951702515805,3.799343518717497,4.057999928883769,3.680553684348099,3.097577578251185
14.42,2.9647589967712724,3.125740469282662,3.804065649373143,4.060444782342692,3.680819559193155,3.0994586347698716
14.44,2.965911827875506,3.1289375509383186,3.8052233856043753,4.063963917815131,3.686522269932543,3.1030010534909054
14.46,2.9706758405901748,3.131251993469117,3.810067981559321,4.066361550203477,3.6867259382501434,3.10499256750719
14.48,2.971871685037774,3.134375963293624,3.811103910511647,4.069923656883934,3.6924949051167033,3.108425134392193
14.5,2.9765972381410566,3.136767444409198,3.816069386722547,4.072282922401496,3.692628539667609,3.1105257997294613
14.52,2.977826757742202,3.1398106669165,3.8169855062187152,4.075878991018317,3.698471321287201,3.1138502423202343
14.540000000000001,2.9825233202395673,3.1422865420263264,3.822069474951257,4.078209033628411,3.698527634413276,3.116057923493963
14.56,2.983776930160594,3.1452419468901485,3.822868578430412,4.0818297977812765,3.704451223066073,3.119276790732563
14.58,2.9884541842180226,3.147808980771073,3.8280678639284527,4.084139984740172,3.7044789275811953,3.121588539894605
14.6,2.989722121429797,3.1506701118147338,3.8287535228858265,4.087775988242017,3.709882885384285,3.1247051821750818
14.620000000000001,2.9943898932865904,3.153334431775325,3.8340641817378414,4.090076026639503,3.7100046854033244,3.1271174430464996
14.64,2.9956622880133867,3.1560954916750577,3.8346407243656335,4.093717523936454,3.7153117919870855,3.13013581553376
14.66,3.000330474526517,3.158862545129457,3.840058067990523,4.096016999085009,3.715532945183123,3.1326440667953666
14.68,3.001597420032458,3.161518435626015,3.8405305500533404,4.099654383015897,3.720738304037882,3.13556906214674
14.700000000000001,3.006275922310106,3.1643929523496905,3.84604918000132,4.101962898352279,3.721063348876295,3.138168057489135
14.72,3.007527543386885,3.1669393094924674,3.8464233489985027,4.105586578492545,3.7261628000949987,3.141005274126605
14.74,3.012226196409435,3.1699252690012507,3.8520371933383344,4.107913685136158,3.7265955228826404,3.143689081184693
14.76,3.013452719506739,3.172358493238607,3.852319449602917,4.111514158140474,3.7315856733742905,3.1464447818300894
14.780000000000001,3.018181222346,3.1754590973911405,3.8580218042273433,4.113869284772149,3.732129080729082,3.1492068260306643
14.8,3.019373044853919,3.1777763783372133,3.858219157246395,4.117437204148462,3.737007328899254,3.1518878914971418
14.82,3.024140891979731,3.1809940293523757,3.8640027318120724,4.119829587715767,3.737663625853399,3.1547210044791796
14.84,3.0252886501792715,3.1831933650567317,3.8641227520687216,4.123355832525108,3.742428180560748,3.157334883075861
14.86,3.030105064331876,3.1865296491012027,3.869979720254593,4.125794450278268,3.743198754466942,3.160231355311273
14.88,3.0311996995419794,3.188609859684359,3.8700304869237137,4.129270192258535,3.747848648109155,3.16278600824805
14.9,3.036073566634491,3.1920655361482946,3.8759525406609603,4.13176369561497,3.7487340584739206,3.165737645462338
14.92,3.037106389099367,3.194026271703764,3.8759624958014594,4.135180464235042,3.7532691541024508,3.16824148866861
14.94,3.0420461955980813,3.1976012682447106,3.881399132307909,4.137737114960404,3.7542691284243612,3.1712396716357416
14.96,3.04300894567687,3.1994428308209475,3.8814646682321583,4.141087040980567,3.7586901208339376,3.17370151442997
14.98,3.048022720682302,3.2031364184852467,3.8868503078046364,4.143714475198995,3.759803554676579,3.1767372616943508
15.0,3.048907623402689,3.2048601394779914,3.8869620517847268,4.1469899672363315,3.7641119690025704,3.1791662427975993
15.02,3.0540028818406064,3.2086705706339584,3.892306205144105,4.149695507687552,3.7653369342946337,3.1822302757537604
15.040000000000001,3.0548027055371865,3.210278598157713,3.8924545215920556,4.152889512243237,3.7695351109849873,3.1846357971425436
15.06,3.0599863935545706,3.2142033155083864,3.8977669297121733,4.155679917026525,3.770868871776373,3.187718607190317
15.08,3.06069450049101,3.2156985992922262,3.8979419871284127,4.158785970423976,3.7749599498143835,3.1901102660913225
15.1,3.0659729468601595,3.2197342538682707,3.9032325534189996,4.161667383180974,3.7763989819159702,3.1932021833214117
15.120000000000001,3.06658333963793,3.221120524492614,3.9034243929537897,4.164679659240573,3.7803868762612107,3.1955897029673785
15.14,3.071962211532142,3.225262999241193,3.9087031140715105,4.167657563789109,3.781926892586209,3.1986809658414743
15.16,3.072469574973147,3.226544741847517,3.908901719206175,4.17057091687788,3.7858162660099524,3.201074125485886
15.18,3.077953838411662,3.230789180665917,3.9141786149931126,4.173650096641171,3.787452247419503,3.20415495101248
15.200000000000001,3.0783535766330754,3.23197160330906,3.9143739818364733,4.176460099770325,3.791248476952993,3.2065635157019883
15.22,3.0839474618612486,3.2363124453346015,3.9196590248950263,4.179644602309926,3.7929747083676344,3.2096241696094916
15.24,3.084235730293172,3.2374014421842934,3.919841232582464,4.1823475799905845,3.7966838466217605,3.2120578202109584
15.26,3.089942702330739,3.2418324611154308,3.9251442780017176,4.185640686912591,3.7984939581213504,3.215088686623558
15.280000000000001,3.090116434461203,3.2428345707497916,3.925303558680327,4.1882337425201746,3.8021226897737077,3.21755695059691
15.3,3.0959391690172486,3.247348918937812,3.9306342744311764,4.191637944982942,3.8040097023722876,3.220548600725723
15.32,3.095996097683737,3.2482712780063494,3.930761082314251,4.194118982422947,3.8075652961524553,3.2230607841251175
15.34,3.1019364626015182,3.252861535022893,3.9361288808286057,4.197635962431322,3.8095216719010705,3.226004043497584
15.36,3.101997789518853,3.2537118275903034,3.9362139598064574,4.20000370194334,3.8130119284368664,3.2285691646715806
15.38,3.1073538518036976,3.2583700529431017,3.941627931250147,4.203634319569451,3.815029624477134,3.2314551784352927
15.4,3.107537663757142,3.259156276789936,3.941662380552408,4.205888307551921,3.818462820393025,3.2340820861091064
15.42,3.112771272440958,3.2638742378171144,3.9471312264904466,4.209632594176575,3.8205333447717074,3.236902213982527
15.44,3.1130772511477214,3.2646050286134636,3.9471558855489897,4.211773206997193,3.823918176946641,3.2395991362792564
15.46,3.118189131074857,3.2693738940648465,3.9530388942282615,4.215630364512741,3.826032649792682,3.2423453720954942
15.48,3.118616134843205,3.270058436910972,3.9531345321215325,4.217658626144404,3.829378169122433,3.245120067484877
15.5,3.1236078332976,3.2748688633675704,3.9589428526705306,4.221627207156252,3.831527389720169,3.247784902492374
15.52,3.124153900691373,3.2755164523385973,3.9591168082355943,4.223545160360625,3.8348429331158735,3.250644604485424
15.540000000000001,3.1290277770165775,3.280359015422935,3.964843384224603,4.22762271121535,3.8370174450572456,3.253221080905841
15.56,3.1296901438013034,3.280979186775222,3.965102409962554,4.229433202046056,3.840312573007911,3.256172446477071
15.58,3.1344493517778096,3.2858442545261903,3.9707407959271994,4.233616475407178,3.8425027295776117,3.2586542070129734
15.6,3.1352244694904283,3.2864467182782664,3.9710910090671256,4.235323133184231,3.8457871581395953,3.261703269273803
15.620000000000001,3.1398729360037647,3.291324520318268,3.9766354172375076,4.239608110978943,3.847983190885005,3.264084602290953
15.64,3.1407564961003636,3.291919090465427,3.9770822553972884,4.24121532254242,3.851266722676399,3.2672367276048444
15.66,3.1452988943021585,3.2967997882808726,3.9825275976589816,4.245597244530175,3.853458810730914,3.2695126077281538
15.68,3.1462858577282162,3.29739631214335,3.9830757794403864,4.247110122977179,3.8567512654229517,3.2727724575526076
15.700000000000001,3.1507275748642187,3.302270069973242,3.988417704207971,4.251583520714955,3.858929605090138,3.2749385814059666
15.72,3.1518122068545438,3.3028783571878026,3.9890711950259723,4.253007868865078,3.8622407498877487,3.2783100791149566
15.74,3.156159306970551,3.30773541300685,3.9943061187485553,4.25756660480417,3.8643956239952755,3.280362895967272
15.76,3.1573352168495274,3.308365164678008,3.9946139319983622,4.258908873677304,3.8677351045955692,3.2838491988748397
15.780000000000001,3.161594398622203,3.31320050527398,3.999729523426103,4.263541558725407,3.8698569511329617,3.2857859359882124
15.8,3.1628546304521254,3.3138569076232463,4.000157319513646,4.264813161995949,3.8732342693770643,3.2893894127599492
15.82,3.167033092682673,3.318660764164163,4.005152165572401,4.269512830155426,3.875313661914898,3.2912080943711626
15.84,3.1683701660313477,3.319353435427191,4.005700991683044,4.270721017355618,3.8787381008667836,3.294930310648834
15.860000000000001,3.17247565459668,3.324116350646869,4.010574445703176,4.275480153945045,3.880765911844049,3.296629769837855
15.88,3.1738815697945366,3.324854566401282,4.011244575390099,4.276632694611287,3.884246423396045,3.300471477264229
15.9,3.17792232166171,3.3295674581864336,4.015996768868996,4.281443294661519,3.886213886838447,3.302051365066177
15.92,3.1793886176114037,3.3303600888180918,4.016787693282446,4.282548418423403,3.889759030224603,3.3060124951152186
15.94,3.183373301380168,3.335014311443315,4.0214195416310385,4.287402048091344,3.891657801982615,3.307473283811423
15.96,3.1848911166351512,3.3358697622021745,4.022329966778603,4.288468381945707,3.8952756849885093,3.311552947453822
15.98,3.1888287700105304,3.34045716474021,4.026843169029018,4.293356242523705,3.8975552720212945,3.312895928023663
16.0,3.1903889067077147,3.3413833188486852,4.027871019067423,4.294388198229601,3.9012632735818866,3.317087833682359
16.02,3.1942889167179125,3.345896300303773,4.032268006086794,4.299305626940428,3.9034491917549197,3.318319428143949
16.04,3.1958818172295285,3.346900466459242,4.033410519103324,4.300312797235949,3.9072538824258527,3.322621432783838
16.06,3.199753844850495,3.3513320245151688,4.0376944495468114,4.305250104039949,3.9093398656630103,3.323744194776274
16.080000000000002,3.201369760294987,3.352420889815777,4.039403771708446,4.306242254137953,3.913247222196758,3.3281533399204952
16.1,3.2052236241985903,3.3567600614418054,4.043588262835174,4.311194242085346,3.9152276223198723,3.329170627046057
16.12,3.206852636734646,3.3579439829847053,4.045394924964214,4.312176875417645,3.9192429346610145,3.3336831628195323
16.14,3.2106983323083496,3.3621854674106832,4.049484152143526,4.3171332741473325,3.9211128562147093,3.3345991108317574
16.16,3.2123304332315126,3.3634694102922165,4.051383595426885,4.318116651224223,3.9252406934971273,3.3392105227641378
16.18,3.2161779636860137,3.367608606422279,4.055382491228909,4.323067213170782,3.926995932592257,3.340030015911768
16.2,3.217803171976626,3.3689968172764595,4.0573694193481655,4.324061539169084,3.9312401535704367,3.3447350592630034
16.22,3.2216624788817327,3.3730298597673043,4.061283632897324,4.328996106874445,3.9328772332926163,3.3454636925196706
16.240000000000002,3.223270910652345,3.3745258334286854,4.063352055167311,4.330011464326208,3.937240953733692,3.3502564325866273
16.26,3.2271518045700107,3.378449623170779,4.067187906719678,4.334920037513513,3.9387571538978583,3.350900469008318
16.28,3.228733742151439,3.380056075044263,4.0693311858417545,4.335966319490243,3.943242719704921,3.355774326170355
16.3,3.23264583389001,3.383868303830887,4.073095616906283,4.340839121385454,3.944636100802301,3.356340649645637
16.32,3.2341917940323954,3.3855871481623905,4.075306520999177,4.341925965687109,3.949245067006167,3.3612884488661807
16.34,3.2381444270440127,3.3892863173755585,4.079007040356162,4.3467535080850865,3.950514488224191,3.3617845125594847
16.36,3.239645227713453,3.391118651572421,4.081277798895488,4.347890232930443,3.955247603946201,3.3667985370260576
16.38,3.2436474121504384,3.3947040847603014,4.0849224248958125,4.352663379516191,3.9563927351769306,3.3672323078482216
16.4,3.2450942374099787,3.3966501798640487,4.087244788165004,4.353858921215611,3.9612499346297874,3.3723043564005843
16.42,3.249154586345868,3.4001220291313494,4.090841987720413,4.3585689486686325,3.962271262418342,3.3726842558725534
16.44,3.2505390488219748,3.4021813264983085,4.093207289350831,4.359831801741622,3.9672516619758134,3.3778057038379155
16.46,3.2546657171283653,3.4055405726784462,4.096765914048607,4.364470458171293,3.968150489396795,3.3781405457430482
16.48,3.255979917580385,3.4077116868760804,4.099165136205334,4.365349820743244,3.9732523907263513,3.3833024087690022
16.5,3.260180543932473,3.410960133501589,4.102689881085208,4.3698998759203675,3.9740353866890215,3.383601334016435
16.52,3.2614171274632056,3.4132409060049955,4.10511808692486,4.370871403399709,3.97925199044851,3.388794289084169
16.54,3.2656987808262663,3.416381078966046,4.108618735563627,4.375326182339158,3.979921700688742,3.3890667846337377
16.56,3.266850986612462,3.4187685853081033,4.111066050933409,4.376396237743447,3.9852500578655277,3.3942812466397316
16.580000000000002,3.2712201182521623,3.4218038133881787,4.114552543327431,4.380749678752749,3.9858098375508004,3.394536979544739
16.6,3.2722818273283503,3.4242943377838393,4.117008972851819,4.381923987829616,3.991246201511426,3.399763218581337
16.62,3.276744224266222,3.427228727632586,4.120491336416202,4.386170689336825,3.9917001899349716,3.40001196628292
16.64,3.277710003658494,3.429817790768583,4.122946832912008,4.387454296255434,3.997240044474466,3.405240177896196
16.66,3.28227074694364,3.4326561963001945,4.126435112739257,4.391589558577729,3.9975931342006605,3.405491757534156
16.68,3.2831358888216817,3.4353385885929124,4.128879647108219,4.392986786815905,4.003231227049769,3.4107121337043793
16.7,3.2877993169361432,3.4380865750401517,4.132383836006308,4.3970066486104304,4.003489027708274,3.4109763309605152
16.72,3.288559872485635,3.4408563951112323,4.13480746708634,4.39852106727839,4.0092194092819,3.4161791312850025
16.740000000000002,3.293329550162023,3.4435201980056545,4.1383374359131775,4.402422336451407,4.009388206246657,3.4164656292824223
16.76,3.293982357919592,3.4463708960858943,4.140730379774253,4.404056732257851,4.015204273378873,3.421641251835156
16.78,3.2988610506081253,3.4489573754724185,4.144295808578786,4.407837011144142,4.0152909816052595,3.421959560620227
16.8,3.2994037590436616,3.4518818014079597,4.146648506757815,4.409593366174132,4.021185525979577,3.427098611961376
16.82,3.304393413222313,3.4543983916370506,4.150258817228053,4.4132510708353845,4.021197639308978,3.427457999094368
16.84,3.304824497397807,3.4573888471386125,4.152562003408838,4.4151305462720085,4.027162900257521,3.4325513629057394
16.86,3.3099262268739618,3.4598435026109833,4.156226293113947,4.418664919800727,4.027217363982261,3.432960785681317
16.88,3.3102449990540372,3.4628917973566473,4.158471057772992,4.420667845684558,4.032604556156217,3.437999689510764
16.9,3.315459077359554,3.465292934623828,4.162198036670119,4.4240787804238835,4.032720995327114,3.438467548186131
16.92,3.315665693368022,3.4683904457991486,4.164375887385769,4.426204831450414,4.038050587534476,3.443443804098719
16.94,3.3209915487448334,3.47074688248517,4.168173820548664,4.429493259579135,4.038219988902401,3.443978259957605
16.96,3.321087005904028,3.4738846172157754,4.1702767415959405,4.43174107833291,4.043501169805668,3.4488839551721204
16.98,3.326523230069108,3.4762055082334675,4.1741533875729475,4.4349087605014645,4.043714185986448,3.4494926688213807
17.0,3.3265371027223756,3.479374168648353,4.176173897728025,4.437276166202424,4.0489564454671125,3.454320420179622
17.02,3.3324076991185354,3.4816689399940155,4.180136454521227,4.440325680634398,4.049203462283482,3.4550104954329184
17.04,3.332532014516568,3.4848591682872696,4.182067659118023,4.442809683072259,4.0544165230253055,3.4597533221213066
17.06,3.3382938185863718,3.487137277312498,4.18612271231055,4.4457444086849955,4.054687727078761,3.460531422690339
17.080000000000002,3.338524999163662,3.490339347347868,4.187958354675809,4.4483412280405785,4.059881477793459,3.4651831804446305
17.1,3.3441819722838937,3.49261057775805,4.192111832025047,4.4511653218124465,4.060623559567805,3.4660551243945417
17.12,3.3445156706512114,3.495814665781472,4.19384633294355,4.453875107290902,4.065817440954343,3.470614953004158
17.14,3.3500725750574993,3.498088863218042,4.198103510245348,4.456589054781099,4.0665549766773035,3.4715815219429302
17.16,3.350503615215505,3.501285117211035,4.1997319177028,4.45940614931502,4.071758271739468,3.476044300401267
17.18,3.355965971450138,3.5035721215778026,4.204097374155179,4.46201593113067,4.0724819628542095,3.4771102294675167
17.2,3.3564884868174194,3.506750729194685,4.205615496949778,4.464934012680284,4.077703945092942,3.481471618027826
17.22,3.361862486750531,3.5090603048694367,4.210093036911463,4.467446256112125,4.078404538651451,3.4826408475860804
17.240000000000002,3.362469960961896,3.512211563933309,4.211497472159132,4.470458377571638,4.083654400217244,3.4868973145834983
17.26,3.3677624245481015,3.514553329695911,4.216090100247336,4.472880314201034,4.084322760418128,3.4881729660770393
17.28,3.3684477370958064,3.517667717741348,4.217378255498007,4.475978948176758,4.089609540949344,3.4923218091787476
17.3,3.373666064465831,3.5200510779010235,4.222088157165755,4.478318366774679,4.090236719738502,3.493706166653021
17.32,3.3744215408157303,3.5231193202839495,4.2232582669614676,4.481951498290969,4.095569236401324,3.4977455283545624
17.34,3.3795736600858843,3.525553397479328,4.228091270935638,4.484225907180553,4.096151029270915,3.4992400258104
17.36,3.3803911258706507,3.5285664888190493,4.229138039862092,4.487920216399361,4.101533429363129,3.5031689486486965
17.38,3.385485437983241,3.5310601473993044,4.234094298904601,4.490137664949314,4.102061120882677,3.5047740765874105
17.400000000000002,3.386356274174594,3.5340094234798927,4.235017992893724,4.493884882877596,4.107501914182656,3.5085924984993513
17.42,3.3914015958117525,3.5365711079757145,4.240096844182664,4.496053842578984,4.1079672050042735,3.5103079003526356
17.44,3.3923167993621917,3.5394483534481678,4.2408985439528895,4.499845308142085,4.113474454773629,3.5140166048849504
17.46,3.3973222999264565,3.5420860300594184,4.24609851134694,4.5019746111644565,4.113869520958131,3.5158410813843934
17.48,3.398272548083899,3.5448835353842605,4.246780107161191,4.505801333982911,4.119450786245246,3.5194416902117918
17.5,3.403247684233959,3.5476046368029923,4.252098909352721,4.507900109118127,4.119768335287721,3.5213732098572885
17.52,3.4042234010573487,3.550315251662692,4.252663089915771,4.511752834685391,4.125430616751453,3.5248681692423913
17.54,3.40917784928114,3.553126625617759,4.258097654407012,4.513830441116638,4.125663939878638,3.5269038847801695
17.56,3.4101692738690264,3.5557438084260906,4.25854788998662,4.517699717929885,4.131413629546549,3.530296446087899
17.580000000000002,3.4151128615870068,3.558651670307993,4.264094372786492,4.519765677283273,4.1315566498854,3.532432716863197
17.6,3.416110117522337,3.561169533472021,4.264434892679539,4.523641925461064,4.137399485232065,3.535726911287306
17.62,3.4210527532207538,3.5641794233670923,4.270088703581987,4.525705852614155,4.137446801479344,3.537959331292399
17.64,3.422045918730144,3.566592773987868,4.270324468083211,4.5295794335195385,4.143387824178056,3.541159938995177
17.66,3.426997521627255,3.5697095184197614,4.276080301351665,4.5316509666545555,4.143440898921548,3.5434833703910367
17.68,3.4279766999516115,3.57201389414974,4.276216968418685,4.535512253030287,4.148812111128098,3.546595884298787
17.7,3.4329471296993352,3.5752415727933773,4.2820688386656265,4.537601167457162,4.14897354645429,3.5490046763777006
17.72,3.4339025210093475,3.5774332726020477,4.282112727334269,4.5414404457180035,4.154234753911381,3.5520350907056963
17.740000000000002,3.4389015044872333,3.5807751901644282,4.288054006924847,4.543556193159013,4.154507591123232,3.554522740466336
17.76,3.4398234747106584,3.582851299902319,4.288095960223512,4.547364089893146,4.159656155528589,3.55747786703497
17.78,3.444860541304405,3.58630996334484,4.2934875385823075,4.54951593820439,4.160042638460205,3.560037272234279
17.8,3.445739688235167,3.5882681960066236,4.293611597293461,4.553283478297703,4.165076728166828,3.5629244960249484
17.82,3.4508241043336647,3.5918454711426993,4.298925028475439,4.555480269012908,4.1655782846453535,3.56554800740548
17.84,3.451651320455253,3.593684561821645,4.299123055497258,4.559198560924801,4.170496891944041,3.5683752323765283
17.86,3.4567920237173317,3.597381293964493,4.304366708302899,4.561449011778751,4.17111412338297,3.57105470962622
17.88,3.4575585644184557,3.5991008054283116,4.304630109443769,4.565109516618617,4.175917068164118,3.573830300963672
17.900000000000002,3.4627640989819097,3.6029170100629724,4.309812781315147,4.567421960667539,4.176649746649785,3.5765571721817326
17.92,3.463461643976141,3.604517335704471,4.310132564277432,4.571016554845519,4.181337678227384,3.5792898952376637
17.94,3.4687401004870377,3.6084521984985156,4.315263420747919,4.573398879262871,4.182184747660795,3.5820552194060533
17.96,3.4693608121693065,3.6099345594621064,4.315630257156149,4.576919914183893,4.186759140560749,3.584754175904687
17.98,3.474719771073345,3.613986442098509,4.320718768468046,4.579379502243035,4.18771872382465,3.58754870786271
18.0,3.4752563494159827,3.615352878594151,4.3211230585044325,4.582819860596611,4.192181867572817,3.5902232698444165
18.02,3.480702827897062,3.6195193303951023,4.32617893384246,4.58536353727617,4.193251279665574,3.59303752728957
18.04,3.481148561513325,3.6207726872499473,4.326610873031241,4.588716685498159,4.197606262657374,3.5956972692755564
18.06,3.4866889644382697,3.625050462521772,4.331643992839842,4.591350667120317,4.198782029689489,3.5985216013029446
18.080000000000002,3.4870377774685597,3.6261943690583816,4.3320936405035955,4.594610703630342,4.203032717268224,3.6011762311722206
18.1,3.4926778526688356,3.6305794500491766,4.337113987372967,4.597340551913055,4.204310601172344,3.60400088785772
18.12,3.492924347173828,3.631618294417426,4.3375713362687085,4.600502250762103,4.208461608087455,3.6066601769332545
18.14,3.498669145365027,3.636105919741057,4.342588924887946,4.603332831633576,4.209836636849636,3.609475379462282
18.16,3.498808638940699,3.637044817868792,4.343043971518922,4.6063916812305665,4.213893294308501,3.612149092304951
18.18,3.504662478549162,3.6416295162112524,4.34806877820494,4.609327128718581,4.215359797486973,3.6149451031486253
18.2,3.504691036910949,3.6424742755757853,4.348511593295841,4.612279365341846,4.219328115054034,3.6176429275556434
18.22,3.5106574740439855,3.647149904463275,4.353553485613151,4.615323050812026,4.220879764312691,3.6204101201996632
18.240000000000002,3.5107430097270784,3.64790698292215,4.353974284231936,4.618165686651543,4.224766386947554,3.6231415978990027
18.26,3.516076311905271,3.652666772294531,4.359042951220814,4.621320193627548,4.226396241294932,3.6258705256374846
18.28,3.5162819072395535,3.653343053473689,4.359432162029704,4.624051039145755,4.230208401856166,3.6286451660826424
18.3,3.521494322861083,3.658179824897652,4.364537043757846,4.6273181439013245,4.231908955457866,3.6313264616981202
18.32,3.5218214071477374,3.658782949780836,4.364885380405344,4.629935824380361,4.235654426528732,3.6341532868162236
18.34,3.5269119099104493,3.663688802941362,4.370035601408283,4.633316482342359,4.237417662756636,3.6367780869335786
18.36,3.52736109264418,3.6642269102814606,4.370334124363771,4.635820448516126,4.24110469706604,3.639665775836733
18.38,3.532329479335097,3.669193476082559,4.375538430687001,4.639314786779554,4.242922147582281,3.642225590828074
18.400000000000002,3.532900545120303,3.6696751446934437,4.375778610901087,4.641705319295873,4.24655941924185,3.6451824178619647
18.42,3.5377474378482243,3.674693644663844,4.381045307783489,4.645312635244584,4.248422224274108,3.6476691923889746
18.44,3.5384393471239344,3.6751278324547463,4.381219087475895,4.6475908430534805,4.2520187670702425,3.650702968158581
18.46,3.5431661897361777,3.6801891411983476,4.386555980134591,4.65130960905096,4.253917738410892,3.6531091385396777
18.48,3.543977085312241,3.680585121374704,4.386655830250615,4.6534774217366115,4.257482881606553,3.656227154308338
18.5,3.5485861340121034,3.6856798316297597,4.392070168215141,4.657305295845428,4.259408567873115,3.6585457023259704
18.52,3.549513353380448,3.6860471265076575,4.39208914211542,4.659365449966196,4.262951869988795,3.6617546781598187
18.54,3.554007661600569,3.6911656163568756,4.397587567533603,4.663299292608152,4.264894623670218,3.6639791809484494
18.56,3.5550477549468096,3.691513929258528,4.397655784557987,4.665255312155233,4.2684258047246955,3.6672852179520854
18.580000000000002,3.559431152572207,3.6966464310135483,4.403482249842956,4.669291208578737,4.270375850528675,3.669409893634586
18.6,3.560579906374373,3.696985754698515,4.403647184338343,4.67114720024282,4.273904723227692,3.672818430595761
18.62,3.564856975227088,3.7021222517523937,4.409374452227283,4.675280662935681,4.275852229014247,3.674838179364861
18.64,3.5661094377779903,3.7024624234741284,4.409640894128454,4.677041663146109,4.279388625879053,3.6783539540600136
18.66,3.5702854796092662,3.707593085479804,4.415264540170586,4.681267298265019,4.281323771763109,3.6802643945353184
18.68,3.57163599931015,3.707943914361195,4.415346939866819,4.682939037149186,4.2848774797013025,3.6838914099292577
18.7,3.575716997136581,3.713063546366929,4.42125499235245,4.687246184353161,4.28679052547821,3.685688910355961
18.72,3.577159307594898,3.7134302592350505,4.421741205520509,4.6888395540863,4.290371262214194,3.6894304060994036
18.740000000000002,3.581151795035904,3.7185244699717477,4.427142392804007,4.693226305445601,4.292252527689202,3.691112109342391
18.76,3.5826790085455302,3.718921450111806,4.427284777966196,4.694743415468957,4.295869823363508,3.694970541324153
18.78,3.586590210495208,3.7239852213135167,4.432564679375742,4.699198067971219,4.297709941666013,3.696534383705124
18.8,3.5881948654956006,3.724417437241119,4.432828676568482,4.700650818447196,4.3013730708467,3.7005114042546072
18.82,3.59203246316119,3.729441283706429,4.437986569204597,4.705165907992564,4.3031628713682855,3.701956132528041
18.84,3.593706621372673,3.72991804349646,4.438372528357619,4.706562020685377,4.306880832294085,3.706052580047613
18.86,3.59747879342134,3.7348928463858724,4.44340846672718,4.7111295868463205,4.308611499639643,3.707377758154893
18.88,3.599214048571855,3.7354230614860913,4.443915955813654,4.71247724987255,4.3123929041408875,3.7115936513426915
18.900000000000002,3.6029294120617323,3.740340129998851,4.448830778270368,4.7170888969023546,4.314056038620295,3.712799664300915
18.92,3.604716950599858,3.7409322548216517,4.449458579873683,4.718396702380689,4.317909053051594,3.7171342012155875
18.94,3.60838449879444,3.7457833850952014,4.45425390901369,4.723043662876024,4.319954012121739,3.7182222531728213
18.96,3.6102151635046567,3.746445359615671,4.455000022934057,4.724316002090364,4.323896062495463,3.722669237774153
18.98,3.6138442463806597,3.7512228903928153,4.459678214272554,4.728993630341259,4.325848401166523,3.7236456561457953
19.0,3.6157085127754174,3.7519620870961234,4.46053995304662,4.730240074404921,4.329886129489024,3.728203029396877
19.02,3.6193087618828934,3.756658949052928,4.46510409169749,4.734938698166078,4.331739507598316,3.729070284615034
19.04,3.6211969064990255,3.757482125262622,4.466077997809958,4.736168998159881,4.335878967060174,3.733735170207821
19.06,3.624778118898402,3.7620918885261836,4.470531928548927,4.740878799634731,4.33762765759469,3.7344965387956006
19.080000000000002,3.6266802878616207,3.763005140045192,4.472069701285102,4.7421028189612855,4.341874264723083,3.7392652665925943
19.1,3.630252356920123,3.7675174771305877,4.476427669641435,4.746818509804476,4.343513199190561,3.7399248050465657
19.12,3.6321585893778616,3.7685305099243567,4.478058967184168,4.7480418121372585,4.347871645585965,3.7447929399770286
19.14,3.635731522724449,3.7729407613128165,4.482325797215637,4.7527531186003165,4.349396543770911,3.745355454168856
19.16,3.6376318294428955,3.7740578842385175,4.484045428170989,4.753985937965563,4.35387076678419,3.750317827740919
19.18,3.6412155801164503,3.7783621197979147,4.488226668960784,4.758682670055588,4.355278071270956,3.7507888386420016
19.2,3.643100061931572,3.779586895809511,4.490028738903997,4.759935124273564,4.359871269111364,3.755839587771932
19.22,3.6467044590653974,3.783781946154284,4.494130619413867,4.764607242740203,4.361158175685127,3.7562252892897545
19.240000000000002,3.648563375948779,3.7851171637896015,4.496008578383507,4.765889266657041,4.365872779891131,3.7613579008812152
19.26,3.6521980560115974,3.7892006458411873,4.500037957824541,4.770526949301142,4.367037262145384,3.76166511306497
19.28,3.6540218953158106,3.790648296599588,4.501984652122397,4.77184822895297,4.371874915911157,3.7668724730697245
19.3,3.6576962344318535,3.794618633170886,4.505948966192401,4.776441935750997,4.372915743939241,3.76710859098143
19.32,3.6594757777951408,3.7961798949360506,4.5079566941245774,4.777811843959644,4.377877286402517,3.7723830376281273
19.34,3.6631988256602432,3.8000363282089578,4.511863897491698,4.782352380511706,4.37879403948556,3.7725559762093424
19.36,3.6649252140579542,3.8017115548250575,4.513924468657237,4.783779914396036,4.383879496047181,3.777889357053915
19.38,3.668705629958673,3.8054541536368665,4.517782974096568,4.788258493222346,4.384672569286509,3.778007492350122
19.400000000000002,3.670370426400891,3.80724287069926,4.519887771804588,4.789752214090943,4.389881147996042,3.783391224770487
19.42,3.6742164178299093,3.8108725316011105,4.5237063864182305,4.794160513321083,4.390551752874394,3.7834633319050437
19.44,3.675811667220622,3.8127734384750838,4.525846432792868,4.795269728466173,4.395881846879585,3.788888466634273
19.46,3.679730931563596,3.8162918805733503,4.529629797485416,4.799590442084401,4.396436565050109,3.7889236549510623
19.48,3.6812492172568327,3.818302903223543,4.531800204516493,4.800790845104148,4.401881462082786,3.7943808968484563
19.5,3.6852488879065577,3.8217125686997204,4.535558080264584,4.805017215948373,4.402322748930746,3.7943886290413937
19.52,3.686683381833035,3.823830866007251,4.537748991935334,4.806315254716097,4.40787958951852,3.799868413462658
19.54,3.690769979777478,3.8271350014623717,4.541491305554075,4.810441134155766,4.408210711771311,3.799878487088403
19.56,3.692114490676127,3.829356939049196,4.543692735196801,4.811842623776023,4.413875836583985,3.805800550637514
19.580000000000002,3.6962936917793665,3.8325595712703007,4.54742951030168,4.815862519028098,4.414100660540335,3.8058227966143434
19.6,3.6975428864090225,3.834880746684203,4.5496314100790745,4.817372598929067,4.419869809525753,3.811737763449692
19.62,3.701819871393462,3.8379866563699,4.553372697290733,4.8212817117694495,4.419993166099818,3.811762244299759
19.64,3.702968941011132,3.8404019320372815,4.555565028099684,4.822904805586007,4.42586114839846,3.8176800446139096
19.66,3.707348149689892,3.8434166144530635,4.559320835033693,4.8266990735053765,4.425888587173741,3.8176968493894954
19.68,3.708393043137482,3.845920157362261,4.561493636516023,4.828438852841426,4.431849512585842,3.8236273508391077
19.7,3.7128781428602764,3.8488497820557446,4.56527385789501,4.832114980485113,4.431911763917259,3.823628035558934
19.72,3.713815595290365,3.851435106454793,4.5674173179820245,4.833974336334084,4.437279376524862,3.829089738440844
19.740000000000002,3.7184096405374,3.8542864721502106,4.571231666506423,4.8375296366178775,4.437428136503773,3.829121538589621
19.76,3.7192370215958093,3.8569464887291716,4.573336188108088,4.839510834038784,4.442712864497956,3.834547355444136
19.78,3.7239420388883437,3.859726970213139,4.577194130055039,4.842943640643912,4.442940582443839,3.8346195742349445
19.8,3.7246577424363907,3.862454037233495,4.5792503985771145,4.845047924373084,4.448150245219123,3.840000349648077
19.82,3.7294749280294717,3.8651715358603074,4.583161083565001,4.848357395213315,4.448448844421019,3.8401219855132407
19.84,3.730078183111573,3.8679575128157313,4.5851601339024235,4.850585181261446,4.453591759255738,3.8454489025346548
19.86,3.7350078946038923,3.8706203990227515,4.589132331074105,4.853771306530237,4.453952694972444,3.8456285834170774
19.88,3.7354987707177076,3.8734567057906135,4.591065610110488,4.856122177219163,4.459037617269585,3.8508932280053854
19.900000000000002,3.7405405248118258,3.8760737583438365,4.595107646982916,4.859185781331397,4.459451938203124,3.8511391482313386
19.92,3.7409199310168515,3.8789514373898784,4.596967073202051,4.861658486442021,4.464487998465443,3.8563335708710564
19.94,3.7460724074414933,3.8815317798070366,4.60108677761523,4.864601223869382,4.464946411277006,3.856653431086492
19.96,3.7463420853187324,3.884441560986396,4.602864797403619,4.8671936878816435,4.469943049259999,3.8617702051050142
19.98,3.751603136877201,3.8869945956031784,4.607069442977913,4.8700180329199965,4.470435985672188,3.8621711557362746
20.0,3.7517656473999446,3.889926963084585,4.608759083222414,4.87272736828638,4.475402882182559,3.8672034318724466
20.02,3.7571323160614014,3.892462303243771,4.613055338706678,4.8754365988330735,4.475920568189612,3.867692020546806
20.04,3.7571910204840817,3.8954075640711663,4.614650255318886,4.8782591251876735,4.480867575017518,3.872633577349966
20.06,3.7626595593881373,3.8979349649251476,4.619044138183612,4.880857300645963,4.481856691549439,3.87321570068233
20.080000000000002,3.7627005244704574,3.9008833187223626,4.620538660212016,4.883793245647018,4.486803185927144,3.8780655952055842
20.1,3.7685496342369604,3.9034126071465063,4.625035539943777,4.886280774430977,4.487788408661603,3.8787421184702207
20.12,3.7686890493752294,3.906354393064135,4.62642462002474,4.889324574435399,4.492743656433922,3.883494964562684
20.14,3.774442470105681,3.9088952286074976,4.631029171132345,4.891707346337481,4.493715697940883,3.884270876394834
20.16,3.7746745311388517,3.911820616944895,4.632308523038653,4.894852767478863,4.498688967659883,3.8889222699271464
20.18,3.7803383946636093,3.91438278544452,4.637024646681045,4.89713732456157,4.499638576059936,3.889801577170482
20.2,3.7806566428828985,3.917282048916129,4.638190769410564,4.900377502009929,4.504639063012202,3.8943479181369836
20.22,3.7862377141203245,3.9198751983098474,4.643021569742595,4.902570996758114,4.505557095518071,3.8953338123326384
20.240000000000002,3.7866350814112923,3.9227387816835106,4.6440717703401075,4.905898479011397,4.510593850466018,3.8997723267895728
20.26,3.7921407109407665,3.925372353010492,4.649019534379296,4.908008627701138,4.511471344107651,3.900867165003567
20.28,3.7926095694394557,3.928190941375536,4.6499519452107085,4.9118714519963556,4.516553203177914,3.9051959212691734
20.3,3.7980476417513453,3.930874101388119,4.655022612414887,4.91391569727067,4.517385943245531,3.906401212736279
20.32,3.7985798576202683,3.9336386418211355,4.6558318273289325,4.917840623525982,4.522517068247574,3.9106191774306933
20.34,3.803958736355487,3.9363803061111184,4.661025652887854,4.919826957253965,4.5232963076685095,3.9119354891686666
20.36,3.8045457245754997,3.939082079852345,4.661711835465273,4.9238057702370055,4.528485243717285,3.9160425232612304
20.38,3.809874195795793,3.9418907510270658,4.667028258937059,4.925742613895268,4.529202644468175,3.917469576035511
20.400000000000002,3.8105069804844116,3.94452148150846,4.667592387956083,4.929766698659584,4.534457497028988,3.921466385655372
20.42,3.8157941899493397,3.9474051903211507,4.673030034802872,4.931662842190079,4.535105189783366,3.92300305762271
20.44,3.8164634684055416,3.9499571004920466,4.673473899721542,4.935723246573443,4.5404335666281295,3.926891187299443
20.46,3.8217188563535807,3.952923350257785,4.67903058874444,4.9375877845797715,4.541004207154636,3.9285355237586836
20.48,3.8224150653553766,3.9553892164282307,4.67935677930963,4.941675284153913,4.546413163788498,3.932317343593832
20.5,3.827648299269654,3.958444931115378,4.685029535921306,4.943517549871045,4.5468999856694206,3.934066572759598
20.52,3.8283616831380414,3.960818132940719,4.68524142598493,4.947622714897402,4.552395974644846,3.937745259636825
20.54,3.833582588988311,3.963969609300221,4.691026501221355,4.949452212390133,4.552792837911282,3.9395958143060317
20.56,3.8343032689217726,3.966244175558692,4.691128226880991,4.953565476317332,4.558381662418468,3.9431753272927477
20.580000000000002,3.8395217613815746,3.9694970396243536,4.69702112201715,4.9553918113799815,4.558683097728508,3.9451228722294163
20.6,3.8402398055600298,3.9716676894697223,4.697024689799523,4.959503540403148,4.564369869819137,3.9486079223662958
20.62,3.845465817701613,3.9750268577314336,4.702444243716619,4.9613363506469454,4.564571117838855,3.9506473871874985
20.64,3.8461713116569003,3.9770888578130577,4.7025512865447725,4.965437093791145,4.570360221605234,3.954043401903963
20.66,3.851414726425604,3.980558676488122,4.707870434374059,4.967285804799854,4.570457269103948,3.956169019209086
20.68,3.852097839651502,3.9825082524206685,4.708074597017233,4.971365982969459,4.57635232554089,3.959482101678749
20.7,3.8573684196007267,3.9860921015951685,4.713300002555791,4.973240106042812,4.576362717193094,3.9616874500220285
20.72,3.858019479052853,3.987926261204227,4.71359431158341,4.977290285147137,4.581773600913309,3.9649243337946607
20.740000000000002,3.863326795564215,3.991626727556011,4.718733234451018,4.979199335247128,4.581897909485911,3.9672025653181855
20.76,3.8639363556131974,3.9933432816373675,4.71911014344625,4.983210127365435,4.587194010348512,3.970370394409929
20.78,3.8692897181018253,3.99716214048436,4.724170393329831,4.985163165410375,4.587433741580586,3.9727139043826734
20.8,3.8698486265020713,3.998759718051638,4.72462183463456,4.989125652000187,4.592613971273464,3.97582054112617
20.82,3.8752570209812425,4.00269792101617,4.729611714041144,4.991131426888778,4.592969807377744,3.9782212281841627
20.84,3.8757564812462277,4.004175978732617,4.7301291558296485,4.995037033527575,4.598033904619428,3.9812750018954675
20.86,3.8812285071874553,4.00823364728963,4.735057403196472,4.997103917828067,4.598505698757885,3.9837243271143805
20.88,3.8816601403494917,4.009592473071124,4.735631908080525,5.0009444772653495,4.603454231753808,3.9867339734374556
20.900000000000002,3.8872039503507216,4.013768897905561,4.74050763757724,5.003080405583258,4.604041008542976,3.9892230224258713
20.92,3.88755985370102,4.015009608702454,4.741129924307531,5.006848217885473,4.608875371410453,3.9921976198888456
20.94,3.89318309637431,4.019303254888281,4.745962562753292,5.009060628369888,4.609575333450304,3.9947171674413653
20.96,3.893455898783969,4.020427788652697,4.746623070582461,5.012748517708292,4.614297736642177,3.997666071693231
20.98,3.899165665250249,4.024836306627235,4.751422291923698,5.015044297135375,4.615108277015667,4.000206648527706
21.0,3.8993485786975066,4.025847408511236,4.752111247174462,5.018645664789957,4.619721731818965,4.003139424737294
21.02,3.9051513530499973,4.030367650779853,4.7568869049894,5.0210310976370724,4.620639452463426,4.005691385829331
21.04,3.9052382200061104,4.031268853648496,4.757594389352554,5.0245399708167,4.625147749694888,4.008617739737589
21.06,3.911139834076075,4.035896897116032,4.762356447865777,5.027020692711784,4.626168485501432,4.011171333758038
21.080000000000002,3.9111544977210673,4.036692496497747,4.763072467937303,5.030431768821407,4.630576168565941,4.014101041880234
21.1,3.916564007408032,4.041423670284966,4.767830932041715,5.033012724719969,4.631695017019628,4.016646481237382
21.12,3.9166885856621745,4.042118515577811,4.768545489595909,5.03632141073941,4.636007349540198,4.019589502440049
21.14,3.9219861448616125,4.046947604917655,4.773310332591354,5.0390068181460395,4.637218703880077,4.0221168658464785
21.16,3.922224543297147,4.04754744450451,4.774013498599214,5.04220926485773,4.641441635652378,4.02508288307915
21.18,3.927406621340747,4.052468363967519,4.778794592208669,5.04500258226512,4.642739225325622,4.027582543852856
21.2,3.927761977600327,4.052979599893983,4.779476572910545,5.048095713092917,4.646879345750348,4.0305811034507935
21.22,3.932825823677785,4.057985632884626,4.784283619308494,5.050999614077403,4.6482562830566385,4.033043605407534
21.240000000000002,3.933300484732147,4.058415275672058,4.784934825679634,5.053981148141378,4.652320774197704,4.03608404872356
21.26,3.9382441479208046,4.063499121885924,4.7897772886049035,5.056997501251677,4.653769603358553,4.038500173818856
21.28,3.9388396528877814,4.063854740942665,4.790388404489496,5.059865970590363,4.657766188780538,4.041591570461799
21.3,3.943661996556246,4.069008568058129,4.795275441940643,5.062995825139162,4.659278939044036,4.043952404599412
21.32,3.9443790652011312,4.069298238024914,4.7958374903470915,5.065750585970882,4.66321582881403,4.047103487736183
21.34,3.9490797756851723,4.07451373727762,4.8007778893626565,5.068994163834198,4.664784071196691,4.04940048429391
21.36,3.949918302684978,4.074745980673682,4.801282296423924,5.071635401775531,4.668669903461662,4.052619588455533
21.38,3.9544978921718483,4.0800144259326565,4.806284410436804,5.0749920952578975,4.670284810704708,4.054844629097094
21.400000000000002,3.9554569471880345,4.080198152497272,4.806723066554992,5.077520824464361,4.6741285902778325,4.0581396309096345
21.42,3.959916750783519,4.085510462434294,4.81179475579291,5.0809892002407056,4.675780999574604,4.060285083272048
21.44,3.9609945843493977,4.085654905584882,4.8121600735063135,5.083407256482,4.679592033982958,4.063663345511746
21.46,3.965336751340353,4.091001708503867,4.817308648889236,5.086985065579997,4.681272512017107,4.065722117380338
21.48,3.966530806530826,4.091116359355011,4.81759361702346,5.089295093309052,4.685060345478245,4.069190436728233
21.5,3.97075828589458,4.096488060226056,4.822825787983646,5.0929792870490935,4.6867592552989255,4.071156026336533
21.52,3.972065215707304,4.096582599634782,4.823024021675227,5.095184720570399,4.690533601105503,4.07472058518188
21.54,3.9761817359577827,4.101969448858274,4.828345848296938,5.0989714723346085,4.69224117035599,4.076587127300584
21.56,3.9775974262964913,4.102053677978464,4.828451634508524,5.101076511222397,4.696011842155433,4.080253449914391
21.580000000000002,3.981607469795049,4.107445841388692,4.8338684843521005,5.104961243879914,4.697718232165511,4.082015757422376
21.6,3.9831270679077835,4.107529611231887,4.833876822532147,5.106970822840217,4.701495074626074,4.0857886707927955
21.62,3.98703583980464,4.112917240836852,4.839393332471765,5.110948241613244,4.703190449875913,4.08744227145358
21.64,3.9886537879921566,4.113010381347806,4.839486694894944,5.112867995025539,4.706983269231362,4.091325871043741
21.66,3.992467180001195,4.118383686293003,4.845281613261441,5.116932125540333,4.708657866695562,4.092867039242709
21.68,3.9941772543742813,4.118496112837182,4.845533658253386,5.118768168042924,4.712476361657856,4.096864659898901
21.7,3.9979018054035964,4.12384980569099,4.851273574685734,5.1229080024288285,4.714120561313627,4.09829044312971
21.72,3.9996972017040835,4.123986614949849,4.851593001979476,5.1246717473448475,4.717974296681457,4.102404635298214
21.740000000000002,4.003339962769519,4.129306511786655,4.857159874263095,5.12888483318821,4.719578600750253,4.103712874435817
21.76,4.005213297960545,4.129481849791142,4.85718226020798,5.130578912664716,4.7234768944411165,4.107945388502031
21.78,4.0087819668538875,4.134763155173839,4.863153291799935,5.134853092134106,4.7250321766985595,4.109134731708677
21.8,4.010725330275873,4.13498156106795,4.863704868043151,5.136490016566096,4.728984033383069,4.11348650323653
21.82,4.014228011497915,4.14021071485104,4.869039166223718,5.1408217974872175,4.730481419166942,4.114556417861286
21.84,4.016233022936319,4.140485647439706,4.8692493986985195,5.142405182100416,4.7344954695160375,4.119027562353932
21.86,4.019678355036442,4.14565860750419,4.87446088547754,5.146781482616305,4.735926580558168,4.1199783373607195
21.88,4.021736223044864,4.145993969063165,4.87479310580328,5.148324523017646,4.7400110197068415,4.1245681470356965
21.900000000000002,4.025133133328954,4.1511024302693,4.879883413300137,5.152736649835118,4.741825140252391,4.125400893329118
21.92,4.027234762109828,4.151506262838391,4.880335615304837,5.15424367285004,4.745997464044776,4.130103269836771
21.94,4.030592544041517,4.156542459699161,4.885307103280696,5.158687040195743,4.7477200737452385,4.130824217630333
21.96,4.032728460962932,4.157022240703314,4.885876598411268,5.160167558721999,4.751987011744601,4.135637193384884
21.98,4.03605669909776,4.161978996984553,4.89073235196331,5.164632547990066,4.753611680569884,4.136248722307608
22.0,4.038217223040119,4.1625415912623644,4.891415685186931,5.166096265066631,4.757979377498987,4.141169510813523
22.02,4.041525676954916,4.167412367818855,4.896159545922165,5.170573101952652,4.759500284825878,4.141674808586109
22.04,4.043700986852541,4.168063980920668,4.896952516051891,5.172029842974602,4.763974252298146,4.146699827171285
22.06,4.046999521942774,4.172842920064094,4.901589058934782,5.176508665750928,4.765386232722231,4.14710286418506
22.080000000000002,4.049179726513703,4.173589056182384,4.902942407438469,5.177968309802438,4.769971305923947,4.152227762211756
22.1,4.052478243849935,4.178266460200945,4.907486537754987,5.18244382622713,4.771269889986754,4.152533260705059
22.12,4.054653405834558,4.179116179320268,4.908929520377292,5.183911911411717,4.77597014434463,4.157752953090902
22.14,4.057961859452985,4.183688029392661,4.9133867374041005,5.188373923955213,4.777151683078498,4.157966352002798
22.16,4.060122074444381,4.184644984742454,4.914913507477011,5.189860579562262,4.781970409814282,4.163275055189746
22.18,4.0634503026816295,4.189108019770171,4.919289994458702,5.194299033528445,4.7830320046931964,4.163402471526468
22.2,4.065585817256707,4.190175092861223,4.9208940454188115,5.195814213723807,4.787971730804311,4.168793746544621
22.22,4.068943473881893,4.194526835696674,4.9251966204566395,5.200219263692569,4.788911258991677,4.1688419290992
22.240000000000002,4.071044753985262,4.195706113022498,4.926870837147293,5.2017726815220815,4.793973724930285,4.17430873013157
22.26,4.074441240352851,4.199944890737348,4.931106899914954,5.206134756661302,4.7947898586240605,4.1743324514298825
22.28,4.076499038397926,4.201237646506976,4.932843613870993,5.2077358194329335,4.799976001926104,4.180212449439448
22.3,4.079943252487966,4.205362604564628,4.937021088533385,5.212045687186367,4.800668035033263,4.180304316460274
22.32,4.081948847877977,4.206769287761085,4.938812136858255,5.2137034355546215,4.805978150878226,4.18612045157585
22.34,4.085449510724354,4.2107804015498065,4.94293941163374,5.217952259655701,4.806546401630497,4.186272018261543
22.36,4.087394401858771,4.212300631458761,4.944776198944624,5.219675306752243,4.811979776335976,4.192032944087408
22.38,4.090959787584173,4.216198703949301,4.948862062760075,5.223854710385113,4.812425377628775,4.192235361899986
22.400000000000002,4.092835950000984,4.2178312733711865,4.950735625967224,5.225192395851858,4.817980483880895,4.197950102458316
22.42,4.09647382732,4.221617930718872,4.954784692990443,5.22928501067272,4.8183099414903845,4.198194184654667
22.44,4.098273770463275,4.223360858042545,4.956690166818063,5.2307131218727445,4.823980143665784,4.203872114335308
22.46,4.101991348553151,4.227038450856056,4.960712195164608,5.2347121232940745,4.824195832866306,4.20414831574667
22.48,4.103708166166529,4.22888898564385,4.962639722946364,5.236237178178101,4.82997835166056,4.209799083582733
22.5,4.107512045957756,4.232460671046222,4.966644643388853,5.240136345000705,4.8300834598413775,4.21009766639941
22.52,4.109139464641779,4.234415267153513,4.96858423091373,5.241764233646772,4.835974714907594,4.215731079090793
22.54,4.113035591445257,4.2378849852443405,4.972582077982066,5.24555799586086,4.835976212128342,4.216042182132666
22.56,4.1145680156638,4.239939327153217,4.97452366286651,5.247293935154011,4.841395525726337,4.221668134157583
22.580000000000002,4.118561636521723,4.243311771830525,4.978524505097656,5.250977232423912,4.841502747225776,4.221982025189813
22.6,4.119994190578462,4.245460806521484,4.980458024901876,5.25282590479587,4.846818974916752,4.227610251530253
22.62,4.12408981312972,4.248741390921676,4.984471898265346,5.256394612777369,4.847026332605214,4.227917015119017
22.64,4.125418375683868,4.250979364936359,4.986387360912304,5.258359753973535,4.852245404294274,4.233557391922254
22.66,4.129619739954674,4.254174181778258,4.990424194890394,5.2618105101034285,4.852546631212162,4.233847203558564
22.68,4.130840971503703,4.256494683387566,4.992311750196239,5.26389508028184,4.857675134270617,4.239509480216965
22.7,4.135151023172646,4.259610460339163,4.996381298648311,5.267225310297596,4.858063329226838,4.239772676761542
22.72,4.136262389860334,4.262006466443088,4.9982313068906,5.269431470445842,4.863108461540477,4.245466405909066
22.740000000000002,4.140683259318451,4.265050516972996,5.002343080115008,5.272639409060917,4.863576138377304,4.245693555058784
22.76,4.141683050862388,4.267514444339388,5.004146179153329,5.274968503324719,4.8685456569280054,4.251428023811713
22.78,4.146216038226943,4.270494614421693,5.008309377637624,5.278053208937237,4.869084798076639,4.251609992065102
22.8,4.147103379830262,4.273018374880457,5.010056548103779,5.280505752963463,4.873986963409457,4.257394155025597
22.82,4.151748946024661,4.27594298595091,5.014279998438153,5.2834671163141795,4.874589077367719,4.257522173633245
22.84,4.152523804183416,4.278518045132393,5.015962626529871,5.286042791672752,4.879432594327584,4.263364588164206
22.86,4.1572815681485995,4.281395833719712,5.020254719940277,5.2888815384070735,4.88008877666041,4.2634303165622285
22.88,4.157944750313746,4.284013272902065,5.0218646573725705,5.29157919311698,4.884882731812021,4.269339080827173
22.900000000000002,4.16281349236865,4.286853327380167,5.026233291308615,5.294296880244973,4.885583729247302,4.269343494585554
22.92,4.163366640469264,4.2895039079901665,5.027762911999434,5.297114535390327,4.890337525418746,4.274775401706332
22.94,4.168344496301904,4.29231560291573,5.032215435188381,5.299713541678246,4.8910736150153875,4.274861461583167
22.96,4.168789898129933,4.2949898350224425,5.033657688280213,5.302648402174724,4.8957970760425615,4.2802083039675205
22.98,4.1738739856914036,4.297782759996117,5.038200849595953,5.305131916088793,4.896558528818778,4.280382588361456
23.0,4.174214927446382,4.300470970278581,5.039549308549285,5.308180389711185,4.901261466330746,4.285638110318822
23.02,4.179401574239328,4.303254864962033,5.044189210031218,5.310552383864578,4.9024949986028945,4.2859065525774565
23.04,4.179642119447381,4.305947264406396,5.045438117246845,5.313714768421152,4.907196729043938,4.291069807069894
23.06,4.18492684388141,4.308731948474585,5.050180216838182,5.315975582007739,4.908427073027546,4.291433280102941
23.080000000000002,4.185071893697426,4.31141870181259,5.051324434749793,5.319246397194933,4.913136842684503,4.296499013227963
23.1,4.190449445852325,4.314214007130847,5.056173500569946,5.3214018387522675,4.914354727704468,4.296962387852666
23.12,4.190504602810212,4.316885300968388,5.057208646093711,5.324774929668048,4.919081791318553,4.301926120461541
23.14,4.195969049870247,4.319701001574173,5.062168677175464,5.32683146459296,4.920277974460267,4.302493478787381
23.16,4.195997521316607,4.322347115155613,5.063091150405879,5.3303000405303465,4.925031523140827,4.307351534328139
23.18,4.201867730785158,4.325192856865785,5.068165350579563,5.332264749764897,4.926196861073912,4.308026144547679
23.2,4.201976690053201,4.3278044090191585,5.068972358139794,5.33582142794903,4.930985950798674,4.312775488797398
23.22,4.207770066717118,4.330689469441313,5.074163113583507,5.337701961882932,4.932111468981917,4.313559955323013
23.240000000000002,4.207951927404957,4.333257111448216,5.074852689928532,5.341794820472834,4.936944953689079,4.318198600562416
23.26,4.213676317097691,4.336190694901984,5.080166044602946,5.34360856170915,4.938026426883876,4.319094489647804
23.28,4.213922981090604,4.3387053328143645,5.0807326788575375,5.347764438862918,4.942908483401552,4.3236213448751055
23.3,4.219586714746402,4.341696399536268,5.08616898630926,5.349519326837358,4.943937133281279,4.324629281452921
23.32,4.219889626585616,4.344149266616141,5.086612743636675,5.353730056420236,4.948876341887139,4.3290441490240354
23.34,4.225501463905769,4.347206370660473,5.092171541833783,5.355434466992237,4.949843791627277,4.330163912859817
23.36,4.22585167074721,4.3495891357155205,5.092493302874173,5.3596914761739125,4.95484830030585,4.334467439586101
23.38,4.231420737806102,4.35272036574364,5.098173315083443,5.361354160810767,4.9557466346139645,4.335697968194497
23.400000000000002,4.231808953164241,4.3550251908175985,5.098374772093373,5.365648532260619,4.960824100605631,4.3398916393064235
23.42,4.237344677464414,4.358238114126136,5.1041739136603494,5.367278554511727,4.961645922550121,4.341231036982977
23.44,4.237761347264794,4.360457708752234,5.104257560773344,5.371601091095155,4.966803457323611,4.345317164013652
23.46,4.243273390720167,4.363759318932963,5.1101729517477095,5.373207760788786,4.9675419415283155,4.346762716903068
23.48,4.243708761175099,4.365886990570673,5.110203834063177,5.377549052321489,4.972786059596813,4.350744419594195
23.5,4.249206951513235,4.36928365916789,5.115590903042558,5.379141857937425,4.9734350013944875,4.352292616670037
23.52,4.249651138325632,4.371313180503061,5.11573601779719,5.383492529044269,4.978771573367529,4.356173799048188
23.54,4.2551454012115935,4.374810785746743,5.121011203861801,5.385080895603722,4.979325435347961,4.357820358834447
23.56,4.255588456071151,4.376736815977773,5.121265648324943,5.389431294850928,4.984759642028516,4.3616056796860185
23.580000000000002,4.261088744423695,4.380340336943668,5.126434202306745,5.391024880965888,4.985213593593591,4.363345582403264
23.6,4.2615207294708215,4.382158256204416,5.126792371238315,5.395365353934228,4.990749892661711,4.367040420404147
23.62,4.267036951212932,4.3858719341037355,5.131860229123483,5.396973785710254,4.99109984301394,4.368867945484583
23.64,4.2674480091504865,4.387577875546025,5.132315851852662,5.401294745046491,4.996741936744573,4.37247835907544
23.66,4.272989957356422,4.39140518430169,5.137289595251203,5.402927546159851,4.996984564510145,4.374387127698672
23.68,4.273370380893252,4.392996060914263,5.137835777636985,5.407219541254814,5.002735372957585,4.377919810142753
23.7,4.278947664845649,4.3969396830984335,5.142722589507752,5.4088860636606695,5.002868150235406,4.379902832424904
23.72,4.279287964983071,4.398413209076595,5.1433518604940485,5.413139849447603,5.008729790090007,4.383365062392443
23.740000000000002,4.2849099426238,4.402475017376978,5.148159476428784,5.4148492052248445,5.008751000742437,4.385414788868722
23.76,4.285200915307609,4.403829723893429,5.148863838874057,5.419055809594056,5.014724770021407,4.388814376923192
23.78,4.290876627552905,4.408010768239011,5.153600494275832,5.420816804427645,5.014816017975649,4.39092275393455
23.8,4.291109418228355,4.4092460135036164,5.154371479706438,5.424967593760434,5.020144374880528,4.394267985323676
23.82,4.296847525602821,4.413546513943015,5.1590458532280286,5.426788845713008,5.02035217997694,4.39642669411995
23.84,4.297013693052667,4.414662487477051,5.159874578296619,5.430875420945814,5.025564335419052,4.399726098044191
23.86,4.302822411652096,4.419081832828079,5.164495735376238,5.432764909815486,5.025887801883336,4.4019262336653
23.88,4.302913986575931,4.420079554020139,5.165372963757365,5.436779522035205,5.030985070666765,4.405188882439258
23.900000000000002,4.308801034622934,4.42461630628619,5.169950289780632,5.438744738398024,5.031422479597235,4.40742122292916
23.92,4.308810573402888,4.425497617036354,5.170866498221732,5.44268015581005,5.03640699431462,4.41065647230973
23.94,4.314783117301597,4.430149521746181,5.175409633266079,5.444728045611137,5.036955815546316,4.412911545178163
23.96,4.314862480613793,4.430917073296295,5.176355077915667,5.448577607055906,5.041830511706383,4.416128967008368
23.98,4.320212972246198,4.435681075581643,5.1808738494674635,5.450714520149014,5.04248742155843,4.418397117350677
24.0,4.320391098081307,4.4363381317416755,5.181838633988188,5.454472184475371,5.047256016896386,4.421606612882565
24.02,4.325640044266213,4.44121056848908,5.1863429863184765,5.456703827499025,5.048016919866199,4.423877904663934
24.04,4.32592237928417,4.441761360915561,5.187317134812134,5.460364218457373,5.0526838915135395,4.4270892459689355
24.060000000000002,4.331064674586859,4.4467376238255945,5.1918170595444275,5.462695612298218,5.053543949789082,4.429353891310619
24.080000000000002,4.331455962639289,4.447187118160232,5.19279058263072,5.466254058635086,5.05811449833787,4.432576860093615
24.1,4.3364872218176975,4.452261882178678,5.197296050230138,5.468689501000148,5.059068168106045,4.4348250960772075
24.12,4.33699147000226,4.452615743087086,5.19825901560196,5.472142071273814,5.063548180672068,4.4380694135507515
24.14,4.341908059432048,4.457783003934425,5.202779904859309,5.47468510459671,5.06458925152075,4.440291572120579
24.16,4.34252850933935,4.4580475551430645,5.203722507598354,5.478028636574662,5.068985259875583,4.443566829471202
24.18,4.347327573144586,4.46330067171446,5.208268535608654,5.480682021457796,5.070106898974826,4.445753406505545
24.2,4.34806667749376,4.4634828513115234,5.209181167744054,5.483914145873726,5.074426033066271,4.449068996435817
24.22,4.352746158204554,4.4688145926641125,5.213761820896221,5.486679840266807,5.075620833792629,4.451210719508041
24.240000000000002,4.353605563027747,4.468921903964116,5.214635139691339,5.489798998758466,5.0798707710058535,4.454575769327468
24.26,4.358164216622546,4.47432450057518,5.219259606181159,5.492678143029122,5.081130805642469,4.45666366369034
24.28,4.35914474912204,4.474364958879369,5.220084600640416,5.495683600123605,5.085319716183571,4.460086970414273
24.3,4.363582154349202,4.479830157827406,5.224761705010334,5.498676508130053,5.086636592300835,4.4621124227558795
24.32,4.364683816513432,4.47984808221181,5.225529760108305,5.5015683571894485,5.090773081111211,4.465602390655458
24.34,4.369000378424382,4.485743671129657,5.230267900305003,5.504674513418456,5.092138001207996,4.467557210192839
24.36,4.370222533329679,4.485815103088372,5.230971047226605,5.507453676505724,5.096231046840305,4.471121791219619
24.38,4.374419311219217,4.491661883650947,5.235777963140313,5.510671737425646,5.097634870804751,4.472998265893098
24.400000000000002,4.3757602905658395,4.491777518230727,5.236408535836865,5.513339962593887,5.101693761748215,4.476644906919477
24.42,4.3798393516323335,4.497584935278513,5.2412916181917515,5.516667766411453,5.103127071574139,4.478435858422319
24.44,4.381296680091745,4.497735204162377,5.241842523395205,5.519227611389983,5.107161340515876,4.482171444456954
24.46,4.3852608912492785,4.5035129318046,5.246808564880223,5.522662195237389,5.108614507003175,4.483870280853673
24.48,4.386831303030748,4.503688070972979,5.247273332360627,5.525117009359333,5.112633863321259,4.487701086480601
24.5,4.390684311555452,4.509445944077236,5.252328479501788,5.528654630317206,5.114097114218785,4.489301848684103
24.52,4.392363772596631,4.509636063031738,5.252701307874639,5.5310085306670915,5.118111375321264,4.493233493828112
24.54,4.396109981214439,4.515384007402031,5.257851017535661,5.5346446924756645,5.1195748643832255,4.494730897600624
24.560000000000002,4.397893716852316,4.515579159454764,5.258126815267677,5.536902534447242,5.12359388638366,4.498768307914868
24.580000000000002,4.401538253430157,4.521327121201193,5.263375816112853,5.540632019694047,5.125047762847819,4.500157781111681
24.6,4.403420781371525,4.521517374321397,5.263550237411527,5.542799362190252,5.129081371068976,4.504305153252325
24.62,4.40696946341108,4.527275248934221,5.2689024966265645,5.546616269722006,5.130515849065456,4.5055828680593635
24.64,4.408944631784931,4.527450756635969,5.268971971937943,5.548699335268625,5.134573768860836,4.509843640079667
24.66,4.412403925954049,4.533228318282393,5.274430667463931,5.55259712253679,5.135979196264304,4.511006540028991
24.68,4.414464956192815,4.53337939003357,5.274468906582775,5.554602752618178,5.140070984641346,4.5153833670913945
24.7,4.417841933164894,4.5391862215975465,5.280316372352616,5.5585742826320645,5.141437910886381,4.516429188673017
24.72,4.419981467426955,4.539303212835565,5.280618969255012,5.5605097100635525,5.1455728894067105,4.520923924243079
24.740000000000002,4.423283754119668,4.545144225999854,5.2863100735317525,5.564542914406197,5.146892133566016,4.521851212966678
24.76,4.4254939491754,4.545222487685184,5.2865818140374365,5.5664205638768935,5.151079364800798,4.526464895581039
24.78,4.4287295858460665,4.551111436173838,5.29219532135935,5.570512012925653,5.152341991585522,4.527273015593011
24.8,4.431002122224263,4.5511373052065425,5.292263885293171,5.572335442123948,5.156590169919339,4.5320058639446055
24.82,4.43417969005084,4.557078346100675,5.2981888895545035,5.576472126304974,5.157787734699456,4.5326950011137725
24.84,4.436505829827056,4.557108702124092,5.29869396561084,5.578254641719492,5.162105124543009,4.537546410171529
24.86,4.439634204386866,4.562517324469064,5.304075259358151,5.582432313376496,5.163686871691374,4.538117573071659
24.88,4.442004668938868,4.562620722438839,5.3042375842880265,5.584173698036873,5.168090986081342,4.543081547494616
24.900000000000002,4.445093357687874,4.567957195503891,5.309498386696508,5.588383075953934,5.169582386676217,4.54354086677114
24.92,4.447498696507158,4.568136485577355,5.309779649325475,5.590097447804503,5.174079998784353,4.548615532773784
24.94,4.450557219345945,4.573393548550753,5.314923063337938,5.594328976604954,5.175474528947376,4.548965295603398
24.96,4.452987810800212,4.57365567914408,5.315319794802014,5.59602598157015,5.180071878733997,4.554147958223209
24.98,4.456025873887928,4.578826707623222,5.3203496745180985,5.600269939309834,5.181363620709307,4.554391261558814
25.0,4.4584719451734225,4.579177968584519,5.32085766452508,5.601959356367044,5.186066318150879,4.5596784276132825
25.02,4.461499371592485,4.584257019078559,5.32577859313352,5.606205923054464,5.187250006512039,4.5598191535040895
25.04,4.463951068622666,4.584702999451414,5.326848175200207,5.60789759531573,5.192062987864035,4.565206559072764
25.060000000000002,4.4669777280594785,4.589680246582404,5.3316750248841425,5.612141498913327,5.1931340506788475,4.565249344552405
25.080000000000002,4.469425139968157,4.590230131389251,5.332835918685738,5.613840949371992,5.198061494741265,4.570731987800703
25.1,4.472460965664438,4.595101475184617,5.337574193155857,5.618072014833373,5.19901617847763,4.570781785183481
25.12,4.474894203872077,4.5957589980834825,5.338820547458772,5.619789355727042,5.204061481646376,4.576624360362972
25.14,4.477948839781424,4.600521095755654,5.343476433027417,5.623997541013465,5.204896595111258,4.576764783553935
25.16,4.480358330838765,4.6012892172796676,5.344801737661956,5.625742720909037,5.2100625614725695,4.582520171880994
25.18,4.483441452159063,4.605939513417623,5.349382055083873,5.629918180213647,5.210775897247134,4.582744420443538
25.2,4.485817636699507,4.606820397712132,5.350779191251071,5.631700917209902,5.216064353504129,4.588419719235813
25.22,4.488938673778865,4.6113571408335305,5.355291343384691,5.635834070760166,5.216654496596972,4.588720410491951
25.240000000000002,4.491272271448535,4.612352139861362,5.356752638108214,5.637663785586632,5.222066468768351,4.594323272728899
25.26,4.49444034326486,4.6167743970903485,5.361204553591291,5.641745383666274,5.222532810687399,4.594692495604733
25.28,4.496722418265739,4.617884038996276,5.362721837866736,5.643631136579667,5.228068513038187,4.600231074105093
25.3,4.499946267900821,4.622191704564028,5.3671219113342,5.647652321484735,5.22841125981724,4.60066044674285
25.32,4.502168292287058,4.623415688244385,5.3686865815202305,5.649602751462356,5.234070089849393,4.60614333477095
25.34,4.50545622489136,4.627609485766573,5.373043610790289,5.65355511693271,5.234290264005466,4.606624065520018
25.36,4.5076101391305965,4.628946681666698,5.374646692804683,5.6555783836110995,5.240070803514336,4.6120602342228665
25.38,4.510969962858197,4.633028160199437,5.378969813480209,5.659454031300211,5.240170239948586,4.612583185594128
25.400000000000002,4.513048233188779,4.634476617314161,5.380602029345021,5.6610988650486,5.246070262114529,4.617981918697836
25.42,4.516487203560435,4.638448141237534,5.384896134977952,5.664880957867853,5.246084360938765,4.618537673840655
25.44,4.518482875698589,4.640005145215203,5.386552372574754,5.66662270369765,5.251487146286903,4.62390854584634
25.46,4.522007644730495,4.6438697891919976,5.390827438000553,5.670304808891694,5.251615570852687,4.624487571412618
25.48,4.5239143926751035,4.645531873364352,5.392497655023337,5.672149566285229,5.2569058591023206,4.629840193938605
25.5,4.52753096027288,4.649293499795393,5.39676376491713,5.6757260984246,5.257144626588895,4.630432624915716
25.52,4.529343130663453,4.651056423194402,5.3984378466637155,5.677679103152985,5.2623267812622325,4.635776899692832
25.54,4.53305680526272,4.6547196534593995,5.402705122262929,5.681145161584852,5.262671149302129,4.6363728125873145
25.560000000000002,4.534769456300863,4.656578432349092,5.40437295308707,5.683210944858874,5.2677502772766065,4.641718663958301
25.580000000000002,4.538584816437971,4.6601486125040825,5.408651482576886,5.68656235226257,5.268194778036346,4.642308147506428
25.6,4.5401937536376185,4.662097557249987,5.410303015490846,5.688744704920846,5.273176692879489,4.647665451590858
25.62,4.544114614851325,4.665580718564647,5.414602784485659,5.691978040370188,5.273715172350419,4.648238677610247
25.64,4.545616421326153,4.667613475524502,5.4162281104057435,5.694279982666325,5.2786063525658,4.653617191594821
25.66,4.549645808640523,4.671016290154644,5.4205589330416135,5.697392609001176,5.279232014805706,4.654164485450804
25.68,4.551037869699682,4.673125888276754,5.422148349165631,5.699816366169004,5.284039557267848,4.6595737775323105
25.7,4.555177995895839,4.6764556204034555,5.4265198003099995,5.702806451514643,5.28474501329709,4.660085687691829
25.72,4.556458517763023,4.678634522184658,5.428063877126332,5.705353435254146,5.289476582189061,4.665535068198612
25.740000000000002,4.560710767602721,4.681898974984259,5.432485226198766,5.708219968564325,5.290253903210075,4.666002434348134
25.76,4.561878790118916,4.684139131408076,5.433974872640669,5.710890764553062,5.294917674811637,4.671500888560166
25.78,4.566243710636764,4.68734659024694,5.4384550195230785,5.713633565090448,5.295758449387381,4.671914907771779
25.8,4.567299113853778,4.6896394992946515,5.439881545798756,5.716427926587088,5.300363053093723,4.67747103094955
25.82,4.57177641078784,4.692798671568739,5.444428959295075,5.719047647293548,5.3012584478897375,4.677823321391516
25.84,4.572719915406997,4.695135439871628,5.445784136943832,5.721964494861299,5.3058129038706685,4.683445256509732
25.86,4.577308455789974,4.698255391933497,5.450406796228263,5.724462619609381,5.306753727536656,4.683727918213901
25.88,4.57814161744817,4.70062679911365,5.451682914975258,5.727500046947845,5.311267381473612,4.689423296877731
25.900000000000002,4.582839438333531,4.703716890748451,5.4563882544444535,5.7298788817041695,5.3122441512146175,4.6896289690967645
25.92,4.5835646357863835,4.706113455978737,5.457578175451653,5.7330341675388645,5.3167266065770615,4.695404856095598
25.94,4.588368959036492,4.709183272905824,5.46237303337039,5.73529682550957,5.317729616941232,4.695526770807349
25.96,4.588989376335299,4.711595323206006,5.463470238507994,5.7385664514489845,5.322190665285882,4.701389612734881
25.98,4.59389662935211,4.714654608094252,5.468360809809829,5.740716832316561,5.323666626354825,4.701421643879666
26.0,4.594416232157261,4.7170723478709276,5.4693594466017394,5.74410115824565,5.32812554995022,4.70737257020277
26.02,4.599422028896957,4.72013093036345,5.474351285166662,5.7461395399767605,5.329599243577284,4.707431473780474
26.04,4.599845625033608,4.722544510798205,5.475246118434036,5.749633154483959,5.334065285123506,4.7128016157864705
26.060000000000002,4.604944990166378,4.725612239716293,5.480344090948248,5.751565278319298,5.335527258966886,4.712960730569751
26.080000000000002,4.605277918434187,4.728011828701942,5.481130637538928,5.7551620895696445,5.340009850666101,4.71822852998899
26.1,4.61046498493097,4.731098498459859,5.486338843809151,5.756994361378485,5.341450872468205,4.718492005191071
26.12,4.610713446233491,4.733474351008073,5.48701340188353,5.760687635780091,5.345959199452338,4.72365371673204
26.14,4.615981701848878,4.736589635202012,5.492335148126781,5.762427081241131,5.347370127035497,4.724024890374424
26.16,4.616152519174913,4.738932161568562,5.49289482103446,5.766209488602833,5.351913248712451,4.729077591281245
26.18,4.6214948525917725,4.7420855435062865,5.49833259870025,5.767863707666223,5.3532851011971445,4.729558969992216
26.2,4.621595422591796,4.7443853779632095,5.498775313321262,5.772183458944278,5.357871880592796,4.734500577303156
26.22,4.627004174006504,4.747586082727873,5.504335275789264,5.773769791044466,5.3592004266807685,4.735093821867404
26.240000000000002,4.6270424143278674,4.749834105672777,5.504655411707392,5.778153672623796,5.363835051390492,4.7399231502312045
26.26,4.632509429163418,4.753091122893702,5.510338018988496,5.779680017809624,5.36511148877157,4.740628978797463
26.28,4.632525133657239,4.755278533727967,5.510535535109228,5.784119900277684,5.369802567332932,4.745345737498804
26.3,4.63842344634184,4.7586004547261265,5.516340430635252,5.785594600938695,5.37101848658817,4.7461640218700385
26.32,4.638488025064322,4.76071905780242,5.5164161026268905,5.790081942058164,5.375774203635869,4.750768583494202
26.34,4.64434197863122,4.7641138454563645,5.522342111842577,5.791513722493192,5.376921646958902,4.751698521071757
26.36,4.644446158064159,4.766155732099306,5.522386691428579,5.796039629004869,5.3817497077687335,4.756192304053531
26.38,4.650265170532418,4.769631027047189,5.5277566089810195,5.79743753233145,5.38282122673264,4.757232065676385
26.400000000000002,4.650399402645829,4.771588651818816,5.527922788124133,5.801993003420224,5.387728797594756,4.761617315528571
26.42,4.656193135261597,4.775151698755746,5.53317266672241,5.803366153301487,5.388717510604312,4.762764252761179
26.44,4.656347661677399,4.777018310433927,5.533457140278767,5.807941767421848,5.393711163575763,4.767044024726396
26.46,4.6621259500209495,4.780675542358382,5.5385906614824085,5.809299666866267,5.394610805140038,4.768294690034037
26.48,4.66229087524543,4.782445027685345,5.538989360193486,5.81388585259829,5.39969647464682,4.77247282594428
26.5,4.668063657706702,4.786202217519162,5.544010957851608,5.815238119554658,5.400501438778785,4.773822998728004
26.52,4.668229019043633,4.787869143556581,5.544519074363193,5.819825224804024,5.405684378605294,4.7779040980757905
26.54,4.674006266649859,4.791731364183416,5.549433905911609,5.8211815225515915,5.406389759465658,4.779348816302474
26.560000000000002,4.674162104497344,4.793291015913824,5.550045926165291,5.825759884436855,5.411674504640987,4.7833382018797765
26.580000000000002,4.679953750604596,4.797262605105986,5.554859838652208,5.827129851541464,5.412276132135648,4.784871799018228
26.6,4.680090178632852,4.798711018021258,5.55556957843512,5.83168986646935,5.417666466009396,4.788775477391707
26.62,4.685906048982504,4.802795548496991,5.56028906950716,5.833083046808059,5.418160936067117,4.790391624367515
26.64,4.686013323694572,4.804129535948902,5.561089715910499,5.837615240232058,5.4236598628274955,4.794216241495996
26.66,4.691863067329032,4.808329790767345,5.565721890025325,5.8390410135921575,5.424044562125452,4.795907993341828
26.68,4.691931656514453,4.80954696589035,5.566606047528041,5.84353610894775,5.4296542849704945,4.799660785676532
26.7,4.697824678037202,4.813864919355702,5.571158567693609,5.845003622706368,5.4299274099182195,4.801420632521258
26.72,4.697845327640073,4.814963711408518,5.572118308554977,5.8494526090184795,5.4356493150469545,4.805109373960853
26.740000000000002,4.703790721291981,4.819400515618201,5.576599343927178,5.85097071140433,5.435809884883894,4.806929295971144
26.76,4.703826922355142,4.8203801806276845,5.577626262540598,5.855364909068577,5.4416445314291755,4.810562241072035
26.78,4.709235512699482,4.824936157761814,5.582044432241562,5.856942084499455,5.44169239533689,4.81243376693335
26.8,4.709340712537754,4.825796605863595,5.583129703072925,5.861273208749378,5.447639511315169,4.8160197729788425
26.82,4.714676338780533,4.830471416532731,5.5874940148337355,5.862917515726449,5.447703671332828,4.817933873179759
26.84,4.714858449172718,4.831213589583349,5.588628457041123,5.867177737348578,5.45305991599338,4.821481948475007
26.86,4.720113446093686,4.8360058732636135,5.592948245097195,5.868896932166126,5.453238626520114,4.823429639467106
26.88,4.720379861284632,4.836631535001518,5.5941223804614,5.873078768187956,5.458481470671605,4.826948916138664
26.900000000000002,4.725547109121885,4.841539114950803,5.598407245828105,5.874879860935824,5.458772279720232,4.828920750297982
26.92,4.725904653805825,4.842050838661819,5.599611365453954,5.878976583155388,5.463904581483314,4.832420779490976
26.94,4.730977624800853,4.847070737176759,5.603871104707259,5.880865993477788,5.464304241743905,4.83440711815204
26.96,4.731432507594957,4.847471887556524,5.605095339001515,5.884871488306706,5.469329643624022,4.837897607010889
26.98,4.736405312391529,4.852600347006788,5.609339875546479,5.88685499776113,5.469834135272095,4.839888689706781
27.0,4.736963081709141,4.852895056391838,5.610574263555327,5.8907638116187275,5.4747570384836965,4.843379431717799
27.02,4.741830511222353,4.858127565772894,5.614813577795196,5.892846520689095,5.475361597579087,4.845365446134652
27.04,4.74249601582289,4.858320704932049,5.6160481373859445,5.896653900577474,5.48018713088703,4.84886625100719
27.060000000000002,4.747253578295405,4.863652031765144,5.620292196297024,5.898840190667035,5.480886283143214,4.850837403155395
27.080000000000002,4.748030932777609,4.863749175440839,5.621516994674382,5.902542119619647,5.4856202664621065,4.854358026738616
27.1,4.7526748857726675,4.86917340281191,5.625775681299674,5.904835620311459,5.486407866125851,4.85630461084513
27.12,4.753567441244544,4.869180790237523,5.6269809053412025,5.908428847446791,5.491056769156691,4.859854685573411
27.14,4.758094818359255,4.874691358730943,5.6312639487195835,5.910832409279249,5.491926042700583,4.861767153205419
27.16,4.759105138483538,4.874766868076301,5.6324399746131135,5.914314474232768,5.496496938920106,4.865356119557984
27.18,4.763513770600971,4.880591844843838,5.636756880660952,5.9168301471952045,5.497440533215815,4.867225147496759
27.2,4.764643800317489,4.880746793841641,5.63789453045893,5.920199398746087,5.501941049567088,4.870862186946897
27.22,4.768932161421634,4.886496377940128,5.642254343558521,5.922828414795276,5.502951084175631,4.8726787415197546
27.240000000000002,4.770182815522385,4.886722707692108,5.643344551238561,5.926084027031767,5.507389346875743,4.876372714971482
27.26,4.774350394940903,4.892405196435735,5.647756152664894,5.9288267909537815,5.508457469956894,4.878128116518106
27.28,4.775721765103622,4.892694388732768,5.64879024367018,5.931968765842424,5.512842046847837,4.881887497456815
27.3,4.779768876811325,4.89831850876746,5.653262092630423,5.9348248536273855,5.5139594944727435,4.883573483602938
27.32,4.781260230236703,4.898661645945437,5.654231845414155,5.937854021651029,5.518299334161521,4.88740629829088
27.34,4.785188011348149,4.9042364918235,5.658771918984977,5.9408221829454915,5.519456992530505,4.889015082224604
27.36,4.786797795224119,4.904624319612651,5.659669623395096,5.94374019765479,5.523761360895131,4.892928853118925
27.38,4.79060819866634,4.910159289594984,5.664285359841999,5.946818364280656,5.524949830963875,4.894453178452689
27.400000000000002,4.792334050434061,4.910582282522929,5.665103871902166,5.949627690808871,5.529228245489024,4.898454871228442
27.42,4.796029831843629,4.916087012059865,5.669802117812656,5.952812991275262,5.530437909532636,4.899888063076593
27.44,4.7978685952013755,4.916535440946903,5.6705349104814005,5.955516888912673,5.534700071951338,4.903984037611423
27.46,4.801453294128322,4.922019734308799,5.675321872115827,5.958805668801335,5.535921161585203,4.905320049540113
27.48,4.803401040671508,4.922483735375419,5.675963081635531,5.961408167770816,5.540176889311633,4.909516015189647
27.5,4.806878956210724,4.927957495921313,5.680844280868194,5.964796015830979,5.541399554480648,4.910749471724177
27.52,4.808931012568176,4.9284271410126195,5.681388748348743,5.967301888450202,5.5456587113243225,4.915050447187665
27.54,4.812307173576474,4.933900300598424,5.68636898353697,5.970783668195898,5.546873089769153,4.916176681592865
27.560000000000002,4.8144581538659486,4.934365668018425,5.686812291455078,5.973198394653519,5.551145516422388,4.920586959637699
27.580000000000002,4.817738283960061,4.939848116056383,5.69189560353643,5.976768281215447,5.552341803131081,4.921602046718443
27.6,4.819982127349131,4.940299361496864,5.692234106870705,5.979098010228566,5.556637247919854,4.926125163999761
27.62,4.8231726049161425,4.945800874183981,5.697423750948131,5.98274953217408,5.557805764076846,4.927025947701786
27.64,4.8255026180390965,4.9462283012286585,5.697654602711561,5.985001036831381,5.562133814459814,4.931664659879719
27.66,4.828610431525926,4.9517584714641005,5.702953025343648,5.988727122630255,5.563265075411127,4.932448775505143
27.68,4.83101933547261,4.952152601148299,5.70307419631868,5.990907751759785,5.567635090703409,4.937205037827602
27.7,4.834052034254982,4.957720769657856,5.708483018687776,5.994700780540638,5.568719872466736,4.937870928714668
27.72,4.836532015814557,4.95807240856798,5.708493311214526,5.996818405972461,5.573140918253355,4.942745882197914
27.740000000000002,4.839497656978345,4.963687596747876,5.714013318299398,6.0006702621848165,5.574170322114625,4.943292810750516
27.76,4.842040423789325,4.9639879031526855,5.714114262584834,6.002733222307041,5.578651106804456,4.948286774053394
27.78,4.844947515187601,4.9696587481347985,5.719898097044212,6.00663535387774,5.579616621558251,4.948714827042671
27.8,4.847544354416182,4.969899115655711,5.720136727869211,6.008652215805355,5.584165435511869,4.953827294093382
27.82,4.850401796184409,4.975629381326648,5.725891374721866,6.01259131601648,5.5855163695646795,4.954137382190808
27.84,4.853043678653949,4.97580639844228,5.726225602067465,6.014571131039997,5.590150792532426,4.959362454566627
27.86,4.855860656045743,4.981608544981059,5.73177803127896,6.018547105303943,5.591412407026811,4.959560610128647
27.88,4.858538164339934,4.981709925780462,5.731787515143436,6.020494785060674,5.596139297128291,4.964896513786765
27.900000000000002,4.861324259250416,4.987586619266176,5.737768834896283,6.02449338647006,5.597305074649073,4.96498492538445
27.92,4.864027753731761,4.987610100940146,5.738326843530336,6.026423365663607,5.60213071769532,4.970429060821728
27.94,4.86679264342337,4.993572617128394,5.743658871440553,6.030439308604806,5.60319464276101,4.970447389469946
27.96,4.869512331833639,4.993638088538392,5.743866039829312,6.032356825922126,5.608124704308875,4.976313201053866
27.98,4.872265722482513,4.999003021473211,5.749087078795661,6.036375599430562,5.609081313254166,4.9764385484994165
28.0,4.874991715182802,4.99916263947654,5.749402758656591,6.038295110549423,5.614120962829548,4.982199702579984
28.02,4.8777436476981295,5.00443090210779,5.754517954944035,6.042306916485087,5.614965594671547,4.982427386829512
28.04,4.880466097211026,5.00468963500579,5.755391171265904,6.044238213069755,5.620119147020487,4.988088930564349
28.060000000000002,4.883226404397758,5.009852022654037,5.76041607970903,6.048237849416731,5.620847866919056,4.98841354998431
28.080000000000002,4.885935468383173,5.010218416912741,5.761376478261719,6.050186356110446,5.626118849199711,4.993981229126457
28.1,4.888713984641496,5.015271501328136,5.766317289564928,6.054163789403091,5.626728568218319,4.994396702809212
28.12,4.891399904833809,5.015748604473988,5.7673583552222505,6.056139449114335,5.632119700013967,4.99987692253388
28.14,4.89420629778293,5.0206897405444595,5.772221894301766,6.060084836968883,5.632608100951193,5.000376532058964
28.16,4.8968595177149865,5.021279805588951,5.773336503264121,6.062097369302587,5.638121318647428,5.005776310869713
28.18,4.899703219849865,5.026107152498243,5.778130177578599,6.066001126384816,5.638486876628401,5.006352749531177
28.2,4.902314452502752,5.026811619755507,5.779310651097429,6.068059962340777,5.644123315780761,5.011679667856247
28.22,4.905204594291826,5.031524156079497,5.784042395059017,6.071912824775723,5.644365312880905,5.012325094055455
28.240000000000002,4.907764888044584,5.032343641098923,5.785280556878669,6.0740270432451515,5.650125296584934,5.017587238856844
28.26,4.910710232978635,5.0369411737426795,5.789958772744308,6.077820130990873,5.650243830420836,5.018293333306632
28.28,4.913211035353735,5.03787546143126,5.791246009848835,6.079998397519953,5.656126863732173,5.023499239071443
28.3,4.916219917443555,5.042358628356239,5.79587950551643,6.083723274246064,5.6561308774736965,5.024257265427009
28.32,4.918653136158185,5.043406673318033,5.79720683174553,6.085973782515596,5.66154106966271,5.029415851940362
28.34,4.921733400362076,5.047776940056246,5.801804755900678,6.089622328471797,5.661669757142531,5.0302169021495
28.36,4.924091463073019,5.048936873128952,5.803162876136258,6.091493937438795,5.666956540078367,5.035337233199401
28.38,4.927250405588558,5.053196523165347,5.80773013251351,6.09504928883544,5.667202648915974,5.036171910911397
28.400000000000002,4.929526313767089,5.054465709183531,5.809113922044091,6.097017473918173,5.6723733919528145,5.041263544327079
28.42,4.9327706346257045,5.058617739030062,5.8136605099821805,6.100473349580499,5.6727338359498205,5.04212214840464
28.44,4.9349580091377625,5.059992787314331,5.815059901518877,6.1025440673372175,5.677792021523213,5.047194861810883
28.46,4.938293766459182,5.06404098489081,5.819595930370927,6.105894821515667,5.6782629220435,5.048067554184897
28.48,4.940386893006678,5.065517726694373,5.821000781851985,6.1080733703921215,5.683212811771281,5.053131226701341
28.5,4.943819458898897,5.069466642879216,5.825536402083245,6.111314037173825,5.683789525871351,5.05400810233629
28.52,4.9458133296079305,5.071040162527032,5.826936565859542,6.1136050157006725,5.688636129728396,5.059072644193725
28.54,4.949347351081171,5.074895077277634,5.831481899654591,6.11673134817943,5.689313283739122,5.059943801775991
28.560000000000002,4.951237700921653,5.076559748618887,5.832867291901788,6.119138618536301,5.694062323880878,5.06501908347326
28.580000000000002,4.954877066111358,5.080326631913846,5.837432363802973,6.122147122505504,5.694833852223371,5.065874696300722
28.6,4.956660403873451,5.082076159815886,5.838793033640944,6.1246737796694,5.699491721694505,5.070970477826745
28.62,4.9604082138269305,5.085761627710286,5.843387701734328,6.127561741637349,5.700350910674646,5.071800864373175
28.64,4.962081847421028,5.087589094284503,5.844713899541388,6.130210088297693,5.704924627276684,5.076926725021754
28.66,4.9659403936598725,5.091200360405653,5.849347787697851,6.132975597660855,5.705864163566059,5.077722418648409
28.68,4.967502449550597,5.0930982756210454,5.8506300321179285,6.135747125046829,5.710361319193976,5.08288768795229
28.7,4.971473197576423,5.096643098465358,5.855312463785032,6.138389090293483,5.711373342669675,5.083639505242192
28.72,4.972922634206212,5.098603454773825,5.856541606939343,6.141284465021944,5.715802048461741,5.088853195547777
28.740000000000002,4.977006213071429,5.1020900811954935,5.8612815409645895,6.143802623876615,5.716878209044021,5.089552302745281
28.76,4.978342828176042,5.104104411764625,5.8624488313961045,6.146821680890626,5.721247036721663,5.094823043939861
28.78,4.9825390261942015,5.107541517073092,5.86725480034384,6.149216604348124,5.722378554817398,5.095461020990093
28.8,4.983763457959652,5.109600957197493,5.868351943242321,6.1523583459774525,5.726696474621844,5.100796997879744
28.82,4.988071224582394,5.112997582303937,5.87323199464614,6.154631436214286,5.727874204752547,5.101365899577781
28.84,4.9891849466406795,5.115092933544945,5.874251208923625,6.15789403735014,5.732150520412736,5.106774792396111
28.86,4.993602400480505,5.1184584196169896,5.879212849892419,6.160047519540335,5.7333650175798665,5.107267206176175
28.88,4.994607710789065,5.1205802162031295,5.880146921703519,6.16342833887721,5.737609298771012,5.112756134682156
28.900000000000002,4.999132153719793,5.123924137302729,5.885197067273906,6.165465246978871,5.738850887087865,5.113165234600872
28.92,5.000032157416702,5.126062714309806,5.886039399602246,6.168960844237192,5.743072899861685,5.118740706197755
28.94,5.0046600946367334,5.12939480850087,5.8911843252020795,6.170885000855403,5.744788361408888,5.119060302693656
28.96,5.005458681009749,5.131540371320425,5.891928983162929,6.174495802580865,5.749007353354697,5.1247235136305465
28.98,5.010185801463307,5.1348704707409185,5.8971743264736425,6.176307419970977,5.750721447830811,5.124952486439262
29.0,5.010887705036833,5.137013164441797,5.89781598942828,6.180028088343528,5.754946653475146,5.130708953127366
29.02,5.0157089209969365,5.140351127510818,5.903166703835554,6.181732835841736,5.756650114300618,5.130842164873706
29.04,5.016319586704058,5.142481104983234,5.903700800468551,6.185557350743834,5.760890792505354,5.1366966356213775
29.060000000000002,5.021229118031405,5.14583674631197,5.909161075005416,6.187161562806247,5.762574364967994,5.136729731787225
29.080000000000002,5.021754662756678,5.147944239150095,5.909583812966244,6.191083259531361,5.766839726804793,5.142686157507356
29.1,5.0267460778834,5.151327258981424,5.91515704522038,6.192593895472472,5.768494239980391,5.142756721915863
29.12,5.027193247003669,5.153402647605019,5.9154654354762,6.196605507443228,5.7727933770773,5.1481098179517195
29.14,5.032259692276172,5.1568225622610955,5.9211542098853185,6.198030106321657,5.774409633136373,5.148290974638824
29.16,5.03263563625851,5.15885644660265,5.921346085598285,6.2025798934102765,5.7787516206613505,5.153532553242596
29.18,5.0377694998727325,5.162322516881519,5.92715665353592,6.2039357429931306,5.780325372793461,5.153826037451105
29.2,5.038082091260077,5.164305738153907,5.927226295972084,6.208550545529942,5.784714417993869,5.1589548384178245
29.22,5.043275261034271,5.16782699614888,5.933159211358351,6.209845500465829,5.786236832526268,5.159361443195495
29.240000000000002,5.043532845393369,5.169750708073792,5.933211937293103,6.214517231648204,5.790681579060734,5.164377100579069
29.26,5.048776764154755,5.173335793821827,5.938571990789042,6.215759594798382,5.792144207864039,5.164896772954118
29.28,5.048988100999554,5.175191392659681,5.938750145388084,6.220479927705537,5.796652882651366,5.169799766769347
29.3,5.054273826357491,5.178848667141824,5.94398550307045,6.221678217702885,5.798047725831515,5.170431609477726
29.32,5.0544480297137575,5.180628230566837,5.9442874679930595,6.226438267921096,5.80262807615841,5.175223260892222
29.34,5.059766298760691,5.184365351708739,5.94940014095132,6.227601521710461,5.803947639407858,5.175965540104983
29.36,5.059912767570137,5.186061490811683,5.949823496257798,6.232392113690463,5.808606881019243,5.180648000614503
29.38,5.06525406530406,5.189885556478533,5.954816291189896,6.233529626094994,5.8098442279241,5.181498159797877
29.400000000000002,5.06538241607125,5.19149146720955,5.955357829621213,6.238341359296872,5.814588992712448,5.186074394291706
29.42,5.070737043550742,5.195408965824361,5.960234331721144,6.239462615947546,5.815737795063255,5.187029074029741
29.44,5.07085704151507,5.196918476320929,5.960890078675122,6.244285932692442,5.820574082927976,5.1915028380102575
29.46,5.076215185242534,5.2009352417652535,5.965654628886998,6.245400541491251,5.821628666675224,5.192557901591581
29.48,5.076336674577753,5.202342855241005,5.966419867953669,6.250225796044271,5.8265618019192145,5.196933712727927
29.5,5.081688476606376,5.2064640263467705,5.971077534747881,6.251343417643734,5.827517188422842,5.1980842772954885
29.52,5.081821310153015,5.207764959247914,5.971946838629801,6.256160946039267,5.832551781019259,5.20236738153377
29.54,5.087156938411907,5.211994944157413,5.976503384493303,6.257291223832467,5.8334037232767,5.203607854555015
29.560000000000002,5.087310907447399,5.213185159325804,5.9774706511004965,6.262091413943176,5.838543635302299,5.207804187047722
29.580000000000002,5.092620625781699,5.217527604963696,5.9819324939690235,6.263243904066367,5.839288648877952,5.20912830782356
29.6,5.0928053903288175,5.218603839579462,5.982990987442872,6.268017265411217,5.844536966369755,5.213244448978701
29.62,5.098079627757291,5.2230616064463415,5.98736515733778,6.269201367265422,5.8451723547892485,5.214645334873058
29.64,5.098304647923904,5.224021394557951,5.988507553724031,6.273938600049784,5.850531365239523,5.21868846185845
29.66,5.103534066626032,5.228596537019402,5.992801644889859,6.275163487847611,5.851055239655133,5.220158658896892
29.68,5.103808535458442,5.229438226504988,5.994020082148025,6.279855550730285,5.8565264153160035,5.224136492967005
29.7,5.108984097014998,5.234131978713679,5.998242201019186,6.2811301065707585,5.856937708293871,5.225668030422377
29.72,5.1093168753333185,5.23485474255433,5.999528333024237,6.28576828265849,5.862521695417746,5.229588780463816
29.740000000000002,5.1144299047599056,5.239667510105518,6.003687042379642,6.287101031624724,5.862820168743319,5.231173229019843
29.76,5.114829458427012,5.240271351888715,6.005032096542562,6.291676992204781,5.86851678283912,5.23504553173673
29.78,5.119871705558151,5.245202709271699,6.009136356235409,6.293076039967198,5.868703029283824,5.236674064797168
29.8,5.120346045614564,5.2456884628811355,6.010531194341526,6.297581905502336,5.87451125642225,5.240506921979545
29.82,5.125309743416542,5.250737156750951,6.014590299017944,6.299054878894368,5.874586695461244,5.242170379670323
29.84,5.125866369491327,5.251106480237345,6.016025480857122,6.303483276822816,5.88050469961531,5.245973093006473
29.86,5.130744288905237,5.2562704384925585,6.020048995101134,6.305037267835812,5.880537832097542,5.247662048402219
29.88,5.131390136289018,5.256525802158652,6.021514844441068,6.30938138674049,5.885927422779859,5.251444152310538
29.900000000000002,5.136175637230772,5.2618021487724675,6.025512535804521,6.3110230830018,5.8860701236676585,5.253149159642184
29.92,5.13691702611595,5.261946817543891,6.026999206395277,6.315276556178222,5.891352060147353,5.256920182392632
29.94,5.141604107759908,5.267331893020917,6.030980980243028,6.3170118051054756,5.891600385575873,5.258631463059818
29.96,5.142446699162154,5.267369903316256,6.032478525521378,6.321169110595857,5.896778994811726,5.262401219665138
29.98,5.147030038197854,5.272859290624593,6.036454351258615,6.323003083302258,5.897128253022256,5.264108937019774
30.0,5.147978795991442,5.27292315957205,6.03795279639834,6.327059395255801,5.90220859357803,5.267887264947246
30.02,5.15245378420118,5.27874935061382,6.041932637136389,6.3289965479545875,5.902653378181127,5.2695815943776125
30.04,5.153513128406014,5.278913571300821,6.043422237110465,6.3329477726763574,5.90764120431699,5.273378283521248
30.060000000000002,5.157875734422896,5.284642533531751,6.047415809051689,6.334991811474553,5.908175432691735,5.275049480497756
30.080000000000002,5.159049109727411,5.284900837364799,6.048886719149637,6.33883462157173,5.913077153502478,5.278874207151521
30.1,5.163296271039875,5.29053915932226,6.05290378458237,6.340988475104184,5.913694109932832,5.2805126768800585
30.12,5.164586338067144,5.290884654953934,6.054346344856439,6.344720330491175,5.918516743865022,5.284374930973577
30.14,5.168715786487855,5.29643952404912,6.058396447611961,6.34698612969998,5.91920912728682,5.285971298273873
30.16,5.170124402652558,5.296864745484977,6.0598012511914305,6.350605296952173,5.9239602521967125,5.289880316267115
30.18,5.1741346806856745,5.302343897728448,6.063893649063763,6.3529843587329795,5.9247202281355245,5.29142549181604
30.2,5.175662886718569,5.3028408566221445,6.065251608812752,6.3564899244985416,5.929407927391941,5.295390191482659
30.22,5.179553358209494,5.308252522338826,6.069395207883085,6.358982741343097,5.930227183662426,5.296875435945262
30.240000000000002,5.181201370440735,5.308812764119618,6.07069762090184,6.3623746197167135,5.93485998869644,5.300904353493711
30.26,5.184972225435289,5.314165610024285,6.074900912261458,6.364980855423935,5.935729794449166,5.302321339101723
30.28,5.186739433890552,5.314780273471527,6.07613952174475,6.368259789233246,5.940316624176276,5.306422569064622
30.3,5.190391687668191,5.320083341504238,6.0804105210945005,6.370978280714113,5.941227891855877,5.307763438222018
30.32,5.192276659993668,5.320743221356261,6.081577575078756,6.374145836716717,5.945777989416378,5.311944576522984
30.34,5.195812146277473,5.326005864703148,6.085923765663312,6.376974601871047,5.94672133917662,5.3132019970407
30.36,5.197812637471592,5.326701476863168,6.08701207221582,6.380033159907094,5.951244206456566,5.31747008762437
30.38,5.201233995855962,5.331933293611452,6.09144035152727,6.38296941150357,5.952210032563045,5.318637304210692
30.400000000000002,5.203346963747492,5.332654942491227,6.092443329956511,6.38592214769529,5.956715362970912,5.322998789596054
30.42,5.206657621422635,5.337865707387469,6.096959960614189,6.388962313140059,5.957693901711307,5.324069671256008
30.44,5.208879247796658,5.338603554910592,6.097871688309726,6.391813177275144,5.962191511694773,5.328530347345537
30.46,5.2120833956871095,5.343803149708759,6.102482253492345,6.394952924109541,5.963172910308846,5.329499430370798
30.48,5.214409112922558,5.344547285479827,6.103297508035363,6.397706611389227,5.967672670101529,5.3340644058186895
30.5,5.217511676394521,5.349745628379372,6.108006871806995,6.400940878314069,5.968647056239532,5.334926932079848
30.52,5.219936199439477,5.350486140513115,6.108721168028577,6.40360279568905,5.973158820329707,5.33960059249169
30.54,5.222942803768821,5.355693115197705,6.113533440862722,6.406925828871782,5.97411637154747,5.340352542776203
30.560000000000002,5.22546016724329,5.356420161293729,6.11414306256572,6.40950205622907,5.978649909359099,5.345138519980097
30.580000000000002,5.228377098072288,5.361645546087682,6.119061572331663,6.412907450611285,5.9795809221612695,5.345776642152233
30.6,5.230980698252288,5.362349423831854,6.119563598433268,6.415404697112712,5.984145849433024,5.350677788747919
30.62,5.233814857298462,5.367602821494197,6.1245908670665035,6.418885442399297,5.985040807382237,5.351199620541105
30.64,5.236497498700763,5.368274038366966,6.12498319196206,6.421310998307083,5.98964651872201,5.356217989898886
30.66,5.239256355014982,5.373564807041255,6.1301209179962495,6.424859529285231,5.990496159141641,5.356621876186051
30.68,5.24201030126857,5.374194148616744,6.130402265989963,6.427221213641766,5.995151762222957,5.361758708031805
30.7,5.244701838372115,5.379531334449654,6.135651313082129,6.4308294644477755,5.995947141033405,5.362043812455173
30.72,5.24751886703091,5.380109930776809,6.135821246776727,6.433135569005206,6.000661392886074,5.3672995241413775
30.740000000000002,5.250151526291907,5.385502202708579,6.14118163831044,6.436795030930376,6.0013939471301585,5.367465835019988
30.76,5.253022987213513,5.386021592277436,6.141240560895119,6.439054260750729,6.006175192960721,5.372840018545693
30.78,5.255605607851709,5.391477179493492,6.146711480698949,6.442756043154426,6.006836800591843,5.372888349016006
30.8,5.258522484739526,5.39192937030547,6.146762329275372,6.444977454322362,6.011692915549939,5.378379773821306
30.82,5.261064240874941,5.397456002820642,6.152597506945427,6.448712348200544,6.0127332828452955,5.378447791438698
30.84,5.264017215555646,5.397833349788151,6.152889109994128,6.450900583172133,6.017681321922312,5.384260538474951
30.86,5.266527414249379,5.4034337668453265,6.1585886463629596,6.454659164486724,6.018626171535023,5.3844422264353
30.88,5.269507059661607,5.403733935173342,6.158865224748284,6.4568286332104226,6.023672649536915,5.390142829013183
30.900000000000002,5.271995365461156,5.40941948929391,6.164478030456992,6.460605617133943,6.024515927870032,5.3904351694860155
30.92,5.274991898669465,5.409631346761636,6.164550986836265,6.462761561166062,6.029666553394491,5.3960270414116005
30.94,5.2774681946744835,5.415403486284862,6.17046516743117,6.466542448181211,6.03040293735567,5.396426228930832
30.96,5.280471741847933,5.415526030852284,6.1709519946285445,6.468699491221717,6.035662759894442,5.401913559910322
30.98,5.2829458738494,5.4213947460850065,6.176359376911346,6.47247886133961,6.036287510667896,5.4024150283089165
31.0,5.285946541831656,5.421418247611963,6.17694083608153,6.474642312967496,6.0416608818744315,5.407802750542273
31.02,5.2884284346224995,5.427388156511969,6.182256345920441,6.478410215583449,6.042170071725757,5.408401208881591
31.04,5.2914163333867075,5.4274677522623715,6.182926584931484,6.480590165959946,6.04766056376273,5.413694962241349
31.060000000000002,5.2939158235217185,5.432807619676165,6.188156407724042,6.484336573146583,6.048051009786521,5.414384431224342
31.080000000000002,5.296881002155768,5.432997692911523,6.188909102408342,6.486542964079791,6.053661437271501,5.41959052238424
31.1,5.299407937394973,5.438225802192255,6.194059887622174,6.490258032586402,6.053930726537821,5.420364376785112
31.12,5.3023408477363985,5.438528710838457,6.194887896112302,6.4925005872260835,6.0596631222829025,5.425489736108618
31.14,5.304904657107869,5.443643116202937,6.199967067945986,6.496174724253367,6.059809633209619,5.426340754012448
31.16,5.30779601119965,5.444060403768644,6.20086269410156,6.498462885525468,6.065665229819996,5.431392880485715
31.18,5.310405830750792,5.449059980778394,6.205878203480559,6.502086811507311,6.0656881474831,5.432313298171485
31.2,5.313246667158461,5.449592363950978,6.206833253550365,6.504429678243116,6.0716673650795,5.437300204443222
31.220000000000002,5.315911274618674,5.4544768187908685,6.211793519763722,6.507994489605863,6.071768039708241,5.438281773180277
31.240000000000002,5.318693022585465,5.455124181205047,6.212799362415431,6.510400754907027,6.077080550310179,5.4432119269364145
31.26,5.321420774435674,5.45989405376716,6.217713211594058,6.513897800389139,6.07730785249932,5.444246155076209
31.28,5.3241353172467845,5.460655445977975,6.218760839030782,6.5163758650713195,6.0824945646806015,5.449128240766449
31.3,5.326934085145898,5.465312106780425,6.223637443423224,6.519797191145938,6.082846729222981,5.450206073993251
31.32,5.329573818105559,5.466185752318734,6.224717537224178,6.521895691301337,6.08790980016609,5.455049299748522
31.34,5.332450936254259,5.470731393322933,6.229561816398853,6.525224385463718,6.088379659000162,5.4561613901507044
31.36,5.335008819522566,5.471714746373494,6.230669233946203,6.527418928433512,6.093326374327514,5.460975269660186
31.38,5.337971032614958,5.476152275922661,6.235491212599901,6.530648656596045,6.093910935598157,5.462111955791256
31.400000000000002,5.340440639357437,5.477242031412266,6.236615859044361,6.532945254455885,6.098744684997185,5.46690623125649
31.42,5.343494056271206,5.481575153458415,6.241425675175137,6.53607031248583,6.099440160684576,5.46805770607205
31.44,5.345869618686696,5.482767223909482,6.242557377457012,6.5384743243945,6.104165117030594,5.472842229906562
31.46,5.349019667780713,5.487000409920558,6.247365213816696,6.541489683103329,6.104966950526605,5.473998610652144
31.48,5.351296119306654,5.488289956234792,6.248493789527897,6.544005772911153,6.1095880396003315,5.478783275144503
31.5,5.354547508706499,5.49242841166252,6.253309804518044,6.5469071178213225,6.110490938760763,5.479934674026643
31.52,5.35672052107982,5.493809879229157,6.25442513105688,6.549539217027564,6.115013803588238,5.4847293404834
31.54,5.360077204249864,5.497859504785519,6.259259389590142,6.552322982678723,6.1160117790474295,5.485865935602985
31.560000000000002,5.362143219144905,5.4993266646463885,6.26035147308871,6.555074258958501,6.120442739094948,5.490680363495874
31.580000000000002,5.3656083660057625,5.5032940126758785,6.265213877933124,6.557737657549605,6.12152914759094,5.491792469517034
31.6,5.3675646210118035,5.504840007441742,6.266272921443649,6.56061048903554,6.125875153085397,5.496636246162453
31.62,5.37114059481956,5.508732233713125,6.271173145558768,6.563151533235314,6.1270427455067855,5.497714384188748
31.64,5.3729851435639615,5.510349627890615,6.272189615995505,6.566147488702723,6.1313113271879445,5.502596855486832
31.66,5.376673483723242,5.51417443916524,6.277137036357674,6.568565008497805,6.132552301018197,5.503631821619212
31.68,5.378405209991328,5.515855273521835,6.278101729704067,6.57168483356499,6.136751515664094,5.5085620243752125
31.7,5.382206620928477,5.519620871285919,6.283105363103294,6.573978487052713,6.138057571465488,5.509544956432986
31.720000000000002,5.383825246677705,5.521356720851841,6.284009467410642,6.577222096469818,6.142195943564665,5.514531552774515
31.740000000000002,5.38773959285337,5.525071741626975,6.289077908683888,6.579392374541012,6.143558345112398,5.515453994671561
31.76,5.389245680066694,5.52685377690772,6.289913064406771,6.582758850602276,6.147644805087118,5.520505209062154
31.78,5.393271987159555,5.530527229576983,6.295054427551687,6.584807075498326,6.149054442735195,5.5213591723462
31.8,5.394666933530552,5.53234628052883,6.2958127847874525,6.5882946725736335,6.153098262147631,5.526482731678024
31.82,5.398803395776147,5.535987481135668,6.301034647377788,6.590222990341118,6.154545718981383,5.527260753760068
31.84,5.400089424266154,5.53783410343861,6.301708919601522,6.593829145483365,6.1585564431799735,5.5324638309870915
31.86,5.404333417887293,5.541452607931379,6.307018270899755,6.595640512388997,6.160032063486536,5.5331590296118796
31.88,5.405513560242034,5.543317151080035,6.307601784812934,6.599361861934664,6.1640194421718055,5.538448191359082
31.900000000000002,5.409861662860515,5.546922686487294,6.313004977948156,6.601060024942392,6.165970134238876,5.539054314895
31.92,5.4109397372197945,5.548795363209974,6.313491719087706,6.604897064393937,6.169953398023191,5.544430822380007
31.94,5.415387707642604,5.552397757739942,6.318994472566608,6.606482167899177,6.17190381627711,5.54494668304938
31.96,5.416368380254414,5.554268713350844,6.3193790378115535,6.610429631353289,6.175892199442309,5.550416122191008
31.98,5.42091119746003,5.5578778285873245,6.324986388605497,6.611907274367196,6.17783307377564,5.550836510871075
32.0,5.4217998484211325,5.559737209161522,6.325264121588705,6.615959210061797,6.181835842787547,5.556403703713467
32.02,5.426431795254569,5.563362869919098,6.330980344698771,6.617335660545472,6.183757907134579,5.556724190226725
32.04,5.4272344806086545,5.565200893251397,6.3311473658668245,6.621485468042032,6.187784288445862,5.562393165002692
32.06,5.431949184227671,5.568852816916615,6.336975946796951,6.622767623156311,6.189678352800739,5.5626101254393925
32.08,5.432672593024493,5.5706598427610645,6.337029178210533,6.627008095562392,6.193737461073278,5.568384092078146
32.1,5.437463070216536,5.574347569600073,6.342972790801394,6.62820343703269,6.195594482838643,5.568494730563179
32.12,5.438114476880757,5.576114168708584,6.343035606117341,6.632982882733478,6.1996952500996665,5.574376061850406
32.14,5.442973183885921,5.579846993617925,6.348385669226258,6.634108642621934,6.201510934786542,5.574378426568817
32.160000000000004,5.443560396276169,5.581563790627599,6.34857408610587,6.638954139163629,6.205657619173665,5.580368598410152
32.18,5.448479279993987,5.58535095889944,6.353798439366447,6.640017951112692,6.20742307612809,5.580475515959129
32.2,5.449010589840335,5.587009086434197,6.35411256023588,6.644921436288133,6.211624379535824,5.585790539492722
32.22,5.453981326667518,5.590859262475969,6.3592114974073315,6.645931581152607,6.213330917848555,5.5860111181337
32.24,5.454465271521162,5.592450269354535,6.359650611650566,6.6508845677307225,6.217595304814703,5.5912128475912635
32.26,5.459478944921992,5.596371669321415,6.364625239634178,6.651849722513149,6.219234875139989,5.591546264172543
32.28,5.459924614228058,5.597887578982789,6.365187825553545,6.656843359777837,6.223570147640775,5.596635946975366
32.3,5.464971982796087,5.601887917652016,6.370040059515393,6.657772531083899,6.225135197965887,5.59708054083987
32.32,5.46538875738661,5.6033212817700795,6.370723792246572,6.662797670475005,6.229548632485229,5.602060255978164
32.34,5.470460321031105,5.607407718854763,6.3754563447846495,6.663700129608303,6.231032162870044,5.602613542212079
32.36,5.470857805985275,5.608751669158722,6.376258110050885,6.668747390658907,6.235530457611565,5.607486183954112
32.38,5.475943873900375,5.612930759531329,6.3808744746058865,6.66963260673332,6.236926070995594,5.60814487257368
32.4,5.476331829874685,5.614179055544009,6.3817903881750055,6.674692444762937,6.241515297226944,5.612914128310333
32.42,5.481422589792102,5.618456703710819,6.386294816799537,6.675570016298707,6.242817245917235,5.613674149233875
32.44,5.481810863322529,5.619603776078061,6.387320249510154,6.680632791388372,6.247502803817281,5.618344471633827
32.46,5.486896451543448,5.623985195215959,6.391717725148097,6.681512376873208,6.248706031302668,5.619201005242495
32.480000000000004,5.48729490482531,5.625026184330997,6.39284733333456,6.686568423634667,6.253492610648698,5.623777578936039
32.5,5.492365476525429,5.629515860166526,6.397143536799013,6.687459671543285,6.254592788420851,5.6247250919849225
32.52,5.492783917176117,5.630446649825546,6.398371297908447,6.692499369184442,6.259484334416234,5.629213795034948
32.54,5.497829716480137,5.635048309603025,6.402572569782246,6.693411847957842,6.2604778935160965,5.630246081637037
32.56,5.498277827786221,5.635865555461738,6.403891822941704,6.698425690140121,6.265477578019588,5.634653442093845
32.58,5.50328925711324,5.640582142213129,6.4080051206596105,6.699368818630873,6.26636173506807,5.635763669462238
32.6,5.503776529256113,5.641283294848985,6.4094086119170735,6.704347482611591,6.2714719334444045,5.640096817334142
32.62,5.508744217446528,5.6461169471427555,6.413441462322251,6.705330461501696,6.272244710958924,5.641277575934306
32.64,5.509279880190372,5.646700269563316,6.41492139425222,6.710264876055766,6.277466984726775,5.645544190938276
32.660000000000004,5.514194748936725,5.651652306873243,6.418881841951956,6.711296620750485,6.278127225569478,5.646787548671197
32.68,5.514787706248945,5.652116886347927,6.420429927284908,6.716178032371256,6.283462310977878,5.650995804156921
32.7,5.519641034368329,5.657187800145671,6.42432647916104,6.717267107864654,6.284009686827072,5.652293364166817
32.72,5.520299801426172,5.6575335542755365,6.425933998066416,6.7220871447530675,6.289457489445203,5.656451867633101
32.74,5.525083286529404,5.662723004913172,6.429775564324848,6.723241702949821,6.289892503227971,5.657794829309113
32.76,5.525815929547295,5.662950681891307,6.43143342494954,6.727992436314637,6.295452098586507,5.661912559953753
32.78,5.530521746680902,5.668257501301734,6.435229257119386,6.72922015627657,6.295776080857489,5.663291782675161
32.8,5.531335825971263,5.668368674355193,6.436928058958459,6.733894158486008,6.301445721132683,5.667378026437747
32.82,5.53595668283084,5.6737908745600185,6.440687685275915,6.735202190052695,6.301660820430849,5.668784095595128
32.84,5.5368591994870915,5.673793818517331,6.442417784929467,6.739792589199425,6.307437947115832,5.6728483781671075
32.86,5.541388387826068,5.679673791468105,6.44615094356248,6.741187500408266,6.307547114377585,5.674271672979333
32.88,5.54238592235793,5.6797916201492775,6.447902709537303,6.745688030874973,6.313428376839298,5.678323691266711
32.9,5.5468171949161365,5.685558703557349,6.45161911052523,6.747175757731281,6.313435343991774,5.679754452077634
32.92,5.547915461131774,5.685787346529494,6.453382593352639,6.75158080983091,6.319416623729531,5.68380400814838
32.94,5.5522434385162835,5.691445989719957,6.457092211117931,6.753166612984054,6.319507370720465,5.685232406855478
32.96,5.553447458704757,5.691780634468348,6.458857427815326,6.757471270350557,6.324845662747217,5.689289333625191
32.980000000000004,5.557667471324601,5.697336012620661,6.462570235863697,6.759159880466056,6.325032940770455,5.690705725785771
33.0,5.558981538757085,5.697771137758386,6.464327238376427,6.763359790322964,6.330277685625958,5.694779647018243
33.02,5.563089663436004,5.703229116122099,6.468053142418366,6.76515498673294,6.3305554718487596,5.696174259063373
33.04,5.56451731233623,5.703758529580407,6.469792088304863,6.769246744857135,6.335713021236611,5.700274881670024
33.06,5.568510396168841,5.709125622789246,6.473540852222853,6.77115153432106,6.336074654634856,5.701638084884889
33.08,5.570054378486187,5.709742504931758,6.475252076205464,6.775132521214723,6.34115197489489,5.70577493620368
33.1,5.573930061365346,5.715025831508043,6.479033252950876,6.777149115068506,6.341590203624124,5.707097314767612
33.12,5.575592327071458,5.715722782823982,6.480707335380263,6.78101751594001,6.346594826186519,5.711279675289346
33.14,5.579349058623671,5.720930015303304,6.48453019921868,6.783147313108546,6.347101859142059,5.712552092712743
33.160000000000004,5.581130741663164,5.721699108319261,6.4861580329321304,6.7869021319230205,6.352041826986079,5.716788930645513
33.18,5.584767792477737,5.726838419332693,6.490031513543327,6.789145707919822,6.352609389166252,5.718002594143969
33.2,5.586669202468636,5.727671254390125,6.491604368615839,6.79278677541835,6.357493199683037,5.722302502267135
33.22,5.590186669543377,5.7327512590720815,6.495536987543545,6.795143877409543,6.358112590943687,5.723449024630081
33.24,5.592207289285284,5.733639023587998,6.4970465734439315,6.798671853042834,6.36294913562677,5.7278201598707525
33.26,5.5956060956492095,5.738668718706305,6.501046383374972,6.801141401005716,6.363611292392926,5.728891618401727
33.28,5.597744584459463,5.739602249507414,6.50248490805688,6.8045577687752,6.368409793800337,5.733341644545472
33.3,5.601026472971078,5.744590949738464,6.5065594353900105,6.807137862734356,6.369105353282069,5.734330636673283
33.32,5.603280675830939,5.745560798033838,6.507919660868866,6.810444920980809,6.373875299731134,5.738866670597817
33.34,5.606448197188861,5.750518069829063,6.512075852010146,6.81313285425796,6.374594666175639,5.739766365782275
33.36,5.608815159643461,5.751514568364429,6.513351146002567,6.8163336994843045,6.379345744644597,5.744394927577177
33.38,5.6118716546844425,5.756450161875278,6.517595317797207,6.8191259778518765,6.380079157145013,5.745199115159372
33.4,5.614347643402131,5.757463493792809,6.518779701028197,6.82222448271237,6.38482118486516,5.749926082467637
33.42,5.617297219799567,5.762387273338634,6.5231174957079014,6.825116849295938,6.385558786238981,5.750629215143166
33.44,5.619877748658281,5.763407542250175,6.524205684523669,6.8281176349282156,6.3903016414670715,5.755459782031262
33.46,5.622725252172034,5.7683294158277745,6.5286420295146215,6.831105100659589,6.391033547712838,5.756057014654713
33.480000000000004,5.625405113702951,5.769346716597,6.529629473474384,6.834013503578422,6.395787100175683,5.760995655286965
33.5,5.628156094168477,5.774276564941387,6.534168546374015,6.837090382959697,6.396503470015852,5.761482878747337
33.52,5.630929396150431,5.775281054661565,6.535051460532688,6.839912416771632,6.401277511518,5.766533316108346
33.54,5.633590068431455,5.780228660374056,6.539696659523379,6.843072368671601,6.4019686155389985,5.766907186048134
33.56,5.636450275393735,5.781210629023056,6.540472051158081,6.845814680907478,6.406772791219841,5.772072365923461
33.58,5.639027475558094,5.78618560628609,6.545225971083975,6.849050754075277,6.407429080126277,5.772330326107978
33.6,5.641967454914498,5.787135546539189,6.545891660660423,6.851720578472669,6.412272820845189,5.777612396498787
33.62,5.644468591927004,5.792147271936286,6.550756074949331,6.855025261419855,6.412884992354339,5.777752696677393
33.64,5.647480664430704,5.7930559476204095,6.551310711169247,6.857630366019525,6.417777448671558,5.783152992789189
33.660000000000004,5.6499136676891855,5.7981134925743545,6.556286559735947,6.8609956408916934,6.4183365125869924,5.78317470092607
33.68,5.652989661866073,5.7989720052543765,6.556729628552792,6.863544272341025,6.423286490794271,5.788693735835444
33.7,5.655362924937978,5.804084070587731,6.5618170117732895,6.866961672372598,6.423783831812198,5.788790727046765
33.72,5.658494235126441,5.804883923786964,6.562148839310877,6.869462496854238,6.4287997324505435,5.794568075151506
33.74,5.660816372506006,5.810058776895537,6.567347018109661,6.872923166976612,6.429226989497474,5.79478711013793
33.76,5.663994193898366,5.8107919393106755,6.567568767465795,6.8753852100170665,6.434316919882689,5.800443173792779
33.78,5.6662743675844975,5.816037350843719,6.572876169473717,6.878879966647031,6.435123801757929,5.800782588100361
33.8,5.669489391324562,5.816696313947694,6.572989831546954,6.881308034582919,6.440304846068159,5.806324012098613
33.82,5.671737083229263,5.822019505757153,6.578404109053126,6.88483183861312,6.4410171747012015,5.806777025888613
33.84,5.6749796700453885,5.822597335277388,6.5784123967976225,6.88723583958142,6.446295688813603,5.81220632471338
33.86,5.677204606783699,5.828004930831841,6.583930436783931,6.8907787008509285,6.4469074187080135,5.812770017144223
33.88,5.680464955662199,5.82849531449888,6.584024008314984,6.893168677664067,6.45228915522691,5.818090511103471
33.9,5.682676992356041,5.833993291378663,6.589821096861636,6.896720505898712,6.452794867736648,5.818761167924369
33.92,5.685945208916781,5.834390404643739,6.590079800949034,6.89910639116836,6.458284929428427,5.823976957306083
33.94,5.688154262031904,5.839979608341751,6.595806185104859,6.902652693848655,6.458679878581231,5.824750099336878
33.96,5.691420470281635,5.840283070997514,6.596102994154141,6.905049075313066,6.464282718491896,5.8298660332284244
33.980000000000004,5.693636358332763,5.845972854350533,6.601702385939436,6.908584483897846,6.464562778862628,5.830736450918116
34.0,5.696890723953982,5.846173590875812,6.602089296891647,6.910996591801808,6.470282118589273,5.835758088210864
34.02,5.6991232831133445,5.851967901360923,6.60760167638898,6.914511273847197,6.470444006771034,5.836719882083922
34.04,5.702356036091931,5.8520625421416135,6.608072197286936,6.916949051246009,6.476282760003684,5.8416534522515295
34.06,5.70461495332532,5.85796434646099,6.613504366382194,6.920433156634158,6.476323963309476,5.8427000736141315
34.08,5.707816509952634,5.8579783741260885,6.614051394198556,6.9229063393011945,6.482284262950339,5.847552431668999
34.1,5.710111252445955,5.863381546875985,6.619410740370084,6.926350259169052,6.4823654666543495,5.8486767309045105
34.12,5.713272097126862,5.8635101022174485,6.620026799376954,6.9288683097545585,6.487697225218201,5.85345530684989
34.14,5.7156120153549095,5.868798260124962,6.625321071131297,6.932262559639497,6.487905607196348,5.854649765799506
34.160000000000004,5.718723162822637,5.869042143378463,6.625997973588753,6.934834772206064,6.493110173781534,5.859362337359347
34.18,5.7211170607081625,5.874214909092263,6.6312355869392325,6.9381704420667285,6.4934457029472465,5.86061874352276
34.2,5.7241699101408,5.8745740865246345,6.631964702990567,6.9408055209619715,6.498523504364909,5.865273745062501
34.22,5.72662617835997,5.879631917620194,6.637154483611268,6.944074128454471,6.498985334191731,5.866583456329741
34.24,5.72961257333141,5.880105521008785,6.637926805734137,6.946780321662562,6.503937612857658,5.8711897204048835
34.26,5.732139128787409,5.8850497073250185,6.643077925227189,6.949973870011242,6.504524083550111,5.872543727981136
34.28,5.73505141614886,5.885636039658102,6.643884133202377,6.952299809081108,6.509352892324834,5.877110420987975
